key,0,1,2,3,4,5,6,7,8,9,10
#,Quest,,UITab,Category,,QuestRedoUISmall,QuestRedoUILarge,QuestRedoUIWide,ChapterName,ChapterPart,Transient
int32,Quest,uint32,QuestRedoChapterUITab,QuestRedoChapterUICategory,byte,Image,Image,Image,str,str,str
0,0,0,0,0,0,0,0,0,"","",""
1,66060,0,1,30,1,114766,114166,114466,"A Realm Reborn - Kapitel 1","Kapitel 1","Eorzea, der Kontinent, von dem es heißt, dass er von den Göttern geliebt wird. Hier beginnt die Reise <If(PlayerParameter(4))>einer einzelnen Heldin<Else/>eines einzelnen Helden</If>. Vom Urkristall als <If(PlayerParameter(4))>Kriegerin<Else/>Krieger</If> des Lichts berufen, zieht <If(PlayerParameter(4))>sie<Else/>er</If> hinaus, um das weite Land zu erkunden. Lüstet es <If(PlayerParameter(4))>sie<Else/>ihn</If> nach Macht oder nach Ruhm? Oder ist es einfach nur die Sehnsucht nach dem Abenteuer? Mit der Zeit wird es sich zeigen, was <If(PlayerParameter(4))>ihr<Else/>sein</If> Herz wirklich bewegt."
2,66060,0,1,30,2,114767,114167,114467,"A Realm Reborn - Kapitel 2","Kapitel 2","Nachdem <If(PlayerParameter(4))>die Kriegerin<Else/>der Krieger</If> des Lichts eine Weile durch die Welt Eorzeas gereist ist und dabei die drei Stadt<SoftHyphen/>staaten besucht hat, wird <If(PlayerParameter(4))>ihr<Else/>ihm</If> langsam bewusst, dass das Land vor gewaltigen Heraus<SoftHyphen/>forde<SoftHyphen/>rungen steht. Auf <If(PlayerParameter(4))>ihren<Else/>seinen</If> Reisen begegnet <If(PlayerParameter(4))>sie<Else/>er</If> dem Mitglied einer geheimen Vereinigung, dem „Bund der Morgenröte“. Sie scheinen die Antwort auf einige der dringendsten Fragen zu haben: Was ist diese mysteriöse „Kraft des Transzendierens“? Und was hat es mit diesem Phantom auf sich, dem <If(PlayerParameter(4))>sie<Else/>er</If> begegnet ist?"
3,66060,0,1,30,3,114768,114168,114468,"A Realm Reborn - Kapitel 3","Kapitel 3","Der Primae Ifrit war eine Bedrohung für die Sicherheit ganz Eorzeas, die nun Dank <If(PlayerParameter(4))>der Abenteurerin<Else/>des Abenteurers</If> gebannt ist. Wie es sich herausstellt, walten hinter dem Auftauchen dieses Ungeheuers üble Kräfte, in Gestalt der Boten der Finsternis: den Ascians. Und es ist die Bestimmung <If(PlayerParameter(4))>der Kriegerin<Else/>des Kriegers</If> des Lichts, ihre Pläne zu durchkreuzen. Das Ziel ist klar: der Ascian Lahabrea muss gestoppt werden."
4,66060,0,1,30,4,114769,114169,114469,"A Realm Reborn - Kapitel 4","Kapitel 4","Mit der Unterstützung des Heeres der Helden konnte der Primae Titan bezwungen werden. Y'shtola verspürte während des heftigen Kampfes die Präsenz einer verborgenen Entität. Und in der Tat, das Garleische Kaiserreich scheint im Bunde mit den Ascians zu stehen. Gemeinsam mit <If(PlayerParameter(4))>der Kriegerin<Else/>dem Krieger</If> des Lichts geht es zurück ins Hauptquartier des Bundes, um einen Plan auszuarbeiten, doch es kommt anders<Indent/>..."
5,66996,0,1,30,5,114770,114170,114470,"7. Ära des Lichts - Kapitel 1","7. Ära - Kapitel 1","Die Exegeten haben die erbitterte Schlacht um das Castrum Meridianum für sich entschieden. Die Welt kann nun endgültig die finstere Zeit der Siebten Katastrophe hinter sich lassen und einer besseren Zukunft entgegenblicken. Auch für den Bund der Morgenröte, der Eorzea vor einem dunklen Schicksal bewahrte, bedeutet dies ein großer Schritt zur Erfüllung seiner Ziele. Doch schon tut sich eine neue Bedrohung auf, die das Können der Exegeten auf die Probe stellen wird."
6,65964,0,1,30,6,114771,114171,114471,"7. Ära des Lichts - Kapitel 2","7. Ära - Kapitel 2","Auch wenn nun die Siebte Ära des Lichts angebrochen ist, Eorzea ächzt im Angesicht der zahllosen Bedrohungen, die sich auftun. Die Wilden Stämme und die Primae, das Verschwinden der Insel Val, allen Ortes das unendliche Leid der Entwurzelten und nun auch noch Häretiker in Coerthas. Die von Alphinaud ins Leben gerufenen „Kristallstreiter“ können allein nicht all der Probleme, die sich in Eorzea auftun, Herr werden. "
7,67205,0,1,1,1,114701,114101,114401,"Heavensward - Kapitel 1","Kapitel 1","Übler Verrat aus den Schatten von Ul'dah hat die Exegeten getrennt und <If(PlayerParameter(4))>die Kriegerin<Else/>den Krieger</If> des Lichts gezwungen, Zuflucht im kalten Norden von Eorzea zu suchen. Lord Haurchefant gewährt <If(PlayerParameter(4))>der Heldin<Else/>dem Helden</If> Zuflucht, doch wie viel Sicherheit kann ein Staat bieten, der sich in einem tausendjährigen Krieg mit unsterblichen Drachen befindet?"
8,67205,0,1,1,2,114702,114102,114402,"Heavensward - Kapitel 2","Kapitel 2","Tief im Reich der Drachen stehen die Helden Angesicht zu Angesicht mit dem Großen Drachen Hraesvelgr, der ihnen die schockierenden Hintergründe des Drachenkriegs offenbart: Es war ein Verrat der Sterblichen, welcher den Frieden zwischen Ishgard und den Drachen zunichte machte. Zusammen mit dem Azur-Drachenreiter macht <If(PlayerParameter(4))>die Kriegerin<Else/>der Krieger</If> des Lichts Jagd auf den unversöhnlichen Drachen Nidhogg."
9,67783,0,1,1,3,114703,114103,114403,"Heavensward - Kapitel 3","Kapitel 3","Auf dem schwebenden Kontinent Azys Lla bringen die Helden den kriegstreiberischen Papst zu Fall und unterbrechen den Kreislauf des Hasses zwischen Ishgard und den Drachen. Der Kirchenstaat aber findet keine Ruhe, denn zu groß ist der Schock über die Wahrheit, zu plötzlich die Erkenntnis der eigenen Schuld."
10,67895,0,1,1,4,114704,114104,114404,"Heavensward - Kapitel 4","Kapitel 4","Nach eintausend Jahren des Blutvergießens und der Trauer beendet <If(PlayerParameter(4))>die Kriegerin<Else/>der Krieger</If> des Lichts den Drachenkrieg mit einer Heldentat: Nidhogg und sein Hass sind besiegt. Ishgards Annalen sind um eine Legende reicher, doch die Geschichte des Kirchenstaats ist noch nicht zu Ende erzählt."
11,68089,0,1,2,1,114705,114105,114405,"Stormblood - Kapitel 1","Kapitel 1","Die Männer und Frauen der eorzäischen Allianz ziehen in den Kampf, um das von dem Garleischen Kaiserreich versklavte Ala Mhigo zu befreien. Der Wind des Aufstands regt sich auch im Fernen Osten, wo mutige Widerstandskämpfer neue Hoffnung für ihr gefallenes Königreich Doma schöpfen."
12,68089,0,1,2,2,114706,114106,114406,"Stormblood - Kapitel 2","Kapitel 2","Jenseits der Rubinsee betreten die Helden das Land Yanxia, das Yotsuyu, die erbarmungslose Statthalterin von Doma, für Garlemald beansprucht. Um Doma endlich zur Freiheit zu verhelfen, ziehen die Helden in die endlosen Weiten der Azim-Steppe, auf der Suche nach dem rechtmäßigen Erben auf den Königstitel."
13,68612,0,1,2,3,114707,114107,114407,"Stormblood - Kapitel 3","Kapitel 3","Ala Mhigo ist befreit und die Zeit des garleischen Jochs vorüber. Nun liegt es an seinen Bewohnern, sich mit den Schatten der Ver<SoftHyphen/>gangen<SoftHyphen/>heit zur versöhnen. Welche Fallen erwarten Lyse beim Wieder<SoftHyphen/>aufbau ihres Landes? Welche Schrecken plagen Fordola in ihrer Zelle? Und welche Zukunft wird Raubahn für sich wählen, jetzt da sich der Traum, den er für seine Heimat hegte, erfüllt hat?"
14,68721,0,1,2,4,114708,114108,114408,"Stormblood - Kapitel 4","Kapitel 4","Ist Zenos von den Toten auferstanden? War er nie tot? Alles deutet auf weitere Machenschaften der Ascians hin, als der Prinz des garleischen Kaiserhauses in Garlemald auftaucht. Ein Bote trifft im Sonnenstein ein und bringt Neuigkeiten, welche die Exegeten auf eine neue abenteuerliche Reise schicken."
15,69190,0,1,3,1,114709,114109,114409,"Shadowbringers - Kapitel 1","Kapitel 1","Das Garleische Kaiserreich hat seine Provinzen verloren, aber nicht seinen Eroberungswillen. Alle Zeichen stehen auf Krieg, doch <If(PlayerParameter(4))>die Kriegerin<Else/>der Krieger</If> des Lichts ist gezwungen, das Schlachtfeld zu verlassen. Während <If(PlayerParameter(4))>ihre<Else/>seine</If> Gefährten in einem rätselhaften Schlummer daliegen, folgt <If(PlayerParameter(4))>die Heldin<Else/>der Held</If> einem Ruf durch Raum und Zeit in eine andere Welt: den ersten Splitter."
16,69190,0,1,3,2,114710,114110,114410,"Shadowbringers - Kapitel 2","Kapitel 2","<If(PlayerParameter(4))>Die Kriegerin<Else/>Der Krieger</If> der Dunkelheit und <If(PlayerParameter(4))>ihre<Else/>seine</If> Freunde haben dem Großen Wald Rak'tika die Nacht zurückgebracht, doch der Rest von Norvrandt leidet weiterhin unter dem ewigen Licht und den Sünden<SoftHyphen/>ver<SoftHyphen/>tilgern. Die Helden stellen sich einer Heraus<SoftHyphen/>forde<SoftHyphen/>rung nach der anderen, immer gefolgt von dem Ascian Emet-Selch, der ihnen schockierende Wahrheiten offenbart. Sind seine Worte nur Teil seines undurchsichtigen Spiels?"
17,65580,0,3,4,1,114711,114111,114411,"Die Verschlungenen Schatten von Bahamut","Bahamut","Es war das Projekt Meteor, mit dem Legatus Nael van Darnus Bruchstücke des unseligen Mondes Dalamud tief in eorzäischen Boden stürzen ließ. Sie formten ein unterirdisches Labyrinth, in dem die Wahrheit über die Siebte Katastrophe darauf wartet, von todesmutigen Abenteurern entdeckt zu werden."
18,66031,0,3,5,1,114712,114112,114412,"Kristallturm","Kristallturm","Mehr, als dass er in Urzeiten von den Allagern errichtet wurde, ist in den alten Schriften nicht über diesen gewaltigen Turm verzeichnet. Während der Siebten Katastrophe erhob sich das Bauwerk glitzernd aus dem Erdreich von Mor Dhona, doch wird es die in ihm schlummernden Geheimnisse einer neuen Generation von Helden preisgeben?"
19,67875,0,3,4,2,114713,114113,114413,"Alexander","Alexander","Die riesige, burgartige Maschine, die bisher still im Thaliak, einem Fluss im dravanischen Hinterland, gelegen hatte, ist an die Oberfläche gekommen. Die Helden Eorzeas versammeln sich vor der neuen Bedrohung, die man ob ihrer Kraft für einen neuen Primae halten kann, um ein fantastisches Abenteuer zu erleben, das sie über die Grenzen der Zeit hinweg führt."
20,67910,0,3,5,2,114714,114114,114414,"Schatten von Mhach","Schatten von Mhach","Niemand kennt die Sieben Himmel besser als die Luftpiraten, die ihre Luftschiffe auf der Suche nach unbekannten Ländern und vergessenen Schätzen durch das endlose Wolkenmeer steuern. Unter ihnen macht ein Gerücht über ein Geisterschiff im Wolkenmeer die Runde: die Nichts-Arche, von Magiern des Altertums einst zur Rettung vor einer drohenden Flutkatastrophe gebaut. Alle Mann klar zum Entern!"
21,67930,0,3,6,1,114715,114115,114415,"Kriegstriade","Kriegstriade","Drei mächtige Primae ruhen eingeschlossen in den schwebenden Inseln von Azys Lla, doch Sephirot, eine der drei Ikonen, erwacht aus seinem Schlaf. Auf Warnung des maskierten Unukalhai hin treten die Helden des Bundes der Morgenröte der neuen Bedrohung entgegen."
22,68693,0,3,4,3,114716,114116,114416,"Omega","Omega","Cid und Nero aktivierten die uralte Omega-Waffe, um Eorzea vor der Zerstörung durch die Primae zu schützen. Der heftige Kampf mit dem erweckten Shinryu trug die Superwaffe in Richtung Gyr Abania, wo sich jede Spur verlor. Nun entbrennt ausgerechnet im Inter<SoftHyphen/>dimen<SoftHyphen/>sio<SoftHyphen/>nalen Riss ein schier undenkbarer Kampf ..."
23,68725,0,3,5,3,114717,114117,114417,"Rückkehr nach Ivalice","Rückkehr nach Ivalice","Kugane bekommt Besuch von der <Emphasis>Prima Vista</Emphasis>, halb Luftschiff, halb Theater<SoftHyphen/>bühne. Die Schau<SoftHyphen/>spiel<SoftHyphen/>truppe garleischer Exilanten führt das Stück „Die Zodiak-Streiter“ in der Hafenstadt des Ostens auf, in dem es um die Rückkehr in das sagenumwobene Königreich von Ivalice geht. Handelt es sich dabei vielleicht um mehr als nur eine Legende?"
24,68702,0,3,6,2,114718,114118,114418,"Der Mythos der vier Tierheiligen","Die vier Tierheiligen","Die Legende des Samurai Tenzen, der zusammen mit vier heiligen Tieren einen Dämonen vertrieb, ist in ganz Othard bekannt. Doch hinter mancher Legende steckt mehr, als es scheint<Indent/>... Welche Geheimnisse warten in der Rubinsee darauf, enthüllt zu werden?"
25,66038,0,2,7,1,114719,114119,114419,"Hildibrands Fälle","Hildibrands Fälle","Man dachte, er habe sein Leben in der Siebten Katastrophe gelassen, doch gegen diesen ehrenwerten Meisterkriminologen ist kein Gras gewachsen. Hildibrand Manderville stellt seine messerscharfe Kombinationsgabe und seinen todsicheren Spürsinn in den Dienst der Bewohner von Eorzea und lässt keinen Fall ungelöst."
26,67908,0,2,7,2,114720,114120,114420,"Hildibrands Fälle (Heavensward)","Hildibrands Fälle (Heavensward)","Hildibrand verabschiedete sich auf dem Luftweg in Richtung Norden und bleibt verschwunden. Seine treue Assistentin Nashu Mhakaracca macht sich auf den Weg ins eisige Ishgard, um ihren Meister zu finden. In welcher misslichen Lage wird sie den kongenialen Kriminologen antreffen?"
27,68704,0,2,7,3,114721,114121,114421,"Hildibrands Fälle (Stormblood)","Hildibrands Fälle (Stormblood)","Diesmal verabschiedete sich Hildibrand mit einem luftigen Hupfer in den Fernen Osten, doch Nasha Mhakaracca ist ihm bereits auf den Fersen. In Kugane angekommen erfährt sie von Gerüchten über den Einsamen Wolf, einen listigen Dieb. Wo ist der Meisterkriminologe bloß, wenn man am ihn am dringendsten braucht?"
28,67900,0,2,8,1,114722,114122,114422,"Sankt Endalim-Theologikum","Sankt Endalim-Theologikum","Die Wahrheit über die Ursache des Drachenkriegs, die <If(PlayerParameter(4))>die Kriegerin des Lichts und ihre<Else/>der Krieger des Lichts und seine</If> Gefährten aufdeckten, hat das historische und religiöse Fundament der Heiligen Stadt erschüttert. Im Zentrum der Kritik steht das Sankt Endalim-Theologikum, seit Jahrhunderten Ishgards altehrwürdige Ausbildungsstätte des orthodoxen Glaubens. Nun scheint der Umbruch unaufhaltsam. Eine harte Probe erwartet die Adepten<Indent/>..."
29,67015,0,2,9,1,114723,114123,114423,"Drachenkrieg (Epilog)","Drachenkrieg (Epilog)","<If(PlayerParameter(4))>Die Kriegerin<Else/>Der Krieger</If> des Lichts stapft in einer Erinnerungsreise durch den Schnee, um sich die Heraus<SoftHyphen/>forde<SoftHyphen/>rungen und Errungenschaften des zu Ende gebrachten Drachenkrieges noch einmal ins Gedächtnis zu rufen."
30,66075,0,7,10,1,114724,114124,114424,"Zimmerer - Kapitel 1","Kapitel 1","In Gridania, dem grünen Herzen des Finsterwaldes, treffen tüchtige Handwerker auf die höchste Form der Holz<SoftHyphen/>ver<SoftHyphen/>arbeitung. Die Zimmerergilde ist nicht nur ein wichtiges Standbein der Stadt selbst, der Gildenmeister Beatin heißt auch Abenteurer von nah und fern willkommen, die sich an seiner Kunst versuchen wollen. Mit seinem Talent und der tiefen Hingabe zum Material stellt Beatin allerlei Gegenstände her, die das Leben der Gridanier bereichern und erleichtern."
31,67537,0,7,10,2,114725,114125,114425,"Zimmerer - Kapitel 2","Kapitel 2","Es gab großen Tumult um Gairhard, einen engen Freund von Gildenmeister Beautin<Indent/>- erst totgeglaubt, rettete ein von <If(PlayerParameter(4))>der Abenteurerin<Else/>dem Abenteurer</If> eigens hergestellter Bogen ihm schließlich das Leben. So kehrte er mehr oder minder heil zurück und für diese außer<SoftHyphen/>ordent<SoftHyphen/>liche Leistung verlieh Beautin den Titel <If(PlayerParameter(4))>der Meisterzimmerin<Else/>des Meisterzimmerers</If>. Nun schickt er <If(PlayerParameter(4))>die Abenteurerin<Else/>den Abenteurer</If> mit einem gebrochenen Speer gen Ishgard, um ihn seinem rechtmäßigen Besitzer zuzuführen."
32,67981,0,7,10,3,114726,114126,114426,"Zimmerer - Kapitel 3","Kapitel 3","Der Speer brachte <If(PlayerParameter(4))>die Abenteurerin<Else/>den Abenteurer</If> zu dem Ishgarder Barthovieu, dem <If(PlayerParameter(4))>sie<Else/>er</If> letztendlich selbst einen meisterhaften Speer baute. Mit dessen Hilfe erschlug Barthovieu jenen Drachen, der einst seinem Vater das Leben raubte, und wurde ehrenhaft in die Reihe der Tempelritter aufgenommen. Der Weg <If(PlayerParameter(4))>der Abenteurerin<Else/>des Abenteurers</If> führt <If(PlayerParameter(4))>sie<Else/>ihn</If> nun weiter nach Hingashi, wo <If(PlayerParameter(4))>sie<Else/>ihn</If> die östlichen Künste der Zimmerei erwarten."
33,65838,0,7,11,1,114727,114127,114427,"Grobschmied - Kapitel 1","Kapitel 1","Die Geschichte der limsischen Schmiedekunst ist eng mit den Piraten und den Kobolden verbunden. Auf stetigen Austausch von Techniken und Kenntnissen achtet auch der ansässige Gildenmeister Brithael, der mehr als willig scheint, <If(PlayerParameter(4))>die Abenteurerin<Else/>den Abenteurer</If> in den Künsten der Grobschmiederei zu unterrichten. So man sich denn als fähig erweist<Indent/>..."
34,67547,0,7,11,2,114728,114128,114428,"Grobschmied - Kapitel 2","Kapitel 2","Die vielen, vielen Auftragsarbeiten für den Händler Faezahl haben <If(PlayerParameter(4))>die Abenteurerin<Else/>den Abenteurer</If> einiges gelehrt und die Schmiedekünste geschliffen. Das erkennt auch Brithael, der <If(PlayerParameter(4))>sie<Else/>ihn</If> zu <If(PlayerParameter(4))>einer Grobschmiedemeisterin<Else/>einem Grobschmiedemeister</If> erklärt und auch prompt einen neuen Kontakt parat hält. Man soll sich doch bitte an einen hochrangigen Adeligen in Ishgard wenden<Indent/>..."
35,68155,0,7,11,3,114729,114129,114429,"Grobschmied - Kapitel 3","Kapitel 3","In Ishgard unterstützt <If(PlayerParameter(4))>die Abenteurerin<Else/>der Abenteurer</If> Baronin Laurisse Jervaint dabei, die Ehre ihres gefallenen Hauses wie<SoftHyphen/>der<SoftHyphen/>her<SoftHyphen/>zu<SoftHyphen/>stel<SoftHyphen/>len. Dafür bedarf es all <If(PlayerParameter(4))>ihrer<Else/>seiner</If> Schmiedekünste, um das Familienschwert zu neuem Glanz zu bringen und der Adeligen so zu einem Tempelritter-Rang zu verhelfen. Mit dieser guten Tat kehrt <If(PlayerParameter(4))>sie<Else/>er</If> Ishgard nun aber den Rücken und wendet sich gen Osten, wo weitere Heraus<SoftHyphen/>forde<SoftHyphen/>rungen warten."
36,65820,0,7,12,1,114730,114130,114430,"Plattner - Kapitel 1","Kapitel 1","Die hochspezialisierten Plattner und ihre Gilde entstammen Limsa Lominsas berühmter Schmiedekunst. Ihre Speerpitze ist Gildenmeisterin H'naanza, die genauso viel auf Tradition wie auf die Qualität ihrer Rüstungen gibt. <If(PlayerParameter(4))>Die Abenteurerin<Else/>Der Abenteurer</If> trifft auf einen ihrer Lehrlinge, der <If(PlayerParameter(4))>ihre<Else/>seine</If> Neugier auf diese besondere Form des Schmiedens weckt<Indent/>..."
37,67578,0,7,12,2,114731,114131,114431,"Plattner - Kapitel 2","Kapitel 2","Die herausragenden Fä<SoftHyphen/>hig<SoftHyphen/>kei<SoftHyphen/>ten als <If(PlayerParameter(4))>Plattnerin<Else/>Plattner</If> beeindruckten nicht nur Admiral Merlwyb selbst, sie brachten <If(PlayerParameter(4))>der Abenteurerin<Else/>dem Abenteurer</If> auch den Sieg über Blanstyr im Gildenwettstreit ein. Das hat Blanstyr auf den Boden der Tatsachen zurückgeholt und der hitzköpfige Roegadyn konnte sogar den ein oder anderen Kniff lernen."
38,68134,0,7,12,3,114732,114132,114432,"Plattner - Kapitel 3","Kapitel 3","Blanstyr hat sich zu einer regelrechten Plattner-Koryphäe entwickelt, die Aufträge nehmen gar kein Ende! Doch der rastlose Roegadyn verfolgt höhere Ziele<Indent/>- man soll in den Fernen Osten reisen, wo er durch kulturellen Austausch auf gänzlich neue Techniken und Methoden hofft."
39,66194,0,7,13,1,114733,114133,114433,"Goldschmied - Kapitel 1","Kapitel 1","Ul'dah ist als das funkelnde Juwel Thanalans bekannt, nicht zuletzt durch ihren Reichtum an Gold, Silber und Edelsteinen. Es gäbe keinen passenderen Sitz für die Gilde der Goldschmiede, angeführt von ihrer edlen Meisterin Serendipity. Gemeinsam mit ihrer scharfzüngigen Assistentenmarionette lehrt sie die Kunst des Goldschmiedens all jenen, die sich der fordernden Kunst gewachsen fühlen."
40,67610,0,7,13,2,114734,114134,114434,"Goldschmied - Kapitel 2","Kapitel 2","Der verrufene Jadefuchs ist endlich gefasst und die Marionette Gigi repariert<Indent/>- all das dank der  nimmermüden Bemühungen <If(PlayerParameter(4))>der Abenteurerin<Else/>des Abenteurers</If>! Serendipity ist tief beeindruckt von <If(PlayerParameter(4))>ihrer<Else/>seiner</If> Entwicklung und macht deutlich, dass <If(PlayerParameter(4))>sie<Else/>er</If> alles von ihr gelernt hat, was es zu lernen gibt. Daher stellt sie <If(PlayerParameter(4))>ihr<Else/>ihm</If> dem Schmuckhändler Eshtaime vor, um <If(PlayerParameter(4))>ihren<Else/>seinen</If> Werdegang auch weiterhin zu fördern."
41,68139,0,7,13,3,114735,114135,114435,"Goldschmied - Kapitel 3","Kapitel 3","Man hat sich der schier unmöglichen Heraus<SoftHyphen/>forde<SoftHyphen/>rung gestellt, zwei miteinander harmonierende Spieldosen herzustellen, die das Jubiläum eines ganz besonderen Pärchens feiern sollen. Diese Meisterwerke haben den Ruf <If(PlayerParameter(4))>der Abenteurerin<Else/>des Abenteurers</If> weit getragen, bis an die Ohren einer sehr speziellen Auftraggeberin<Indent/>..."
42,65602,0,7,14,1,114736,114136,114436,"Gerber - Kapitel 1","Kapitel 1","Seit Jahrhunderten ist der Finsterwald das Herz der eorzäischen Jagdbräuche und Gridania somit der unangefochtene Mittelpunkt der Lederverarbeitung. Beinahe genauso alt ist die Gerbergilde, angeführt von der genialen Gildenmeisterin Geva. Nichts ist für sie wichtiger als das Leben zu ehren, aus dem ihre Kunst entsteht. Doch nicht alle Gerber teilen ihre noblen Ansichten."
43,67615,0,7,14,2,114737,114137,114437,"Gerber - Kapitel 2","Kapitel 2","Lange lagen <If(PlayerParameter(4))>die Abenteurerin<Else/>der Abenteurer</If> und Geva im Clinch mit der neuen Ledermarke Angrbotha, die trotz Betrügerei und Ruchlosigkeit letztlich den Kürzeren ziehen musste. <If(PlayerParameter(4))>Ihre<Else/>Seine</If> Werke waren es, die bei der alles entscheidenden Produktschau allen den Atem raubten und ein für allemal bewiesen, dass Gevas Weg des Gerbens der bessere ist. Nun schickt die Gildenmeisterin <If(PlayerParameter(4))>die Kriegerin des Lichts<Else/>den Krieger des Lichts</If> gen Ishgard, wo eine aufstrebende Händlerin auf <If(PlayerParameter(4))>sie<Else/>ihn</If> wartet."
44,68151,0,7,14,3,114738,114138,114438,"Gerber - Kapitel 3","Kapitel 3","Gemeinsam mit Elde hat <If(PlayerParameter(4))>die Abenteurerin<Else/>der Abenteurer</If> die hohe Kunst der gridanischen Gerberei auch in Ishgard verbreitet und die halbe Stadt mit exquisiten Waren beliefert. Eine Entwicklung, die natürlich auch Gildenmeisterin Gevas Herz höher schlagen lässt. Als <If(PlayerParameter(4))>wahre Meisterin<Else/>wahrer Meister</If> des Fachs erwartet <If(PlayerParameter(4))>die Kriegerin des Lichts<Else/>den Krieger des Lichts</If> nun ein Auftrag von einer hochspezialisierten Forscherin."
45,66190,0,7,15,1,114739,114139,114439,"Weber - Kapitel 1","Kapitel 1","Die Kunst des Webens zieht ihre Fäden quer durch Thanalans Geschichte und ist eng mit dem Reichtum ihrer Hauptstadt verwoben. Doch extrem günstige Importware aus fernen Landen bedroht die lokale Handwerkskunst. Dieser Gefahr stellt sich Duftende Rose, der Meister der Webergilde, mit exquisiter Qualität entgegen. Sein erstes Ziel ist es, Thanalans Minenarbeitern zu besseren Klamotten zu verhelfen."
46,67542,0,7,15,2,114740,114140,114440,"Weber - Kapitel 2","Kapitel 2","Es war ein steiniger Weg, über den der Minenarbeiter Wawarukka und die Händlerstochter Kokomo zueinander gefunden haben. Erst der feinste Zwirn, der Nadel <If(PlayerParameter(4))>der Abenteurerin<Else/>des Abenteurers</If> entsprungen, half der jungen Liebe, ihre zarten Blüten zu entfalten. Duftende Rose ist zwar hingerissen von all dem Fortschritt, hat jedoch mehr zu tun als jemals zuvor und schickt <If(PlayerParameter(4))>die Kriegerin des Lichts<Else/>den Krieger des Lichts</If> daher ins kalte Ishgard, um <If(PlayerParameter(4))>ihre<Else/>seine</If> Künste anderswo zu vertiefen. "
47,67971,0,7,15,3,114741,114141,114441,"Weber - Kapitel 3","Kapitel 3","In Ishgard wartet Averil, eine junge Adelige, die an der Weberei selbst wenig Interesse hat. Stattdessen näht <If(PlayerParameter(4))>die Abenteurerin<Else/>der Abenteurer</If> ihr die passenden Gewänder, damit sie ihrem Liebsten als Heilerin auf dem Schlachtfeld zur Seite stehen kann. Nachdem sich das Paar verabschiedet hat, hält Duftende Rose auch schon den nächsten Kontakt bereit."
48,66186,0,7,16,1,114742,114142,114442,"Alchemist - Kapitel 1","Kapitel 1","Frondales Physiatrische Akademie in Ul'dah ist eine Hochburg der Medizin und Alchemie. So ist es nicht verwunderlich, dass sich die klügsten Köpfe um den exzentrischen, genialen Severian scharten und der kurzerhand die Alche<SoftHyphen/>misten<SoftHyphen/>gilde gründete. Eben jener Gildenmeister verpflichtet <If(PlayerParameter(4))>die Abenteurerin<Else/>den Abenteurer</If> nun, ihm bei der Erforschung des größten alchemistischen Geheimnisses zu assistieren."
49,67605,0,7,16,2,114743,114143,114443,"Alchemist - Kapitel 2","Kapitel 2","Vor Severian ist wirklich kein Geheimnis sicher und der scharfsinnige Forscher schafft es tatsächlich, seine verstorbene Geliebte von den Toten wiederauferstehen zu lassen. Zumindest lange genug für ein kurzes, warmes Wieder<SoftHyphen/>sehen, das ihn von seiner schweren Last befreit. Nun steckt er voller neuem Tatendrang und betraut <If(PlayerParameter(4))>die Abenteurerin<Else/>den Abenteurer</If> mit einer oberflächlich sehr trivialen Aufgabe."
50,67976,0,7,16,3,114744,114144,114444,"Alchemist - Kapitel 3","Kapitel 3","Gemeinsam mit Wiltwaek und Chanene hat <If(PlayerParameter(4))>die Kriegerin des Lichts<Else/>der Krieger des Lichts</If> <If(PlayerParameter(4))>ihre<Else/>seine</If> investigative Seite erkundet und letztlich einen garstigen Mörder gestellt. Einfach war die Sache nicht, doch alchemistisches Fachwissen hat viel zu einem guten Ende beigetragen. Severian wartet allerdings gleich mit der nächsten morbiden Aufgabe<Indent/>- es geht um einen nicht verwesenden Leichnam auf Ul'dahs Friedhof."
51,65806,0,7,17,1,114745,114145,114445,"Gourmet - Kapitel 1","Kapitel 1","Die Berge, das Meer und blühender Handel - Limsa Lominsa hat die beste Kombination an Zutaten, die es für eine vielfältige und exquisite kulinarische Geschichte braucht. So ist es nicht verwunderlich, dass sich die Gourmet-Gilde in dem Stadt<SoftHyphen/>staat niedergelassen hat und im Restaurant Bismarck auch bestens vertreten ist. Chefkoch des Ganzen ist Lyngsath, der seine köstlichen Kreationen auch willigen <If(PlayerParameter(4))>Aben<SoftHyphen/>teu<SoftHyphen/>re<SoftHyphen/>rin<SoftHyphen/>nen<Else/>Abenteurern</If> nicht verwehrt."
52,67583,0,7,17,2,114746,114146,114446,"Gourmet - Kapitel 2","Kapitel 2","Man tischt Sultana Nanamo die erlesensten Speisen auf und erfreut damit nicht nur ihren Gaumen, sondern durchkreuzt damit auch die finsteren Pläne von Lolorito. Der Ruf der Gourmet-Gilde ist gerettet und <If(PlayerParameter(4))>die Kriegerin des Lichts<Else/>der Krieger des Lichts</If> erweist sich als wahrlich<If(PlayerParameter(4))>e Meisterköchin<Else/>er Meisterkoch</If>! Lyngsath ist ähnlich begeistert von diesem Können und will <If(PlayerParameter(4))>sie<Else/>ihn</If> den Leichtblütigen Sirenen vorstellen, um <If(PlayerParameter(4))>ihren<Else/>seinen</If> Ruf weiter zu verbreiten."
53,68144,0,7,17,3,114747,114147,114447,"Gourmet - Kapitel 3","Kapitel 3","Eigentlich bestand nie ein Zweifel daran, dass H'mhasi Tia beim Kochwettbewerb geschlagen und der hochmütige Chefkoch auf den Kuchenboden der Tatsachen geholt wird. So erzielt <If(PlayerParameter(4))>die Kriegerin des Lichts<Else/>der Krieger des Lichts</If> die höchste Punktzahl beim Dellemont d'Or, die jemals verzeichnet wurde, und geht so in Limsa Lominsas kulinarische Geschichte ein. Doch diese köstliche Reise scheint noch längst nicht zu Ende, als ein Bewunderer auftaucht und <If(PlayerParameter(4))>sie<Else/>ihn</If> dazu ermutigt, <If(PlayerParameter(4))>ihren<Else/>seinen</If> Horizont im Osten zu erweitern."
54,66182,0,8,18,1,114748,114148,114448,"Minenarbeiter - Kapitel 1","Kapitel 1","Unter Thanalans trockener Erde schlummern unzählige Mineralvorkommen, die vor allem dem Stadt<SoftHyphen/>staat Ul'dah zu immensem Reichtum verhelfen. Doch diejenigen, die die Schätze der Erde bergen, profitieren davon meist wenig. Ihre Interessen vertritt die Minenarbeitergilde mit Meisterin Adalberta als ihre Speerspitze. Ihr soll <If(PlayerParameter(4))>die Abenteurerin<Else/>der Abenteurer</If> im Austausch für ihr enormes Fachwissen dabei helfen, einen Konflikt mit der Amajina Bergbau AG zu lösen."
55,67620,0,8,18,2,114749,114149,114449,"Minenarbeiter - Kapitel 2","Kapitel 2","Dank des beherzten Einsatzes mehrerer Spitzhacken gelang es <If(PlayerParameter(4))>der Kriegerin des Lichts<Else/>dem Krieger des Lichts</If>, letztlich eine Brücke zwischen Adalberta und Tiefe Schlucht von der Amajina Bergbau AG zu bauen. Es war kein leichtes Unterfangen, doch immerhin ein äußerst lehrreiches. Nun wartet Arbeit bei einem von Ishgard angeheuerten Söldnertrupp."
56,68094,0,8,18,3,114750,114150,114450,"Minenarbeiter - Kapitel 3","Kapitel 3","Gemeinsam mit Oschons Räubern hat <If(PlayerParameter(4))>die Abenteurerin<Else/>der Abenteurer</If> die Lande um Ishgard nach wertvollen Mineralvorkommen durchkämmt und dabei nicht nur dem Söldnertrupp zu neuem Aufschwung verholfen, sondern auch ein verloren geglaubtes Familienmitglied aufgespürt. Adalberta ist tief beeindruckt von diesen Fortschritten und schickt <If(PlayerParameter(4))>sie<Else/>ihn</If> sofort gen Frohehalde, wo bereits ein neuer Auftrag wartet."
57,65549,0,8,19,1,114751,114151,114451,"Gärtner - Kapitel 1","Kapitel 1","Der Finsterwald lässt nur diejenigen an seinen reichen Gaben teilnehmen, die die Stimmen der Gebieter hören. Dies ist der Leitsatz von Gridanias Gärtnergilde, die ihr Handwerk unter Fufuchas Leitung und in völligem Einklang mit der Natur betreiben. Nur wer diesem Leitsatz folgt darf die hohe Kunst des Gärtnerns erlernen und einen Einblick in die vielen Geschehnisse tief im Wald erhaschen."
58,67588,0,8,19,2,114752,114152,114452,"Gärtner - Kapitel 2","Kapitel 2","Fufucha war ihres Handwerks müde und von allerlei Sorgen geplagt. Doch die Hingabe zum Gärtnern hat neuerlichen Eifer in ihr entfacht und die Gildenmeisterin erblüht wieder voll und ganz in ihrer Arbeit. Sie hat auch gleich eine neue Aufgabe für <If(PlayerParameter(4))>die Kriegerin des Lichts<Else/>den Krieger des Lichts</If>. Gemeinsam mit einer Reporterin des Wochenmagazins „Der Rabe“ soll <If(PlayerParameter(4))>sie<Else/>er</If> nach Coerthas reisen und als Inspiration für eine Serie von Artikeln dienen."
59,68160,0,8,19,3,114753,114153,114453,"Gärtner - Kapitel 3","Kapitel 3","Gemeinsam mit Basyle, einem Gärtner aus dem Wolkenmeer, hat <If(PlayerParameter(4))>die Abenteurerin<Else/>der Abenteurer</If> der Reporterin Mujih mehr als genug Inspiration geliefert, um ein ausgiebiges Portrait der Gärnerei zu verfassen. Dies verleiht <If(PlayerParameter(4))>ihrem<Else/>seinem</If> eigenen Ruf sprichwörtliche Flügel und Fufucha schickt <If(PlayerParameter(4))>sie<Else/>ihn</If> prompt nach Frohehalde, wo ein neuer Auftrag wartet. "
60,66654,0,8,20,1,114754,114154,114454,"Fischer - Kapitel 1","Kapitel 1","Nirgendwo sind die Fische so frisch wie in Limsa Lominsa! Das weiß auch die hiesige Fischergilde, deren Fangtechniken in ganz Eorzea bekannt sind. Geführt wird sie offiziell von Wawalago, doch im Moment ist es Sisipu, die den Alltag der Gilde schmeißt. Wer bereit ist, die Angel in die Hand zu nehmen, erhält sofort einen ersten Auftrag von ihr."
61,67625,0,8,20,2,114755,114155,114455,"Fischer - Kapitel 2","Kapitel 2","Nach der Sichtung einer enormen Seeschlange wurde ein weitreichendes Angelverbot verhängt, das der Gilde selbst<SoftHyphen/>verständ<SoftHyphen/>lich hart zusetzte. Erst durch das beherzte Eingreifen <If(PlayerParameter(4))>der Abenteurerin<Else/>des Abenteurers</If> gelang es, jene Seeschlange als besonders großen Marlin zu enttarnen und das Verbot wieder aufzuheben. <If(PlayerParameter(4))>Ihr<Else/>Sein</If> Können als <If(PlayerParameter(4))>Fischerin<Else/>Fischer</If> brachte <If(PlayerParameter(4))>ihr<Else/>ihm</If> überschwängliches Lob von Sisipu und einen angelnden Reisegefährten ein, den <If(PlayerParameter(4))>sie<Else/>er</If> nun nach Ishgard begleitet."
62,68435,0,8,20,3,114756,114156,114456,"Fischer - Kapitel 3","Kapitel 3","Einer geschickten Angel entgeht wirklich nichts! Nicht einmal Ansaulmes Wappenring, der ihn als rechtmäßigen Erben etabliert und seinen tyrannischen Bruder seiner Position enthebt. Ein derart geschickter Fang bleibt selbst<SoftHyphen/>verständ<SoftHyphen/>lich nicht unbemerkt und Wawalago betraut <If(PlayerParameter(4))>die Kriegerin des Lichts<Else/>den Krieger des Lichts</If> mit einer schier unmöglichen Aufgabe<Indent/>- die als ausgestorben geltende Meerschnuppe soll gefunden werden. "
63,65801,0,4,21,1,114757,114157,114457,"Gladiator","Gladiator","Die ruhmreiche Gladia<SoftHyphen/>toren<SoftHyphen/>gilde von Ul'dah hat schon so manchen Champion des Kolosseums  hervorgebracht, der überhäuft mit Gil und Gloria, von den Bürgern der Stadt wie ein Gott verehrt wurde. Die Reise auf diesem ehrenvollen wie steinigen Pfad beginnt für <If(PlayerParameter(4))>die Abenteurerin<Else/>den Abenteurer</If> bei Gildenmeisterin Mylla, von der <If(PlayerParameter(4))>sie<Else/>er</If> die Insignien der Zunft erhält: Schwert und Schild. Als ein mysteriöser Mann mit einem legendären Schwert auftaucht, nimmt ein spannendes Abenteuer seinen Anfang, das in die dunkelsten Winkel Ul'dahs führt."
64,65855,0,4,22,1,114758,114158,114458,"Marodeur","Marodeur","„Die Axt ist für den Seefahrer das, was für den Poeten die Harfe ist: Werkzeug und Muse gleichermaßen“, so heißt es bei der Gilde der Marodeure von Limsa Lominsa. Der bärbeißige Gildenmeister Wyrnzoen nimmt <If(PlayerParameter(4))>die Abenteurerin<Else/>den Abenteurer</If> unter seine Fittiche und bringt <If(PlayerParameter(4))>ihr<Else/>ihm</If> bei, wie man mit der Axt Arien der Zerstörung komponiert. Auf das Hilfegesuch eines jungen Mannes hin, begibt sich <If(PlayerParameter(4))>die Abenteurerin<Else/>der Abenteurer</If> auf eine schicksalhafte Monsterjagd."
65,65977,0,6,23,1,114759,114159,114459,"Druide","Druide","Diejenigen, die die Stimmen der Gebieter des Waldes vernehmen können, praktizieren eine animistische Magie, die sich der Kräfte der sie umgebenden Natur bedient. In der Druidengilde haben sich die naturverbundenen Heiler vereinigt, um ihr Wissen zu mehren und an andere weiterzugeben. <If(PlayerParameter(4))>Die Abenteurerin<Else/>Der Abenteurer</If> wurde von E-Sumi-Yan als Mitglied der Druidengilde willkommen geheißen und gemeinsam mit einer talentierten, aber störrischen Jung-Druidin beginnt <If(PlayerParameter(4))>sie ihre<Else/>er seine</If> Reise auf dem Pfad der Druiden."
66,65997,0,5,24,1,114760,114160,114460,"Hermetiker","Hermetiker","Einst war die Magie der Hermetiker nur einer kleinen Gruppe von Eingeschworenen vorbehalten, doch mit der Eröffnung der Gilde der Hermetiker in der Hafenstadt Limsa Lominsa änderte sich dies. Die stellvertretende Gildenmeisterin Thubyrgeim hat in Abwesenheit des Gildenmeisters <If(PlayerParameter(4))>der Abenteurerin<Else/>dem Abenteurer</If> eine erfahrene Ausbilderin zugewiesen. Unter ihrer Führung widmet <If(PlayerParameter(4))>sie<Else/>er</If> sich nun dem Studium elementarer Fragen der hermetischen Magie."
67,66103,0,5,25,1,114761,114161,114461,"Faustkämpfer","Faustkämpfer","Die heutige Tradition des Faustkampfes nahm ihren Anfang mit den waffenlosen Wettstreiten im Kolosseum. Diese Wettstreite zogen Faustkämpfer aus aller Herren Länder an und mit ihnen eine Vielzahl von Kampfstilen. Aus dem Wirrwarr all dieser Stile erhob sich eine Faustkämpferin von außer<SoftHyphen/>ge<SoftHyphen/>wöhn<SoftHyphen/>licher Stärke und enormem Talent. <If(PlayerParameter(4))>Die Abenteurerin<Else/>Der Abenteurer</If> entschließt sich unter der Anleitung von Hamon der Götterfaust, dem Gildenmeister der Faustkämpfer, in die Fußstapfen Cornelias zu treten. "
68,65975,0,5,26,1,114762,114162,114462,"Pikenier","Pikenier","Pikeniere existierten schon vor der Gründung Gridanias, doch erst mit der Eröffnung der Pikeniergilde durch den legendären Anführer des Klageregiments, Mistalle, gewann diese Zunft an großer Popularität. Unter der Anleitung von Ywain, dem Gildenmeister höchst<SoftHyphen/>persön<SoftHyphen/>lich, stellt sich <If(PlayerParameter(4))>die Abenteurerin ihrer<Else/>der Abenteurer seiner</If> ersten Heraus<SoftHyphen/>forde<SoftHyphen/>rung: Im Angesicht eines Unruhestifters die tiefere Bedeutung von Mut verinnerlichen, so wie sie einst der Gründervater der Pikeniersgilde lehrte."
69,65691,0,5,27,1,114763,114163,114463,"Schurke","Schurke","Hinter den Klostertüren der artigen Schwestern von Edelweiß in Limsa Lominsa verbirgt sich in Wahrheit eine weitverzweigte und mächtige Untergrundorganisation: die Schurkengilde. Ihre Mitglieder beschützen die Stadt im Verborgenen und als <If(PlayerParameter(4))>die Abenteurerin<Else/>der Abenteurer</If> sich den Schurken anschließt, wird <If(PlayerParameter(4))>sie<Else/>er</If> vom Gildenmeister Jack in der Kunst der Schatten unterwiesen. <If(PlayerParameter(4))>Ihre<Else/>Seine</If> erste Mission führt <If(PlayerParameter(4))>sie<Else/>ihn</If> dabei nach La Noscea, wo einige Regelbrecher zur Ordnung gerufen werden müssen."
70,65612,0,5,28,1,114764,114164,114464,"Waldläufer","Waldläufer","Ob mit dem Langbogen der Elezen oder dem Kurzbogen miqo'tischer Jäger - die Waldläufer verstehen sich darauf, Feinde aus der Distanz unter Beschuss zu nehmen. Die Kunst des Bogenschießens lernt man am besten von den Meistern der Wald<SoftHyphen/>läufer<SoftHyphen/>gilde, die in Gridania ihren Sitz hat. Und so beschließt <If(PlayerParameter(4))>die Abenteurerin<Else/>der Abenteurer</If> bei der Gildenmeisterin Luciane in die Lehre zu gehen. <If(PlayerParameter(4))>Ihre<Else/>Seine</If> erste Aufgabe führt <If(PlayerParameter(4))>sie<Else/>ihn</If> dabei in die Tiefen des Finsterwaldes, wo einige Gesetzlose ihr Unwesen treiben<Indent/>..."
71,65889,0,5,29,1,114765,114165,114465,"Thaumaturg","Thaumaturg","Die Priester des Nald'thal-Ordens haben über Jahrhunderte die rituellen Techniken der Thaumaturgie bewahrt und verfeinert. Zu diesem Zweck wurde schließlich auch die Thaumaturgengilde im Arr<SoftHyphen/>za<SoftHyphen/>neth-Os<SoftHyphen/>sari<SoftHyphen/>um in Ul'dah angesiedelt. Bruder Cocobuki, der älteste und wohl auch der weiseste der fünf Meister der Thaumaturgengilde übernimmt die Unterweisung <If(PlayerParameter(4))>der Abenteurerin<Else/>des Abenteurers</If> persönlich. Und kaum hat <If(PlayerParameter(4))>die angehende Thaumaturgin ihr<Else/>der angehende Thaumaturg sein</If> Training begonnen, steckt <If(PlayerParameter(4))>sie<Else/>er</If> auch schon inmitten eines neuen Abenteuers."
72,66596,0,4,21,2,114772,114172,114472,"Paladin - Kapitel 1","Kapitel 1","Zum ersten Mal in ihrer Geschichte teilt die Palastwache von Ul'dah die Kampftechniken ihrer Paladine mit Außenstehenden. Doch es gibt einen Verräter, der die Ehre der königlichen Leibwächter besudelt hat. Jenlyns, Gardehauptmann der Palastwache, fordert dich auf, die Rüstung der Paladine mit Stolz zu tragen und deine Ausbildung fortzusetzen, damit du eines Tages dabei helfen kannst, den Verräter zur Strecke zu bringen."
73,67573,0,4,21,3,114773,114173,114473,"Paladin - Kapitel 2","Kapitel 2","Die Eidklinge bleibt verschollen, und auch der Aufenthaltsort des ehemaligen Hauptmanns Solkzagyl ist weiterhin unbekannt, doch du wurdest beauftragt, beide zu finden. Die Spur führt dich in die entlegensten Winkel von Dravania, wo du hoffst, Constaint, den einstigen Schüler von Solkzagyl, aufzuspüren."
74,68111,0,4,21,4,114774,114174,114474,"Paladin - Kapitel 3","Kapitel 3","Du hast dich als Paladin der höchsten Ordnung bewiesen und hast die Ehre erhalten, am angesehenen Sultan-Turnier teilzunehmen. Die Sultana selbst hat diesen Wettkampf der besten Schwertkämpfer wieder ins Leben gerufen, nachdem er seit Generationen nicht mehr abgehalten wurde. Nimm Schwert und Schild, und messe dich mit den besten Kriegern der bekannten Welt."
75,68746,0,4,21,5,114775,114175,114475,"Paladin - Kapitel 4","Kapitel 4","Nach deiner Rückkehr aus der ersten Splitter<SoftHyphen/>welt stattest du Jenlyns einen Besuch ab und erfährst, dass die Paladine sich zusammen mit der Gladia<SoftHyphen/>toren<SoftHyphen/>gilde eifrig für den Schutz der Ul'dahner einsetzen. Doch Gildenmeisterin Mylla bläst Trübsal, und der Grund dafür ist äußerst unerwartet."
76,66590,0,4,22,2,114776,114176,114476,"Krieger - Kapitel 1","Kapitel 1","Der verloren geglaubte Weg des Kriegers wird in einem Dorf hoch im Norden von Abalathias Rückgrat fortgeführt. Doch die Krieger drohen auszusterben und Wissbegierige Klamm verlässt die Berge, um einen würdigen Nachfolger für das Wissen seiner Leute zu finden. Nachdem er dich an der Sonnenküste hat kämpfen sehen, scheint seine Suche beendet zu sein."
77,66137,0,4,22,3,114777,114177,114477,"Krieger - Kapitel 2","Kapitel 2","Wissbegierige Klamm fällt es immer schwerer, die in ihm wohnende Urkraft unter Kontrolle zu halten, und beginnt sich, vor seinem eigenen Zorn zu fürchten. Sein Bruder Gebrochener Berg bittet dich, ein Vorbild für alle Zweifler zu sein und ihnen zu zeigen, wie die Urkraft zu bändigen ist."
78,68440,0,4,22,4,114778,114178,114478,"Krieger - Kapitel 3","Kapitel 3","Wissbegierige Klamm und Gebrochener Berg haben den Ruf des Kriegers wieder<SoftHyphen/>her<SoftHyphen/>gestellt und ihr Wissen mit den Truppen des Mahlstroms geteilt. Sie wurden sogar zu einem Kampf in der Wolfshöhle eingeladen, wo Wissbegierige Klamm auf einen höchst unerwarteten, ihm ebenbürtigen Gegner trifft."
79,68748,0,4,22,5,114779,114179,114479,"Krieger - Kapitel 4","Kapitel 4","Zurück von deinen Abenteuern im ersten Splitter, triffst du am Verborgenen Wasserfall auf keinen anderen als Wissbegierige Klamm. Seine Fortschritte könnten besser sein, sagt er, und kennt auch den Grund dafür: die Liebe. Weil seine Gefühle ihn vom Training abhalten, bricht er zur Azim-Steppe auf, um seine Angebetete zu treffen - doch die trifft kurz darauf in La Noscea ein."
80,67594,0,4,31,1,114780,114180,114480,"Dunkelritter - Kapitel 1","Kapitel 1","Die Schwachen beschützen, die Schuldigen bestrafen - das ist der Weg des Dunkelritters, dem furchtlosen Vollstrecker seiner eigenen Gerechtigkeit. Auch Fray dachte so, doch <If(PlayerParameter(4))>ihre<Else/>seine</If> Kräfte ließen <If(PlayerParameter(4))>sie<Else/>ihn</If> im entscheidenden Urteilskampf im Stich. So hat man es gesehen, doch nun steht <If(PlayerParameter(4))>sie<Else/>er</If> vor dir, bereit, dich in den dunklen Techniken zu unterweisen."
81,67600,0,4,31,2,114781,114181,114481,"Dunkelritter - Kapitel 2","Kapitel 2","Tempelritter verwickeln dich in eine Aus<SoftHyphen/>einander<SoftHyphen/>set<SoftHyphen/>zung, bei der du auf einen weiteren Dunkelritter triffst: der wütende Sidurgu, in Begleitung eines Mädchens, nach dessen Leben die Tempelritter trachten. Warum sollten sie einem Kind Leid zufügen wollen? Die Antwort liegt in den düsteren Kapiteln des Drachenkriegs."
82,68455,0,4,31,3,114782,114182,114482,"Dunkelritter - Kapitel 3","Kapitel 3","Nach Ende des Drachenkriegs erfährt Ishgard eine Zeit der Blüte, woran du selbst<SoftHyphen/>verständ<SoftHyphen/>lich auch deinen Anteil hattest. Doch nicht alles ist gut: Dein Seelenkristall ist entzweigebrochen, und eine Hälfte befindet sich in Besitz eines Jungen namens Myste."
83,68757,0,4,31,4,114783,114183,114483,"Dunkelritter - Kapitel 4","Kapitel 4","Du bist zurück in der Ursprungs<SoftHyphen/>welt und besuchst Ishgard, wo du im Vergessenen Ritter doch tatsächlich auf Sidurgu und Rielle triffst. Nachdem du von deinen Abenteuern berichtet hast, sagt Sidurgu, dass er einen anonymen Brief für dich hat. Woher kommt das Schreiben und wo wird es dich hinführen?"
84,68802,0,4,32,1,114784,114184,114484,"Revolver<SoftHyphen/>klinge - Kapitel 1","Kapitel 1","Die Revolver<SoftHyphen/>klingen können ihren Ursprung bis zur Leibgarde von Königin Gunnhildr zu<SoftHyphen/>rück<SoftHyphen/>ver<SoftHyphen/>fol<SoftHyphen/>gen und geben ihre Kampftechniken seit Generationen weiter. Doch nun sind Radovan und seine Mitstreiter die letzten in dieser langen Linie und wollen ihr Wissen an dich weitergeben. Du hilfst den letzten Revolver<SoftHyphen/>klingen, sich als Leibwächter nützlich zu machen, und eignest dir dabei ihre beeindruckenden Techniken an."
85,68761,0,4,32,2,114785,114185,114485,"Revolver<SoftHyphen/>klinge - Kapitel 2","Kapitel 2","Nach deinem Aufenthalt in der Splitter<SoftHyphen/>welt schaust du in Geisterzoll vorbei, wo du Radovan und Sophie wiedersiehst. Als du von deinen Abenteuern berichtest und Thancred erwähnst, stutzt Radovan: Nur einer kann Thancred dieses Wissen vermittelt haben, und Radovan will ihn unbedingt finden."
86,66620,0,6,23,2,114786,114186,114486,"Weißmagier - Kapitel 1","Kapitel 1","Nur ein Padjal darf die Riten der Weißmagie vollziehen, welche das Gleichgewicht im Wald der Einkehr bewahren. Doch der berühmte Weißmagier A-Towa-Cant scheint dich als Nachfolger auserkoren zu haben und hat dich mit einem entsprechenden Kristall bedacht. Unter der Führung von Raya-O-Senna beginnst du einen neuen Weg."
87,67261,0,6,23,3,114787,114187,114487,"Weißmagier - Kapitel 2","Kapitel 2","Die Gebieter des Waldes sind in großer Sorge, denn sie wissen um eine Gefahr, die bald das ganze Land verunreinigen wird, wenn sie nicht an ihrem Ursprung aufgehalten wird. Die Padjal dürfen den Wald nicht verlassen, also fällt es dir anheim, die Säuberung vorzunehmen."
88,67954,0,6,23,4,114788,114188,114488,"Weißmagier - Kapitel 3","Kapitel 3","Im Auftrag der Gebieter des Waldes und der Saatseherin Raya-O-Senna reist du zusammen mit E-Sumi-Yan nach Osten, in das Grenzgebiet zwischen Gridania und Gyr Abania. Das Schicksal führt euch zu einem sonderbaren Mädchen und seiner Mutter. Was bezwecken die Gebieter wohl mit diesem Zusammentreffen?"
89,68751,0,6,23,5,114789,114189,114489,"Weißmagier - Kapitel 4","Kapitel 4","Nach den turbulenten Ereignissen im Splitter sehnst du dich nach der Ruhe von Gridania. Du triffst Raya-O-Senna, die dir von Alaqa und ihrem Weg der Sühne für vergangene Missetaten erzählt. Sie bittet dich, in der Grotte der Versunkenen Gedanken nach Alaqa zu sehen, und dort angekommen bist du überrascht, wie groß sie geworden ist und wie tief ihre Verbindung zu den anderen Magiern geworden ist."
90,66638,0,6,33,1,114790,114190,114490,"Gelehrter - Kapitel 1","Kapitel 1","Alka Zolka erforscht fieberhaft die Militärtaktiken der alten Stadt Nym, die in der Fünften Ära des Lichts ihre Blütezeit erlebte. Mit deiner Hilfe gelangt er an verschiedene Relikte, die ihn das gewünschte Wissen vermitteln. Für dich springt auch etwas heraus: die Kunst der Gelehrten und ein leuchtender neuer Begleiter."
91,67212,0,6,33,2,114791,114191,114491,"Gelehrter - Kapitel 2","Kapitel 2","Vor eintausendfünfhundert Jahren wurden viele Bewohner von Nym im Palast des Wanderers auf magische Weise eingeschlossen, zusammen mit einer schrecklichen Krankheit, die sie in Tomberrys verwandelte. Jetzt grassiert diese Krankheit erneut, und Surito Carito bittet dich und Alka Zolka, sie aufzuhalten."
92,68463,0,6,33,3,114792,114192,114492,"Gelehrter - Kapitel 3","Kapitel 3","Surito Caritos Forschungen waren erfolgreich und er glaubt, einen Weg gefunden zu haben, die Krankheit einzudämmen. Doch eine Assistentin, Setoto, ist spurlos verschwunden. Wieder einmal wendet der Gelehrte sich an dich und Alka Zolka, damit ihr das Schlimmste verhindert."
93,68754,0,6,33,4,114793,114193,114493,"Gelehrter - Kapitel 4","Kapitel 4","Die Abenteuer in der Splitter<SoftHyphen/>welt sind fürs Erste vorüber, und du sehnst dich nach dem natürlichen Blau des ul'dhischen Himmels. In der Gilde der Marodeure begegnest du Alka Zolka, der dich zu einer Trainingseinheit mit Surito Carito im oberen La Noscea einlädt. Als die Gelehrten hören, wie es Lamitt in der ersten Splitter<SoftHyphen/>welt gelang, die Steinseuche einzudämmen, nehmen sie es von Neuem auf sich, etwas gegen die Tomberry-Krankheit zu tun."
94,67555,0,6,34,1,114794,114194,114494,"Astrologe - Kapitel 1","Kapitel 1","Die Astrologie, also das Lesen der Sterne, stammt aus dem fernen Land Sharlayan. Die Verbindung mit dem Himmelsäther erlaubte es, neue Heilzauber zu entwickeln, und eine neue Form der Magie entstand. Die junge Astrologin Leveva erklärt sich bereit, dich im Gebrauch des Sternenglobus zu unterweisen."
95,67561,0,6,34,2,114795,114195,114495,"Astrologe - Kapitel 2","Kapitel 2","Den Astrologen werden in Ishgard viele Hindernisse in den Weg gelegt, doch Leveva und Jannequinard lassen sich nicht unterkriegen. Sie sind zuversichtlich, mit deiner Hilfe die Kurie vom Nutzen ihrer Magie überzeugen zu können."
96,67949,0,6,34,3,114796,114196,114496,"Astrologe - Kapitel 3","Kapitel 3","Als du deiner alten Mentorin Leveva im Observatorium einen Besuch abstattest, erscheint ein unerwarteter Gast in Gestalt von Kyokuho, einem Geomanten aus dem Fernen Osten. Er wünscht einen Austausch des Wissens, um sowohl die Astrologie als auch die Geomantik zu neuen Erkenntnissen zu bringen."
97,68758,0,6,34,4,114797,114197,114497,"Astrologe - Kapitel 4","Kapitel 4","Die erste Splitter<SoftHyphen/>welt hat die Nacht wieder. Zurück im Ursprung besuchst du die Kurie und sprichst mit Jannequinard, der dir berichtet, dass Leveva nieder<SoftHyphen/>ge<SoftHyphen/>schlagen scheint. Du triffst auch auf Kyokuho, der zu wissen glaubt, was Leveva bedrückt, und schnell einen Vorschlag unterbreitet, wie ihr zu helfen ist."
98,66602,0,5,25,2,114798,114198,114498,"Mönch - Kapitel 1","Kapitel 1","Professor Erik, Koryphäe auf dem Gebiet der Militärgeschichte, besteht darauf, von Ungeheuern geplagte Schlachtfelder zu untersuchen, und die Faust<SoftHyphen/>kämpfer<SoftHyphen/>gilde bittet dich, ihm Geleitschutz zu geben. Während der Exkursion begegnet ihr Widargelt, der spürt, wie die dem Land innewohnende Kraft eine deiner Chakren geöffnet hat. Er weist dich an, diese Kraft zu meistern und zu einem Mönch zu werden."
99,67567,0,5,25,3,114799,114199,114499,"Mönch - Kapitel 2","Kapitel 2","Widargelt hat eingesehen, auf welchem Irrweg er sich befand, und nimmt sich nun vor, Rhalgrs Faust, seinen Mönchsorden, wieder<SoftHyphen/>auf<SoftHyphen/>zu<SoftHyphen/>bauen. Er hat sogar schon eine Gruppe Schüler um sich geschart. Doch eine verfeindete Sekte tritt auf den Plan und wird dem Meistermönch alles abverlangen."
100,67966,0,5,25,4,114800,114200,114500,"Mönch - Kapitel 3","Kapitel 3","Du entwickelst dich zu einem absoluten Vorzeigemönch. Inspiriert von deinen Fortschritten, beschließt Widargelt, nach Gyr Abania zurückzukehren, um dort seinen Mönchsorden ins Leben zu rufen. Doch die Ver<SoftHyphen/>gangen<SoftHyphen/>heit von Ala Mhigo wirft ihren Schatten bis in die Gegenwart: Der angebliche Nachfolger von König Theoderic greift nach der Herrschaft über den geschwächten Stadt<SoftHyphen/>staat."
101,68747,0,5,25,5,114801,114201,114501,"Mönch - Kapitel 4","Kapitel 4","Mit der Gefahr einer Achten Katastrophe gebannt, kehrst du nach Ul'dah zurück, wo du gleich wieder auf Professor Erik triffst. Er wurde neulich von einem Soldaten des Widerstands gefragt, wo Widargelt sich aufhalte. Voller Sorge machst du dich auf die Suche nach dem befreundeten Meistermönch."
102,66608,0,5,26,2,114802,114202,114502,"Dragoon - Kapitel 1","Kapitel 1","Seit der Drachenkrieg tobt, wird Generation für Generation eine tapfere Seele auserwählt, als Azur-Drachenreiter die Soldaten Ishgards in den Kampf gegen die Horde zu führen. Doch diesmal bestimmt die Kurie einen zweiten: dich."
103,67231,0,5,26,3,114803,114203,114503,"Dragoon - Kapitel 2","Kapitel 2","Alberic erbittet deine Hilfe bei der Jagd auf Drachen, welche die Grenze zu Ishgard überquert haben. Nachdem ihr kurzen Prozess mit den Eindringlingen gemacht habt, erscheint Alberic in Begleitung einer weiteren Dragoon, die sich als Heustienne vorstellt. Dein Können mit dem Speer hat sie so beeindruckt, dass die einstige Unterrichterin dich nun als Schülerin begleiten möchte."
104,68450,0,5,26,4,114804,114204,114504,"Dragoon - Kapitel 3","Kapitel 3","Nidhogg ist besiegt und seine Horde auf der Flucht, doch die Wunden des Krieges sind noch nicht verheilt. Ein Brief von Heustienne erreicht Alberic. Die Dragoon, deren Blut mit dem der Drachen gemischt ist, ersucht deine Hilfe. Als du ihrem Ruf folgst, erfährst du, dass nicht sie deine Hilfe benötigt, sondern ihr Drachenfreund Orn Khai."
105,68749,0,5,26,5,114805,114205,114505,"Dragoon - Kapitel 4","Kapitel 4","Die Bewohner des ersten Splitters sind gerettet, und du erlaubst dir, in die kalten Lande um Ishgard zurückzukehren. Im Observatorium von Coerthas beeindruckst du Alberic und Orn Khai mit Geschichten aus der Splitter<SoftHyphen/>welt. Andreias Schicksal erinnert sie an Nidhogg, der ebenfalls von Erinnerungen an eine vergangene Welt getrieben war. Orn Khai wird neugierig und beschließt, mehr über den gefürchteten Drachen in Erfahrung zu bringen."
106,65770,0,5,27,2,114806,114206,114506,"Ninja - Kapitel 1","Kapitel 1","Jack, der sich beeindruckt zeigt von deiner Arbeit in der Schurkengilde, nimmt dich mit nach Weinhafen, wo er sich um eine Gruppe Störenfriede kümmern möchte. Die Sache nimmt einen unerwarteten Verlauf, an dessen Ende ein Verbrecher aus dem Fernen Osten der Gerechtigkeit übergeben wird. Doch nicht, bevor du lernst, als Ninja durch die Gassen zu schleichen."
107,67224,0,5,27,3,114807,114207,114507,"Ninja - Kapitel 2","Kapitel 2","Oboro hat sich entschlossen, mehr über die eorzäische Kultur zu lernen, vor Ort. Doch Jack klopft an die Tür und berichtet von einem fernöstlich gekleideten Räuber, der Unruhe in La Noscea stiftet, und angeblich in den Künsten des Ninjutsu geübt sein soll."
108,68488,0,5,27,4,114808,114208,114508,"Ninja - Kapitel 3","Kapitel 3","In Anbetracht der Tatsache, dass Oboro zu Hause kein warmes Willkommen erwartet, wird er sich noch länger in Eorzea aufhalten. Gut, dass Jack wieder seine Hilfe benötigt. Als Domaner verkleidete Seeleute haben eine eigentlich wenig beachtenswerte Schriftrolle gestohlen. Als ihr zusammen der Sache auf den Grund geht, stoßt ihr auf ein schreckliches Geheimnis."
109,68755,0,5,27,5,114809,114209,114509,"Ninja - Kapitel 4","Kapitel 4","Deine Abenteuer in die Splitter<SoftHyphen/>welt haben ein Ende gefunden, doch zu Hause erwartet dich schon das nächste. Oboro hat einen Plan aufgestellt, wie er der zweiten Hälfte der Mudra-Schriftrolle habhaft werden kann, die derzeit Karasu, Freund und Rivale von Oboro, in Händen hält. Natürlich spielst du in dem Plan eine wichtige Rolle."
110,68101,0,5,35,1,114810,114210,114510,"Samurai - Kapitel 1","Kapitel 1","Dich erreicht Kunde, dass ein betagter Reisender aus dem Fernen Osten einen Kämpfer nach dem anderen im Kolosseum besiegt und nach neuen Gegnern sucht. Diese Heraus<SoftHyphen/>forde<SoftHyphen/>rung nimmst du gerne an, doch das Können des Schwertkämpfers bringt sogar dich in Verlegenheit. Als du dennoch obsiegst, zeigt sich der alte Mann so beeindruckt, dass er dir anbietet, dir die Techniken der Samurai beizubringen."
111,68106,0,5,35,2,114811,114211,114511,"Samurai - Kapitel 2","Kapitel 2","Musosai hat das Zeitliche gesegnet, doch sein Erbe lebt in dir fort. So kommt es, dass sich ein Mitglied der Sekiseigumi, einer Art Polizei von Kugane, an dich wendet. Ein einstiger Schüler von Musosai, ein herrenloser Schwertkämpfer namens Ugetsu, stiftet Unruhe in Hingashi und schart Tag für Tag mehr Anhänger um sich. Du beschließt, der Sekiseigumi zu helfen."
112,68759,0,5,35,3,114812,114212,114512,"Samurai - Kapitel 3","Kapitel 3","Es ist Ruhe im ersten Splitter eingekehrt, also kehrst du in den Ursprung zurück. Makoto plant eine Reise nach Eorzea, um das Grab von Meister Musosai zu besuchen und ihm von deinem Sieg über Ugetsu zu berichten. Natürlich begleitest du sie auf dieser ehrbaren Reise."
113,66626,0,5,28,2,114813,114213,114513,"Barde - Kapitel 1","Kapitel 1","Jehantel, der Götterbogen, war ein un<SoftHyphen/>ver<SoftHyphen/>gleich<SoftHyphen/>li<SoftHyphen/>cher Barde und Bogenschütze, der seine Mitstreiter mit seinen Liedern zu motivieren wusste. Viele wollen sein Können mit Sehne und Pfeil erlernen, doch er interessiert sich nur dafür, sein Wissen über Metrik und Reim weiterzugeben. Du kannst dich glücklich schätzen, dass er dich unter seine Fittiche genommen hat."
114,67254,0,5,28,3,114814,114214,114514,"Barde - Kapitel 2","Kapitel 2","Jehantel ist überzeugt davon, dass seine Arbeit die Effizienz von Barden im Kampf verbessert. Auch wenn manche anders denken, möchte Sanson, Hauptmann der Bruderschaft der Morgenviper, den Nutzen von Bardenliedern im Kampf endgültig unter Beweis stellen."
115,68430,0,5,28,4,114815,114215,114515,"Barde - Kapitel 3","Kapitel 3","Zu Jehantels Freude hat Sanson die offizielle Erlaubnis bekommen, eine Bardeneinheit aufzustellen. Deren erste Mission ist von großer Wichtigkeit: ein Buch zu finden, das schreckliche Geheimnisse über den Purpurlaubkrieg hütet."
116,68750,0,5,28,5,114816,114216,114516,"Barde - Kapitel 4","Kapitel 4","Du wendest dem ersten Splitter den Rücken zu und besuchst Jehantel und Sanson, um ihnen ein Lied von deinen Abenteuern vorzusingen. Während deiner Abwesenheit hat die Bardeneinheit in der Ghimlyt-Finsternis gekämpft, aber Mühe gehabt, sich dort zu behaupten. Jehantel glaubt, dass du die Moral mit einer Aufführung wieder heben könntest."
117,67240,0,5,36,1,114817,114217,114517,"Maschinist - Kapitel 1","Kapitel 1","Seit ihrer Gründung hat die Himmelsstahl-Werkstätte immer wieder hocheffektive Waffen für die Jagd auf Drachen entworfen und hergestellt. Doch viele Ingenieure sehen die Zukunft ihrer Werkstätte im Maschinenbau, welche Aspekte der Ätherologie berücksichtigt. Leider sehen konservative Kräfte in Ishgard die Sache anders."
118,67248,0,5,36,2,114818,114218,114518,"Maschinist - Kapitel 2","Kapitel 2","Der Maschinenbau hat sich in einem ritterlichen Kampf zwischen den Häusern bewährt. Doch ein unglücklicher Umstand, der Joye dazu zwingt, ihren Posten aufzugeben, wirft unerwartet Sand ins Getriebe."
119,68445,0,5,36,3,114819,114219,114519,"Maschinist - Kapitel 3","Kapitel 3","Die Himmelsstahl-Werkstätte fährt einen Erfolg nach dem anderen ein und hat sogar Veri Selen besiegt. In Ishgard bricht ein Zeitalter des Maschinenbaus an. Hilda will nun auch die Stadtwache mit Waffen und Expertise der Maschinisten ausstatten. Stephanivien hat alle Hände voll zu tun und bittet dich, bei der Ausbildung auszuhelfen."
120,68756,0,5,36,4,114820,114220,114520,"Maschinist - Kapitel 4","Kapitel 4","Das unnatürliche Licht in der ersten Splitter<SoftHyphen/>welt ist erloschen, also kehrst du für einen Besuch nach Ishgard zurück. Kaum angekommen, bittet Stephanivien dich, nach Joye zu sehen, die sich in letzter Zeit immer wieder aus unbekannten Gründen davonstiehlt."
121,68790,0,5,37,1,114821,114221,114521,"Tänzer - Kapitel 1","Kapitel 1","Eine Gruppe Tänzer aus Radz-at-Han ist in Limsa Lominsa eingetroffen und begeistert das Publikum mit ungewöhnlichen Darbietungen. Du lernst Tanzmeisterin Nashmeira kennen, die Anführerin des Ensembles Falsiam. Im Gegenzug dafür, dass du der Gruppe bei ihrer Tour durch Eorzea hilfst, wird sie dich im Kriegstanz unterrichten, einer uralten Kampfkunst der Nomaden des Nahen Ostens."
122,68762,0,5,37,2,114822,114222,114522,"Tänzer - Kapitel 2","Kapitel 2","Die Gefahr für die erste Splitter<SoftHyphen/>welt ist gebannt und du kehrst in den Ursprung zurück, um Nashmeira in Limsa Lominsa einen Besuch abzustatten. Sie hat Neuigkeiten für dich und Ranaa, doch Ranaa reagiert mit unerwarteter Bestürzung."
123,66614,0,5,29,2,114823,114223,114523,"Schwarzmagier - Kapitel 1","Kapitel 1","Ququruka Tataruka, ein Gefangener der Marasaja-Strafanstalt, hat der Thaumaturgengilde eine prophetische Nachricht für dich übermittelt. Das Nichtsportal droht sich zu öffnen und nur der Träger von Shatottos Edelstein kann dieses Unheil aufhalten. Es liegt an dir, die Kräfte dieses Edelsteins zu entfesseln und die Welt zu retten."
124,67219,0,5,29,3,114824,114224,114524,"Schwarzmagier - Kapitel 2","Kapitel 2","Ququruka ist fort, aber seine Schülerin Lalai ist auf einen Hinweis gestoßen, wo dieser zwei lang verloren geglaubte Grimoires, die Bücher von Nald und Thal, hinterlassen hat. Die Jagd auf die Folianten und die in ihnen enthaltenen Geheimnisse der schwarzen Magie beginnt."
125,68128,0,5,29,4,114825,114225,114525,"Schwarzmagier - Kapitel 3","Kapitel 3","Lalai erlernt mithilfe der zwei Grimoires einen lang verschollenen Zauberspruch, der unbedingt in dem Sanktuarium von Nalds Besinnung gesprochen werden muss. Du begleitest sie, um den Zauber zu wirken, doch das Ergebnis ist nicht, was Lalai erwartet hat."
126,68752,0,5,29,5,114826,114226,114526,"Schwarzmagier - Kapitel 4","Kapitel 4","Die erste Splitter<SoftHyphen/>welt ist zur Ruhe gekommen und du kehrst in den Ursprung zurück. In Ul'dah triffst du dich mit Lalai, die ihr Vorhaben, ihr gesamtes Wissen über die schwarze Magie niederzuschreiben, beendet hat. Doch der Nald'thal-Orden weigert sich, dieses gefährliche Wissen in seine Archive aufzunehmen."
127,66632,0,5,24,2,114827,114227,114527,"Beschwörer - Kapitel 1","Kapitel 1","Das Sankt Coinach-Forschungslager benötigt die Hilfe eines Hermetikers, der bereits Erfahrungen mit dem Primae Ifrit gemacht hat. Aus diesem Grund schickt Thubyrgeim dich zu den Apkallu-Fällen, wo Y'mhitra eine außer<SoftHyphen/>ge<SoftHyphen/>wöhn<SoftHyphen/>liche Entdeckung mit dir teilt: alte allagische Texte über Zauberkundige, die sich Beschwörer nennen."
128,67641,0,5,24,3,114828,114228,114528,"Beschwörer - Kapitel 2","Kapitel 2","Du hast mit eigenen Augen gesehen, wie Tristan in den Flammen verschwand, doch es gibt Berichte, dass er während Überfällen in den Wüsten von Thanalan gesichtet wurde. Zusammen mit Y'mhitra gehst du der Sache auf den Grund, voller Sorge, dass der Wahnsinnige wirklich zurück sein könnte."
129,68165,0,5,24,4,114829,114229,114529,"Beschwörer - Kapitel 3","Kapitel 3","Die Forscher der Sankt Coinach-Stiftung haben ein weiteres Buch der allagischen Beschwörer entdeckt. Zu eurer größten Verwunderung erwacht das Buch zum Leben und stellt sich als Principia vor. Es ist bereit, sein Wissen mit jedem zu teilen - der drei außer<SoftHyphen/>ge<SoftHyphen/>wöhn<SoftHyphen/>liche Heraus<SoftHyphen/>forde<SoftHyphen/>rungen meistert."
130,68753,0,5,24,5,114830,114230,114530,"Beschwörer - Kapitel 4","Kapitel 4","Die Zukunft des ersten Splitters ist gerettet und du besuchst Y'mhitra, um ihr von den Ereignissen zu berichten. Von ihr erfährst du, dass der Beschwörer Jajasamu von der Legion der Unsterblichen deinen Rat in einer unbekannten Sache wünscht."
131,68118,0,5,39,1,114831,114231,114531,"Rotmagier - Kapitel 1","Kapitel 1","Ein Mädchen fleht dich an, ihre Schwester aus den Händen von Entführern zu befreien! Als du die Übeltäter einholst, hat ein schwertschwingender Held sie bereits erledigt: X'rhun Tia, seines Zeichens Rotmagier und Mitglied des Roten Sturms."
132,68123,0,5,39,2,114832,114232,114532,"Rotmagier - Kapitel 2","Kapitel 2","X'rhuns Fehde mit Lambard hat ein Ende, also widmet er sich wieder deiner Ausbildung. Mit dir ist er zufrieden, doch die Abwesenheit deiner Mitschülerin Arya bereit ihm Sorgen. Als ihr sie findet, ist sie nicht mehr sie selbst: X'rhun glaubt, dass sie das gleiche Leiden wie Lambard hat. Die Suche nach einer Heilung beginnt."
133,68760,0,5,39,3,114833,114233,114533,"Rotmagier - Kapitel 3","Kapitel 3","Lord Vauthry ist besiegt und die erste Splitter<SoftHyphen/>welt hat die Dunkelheit der Nacht wieder. Zurück im Ursprung erfährst du von X'rhun, dass Grabräuber sich eines Schwertes bemächtigt haben, das einst dem Roten Sturm gehörte. Du versprichst dabei zu helfen, die Waffe zurückzuholen."
134,68735,0,5,40,1,114834,114234,114534,"Blaumagier - Kapitel 1","Kapitel 1","Ein sonderbarer Kerl namens Martyn verkauft in Sommerfurt Artikel, die jeden zum Blaumagier machen sollen. Die Gelbjacken wittern Betrug und bitten dich, dem Angebot auf den Zahn zu fühlen."
135,69273,0,5,40,2,114835,114235,114535,"Blaumagier - Kapitel 2","Kapitel 2","Martyns Blaumagiergilde erfährt regen Zuspruch. Fyrgeiss, Mitglied des Scor<SoftHyphen/>pio-Krei<SoftHyphen/>ses, zeigt Interesse und glaubt, dass die Blaumagie einen Platz in den Arenakämpfen des Kolosseums haben könnte. Er fördert die Große Maskerade und die Himmlische Arena, sehr zu Martyns Freude, doch tut der Geschäftsmann dies nur aus Gutmütigkeit?"
136,68784,68837,4,41,1,114837,114237,114537,"Rollenaufträge: Verteidiger (Shadowbringers)","","Granson ist auf der Jagd nach Dikaiosyne, einem der besonders mächtigen Sünden<SoftHyphen/>ver<SoftHyphen/>tilger, welche die Kardinal<SoftHyphen/>tugenden genannt werden. Der Kopfgeldjäger glaubt, dass dieses Ungeheuer, das aus dem Lichtkrieger Branden hervorgegangen ist, alles zerstörte, was ihm einst lieb war, doch das Schicksal der Krieger des Lichts hält mehr als eine moralische Doppeldeutigkeit parat."
137,68808,68837,6,42,1,114838,114238,114538,"Rollenaufträge: Heiler (Shadowbringers)","","Giotts Zwerge schätzen die Ehre und Traditionen und waren entsetzt, eine Kardinal<SoftHyphen/>tugend zu sehen, die dem Zwerg Lamitt verblüffend ähnelt. Die Ältesten wollen diese Schande nicht hinnehmen und befehlen, die Kreatur zu töten."
138,68814,68837,5,43,1,114839,114239,114539,"Rollenaufträge: Phys. Angreifer (Shadowbringers)","","Lue-Reeq sucht jemanden, der ihm hilft, die Kardinal<SoftHyphen/>tugend zu erschlagen, die aus Renda-Rae hervorgegangen ist. Er schert sich nicht darum, ob diese einst eine Heldin war oder nicht, aber die gefallene Abenteurerin sei die beste Jägerin gewesen, die jemals gelebt hat. Der junge Mann würde deshalb nichts lieber tun, als sie mit ihren eigenen Mitteln zu schlagen und die Jägerin zur Gejagten zu machen."
139,69164,68837,5,43,2,114840,114240,114540,"Rollenaufträge: Mag. Angreifer (Shadowbringers)","","Kopfgeldjäger Cerigg hat es auf einen Sünden<SoftHyphen/>ver<SoftHyphen/>tilger namens Phronesis abgesehen, eine sogenannte Kardinal<SoftHyphen/>tugend. Er ist bereit, die Beute mit dir zu teilen, doch die Dinge verkomplizieren sich, als sich euch ein Junge anschließt, der eine besondere Beziehung zu eurem Opfer hat."
140,69521,69318,2,44,1,114841,114241,114541,"Abschluss (Shadowbringers)","","Die Kardinal<SoftHyphen/>tugenden sind besiegt. Als du Glynard im Sternhagel von deinem Erfolg berichtest, sieht er darin gleich einen Grund zum Feiern. Doch Cyella weiß von einem anderen Bösewicht zu erzählen, der im Hintergrund die Fäden zieht."
141,69318,0,1,3,3,114843,114243,114543,"Shadowbringers - Kapitel 3","Kapitel 3","Endlich, der Ascian Emet-Selch ist besiegt. Aus den Tiefen der Meeresregion Tempest kehrst du nach Crystarium zurück, wo die Leute bereits unter dem natürlich blauen Himmel feiern. Auch wenn deine Gefährten noch nicht heimkehren können, reist du zurück in den Ursprung, um Tataru die guten Neuigkeiten zu überbringen."
142,69602,0,1,3,4,114844,114244,114544,"Geflüster des Untergangs","","Du hast den Krieger des Lichts des ersten Splitters bezwungen. Die Pläne der Ascians sind durchkreuzt und Elidibus, ihr Fürsprecher, ist unschädlich gemacht. Gemeinsam mit den Exegeten kehrst du in den Ursprung zurück. Nachdem sich alle ausgiebig von den Strapazen der Weltenreise erholt haben, wenden sich die Mitglieder des Bundes der Morgenröte neuen Aufgaben zu. Und es dauert nicht lange, bis der Wind erneut ein unheilvolles Geflüster vom drohenden Untergang heranträgt."
143,69589,0,3,5,4,114846,114246,114546,"YoRHa: Dark Apocalypse","","Unterhalb des zwergischen Dorfes Komra schlummern die Ruinen einer merkwürdigen Fabrik. Gemeinsam mit den Zwillingen Anogg und Konogg machst du dich an die Enthüllung dieses Mysteriums und triffst dabei nicht nur auf die Androidin 2P, sondern auch auf eine bislang unbekannte Bedrohung, die ihren Schatten auf Komra wirft. Was verbirgt sich hinter dem Enigma um die Zwillinge, Androiden und Maschinenwesen?"
144,69515,0,3,4,5,114845,114245,114545,"Eden","","Jenseits der Grenzen von Norvrandt gibt es nichts als die Große Leere, ein unwirtliches Ödland, in dem es kein Leben mehr gibt. Und doch hat Ryne irgendwo in diesem grenzenlosen Nichts eine Störung ausgemacht. Könnte dies ein Zeichen für die Rückkehr des Lebens sein, oder droht eine erneute Katastrophe?"
145,69568,0,3,6,3,114847,114247,114547,"Schlacht um Werlyt","","Auf Basis der mächtigen Ultima-Waffe haben die Garlear neue Prototypen entwickelt, mit denen sie Eorzea endgültig unterwerfen wollen. Als der abtrünnige Legatus Gaius Baelsar von diesem geheimen Projekt berichtet, verbündet sich der Krieger des Lichts mit seinem ehemaligen Feind, um das Schlimmste zu verhindern. Doch dafür müssen sie nicht nur gefährliche Kämpfe bestehen, sondern auch schreckliche Schicksalsschläge verkraften."
146,69530,0,5,40,3,114836,114236,114536,"Blaumagier - Kapitel 3","Kapitel 3","Die Leiterin der Himmlischen Arena möchte Gästen aus dem Fernen Osten ein besonderes Spektakel bieten, doch die zeigen sich von der Aufführung nicht besonders beeindruckt und sehen darin nur einen schwachen Abklatsch des Fukumen-Kampffests. Royse ist erbost, dass jemand die Idee zu ihrer Veranstaltung gestohlen hat und beordert Martyn nach Kugane, um der Sache auf den Grund zu gehen. "
147,69524,0,2,45,1,114842,114242,114542,"Das Schicksal des Nichts","","Cyella und Unulkhai, die aus dem dreizehnten Splitter stammen, haben ganz unter<SoftHyphen/>schied<SoftHyphen/>liche Wege eingeschlagen. Jetzt, da der letzte der Ursprünglichen fort ist, treffen sie sich ein weiteres Mal. Welches Schicksal mag vor ihnen liegen?"
148,69286,0,2,9,2,114848,114248,114548,"Shadowbringers (Epilog)","","Nach der Rückkehr aus dem ersten Splitter trifft <If(PlayerParameter(4))>die Kriegerin<Else/>der Krieger</If> des Lichts Minfilias Mutter, F'lhaminn. Die Nachtigall von Ul'dah hat überraschend Post aus ihrer Heimat erhalten und fragt, ob <If(PlayerParameter(4))>die Heldin<Else/>der Held</If> sie nicht Minfilia zu Liebe begleiten würde."
149,70000,0,1,46,1,114849,114249,114549,"Endwalker - Kapitel 1","Kapitel 1","Die selbst<SoftHyphen/>er<SoftHyphen/>nann<SoftHyphen/>ten „Telophoroi“ haben der gesamten Welt den Krieg erklärt. Ihr Ziel: die Herbeiführung der Apokalypse. Ihr Werkzeug: die Türme der Endzeit, mit denen sie Tod und Terror unter den Stadt<SoftHyphen/>staaten und ihren verbündeten Freundesvölkern verbreiten. Verzweifelt erbitten die belagerten Völker die Unterstützung der Sharlayaner, doch das Volk der Weisen verweigert seine Hilfe. Der Bund der Morgenröte misstraut der zur Schau gestellten Gleichgültigkeit und beschließt, gen Sharlayan zu reisen, um den fragwürdigen Motiven des Rates der Philosophen auf den Grund zu gehen."
150,70000,0,1,46,2,114850,114250,114550,"Endwalker - Kapitel 2","Kapitel 2","Der Ascian Fandaniel, hinterlistig und durchtrieben, bringt dich dazu, den uralten Primae Zodiark in einem epischen Kampf zu vernichten. Doch der Sieg ist bitter: Die „Letzten Tage“, die einst durch Zodiarks Beschwörung aufgehalten wurden, nehmen erneut ihren Lauf, und so ist es Fandaniel, der in letzter Konsequenz triumphiert. Den Helden vom Bund der Morgenröte bleibt nichts anderes übrig, als der Hoffnungs<SoftHyphen/>losig<SoftHyphen/>keit die Stirn zu bieten und mit eisernem Willen ihre Reise fortzusetzen, denn das Schicksal des gesamten Planeten lastet nun auf ihren Schultern."
151,0,0,0,0,0,0,0,0,"","",""
152,69608,0,6,47,1,114851,114251,114551,"Weiser","Weiser","Die Weisen vereinen Ätherologie, Magie und Heilkraft zu einer komplexen Kunst, die gleichermaßen zerstörend wie unterstützend eingesetzt werden kann. Lalah Jinjahl, eine geheime Gesandte aus Sharlayan, ist einer Gruppe von drei gefährlichen Flüchtigen auf der Spur und bittet dich um Beistand. Doch schon bald stellst du fest, dass die Dinge komplizierter sind, als sie auf den ersten Blick erschienen."
153,69614,0,5,48,1,114852,114252,114552,"Schnitter","Schnitter","Du triffst Drusilla, die Anführerin einer geheimen Organisation namens „Lemuren“, die in den Schatten Ul'dahs operiert. Sie bietet dir einen sonderbaren Handel an: Sie lehrt dich die uralte Kunst der Schnitter, und im Gegenzug sollst du einen Nichts<SoftHyphen/>gesand<SoftHyphen/>ten jagen. Und so beginnt für dich ein weiteres Abenteuer mit neuen Freunden und gefährlichen Widersachern ..."
154,69643,69954,4,41,2,114853,114253,114553,"Rollenaufträge: Verteidiger (Endwalker)","","Blasphemitäten - Ungeheuer, die aus Angst und Ver<SoftHyphen/>zweif<SoftHyphen/>lung geboren werden. Je größer die Hoffnungs<SoftHyphen/>losig<SoftHyphen/>keit, desto schneller die Ver<SoftHyphen/>wand<SoftHyphen/>lung. Im Finsterwald ist eine dieser Endzeitbestien aufgetaucht und ihr Gift ist nicht heilbar. Alle, die damit in Kontakt kommen, hauchen ihr Leben aus. Gemeinsam mit Kan-E-Senna versuchst du, das giftige Ungetüm zu stellen, das ihr schon bald als „Gleipnir“ identifiziert ..."
155,69649,69954,6,42,2,114854,114254,114554,"Rollenaufträge: Heiler (Endwalker)","","Blasphemitäten - Ungeheuer, die aus Angst und Ver<SoftHyphen/>zweif<SoftHyphen/>lung geboren werden. Je größer die Hoffnungs<SoftHyphen/>losig<SoftHyphen/>keit, desto schneller die Ver<SoftHyphen/>wand<SoftHyphen/>lung. Im Falle der Endzeitbestie, die jüngst in Ala Mhigo aufgetaucht ist, waren wohl besonders starke Schuldgefühle der Auslöser der Metamorphose. Gemeinsam mit Arenvald und Fordola machst du dich auf die Suche, um zu tun, wozu du berufen bist: Schmerz lindern und Leid verhindern, wenn möglich."
156,69655,69954,5,43,3,114855,114255,114555,"Rollenaufträge: Nahkampf-Angreifer (Endwalker)","","Blasphemitäten - Ungeheuer, die aus Angst und Ver<SoftHyphen/>zweif<SoftHyphen/>lung geboren werden. Je größer die Hoffnungs<SoftHyphen/>losig<SoftHyphen/>keit, desto schneller die Ver<SoftHyphen/>wand<SoftHyphen/>lung. An der Küste La Nosceas schweben Sahagin, die den Pfad des Friedens für sich gewählt haben, in höchster Lebensgefahr. Gemeinsam mit Admiral Merlwyb machst du dich auf, um ein Blutbad zu verhindern. Schnell wird klar, dass die Lage ernster ist als befürchtet. Um den Konflikt zu entschärfen, braucht ihr weitere Unterstützung, und Merlwyb hat auch schon eine Idee, wer helfen könnte ..."
157,69661,69954,5,43,4,114856,114256,114556,"Rollenaufträge: Physischer Fernkampf-Angreifer (Endwalker)","","Blasphemitäten - Ungeheuer, die aus Angst und Ver<SoftHyphen/>zweif<SoftHyphen/>lung geboren werden. Je größer die Hoffnungs<SoftHyphen/>losig<SoftHyphen/>keit, desto schneller die Ver<SoftHyphen/>wand<SoftHyphen/>lung. Es scheint erst gestern gewesen zu sein, dass Doma seine Freiheit wiedererlangt hat, und schon steht seine Zukunft erneut infrage. Berichte von Endzeitbestien, unter ihnen eine besonders garstige, die den Himmel über Doma unsicher macht, erreichen König Hien. Gemeinsam mit Yugiri macht ihr euch auf die Suche nach einem verbindenden Element bei den Ver<SoftHyphen/>wand<SoftHyphen/>lungen ..."
158,69667,69954,5,43,5,114857,114257,114557,"Rollenaufträge: Magischer Fernkampf-Angreifer (Endwalker)","","Blasphemitäten - Ungeheuer, die aus Angst und Ver<SoftHyphen/>zweif<SoftHyphen/>lung geboren werden. Je größer die Hoffnungs<SoftHyphen/>losig<SoftHyphen/>keit, desto schneller die Ver<SoftHyphen/>wand<SoftHyphen/>lung. In Ishgard wurde kürzlich eine drachenähnliche Endzeitbestie gesichtet, und Artoirel hat zusammen mit Aymeric bereits ihre Fährte aufgenommen. Sie führt euch zu den Geistlichen der Ishgarder Orthodoxen Kirche, und schon bald wird klar, dass es in der Kurie brodelt ..."
159,70296,0,3,4,6,114862,114262,114562,"Pandæmonium","","Die Letzten Tage drohen das Pandæmonium zu zerstören. <If(PlayerParameter(4))>Eine Abenteurerin<Else/>Ein Abenteurer</If>, <If(PlayerParameter(4))>die<Else/>der</If> eine Nachricht aus einem mysteriösen Kristall erhielt, trifft in ferner Ver<SoftHyphen/>gangen<SoftHyphen/>heit in Elpis auf einen jungen Mann. Gemeinsam steigen sie in die Tiefen des düsteren Gefängnisses herab<Indent/>... Welche Mysterien werden sie dort enthüllen?"
160,70118,0,2,44,2,114859,114259,114559,"Abschluss (Endwalker)","","Dank des beherzten Einsatzes zahlloser Abenteurer und Aben<SoftHyphen/>teu<SoftHyphen/>re<SoftHyphen/>rin<SoftHyphen/>nen konnten die Blasphemitäten, die in Eorzea ihr Unwesen trieben, niedergerungen werden. Eigentlich galt der Weltuntergang als abgewendet, doch plötzlich erreichen dich Neuigkeiten aus Garlemald, wo erneut eine Blasphemität aufgetaucht sein soll. Mit vereinten Kräften will man nun das Problem im gefallenen Kaiserreich angehen und nach seiner Ursache suchen."
161,70123,0,3,4,4,114858,114258,114558,"Omega (Epilog)","","Auf ihrer Reise nach Ultima Thule am Rande des Universums empfing die <Emphasis>Ragnarök</Emphasis> plötzlich mysteriöse Signale. Selbst die Exegeten aus Alt-Sharlayan vermögen es nicht, diese Nachricht in einer unbekannten Sprache zu entschlüsseln. Zum Glück erhältst du Unterstützung aus einer gänzlich unerwarteten Richtung und findest dich plötzlich auf einer Reise wieder, die grundsätzliche Fragen aufwirft<Indent/>..."
162,70289,0,1,46,3,114865,114265,114565,"Neu entdecktes Abenteuer - Kapitel 1","Kapitel 1","Dir gelang es gemeinsam mit deinen Mitstreitern, bis nach Ultima Thule, dem Rand des Universums, zu reisen, und dort die Endsängerin und ihre Arie der Ver<SoftHyphen/>zweif<SoftHyphen/>lung zu bezwingen. Nach ihrer wohlbehaltenen Rückkehr entschieden sich die Mitglieder des Bundes der Morgenröte, jenen offiziell als aufgelöst zu erklären und begaben sich auf eigene Reisen. Somit hebt sich der Vorhang für ein von Grund auf neu entdecktes Abenteuer<Indent/>... "
163,70328,0,3,5,5,114867,114267,114567,"Mythen Eorzeas","","Nachdem die Letzten Tage abgewandt waren, erreichte Baldesions Gelehrte eine ominöse Anfrage: Rammbroes von Noahs Erben bittet, gemeinsam das Schemenreich zu erforschen. <If(PlayerParameter(4))>Eine wackere Abenteurerin<Else/>Ein wackerer Abenteurer</If> lässt sich das natürlich nicht zweimal sagen und begibt sich mit Krile und G'raha Tia auf eine Reise, die eines der tiefsten Mysterien Eorzeas enthüllen wird<Indent/>..."
164,70336,0,2,7,4,114868,114268,114568,"Hildibrands Rückkehr","","Hildibrand ist zurück! Doch leider ist der selbst ernannte Meisterkriminologe und Gentleman in tiefem Schlummer gefangen und lässt sich selbst mit den rabiatesten Methoden nicht aufwecken. Auf Geheiß der liebenswerten Aushilfskriminologin Nashu begibt sich <If(PlayerParameter(4))>die Kriegerin<Else/>der Krieger</If> des Lichts auf der Insel Thavnair auf die Suche nach einer Heilung für Hildis ungewohnt entspannten Gemütszustand. Wie auch nicht anders zu erwarten, geht auch diesmal wieder alles drunter und drüber in diesem neuen Kapitel. Vorhang auf für eine intergalaktische Schnitzeljagd der Gefühle!"
165,70349,0,2,51,1,114869,114269,114569,"Tatarus Wohlstandsmanufaktur","","Tatarus Wohlstandsmanufaktur wurde auf den Grundsätzen von Qualität, Kooperation und reichlich Profit gegründet, und die Schatzmeisterin des Bundes der Morgenröte hatte schon immer große Träume. Im Einklang mit ihren Ambitionen wurdest du angeworben, um das Wohlwollen von Verbündeten auf der ganzen Welt zu gewinnen und diese so unter dem Banner von Tatarus atem<SoftHyphen/>be<SoftHyphen/>rau<SoftHyphen/>ben<SoftHyphen/>den Designs zu vereinen."
166,70185,0,2,49,1,114860,114260,114560,"Die Unterstadt von Sil'dih","","Dank einer Partnerschaft zwischen der Aben<SoftHyphen/>teurer<SoftHyphen/>gilde und der Klaubergilde erreicht dich ein Brief von Momodi sogar im fernen Sharlayan. So beginnt eine heimliche Expedition: eine persönliche Begleitanfrage der Sultana, die dich zurück in die Aquädukte von Sil'dih führt, wo ein mysteriöses Tor entdeckt wurde. Nanamo Ul Namo besitzt den Schlüssel, ein Geschenk ihrer lieben verstorbenen Eltern. Wird er die historischen Geheimnisse enthüllen, die hinter dem Portal verborgen sind?"
167,70197,0,2,9,3,114861,114261,114561,"Neu entdecktes Abenteuer (Epilog)","","Ein kleiner Schatten schleicht sich in das farbenfrohe Radz-at-Han<Indent/>... ein kleines Wesen in der bemerkenswerten Gestalt eines Augapfels, das aus dem Nichts stammt. Es hat so manche Geschichte über die stärksten Geschöpfe seiner Welt mitgebracht."
168,0,0,0,0,0,0,0,0,"","",""
169,70270,0,2,49,2,114863,114263,114563,"Der Rokkon","","Es fing alles mit einem Brief der Klaubergilde an und endete mit dir und Hancock auf dem Rokkon, einem sagen<SoftHyphen/>umwobenen Berg im Fernen Osten. Der lei<SoftHyphen/>den<SoftHyphen/>schaft<SoftHyphen/>liche Sammler ist hinter ominösen Antiquitäten her, die für den ganzen Spuk auf dem Rokkon verantwortlich sein sollen."
170,70314,0,5,40,4,114864,114264,114564,"Blaumagier - Kapitel 4","","Gogo der Mime ist besiegt. Doch wird deine Dominanz in der Arena zum Verhängnis für die Große Maskerade. Ohne einen fähigen Gegenspieler kommen immer weniger Zuschauer zu den Vorstellungen. Und so beginnt ein neues Abenteuer für Martyn und dich: Die Suche nach einem würdigen Antagonisten! "
171,70289,0,1,46,4,114866,114266,114566,"Neu entdecktes Abenteuer - Kapitel 2","Kapitel 2","Die Suche nach Azdaja, der Schwester Vrtras, welche vor 5000 Jahren spurlos verschwunden war, führt dich und deine Kameraden auf den dreizehnten Splitter. Jedoch wurde der einzige Zugang dorthin von den sogenannten „Elementarfürsten“, mächtigen Nichtswesen, welche im Dienste Golbez stehen, zerstört. Zusammen mit Zero, einem Halbwesen aus dem dreizehnten Splitter, beginnt somit die Suche nach einem neuen Weg zur Reise zwischen den Welten<Indent/>..."
172,70326,0,2,49,3,114870,114270,114570,"Aloalo","","Über Sharlayans Klauber erhält <If(PlayerParameter(4))>die Kriegerin<Else/>der Krieger</If> des Lichts die Anfrage eines gewissen Pasasun, der um Hilfe für Matsya bittet. Der Fischer sieht sich mit der Aufgabe konfrontiert, zu einer Insel namens Aloalo zu reisen. Da ihm alleine die Knie schlottern, benötigt er schlagkräftige Begleitung, um die zahlreichen Geheimnisse von Aloalo zu ergründen<Indent/>..."
173,70316,0,2,50,1,114871,114271,114571,"Die Reise des Louisoix","","In Ul'dah begegnet <If(PlayerParameter(4))>die Kriegerin<Else/>der Krieger</If> des Lichts einem jungen Schriftsteller namens Nananji. Er hat sich vorgenommen, eine Biografie über den großen Weisen Louisoix zu schreiben, und damit natürlich auch die Schlüsselereignisse der Siebten Katastrophe zu ergründen. Doch was spielte sich wirklich in dieser Zeit ab? Und was ging dabei in dem Mann vor, dem Eorzea so viel zu verdanken hat?"
174,70495,0,1,52,1,114872,114272,114572,"Dawntrail - Kapitel 1","Kapitel 1","Im weit entfernten Westen liegt der Kontinent Tural, welcher von der Vereinten Nation von Tuliyollal regiert wird. Wuk Lamat, die erste Prinzessin dieser Nation, hat die lange Reise nach Eorzea auf sich genommen, um dort Unterstützer für den kurz bevorstehenden Ritus der Thronfolge zu finden. Ihre größten Hoffnungen legt sie hierbei auf <If(PlayerParameter(4))>die Kriegerin<Else/>den Krieger</If> des Lichts, für <If(PlayerParameter(4))>die<Else/>den</If> sich somit der Vorhang zu einem brandneuen Abenteuer erhebt<Indent/>..."
175,70495,0,1,52,2,114873,114273,114573,"Dawntrail - Kapitel 2","Kapitel 2","Nachdem auch die letzte Prüfung bestanden wurde, findet der Ritus der Thronfolge mit der Thronbesteigung von Wuk Lamat und Koana sein triumphales Ende. Für <If(PlayerParameter(4))>die Kriegerin<Else/>den Krieger</If> des Lichts ist die Reise durch Tural hiermit jedoch noch lange nicht abgeschlossen. Stets auf der Suche nach Abenteuern bricht <If(PlayerParameter(4))>diese<Else/>dieser</If> in Begleitung von Erenville direkt in Richtung der als Xak Tural bekannten nördlichen Hälfte des Kontinents auf<Indent/>..."
176,70389,0,5,53,1,114874,114274,114574,"Viper","","Vipern sind geschickte und vor allem tödliche Krieger, die sich auf den Kampf gegen außer<SoftHyphen/>ordent<SoftHyphen/>lich starke Bestien spezialisiert haben - und das alles zum Schutze der Bevölkerung. Eine solche Viper trifft <If(PlayerParameter(4))>die Kriegerin<Else/>der Krieger</If> des Lichts in Ul'dah. Keshkwa, der eigentlich aus dem fernen Tural kommt, ist den ganzen weiten Weg nach Eorzea gereist. Doch weswegen? <If(PlayerParameter(4))>Die Kriegerin<Else/>Der Krieger</If> des Lichts begleitet ihn auf seiner Jagd und bekommt so faszinierende Einblicke in die Welt der Vipern."
177,70395,0,5,54,1,114875,114275,114575,"Piktomant","","<If(PlayerParameter(4))>Die Kriegern<Else/>Der Krieger</If> des Lichts ahnt auf <If(PlayerParameter(4))>ihrem<Else/>seinem</If> Spaziergang durch Gridania nichts Böses, da heftet sich ein Mogry an <If(PlayerParameter(4))>ihre<Else/>seine</If> Fersen und spricht von einer Kunst namens Piktomantie - das magische Malen. Als sich <If(PlayerParameter(4))>die Kriegerin<Else/>der Krieger</If> des Lichts auch an dieser besonderen Art der Zauberei versucht, tritt <If(PlayerParameter(4))>ihre<Else/>seine</If> bunte Fantasie eine Kette von Ereignissen los, die <If(PlayerParameter(4))>ihr<Else/>ihm</If> das wahre Herz der Piktomantie offenbaren soll<Indent/>..."
178,70359,70418,4,41,3,114876,114276,114576,"Rollenaufträge: Verteidiger (Dawntrail)","","Freigeist ist eine schurkische Organisation, die nichts Geringeres im Sinn hat, als Aufstände anzuzetteln und Staaten zu stürzen. Seine Mitglieder agieren auf der ganzen Welt und machen sich die Macht von gestohlenen Artefakten aus Tural zunutze, um ihre Pläne umzusetzen.
Um eines dieser Artefakte wieder zu seinen rechtmäßigen Besitzern zu<SoftHyphen/>rück<SoftHyphen/>zu<SoftHyphen/>brin<SoftHyphen/>gen, forscht <If(PlayerParameter(4))>die Kriegerin<Else/>der Krieger</If> des Lichts gemeinsam mit Tentoawa in Ishgard nach. So beginnt ein erbitterter Kampf um das Artefakt, dem die Macht des Schlafes innewohnt<Indent/>..."
179,70365,70418,6,42,3,114877,114277,114577,"Rollenaufträge: Heiler (Dawntrail)","","Freigeist ist eine schurkische Organisation, die nichts Geringeres im Sinn hat, als Aufstände anzuzetteln und Staaten zu stürzen. Seine Mitglieder agieren auf der ganzen Welt und machen sich die Macht von gestohlenen Artefakten aus Tural zunutze, um ihre Pläne umzusetzen.
Um eines dieser Artefakte wieder zu seinen rechtmäßigen Besitzern zu<SoftHyphen/>rück<SoftHyphen/>zu<SoftHyphen/>brin<SoftHyphen/>gen, forscht <If(PlayerParameter(4))>die Kriegerin<Else/>der Krieger</If> des Lichts gemeinsam mit Loashkana in Limsa Lominsa nach. So beginnt ein erbitterter Kampf um das Artefakt, dem die Macht des Giftes innewohnt<Indent/>..."
180,70371,70418,5,43,6,114878,114278,114578,"Rollenaufträge: Nahkampf-Angreifer (Dawntrail)","","Freigeist ist eine schurkische Organisation, die nichts Geringeres im Sinn hat, als Aufstände anzuzetteln und Staaten zu stürzen. Seine Mitglieder agieren auf der ganzen Welt und machen sich die Macht von gestohlenen Artefakten aus Tural zunutze, um ihre Pläne umzusetzen.
Um eines dieser Artefakte wieder zu seinen rechtmäßigen Besitzern zu<SoftHyphen/>rück<SoftHyphen/>zu<SoftHyphen/>brin<SoftHyphen/>gen, forscht <If(PlayerParameter(4))>die Kriegerin<Else/>der Krieger</If> des Lichts gemeinsam mit I'toca in Kugane nach. So beginnt ein erbitterter Kampf um das Artefakt, dem die Macht der Ver<SoftHyphen/>wand<SoftHyphen/>lung innewohnt<Indent/>..."
181,70377,70418,5,43,7,114879,114279,114579,"Rollenaufträge: Physischer Fernkampf-Angreifer (Dawntrail)","","Freigeist ist eine schurkische Organisation, die nichts Geringeres im Sinn hat, als Aufstände anzuzetteln und Staaten zu stürzen. Seine Mitglieder agieren auf der ganzen Welt und machen sich die Macht von gestohlenen Artefakten aus Tural zunutze, um ihre Pläne umzusetzen.
Um eines dieser Artefakte wieder zu seinen rechtmäßigen Besitzern zu<SoftHyphen/>rück<SoftHyphen/>zu<SoftHyphen/>brin<SoftHyphen/>gen, forscht <If(PlayerParameter(4))>die Kriegerin<Else/>der Krieger</If> des Lichts gemeinsam mit Ceetol Ja in Ala Mhigo nach. So beginnt ein erbitterter Kampf um das Artefakt, dem die Macht des Schutzes innewohnt<Indent/>..."
182,70383,70418,5,43,8,114880,114280,114580,"Rollenaufträge: Magischer Fernkampf-Angreifer (Dawntrail)","","Freigeist ist eine schurkische Organisation, die nichts Geringeres im Sinn hat, als Aufstände anzuzetteln und Staaten zu stürzen. Seine Mitglieder agieren auf der ganzen Welt und machen sich die Macht von gestohlenen Artefakten aus Tural zunutze, um ihre Pläne umzusetzen.
Um eines dieser Artefakte wieder zu seinen rechtmäßigen Besitzern zu<SoftHyphen/>rück<SoftHyphen/>zu<SoftHyphen/>brin<SoftHyphen/>gen, forscht <If(PlayerParameter(4))>die Kriegerin<Else/>der Krieger</If> des Lichts gemeinsam mit Tepeke in Radz-at-Han nach. So beginnt ein erbitterter Kampf um das Artefakt, dem die Macht des Glücks innewohnt<Indent/>..."
183,70727,0,2,44,3,114881,114281,114581,"Abschluss (Dawntrail)","","Die Anführer von Freigeist befinden sich in Gewahrsam und die Artefakte wurden ihren rechtmäßigen Besitzern zurückgegeben, doch Apyaahi befindet sich noch immer auf freiem Fuß. Mit ihren wenigen verbliebenen Handlangern schmiedet sie einen verzweifelten Plan. Es liegt an dir, sie der Gerechtigkeit zuzuführen, ehe sie einmal mehr Chaos unter den Nationen der Welt anrichtet."
184,70976,0,3,4,8,114885,114285,114585,"Das Arkadion","","In jedem Herzen brennt ein Feuer. Und trifft Faust auf Faust, Zauber auf Zauber und Seele auf Seele, so flammt dieses auf zu einer wahren Brunst aus Leidenschaft und explodiert schlussendlich in einem Feuerwerk der Energie. Nur an einem Ort können Kämpfer wie Zuschauer Duelle von dieser Intensität erleben<Indent/>- im Arkadion! Und so wird auch der Krieger des Lichts vom Wirbel des Kampfes mitgesogen, die Augen auf nur ein Ziel gerichtet: an der Spitze zu stehen!"
185,70909,0,1,52,3,114884,114284,114584,"Dawntrail (Abschluss)","","Um den Fortbestand ihrer geliebten Endlosen zu sichern, war die Ewige Königin Sphene bereit, in andere Welten einzufallen und sich deren Äther zu beschaffen - eine Gräueltat, welche der Krieger des Lichts und seine Kameraden noch gerade so verhindern konnten. Zurück bleibt Sphenes Königreich Alexandria, welches nun ohne seine Königin steht und dessen Bewohner plötzlich einen längst vergessenen Begleiter in ihrem Alltag begrüßen müssen: den Tod."
186,71018,0,2,7,5,114903,114303,114603,"Hildibrands Fälle (Dawntrail)","","Der kongeniale Kriminologe Hildibrand ist auf Koyo-Koyo getroffen, einen Außerætherischen, und löste auf seine gentlehaftige Art das Rätsel um dessen verschwundenen Freund. Doch plötzlich wurde er von Koyo-Koyos fliegender Untertasse angesaugt, die mitsamt dem Detektiv verschwand. Seitdem hat ihn niemand mehr gesehen."
187,71016,0,3,5,6,114902,114302,114602,"Echos aus Vana'diel","","Nach dem Thronwechsel öffnet sich Mamook der Außenwelt und nach und nach kehren Ruhe und Frieden in das krisengebeutelte Gebiet ein<Indent/>- bis eines Tages ein Bote der Mamool Ja von beunruhigenden Ereignissen im Wald von Yak T'el berichtet. Ferne Erinnerungen hallen zwischen den Bäumen wider und eine Wolke des Unheils zieht auf<Indent/>... Welche Geheimnisse verbergen sich tief im Herzen des Waldes?"
188,70788,0,3,4,7,114882,114282,114582,"Pandæmonium (Epilog)","","Nachdem <If(PlayerParameter(4))>die Kriegerin<Else/>der Krieger</If> des Lichts die finsteren Pläne Athenas in den Tiefen des Pandæmoniums durchkreuzt hat, wird <If(PlayerParameter(4))>sie<Else/>er</If> erneut zu Professor Claudien gerufen. Diesmal handelt es sich um einen ganz besonderen Spezialauftrag, der direkt in die Ver<SoftHyphen/>gangen<SoftHyphen/>heit nach Elpis führt. Es gilt, Erichthonios einen Herzenswunsch zu erfüllen<Indent/>..."
189,70353,0,2,55,1,114883,114283,114583,"Rollenaufträge (Dawntrail): Auftakt","","Das für seine Tacos in ganz Tuliyollal berühmt-berüchtigte Xbalyav Ty'e: ein Ort für Feinschmecker aus aller Welt. Doch seit Neuestem soll es auch so manch einen Gesetzlosen an seine gemütlichen Holztische treiben. Das gefällt dem Inhaber des Restaurants, Br'uk Evu, natürlich gar nicht gut, weshalb er einen Plan ausheckt, um mit dem Schurkenpack fertig zu werden<Indent/>..."
190,70978,0,2,49,4,114886,114286,114586,"Des Händlers Liebesmüh","","Ein Brief von der Klaubergilde führt dazu, dass <If(PlayerParameter(4))>die Kriegerin<Else/>der Krieger</If> des Lichts Y'nazqhas Bekanntschaft macht, die sich als keine Geringere als Y'shtolas Schwester herausstellt. <If(PlayerParameter(4))>Die Kriegerin<Else/>Der Krieger</If> des Lichts beschließt, ihrer ungewöhnlichen Bitte nachzukommen und gemeinsam mit ihr in ein magisches Buch einzutauchen, das ihr Vater ihr hinterlassen hat. Im Hand<SoftHyphen/>umdrehen werden sie zu Figuren aus dem Märchen „Des Händlers Liebesmüh“ und kämpfen sich zusammen bis zum letzten Kapitel durch."
191,70009,0,2,58,1,114887,114287,114587,"Aufträge der Magieakademie (Handwerker/Sammler): Auftakt","","Im Herzen der Stadt des Wissens thront sie, die Magieakademie von Sharlayan. Dort, wo sich die klügsten Köpfe des Gestirns versammeln, werden auch die kuriosesten Anfragen gestellt. Und eben dort wird <If(PlayerParameter(4))>die Kriegerin<Else/>der Krieger</If> des Lichts von Qih Aliapoh angesprochen, die selbst an der Akademie tätig ist. Sie sieht in <If(PlayerParameter(4))>der bescheidenen Abenteurerin<Else/>dem bescheidenen Abenteurer</If> genau <If(PlayerParameter(4))>die Richtige<Else/>den Richtigen</If>, um den diversen Professoren, Dozenten und Lehreren der Akademie zur Hand zu gehen. Doch wird es gelingen, die oftmals unmöglich klingenden Wünsche auch zu erfüllen?"
192,69674,0,7,56,1,114888,114288,114588,"Aufträge des Instituts für Archäologie","","<UIForeground>F201F4</UIForeground><UIGlow>F201F5</UIGlow>Bei diesen Aufträgen müssen keine Sammlerstücke mehr abgegeben werden.<UIGlow>01</UIGlow><UIForeground>01</UIForeground>
Rurusha vom Institut für Archäologie sucht <If(PlayerParameter(4))>eine Fachfrau<Else/>einen Fachmann</If>, um ein ganz bestimmtes Artefakt zu restaurieren. Dabei geht es um nichts Geringeres als den Goldenen Dhyata, eine Art magische Marionette mit besonderen Fä<SoftHyphen/>hig<SoftHyphen/>kei<SoftHyphen/>ten."
193,69681,0,7,56,2,114889,114289,114589,"Aufträge des Astronomischen Instituts","","<UIForeground>F201F4</UIForeground><UIGlow>F201F5</UIGlow>Bei diesen Aufträgen müssen keine Sammlerstücke mehr abgegeben werden.<UIGlow>01</UIGlow><UIForeground>01</UIForeground>
Jules, das einzige Mitglied der Forschungsgesellschaft für Klassische Astronomie am Astronomischen Institut, hat es sich in den Kopf gesetzt, die Existenz des sogenannten Blauen Sterns zu beweisen. Dies ist keine leichte Aufgabe, doch es wird der kuriose Plan ersonnen, dafür ein spezielles Teleskop herzustellen: den Sternenbeobachtungsspiegel."
194,69688,0,7,56,3,114890,114290,114590,"Aufträge des Medizinischen Instituts","","<UIForeground>F201F4</UIForeground><UIGlow>F201F5</UIGlow>Bei diesen Aufträgen müssen keine Sammlerstücke mehr abgegeben werden.<UIGlow>01</UIGlow><UIForeground>01</UIForeground>
Das Medizinische Institut widmet sich der Aufgabe, eine Mahlzeit zu entwickeln, die all die Nährstoffe enthält, die ein erwachsener Körper zum Überleben braucht. Leider schmecken die Prototypen grauenvoll, und das kann Professor Galveroche so nicht stehen lassen. Für ihn ist die kulinarische Komponente ebenso wichtig wie die ernährerische."
195,69695,0,8,57,1,114891,114291,114591,"Aufträge des Kulturwissenschaftlichen Instituts","","<UIForeground>F201F4</UIForeground><UIGlow>F201F5</UIGlow>Bei diesen Aufträgen müssen keine Sammlerstücke mehr abgegeben werden.<UIGlow>01</UIGlow><UIForeground>01</UIForeground>
Hinageshi, eine Mitarbeiterin des Kulturwissenschaftlichen Instituts, ist in Professor Tankin verliebt. Doch der gute Professor ist so sehr mit seiner Forschung beschäftigt, dass er davon einfach nichts mitbekommt. Ob das neue Forschungsprojekt der beiden daran etwas ändern kann?"
196,69702,0,8,57,2,114892,114292,114592,"Aufträge des Ätherologischen Instituts","","<UIForeground>F201F4</UIForeground><UIGlow>F201F5</UIGlow>Bei diesen Aufträgen müssen keine Sammlerstücke mehr abgegeben werden.<UIGlow>01</UIGlow><UIForeground>01</UIForeground>
Das Ätherologischen Institut steht kurz vor seiner Schließung, weil sein Dozent T'laqa Tia wegen akuter Ätherüberreizung keine Feldforschung betreiben kann. Damit die ätherische Erforschung von Gewässern fortgesetzt werden kann, benötigt er Fänge aus verschiedenen Regionen."
197,70010,0,2,59,1,114893,114293,114593,"Aufträge der Magieakademie (Handwerker/Sammler): Abschluss","","Rektor Montichaigne möchte ein Symposium veranstalten und lädt dazu fünf seiner führenden Forscherkollegen ein. Auch Searchingway, seines Zeichens wissbegieriger Loporrit vom Mond, bittet darum, dem interdisziplinären Wissensaustausch beiwohnen zu dürfen."
198,70502,0,2,58,11,114894,114294,114594,"Aufträge von Wachumeqimeqi (Handwerker/Sammler): Auftakt","","Ropli vom Markt von Wachumeqimeqi ist bei seiner Suche nach einem fähigen Handwerker auf <If(PlayerParameter(4))>die Kriegerin<Else/>den Krieger</If> des Lichts gestoßen und berichtet <If(PlayerParameter(4))>ihr<Else/>ihm</If> von den Sorgen, die die einzelnen Ladeninhaber haben. Der Name des Marktes bedeutet so viel wie „Haus der unzähligen Perlen“. Ropli hofft sehr, dass sich in eben jenen Perlen schon bald wieder die freudigen Gesichter von Händlern und Kunden spiegeln."
199,70510,0,7,56,11,114895,114295,114595,"Aufträge von XRral Soj Metallwaren","","<UIForeground>F201F4</UIForeground><UIGlow>F201F5</UIGlow>Bei diesen Aufträgen müssen keine Sammlerstücke mehr abgegeben werden.<UIGlow>01</UIGlow><UIForeground>01</UIForeground>
XRral Soj Metallwaren rühmt sich damit, seine Töpfe und Messer schnell und präzise zu fertigen. Die kürzlich angestellte Mitarbeiterin Papawni, eine ehemalige Topfwerkerin, versteht sich vor allem auf die Bearbeitung seltener Metalle. Doch die wollen erst mal besorgt werden, damit die Geschäfte brummen können."
200,70517,0,7,56,12,114896,114296,114596,"Aufträge von Pamekas Briefwerkstatt","","<UIForeground>F201F4</UIForeground><UIGlow>F201F5</UIGlow>Bei diesen Aufträgen müssen keine Sammlerstücke mehr abgegeben werden.<UIGlow>01</UIGlow><UIForeground>01</UIForeground>
Viele Bewohner von Tuliyollal können nicht gut lesen und schreiben und nehmen deshalb die Dienste von Pamekas Briefwerkstatt in Anspruch. So wie Zemoweni, der die Legenden und Anekdoten, die ihm die Gäste im Xbalyav Ty'e berichten, gerne für die Nachwelt erhalten möchte. Das geballte Wissen will natürlich nicht nur niedergeschrieben, sondern auch gebunden werden. Und dafür benötigt Pameka Hilfe."
201,70524,0,7,56,13,114897,114297,114597,"Aufträge von Xeerol Jas Safterei","","<UIForeground>F201F4</UIForeground><UIGlow>F201F5</UIGlow>Bei diesen Aufträgen müssen keine Sammlerstücke mehr abgegeben werden.<UIGlow>01</UIGlow><UIForeground>01</UIForeground>
Xeerol Jas Safterei droht im wahrsten Sinne des Wortes der Saft auszugehen. Um dem Laden wieder auf die Beine zu helfen, möchten die Inhaberin Xeerol Ja und der Moblin-Sammler Halnaruk gesunde Getränke entwickeln, die auf die Bedürfnisse der einzelnen Regionen abgeschnitten sind."
202,70531,0,8,57,11,114898,114298,114598,"Aufträge von Shunyes Apotheke","","<UIForeground>F201F4</UIForeground><UIGlow>F201F5</UIGlow>Bei diesen Aufträgen müssen keine Sammlerstücke mehr abgegeben werden.<UIGlow>01</UIGlow><UIForeground>01</UIForeground>
Der shetonische Apotheken-Inhaber Shunye klagt über miese Geschäfte. Da kommen ihm <If(PlayerParameter(4))>die Kriegerin<Else/>der Krieger</If> des Lichts und eine Viera namens Uvlo, die sehr am Volk der Shetona interessiert ist, gerade recht. Er spannt sie ein, ihm bei der Materialbeschaffung zu helfen, und plaudert dabei so einiges über seinen Laden und die Shetona aus dem Nähkästchen."
203,70538,0,8,57,12,114899,114299,114599,"Aufträge von Donuhanus Fabelhaften Fischen","","<UIForeground>F201F4</UIForeground><UIGlow>F201F5</UIGlow>Bei diesen Aufträgen müssen keine Sammlerstücke mehr abgegeben werden.<UIGlow>01</UIGlow><UIForeground>01</UIForeground>
Monsterfische erfreuen sich in Tuliyollal nicht gerade besonderer Beliebtheit, was Donuhanu gerne ändern möchte. Ein glücklicher Zufall, dass just in diesem Moment der Whalaqee-Magier Pashenine erscheint, ein Meister der Fischillusionsmagie, der für sein Handwerk eben jene Fische benötigt. Nun braucht es nur noch <If(PlayerParameter(4))>eine Fischerin, die<Else/>einen Fischer, der</If> mutig genug ist, sie aus dem Wasser zu ziehen."
204,70503,0,2,59,11,114900,114300,114600,"Aufträge von Wachumeqimeqi (Handwerker/Sammler): Abschluss","","Tuliyollal hat in seiner kurzen Zeit als Königreich bereits einiges mitgemacht. Das hat die Bewohner zusammengeschweißt und sorgt für einen steten Strom von Zuwanderern in die Hauptstadt. Damit die neuen Mitbürger sich zu Hause fühlen, möchte Ropli ein großes Wachumeqimeqi-Dankesspektakel veranstalten."
205,0,0,0,0,0,0,0,0,"","",""
206,0,0,0,0,0,0,0,0,"","",""
