key,0,1,2,3,4,5,6,7,8,9,10,11
#,,,,,,Command,ShortCommand,Description,Alias,ShortAlias,Param,
int32,byte,byte,sbyte,sbyte,sbyte,str,str,str,str,str,TextCommandParam,uint32
0,0,0,0,0,0,"","","","","",0,0
1,1,0,0,0,0,"/record","","/rückblende, /rück, /record
→ Öffnet das Rückblendenmenü.","/rückblende","/rück",32,0
2,2,1,0,0,0,"/recordready","","/rückbereit, /rb, /recordready
VERWENDUNG:
/rückbereit [Zahl]
→ Sendet eine Bereitschaftsanfrage für die Rückblende und startet den Inhalt nach einem Countdown von 5-30 Sekunden, nachdem alle ihre Bereitschaft erklärt haben.
Bei fehlendem Unterbefehl wird das Menü für die Bereitschaftsanfrage (Rückblende) geöffnet.","/rückbereit","/rb",0,0
3,1,0,0,0,0,"/pvpteamcmd","","/pvpteammenü, /tm, /pvpteamcmd
→ Öffnet das PvP-Team-Menü.","/pvpteammenü","/tm",0,0
4,1,0,0,0,0,"/saddlebag","","/satteltasche, /st, /chocobag
→ Zeigt den Inhalt der Chocobo-Satteltasche an.","/satteltasche","/st",0,0
5,1,0,0,0,0,"/magiaright","","/magiarechts, /mr, /magiaright
→ Dreht die Magia-Tafel im Uhrzeigersinn.","/magiarechts","/mr",0,0
6,1,0,0,0,0,"/magialeft","","/magialinks, /ml, /magialeft
→ Dreht die Magia-Tafel gegen den Uhrzeigersinn.","/magialinks","/ml",0,0
7,1,0,0,0,0,"/cwlinkshellcmd","/cwlcmd","/wkkmenü, /wkkm, /cwlinkshellcmd, /cwlcmd
→ Öffnet und schließt das Menüfenster deines Welten-Kontaktkreises.","/wkkmenü","/wkkm",0,0
8,3,1,17,0,0,"/quickchat","/qchat","/schnellchat, /schat, /quickchat, /qchat
VERWENDUNG:
/schnellchat [Chat-Nachricht]
→ Sendet eine schnelle Chat-Nachricht. Kann nur während „Crystalline Conflict“ benutzt werden.

Beispiel:
/schnellchat Angriff
Sendet die Nachricht „Angriff“ an die Teammitglieder.
/schnellchat <t> Angriff
Bittet Teammitglieder, das aktuell anvisierte Ziel anzugreifen.","/schnellchat","/schat",1021,0
9,4,3,2,18,2,"/bluespellbook","","/blaumagie, /blaum, /bluespellbook
VERWENDUNG:
/blaumagie [Unterbefehl]
→ Aktiviert ein Blaumagie-Kommando.
>>Unterbefehle:
  <UIForeground>F201FA</UIForeground><UIGlow>F201FB</UIGlow>legen<UIGlow>01</UIGlow><UIForeground>01</UIForeground> (set) [Kommando] Aktiviert oder deaktiviert das genannte Blaumagie-Kommando.
  <UIForeground>F201FA</UIForeground><UIGlow>F201FB</UIGlow>legen<UIGlow>01</UIGlow><UIForeground>01</UIForeground> (set) [Kommando] <UIForeground>F201FA</UIForeground><UIGlow>F201FB</UIGlow>ein<UIGlow>01</UIGlow><UIForeground>01</UIForeground> (on) Aktiviert das genannte Blaumagie-Kommando.
  <UIForeground>F201FA</UIForeground><UIGlow>F201FB</UIGlow>legen<UIGlow>01</UIGlow><UIForeground>01</UIForeground> (set) [Kommando] <UIForeground>F201FA</UIForeground><UIGlow>F201FB</UIGlow>aus<UIGlow>01</UIGlow><UIForeground>01</UIForeground> (off) Deaktiviert das genannte Blaumagie-Kommando.
  <UIForeground>F201FA</UIForeground><UIGlow>F201FB</UIGlow>aktivset<UIGlow>01</UIGlow><UIForeground>01</UIForeground> (preset) [Aktivset-Nummer] (1-5)
 Aktiviert das bezeichnete Aktivset.
  <UIForeground>F201FA</UIForeground><UIGlow>F201FB</UIGlow>zurück<UIGlow>01</UIGlow><UIForeground>01</UIForeground> (clear) Deaktiviert alle Kommandos des aktiven Sets.
Bei fehlendem Unterbefehl wird das Zauberbuch der Blaumagie geöffnet.
>>Beispiel:
/blaumagie legen Wasserkanone
Aktiviert oder deaktiviert das Kommando „Wasserkanone“.
/blaumagie aktivset 2
Aktiviert das Aktivset 2.","/blaumagie","/blaum",36,0
10,2,1,2,0,0,"/magiaattack","","/magiaoffensiv, /magiaoff, /magiaattack
VERWENDUNG:
/magiaoffensiv [Ziel]
→ Stellt die Magia-Tafel entgegengesetzt zur elementaren Affinität des benannten Zieles ein.
>>Beispiel:
/magiaoffensiv <t>
Stellt die Magia-Tafel entgegengesetzt zur elementaren Affinität des anvisierten Zieles ein.","/magiaoffensiv","/magiaoff",0,0
11,2,1,2,0,0,"/magiadefense","","/magiadefensiv, /magiadef, /magiadefense
VERWENDUNG:
/defensiv [Ziel]
→ Stellt die Magia-Tafel passend zur elementaren Affinität des benannten Zieles ein.
>>Beispiel:
/magiadefensiv <t>
Stellt die Magia-Tafel passend zur elementaren Affinität des anvisierten Zieles ein.","/magiadefensiv","/magiadef",0,0
12,2,1,2,0,0,"/magiaauto","","/magiaauto
VERWENDUNG:
/magiaauto [Unterbefehl]
→ Aktiviert oder deaktiviert den Automatikmodus der Magia-Tafel. Solange der Automatikmodus aktiv ist, wird die elementare Ausrichtung der Magia-Tafel automatisch an das Ziel angepasst.
>>Unterbefehle:
  <UIForeground>F201FA</UIForeground><UIGlow>F201FB</UIGlow>ang<UIGlow>01</UIGlow><UIForeground>01</UIForeground> (attack): Die automatische Anpassung erfolgt offensiv.
  <UIForeground>F201FA</UIForeground><UIGlow>F201FB</UIGlow>ver<UIGlow>01</UIGlow><UIForeground>01</UIForeground> (defense): Die automatische Anpassung erfolgt defensiv.
  <UIForeground>F201FA</UIForeground><UIGlow>F201FB</UIGlow>aus<UIGlow>01</UIGlow><UIForeground>01</UIForeground> (off): Deaktiviert den Automatikmodus.
Bei fehlendem Unterbefehl werden die Einstellungsoptionen der Reihe nach durchgeschaltet.
>>Beispiel:
/magiaauto offensiv
Aktiviert den offensiven Automatikmodus.","","",0,0
13,1,0,0,0,0,"/cwlinkshell1","/cwl1","/weltenkontaktkreis1, /wkk1, /cwlinkshell1, /cwl1
VERWENDUNG:
/wkk1 [Nachr.]
→ Sendet eine Nachricht an alle Mitglieder des Welten-Kontaktkreises, dem du Slot 1 zugewiesen hast. Die Entfernung spielt keine Rolle.
Wenn kein Text eingegeben wird, wechselt das Chatlog zum Reiter „Welten-Kontaktkreis 1“.

Beispiel:
/wkk1 Guten Morgen!
Sendet die Chat-Nachricht „Guten Morgen!“ an alle Mitglieder des Welten-Kontaktkreises 1.
/wkk1
Wechselt den aktiven Reiter des Chatlogs zu „Welten-Kontaktkreis 1“.","/weltenkontaktkreis1","/wkk1",1021,0
14,1,0,0,0,0,"/cwlinkshell2","/cwl2","/weltenkontaktkreis2, /wkk2, /cwlinkshell2, /cwl2
VERWENDUNG:
/wkk2 [Nachr.]
→ Sendet eine Nachricht an alle Mitglieder des Welten-Kontaktkreises, dem du Slot 2 zugewiesen hast. Die Entfernung spielt keine Rolle.
Wenn kein Text eingegeben wird, wechselt das Chatlog zum Reiter „Welten-Kontaktkreis 2“.

Beispiel:
/wkk2 Guten Morgen!
Sendet die Chat-Nachricht „Guten Morgen!“ an alle Mitglieder des Welten-Kontaktkreises 2.
/wkk2
Wechselt den aktiven Reiter des Chatlogs zu „Welten-Kontaktkreis 2“.","/weltenkontaktkreis2","/wkk2",1021,0
15,1,0,0,0,0,"/cwlinkshell3","/cwl3","/weltenkontaktkreis3, /wkk3, /cwlinkshell3, /cwl3
VERWENDUNG:
/wkk3 [Nachr.]
→ Sendet eine Nachricht an alle Mitglieder des Welten-Kontaktkreises, dem du Slot 3 zugewiesen hast. Die Entfernung spielt keine Rolle.
Wenn kein Text eingegeben wird, wechselt das Chatlog zum Reiter „Welten-Kontaktkreis 3“.

Beispiel:
/wkk3 Guten Morgen!
Sendet die Chat-Nachricht „Guten Morgen!“ an alle Mitglieder des Welten-Kontaktkreises 3.
/wkk3
Wechselt den aktiven Reiter des Chatlogs zu „Welten-Kontaktkreis 3“.","/weltenkontaktkreis3","/wkk3",1021,0
16,1,0,0,0,0,"/cwlinkshell4","/cwl4","/weltenkontaktkreis4, /wkk4, /cwlinkshell4, /cwl4
VERWENDUNG:
/wkk4 [Nachr.]
→ Sendet eine Nachricht an alle Mitglieder des Welten-Kontaktkreises, dem du Slot 4 zugewiesen hast. Die Entfernung spielt keine Rolle.
Wenn kein Text eingegeben wird, wechselt das Chatlog zum Reiter „Welten-Kontaktkreis 4“.

Beispiel:
/wkk4 Guten Morgen!
Sendet die Chat-Nachricht „Guten Morgen!“ an alle Mitglieder des Welten-Kontaktkreises 4.
/wkk4
Wechselt den aktiven Reiter des Chatlogs zu „Welten-Kontaktkreis 4“.","/weltenkontaktkreis4","/wkk4",1021,0
17,1,0,0,0,0,"/cwlinkshell5","/cwl5","/weltenkontaktkreis5, /wkk5, /cwlinkshell5, /cwl5
VERWENDUNG:
/wkk5 [Nachr.]
→ Sendet eine Nachricht an alle Mitglieder des Welten-Kontaktkreises, dem du Slot 5 zugewiesen hast. Die Entfernung spielt keine Rolle.
Wenn kein Text eingegeben wird, wechselt das Chatlog zum Reiter „Welten-Kontaktkreis 5“.

Beispiel:
/wkk5 Guten Morgen!
Sendet die Chat-Nachricht „Guten Morgen!“ an alle Mitglieder des Welten-Kontaktkreises 5.
/wkk5
Wechselt den aktiven Reiter des Chatlogs zu „Welten-Kontaktkreis 5“.","/weltenkontaktkreis5","/wkk5",1021,0
18,1,0,0,0,0,"/cwlinkshell6","/cwl6","/weltenkontaktkreis6, /wkk6, /cwlinkshell6, /cwl6
VERWENDUNG:
/wkk6 [Nachr.]
→ Sendet eine Nachricht an alle Mitglieder des Welten-Kontaktkreises, dem du Slot 6 zugewiesen hast. Die Entfernung spielt keine Rolle.
Wenn kein Text eingegeben wird, wechselt das Chatlog zum Reiter „Welten-Kontaktkreis 6“.

Beispiel:
/wkk6 Guten Morgen!
Sendet die Chat-Nachricht „Guten Morgen!“ an alle Mitglieder des Welten-Kontaktkreises 6.
/wkk6
Wechselt den aktiven Reiter des Chatlogs zu „Welten-Kontaktkreis 6“.","/weltenkontaktkreis6","/wkk6",1021,0
19,1,0,0,0,0,"/cwlinkshell7","/cwl7","/weltenkontaktkreis7, /wkk7, /cwlinkshell7, /cwl7
VERWENDUNG:
/wkk7 [Nachr.]
→ Sendet eine Nachricht an alle Mitglieder des Welten-Kontaktkreises, dem du Slot 7 zugewiesen hast. Die Entfernung spielt keine Rolle.
Wenn kein Text eingegeben wird, wechselt das Chatlog zum Reiter „Welten-Kontaktkreis 7“.

Beispiel:
/wkk7 Guten Morgen!
Sendet die Chat-Nachricht „Guten Morgen!“ an alle Mitglieder des Welten-Kontaktkreises 7.
/wkk7
Wechselt den aktiven Reiter des Chatlogs zu „Welten-Kontaktkreis 7“.","/weltenkontaktkreis7","/wkk7",1021,0
20,1,0,0,0,0,"/cwlinkshell8","/cwl8","/weltenkontaktkreis8, /wkk8, /cwlinkshell8, /cwl8
VERWENDUNG:
/wkk8 [Nachr.]
→ Sendet eine Nachricht an alle Mitglieder des Welten-Kontaktkreises, dem du Slot 8 zugewiesen hast. Die Entfernung spielt keine Rolle.
Wenn kein Text eingegeben wird, wechselt das Chatlog zum Reiter „Welten-Kontaktkreis 8“.

Beispiel:
/wkk8 Guten Morgen!
Sendet die Chat-Nachricht „Guten Morgen!“ an alle Mitglieder des Welten-Kontaktkreises 8.
/wkk8
Wechselt den aktiven Reiter des Chatlogs zu „Welten-Kontaktkreis 8“.","/weltenkontaktkreis8","/wkk8",1021,0
21,2,0,0,0,0,"/graphicpresets","/gpresets","/grafikeinstellungen (/grafikein), /graphicpresets (/gpresets)
VERWENDUNG:
/grafikein [Nummer]
Wechselt die Grafikeinstellungen zu der entsprechenden Voreinstellung.

Nummern der Voreinstellungen (1-5)
<If(Equal(PlayerParameter(78),3))>1: Standard (Mac)
2: Mittel (Mac)
3: Hoch (Mac)
4: Sehr hoch (Mac)
5: Maximum (Mac)<Else/>1: Standard (Laptop)
2: Standard (Desktop)
3: Hoch (Laptop)
4: Hoch (Desktop)
5: Maximum</If>","/grafikeinstellungen","/grafikein",993,0
22,1,0,0,0,0,"/fellowship","/fs","/zirkel, /fellowship
→ Öffnet die Liste der Zirkel.","/zirkel","",32,0
23,1,0,0,0,0,"/fellowshipfinder","/fsfinder","/zirkelsuche, /zs, /fellowshipfinder
→ Öffnet die Zirkelsuche.","/zirkelsuche","/zs",32,0
24,1,0,0,0,0,"/collection","/coll","/kuriositäten (/kuri), /collection (/coll)
→ Öffnet das Fenster „Kuriositäten“.","/kuriositäten","/kuri",32,0
25,1,0,0,0,0,"/newgame+","/ng+","/neuesspiel+, /ns+, /newgame+
→ Öffnet das Menü zum Starten von Neues Spiel+.","/neuesspiel+","/ns+",32,0
26,2,1,2,0,0,"/dice","","/zufall, /dice
VERWENDUNG:
/zufall [Chat]
→ Wählt zufällig eine Zahl zwischen 0 und 999 aus und sendet sie im aktuellen bzw. ausgewählten Chatmodus. 
Auswählbare Chatmodi
<UIForeground>F201FA</UIForeground><UIGlow>F201FB</UIGlow>Gruppe<UIGlow>01</UIGlow><UIForeground>01</UIForeground> (<UIForeground>F201FA</UIForeground><UIGlow>F201FB</UIGlow>gruppe<UIGlow>01</UIGlow><UIForeground>01</UIForeground>, <UIForeground>F201FA</UIForeground><UIGlow>F201FB</UIGlow>party<UIGlow>01</UIGlow><UIForeground>01</UIForeground>)
<UIForeground>F201FA</UIForeground><UIGlow>F201FB</UIGlow>Allianz<UIGlow>01</UIGlow><UIForeground>01</UIForeground> (<UIForeground>F201FA</UIForeground><UIGlow>F201FB</UIGlow>allianz<UIGlow>01</UIGlow><UIForeground>01</UIForeground>, <UIForeground>F201FA</UIForeground><UIGlow>F201FB</UIGlow>alliance<UIGlow>01</UIGlow><UIForeground>01</UIForeground>)
<UIForeground>F201FA</UIForeground><UIGlow>F201FB</UIGlow>Freie Ge<SoftHyphen/>sell<SoftHyphen/>schaft<UIGlow>01</UIGlow><UIForeground>01</UIForeground> (<UIForeground>F201FA</UIForeground><UIGlow>F201FB</UIGlow>fg<UIGlow>01</UIGlow><UIForeground>01</UIForeground>)
<UIForeground>F201FA</UIForeground><UIGlow>F201FB</UIGlow>PvP-Team<UIGlow>01</UIGlow><UIForeground>01</UIForeground> (<UIForeground>F201FA</UIForeground><UIGlow>F201FB</UIGlow>pvpteam<UIGlow>01</UIGlow><UIForeground>01</UIForeground>)
<UIForeground>F201FA</UIForeground><UIGlow>F201FB</UIGlow>Kontaktkreis 1-8<UIGlow>01</UIGlow><UIForeground>01</UIForeground> (<UIForeground>F201FA</UIForeground><UIGlow>F201FB</UIGlow>kk1-8<UIGlow>01</UIGlow><UIForeground>01</UIForeground>)
<UIForeground>F201FA</UIForeground><UIGlow>F201FB</UIGlow>Weltenkontaktkreis 1-8<UIGlow>01</UIGlow><UIForeground>01</UIForeground> (<UIForeground>F201FA</UIForeground><UIGlow>F201FB</UIGlow>wkk1-8<UIGlow>01</UIGlow><UIForeground>01</UIForeground>)
Wird der Chatmodus als Abkürzung eingegeben, wird die Zahl im eingegebenen Chatmodus gesendet.
* Beim Erstellen von Makros kann der Chatmodus nicht abgekürzt werden.
Beispiel:
/zufall
Sendet eine zufällig ausgewählte Zahl an alle Spieler in deiner näheren Umgebung.
/zufall 16
Sendet eine zufällige Zahl zwischen 1 und 16 an alle Spieler in deiner näheren Umgebung.
/zufall wkk1
Sendet eine zufällig ausgewählte Zahl an alle Mitglieder des Welten-Kontaktkreises 1.
/zufall wkk1 16
Sendet eine zufällige Zahl zwischen 1 und 16 an alle Mitglieder des Welten-Kontaktkreises 1.
","/zufall","/zuf",36,1000
27,3,1,2,0,0,"/nameplatetype","","/namensanzeigeart, /nameplatetype
VERWENDUNG:
/namensanzeigeart [Ziel] [Typ]
→ Legt die Anzeigeart des Charakternamens fest.
>>Ziele:
<UIForeground>F201FA</UIForeground><UIGlow>F201FB</UIGlow>alle<UIGlow>01</UIGlow><UIForeground>01</UIForeground>
Einstellungen für alle Charaktere.
<UIForeground>F201FA</UIForeground><UIGlow>F201FB</UIGlow>selbst<UIGlow>01</UIGlow><UIForeground>01</UIForeground>
Einstellungen für den eigenen Charakter.
<UIForeground>F201FA</UIForeground><UIGlow>F201FB</UIGlow>gruppe<UIGlow>01</UIGlow><UIForeground>01</UIForeground>
Einstellungen für die Grup<SoftHyphen/>pen<SoftHyphen/>mit<SoftHyphen/>glieder.
<UIForeground>F201FA</UIForeground><UIGlow>F201FB</UIGlow>allianz<UIGlow>01</UIGlow><UIForeground>01</UIForeground>
Einstellungen für die Allianzmitglieder.
<UIForeground>F201FA</UIForeground><UIGlow>F201FB</UIGlow>andere<UIGlow>01</UIGlow><UIForeground>01</UIForeground>
Einstellungen für andere Charaktere.
<UIForeground>F201FA</UIForeground><UIGlow>F201FB</UIGlow>freund<UIGlow>01</UIGlow><UIForeground>01</UIForeground>
Einstellungen für Freunde.
<UIForeground>F201FA</UIForeground><UIGlow>F201FB</UIGlow>feast<UIGlow>01</UIGlow><UIForeground>01</UIForeground>
Einstellungen für PvP-Gegner in „Crystalline Conflict“.

>>Typen (1-4)
1: Voller Name
2: Nachname abgekürzt
3: Vorname abgekürzt
4: Initialen

Beispiel:
/namensanzeigeart alle 4
Die Namen aller Charaktere werden als Initialen angezeigt. ","/namensanzeigeart","/nanzeigeart",36,0
28,3,1,2,0,0,"/nameplatedisp","","/namensanzeige, /nameplatedisp
VERWENDUNG:
/namensanzeige [Ziel] [Typ]
→ Legt die Anzeige des Charakternamens fest.
>>Ziele:
<UIForeground>F201FA</UIForeground><UIGlow>F201FB</UIGlow>alle<UIGlow>01</UIGlow><UIForeground>01</UIForeground>
Einstellungen für alle Charaktere.
<UIForeground>F201FA</UIForeground><UIGlow>F201FB</UIGlow>selbst<UIGlow>01</UIGlow><UIForeground>01</UIForeground>
Einstellungen für den eigenen Charakter.
<UIForeground>F201FA</UIForeground><UIGlow>F201FB</UIGlow>gruppe<UIGlow>01</UIGlow><UIForeground>01</UIForeground>
Einstellungen für die Grup<SoftHyphen/>pen<SoftHyphen/>mit<SoftHyphen/>glieder.
<UIForeground>F201FA</UIForeground><UIGlow>F201FB</UIGlow>allianz<UIGlow>01</UIGlow><UIForeground>01</UIForeground>
Einstellungen für die Allianzmitglieder.
<UIForeground>F201FA</UIForeground><UIGlow>F201FB</UIGlow>andere<UIGlow>01</UIGlow><UIForeground>01</UIForeground>
Einstellungen für andere Charaktere.
<UIForeground>F201FA</UIForeground><UIGlow>F201FB</UIGlow>freund<UIGlow>01</UIGlow><UIForeground>01</UIForeground>
Einstellungen für Freunde.
<UIForeground>F201FA</UIForeground><UIGlow>F201FB</UIGlow>feast<UIGlow>01</UIGlow><UIForeground>01</UIForeground>
Einstellungen für PvP-Gegner in „Crystalline Conflict“.

>>Typen (1-5)
1: Immer anzeigen
2: Im Kampf
3: Wenn anvisiert
4: Nie
5: Nicht im Kampf

Beispiel:
/namensanzeige alle 4
Es werden keine Namen von Charakteren angezeigt.","/namensanzeige","/nanzeige",36,0
29,2,1,20,0,0,"/fashion","","/mode, /fashion
VERWENDUNG:
/mode [Modeaccessoire-Name]
→ Stellt das ausgewählte Modeaccessoire zur Schau.

Beispiel:
/mode Sonnenschirm
Stellt das Modeaccessoire „Sonnenschirm“ zur Schau.
","/mode","",36,0
30,1,0,0,0,0,"/fashionguide","","/modeguide, /fashionlist
→ Öffnet das Menü „Modeaccessoires“.
","/modeguide","",32,0
31,1,0,0,0,0,"/officialsite","/site","/offiziellewebseiten, /webseite, /site
→ Öffnet das Menü „Offizielle Webseiten“.
","/offiziellewebseiten","/webseite",32,0
32,1,0,0,0,0,"//setGearset","","//setGearset
リアルイベント用コマンド。
アーマリーチェスト内のアイテムをもとに、自動的にバトルジョブのギアセットを生成する。","","",32,0
33,3,2,7,15,0,"/petmirage","","/familiarprojektion, /fampro, /petmirage, /egimirage
VERWENDUNG: /fampro [Familiarname] [Aussehen]→ Ändert deine Anzeigeeinstellung für das nächste gerufene Familiar. Keine Auswirkungen auf die Anzeige für andere Spieler. Bei PvP unwirksam.
>>Familiarname:
  <UIForeground>F201FA</UIForeground><UIGlow>F201FB</UIGlow>Karfunkel<UIGlow>01</UIGlow><UIForeground>01</UIForeground>
  <UIForeground>F201FA</UIForeground><UIGlow>F201FB</UIGlow>Garuda-Egi<UIGlow>01</UIGlow><UIForeground>01</UIForeground>
  <UIForeground>F201FA</UIForeground><UIGlow>F201FB</UIGlow>Titan-Egi<UIGlow>01</UIGlow><UIForeground>01</UIForeground>
  <UIForeground>F201FA</UIForeground><UIGlow>F201FB</UIGlow>Ifrit-Egi<UIGlow>01</UIGlow><UIForeground>01</UIForeground>
  <UIForeground>F201FA</UIForeground><UIGlow>F201FB</UIGlow>Eos<UIGlow>01</UIGlow><UIForeground>01</UIForeground>
>>Aussehen:
  <UIForeground>F201FA</UIForeground><UIGlow>F201FB</UIGlow>Karfunkel<UIGlow>01</UIGlow><UIForeground>01</UIForeground>
  <UIForeground>F201FA</UIForeground><UIGlow>F201FB</UIGlow>Smaragd-Karfunkel<UIGlow>01</UIGlow><UIForeground>01</UIForeground>
  <UIForeground>F201FA</UIForeground><UIGlow>F201FB</UIGlow>Topas-Karfunkel<UIGlow>01</UIGlow><UIForeground>01</UIForeground>
  <UIForeground>F201FA</UIForeground><UIGlow>F201FB</UIGlow>Rubin-Karfunkel<UIGlow>01</UIGlow><UIForeground>01</UIForeground>
  <UIForeground>F201FA</UIForeground><UIGlow>F201FB</UIGlow>Ifrit-Egi<UIGlow>01</UIGlow><UIForeground>01</UIForeground>
  <UIForeground>F201FA</UIForeground><UIGlow>F201FB</UIGlow>Titan-Egi<UIGlow>01</UIGlow><UIForeground>01</UIForeground>
  <UIForeground>F201FA</UIForeground><UIGlow>F201FB</UIGlow>Garuda-Egi<UIGlow>01</UIGlow><UIForeground>01</UIForeground>
  <UIForeground>F201FA</UIForeground><UIGlow>F201FB</UIGlow>Selene<UIGlow>01</UIGlow><UIForeground>01</UIForeground>
Bei fehlendem Aussehen erhält das Familiar sein ursprüngliches Aussehen zurück.
Bei fehlendem Unterkommando wird das Menü „Momentanes Aussehen deiner Familiare“ aufgerufen.

>>Beispiel:
/fampro Garuda-Egi Topas-Karfunkel
Gibt dem Garuda-Egi das Aussehen eines Topas-Karfunkels.
/fampro Garuda-Egi
Gibt dem Garuda-Egi sein ursprüngliches Aussehen zurück.
/fampro
Ruft das Menü „Momentanes Aussehen deiner Familiare“ auf.","/familiarprojektion","/fampro",36,0
34,3,2,7,2,0,"/petsize","","/familiargröße, /petsize
VERWENDUNG: /familiargröße [Familiarname] [Größe]
→ Ändert deine Anzeigeeinstellung für das nächste gerufene Familiar. Keine Auswirkungen auf die Anzeige für andere Spieler. Bei PvP unwirksam.
>>Familiarname:
  <UIForeground>F201FA</UIForeground><UIGlow>F201FB</UIGlow>Demi-Bahamut<UIGlow>01</UIGlow><UIForeground>01</UIForeground>
  <UIForeground>F201FA</UIForeground><UIGlow>F201FB</UIGlow>Demi-Phönix<UIGlow>01</UIGlow><UIForeground>01</UIForeground>
  <UIForeground>F201FA</UIForeground><UIGlow>F201FB</UIGlow>Sol-Bahamut<UIGlow>01</UIGlow><UIForeground>01</UIForeground>
  <UIForeground>F201FA</UIForeground><UIGlow>F201FB</UIGlow>Rubin-Ifrit<UIGlow>01</UIGlow><UIForeground>01</UIForeground>
  <UIForeground>F201FA</UIForeground><UIGlow>F201FB</UIGlow>Topas-Titan<UIGlow>01</UIGlow><UIForeground>01</UIForeground>
  <UIForeground>F201FA</UIForeground><UIGlow>F201FB</UIGlow>Smaragd-Garuda<UIGlow>01</UIGlow><UIForeground>01</UIForeground>
  <UIForeground>F201FA</UIForeground><UIGlow>F201FB</UIGlow>alle<UIGlow>01</UIGlow><UIForeground>01</UIForeground> (<UIForeground>F201FA</UIForeground><UIGlow>F201FB</UIGlow>all<UIGlow>01</UIGlow><UIForeground>01</UIForeground>)

>>Größe:
  <UIForeground>F201FA</UIForeground><UIGlow>F201FB</UIGlow>groß<UIGlow>01</UIGlow><UIForeground>01</UIForeground> (<UIForeground>F201FA</UIForeground><UIGlow>F201FB</UIGlow>large<UIGlow>01</UIGlow><UIForeground>01</UIForeground>)
  <UIForeground>F201FA</UIForeground><UIGlow>F201FB</UIGlow>mittel<UIGlow>01</UIGlow><UIForeground>01</UIForeground> (<UIForeground>F201FA</UIForeground><UIGlow>F201FB</UIGlow>medium<UIGlow>01</UIGlow><UIForeground>01</UIForeground>)
  <UIForeground>F201FA</UIForeground><UIGlow>F201FB</UIGlow>klein<UIGlow>01</UIGlow><UIForeground>01</UIForeground> (<UIForeground>F201FA</UIForeground><UIGlow>F201FB</UIGlow>small<UIGlow>01</UIGlow><UIForeground>01</UIForeground>)
Bei fehlender Größe wird in der Reihenfolge „klein, mittel, groß“ durchgeschaltet. Bei Familiarname „alle“ wird ein Fehler ausgegeben.

>>Beispiel:
/familiargröße Demi-Bahamut mittel
Zeigt das Familiar Demi-Bahamut in mittlerer Größe an.
/familiargröße alle klein
Zeigt alle Familiare in kleiner Größe an.","/familiargröße","",36,0
35,3,0,0,0,0,"/ridepillion","","/mitfahren, /ridepillion
VERWENDUNG: /mitfahren <Grup<SoftHyphen/>pen<SoftHyphen/>mit<SoftHyphen/>glied #> [Platznummer]→ Lässt dich auf dem Reittier eines Grup<SoftHyphen/>pen<SoftHyphen/>mit<SoftHyphen/>glieds aufsitzen.

>>Platznummer (1-7)
Wenn der gewünschte Platz belegt ist, wird automatisch ein freier Platz gewählt. Bei fehlender Platznummer wird der erste Platz versucht.

>>Beispiel:
/aufsitzen <2> 1
Lässt dich auf dem Reittier von Grup<SoftHyphen/>pen<SoftHyphen/>mit<SoftHyphen/>glied 2 aufsitzen, und zwar an Platznummer 1.","/mitfahren","",36,0
36,1,0,0,0,0,"/patchnote","","/patchdetails, /patchnote
→ Öffnet die offizielle Lodestone-Seite mit den Patchdetails in deinem Browser.","/patchdetails","",32,1000
37,1,0,0,0,0,"/portrait","","/portrait
→ Öffnet das Portrait-Menü.","","",32,0
38,1,0,0,0,0,"/adventurerplate","/myplate","/abenteurerpass, /meinpass, /adventurerplate, /myplate
→ Öffnet deinen Abenteurerpass.","/abenteurerpass","/meinpass",32,0
39,2,1,2,0,0,"/rclickpc","","/rklickpc, rclickpc
VERWENDUNG:
/rklickpc [Unterbefehl]
→ Ändert die Einstellung für „Charaktere von Rechtsklick-Auswahl ausschließen“ (Hauptmenü → Charakter<SoftHyphen/>konfiguration).
>>Unterbefehle:
　<UIForeground>F201FA</UIForeground><UIGlow>F201FB</UIGlow>ein<UIGlow>01</UIGlow><UIForeground>01</UIForeground>
　　Aktiviert die Einstellung.
　<UIForeground>F201FA</UIForeground><UIGlow>F201FB</UIGlow>aus<UIGlow>01</UIGlow><UIForeground>01</UIForeground>
　　Deaktiviert die Einstellung.
Bei fehlendem Unterbefehl wird die Einstellung auf den jeweils anderen Wert geändert.","/rklickpc","",36,0
40,2,1,2,0,0,"/rclickbattlenpc","","/rklickkampfnpc, rclickbattlenpc
VERWENDUNG:
/rklickkampfnpc [Unterbefehl]
→ Ändert die Einstellung für „Kampf-NPCs von Rechtsklick-Auswahl ausschließen“ (Hauptmenü → Charakter<SoftHyphen/>konfiguration).
>>Unterbefehle:
　<UIForeground>F201FA</UIForeground><UIGlow>F201FB</UIGlow>ein<UIGlow>01</UIGlow><UIForeground>01</UIForeground>
　　Aktiviert die Einstellung.
　<UIForeground>F201FA</UIForeground><UIGlow>F201FB</UIGlow>aus<UIGlow>01</UIGlow><UIForeground>01</UIForeground>
　　Deaktiviert die Einstellung.
Bei fehlendem Unterbefehl wird die Einstellung auf den jeweils anderen Wert geändert.","/rklickkampfnpc","",36,0
41,2,1,2,0,0,"/rclickminion","","/rklickbegleiter, rclickminion
VERWENDUNG:
/rklickbegleiter [Unterbefehl]
→ Ändert die Einstellung für „Begleiter von Rechtsklick-Auswahl ausschließen“ (Hauptmenü → Charakter<SoftHyphen/>konfiguration).
>>Unterbefehle:
　<UIForeground>F201FA</UIForeground><UIGlow>F201FB</UIGlow>ein<UIGlow>01</UIGlow><UIForeground>01</UIForeground>
　　Aktiviert die Einstellung.
　<UIForeground>F201FA</UIForeground><UIGlow>F201FB</UIGlow>aus<UIGlow>01</UIGlow><UIForeground>01</UIForeground>
　　Deaktiviert die Einstellung.
Bei fehlendem Unterbefehl wird die Einstellung auf den jeweils anderen Wert geändert.","/rklickbegleiter","",36,0
42,2,1,21,0,0,"/facewear","","/gesichtsaccessoire, /facewear
VERWENDUNG:
/gesichtsaccessoire [Gesichtsaccessoire-Name]
→ Legt das ausgewählte Gesichtsaccessoire an.

Beispiel:
/gesichtsaccessoire ""Ovale Brille""
→ Legt die ovale Brille an.","/gesichtsaccessoire","",36,0
43,1,0,0,0,0,"/mutelist","","/stummeliste, /mutelist
→ Öffnet die Stumme Liste.","/stummeliste","",32,0
44,1,0,0,0,0,"/termfilter","","/wortfilter, /wordfilter, /termfilter
→ Öffnet das Wortfilter-Menü.","/wortfilter","",32,0
45,1,0,0,0,0,"/facewearlist","","/gesichtsaccessoireliste, /faceaccessorylist, /facewearlist→ Öffnet die Übersicht der Gesichtsaccessoires.","/gesichtsaccessoireliste","",32,0
46,2,1,2,0,0,"/visualalerts","","/tondarstellung, /visualalerts
VERWENDUNG:
/tondarstellung [Unterbefehl]
→ Aktiviert die Einstellung „Visuelle Tondarstellung“.
>>Unterbefehle:
　<UIForeground>F201FA</UIForeground><UIGlow>F201FB</UIGlow>ein<UIGlow>01</UIGlow><UIForeground>01</UIForeground>
　　Aktiviert die Einstellung.
　<UIForeground>F201FA</UIForeground><UIGlow>F201FB</UIGlow>aus<UIGlow>01</UIGlow><UIForeground>01</UIForeground>
　　Deaktiviert die Einstellung.
Bei fehlendem Unterbefehl wird die Einstellung auf den jeweils anderen Wert geändert.","/tondarstellung","",509,0
47,2,1,2,0,0,"/colorfiltering","","/farbkorrektur, /colorfiltering
VERWENDUNG:
/farbkorrektur [Unterbefehl]
→ Aktiviert die Einstellung „Farbwahrnehmung: Farbkorrektur umschalten“.
>>Unterbefehle:
　<UIForeground>F201FA</UIForeground><UIGlow>F201FB</UIGlow>ein<UIGlow>01</UIGlow><UIForeground>01</UIForeground>
　　Aktiviert die Einstellung.
　<UIForeground>F201FA</UIForeground><UIGlow>F201FB</UIGlow>aus<UIGlow>01</UIGlow><UIForeground>01</UIForeground>
　　Deaktiviert die Einstellung.
Bei fehlendem Unterbefehl wird die Einstellung auf den jeweils anderen Wert geändert.","/farbkorrektur","",509,0
48,2,1,2,0,0,"/autotargetpriority","","/automatischanvisieren, /autotargetpriority
VERWENDUNG:
→ Aktiviert die Einstellung „Ziel bei Ausführung einer Attacke automatisch anvisieren“.
>>Unterbefehle:
　<UIForeground>F201FA</UIForeground><UIGlow>F201FB</UIGlow>ein<UIGlow>01</UIGlow><UIForeground>01</UIForeground>
　　Aktiviert die Einstellung.
　<UIForeground>F201FA</UIForeground><UIGlow>F201FB</UIGlow>aus<UIGlow>01</UIGlow><UIForeground>01</UIForeground>
　　Deaktiviert die Einstellung.
Bei fehlendem Unterbefehl wird die Einstellung auf den jeweils anderen Wert geändert.","/automatischanvisieren","",36,0
49,2,1,2,0,0,"/vieraears","/vears","/vieraohren, /vieraears
VERWENDUNG:
→ Macht Viera-Ohren bei bestimmten Kopfbedeckungen sichtbar oder verborgen.
>>Unterbefehle:
　<UIForeground>F201FA</UIForeground><UIGlow>F201FB</UIGlow>ein<UIGlow>01</UIGlow><UIForeground>01</UIForeground>
　　Viera-Ohren sind sichtbar.
　<UIForeground>F201FA</UIForeground><UIGlow>F201FB</UIGlow>aus<UIGlow>01</UIGlow><UIForeground>01</UIForeground>
　　Viera-Ohren sind verborgen.
Bei fehlendem Unterbefehl wird die Einstellung auf den jeweils anderen Wert geändert.","/vieraohren","",36,0
50,1,0,0,0,0,"/quickpanel","","/kommandotafel, /quickpanel, /commandpanel
→ Öffnet die Kommandotafel.","/kommandotafel","/commandpanel",32,0
51,1,0,0,0,0,"/strategyboard","","/strategyboard, /strategiebrett
→ Öffnet deine Strategiebretter.","/strategiebrett","",32,0
52,0,0,0,0,0,"","","","","",0,0
53,0,0,0,0,0,"","","","","",0,0
54,0,0,0,0,0,"","","","","",0,0
55,0,0,0,0,0,"","","","","",0,0
56,0,0,0,0,0,"","","","","",0,0
57,0,0,0,0,0,"","","","","",0,0
58,0,0,0,0,0,"","","","","",0,0
59,0,0,0,0,0,"","","","","",0,0
60,0,0,0,0,0,"","","","","",0,0
61,0,0,0,0,0,"","","","","",0,0
62,0,0,0,0,0,"","","","","",0,0
63,0,0,0,0,0,"","","","","",0,0
64,0,0,0,0,0,"","","","","",0,0
65,0,0,0,0,0,"","","","","",0,0
66,0,0,0,0,0,"","","","","",0,0
67,0,0,0,0,0,"","","","","",0,0
68,0,0,0,0,0,"","","","","",0,0
69,0,0,0,0,0,"","","","","",0,0
70,0,0,0,0,0,"","","","","",0,0
71,0,0,0,0,0,"","","","","",0,0
72,0,0,0,0,0,"","","","","",0,0
73,0,0,0,0,0,"","","","","",0,0
74,0,0,0,0,0,"","","","","",0,0
75,0,0,0,0,0,"","","","","",0,0
76,0,0,0,0,0,"","","","","",0,0
77,0,0,0,0,0,"","","","","",0,0
78,0,0,0,0,0,"","","","","",0,0
79,0,0,0,0,0,"","","","","",0,0
80,0,0,0,0,0,"","","","","",0,0
81,0,0,0,0,0,"","","","","",0,0
82,0,0,0,0,0,"","","","","",0,0
83,0,0,0,0,0,"","","","","",0,0
84,0,0,0,0,0,"","","","","",0,0
85,0,0,0,0,0,"","","","","",0,0
86,0,0,0,0,0,"","","","","",0,0
87,0,0,0,0,0,"","","","","",0,0
88,0,0,0,0,0,"","","","","",0,0
89,0,0,0,0,0,"","","","","",0,0
90,0,0,0,0,0,"","","","","",0,0
91,1,0,0,0,0,"/pvpteam","/pt","/pvpteam, /pt
VERWENDUNG:
pvpteam [Nachr.]
→ Sendet eine Chat-Nachricht an die Mitglieder des PvP-Teams, unabhängig von dem Areal, in dem sie sich befinden.
Wenn kein Text eingegeben wird, wechselt das Chatlog zum Reiter „PvP-Team“.

Beispiel:
/pvpteam Guten Morgen!
Sendet die Chat-Nachricht „Guten Morgen!“ an alle Mitglieder des PvP-Teams.
/pvpteam
Wechselt den aktiven Reiter des Chatlogs zu „PvP-Team“.","","",1021,0
92,1,0,0,0,0,"/cwlinkshell","/cwl","/wkk, /cwlinkshell, /cwl
VERWENDUNG:
/wkk [Nachr.]

→ Sendet eine Nachricht an alle Mitglieder deines aktiven Welten-Kontaktkreises. Die Entfernung spielt keine Rolle. Wenn keine Nachricht eingegeben wird, ändert dies den Chatmodus zu deinem aktiven „Welten-Kontaktkreis“-Chat","/wkk","",1021,0
93,0,0,0,0,0,"","","","","",0,0
94,0,0,0,0,0,"","","","","",0,0
95,0,0,0,0,0,"","","","","",0,0
96,0,0,0,0,0,"","","","","",0,0
97,0,0,0,0,0,"","","","","",0,0
98,0,0,0,0,0,"","","","","",0,0
99,0,0,0,0,0,"","","","","",0,0
100,0,0,0,0,0,"","","","","",0,0
101,1,0,0,0,0,"/beginner","/b","/neuling, /neu, /beginner, /b
VERWENDUNG:
/neuling [Nachr.]
→ Sendet allen am Neulings-Chat teilnehmenden PCs eine Nachricht. Wenn keine Nachricht eingegeben wird, ändert dies den Chatmodus zu „Neulinge“.","/neuling","/neu",1021,0
102,1,0,0,0,0,"/say","/s","/sagen, /say, /s
VERWENDUNG:
/sagen [Nachr.]
→ Sendet allen in der Nähe befindlichen PCs eine Nachricht. Die Nachricht wird nicht angezeigt, wenn ein PC den „Sagen“-Chatfilter aktiviert hat. Wenn keine Nachricht eingegeben wird, ändert dies den Chatmodus zu „Sagen“.","/sagen","",1023,0
103,1,0,0,0,0,"/shout","/sh","/schreien, /schr, /shout, /sh
VERWENDUNG:
/schreien [Nachr.]
→ Sendet allen PCs des gesamten Areals eine Nachricht.","/schreien","/schr",1021,0
104,3,0,0,0,0,"/tell","/t","/flüstern, /fl, /tell, /t
VERWENDUNG:
/flüstern [Name]@[Welt] [Nachr.]
→ Sendet eine Nachricht an den genannten PC auf der genannten Welt. Nachrichten können nur an einen PC auf einer anderen Welt geschickt werden, wenn der Empfänger ein Freund ist oder ein Gruppenanführer, der gerade Grup<SoftHyphen/>pen<SoftHyphen/>mit<SoftHyphen/>glieder sucht. Wenn keine Nachricht eingegeben wird, ändert dies den Chatmodus zu „Flüstern“.
>>Beispiel:
/flüstern Wander Mille@Goldsaucer Hallo!
Sendet die Nachricht „Hallo!“ an den Charakter „Wander Mille“ auf der Welt Goldsaucer.","/flüstern","/fl",1021,0
105,1,0,0,0,0,"/party","/p","/gruppe, /gr, /party, /p
VERWENDUNG:
/gruppe [Nachr.]
→ Sendet eine Nachricht an alle Mitglieder deiner aktuellen Gruppe. Die Entfernung spielt keine Rolle. Wenn keine Nachricht eingegeben wird, ändert dies den Chatmodus zu „Gruppe“.","/gruppe","/gr",1021,0
106,1,0,0,0,0,"/linkshell","/l","/kreis, /kk, /linkshell, /l
VERWENDUNG:
/kreis [Nachr.]
→ Sendet eine Nachricht an alle Mitglieder deines aktuellen Kontaktkreises. Die Entfernung spielt keine Rolle. Wenn keine Nachricht eingegeben wird, ändert dies den Chatmodus zu „Kontaktkreis“.","/kreis","/kk",1021,0
107,1,0,0,0,0,"/linkshell1","/l1","/kreis1, /kk1, /linkshell1, /l1
VERWENDUNG:
/kreis1 [Nachr.]
→ Sendet eine Nachricht an alle Mitglieder des Kontaktkreises, dem du Slot 1 zugewiesen hast. Die Entfernung spielt keine Rolle.","/kreis1","/kk1",1021,0
108,1,0,0,0,0,"/linkshell2","/l2","/kreis2, /kk2, /linkshell2, /l2
VERWENDUNG:
/kreis2 [Nachr.]
→ Sendet eine Nachricht an alle Mitglieder des Kontaktkreises, dem du Slot 2 zugewiesen hast. Die Entfernung spielt keine Rolle.","/kreis2","/kk2",1021,0
109,1,0,0,0,0,"/linkshell3","/l3","/kreis3, /kk3, /linkshell3, /l3
VERWENDUNG:
/kreis3 [Nachr.]
→ Sendet eine Nachricht an alle Mitglieder des Kontaktkreises, dem du Slot 3 zugewiesen hast. Die Entfernung spielt keine Rolle.","/kreis3","/kk3",1021,0
110,1,0,0,0,0,"/linkshell4","/l4","/kreis4, /kk4, /linkshell4, /l4
VERWENDUNG:
/kreis4 [Nachr.]
→ Sendet eine Nachricht an alle Mitglieder des Kontaktkreises, dem du Slot 4 zugewiesen hast. Die Entfernung spielt keine Rolle.","/kreis4","/kk4",1021,0
111,1,0,0,0,0,"/linkshell5","/l5","/kreis5, /kk5, /linkshell5, /l5
VERWENDUNG:
/kreis5 [Nachr.]
→ Sendet eine Nachricht an alle Mitglieder des Kontaktkreises, dem du Slot 5 zugewiesen hast. Die Entfernung spielt keine Rolle.","/kreis5","/kk5",1021,0
112,1,0,0,0,0,"/linkshell6","/l6","/kreis6, /kk6, linkshell6, /l6
VERWENDUNG:
/kreis6 [Nachr.]
→ Sendet eine Nachricht an alle Mitglieder des Kontaktkreises, dem du Slot 6 zugewiesen hast. Die Entfernung spielt keine Rolle.","/kreis6","/kk6",1021,0
113,1,0,0,0,0,"/linkshell7","/l7","/kreis7, /kk7, /linkshell7, /l7
VERWENDUNG:
/kreis7 [Nachr.]
→ Sendet eine Nachricht an alle Mitglieder des Kontaktkreises, dem du Slot 7 zugewiesen hast. Die Entfernung spielt keine Rolle.","/kreis7","/kk7",1021,0
114,1,0,0,0,0,"/linkshell8","/l8","/kreis8, /kk8, /linkshell8, /l8
VERWENDUNG:
/kreis8 [Nachr.]
→ Sendet eine Nachricht an alle Mitglieder des Kontaktkreises, dem du Slot 8 zugewiesen hast. Die Entfernung spielt keine Rolle.","/kreis8","/kk8",1021,0
115,1,0,0,0,0,"/freecompany","/fc","/freiegesellschaft, /fg, /freecompany, /fc
VERWENDUNG:
/fg [Nachr.]
→ Sendet eine Nachricht an alle Mitglieder der Freien Ge<SoftHyphen/>sell<SoftHyphen/>schaft. Die Entfernung spielt keine Rolle. Wenn keine Nachricht eingegeben wird, ändert dies den Chatmodus zu „Freie Ge<SoftHyphen/>sell<SoftHyphen/>schaft“. ","/freiegesellschaft","/fg",1021,0
116,1,0,0,0,0,"/echo","/e","/echo, /e
VERWENDUNG:
/echo [Nachr.]
→ Zeigt eine Nachricht an, die nur du sehen kannst.","","",1021,0
117,1,0,0,0,0,"/yell","/y","/rufen, /ru, /yell, /y
VERWENDUNG:
/rufen [Nachr.]
→ Sendet allen PCs in der weiteren Umgebung eine Nachricht. Wenn keine Nachricht eingegeben wird, ändert dies den Chatmodus zu „Rufen“. ","/rufen","/ru",1021,0
118,1,0,0,0,0,"/reply","/r","/antworten, /ant, /reply, /r
VERWENDUNG:
/ant [Nachr.]
→ Sendet eine Nachricht an den Sender der letzten „Flüstern“-Nachricht an dich.","/antworten","/ant",1021,0
119,1,0,0,0,0,"/alliance","/a","/allianz, /all, /alliance, /a
VERWENDUNG:
/all [Nachr.]
→ Sendet eine Nachricht an alle Mitglieder deiner Allianz. Wenn keine Nachricht eingegeben wird, ändert dies den Chatmodus zu „Allianz“. ","/allianz","/all",1021,0
120,0,0,0,0,0,"","","","","",0,0
121,1,0,0,0,0,"/join","","/ann, /join
→ Du nimmst die Einladung in eine Gruppe an.","/ann","",4,0
122,1,0,0,0,0,"/decline","","/abl, /decline
→ Du lehnst die Einladung in eine Gruppe ab.","/abl","",4,0
123,2,0,0,0,0,"/invite","","/einladen, /ein, /invite
VERWENDUNG:
/ein [Variable zur Zielbestimmung]
→ Lädt einen Charakter in die Gruppe ein. Bei fehlender Zielangabe wird der gerade anvisierte Charakter eingeladen.","/einladen","/ein",4,0
124,2,0,0,0,0,"/kick","","/kick
VERWENDUNG:
/kick [Variable zur Zielbestimmung]
→ Entfernt einen Charakter aus der Gruppe. Bei fehlender Zielangabe wird der gerade anvisierte Charakter entfernt.","","",4,0
125,2,0,0,0,0,"/leader","","/anführer, /anf, /leader
VERWENDUNG:
/anf [Variable zur Zielbestimmung]
→ Macht einen Charakter zum Anführer der Gruppe. Bei fehlender Zielangabe wird der gerade anvisierte Charakter zum Anführer gemacht.","/anführer","/anf",4,0
126,2,0,0,0,0,"/leave","","/verlassen, /verl, /leave
→ Du trittst aus der Gruppe aus.","/verlassen","/verl",4,0
127,0,0,0,0,0,"","","","","",0,0
128,0,0,0,0,0,"","","","","",0,0
129,0,0,0,0,0,"","","","","",0,0
130,0,0,0,0,0,"","","","","",0,0
131,2,0,0,0,0,"/check","/c","/check, /c
VERWENDUNG:
/check [Variable zur Zielbestimmung]
→ Untersucht das Ziel.
Bei fehlender Zielangabe wird das momentan anvisierte Ziel untersucht.","","",160,0
132,2,0,0,0,0,"/trade","","/handel, /trade
VERWENDUNG:
/handel [Variable zur Zielbestimmung]
→ Bietet dem Ziel einen Handel an. Ohne Zielangabe wird der Handel dem anvisierten Ziel angeboten.","/handel","",32,0
133,2,1,2,0,0,"/automove","","/lauf, /automove
VERWENDUNG:
/lauf [Unterbefehl]
→ Lässt deinen PC automatisch in die aktuelle Laufrichtung weiterlaufen.
>>Unterbefehle:
  <UIForeground>F201FA</UIForeground><UIGlow>F201FB</UIGlow>ein<UIGlow>01</UIGlow><UIForeground>01</UIForeground> (<UIForeground>F201FA</UIForeground><UIGlow>F201FB</UIGlow>on<UIGlow>01</UIGlow><UIForeground>01</UIForeground>)  Automatisches Laufen aktivieren.
  <UIForeground>F201FA</UIForeground><UIGlow>F201FB</UIGlow>aus<UIGlow>01</UIGlow><UIForeground>01</UIForeground> (<UIForeground>F201FA</UIForeground><UIGlow>F201FB</UIGlow>off<UIGlow>01</UIGlow><UIForeground>01</UIForeground>)  Automatisches Laufen deaktivieren.
Bei fehlendem Unterbefehl wird die Einstellung gewechselt.","/lauf","",36,0
134,2,0,0,0,0,"/follow","","/folg, /follow
VERWENDUNG:
/folg [Variable zur Zielbestimmung]
→ Lässt dich automatisch dem angegebenen Spielercharakter nachlaufen. Bei fehlender Zielangabe folgst du dem anvisierten Charakter.","/folg","",36,0
135,0,0,0,0,0,"","","","","",0,0
136,2,0,0,0,0,"/meldrequest","","/materiaanfrage, /matan, /meldrequest
VERWENDUNG:
/matan [Variable zur Zielbestimmung]
→ Sendet dem angegebenen Charakter eine Anfrage, Materia einzusetzen. Ohne Zielangabe wird die Anfrage an den gerade anvisierten Charakter gestellt. Nur möglich, wenn der Empfänger die Voraus<SoftHyphen/>setzungen zum Einsetzen von Materia erfüllt.","/materiaanfrage","/matan",32,0
137,0,0,0,0,0,"","","","","",0,0
138,0,0,0,0,0,"","","","","",0,0
139,0,0,0,0,0,"","","","","",0,0
140,0,0,0,0,0,"","","","","",0,0
141,1,0,0,0,0,"/character","/gear","/charakter, /character, /char, /gear
→ Öffnet das Charaktermenü.","/charakter","/char",32,0
142,1,0,0,0,0,"/journal","","/archiv, /journal
→ Öffnet das Archiv mit aktiven und abgeschlossenen Aufträgen.","/archiv","",32,0
143,1,0,0,0,0,"/dutyfinder","/dfinder","/inhaltssuche, /isuche, /dutyfinder, /dfinder
→ Öffnet die Inhaltssuche.","/inhaltssuche","/isuche",800,0
144,1,0,0,0,0,"/armourychest","/armoury","/arsenal, /armourychest, /armoury
→ Öffnet das Arsenal.","/arsenal","",32,0
145,1,0,0,0,0,"/huntinglog","/hlog","/bestiarium, /huntinglog, /hlog
→ Öffnet das Bestiarium.","/bestiarium","",32,0
146,1,0,0,0,0,"/craftinglog","/clog","/handwerker, /craftinglog, /clog
→ Öffnet das Handwerker-Notizbuch.","/handwerker","",0,0
147,1,0,0,0,0,"/gatheringlog","/glog","/sammler, /gatheringlog, /glog
→ Öffnet das Sammler-Notizbuch.","/sammler","",0,0
148,1,0,0,0,0,"/fishinglog","/flog","/fischer, /fishinglog, /flog
→ Öffnet das Fischer-Notizbuch.","/fischer","",32,0
149,1,0,0,0,0,"/achievements","","/errungenschaften, /err, /achievements
→ Öffnet die Liste der Errungenschaften, die du in FINAL FANTASY XIV erreicht hast.","/errungenschaften","/err",32,0
150,3,1,2,0,0,"/partycmd","/pcmd","/gruppenaktion, /gakt, /partycmd, /pcmd
VERWENDUNG:
/gakt [Unterbefehl]
→ Führt Aktionen aus, die die Gruppe betreffen.
※ In weltenübergreifenden Gruppen kann nur das Menü angezeigt oder Mitglieder hinzugefügt werden.
>>Unterbefehle:
  <UIForeground>F201FA</UIForeground><UIGlow>F201FB</UIGlow>hinzu<UIGlow>01</UIGlow><UIForeground>01</UIForeground> (<UIForeground>F201FA</UIForeground><UIGlow>F201FB</UIGlow>add<UIGlow>01</UIGlow><UIForeground>01</UIForeground>) [Variable zur Zielbestimmung] In Gruppe einladen.
  <UIForeground>F201FA</UIForeground><UIGlow>F201FB</UIGlow>ann<UIGlow>01</UIGlow><UIForeground>01</UIForeground> (<UIForeground>F201FA</UIForeground><UIGlow>F201FB</UIGlow>accept<UIGlow>01</UIGlow><UIForeground>01</UIForeground>)  Gruppeneinladung annehmen.
  <UIForeground>F201FA</UIForeground><UIGlow>F201FB</UIGlow>abl<UIGlow>01</UIGlow><UIForeground>01</UIForeground> (<UIForeground>F201FA</UIForeground><UIGlow>F201FB</UIGlow>deny<UIGlow>01</UIGlow><UIForeground>01</UIForeground>)  Gruppeneinladung ablehnen.
  <UIForeground>F201FA</UIForeground><UIGlow>F201FB</UIGlow>verl<UIGlow>01</UIGlow><UIForeground>01</UIForeground> (<UIForeground>F201FA</UIForeground><UIGlow>F201FB</UIGlow>leave<UIGlow>01</UIGlow><UIForeground>01</UIForeground>)  Aktuelle Gruppe verlassen.
  <UIForeground>F201FA</UIForeground><UIGlow>F201FB</UIGlow>anf<UIGlow>01</UIGlow><UIForeground>01</UIForeground> (<UIForeground>F201FA</UIForeground><UIGlow>F201FB</UIGlow>leader<UIGlow>01</UIGlow><UIForeground>01</UIForeground>) [Variable zur Zielbestimmung] Zum Gruppenanführer machen.
  <UIForeground>F201FA</UIForeground><UIGlow>F201FB</UIGlow>kick<UIGlow>01</UIGlow><UIForeground>01</UIForeground> [Variable zur Zielbestimmung] Aus der Gruppe entfernen.
  <UIForeground>F201FA</UIForeground><UIGlow>F201FB</UIGlow>aufl<UIGlow>01</UIGlow><UIForeground>01</UIForeground> (<UIForeground>F201FA</UIForeground><UIGlow>F201FB</UIGlow>breakup<UIGlow>01</UIGlow><UIForeground>01</UIForeground>)  Aktuelle Gruppe auflösen.
Bei fehlendem Unterbefehl werden die Grup<SoftHyphen/>pen<SoftHyphen/>mit<SoftHyphen/>glieder angezeigt.","/gruppenaktion","/gakt",32,0
151,3,1,2,0,0,"/friendlist","/flist","/freunde, /friendlist, /flist
VERWENDUNG:
/freunde [Unterbefehl]
→ Führt Aktionen aus, die die Freundesliste betreffen.
>>Unterbefehle:
  <UIForeground>F201FA</UIForeground><UIGlow>F201FB</UIGlow>hinzu<UIGlow>01</UIGlow><UIForeground>01</UIForeground> (<UIForeground>F201FA</UIForeground><UIGlow>F201FB</UIGlow>add<UIGlow>01</UIGlow><UIForeground>01</UIForeground>) [Variable zur Zielbestimmung] Diesem PC eine Freund<SoftHyphen/>schaftsanfrage senden.
  <UIForeground>F201FA</UIForeground><UIGlow>F201FB</UIGlow>ann<UIGlow>01</UIGlow><UIForeground>01</UIForeground> (<UIForeground>F201FA</UIForeground><UIGlow>F201FB</UIGlow>accept<UIGlow>01</UIGlow><UIForeground>01</UIForeground>) [Variable zur Zielbestimmung] Freund<SoftHyphen/>schaftsanfrage dieses PC akzeptieren.
  <UIForeground>F201FA</UIForeground><UIGlow>F201FB</UIGlow>abl<UIGlow>01</UIGlow><UIForeground>01</UIForeground> (<UIForeground>F201FA</UIForeground><UIGlow>F201FB</UIGlow>deny<UIGlow>01</UIGlow><UIForeground>01</UIForeground>) [Variable zur Zielbestimmung] Freund<SoftHyphen/>schaftsanfrage dieses PC ablehnen.
  <UIForeground>F201FA</UIForeground><UIGlow>F201FB</UIGlow>entf<UIGlow>01</UIGlow><UIForeground>01</UIForeground> [Variable zur Zielbestimmung] Diesen PC von der Freundesliste entfernen.
Bei fehlendem Unterbefehl wird die Freundesliste geöffnet.","/freunde","",128,0
152,3,1,2,0,0,"/blacklist","/blist","/schwarzeliste, /slist, /blacklist, /blist
VERWENDUNG:
/slist [Unterbefehl]
→ Führt Aktionen aus, die die Schwarze Liste betreffen.
>>Unterbefehle:
  <UIForeground>F201FA</UIForeground><UIGlow>F201FB</UIGlow>hinzu<UIGlow>01</UIGlow><UIForeground>01</UIForeground> (<UIForeground>F201FA</UIForeground><UIGlow>F201FB</UIGlow>add<UIGlow>01</UIGlow><UIForeground>01</UIForeground>) [Variable zur Zielbestimmung] Diesen PC und den betroffenen Dienst-Account auf die Schwarze Liste setzen.
  <UIForeground>F201FA</UIForeground><UIGlow>F201FB</UIGlow>entf<UIGlow>01</UIGlow><UIForeground>01</UIForeground> (<UIForeground>F201FA</UIForeground><UIGlow>F201FB</UIGlow>remove<UIGlow>01</UIGlow><UIForeground>01</UIForeground>) [Variable zur Zielbestimmung] Diesen PC und den betroffenen Dienst-Account von der Schwarzen Liste entfernen.
Bei fehlendem Unterbefehl wird die Schwarze Liste geöffnet.","/schwarzeliste","/slist",0,0
153,20,0,0,0,0,"/search","/sea","/suche, /search, /sea
VERWENDUNG:
/suche [Kriterien]
→ Sucht andere Spieler nach den angegebenen Kriterien und zeigt die Ergebnisse in einem Fenster an (Reihenfolge beliebig, Mehrfachangaben möglich. Alternativen in runden Klammern, Erklärungen in geschwungenen Klammern).
>>Kriterien:
>Charaktername:
  <UIForeground>F201FA</UIForeground><UIGlow>F201FB</UIGlow>vorname<UIGlow>01</UIGlow><UIForeground>01</UIForeground> (<UIForeground>F201FA</UIForeground><UIGlow>F201FB</UIGlow>firstname<UIGlow>01</UIGlow><UIForeground>01</UIForeground>) [Vorname]
Sucht nach dem angegebenen Vornamen.
  <UIForeground>F201FA</UIForeground><UIGlow>F201FB</UIGlow>nachname<UIGlow>01</UIGlow><UIForeground>01</UIForeground> (<UIForeground>F201FA</UIForeground><UIGlow>F201FB</UIGlow>familyname<UIGlow>01</UIGlow><UIForeground>01</UIForeground>) [Familienname]
Sucht nach dem angegebenen Nachnamen.
>Online-Status:
<UIForeground>F201FA</UIForeground><UIGlow>F201FB</UIGlow>anführ<UIGlow>01</UIGlow><UIForeground>01</UIForeground> {Gruppenanführer}, <UIForeground>F201FA</UIForeground><UIGlow>F201FB</UIGlow>weg<UIGlow>01</UIGlow><UIForeground>01</UIForeground> {Abwesend}, <UIForeground>F201FA</UIForeground><UIGlow>F201FB</UIGlow>besch<UIGlow>01</UIGlow><UIForeground>01</UIForeground> {Beschäftigt}, <UIForeground>F201FA</UIForeground><UIGlow>F201FB</UIGlow>inhalt<UIGlow>01</UIGlow><UIForeground>01</UIForeground> {spielt einen Inhalt}, <UIForeground>F201FA</UIForeground><UIGlow>F201FB</UIGlow>ereig<UIGlow>01</UIGlow><UIForeground>01</UIForeground> {in einem Ereignis beschäftigt}, <UIForeground>F201FA</UIForeground><UIGlow>F201FB</UIGlow>suchtg<UIGlow>01</UIGlow><UIForeground>01</UIForeground> {sucht eine Gruppe}, <UIForeground>F201FA</UIForeground><UIGlow>F201FB</UIGlow>setztein<UIGlow>01</UIGlow><UIForeground>01</UIForeground> {setzt Materia ein}, <UIForeground>F201FA</UIForeground><UIGlow>F201FB</UIGlow>rekrutiert<UIGlow>01</UIGlow><UIForeground>01</UIForeground> {rekrutiert Mitglieder über Gruppen<SoftHyphen/>suche}, <UIForeground>F201FA</UIForeground><UIGlow>F201FB</UIGlow>neuling<UIGlow>01</UIGlow><UIForeground>01</UIForeground>, <UIForeground>F201FA</UIForeground><UIGlow>F201FB</UIGlow>mentor<UIGlow>01</UIGlow><UIForeground>01</UIForeground>, <UIForeground>F201FA</UIForeground><UIGlow>F201FB</UIGlow>kampfmentor<UIGlow>01</UIGlow><UIForeground>01</UIForeground>, <UIForeground>F201FA</UIForeground><UIGlow>F201FB</UIGlow>sammlermentor<UIGlow>01</UIGlow><UIForeground>01</UIForeground> {Sammler- und Handwerker-Mentor}, <UIForeground>F201FA</UIForeground><UIGlow>F201FB</UIGlow>pvpmentor<UIGlow>01</UIGlow><UIForeground>01</UIForeground>, <UIForeground>F201FA</UIForeground><UIGlow>F201FB</UIGlow>rollenspiel<UIGlow>01</UIGlow><UIForeground>01</UIForeground> {befindet sich im Rollenspiel}, <UIForeground>F201FA</UIForeground><UIGlow>F201FB</UIGlow>rückkehrer<UIGlow>01</UIGlow><UIForeground>01</UIForeground> {Rückkehrer} 
>Klasse/Job:
<UIForeground>F201FA</UIForeground><UIGlow>F201FB</UIGlow>Paladin (PLD), Gladiator (GLA), Krieger (KRG), Marodeur (MAR), Dunkelritter (DKR), Revolver<SoftHyphen/>klinge (REV), Weißmagier (WMA), Druide (DRU), Gelehrter (GLT), Astrologe (AST), Weiser (WEI), Mönch (MÖN), Faustkämpfer (FST), Dragoon (DRG), Pikenier (PIK), Ninja (NIN), Schurke (SCH), Samurai (SAM), Schnitter (SNT), Viper (VPR), Barde (BRD), Waldläufer (WDL), Maschinist (MCH), Tänzer (TÄN), Schwarzmagier (SMA), Thaumaturg (THM), Beschwörer (BSW), Hermetiker (HRT), Rotmagier (RMA), Piktomant (PKT), Blaumagier (BMA), Bestienbändiger (BST), Zimmerer (ZMR), Grobschmied (GRS), Plattner (PLA), Goldschmied (GLD), Gerber (GER), Weber (WEB), Alchemist (ALC), Gourmet (GRM), Minenarbeiter (MIN), Gärtner (GÄR), Fischer (FIS)<UIGlow>01</UIGlow><UIForeground>01</UIForeground>
Fehlt die Klassenangabe, werden alle einbezogen.
>Stufe:
[Zahl]
Sucht nach Charakteren auf dieser Stufe.
[Zahl]-[Zahl]
Sucht nach Charakteren in diesem Stufenbereich.
Fehlt die Zahl, werden alle Stufen einbezogen.
 >Staatliche Ge<SoftHyphen/>sell<SoftHyphen/>schaft:
<UIForeground>F201FA</UIForeground><UIGlow>F201FB</UIGlow>mahl<UIGlow>01</UIGlow><UIForeground>01</UIForeground> {Mahlstrom}, <UIForeground>F201FA</UIForeground><UIGlow>F201FB</UIGlow>brud<UIGlow>01</UIGlow><UIForeground>01</UIForeground> {Bruderschaft der Morgenviper}, <UIForeground>F201FA</UIForeground><UIGlow>F201FB</UIGlow>legi<UIGlow>01</UIGlow><UIForeground>01</UIForeground> {Legion der Unsterblichen}
>Gebiet:
<UIForeground>F201FA</UIForeground><UIGlow>F201FB</UIGlow>welt<UIGlow>01</UIGlow><UIForeground>01</UIForeground> {gesamte Welt}, <UIForeground>F201FA</UIForeground><UIGlow>F201FB</UIGlow>lims<UIGlow>01</UIGlow><UIForeground>01</UIForeground> {Limsa Lominsa}, <UIForeground>F201FA</UIForeground><UIGlow>F201FB</UIGlow>grid<UIGlow>01</UIGlow><UIForeground>01</UIForeground> {Gridania}, <UIForeground>F201FA</UIForeground><UIGlow>F201FB</UIGlow>ulda<UIGlow>01</UIGlow><UIForeground>01</UIForeground> {Ul'dah}, <UIForeground>F201FA</UIForeground><UIGlow>F201FB</UIGlow>gold<UIGlow>01</UIGlow><UIForeground>01</UIForeground> {Gold Saucer}, <UIForeground>F201FA</UIForeground><UIGlow>F201FB</UIGlow>wolf<UIGlow>01</UIGlow><UIForeground>01</UIForeground> {Die Wolfshöhle}, <UIForeground>F201FA</UIForeground><UIGlow>F201FB</UIGlow>ishg<UIGlow>01</UIGlow><UIForeground>01</UIForeground> {Ishgard}, <UIForeground>F201FA</UIForeground><UIGlow>F201FB</UIGlow>froh<UIGlow>01</UIGlow><UIForeground>01</UIForeground> {Frohehalde}, <UIForeground>F201FA</UIForeground><UIGlow>F201FB</UIGlow>kuga<UIGlow>01</UIGlow><UIForeground>01</UIForeground> {Kugane}, <UIForeground>F201FA</UIForeground><UIGlow>F201FB</UIGlow>ralg<UIGlow>01</UIGlow><UIForeground>01</UIForeground> {Rhalgrs Wacht}, <UIForeground>F201FA</UIForeground><UIGlow>F201FB</UIGlow>crys<UIGlow>01</UIGlow><UIForeground>01</UIForeground> {Crystarium}, <UIForeground>F201FA</UIForeground><UIGlow>F201FB</UIGlow>eulm<UIGlow>01</UIGlow><UIForeground>01</UIForeground> {Eulmore}, <UIForeground>F201FA</UIForeground><UIGlow>F201FB</UIGlow>alts<UIGlow>01</UIGlow><UIForeground>01</UIForeground> {Alt-Sharlayan}, <UIForeground>F201FA</UIForeground><UIGlow>F201FB</UIGlow>radz<UIGlow>01</UIGlow><UIForeground>01</UIForeground> {Radz-at-Han}, <UIForeground>F201FA</UIForeground><UIGlow>F201FB</UIGlow>tuli<UIGlow>01</UIGlow><UIForeground>01</UIForeground> {Tuliyollal}, <UIForeground>F201FA</UIForeground><UIGlow>F201FB</UIGlow>lösu<UIGlow>01</UIGlow><UIForeground>01</UIForeground> {Lösung Neun}, <UIForeground>F201FA</UIForeground><UIGlow>F201FB</UIGlow>nosc<UIGlow>01</UIGlow><UIForeground>01</UIForeground> {La Noscea}, <UIForeground>F201FA</UIForeground><UIGlow>F201FB</UIGlow>fins<UIGlow>01</UIGlow><UIForeground>01</UIForeground> {Finsterwald}, <UIForeground>F201FA</UIForeground><UIGlow>F201FB</UIGlow>than<UIGlow>01</UIGlow><UIForeground>01</UIForeground> {Thanalan}, <UIForeground>F201FA</UIForeground><UIGlow>F201FB</UIGlow>coer<UIGlow>01</UIGlow><UIForeground>01</UIForeground> {Coerthas}, <UIForeground>F201FA</UIForeground><UIGlow>F201FB</UIGlow>mord<UIGlow>01</UIGlow><UIForeground>01</UIForeground> {Mor Dhona}, <UIForeground>F201FA</UIForeground><UIGlow>F201FB</UIGlow>abal<UIGlow>01</UIGlow><UIForeground>01</UIForeground> {Abalathisches Wolkenmeer}, <UIForeground>F201FA</UIForeground><UIGlow>F201FB</UIGlow>drav<UIGlow>01</UIGlow><UIForeground>01</UIForeground> {Dravania}, <UIForeground>F201FA</UIForeground><UIGlow>F201FB</UIGlow>gyra<UIGlow>01</UIGlow><UIForeground>01</UIForeground> {Gyr Abania}, <UIForeground>F201FA</UIForeground><UIGlow>F201FB</UIGlow>otha<UIGlow>01</UIGlow><UIForeground>01</UIForeground> {Othard}, <UIForeground>F201FA</UIForeground><UIGlow>F201FB</UIGlow>norv<UIGlow>01</UIGlow><UIForeground>01</UIForeground> {Norvrandt}, <UIForeground>F201FA</UIForeground><UIGlow>F201FB</UIGlow>thav<UIGlow>01</UIGlow><UIForeground>01</UIForeground> {Thavnair}, <UIForeground>F201FA</UIForeground><UIGlow>F201FB</UIGlow>garl<UIGlow>01</UIGlow><UIForeground>01</UIForeground> {Garlemald}, <UIForeground>F201FA</UIForeground><UIGlow>F201FB</UIGlow>laby<UIGlow>01</UIGlow><UIForeground>01</UIForeground> {Labyrinthos}, <UIForeground>F201FA</UIForeground><UIGlow>F201FB</UIGlow>yokt<UIGlow>01</UIGlow><UIForeground>01</UIForeground> {Yok Tural}, <UIForeground>F201FA</UIForeground><UIGlow>F201FB</UIGlow>xakt<UIGlow>01</UIGlow><UIForeground>01</UIForeground> {Xak Tural} und <UIForeground>F201FA</UIForeground><UIGlow>F201FB</UIGlow>andort<UIGlow>01</UIGlow><UIForeground>01</UIForeground> {andere Orte}.
Fehlt das Gebiet, wird die gesamte Welt einbezogen.
>Sprache:
<UIForeground>F201FA</UIForeground><UIGlow>F201FB</UIGlow>de<UIGlow>01</UIGlow><UIForeground>01</UIForeground> {Deutsch}, <UIForeground>F201FA</UIForeground><UIGlow>F201FB</UIGlow>en<UIGlow>01</UIGlow><UIForeground>01</UIForeground> {Englisch}, <UIForeground>F201FA</UIForeground><UIGlow>F201FB</UIGlow>fr<UIGlow>01</UIGlow><UIForeground>01</UIForeground> {Französisch}, <UIForeground>F201FA</UIForeground><UIGlow>F201FB</UIGlow>ja<UIGlow>01</UIGlow><UIForeground>01</UIForeground> {Japanisch}
Fehlt die Sprache, wird nach der Spielsprache gesucht.
Fehlen alle Unterbefehle, wird eine Suche nach voreingestellten Kriterien durchgeführt.

>>Beispiel:
""„/suche GLA 20-30 nosc""“
Sucht nach allen Gladiatoren Stufe 20-30, die momentan in La Noscea sind (Name, Online-Status, Staatliche Ge<SoftHyphen/>sell<SoftHyphen/>schaft egal, Sprache deines Spiels).","/suche","",0,0
154,1,0,0,0,0,"/map","","/karte, /map
→ Öffnet die Karte.","/karte","",104,0
155,1,0,0,0,0,"/teleport","","/teleport
→ Öffnet das Teleport-Menü.","","",0,0
156,3,1,2,0,0,"/marking","/mk","/mark, /marking, /mk
VERWENDUNG:
/mark [Symbol] [Variable zur Zielbestimmung]
→ Markiert ein Ziel mit einer Feindmarkierung.
>>Symbole:
  <UIForeground>F201FA</UIForeground><UIGlow>F201FB</UIGlow>att1<UIGlow>01</UIGlow><UIForeground>01</UIForeground>-<UIForeground>F201FA</UIForeground><UIGlow>F201FB</UIGlow>8<UIGlow>01</UIGlow><UIForeground>01</UIForeground>
  <UIForeground>F201FA</UIForeground><UIGlow>F201FB</UIGlow>bind1<UIGlow>01</UIGlow><UIForeground>01</UIForeground>-<UIForeground>F201FA</UIForeground><UIGlow>F201FB</UIGlow>3<UIGlow>01</UIGlow><UIForeground>01</UIForeground>
  <UIForeground>F201FA</UIForeground><UIGlow>F201FB</UIGlow>ignor1<UIGlow>01</UIGlow><UIForeground>01</UIForeground>-<UIForeground>F201FA</UIForeground><UIGlow>F201FB</UIGlow>2<UIGlow>01</UIGlow><UIForeground>01</UIForeground>
  Wird keine Ziffer eingegeben, so wird automatisch die niedrigste nicht zugeordnete verwendet.
  <UIForeground>F201FA</UIForeground><UIGlow>F201FB</UIGlow>kreis (<UIForeground>F201FA</UIForeground><UIGlow>F201FB</UIGlow>circle<UIGlow>01</UIGlow><UIForeground>01</UIForeground>)<UIGlow>01</UIGlow><UIForeground>01</UIForeground>
  <UIForeground>F201FA</UIForeground><UIGlow>F201FB</UIGlow>kreuz (<UIForeground>F201FA</UIForeground><UIGlow>F201FB</UIGlow>cross<UIGlow>01</UIGlow><UIForeground>01</UIForeground>)<UIGlow>01</UIGlow><UIForeground>01</UIForeground>
  <UIForeground>F201FA</UIForeground><UIGlow>F201FB</UIGlow>quadr (<UIForeground>F201FA</UIForeground><UIGlow>F201FB</UIGlow>square<UIGlow>01</UIGlow><UIForeground>01</UIForeground>)<UIGlow>01</UIGlow><UIForeground>01</UIForeground>
  <UIForeground>F201FA</UIForeground><UIGlow>F201FB</UIGlow>drei (<UIForeground>F201FA</UIForeground><UIGlow>F201FB</UIGlow>triangle<UIGlow>01</UIGlow><UIForeground>01</UIForeground>)<UIGlow>01</UIGlow><UIForeground>01</UIForeground>
  <UIForeground>F201FA</UIForeground><UIGlow>F201FB</UIGlow><UIForeground>F201FA</UIForeground><UIGlow>F201FB</UIGlow>aus<UIGlow>01</UIGlow><UIForeground>01</UIForeground> (<UIForeground>F201FA</UIForeground><UIGlow>F201FB</UIGlow>off<UIGlow>01</UIGlow><UIForeground>01</UIForeground>), <UIForeground>F201FA</UIForeground><UIGlow>F201FB</UIGlow>zurück<UIGlow>01</UIGlow><UIForeground>01</UIForeground> (<UIForeground>F201FA</UIForeground><UIGlow>F201FB</UIGlow>clear<UIGlow>01</UIGlow><UIForeground>01</UIForeground>)<UIGlow>01</UIGlow><UIForeground>01</UIForeground>  Löscht die Feindmarkierung.
  Bei fehlendem Unterbefehl wird das Markierungen-Menü geöffnet. Wird kein Ziel bestimmt, so wird das momentan anvisierte Ziel markiert.
>>Beispiel:
  /mk att2 <t>
Markiert das momentane Ziel mit dem Symbol 2 für „Angreifen“.","/mark","",32,0
157,1,0,0,0,0,"/actionlist","/alist","/kommandoliste, /klist, /actionlist, /alist
→ Öffnet das Kommandos & Eigenschaften-Menü.","/kommandoliste","/klist",32,0
158,1,0,0,0,0,"/timers","","/timer
→ Öffnet das Informationsfenster zu Wartezeiten und Zeitbegrenzungen von Inhalten.","/timer","",32,0
159,1,0,0,0,0,"/recommended","","/empfehlung, /empf, /recommended
→ Öffnet die Liste der empfohlenen Inhalte.","/empfehlung","/empf",32,0
160,2,1,0,0,0,"/inventory","/bag","/inventar, /inventory, /bag
→ Öffnet das Inventar.","/inventar","/bag",32,0
161,3,1,2,0,0,"/freecompanycmd","/fccmd","/freiegesmenü, /fgmenü, /freecompanycmd, /fccmd
→ Öffnet das Menü der Freien Ge<SoftHyphen/>sell<SoftHyphen/>schaft.","/freiegesmenü","/fgmenü",0,0
162,4,2,0,2,0,"/linkshellcmd","/lcmd","/kkmenü, /linkshellcmd, /lcmd
→ Öffnet das Kontaktkreis-Menü.","/kkmenü","",128,0
163,1,0,0,0,0,"/return","","/heim, /return
→ Öffnet ein Menü, über das du per Rückführung zu deinem Heimatpunkt zurückkehren kannst.","/heim","",32,0
164,1,0,0,0,0,"/emotelist","/elist","/emotes, /emotelist, /elist
→ Öffnet die Liste der Emotes.","/emotes","",33,0
165,1,0,0,0,0,"/activehelp","","/tutorial, /tut, /activehelp
→ Öffnet die Liste der Tutorial-Hilfstexte.","/tutorial","/tut",32,0
166,1,0,0,0,0,"/supportdesk","/support","/kundendienst, /support, /supportdesk
→ Öffnet das Kundendienst-Menü.","/kundendienst","",32,0
167,1,0,0,0,0,"/characterconfig","/cconfig","/charakterkonfig, /ckon, /cconfig
→ Öffnet das Menü zur Charakter<SoftHyphen/>konfiguration.","/charakterkonfig","/ckon",32,0
168,1,0,0,0,0,"/systemconfig","/sconfig","/systemkonfig, /skon, /sconfig
→ Öffnet das Menü zur Systemkonfiguration.","/systemkonfig","/skon",32,0
169,1,0,0,0,0,"/keybind","/keyconfig","/tastenbelegung, /tasten, /keybind, /keyconfig
→ Öffnet das Menü zur Tastenbelegung.","/tastenbelegung","/tasten",32,0
170,1,0,0,0,0,"/macros","","/makros
→ Öffnet den Editor zum Verwalten eigener Makros.","/makros","",32,0
171,2,0,0,0,0,"/hudlayout","","/bildschirmlayout, /hudlayout
VERWENDUNG:
/hudlayout [Slot-Nummer 1-4]
→ Wechselt zu dem Layout der Bildschirmelemente, das unter der angegebenen Slot-Nummer gespeichert wurde.
Bei fehlender Slot-Nummer wird das HUD-Layout-Menü geöffnet.
>>Beispiel:
/hudlayout 3
Wechselt zu Bildschirm-Layout 3.","/bildschirmlayout","",32,0
172,1,0,0,0,0,"/logout","","/logout
→ Loggt dich aus und bringt dich zum Titelbildschirm zurück.","","",32,0
173,1,0,0,0,0,"/shutdown","","/ende, /shutdown
→ Loggt dich aus und beendet das Spiel.","/ende","",32,0
174,3,0,0,0,0,"/partysort","/psort","/gruppensort, /gsort, /partysort, /psort
→ Ordnet die Grup<SoftHyphen/>pen<SoftHyphen/>mit<SoftHyphen/>glieder in der festgelegten Reihenfolge an.
>>Unterbefehl:
<UIForeground>F201FA</UIForeground><UIGlow>F201FB</UIGlow>[Grup<SoftHyphen/>pen<SoftHyphen/>mit<SoftHyphen/>glied 1] [Grup<SoftHyphen/>pen<SoftHyphen/>mit<SoftHyphen/>glied 2]<UIGlow>01</UIGlow><UIForeground>01</UIForeground>
 Vertauscht die Positionen der Grup<SoftHyphen/>pen<SoftHyphen/>mit<SoftHyphen/>glieder 1 und 2 in der Gruppenliste.

>>Beispiel:
　/gruppensort 2 4
　Vertauscht die Positionen der Grup<SoftHyphen/>pen<SoftHyphen/>mit<SoftHyphen/>glieder 2 und 4 in der Gruppenliste.","/gruppensort","/gsort",36,0
175,1,0,0,0,0,"/readycheck","/rcheck","/bereitschaft, /readycheck, /rcheck
→ Startet eine Bereitschaftsanfrage.","/bereitschaft","",32,0
176,1,0,0,0,0,"/ready","/rd","/bereit, /ready, /rd
→ Antwortet auf eine Bereitschaftsanfrage, dass du bereit bist.","/bereit","/rd",36,0
177,1,0,0,0,0,"/notready","/nr","/halt, /hold
→ Antwortet auf eine Bereitschaftsanfrage, dass du noch nicht bereit bist.","/halt","/hold",36,0
178,3,2,2,2,0,"/waymark","/wmark","/wegmark, /waymark, /wmark
VERWENDUNG:
/wmark [Symbolname] [Variable zur Zielbestimmung]
→ Platziert eine Geländemarkierung am Standort des angegebenen Charakters (Symbolname erforderlich). Wird kein Ziel angegeben, ist die Markierung im Gelände platzierbar.
>>Symbole:
  <UIForeground>F201FA</UIForeground><UIGlow>F201FB</UIGlow>a<UIGlow>01</UIGlow><UIForeground>01</UIForeground>, <UIForeground>F201FA</UIForeground><UIGlow>F201FB</UIGlow>b<UIGlow>01</UIGlow><UIForeground>01</UIForeground>, <UIForeground>F201FA</UIForeground><UIGlow>F201FB</UIGlow>c<UIGlow>01</UIGlow><UIForeground>01</UIForeground>, <UIForeground>F201FA</UIForeground><UIGlow>F201FB</UIGlow>d<UIGlow>01</UIGlow><UIForeground>01</UIForeground>, <UIForeground>F201FA</UIForeground><UIGlow>F201FB</UIGlow>1<UIGlow>01</UIGlow><UIForeground>01</UIForeground>, <UIForeground>F201FA</UIForeground><UIGlow>F201FB</UIGlow>2<UIGlow>01</UIGlow><UIForeground>01</UIForeground>, <UIForeground>F201FA</UIForeground><UIGlow>F201FB</UIGlow>3<UIGlow>01</UIGlow><UIForeground>01</UIForeground>, <UIForeground>F201FA</UIForeground><UIGlow>F201FB</UIGlow>4<UIGlow>01</UIGlow><UIForeground>01</UIForeground>
Setzt/entfernt Markierung A, B, C, D, 1, 2, 3, 4. Ist das Symbol bereits vergeben, wird die Markierung entfernt, bei Angabe des Charakternamens überschrieben.
  <UIForeground>F201FA</UIForeground><UIGlow>F201FB</UIGlow>aus<UIGlow>01</UIGlow><UIForeground>01</UIForeground> (<UIForeground>F201FA</UIForeground><UIGlow>F201FB</UIGlow>off<UIGlow>01</UIGlow><UIForeground>01</UIForeground>), <UIForeground>F201FA</UIForeground><UIGlow>F201FB</UIGlow>zurück<UIGlow>01</UIGlow><UIForeground>01</UIForeground> (<UIForeground>F201FA</UIForeground><UIGlow>F201FB</UIGlow>clear<UIGlow>01</UIGlow><UIForeground>01</UIForeground>)
Entfernt alle gesetzten Markierungen.
<UIForeground>F201FA</UIForeground><UIGlow>F201FB</UIGlow>speichern 1-30<UIGlow>01</UIGlow><UIForeground>01</UIForeground> (<UIForeground>F201FA</UIForeground><UIGlow>F201FB</UIGlow>save 1-30<UIGlow>01</UIGlow><UIForeground>01</UIForeground>)
Speichert die platzierten Markierungen in Slot 1-30.
<UIForeground>F201FA</UIForeground><UIGlow>F201FB</UIGlow>wieder<SoftHyphen/>herstellen 1-30<UIGlow>01</UIGlow><UIForeground>01</UIForeground> (<UIForeground>F201FA</UIForeground><UIGlow>F201FB</UIGlow>preset 1-30<UIGlow>01</UIGlow><UIForeground>01</UIForeground>)
Stellt die gespeicherten Markierungen wieder her.
Bei fehlendem Symbolnamen wird eine noch unbenutzte Markierung (A→ 2) gesetzt. Sind alle bereits benutzt, kann das Kommando nicht ausgeführt werden.
>>Beispiel:
  /wmark a
Aktiviert den Boden-Zielmodus, um Markierung A zu setzen.
  /wmark a <t>
Setzt Markierung A am Standort des momentan anvisierten Charakters.","/wegmark","/wmark",32,0
179,1,0,0,0,0,"/fishguide","/fg","/fischverzeichnis, /fischv, /fishguide
→ Öffnet das Fischverzeichnis.","/fischverzeichnis","/fischv",32,0
180,1,0,0,0,0,"/housing","/hou","/unterkunft, /unt, /housing, /hou
→ Öffnet das Unterkunft-Menü.","/unterkunft","/unt",32,0
181,1,0,0,0,0,"/minionguide","","/begleiterverzeichnis, /begleiterv, /minionguide
→ Öffnet das Verzeichnis deiner Begleiter bzw. während der Teilnahme am Kampf der Trabanten die Trabantenliste.","/begleiterverzeichnis","/begleiterv",48,0
182,1,0,0,0,0,"/mountguide","","/reittierverzeichnis, /reittierv, /mountguide
→ Öffnet das Verzeichnis deiner Reittiere.","/reittierverzeichnis","/reittierv",32,0
183,1,0,0,0,0,"/partyfinder","/pfinder","/gruppensuche, /gsuche, /partyfinder, /pfinder
→ Öffnet das Menü für die Gruppen<SoftHyphen/>suche.","/gruppensuche","/gsuche",0,0
184,1,0,0,0,0,"/pvpprofile","/pvppro","/pvpprofil, /pvppro
→ Öffnet dein PvP-Profil.","/pvpprofil","",0,0
185,1,0,0,0,0,"/companion","/comp","/mitstreiter, /mits
→ Öffnet das Mitstreiter-Menü.","/mitstreiter","/mits",32,0
186,1,0,0,0,0,"/keyitem","/kitem","/schlüsselgegenstand, /schlü, /keyitem /kitem
→ Öffnet die Seite der Schlüsselgegenstände deines Inventars.","/schlüsselgegenstand","/schlü",32,0
187,1,0,0,0,0,"/challengelog","","/aktuelleagenda, /agenda, /challengelog
→ Öffnet deine Aktuelle Agenda.","/aktuelleagenda","/agenda",32,0
188,1,0,0,0,0,"/sightseeinglog","","/incognita, /inc, /sightseeinglog
→ Öffnet dein Eorzea Incognita.","/incognita","/inc",32,0
189,1,0,0,0,0,"/goldsaucer","/saucer","/goldsaucer, /saucer
→ Öffnet das Gold Saucer-Menü.","/goldsaucer","/saucer",32,0
190,1,0,0,0,0,"/currency","","/vermögen, /geld, /currency
→ Öffnet das Vermögens-Menü.","/vermögen","/geld",32,0
191,1,0,0,0,0,"/aethercurrent","/acurrent","/äther, /aethercurrent, /acurrent
→ Öffnet das Windätherquellen-Menü.","/äther","",32,0
192,1,0,0,0,0,"/logcolor","/lcolor","/logfarbe, /lfarbe, /logcolor, /lcolor
→ Öffnet das Menü der Chatlog-Textfarben.","/logfarbe","/lfarbe",32,0
193,1,0,0,0,0,"/playguide","/pguide","/spielanleitung, /anleit, /playguide, /pguide
→ Öffnet das Fenster, um zur Spielanleitung auf dem Lodestone zu springen.","/spielanleitung","/anleit",32,0
194,1,0,0,0,0,"/generaldutykey","/gdutykey","/allgemeinefunktion, /afunktion, /generaldutykey, /gdutykey
→ Führt über die allgemeine Funktionstaste die Standard-Aktion in der momentanen Situation aus. Bei Ausführung in einem FATE-Bereich wird die Stufenanpassung durchgeführt.","/allgemeinefunktion","/afunktion",40,0
195,1,0,0,0,0,"/raidfinder","/rfinder","/raidsuche, /raidfinder, /rfinder
→ Öffnet die Raid-Suche.","/raidsuche","/rsuche",0,0
196,1,0,0,0,0,"/orchestrion","","/orchestrion
→ Öffnet die Orchestrion-Liste.","","",32,0
197,2,1,0,0,0,"/countdown","/cd","/countdown, /cd
VERWENDUNG:
/countdown [Sekunden]
→ Startet einen Countdown. Es kann eine Zeit zwischen 5 und 30 Sekunden eingegeben werden. Bei Verwendung des Countdowns als Textkommando wird im Chatlog nur der Beginn und das Ende des Countdowns angezeigt.

Bei fehlendem Unterbefehl wird das Countdown-Fenster geöffnet.
>>Beispiel:
  /cd 10
Startet einen 10-sekündigen Countdown.","","",32,0
198,1,0,0,0,0,"/contactlist","","/gruppenverlauf, /gv
→ Öffnet und schließt den Gruppenverlauf.","/gruppenverlauf","/gv",32,0
199,1,0,0,0,0,"/mountspeed","","/reitgeschwindigkeit, /mountspeed
→ Öffnet und schließt das Menü der Reit<SoftHyphen/>tier<SoftHyphen/>geschwindig<SoftHyphen/>keit.","/reitgeschwindigkeit","",32,0
200,0,0,0,0,0,"","","","","",0,0
201,2,1,1,0,0,"/?","","/?
VERWENDUNG:
/? [Textkommando]
→ Liefert eine detaillierte Erläuterung des entsprechenden Textkommandos.","","",189,0
202,2,1,0,0,0,"/wait","","/warte, /wait
VERWENDUNG:
/warte [Wartezeit]
→ Legt die Pause zwischen Befehlen fest. Eine Wartezeit von 1 entspricht einer Sekunde. Die maximal zulässige Wartezeit ist 60. Eine Wartezeit über 60 wird als 60 interpretiert.","/warte","",181,0
203,0,0,0,0,0,"","","","","",0,0
204,2,1,2,0,0,"/legacymark","/lmark","/legacy, /legacymark, /lmark
VERWENDUNG:
/legacy [Unterbefehl]
→ Blendet das Zeichen der Zwölf, das im Nacken von Abenteurern erscheint, die die Katastrophe überstanden haben, ein/aus.
>>Unterbefehle:
  <UIForeground>F201FA</UIForeground><UIGlow>F201FB</UIGlow>ein<UIGlow>01</UIGlow><UIForeground>01</UIForeground> (<UIForeground>F201FA</UIForeground><UIGlow>F201FB</UIGlow>on<UIGlow>01</UIGlow><UIForeground>01</UIForeground>)  Zeichen anzeigen.
  <UIForeground>F201FA</UIForeground><UIGlow>F201FB</UIGlow>aus<UIGlow>01</UIGlow><UIForeground>01</UIForeground> (<UIForeground>F201FA</UIForeground><UIGlow>F201FB</UIGlow>off<UIGlow>01</UIGlow><UIForeground>01</UIForeground>)  Zeichen nicht anzeigen.
Bei fehlendem Unterbefehl wird die Einstellung gewechselt.","/legacy","",60,0
206,2,1,2,0,0,"/gcsalute","","/gsalut, /gcsalute
 VERWENDUNG:
/gsalut [Unterbefehl]
 → Du führst den typischen Salut der Staatlichen Ge<SoftHyphen/>sell<SoftHyphen/>schaft aus, der du angehörst.
 >>Unterbefehl:
  <UIForeground>F201FA</UIForeground><UIGlow>F201FB</UIGlow>bw<UIGlow>01</UIGlow><UIForeground>01</UIForeground> (<UIForeground>F201FA</UIForeground><UIGlow>F201FB</UIGlow>motion<UIGlow>01</UIGlow><UIForeground>01</UIForeground>)  Führt nur die Bewegung aus. Bei fehlendem Unterbefehl wird sowohl die Bewegung ausgeführt als auch der Text angezeigt.","/gsalut","",293,0
207,3,3,0,2,7,"/macroicon","/micon","/makroicon, /macroicon, /micon
Kann als erste Zeile eines Spieler-Makros benutzt werden.
VERWENDUNG:
/micon ""[Icon-Name]"" [Kategorie]
→ Wenn im Kommandomenü angelegt, wird das Makro mit dem spezifizierten Icon angezeigt. Bei Kommandos werden auch Re<SoftHyphen/>ak<SoftHyphen/>ti<SoftHyphen/>vie<SoftHyphen/>rungs<SoftHyphen/>zeit und MP-Kosten angezeigt (Familiar und Mitstreiter: nur Icon).
Icon-Namen und die entsprechenden Kategorien:
>[Kommandoname] <UIForeground>F201FA</UIForeground><UIGlow>F201FB</UIGlow>kommando<UIGlow>01</UIGlow><UIForeground>01</UIForeground>
>[Blaumagie-Kommandoname] <UIForeground>F201FA</UIForeground><UIGlow>F201FB</UIGlow>blaukommando<UIGlow>01</UIGlow><UIForeground>01</UIForeground>
>[PvP-Kommandoname] <UIForeground>F201FA</UIForeground><UIGlow>F201FB</UIGlow>pvpkommando<UIGlow>01</UIGlow><UIForeground>01</UIForeground>
>[Familiar-Kommandoname] <UIForeground>F201FA</UIForeground><UIGlow>F201FB</UIGlow>familiar<UIGlow>01</UIGlow><UIForeground>01</UIForeground>
>[Mitstreiter-Befehl] [Name des Mitstreiters] <UIForeground>F201FA</UIForeground><UIGlow>F201FB</UIGlow>mitstreiter<UIGlow>01</UIGlow><UIForeground>01</UIForeground>  Der Name des Mitstreiters kann entfallen. 
>[Allgemeines Kommando] <UIForeground>F201FA</UIForeground><UIGlow>F201FB</UIGlow>allgemein<UIGlow>01</UIGlow><UIForeground>01</UIForeground>
>[Name des Reittiers] <UIForeground>F201FA</UIForeground><UIGlow>F201FB</UIGlow>reittier<UIGlow>01</UIGlow><UIForeground>01</UIForeground>
>[Name eines Gegenstands im Besitz] <UIForeground>F201FA</UIForeground><UIGlow>F201FB</UIGlow>gegenstand<UIGlow>01</UIGlow><UIForeground>01</UIForeground>   Icon und Besitzmenge werden angezeigt.
>[Name des Begleiters] <UIForeground>F201FA</UIForeground><UIGlow>F201FB</UIGlow>begleiter<UIGlow>01</UIGlow><UIForeground>01</UIForeground>
>[Setnummer] <UIForeground>F201FA</UIForeground><UIGlow>F201FB</UIGlow>ausrüstungsset<UIGlow>01</UIGlow><UIForeground>01</UIForeground>
>[Name des Emotes] <UIForeground>F201FA</UIForeground><UIGlow>F201FB</UIGlow>emote<UIGlow>01</UIGlow><UIForeground>01</UIForeground>
>[Name der Feindmarkierung] <UIForeground>F201FA</UIForeground><UIGlow>F201FB</UIGlow>markierung<UIGlow>01</UIGlow><UIForeground>01</UIForeground>  Mögliche Namen: <UIForeground>F201FA</UIForeground><UIGlow>F201FB</UIGlow>att1<UIGlow>01</UIGlow><UIForeground>01</UIForeground>-<UIForeground>F201FA</UIForeground><UIGlow>F201FB</UIGlow>5<UIGlow>01</UIGlow><UIForeground>01</UIForeground>, <UIForeground>F201FA</UIForeground><UIGlow>F201FB</UIGlow>bind1<UIGlow>01</UIGlow><UIForeground>01</UIForeground>-<UIForeground>F201FA</UIForeground><UIGlow>F201FB</UIGlow>3<UIGlow>01</UIGlow><UIForeground>01</UIForeground>, <UIForeground>F201FA</UIForeground><UIGlow>F201FB</UIGlow>ignor1<UIGlow>01</UIGlow><UIForeground>01</UIForeground>-<UIForeground>F201FA</UIForeground><UIGlow>F201FB</UIGlow>2<UIGlow>01</UIGlow><UIForeground>01</UIForeground>, <UIForeground>F201FA</UIForeground><UIGlow>F201FB</UIGlow>quad<UIGlow>01</UIGlow><UIForeground>01</UIForeground>, <UIForeground>F201FA</UIForeground><UIGlow>F201FB</UIGlow>kreis<UIGlow>01</UIGlow><UIForeground>01</UIForeground>, <UIForeground>F201FA</UIForeground><UIGlow>F201FB</UIGlow>kreuz<UIGlow>01</UIGlow><UIForeground>01</UIForeground>, <UIForeground>F201FA</UIForeground><UIGlow>F201FB</UIGlow>drei<UIGlow>01</UIGlow><UIForeground>01</UIForeground>
>[Name der Feldmarkierung] <UIForeground>F201FA</UIForeground><UIGlow>F201FB</UIGlow>wegmark<UIGlow>01</UIGlow><UIForeground>01</UIForeground>  Mögliche Namen: <UIForeground>F201FA</UIForeground><UIGlow>F201FB</UIGlow>a<UIGlow>01</UIGlow><UIForeground>01</UIForeground>, <UIForeground>F201FA</UIForeground><UIGlow>F201FB</UIGlow>b<UIGlow>01</UIGlow><UIForeground>01</UIForeground>, <UIForeground>F201FA</UIForeground><UIGlow>F201FB</UIGlow>c<UIGlow>01</UIGlow><UIForeground>01</UIForeground>, <UIForeground>F201FA</UIForeground><UIGlow>F201FB</UIGlow>d<UIGlow>01</UIGlow><UIForeground>01</UIForeground>, <UIForeground>F201FA</UIForeground><UIGlow>F201FB</UIGlow>1<UIGlow>01</UIGlow><UIForeground>01</UIForeground>, <UIForeground>F201FA</UIForeground><UIGlow>F201FB</UIGlow>2<UIGlow>01</UIGlow><UIForeground>01</UIForeground>
>[Klassen-/Jobname] <UIForeground>F201FA</UIForeground><UIGlow>F201FB</UIGlow>klassejob<UIGlow>01</UIGlow><UIForeground>01</UIForeground>
>[Schnellchat] <UIForeground>F201FA</UIForeground><UIGlow>F201FB</UIGlow>schnellchat<UIGlow>01</UIGlow><UIForeground>01</UIForeground>
Fehlt die Kategorie, wird „kommando“ als Kategorie angenommen.","/makroicon","",36,0
208,2,1,3,0,0,"/recast","","/wann, /reakt, /recast
VERWENDUNG:
/wann ""[Kommando]""
→ Zeigt an, wann das spezifizierte Kommando wieder verwendet werden kann.","/wann","/reakt",36,0
209,4,1,2,0,0,"/gearset","/gs","/set, /gearset, /gs
VERWENDUNG:
/set [Unterbefehl]
→ Führt Aktionen an Ausrüstungssets aus.
>>Unterbefehle:
  <UIForeground>F201FA</UIForeground><UIGlow>F201FB</UIGlow>ändern<UIGlow>01</UIGlow><UIForeground>01</UIForeground> (<UIForeground>F201FA</UIForeground><UIGlow>F201FB</UIGlow>change<UIGlow>01</UIGlow><UIForeground>01</UIForeground>) [Name/Nummer] [1-20]  Legt die Gegenstände von Set [Name/Nummer] an. Wenn eine Pro<SoftHyphen/>jektions<SoftHyphen/>platte [1-15] vorhanden ist, kann sie auch angewendet werden (optional).
  <UIForeground>F201FA</UIForeground><UIGlow>F201FB</UIGlow>check<UIGlow>01</UIGlow><UIForeground>01</UIForeground> (<UIForeground>F201FA</UIForeground><UIGlow>F201FB</UIGlow>view<UIGlow>01</UIGlow><UIForeground>01</UIForeground>) [Name/Nummer]  Listet die Gegenstände von Set [Name/Nummer] auf.
  <UIForeground>F201FA</UIForeground><UIGlow>F201FB</UIGlow>speichern<UIGlow>01</UIGlow><UIForeground>01</UIForeground> (<UIForeground>F201FA</UIForeground><UIGlow>F201FB</UIGlow>save<UIGlow>01</UIGlow><UIForeground>01</UIForeground>) [Name/Nummer]  Speichert aktuelle Gegenstände in Set [Name/Nummer].
  <UIForeground>F201FA</UIForeground><UIGlow>F201FB</UIGlow>entf<UIGlow>01</UIGlow><UIForeground>01</UIForeground> (<UIForeground>F201FA</UIForeground><UIGlow>F201FB</UIGlow>delete<UIGlow>01</UIGlow><UIForeground>01</UIForeground>) [Name/Nummer]  Entfernt das Set [Name/Nummer].
Bei fehlendem Unterbefehl wird die Liste der Sets geöffnet.
>>Beispiel:
/set ändern 1 1
(Legt Ausrüstungsset 1 an und wendet Pro<SoftHyphen/>jektions<SoftHyphen/>platte 1 an.)","/set","",32,0
210,4,2,2,2,0,"/itemsort","/isort","/sortieren, /sort, /itemsort, /isort
VERWENDUNG:
/sort [Unterbefehl]
→ Sortiert deine Gegenstände nach bestimmten Kriterien. Die hier für das Sortieren festgelegten Bedingungen beeinflussen die Funktionsweise des Untermenü-Kommandos „Sortieren“ nicht. (Alternativer Befehl in runden Klammern) {Erklärungen in geschwungenen Klammern}

>>Unterbefehle:
  <UIForeground>F201FA</UIForeground><UIGlow>F201FB</UIGlow>def<UIGlow>01</UIGlow><UIForeground>01</UIForeground> [Kategorie] [Kriterium] [Ordnung]
Definiert die Sortierreihenfolge für Gegenstände der angegebenen Kategorie.
  <UIForeground>F201FA</UIForeground><UIGlow>F201FB</UIGlow>los<UIGlow>01</UIGlow><UIForeground>01</UIForeground> [Kategorie]
Sortiert die Gegenstände der angegebenen Kategorie nach dem festgelegten Kriterium.
  <UIForeground>F201FA</UIForeground><UIGlow>F201FB</UIGlow>zurück<UIGlow>01</UIGlow><UIForeground>01</UIForeground> [Kategorie]
Löscht die Definition der Sortierreihenfolge für die angegebene Kategorie. Danach mit „los“ ausgeführtes Sortieren hat keinen Effekt.

>>Kategorien:
<UIForeground>F201FA</UIForeground><UIGlow>F201FB</UIGlow>inventar gehilfe arsenal<UIGlow>01</UIGlow><UIForeground>01</UIForeground> <UIForeground>F201FA</UIForeground><UIGlow>F201FB</UIGlow>satteltasche satteltasche2<UIGlow>01</UIGlow><UIForeground>01</UIForeground> <UIForeground>F201FA</UIForeground><UIGlow>F201FB</UIGlow>Hauptwaffe<UIGlow>01</UIGlow><UIForeground>01</UIForeground> (<UIForeground>F201FA</UIForeground><UIGlow>F201FB</UIGlow>Haupt<UIGlow>01</UIGlow><UIForeground>01</UIForeground>) <UIForeground>F201FA</UIForeground><UIGlow>F201FB</UIGlow>Nebenwaffe<UIGlow>01</UIGlow><UIForeground>01</UIForeground> (<UIForeground>F201FA</UIForeground><UIGlow>F201FB</UIGlow>Neben<UIGlow>01</UIGlow><UIForeground>01</UIForeground>) <UIForeground>F201FA</UIForeground><UIGlow>F201FB</UIGlow>Kopf Rumpf Hände Beine Füße Hals Ohren Handgelenke Ringe Jobkristall<UIGlow>01</UIGlow><UIForeground>01</UIForeground>

>>Kriterien:
<UIForeground>F201FA</UIForeground><UIGlow>F201FB</UIGlow>id<UIGlow>01</UIGlow><UIForeground>01</UIForeground> {interne Systemnummer}, <UIForeground>F201FA</UIForeground><UIGlow>F201FB</UIGlow>bindung<UIGlow>01</UIGlow><UIForeground>01</UIForeground> {Emotionale Bindung}, <UIForeground>F201FA</UIForeground><UIGlow>F201FB</UIGlow>kategorie<UIGlow>01</UIGlow><UIForeground>01</UIForeground> {Gegenstandskategorie}, <UIForeground>F201FA</UIForeground><UIGlow>F201FB</UIGlow>stufe<UIGlow>01</UIGlow><UIForeground>01</UIForeground> (<UIForeground>F201FA</UIForeground><UIGlow>F201FB</UIGlow>level<UIGlow>01</UIGlow><UIForeground>01</UIForeground>) {Aus<SoftHyphen/>rüstungs<SoftHyphen/>stufe}, <UIForeground>F201FA</UIForeground><UIGlow>F201FB</UIGlow>ggstufe<UIGlow>01</UIGlow><UIForeground>01</UIForeground> {Gegen<SoftHyphen/>stands<SoftHyphen/>stufe}, <UIForeground>F201FA</UIForeground><UIGlow>F201FB</UIGlow>stapel<UIGlow>01</UIGlow><UIForeground>01</UIForeground> {Stapelmenge}, <UIForeground>F201FA</UIForeground><UIGlow>F201FB</UIGlow>hq<UIGlow>01</UIGlow><UIForeground>01</UIForeground> {Qualität}, <UIForeground>F201FA</UIForeground><UIGlow>F201FB</UIGlow>materia<UIGlow>01</UIGlow><UIForeground>01</UIForeground>, <UIForeground>F201FA</UIForeground><UIGlow>F201FB</UIGlow>pschaden<UIGlow>01</UIGlow><UIForeground>01</UIForeground> {Physischer Basiswert}, <UIForeground>F201FA</UIForeground><UIGlow>F201FB</UIGlow>mschaden<UIGlow>01</UIGlow><UIForeground>01</UIForeground> {Magischer Basiswert}, <UIForeground>F201FA</UIForeground><UIGlow>F201FB</UIGlow>verzögerung<UIGlow>01</UIGlow><UIForeground>01</UIForeground>, <UIForeground>F201FA</UIForeground><UIGlow>F201FB</UIGlow>pautoattacke<UIGlow>01</UIGlow><UIForeground>01</UIForeground> {Physische Auto-Attacke}, <UIForeground>F201FA</UIForeground><UIGlow>F201FB</UIGlow>blockrate<UIGlow>01</UIGlow><UIForeground>01</UIForeground>, <UIForeground>F201FA</UIForeground><UIGlow>F201FB</UIGlow>blockeffekt<UIGlow>01</UIGlow><UIForeground>01</UIForeground>, <UIForeground>F201FA</UIForeground><UIGlow>F201FB</UIGlow>verteidigung<UIGlow>01</UIGlow><UIForeground>01</UIForeground>, <UIForeground>F201FA</UIForeground><UIGlow>F201FB</UIGlow>mabwehr<UIGlow>01</UIGlow><UIForeground>01</UIForeground>, <UIForeground>F201FA</UIForeground><UIGlow>F201FB</UIGlow>str ges kon int wlk kunstfertigkeit kontrolle sammeln expertise reiter<UIGlow>01</UIGlow><UIForeground>01</UIForeground> {Sortiert jeden Reiter einzeln, Bedingungen im nächsten Befehl spezifizierbar}

>>Ordnung:
<UIForeground>F201FA</UIForeground><UIGlow>F201FB</UIGlow>aufsteigend<UIGlow>01</UIGlow><UIForeground>01</UIForeground>, <UIForeground>F201FA</UIForeground><UIGlow>F201FB</UIGlow>absteigend<UIGlow>01</UIGlow><UIForeground>01</UIForeground>
Wenn Ordnung fehlt, wird aufsteigend sortiert. Gehilfeninventar und Satteltaschen müssen geöffnet sein, wenn als Kategorie angegeben. Ordnung entfällt, wenn als Kriterium „reiter“ gewählt wurde.

>>Beispiel:
/sort def Haupt bindung aufs
/sort def Haupt ggstufe abs
/sort los Haupt
Alle Hauptwaffen im Arsenal werden so sortiert, dass die mit der niedrigsten emotionalen Bindung zuerst kommt, wobei innerhalb dessen die höchste Gegen<SoftHyphen/>stands<SoftHyphen/>stufe zuerst gelistet wird.","/sortieren","/sort",36,0
211,2,1,2,0,0,"/random","","/würfeln, /random
VERWENDUNG:
/würfeln [Unterbefehl]
→ Eine Zahl zwischen 0 und 999 wird zufällig ausgewählt und als „Sagen“-Nachricht im Chatlog ausgegeben.

>>Unterbefehl:
  <UIForeground>F201FA</UIForeground><UIGlow>F201FB</UIGlow>[Obergrenze]<UIGlow>01</UIGlow><UIForeground>01</UIForeground>
Beispiel:
/würfeln 16
Eine Zahl zwischen 1 und 16 wird zufällig ausgewählt und als „Sagen“-Nachricht im Chatlog ausgegeben.","/würfeln","",36,0
212,1,0,0,0,0,"/instance","","/instanz, /instance
→ Zeigt im Chatlog an, ob du dich gerade in einem instanziierten Areal befindest oder nicht.","/instanz","",60,0
213,1,0,0,0,0,"/cleartellhistory","/cth","/flüsterverlauf, /cleartellhistory, /cth
→ Löscht die Flüster-Gesprächspartner aus dem Speicher.","/flüsterverlauf","",60,0
214,1,0,0,0,0,"/macrolock","/mlock","/makroblock, /macrolock, /mlock
→ Kann in Makros eingebunden werden. Verhindert, dass das betreffende Makro durch andere Makros unterbrochen wird.","/makroblock","",36,0
215,2,1,2,0,0,"/macroerror","/merror","/macrofehler, /mfehler, /macroerror, /merror
VERWENDUNG:
/macrofehler [Unterbefehl]
→ Zeigt Textfehler in Makros bei Ausführung des Makros an oder verbirgt die Fehlermeldungen. Einstellung wird auf „ein“ zurückgestellt, sobald das Makro ausgeführt wurde.
>>Unterbefehle:
  <UIForeground>F201FA</UIForeground><UIGlow>F201FB</UIGlow>ein<UIGlow>01</UIGlow><UIForeground>01</UIForeground> (<UIForeground>F201FA</UIForeground><UIGlow>F201FB</UIGlow>on<UIGlow>01</UIGlow><UIForeground>01</UIForeground>)  Fehlermeldungen anzeigen.
  <UIForeground>F201FA</UIForeground><UIGlow>F201FB</UIGlow>aus<UIGlow>01</UIGlow><UIForeground>01</UIForeground> (<UIForeground>F201FA</UIForeground><UIGlow>F201FB</UIGlow>off<UIGlow>01</UIGlow><UIForeground>01</UIForeground>) Fehlermeldungen verbergen.
Bei fehlendem Unterbefehl wird die Einstellung gewechselt.","/macrofehler","/mfehler",36,0
216,1,0,0,0,0,"/clearlog","/cl","/loglöschen, /ll, /clearlog, /cl
→ Löscht alle Nachrichten aus allen Log-Fenstern.","/loglöschen","/ll",509,0
217,0,0,0,0,0,"/macrocancel","/mcancel","/makrostopp, /mstopp, /macrocancel, /mcancel
→ Bricht das momentan laufende Makro ab. Kann nicht selbst in ein Makro eingebaut werden, sondern muss manuell in die Eingabezeile geschrieben werden.","/makrostopp","/mstopp",165,0
218,1,0,0,0,0,"/playtime","/ptime","/spielzeit, /playtime, /ptime
→ Zeigt die Gesamtspielzeit an, die du bisher mit FINAL FANTASY XIV verbracht hast.","/spielzeit","",60,0
219,1,0,0,0,0,"/grouppose","/gpose","/gruppenpose, /grouppose, /gpose
→ Lässt Gruppen- und Allianzmitglieder sowie Begleiter, Reittiere und Mitstreiter gemeinsam posieren.
>>Steuerung:
<CommandIcon(10)/>, R, Num *, Mausrad-Klick
Kamera-Einstellungen anzeigen
<CommandIcon(11)/>, Leertaste
Blick zur Kamera/normal
<CommandIcon(13)/>, X
Bewegung anhalten (alle)
<CommandIcon(14)/>, Num 1
Bewegung anhalten (Ziel)
<CommandIcon(15)/>,Num 2
Fokussierten Charakter wechseln
<CommandIcon(6)/>, <If(Equal(PlayerParameter(78),3))>tab, umsch+tab<Else/>Tab, Umsch+Tab</If>
Fokus wechseln
<CommandIcon(20)/>, W,A,S,D,Q,E
Kameraposition ändern
<Gui(16)/>, Z
Kameraposition zurücksetzen","/gruppenpose","",160,0
220,2,0,0,0,0,"/itemsearch","/isearch","/ggsuche, /itemsearch, /isearch
VERWENDUNG:
/ggsuche [Text]
→ Durchsucht deine Gegenstände nach dem eingegebenen Text. Die Suche berücksichtigt dein Inventar, dein Arsenal, die Chocobo-Satteltasche, die Pro<SoftHyphen/>jektions<SoftHyphen/>kommode, das Kostbarkeitenkabinett, die Inventare deiner Gehilfen sowie alle Gegenstände, die du oder deine Gehilfen angelegt haben. Kann nur aus der Eingabezeile des Chatlogs ausgeführt werden. 
>>Beispiel:
/ggsuche ""Materia IV""
Sucht nach allen Gegenständen, die den Text „Materia IV“ enthalten und listet sie im Chatlog auf.","/ggsuche","",32,3000
221,2,0,0,0,0,"/idlingcamera","/icam","/knips, /idlingcamera, /icam
VERWENDUNG:
/knips [Variable zur Zielbestimmung]
→ Aktiviert den Schnappschuss-Sucher, der im 10-Sekunden-Abstand zufällige Naheinstellungen von Charakteren und Objekten der Umgebung zeigt. Bei Angabe eines Ziels fokussiert der Sucher darauf (ausgenommen einige unfokussierbare Charaktere).
>>Steuerung:
<CommandIcon(10)/>, R, Num *, Mausrad-Klick
Kamera-Einstellungen anzeigen
<CommandIcon(8)/>, Num 0, Links-Klick
Kamerawinkel anhalten/weiter wechseln
<CommandIcon(6)/>, <If(Equal(PlayerParameter(78),3))>tab,umschalt+tab<Else/>Tab,Umschalt+Tab</If>
Szene überspringen
<CommandIcon(20)/>, W,A,S,D,Q,E
Kameraposition ändern
<Gui(16)/>, Z
Kameraposition zurücksetzen
>>Beispiel:
/knips <t>
Zeigt im 10-Sekunden-Takt zufällige Kameraeinstellungen mit Fokus auf den anvisierten Charakter.","/knips","",40,0
222,0,0,0,0,0,"","","","","",0,0
223,2,1,2,0,0,"/duelswitch","","/duell, /duelswitch
VERWENDUNG:
/duell [Unterbefehl]
→ Blockiert Duellherausforderungen. Kann nur in einem Duell-Areal benutzt werden.
>>Unterbefehle:
  <UIForeground>F201FA</UIForeground><UIGlow>F201FB</UIGlow>ein<UIGlow>01</UIGlow><UIForeground>01</UIForeground> (<UIForeground>F201FA</UIForeground><UIGlow>F201FB</UIGlow>1<UIGlow>01</UIGlow><UIForeground>01</UIForeground>)  Alle Heraus<SoftHyphen/>forde<SoftHyphen/>rungen werden automatisch abgelehnt.
  <UIForeground>F201FA</UIForeground><UIGlow>F201FB</UIGlow>aus<UIGlow>01</UIGlow><UIForeground>01</UIForeground> (<UIForeground>F201FA</UIForeground><UIGlow>F201FB</UIGlow>0<UIGlow>01</UIGlow><UIForeground>01</UIForeground>)  Heraus<SoftHyphen/>forde<SoftHyphen/>rungen werden normal erhalten.
Bei fehlendem Unterbefehl wird die Einstellung gewechselt.
>>Beispiel:
/duell ein
Alle Heraus<SoftHyphen/>forde<SoftHyphen/>rungen werden automatisch abgelehnt.","/duell","",4,0
224,2,1,2,0,0,"/beginnerchannelinvitation","/bchannelinvitation","/neulingschateinladung, /nchateinl, /beginnerchannelinvitation, /bchannelinvitation
VERWENDUNG:
/neulingschateinladung [Unterbefehl]
→ Einladungen in den Neulings-Chat werden angenommen oder automatisch abgelehnt.
>>Unterbefehle:
　<UIForeground>F201FA</UIForeground><UIGlow>F201FB</UIGlow>ein<UIGlow>01</UIGlow><UIForeground>01</UIForeground> (<UIForeground>F201FA</UIForeground><UIGlow>F201FB</UIGlow>1<UIGlow>01</UIGlow><UIForeground>01</UIForeground>)  Andere Spieler können dich in den Neulings-Chat einladen.
　<UIForeground>F201FA</UIForeground><UIGlow>F201FB</UIGlow>aus<UIGlow>01</UIGlow><UIForeground>01</UIForeground> (<UIForeground>F201FA</UIForeground><UIGlow>F201FB</UIGlow>0<UIGlow>01</UIGlow><UIForeground>01</UIForeground>)  Einladungen in den Neulings-Chat werden automatisch abgelehnt.
Bei fehlendem Unterbefehl wird die Einstellung auf den jeweils anderen Wert geändert.","/neulingschateinladung","/nchateinl",189,1000
225,1,0,0,0,0,"/beginnerchannelleave","/bchannelleave","/neulingschatverlassen, /nchatver, /beginnerchannelleave, /bchannelleave
VERWENDUNG:
　/neulingschatverlassen
→ Entfernt dich aus dem Neulings-Chat.
※ Nur für Neulinge und Rückkehrer.","/neulingschatverlassen","/nchatver",189,1000
226,3,2,7,15,0,"/egiglamour","","/egiprojektion, /egipro, /petmirage, /egimirage
VERWENDUNG: /egipro [Egi-Name] [Aussehen]→ Ändert deine Anzeigeeinstellung für das nächste gerufene Familiar. Keine Auswirkungen auf die Anzeige für andere Spieler. Bei PvP unwirksam.

>>Familiarname:
  <UIForeground>F201FA</UIForeground><UIGlow>F201FB</UIGlow>Karfunkel<UIGlow>01</UIGlow><UIForeground>01</UIForeground>
  <UIForeground>F201FA</UIForeground><UIGlow>F201FB</UIGlow>Garuda-Egi<UIGlow>01</UIGlow><UIForeground>01</UIForeground>
  <UIForeground>F201FA</UIForeground><UIGlow>F201FB</UIGlow>Titan-Egi<UIGlow>01</UIGlow><UIForeground>01</UIForeground>
  <UIForeground>F201FA</UIForeground><UIGlow>F201FB</UIGlow>Ifrit-Egi<UIGlow>01</UIGlow><UIForeground>01</UIForeground>
  <UIForeground>F201FA</UIForeground><UIGlow>F201FB</UIGlow>Eos<UIGlow>01</UIGlow><UIForeground>01</UIForeground>
>>Aussehen:
  <UIForeground>F201FA</UIForeground><UIGlow>F201FB</UIGlow>Karfunkel<UIGlow>01</UIGlow><UIForeground>01</UIForeground>
  <UIForeground>F201FA</UIForeground><UIGlow>F201FB</UIGlow>Smaragd-Karfunkel<UIGlow>01</UIGlow><UIForeground>01</UIForeground>
  <UIForeground>F201FA</UIForeground><UIGlow>F201FB</UIGlow>Topas-Karfunkel<UIGlow>01</UIGlow><UIForeground>01</UIForeground>
  <UIForeground>F201FA</UIForeground><UIGlow>F201FB</UIGlow>Rubin-Karfunkel<UIGlow>01</UIGlow><UIForeground>01</UIForeground>
  <UIForeground>F201FA</UIForeground><UIGlow>F201FB</UIGlow>Ifrit-Egi<UIGlow>01</UIGlow><UIForeground>01</UIForeground>
  <UIForeground>F201FA</UIForeground><UIGlow>F201FB</UIGlow>Titan-Egi<UIGlow>01</UIGlow><UIForeground>01</UIForeground>
  <UIForeground>F201FA</UIForeground><UIGlow>F201FB</UIGlow>Garuda-Egi<UIGlow>01</UIGlow><UIForeground>01</UIForeground>
  <UIForeground>F201FA</UIForeground><UIGlow>F201FB</UIGlow>Selene<UIGlow>01</UIGlow><UIForeground>01</UIForeground>
Bei fehlendem Aussehen erhält das Familiar sein ursprüngliches Aussehen zurück.
Bei fehlendem Unterkommando wird das Menü „Momentanes Aussehen deiner Familiare“ aufgerufen.

>>Beispiel:
/fampro Garuda-Egi Topas-Karfunkel
Gibt dem Garuda-Egi das Aussehen eines Topas-Karfunkels.
/fampro Garuda-Egi
Gibt dem Garuda-Egi sein ursprüngliches Aussehen zurück.
/fampro
Ruft das Menü „Momentanes Aussehen deiner Familiare“ auf.","/egiprojektion","/egipro",36,0
227,3,1,2,0,0,"/title","","/titel, /title
VERWENDUNG:
/titel [Unterbefehl] ""[Titel]""
→ Legt fest, welcher Titel bei deinem Namen angezeigt werden soll.
>>Unterbefehle:
　<UIForeground>F201FA</UIForeground><UIGlow>F201FB</UIGlow>legen<UIGlow>01</UIGlow><UIForeground>01</UIForeground> (<UIForeground>F201FA</UIForeground><UIGlow>F201FB</UIGlow>set<UIGlow>01</UIGlow><UIForeground>01</UIForeground>)  Zeigt den angegebenen Titel an.
　<UIForeground>F201FA</UIForeground><UIGlow>F201FB</UIGlow>zurück<UIGlow>01</UIGlow><UIForeground>01</UIForeground> (<UIForeground>F201FA</UIForeground><UIGlow>F201FB</UIGlow>clear<UIGlow>01</UIGlow><UIForeground>01</UIForeground>)  Verbirgt den angegebenen Titel.
Bei fehlendem Unterbefehl wird ein zufälliger Titel angezeigt. Männliche und weibliche Varianten eines Titels verwendbar.
>>Beispiel:
/titel legen ""das Rad der Veränderung""
Zeigt den Titel „das Rad der Veränderung“ an.","/titel","",36,1000
228,2,1,2,0,0,"/bahamutsize","","/bahamut, /bahamutsize
Dieser Befehl ist nun Teil von /familiargröße.","/bahamut","",36,0
229,8,3,2,2,2,"/alarm","","/alarm
VERWENDUNG:
/alarm [Unterbefehl]
→ Richtet einen Alarm ein.
Beispiel:
/alarm Feierabend oz 1920 15 ton04
Richtet einen Alarm mit dem Namen „Feierabend“ für 19:20 Uhr Ortszeit (oz) ein, der 15 Minuten vorher angekündigt wird und mit dem Alarmton 4 (ton04) klingelt.
/alarm Unternehmung oz wh 00 5 ton04
Richtet einen Alarm mit dem Namen „Unternehmung“ ein, der sich stündlich 5 Minuten nach der vollen Stunde wiederholt und mit dem Alarmton 4 (ton04) klingelt.
Wiederholung und Ankündigung können ausgelassen werden. Eine Zeitangabe ist von 0000 bis 2400 möglich. Die Ankündigung kann zwischen 1 und 60 Minuten vor dem Termin liegen. Bei einem Alarm zu einer festgelegten Uhrzeit ist die wh Funktion nicht möglich. Die Alarmtöne reichen von ton00 bis ton05, und falls er zusätzlich als stumm (mute) definiert ist, klingelt er nicht in Inhalten. Alarmton und Stummschaltung können ausgelassen werden.
>>Unterbefehle
 <UIForeground>F201FA</UIForeground><UIGlow>F201FB</UIGlow>oz<UIGlow>01</UIGlow><UIForeground>01</UIForeground> (<UIForeground>F201FA</UIForeground><UIGlow>F201FB</UIGlow>lt<UIGlow>01</UIGlow><UIForeground>01</UIForeground>)  Ortszeit
 <UIForeground>F201FA</UIForeground><UIGlow>F201FB</UIGlow>sz<UIGlow>01</UIGlow><UIForeground>01</UIForeground> (<UIForeground>F201FA</UIForeground><UIGlow>F201FB</UIGlow>st<UIGlow>01</UIGlow><UIForeground>01</UIForeground>)  Serverzeit
 <UIForeground>F201FA</UIForeground><UIGlow>F201FB</UIGlow>ez<UIGlow>01</UIGlow><UIForeground>01</UIForeground> (<UIForeground>F201FA</UIForeground><UIGlow>F201FB</UIGlow>et<UIGlow>01</UIGlow><UIForeground>01</UIForeground>)  Eorzea-Zeit
 <UIForeground>F201FA</UIForeground><UIGlow>F201FB</UIGlow>zurück<UIGlow>01</UIGlow><UIForeground>01</UIForeground> (<UIForeground>F201FA</UIForeground><UIGlow>F201FB</UIGlow>clear<UIGlow>01</UIGlow><UIForeground>01</UIForeground>)  Löscht alle Alarme.

Bei fehlendem Unterbefehl wird das Alarmfenster geöffnet bzw. geschlossen.","/alarm","",32,0
230,0,0,0,0,0,"","","","","",0,0
231,2,1,2,0,0,"/busy","","/beschäftigt, /busy
VERWENDUNG:
/beschäftigt [Unterbefehl]
→ Setzt deinen Online-Status auf „Beschäftigt“.
>>Unterbefehle:
  <UIForeground>F201FA</UIForeground><UIGlow>F201FB</UIGlow>ein<UIGlow>01</UIGlow><UIForeground>01</UIForeground> (<UIForeground>F201FA</UIForeground><UIGlow>F201FB</UIGlow>on<UIGlow>01</UIGlow><UIForeground>01</UIForeground>)  Setzt den Status auf „Beschäftigt“.
  <UIForeground>F201FA</UIForeground><UIGlow>F201FB</UIGlow>aus<UIGlow>01</UIGlow><UIForeground>01</UIForeground> (<UIForeground>F201FA</UIForeground><UIGlow>F201FB</UIGlow>off<UIGlow>01</UIGlow><UIForeground>01</UIForeground>)  Setzt den Status auf „Online“.
Bei fehlendem Unterbefehl wird die Einstellung gewechselt.","/beschäftigt","",36,0
232,2,1,2,0,0,"/away","/afk","/abwesend, /abw, /away, /afk
VERWENDUNG:
/abwesend [Unterbefehl]
→ Setzt deinen Online-Status auf „Abwesend“.
>>Unterbefehle:
  <UIForeground>F201FA</UIForeground><UIGlow>F201FB</UIGlow>ein<UIGlow>01</UIGlow><UIForeground>01</UIForeground> (<UIForeground>F201FA</UIForeground><UIGlow>F201FB</UIGlow>on<UIGlow>01</UIGlow><UIForeground>01</UIForeground>)  Setzt den Status auf „Abwesend“.
  <UIForeground>F201FA</UIForeground><UIGlow>F201FB</UIGlow>aus<UIGlow>01</UIGlow><UIForeground>01</UIForeground> (<UIForeground>F201FA</UIForeground><UIGlow>F201FB</UIGlow>off<UIGlow>01</UIGlow><UIForeground>01</UIForeground>)  Setzt den Status auf „Online“.
Bei fehlendem Unterbefehl wird die Einstellung gewechselt.","/abwesend","/abw",36,0
233,1,0,0,0,0,"/lookingforparty","/lfp","/suchtgruppe, /sgr, /lookingforparty, /lfp
VERWENDUNG:
/sgr [Klasse/Job]
→ Setzt deinen Online-Status für die spezifizierte Klasse (Job) auf „Sucht Gruppe“.
>>Klassen/Jobs (mehrere möglich):
<UIForeground>F201FA</UIForeground><UIGlow>F201FB</UIGlow>Paladin (PLD), Gladiator (GLA), Krieger (KRG), Marodeur (MAR), Dunkelritter (DKR), Revolver<SoftHyphen/>klinge (REV), Weißmagier (WMA), Druide (DRU), Gelehrter (GLT), Astrologe (AST), Weiser (WEI), Mönch (MÖN), Faustkämpfer (FST), Dragoon (DRG), Pikenier (PIK), Ninja (NIN), Schurke (SCH), Samurai (SAM), Schnitter (SNT), Viper (VPR), Barde (BRD), Waldläufer (WDL), Maschinist (MCH), Tänzer (TÄN), Schwarzmagier (SMA), Thaumaturg (THM), Beschwörer (BSW), Hermetiker (HRT), Rotmagier (RMA), Piktomant (PKT), Blaumagier (BMA), Zimmerer (ZIM), Grobschmied (GRS), Plattner (PLA), Goldschmied (GLD), Gerber (GER), Weber (WEB), Alchemist (ALC), Gourmet (GRM), Minenarbeiter (MIN), Gärtner (GÄR), Fischer (FIS)<UIGlow>01</UIGlow><UIForeground>01</UIForeground>
Bei fehlender Klasse wird die momentane gewählt.
>>Unterbefehle:
  <UIForeground>F201FA</UIForeground><UIGlow>F201FB</UIGlow>ein<UIGlow>01</UIGlow><UIForeground>01</UIForeground> (<UIForeground>F201FA</UIForeground><UIGlow>F201FB</UIGlow>on<UIGlow>01</UIGlow><UIForeground>01</UIForeground>)  Setzt den Status auf „Sucht Gruppe“.
  <UIForeground>F201FA</UIForeground><UIGlow>F201FB</UIGlow>aus<UIGlow>01</UIGlow><UIForeground>01</UIForeground> (<UIForeground>F201FA</UIForeground><UIGlow>F201FB</UIGlow>off<UIGlow>01</UIGlow><UIForeground>01</UIForeground>)  Setzt den Status auf „Online“.
Bei fehlendem Unterbefehl wird die Einstellung gewechselt.","/suchtgruppe","/sgr",36,0
234,2,1,2,0,0,"/lookingformeld","/lfm","/setztein, /wmat, /lookingformeld, /lfm
VERWENDUNG:
/setztein [Unterbefehl]
→ Setzt deinen Online-Status auf „Setzt Materia ein“.
>>Unterbefehle:
  <UIForeground>F201FA</UIForeground><UIGlow>F201FB</UIGlow>ein<UIGlow>01</UIGlow><UIForeground>01</UIForeground> (<UIForeground>F201FA</UIForeground><UIGlow>F201FB</UIGlow>on<UIGlow>01</UIGlow><UIForeground>01</UIForeground>)  Setzt Status auf „Setzt Materia ein“.
  <UIForeground>F201FA</UIForeground><UIGlow>F201FB</UIGlow>aus<UIGlow>01</UIGlow><UIForeground>01</UIForeground> (<UIForeground>F201FA</UIForeground><UIGlow>F201FB</UIGlow>off<UIGlow>01</UIGlow><UIForeground>01</UIForeground>)  Setzt Status auf „Online“.
Bei fehlendem Unterbefehl wird die Einstellung gewechselt.","/setztein","/wmat",36,0
235,1,0,0,0,0,"/searchcomment","/scomment","/suchkomm, /searchcomment, /scomment
VERWENDUNG:
/suchkomm [Text]
→ Legt den eingegebenen Text als Suchkommentar für die Gruppen<SoftHyphen/>suche fest.","/suchkomm","",36,0
236,2,1,2,0,0,"/beginnerstatus","/bstatus","/neulingsstatus, /nstat, /nastatus, /nas
VERWENDUNG:
/neulingsstatus [Unterbefehl]
→ Ändert deinen Neulingsstatus.
>>Unterbefehle:
  <UIForeground>F201FA</UIForeground><UIGlow>F201FB</UIGlow>ein<UIGlow>01</UIGlow><UIForeground>01</UIForeground> (<UIForeground>F201FA</UIForeground><UIGlow>F201FB</UIGlow>on<UIGlow>01</UIGlow><UIForeground>01</UIForeground>)  Aktiviert den Status „Neuling“.
  <UIForeground>F201FA</UIForeground><UIGlow>F201FB</UIGlow>aus<UIGlow>01</UIGlow><UIForeground>01</UIForeground> (<UIForeground>F201FA</UIForeground><UIGlow>F201FB</UIGlow>off<UIGlow>01</UIGlow><UIForeground>01</UIForeground>)  Deaktiviert den Status  „Neuling“.
Bei fehlendem Unterbefehl wird die Einstellung gewechselt.","/neulingsstatus","/nstat",36,1000
237,2,1,2,0,0,"/beginnerchannel","/bchannel","/neulingschat, /nchat, /novicenetwork, /nnetwork
VERWENDUNG:
/neulingschat [Unterbefehl]
→ Ändert die Einstellung für die automatische Teilnahme am Neulings-Chat, wenn du Mentor bist.
>>Unterbefehle:
  <UIForeground>F201FA</UIForeground><UIGlow>F201FB</UIGlow>ein<UIGlow>01</UIGlow><UIForeground>01</UIForeground> (<UIForeground>F201FA</UIForeground><UIGlow>F201FB</UIGlow>on<UIGlow>01</UIGlow><UIForeground>01</UIForeground>)  Aktiviert die automatische Teilnahme und nimmt am Neulings-Chat teil.
  <UIForeground>F201FA</UIForeground><UIGlow>F201FB</UIGlow>aus<UIGlow>01</UIGlow><UIForeground>01</UIForeground> (<UIForeground>F201FA</UIForeground><UIGlow>F201FB</UIGlow>off<UIGlow>01</UIGlow><UIForeground>01</UIForeground>)  Deaktiviert die automatische Teilnahme und verlässt den Neulings-Chat.
Bei fehlendem Unterbefehl wird die Einstellung gewechselt.","/neulingschat","/nchat",36,1000
238,1,0,0,0,0,"/returnerstatusoff","","/rückkehrerstatusaus, /rstataus, /returnerstatusoff

→ Entfernt den Online-Status „Rückkehrer“.","/rückkehrerstatusaus","/rstataus",36,1000
239,2,1,2,0,0,"/roleplaying","","/rollenspiel, /roleplaying
VERWENDUNG:
/rollenspiel [Unterbefehl]
→ Ändert deinen Online-Status zu „Im Rollenspiel“.
>>Unterbefehle:
  <UIForeground>F201FA</UIForeground><UIGlow>F201FB</UIGlow>ein<UIGlow>01</UIGlow><UIForeground>01</UIForeground> (<UIForeground>F201FA</UIForeground><UIGlow>F201FB</UIGlow>on<UIGlow>01</UIGlow><UIForeground>01</UIForeground>)  Aktiviert den Status „Im Rollenspiel“.
  <UIForeground>F201FA</UIForeground><UIGlow>F201FB</UIGlow>aus<UIGlow>01</UIGlow><UIForeground>01</UIForeground> (<UIForeground>F201FA</UIForeground><UIGlow>F201FB</UIGlow>off<UIGlow>01</UIGlow><UIForeground>01</UIForeground>)  Aktiviert den Status „Online“.
Bei fehlendem Unterbefehl wird die Einstellung gewechselt.","/rollenspiel","",36,0
240,0,0,0,0,0,"","","","","",0,0
241,0,0,0,0,0,"","","","","",0,0
242,0,0,0,0,0,"","","","","",0,0
243,0,0,0,0,0,"","","","","",0,0
244,0,0,0,0,0,"","","","","",0,0
245,0,0,0,0,0,"","","","","",0,0
246,0,0,0,0,0,"","","","","",0,0
247,0,0,0,0,0,"","","","","",0,0
248,0,0,0,0,0,"","","","","",0,0
249,0,0,0,0,0,"","","","","",0,0
250,0,0,0,0,0,"","","","","",0,0
251,3,2,3,2,0,"/action","/ac","/kommando, /kmd, /action, /ac
VERWENDUNG:
/kmd ""[Kommando]"" [Variable zur Zielbestimmung]
→ Führt das gewählte Kommando auf das spezifizierte Ziel aus. Kann nicht mit Kommandos verwendet werden, die noch nicht erlernt wurden oder die in dieser Situation nicht benutzt werden können. 

>>Zielbestimmung:
  <UIForeground>F201FA</UIForeground><UIGlow>F201FB</UIGlow><1>-<8><UIGlow>01</UIGlow><UIForeground>01</UIForeground>  Führt das Kommando auf Grup<SoftHyphen/>pen<SoftHyphen/>mit<SoftHyphen/>glied 1 - 8 aus.
  <UIForeground>F201FA</UIForeground><UIGlow>F201FB</UIGlow><t>, <target><UIGlow>01</UIGlow><UIForeground>01</UIForeground>  Führt das Kommando auf das anvisierte Ziel aus. Bei Bodenziel-Kommandos wird das Kommando am Standort des Ziels ausgelöst.
  <UIForeground>F201FA</UIForeground><UIGlow>F201FB</UIGlow>bzaus<UIGlow>01</UIGlow><UIForeground>01</UIForeground> (<UIForeground>F201FA</UIForeground><UIGlow>F201FB</UIGlow>gtoff<UIGlow>01</UIGlow><UIForeground>01</UIForeground>)  Das Bodenziel-Kommando wird direkt ohne Starten des Bodenziel-Modus an der Stelle des Zeigers ausgelöst.

>>Beispiel:
/kmd ""Gewaltiger Hieb"" <t>
Gewaltiger Hieb wird auf das anvisierte Ziel ausgeführt.
/kmd Vita <2>
Vita wird auf Grup<SoftHyphen/>pen<SoftHyphen/>mit<SoftHyphen/>glied 2 ausgeführt.
/kmd Shukuchi <t>
Shukuchi wird am Standort des anvisierten Ziels ausgelöst.
/action Shukuchi bzaus
Shukuchi wird direkt an der Stelle des Zeigers ausgelöst.","/kommando","/kmd",36,0
252,2,1,2,0,0,"/battlemode","/bm","/kampf, /battlemode, /bm
VERWENDUNG:
/kampf [Unterbefehl]
→ Wechselt zwischen Initiative und Normalzustand.
>>Unterbefehle:
  <UIForeground>F201FA</UIForeground><UIGlow>F201FB</UIGlow>ein<UIGlow>01</UIGlow><UIForeground>01</UIForeground> (<UIForeground>F201FA</UIForeground><UIGlow>F201FB</UIGlow>on<UIGlow>01</UIGlow><UIForeground>01</UIForeground>)  Wechselt in die Initiative.
  <UIForeground>F201FA</UIForeground><UIGlow>F201FB</UIGlow>aus<UIGlow>01</UIGlow><UIForeground>01</UIForeground> (<UIForeground>F201FA</UIForeground><UIGlow>F201FB</UIGlow>off<UIGlow>01</UIGlow><UIForeground>01</UIForeground>)  Wechselt in den Normalzustand.
Bei fehlendem Unterbefehl wird in den jeweils anderen Zustand gewechselt.","/kampf","",36,0
253,2,0,0,0,0,"/target","/ta","/ziel, /target, /ta
VERWENDUNG:
/ziel [Variable zur Zielbestimmung]
→ Wählt einen Charakter als Ziel aus. Der Charakter muss sich in Reichweite befinden.
>>Beispiel:
/ziel <2>
Wählt den zweiten Charakter in der Gruppenliste als Ziel aus.","/ziel","",36,0
254,1,0,0,0,0,"/targetpc","/tpc","/zielpc, /targetpc, /tpc
→ Der nächste PC im Umkreis wird als Ziel ausgewählt.","/zielpc","",36,0
255,1,0,0,0,0,"/targetnpc","/tnpc","/zielnpc, /targetnpc, /tnpc
→ Der nächste NPC oder das nächste Objekt im Umkreis wird als Ziel ausgewählt.","/zielnpc","",36,0
256,1,0,0,0,0,"/targetenemy","/tenemy","/zielgeg, /targetenemy, /tenemy
→ Der nächste Gegner im Umkreis wird als Ziel ausgewählt.","/zielgeg","",36,0
257,1,0,0,0,0,"/battletarget","/bt","/zielfeind, /battletarget, /bt
→ Der auf dem Bildschirm nächststehende, dich attackierende Gegner wird als Ziel ausgewählt.","/zielfeind","",36,0
258,2,0,0,0,0,"/assist","/as","/assist, /as
VERWENDUNG:
/assist [Variable zur Zielbestimmung]
→ Wählt dasselbe Ziel aus, das von dem angegeben Charakter gerade anvisiert wird.>>Beispiel:
/assist <t>
Visiert dasselbe Ziel an, das der angegebene Charakter gerade anvisiert.
/assist <2>
Visiert dasselbe Ziel an, das der zweite Charakter in der Gruppenliste gerade anvisiert.","","",36,0
259,1,0,0,0,0,"/facetarget","/ft","/hin, /facetarget, /ft
→ Wendet deinen Charakter sofort zum anvisierten Ziel hin.","/hin","",36,0
260,1,0,0,0,0,"/nexttarget","/nt","/nächstesziel, /nexttarget, /nt
→ Schaltet im Uhrzeigersinn durch die Gegner auf dem Bildschirm.","/nächstesziel","",36,0
261,1,0,0,0,0,"/previoustarget","","/vorigesziel, /previoustarget
→ Schaltet gegen den Uhrzeigersinn durch die Gegner auf dem Bildschirm.","/vorigesziel","",36,0
262,1,0,0,0,0,"/targetlasttarget","/tlt","/letztesziel, /targetlasttarget, /tlt
→ Visiert dein letztes Ziel erneut an.","/letztesziel","",36,0
263,1,0,0,0,0,"/targetlastenemy","/tle","/letzterfeind, /targetlastenemy, /tle
→ Visiert deinen letzten Gegner erneut an.","/letzterfeind","",36,0
264,2,1,2,0,0,"/lockon","/lo","/feststellen, /fest, /lockon, /lo
VERWENDUNG:
/fest [Unterbefehl]
→ Stellt dein momentan anvisiertes Ziel fest.
>>Unterbefehle:
  <UIForeground>F201FA</UIForeground><UIGlow>F201FB</UIGlow>ein<UIGlow>01</UIGlow><UIForeground>01</UIForeground> (<UIForeground>F201FA</UIForeground><UIGlow>F201FB</UIGlow>on<UIGlow>01</UIGlow><UIForeground>01</UIForeground>)  Ziel feststellen.
  <UIForeground>F201FA</UIForeground><UIGlow>F201FB</UIGlow>aus<UIGlow>01</UIGlow><UIForeground>01</UIForeground> (<UIForeground>F201FA</UIForeground><UIGlow>F201FB</UIGlow>off<UIGlow>01</UIGlow><UIForeground>01</UIForeground>)  Zielfeststellung aufheben.
Bei fehlendem Unterbefehl wird die Einstellung gewechselt.","/feststellen","/fest",36,0
265,2,0,0,0,0,"/focustarget","","/fokusziel, /focustarget
VERWENDUNG:
/fokusziel [Variable zur Zielbestimmung]
→ Macht das ausgewählte Ziel zu deinem Fokusziel. Wird kein Ziel angegeben, wird das gerade anvisierte Ziel zum Fokusziel gemacht.","/fokusziel","",36,0
266,0,0,0,0,0,"","","","","",0,0
267,3,2,5,2,0,"/petaction","/pac","/familiarkomm, /fkmd, /petaction, /pac
VERWENDUNG:
/fkmd ""[Kommando]"" [Variable zur Zielbestimmung]
→ Benutzt ein Familiar-Kommando auf das Ziel. Bei Kommandos auf den eigenen Charakter oder Familiar kann die Zielangabe entfallen. Ausführung nur möglich, wenn das Kommando bereits erlernt wurde und die Umstände es erlauben.
>>Beispiel:
  /fkmd ""Aus""
Befiehlt dem Familiar, das Kommando „Aus“ auszuführen.","/familiarkomm","/fkmd",36,0
268,2,1,6,0,0,"/companionaction","/cac","/mitstreiterkomm, /mkmd, /companionaction, /cac
VERWENDUNG:
/mkmd ""[Kommando]""
→ Benutzt ein Mitstreiter-Kommando. Das Ziel kann nicht spezifiziert werden. Ausführung nur möglich, wenn das Kommando bereits erlernt wurde und die Umstände es erlauben.
>>Beispiel:
  /mkmd ""Freie Haltung""
Lässt deinen Mitstreiter in die Freie Haltung wechseln.","/mitstreiterkomm","/mkmd",36,0
269,1,0,0,0,0,"/facecamera","/fcam","/zukamera, /facecamera, /fcam
→ Lässt deinen Charakter direkt in die Kamera blicken. Bei erneuter Ausführung blickt der Charakter wieder weg.","/zukamera","",36,0
270,2,1,2,0,0,"/levelsync","/lsync","/stufenanpassung, /stufe, /levelsync, lsync
VERWENDUNG:
/stufe [Unterbefehl]
→ Passt deine Fertigkeitsstufe an, wenn die Option besteht, z. B. bei FATEs.
>>Unterbefehle:
  <UIForeground>F201FA</UIForeground><UIGlow>F201FB</UIGlow>ein<UIGlow>01</UIGlow><UIForeground>01</UIForeground> (<UIForeground>F201FA</UIForeground><UIGlow>F201FB</UIGlow>on<UIGlow>01</UIGlow><UIForeground>01</UIForeground>)  Anpassen.
  <UIForeground>F201FA</UIForeground><UIGlow>F201FB</UIGlow>aus<UIGlow>01</UIGlow><UIForeground>01</UIForeground> (<UIForeground>F201FA</UIForeground><UIGlow>F201FB</UIGlow>off<UIGlow>01</UIGlow><UIForeground>01</UIForeground>)  Anpassung aufheben.
Bei fehlendem Unterbefehl wird die Einstellung gewechselt.","/stufenanpassung","/stufe",36,0
271,2,1,9,0,0,"/mount","","/reit, /mount
VERWENDUNG:
/reit ""[Reittiername]""
→ Du besteigst das angegebene Reittier bzw. steigst davon ab. Zum Absteigen kann der Reittiername entfallen. Beim Flug wird zum Sturzflug angesetzt.","/reit","",36,0
272,3,2,3,2,0,"/additionalaction","/aaction","/ergkmd, /additionalaction, /aaction
** Dieses Kommando wurde deaktiviert. **","/ergkmd","",36,1000
273,3,2,10,2,0,"/generalaction","/gaction","/allgkom, /generalaction, /gaction
VERWENDUNG:
allgkom ""[Kommando]"" [Variable zur Zielbestimmung]
→ Wendet das Kommando auf das Ziel an.
>>Zielbestimmung:
  <UIForeground>F201FA</UIForeground><UIGlow>F201FB</UIGlow><1>-<8><UIGlow>01</UIGlow><UIForeground>01</UIForeground>  Führt das Kommando auf Grup<SoftHyphen/>pen<SoftHyphen/>mit<SoftHyphen/>glied 1 - 8 aus.
  <UIForeground>F201FA</UIForeground><UIGlow>F201FB</UIGlow><t>, <target><UIGlow>01</UIGlow><UIForeground>01</UIForeground>  Führt das Kommando auf das anvisierte Ziel aus. Bei Bodenziel-Kommandos wird das Kommando am Standort des Ziels ausgelöst.
  <UIForeground>F201FA</UIForeground><UIGlow>F201FB</UIGlow>bzaus<UIGlow>01</UIGlow><UIForeground>01</UIForeground> (<UIForeground>F201FA</UIForeground><UIGlow>F201FB</UIGlow>gtoff<UIGlow>01</UIGlow><UIForeground>01</UIForeground>)  Das Bodenziel-Kommando wird direkt ohne Starten des Bodenziel-Modus an der Stelle des Zeigers ausgelöst.

>>Beispiel:
/allgkom ""Reittier-Roulette""
Führt das Reittier-Roulette aus.
/allgkom ""Spezialkommando 1"" <t>
Führt „Spezialkommando 1“ auf das Ziel aus.","/allgkom","",36,0
274,2,1,8,0,0,"/minion","","/begleiter, /minion
VERWENDUNG:
/begleiter ""[Begleitername]""
→ Ruft oder entlässt den spezifizierten Begleiter. Beim Wegschicken kann der Name des Begleiters entfallen.","/begleiter","",36,0
275,2,0,0,0,0,"/statusoff","","/statusaus, /statusoff
VERWENDUNG:
/statusaus ""[Status]""
→ Deaktiviert den angegebenen positiven Statuseffekt.
>>Beispiel:
/statusaus ""Schutzwall""
Entfernt den Status Schutzwall.","/statusaus","",36,0
276,3,0,0,0,0,"/addpvpaction","/apa","/pluspvpkmd, /pluspvp, /addpvpaction, /apa
** Dieses Kommando wurde deaktiviert. **","/pluspvpkmd","/pluspvp",36,1000
277,3,2,16,2,0,"/pvpaction","/pvpac","/pvpkommando, /pvpkmd, /pvpaction, /pvpac
VERWENDUNG:
/pvpkmd  ""[Kommando]"" [Variable zur Zielbestimmung]
→ Führt ein PvP-Kommando auf das angegebene Ziel aus.
Ausführung nur möglich, wenn das Kommando bereits erlernt wurde und die Umstände es erlauben. Kommandos mit Bodenzielmodus werden auf den Standort des angegebenen Ziels ausgeführt. Wenn kein Ziel angegeben ist, wird der Bodenzielmodus aktiviert.
>>Zielbestimmung:
  <UIForeground>F201FA</UIForeground><UIGlow>F201FB</UIGlow><1>-<8><UIGlow>01</UIGlow><UIForeground>01</UIForeground>  Führt das Kommando auf Grup<SoftHyphen/>pen<SoftHyphen/>mit<SoftHyphen/>glied 1 - 8 aus.
  <UIForeground>F201FA</UIForeground><UIGlow>F201FB</UIGlow><t>, <target><UIGlow>01</UIGlow><UIForeground>01</UIForeground>  Führt das Kommando auf das anvisierte Ziel aus. Bei Bodenziel-Kommandos wird das Kommando am Standort des Ziels ausgelöst.
  <UIForeground>F201FA</UIForeground><UIGlow>F201FB</UIGlow>bzaus<UIGlow>01</UIGlow><UIForeground>01</UIForeground> (<UIForeground>F201FA</UIForeground><UIGlow>F201FB</UIGlow>gtoff<UIGlow>01</UIGlow><UIForeground>01</UIForeground>)  Das Bodenziel-Kommando wird direkt ohne Starten des Bodenziel-Modus an der Stelle des Zeigers ausgelöst.

>>Beispiel:
/pvpkmd ""Kombo Sturmkeil"" <t>
Führt „Kombo Sturmkeil“ auf das anvisierte Ziel aus.
/pvpkmd Shukuchi <t>
Shukuchi wird am Standort des anvisierten Ziels ausgelöst.
/pvpaction Shukuchi bzaus
Shukuchi wird direkt an der Stelle des Zeigers ausgelöst.","/pvpkommando","/pvpkmd",4,0
278,0,0,0,0,0,"","","","","",0,0
279,3,2,18,2,0,"/blueaction","","/blaukommando, /blauk, /blueaction
VERWENDUNG:
/blaukommando ""[Kommando]"" [Variable zur Zielbestimmung]
→ Führt das genannte Blaumagie-Kommando auf das genannte Ziel aus (außer die Umgebung gestattet die Ausführung nicht oder das Kommando wurde noch nicht erlernt). Kommandos mit Bodenzielmodus werden auf den Standort des angegebenen Ziels ausgeführt. Wenn kein Ziel angegeben ist, wird der Bodenzielmodus aktiviert.
>>Zielbestimmung:
  <UIForeground>F201FA</UIForeground><UIGlow>F201FB</UIGlow><1>-<8><UIGlow>01</UIGlow><UIForeground>01</UIForeground>  Führt das Kommando auf Grup<SoftHyphen/>pen<SoftHyphen/>mit<SoftHyphen/>glied 1 - 8 aus.
  <UIForeground>F201FA</UIForeground><UIGlow>F201FB</UIGlow><t>, <target><UIGlow>01</UIGlow><UIForeground>01</UIForeground>  Führt das Kommando auf das anvisierte Ziel aus. Bei Bodenziel-Kommandos wird das Kommando am Standort des Ziels ausgelöst.
  <UIForeground>F201FA</UIForeground><UIGlow>F201FB</UIGlow>bzaus<UIGlow>01</UIGlow><UIForeground>01</UIForeground> (<UIForeground>F201FA</UIForeground><UIGlow>F201FB</UIGlow>gtoff<UIGlow>01</UIGlow><UIForeground>01</UIForeground>)  Das Bodenziel-Kommando wird direkt ohne Starten des Bodenziel-Modus an der Stelle des Zeigers ausgelöst.

>>Beispiel:
/blaukommando Wasserkanone  <t>
Führt das Kommando Wasserkanone auf das anvisierte Ziel aus.","/blaukommando","/blauk",36,0
280,0,0,0,0,0,"","","","","",0,0
281,0,0,0,0,0,"","","","","",0,0
282,0,0,0,0,0,"","","","","",0,0
283,0,0,0,0,0,"","","","","",0,0
284,0,0,0,0,0,"","","","","",0,0
285,0,0,0,0,0,"","","","","",0,0
286,0,0,0,0,0,"","","","","",0,0
287,0,0,0,0,0,"","","","","",0,0
288,0,0,0,0,0,"","","","","",0,0
289,0,0,0,0,0,"","","","","",0,0
290,0,0,0,0,0,"","","","","",0,0
291,0,0,0,0,0,"","","","","",0,0
292,0,0,0,0,0,"","","","","",0,0
293,0,0,0,0,0,"","","","","",0,0
294,0,0,0,0,0,"","","","","",0,0
295,0,0,0,0,0,"","","","","",0,0
296,0,0,0,0,0,"","","","","",0,0
297,0,0,0,0,0,"","","","","",0,0
298,0,0,0,0,0,"","","","","",0,0
299,0,0,0,0,0,"","","","","",0,0
300,0,0,0,0,0,"","","","","",0,0
301,2,1,2,0,0,"/autolockon","","/autofest, /autolockon
VERWENDUNG:
/autofest [Unterbefehl]
→ Aktiviert die Einstellung der Charakter<SoftHyphen/>konfiguration „Bei Auto-Attacke Ziel automatisch feststellen“.
>>Unterbefehle:
  <UIForeground>F201FA</UIForeground><UIGlow>F201FB</UIGlow>ein<UIGlow>01</UIGlow><UIForeground>01</UIForeground> (<UIForeground>F201FA</UIForeground><UIGlow>F201FB</UIGlow>on<UIGlow>01</UIGlow><UIForeground>01</UIForeground>)  Aktiviert automatisches Feststellen.
  <UIForeground>F201FA</UIForeground><UIGlow>F201FB</UIGlow>aus<UIGlow>01</UIGlow><UIForeground>01</UIForeground> (<UIForeground>F201FA</UIForeground><UIGlow>F201FB</UIGlow>off<UIGlow>01</UIGlow><UIForeground>01</UIForeground>)  Deaktiviert automatisches Feststellen.
Bei fehlendem Unterbefehl wird die Einstellung gewechselt.","/autofest","",36,0
302,2,1,2,0,0,"/autofacetarget","","/autohin, /autofacetarget
VERWENDUNG:
/hin [Unterbefehl]
→ Aktiviert die Einstellung der Charakter<SoftHyphen/>konfiguration „Bei Kommando automatisch zum Ziel hinwenden“.
>>Unterbefehle:
  <UIForeground>F201FA</UIForeground><UIGlow>F201FB</UIGlow>ein<UIGlow>01</UIGlow><UIForeground>01</UIForeground> (<UIForeground>F201FA</UIForeground><UIGlow>F201FB</UIGlow>on<UIGlow>01</UIGlow><UIForeground>01</UIForeground>)  Aktiviert automatisches Hinwenden.
  <UIForeground>F201FA</UIForeground><UIGlow>F201FB</UIGlow>aus<UIGlow>01</UIGlow><UIForeground>01</UIForeground> (<UIForeground>F201FA</UIForeground><UIGlow>F201FB</UIGlow>off<UIGlow>01</UIGlow><UIForeground>01</UIForeground>)  Deaktiviert automatisches Hinwenden.
Bei fehlendem Unterbefehl wird die Einstellung gewechselt.","/autohin","",36,0
303,2,1,2,0,0,"/targetring","","/ring, /targetring
VERWENDUNG:
/ring [Unterbefehl]
→ Aktiviert die Einstellung der Charakter<SoftHyphen/>konfiguration „Ring um Ziel anzeigen“.
>>Unterbefehle:
  <UIForeground>F201FA</UIForeground><UIGlow>F201FB</UIGlow>ein<UIGlow>01</UIGlow><UIForeground>01</UIForeground> (<UIForeground>F201FA</UIForeground><UIGlow>F201FB</UIGlow>on<UIGlow>01</UIGlow><UIForeground>01</UIForeground>)  Zeigt Ring um Ziele an.
  <UIForeground>F201FA</UIForeground><UIGlow>F201FB</UIGlow>aus<UIGlow>01</UIGlow><UIForeground>01</UIForeground> (<UIForeground>F201FA</UIForeground><UIGlow>F201FB</UIGlow>off<UIGlow>01</UIGlow><UIForeground>01</UIForeground>)  Zeigt Ring um Ziele nicht an.
Bei fehlendem Unterbefehl wird die Einstellung gewechselt.","/ring","",36,0
304,2,1,2,0,0,"/targetline","","/aggro, /targetline
VERWENDUNG:
/aggro [Unterbefehl]
→ Aktiviert die Einstellung der Charakter<SoftHyphen/>konfiguration „Aggro-Linien von neuen Angreifern anzeigen“.
>>Unterbefehle:
  <UIForeground>F201FA</UIForeground><UIGlow>F201FB</UIGlow>ein<UIGlow>01</UIGlow><UIForeground>01</UIForeground> (<UIForeground>F201FA</UIForeground><UIGlow>F201FB</UIGlow>on<UIGlow>01</UIGlow><UIForeground>01</UIForeground>)  Zeigt Aggro-Linien an.
  <UIForeground>F201FA</UIForeground><UIGlow>F201FB</UIGlow>aus<UIGlow>01</UIGlow><UIForeground>01</UIForeground> (<UIForeground>F201FA</UIForeground><UIGlow>F201FB</UIGlow>off<UIGlow>01</UIGlow><UIForeground>01</UIForeground>)  Zeigt Aggro-Linien nicht an.
Bei fehlendem Unterbefehl wird die Einstellung gewechselt.","/aggro","",36,0
305,2,1,2,0,0,"/linkline","","/verbündete, /linkline
VERWENDUNG:
/verbündete [Unterbefehl]
→ Aktiviert die Einstellung der Charakter<SoftHyphen/>konfiguration „Linien zwischen verbündeten Feinden anzeigen“.
>>Unterbefehle:
  <UIForeground>F201FA</UIForeground><UIGlow>F201FB</UIGlow>ein<UIGlow>01</UIGlow><UIForeground>01</UIForeground> (<UIForeground>F201FA</UIForeground><UIGlow>F201FB</UIGlow>on<UIGlow>01</UIGlow><UIForeground>01</UIForeground>)  Zeigt Linien an.
  <UIForeground>F201FA</UIForeground><UIGlow>F201FB</UIGlow>aus<UIGlow>01</UIGlow><UIForeground>01</UIForeground> (<UIForeground>F201FA</UIForeground><UIGlow>F201FB</UIGlow>off<UIGlow>01</UIGlow><UIForeground>01</UIForeground>)  Zeigt Linien nicht an.
Bei fehlendem Unterbefehl wird die Einstellung gewechselt.","/verbündete","",36,0
306,2,1,2,0,0,"/autotarget","","/autoziel, /autotarget
VERWENDUNG:
/autoziel [Unterbefehl]
→ Aktiviert die Einstellung der Charakter<SoftHyphen/>konfiguration „Automatisches Anvisieren bei erlittener Attacke“.
>>Unterbefehle:
  <UIForeground>F201FA</UIForeground><UIGlow>F201FB</UIGlow>ein<UIGlow>01</UIGlow><UIForeground>01</UIForeground> (<UIForeground>F201FA</UIForeground><UIGlow>F201FB</UIGlow>on<UIGlow>01</UIGlow><UIForeground>01</UIForeground>)  Aktiviert automatisches Anvisieren.
  <UIForeground>F201FA</UIForeground><UIGlow>F201FB</UIGlow>aus<UIGlow>01</UIGlow><UIForeground>01</UIForeground> (<UIForeground>F201FA</UIForeground><UIGlow>F201FB</UIGlow>off<UIGlow>01</UIGlow><UIForeground>01</UIForeground>)  Deaktiviert automatisches Anvisieren.
Bei fehlendem Unterbefehl wird die Einstellung gewechselt.","/autoziel","",36,0
307,2,1,2,0,0,"/displayhead","","/helm, /displayhead
VERWENDUNG:
/helm [Unterbefehl]
→ Aktiviert die Einstellung der Charakter<SoftHyphen/>konfiguration „Ausrüstung am Kopf anzeigen“.
>>Unterbefehle:
  <UIForeground>F201FA</UIForeground><UIGlow>F201FB</UIGlow>ein<UIGlow>01</UIGlow><UIForeground>01</UIForeground> (<UIForeground>F201FA</UIForeground><UIGlow>F201FB</UIGlow>on<UIGlow>01</UIGlow><UIForeground>01</UIForeground>)  Zeigt Ausrüstung an.
  <UIForeground>F201FA</UIForeground><UIGlow>F201FB</UIGlow>aus<UIGlow>01</UIGlow><UIForeground>01</UIForeground> (<UIForeground>F201FA</UIForeground><UIGlow>F201FB</UIGlow>off<UIGlow>01</UIGlow><UIForeground>01</UIForeground>)  Zeigt Ausrüstung nicht an.
Bei fehlendem Unterbefehl wird die Einstellung gewechselt.","/helm","",36,0
308,2,1,2,0,0,"/displayarms","","/waffe, /displayarms
VERWENDUNG:
/waffe [Unterbefehl]
→ Aktiviert die Einstellung der Charakter<SoftHyphen/>konfiguration „Waffe/Werkzeuge immer anzeigen“.
>>Unterbefehle:
  <UIForeground>F201FA</UIForeground><UIGlow>F201FB</UIGlow>ein<UIGlow>01</UIGlow><UIForeground>01</UIForeground> (<UIForeground>F201FA</UIForeground><UIGlow>F201FB</UIGlow>on<UIGlow>01</UIGlow><UIForeground>01</UIForeground>)  Zeigt Waffe immer an.
  <UIForeground>F201FA</UIForeground><UIGlow>F201FB</UIGlow>aus<UIGlow>01</UIGlow><UIForeground>01</UIForeground> (<UIForeground>F201FA</UIForeground><UIGlow>F201FB</UIGlow>off<UIGlow>01</UIGlow><UIForeground>01</UIForeground>)  Zeigt Waffe nur an, wenn sie gezogen ist.
Bei fehlendem Unterbefehl wird die Einstellung gewechselt.","/waffe","",36,0
309,2,1,2,0,0,"/autosheathe","/ashathe","/waffeweg, /autosheathe
VERWENDUNG:
/waffeweg [Unterbefehl]
→ Aktiviert die Einstellung der Charakter<SoftHyphen/>konfiguration „Waffe wegstecken, wenn nicht im Kampf“.
>>Unterbefehle:
  <UIForeground>F201FA</UIForeground><UIGlow>F201FB</UIGlow>ein<UIGlow>01</UIGlow><UIForeground>01</UIForeground> (<UIForeground>F201FA</UIForeground><UIGlow>F201FB</UIGlow>on<UIGlow>01</UIGlow><UIForeground>01</UIForeground>)  Steckt Waffe nach Kampf weg.
  <UIForeground>F201FA</UIForeground><UIGlow>F201FB</UIGlow>aus<UIGlow>01</UIGlow><UIForeground>01</UIForeground> (<UIForeground>F201FA</UIForeground><UIGlow>F201FB</UIGlow>off<UIGlow>01</UIGlow><UIForeground>01</UIForeground>)  Hält Waffe auch nach Kampf gezogen.
Bei fehlendem Unterbefehl wird die Einstellung gewechselt.","/waffeweg","",36,0
310,2,1,2,0,0,"/targetself","","/selbstklick, /targetself
VERWENDUNG:
/selbstklick [Unterbefehl]
→ Aktiviert die Einstellung der Charakter<SoftHyphen/>konfiguration „Eigenen PC anklickbar machen“.
>>Unterbefehle:
  <UIForeground>F201FA</UIForeground><UIGlow>F201FB</UIGlow>ein<UIGlow>01</UIGlow><UIForeground>01</UIForeground> (<UIForeground>F201FA</UIForeground><UIGlow>F201FB</UIGlow>on<UIGlow>01</UIGlow><UIForeground>01</UIForeground>)  Macht eigenen Charakter anklickbar.
  <UIForeground>F201FA</UIForeground><UIGlow>F201FB</UIGlow>aus<UIGlow>01</UIGlow><UIForeground>01</UIForeground> (<UIForeground>F201FA</UIForeground><UIGlow>F201FB</UIGlow>off<UIGlow>01</UIGlow><UIForeground>01</UIForeground>)  Macht eigenen Charakter nicht anklickbar.
Bei fehlendem Unterbefehl wird die Einstellung gewechselt.","/selbstklick","",36,0
311,2,1,2,0,0,"/groundclick","","/bodenklick, /groundclick
VERWENDUNG:
/bodenklick [Unterbefehl]
→ Aktiviert die Einstellung der Charakter<SoftHyphen/>konfiguration „Klick aufs Gelände hebt Auswahl auf“.
>>Unterbefehle:
  <UIForeground>F201FA</UIForeground><UIGlow>F201FB</UIGlow>ein<UIGlow>01</UIGlow><UIForeground>01</UIForeground> (<UIForeground>F201FA</UIForeground><UIGlow>F201FB</UIGlow>on<UIGlow>01</UIGlow><UIForeground>01</UIForeground>)  Klick hebt Auswahl auf.
  <UIForeground>F201FA</UIForeground><UIGlow>F201FB</UIGlow>aus<UIGlow>01</UIGlow><UIForeground>01</UIForeground> (<UIForeground>F201FA</UIForeground><UIGlow>F201FB</UIGlow>off<UIGlow>01</UIGlow><UIForeground>01</UIForeground>)  Klick hebt Auswahl nicht auf.
Bei fehlendem Unterbefehl wird die Einstellung gewechselt.","/bodenklick","",36,0
312,4,3,2,2,2,"/chatlog","","/chatlog
VERWENDUNG:
/chatlog [Unterbefehl]
→ Nimmt Chatlog-Einstellungen vor.
>>Unterbefehle:
  <UIForeground>F201FA</UIForeground><UIGlow>F201FB</UIGlow>name<UIGlow>01</UIGlow><UIForeground>01</UIForeground> [Zahl 0-3]  Legt fest, wie Namen im Chatlog angezeigt werden. 0: Voller Name, 1: Nachname als Initiale, 2: Vorname als Initiale, 3: Ganzer Name als Initialen
  <UIForeground>F201FA</UIForeground><UIGlow>F201FB</UIGlow>schrift<UIGlow>01</UIGlow><UIForeground>01</UIForeground> [Reiternummer] [Schriftgröße]  Stellt die Schriftgröße im angegebenen Reiter ein (mögliche Schriftgrößen: 12-36).
  <UIForeground>F201FA</UIForeground><UIGlow>F201FB</UIGlow>zeit<UIGlow>01</UIGlow><UIForeground>01</UIForeground> [Reiternummer] <UIForeground>F201FA</UIForeground><UIGlow>F201FB</UIGlow>ein<UIGlow>01</UIGlow><UIForeground>01</UIForeground>  Zeigt Zeitstempel an.
  <UIForeground>F201FA</UIForeground><UIGlow>F201FB</UIGlow>zeit<UIGlow>01</UIGlow><UIForeground>01</UIForeground> [Reiternummer] <UIForeground>F201FA</UIForeground><UIGlow>F201FB</UIGlow>aus<UIGlow>01</UIGlow><UIForeground>01</UIForeground>  Zeigt Zeitstempel nicht an.
  <UIForeground>F201FA</UIForeground><UIGlow>F201FB</UIGlow>zeit<UIGlow>01</UIGlow><UIForeground>01</UIForeground> [Reiternummer]  Schaltet Zeitstempel an/aus.
  <UIForeground>F201FA</UIForeground><UIGlow>F201FB</UIGlow>zeit 12<UIGlow>01</UIGlow><UIForeground>01</UIForeground>  Stellt auf 12-Stunden-System um.
  <UIForeground>F201FA</UIForeground><UIGlow>F201FB</UIGlow>zeit 24<UIGlow>01</UIGlow><UIForeground>01</UIForeground>  Stellt auf 24-Stunden-System um.
  <UIForeground>F201FA</UIForeground><UIGlow>F201FB</UIGlow>zeit lokal<UIGlow>01</UIGlow><UIForeground>01</UIForeground>  Stellt auf die Zeit deines lokalen Systems um.
  <UIForeground>F201FA</UIForeground><UIGlow>F201FB</UIGlow>zeit server<UIGlow>01</UIGlow><UIForeground>01</UIForeground>  Stellt auf die Serverzeit um.
  <UIForeground>F201FA</UIForeground><UIGlow>F201FB</UIGlow>signal<UIGlow>01</UIGlow><UIForeground>01</UIForeground>  [Nachrichtenart] <UIForeground>F201FA</UIForeground><UIGlow>F201FB</UIGlow>ein<UIGlow>01</UIGlow><UIForeground>01</UIForeground>  Spielt Signalton beim Erhalt einer Nachricht dieser Art.
  <UIForeground>F201FA</UIForeground><UIGlow>F201FB</UIGlow>signal<UIGlow>01</UIGlow><UIForeground>01</UIForeground> [Nachrichtenart] <UIForeground>F201FA</UIForeground><UIGlow>F201FB</UIGlow>aus<UIGlow>01</UIGlow><UIForeground>01</UIForeground>  Kein Signalton beim Erhalt einer Nachricht dieser Art.
  <UIForeground>F201FA</UIForeground><UIGlow>F201FB</UIGlow>signal<UIGlow>01</UIGlow><UIForeground>01</UIForeground> [Nachrichtenart] [Signaltonnummer]  Legt für diese Nachrichtenart einen bestimmten Signalton fest.
  <UIForeground>F201FA</UIForeground><UIGlow>F201FB</UIGlow>signal<UIGlow>01</UIGlow><UIForeground>01</UIForeground> [Nachrichtenart]  Schaltet Signaltöne für diese Nachrichtenart ein/aus.
>>Nachrichtenarten:
  An sich selbst gerichtete Emotes, fl {Flüstern}, gruppe {Gruppe}, fg {Freie Ge<SoftHyphen/>sell<SoftHyphen/>schaft}, all {Allianz}, kk1-8 {Kontaktkreis 1-8}, neuling, wkk1-8 {Welten-Kontaktkreis 1-8}
Fehlt die Nachrichtenart, wird „Flüstern“ angenommen.","","",36,0
313,3,2,2,2,0,"/battleeffect","","/kampfeffekte, /battleeffect
VERWENDUNG:
/kampfeffekte [Ziel] [Typ]
→ Legt die Anzeige von Kampfeffekten fest.
>>Ziele:
  <UIForeground>F201FA</UIForeground><UIGlow>F201FB</UIGlow>selbst<UIGlow>01</UIGlow><UIForeground>01</UIForeground> (<UIForeground>F201FA</UIForeground><UIGlow>F201FB</UIGlow>self<UIGlow>01</UIGlow><UIForeground>01</UIForeground>)  Einstellungen für den eigenen Charakter.
  <UIForeground>F201FA</UIForeground><UIGlow>F201FB</UIGlow>gruppe<UIGlow>01</UIGlow><UIForeground>01</UIForeground> (<UIForeground>F201FA</UIForeground><UIGlow>F201FB</UIGlow>party<UIGlow>01</UIGlow><UIForeground>01</UIForeground>)  Einstellungen für die Grup<SoftHyphen/>pen<SoftHyphen/>mit<SoftHyphen/>glieder.
  <UIForeground>F201FA</UIForeground><UIGlow>F201FB</UIGlow>andere<UIGlow>01</UIGlow><UIForeground>01</UIForeground> (<UIForeground>F201FA</UIForeground><UIGlow>F201FB</UIGlow>other<UIGlow>01</UIGlow><UIForeground>01</UIForeground>) Einstellungen für andere Charaktere.
  <UIForeground>F201FA</UIForeground><UIGlow>F201FB</UIGlow>gegner<UIGlow>01</UIGlow><UIForeground>01</UIForeground> (<UIForeground>F201FA</UIForeground><UIGlow>F201FB</UIGlow>enemypc<UIGlow>01</UIGlow><UIForeground>01</UIForeground>) Einstellungen für gegnerische Spieler (PvP).
>>Typen:
  <UIForeground>F201FA</UIForeground><UIGlow>F201FB</UIGlow>alle<UIGlow>01</UIGlow><UIForeground>01</UIForeground> (<UIForeground>F201FA</UIForeground><UIGlow>F201FB</UIGlow>all<UIGlow>01</UIGlow><UIForeground>01</UIForeground>)  Alle Kampfeffekte anzeigen.
  <UIForeground>F201FA</UIForeground><UIGlow>F201FB</UIGlow>einfach<UIGlow>01</UIGlow><UIForeground>01</UIForeground> (<UIForeground>F201FA</UIForeground><UIGlow>F201FB</UIGlow>simple<UIGlow>01</UIGlow><UIForeground>01</UIForeground>)  Kampfeffekte vereinfacht anzeigen.
  <UIForeground>F201FA</UIForeground><UIGlow>F201FB</UIGlow>aus<UIGlow>01</UIGlow><UIForeground>01</UIForeground> (<UIForeground>F201FA</UIForeground><UIGlow>F201FB</UIGlow>off<UIGlow>01</UIGlow><UIForeground>01</UIForeground>)  Nicht anzeigen.
Bei fehlendem Typ wird zwischen „alle“ und „aus“ gewechselt.","/kampfeffekte","",228,0
314,3,2,4,2,0,"/hud","","/hud
VERWENDUNG:
/hud [Element] [Unterbefehl]
→ Blendet das angegebene Element ein/aus.
>>HUD-Elemente:
Details zum Ziel (ziel), LP des Ziels (ziellp), Fortschrittsbalken des Ziels (zielfort), Status des Ziels (zielstatus), Details zum Fokusziel (fokus), Gruppenliste (gruppe, gr), Jobbalken 1 (jobbalken1), Jobbalken 2 (jobbalken2), Gegnerliste (gegner, geg), Charakterparameter (char), Minikarte (mini, karte), Hauptmenü (haupt), Server-Info (server), Gil (gil), Inventarschema (inventar, inv), Aufgabenliste (aufgaben, aufg), Details zum Gegenstand (gegenstand, gegen), Details zum Kommando (kommando, komm), Limitrausch-Balken (limitrausch, limit), Routinebalken (routine, rou), Statuseffekte (status, buff), positive Status (statpos), ausgelöste Status (stataus), negative Status (statneg), andere Status (statand), Allianzliste 1 (Allianz 1, all1), Allianzliste 2 (Allianz 2, all2), Kommandomenü 1-10 (Komm1-10, komm1-10), Helfer-Kommandomenü (familiar, famil), Kreuz-Kommandomenü (Kreuzmenü, kreuz), Szenarioführer (sführ), Komprimierter Äther (kompäth), Kosmo-Erkundung: Info (KosInfo), PvP: Kampfverlauf (PvPKam), Crystalline Conflict: Fortschrittsbalken (CConflictFor, ccfor), Crystalline Conflict: Verbündete (CConflictVer, ccver), Crystalline Conflict: Gegner (CConflictGeg, ccgeg), Crystalline Conflict: Kampfverlauf (CConflictKam, cckam), Crystalline Conflict: Karte (CConflictKar, cckar), Kampfgeist (kampfg), PvP-Front: Punktzahl (PfrontPun), Carteneauer Front: Schlachtinfo (FrontInfo), Stahlschwingen: Turm- und Kernbalken (stahlbalken), Stahlschwingen-Allianzliste (stahlallianz), Stahlschwingen-Verladestation (stahlstation), Stahlschwingen-Söldner (stahlsöld), Stolperville-Ziel (Blunder:Objective), Stolperville-Fortschritt (Blunder:Score), Stolperville-Status (Blunder:Status), Stolperville-Wettkampfverlauf (Blunder:ShowLog)
>>Unterbefehle:
  <UIForeground>F201FA</UIForeground><UIGlow>F201FB</UIGlow>ein<UIGlow>01</UIGlow><UIForeground>01</UIForeground> (<UIForeground>F201FA</UIForeground><UIGlow>F201FB</UIGlow>on<UIGlow>01</UIGlow><UIForeground>01</UIForeground>)  Element anzeigen
  <UIForeground>F201FA</UIForeground><UIGlow>F201FB</UIGlow>aus<UIGlow>01</UIGlow><UIForeground>01</UIForeground> (<UIForeground>F201FA</UIForeground><UIGlow>F201FB</UIGlow>off<UIGlow>01</UIGlow><UIForeground>01</UIForeground>)  Element ausblenden
Bei fehlendem Unterbefehl wird die Einstellung gewechselt.

>>Beispiel:
/hud Details zum Ziel
Blendet die Detailinformation zum gerade anvisierten Charakter bzw. Objekt ein/aus.","","",32,0
315,6,3,2,3,7,"/hotbar","","/kommandomenü, /kmenü, /hotbar
VERWENDUNG:
/kommandomenü [Unterbefehl]
→ Nimmt Änderungen am Kommandomenü vor. Nicht in PvP-Arealen verwendbar.
>>Unterbefehle:
  <UIForeground>F201FA</UIForeground><UIGlow>F201FB</UIGlow>legen<UIGlow>01</UIGlow><UIForeground>01</UIForeground> (<UIForeground>F201FA</UIForeground><UIGlow>F201FB</UIGlow>set<UIGlow>01</UIGlow><UIForeground>01</UIForeground>) ""[Kommando]"" [Nummer X] [Nummer Y]
Legt das Kommando in Kommandomenü Nummer X, Slot Nummer Y an. Als Kommandomenü kann auch „aktuell“ angegeben werden, womit das momentan als Kommandomenü 1 angezeigte gemeint ist. Fehlt Nummer Y, wird der erste freie Slot des Menüs belegt, fehlen beide Nummern, wird der niedrigste freie Slot belegt (System gilt für alle Anlegen-Befehle).
  <UIForeground>F201FA</UIForeground><UIGlow>F201FB</UIGlow>blaukommando<UIGlow>01</UIGlow><UIForeground>01</UIForeground> (<UIForeground>F201FA</UIForeground><UIGlow>F201FB</UIGlow>blueaction<UIGlow>01</UIGlow><UIForeground>01</UIForeground>) ""[Kommando]"" [Nummer X] [Nummer Y]
Legt das Blaumagie-Kommando in Kommandomenü Nummer X, Slot Nummer Y an. Die Angabe der Nummern erfolgt wie bei dem Unterbefehl „legen“.
  <UIForeground>F201FA</UIForeground><UIGlow>F201FB</UIGlow>allgemein<UIGlow>01</UIGlow><UIForeground>01</UIForeground> (<UIForeground>F201FA</UIForeground><UIGlow>F201FB</UIGlow>general<UIGlow>01</UIGlow><UIForeground>01</UIForeground>) ""[Allgemeines Kommando]"" [Nummer X] [Nummer Y]
Legt das Allgemeine Kommando in Menü Nummer X, Slot Nummer Y an.
  <UIForeground>F201FA</UIForeground><UIGlow>F201FB</UIGlow>gegenstand<UIGlow>01</UIGlow><UIForeground>01</UIForeground> (<UIForeground>F201FA</UIForeground><UIGlow>F201FB</UIGlow>item<UIGlow>01</UIGlow><UIForeground>01</UIForeground>) ""[Gegenstandsname]"" [Nummer X] [Nummer Y]
Legt den Gegenstand  in Menü Nummer X, Slot Nummer Y an.
  <UIForeground>F201FA</UIForeground><UIGlow>F201FB</UIGlow>emote<UIGlow>01</UIGlow><UIForeground>01</UIForeground> ""[Emote]"" [Nummer X] [Nummer Y]
Legt das Emote in Menü Nummer X, Slot Nummer Y an.
  <UIForeground>F201FA</UIForeground><UIGlow>F201FB</UIGlow>mitstreiter<UIGlow>01</UIGlow><UIForeground>01</UIForeground> (<UIForeground>F201FA</UIForeground><UIGlow>F201FB</UIGlow>buddy<UIGlow>01</UIGlow><UIForeground>01</UIForeground>) ""[Mitstreiter-Kommando]"" [Nummer X] [Nummer Y]
Legt das Mitstreiter-Kommando in Menü Nummer X, Slot Nummer Y an.
  <UIForeground>F201FA</UIForeground><UIGlow>F201FB</UIGlow>familiar<UIGlow>01</UIGlow><UIForeground>01</UIForeground> (<UIForeground>F201FA</UIForeground><UIGlow>F201FB</UIGlow>pet<UIGlow>01</UIGlow><UIForeground>01</UIForeground>) ""[Familiar-Kommando]"" [Nummer X] [Nummer Y]
Legt das Familiar-Kommando in Menü Nummer X, Slot Nummer Y des Familiars an.
  <UIForeground>F201FA</UIForeground><UIGlow>F201FB</UIGlow>begleiter<UIGlow>01</UIGlow><UIForeground>01</UIForeground> (<UIForeground>F201FA</UIForeground><UIGlow>F201FB</UIGlow>minion<UIGlow>01</UIGlow><UIForeground>01</UIForeground>) ""[Name des Begleiters]"" [Nummer X] [Nummer Y]
Legt den Begleiter in Menü Nummer X, Slot Nummer Y an.
  <UIForeground>F201FA</UIForeground><UIGlow>F201FB</UIGlow>reittier<UIGlow>01</UIGlow><UIForeground>01</UIForeground> (<UIForeground>F201FA</UIForeground><UIGlow>F201FB</UIGlow>mount<UIGlow>01</UIGlow><UIForeground>01</UIForeground>) ""[Name des Reittiers]"" [Nummer X] [Nummer Y]
Legt das Reittier in Menü Nummer X, Slot Nummer Y an.
  <UIForeground>F201FA</UIForeground><UIGlow>F201FB</UIGlow>markierung<UIGlow>01</UIGlow><UIForeground>01</UIForeground> [Name der Feindmarkierung] [Nummer X] [Nummer Y]
Legt die Feindmarkierung in Menü Nummer X, Slot Nummer Y an. Mögliche Namen: att1-5, bind1-3, ignor1-2, quadr, kreis, kreuz, drei
  <UIForeground>F201FA</UIForeground><UIGlow>F201FB</UIGlow>wegmark<UIGlow>01</UIGlow><UIForeground>01</UIForeground> [Name der Geländemarkierung] [Nummer X] [Nummer Y]
Legt die Geländemarkierung in Menü Nummer X, Slot Nummer Y an.
  <UIForeground>F201FA</UIForeground><UIGlow>F201FB</UIGlow>ändern<UIGlow>01</UIGlow><UIForeground>01</UIForeground> (<UIForeground>F201FA</UIForeground><UIGlow>F201FB</UIGlow>change<UIGlow>01</UIGlow><UIForeground>01</UIForeground>) [Nummer X]
Schaltet zu Menü Nummer X um. Statt der Nummer können die Unterbefehle „<UIForeground>F201FA</UIForeground><UIGlow>F201FB</UIGlow>nächste<UIGlow>01</UIGlow><UIForeground>01</UIForeground>“ bzw. „<UIForeground>F201FA</UIForeground><UIGlow>F201FB</UIGlow>vorige<UIGlow>01</UIGlow><UIForeground>01</UIForeground>“ angegeben werden, womit das Menü vor bzw. nach dem momentanen Menü 1 gemeint ist.
  <UIForeground>F201FA</UIForeground><UIGlow>F201FB</UIGlow>kopieren<UIGlow>01</UIGlow><UIForeground>01</UIForeground> (<UIForeground>F201FA</UIForeground><UIGlow>F201FB</UIGlow>copy<UIGlow>01</UIGlow><UIForeground>01</UIForeground>) [Klasse/Job A] [Nummer X] [Klasse/Job B] [Nummer Y]
Kopiert den Inhalt des Menüs Nummer X von Klasse/Job A und überschreibt Menü Nummer Y von Klasse/Job B damit. Wird als Klasse/Job „<UIForeground>F201FA</UIForeground><UIGlow>F201FB</UIGlow>aktuell<UIGlow>01</UIGlow><UIForeground>01</UIForeground>“ angegeben, wird die momentane Klasse verwendet, wird „<UIForeground>F201FA</UIForeground><UIGlow>F201FB</UIGlow>teilen<UIGlow>01</UIGlow><UIForeground>01</UIForeground>“ angegeben, wird das geteilte Kommandomenü verwendet.
  <UIForeground>F201FA</UIForeground><UIGlow>F201FB</UIGlow>anzeigen<UIGlow>01</UIGlow><UIForeground>01</UIForeground> [Nummer X] <UIForeground>F201FA</UIForeground><UIGlow>F201FB</UIGlow>ein<UIGlow>01</UIGlow><UIForeground>01</UIForeground>
Zeigt Menü Nummer X an.
  <UIForeground>F201FA</UIForeground><UIGlow>F201FB</UIGlow>anzeigen<UIGlow>01</UIGlow><UIForeground>01</UIForeground> [Nummer X] <UIForeground>F201FA</UIForeground><UIGlow>F201FB</UIGlow>aus<UIGlow>01</UIGlow><UIForeground>01</UIForeground>
Blendet Menü Nummer X aus.
  <UIForeground>F201FA</UIForeground><UIGlow>F201FB</UIGlow>anzeigen<UIGlow>01</UIGlow><UIForeground>01</UIForeground> [Nummer]
Blendet Menü Nummer X ein/aus.
  <UIForeground>F201FA</UIForeground><UIGlow>F201FB</UIGlow>teilen<UIGlow>01</UIGlow><UIForeground>01</UIForeground> [Nummer X] <UIForeground>F201FA</UIForeground><UIGlow>F201FB</UIGlow>ein<UIGlow>01</UIGlow><UIForeground>01</UIForeground> 
Macht Menü Nummer X zu einem geteilten Menü.
  <UIForeground>F201FA</UIForeground><UIGlow>F201FB</UIGlow>teilen<UIGlow>01</UIGlow><UIForeground>01</UIForeground> [Nummer X] <UIForeground>F201FA</UIForeground><UIGlow>F201FB</UIGlow>aus<UIGlow>01</UIGlow><UIForeground>01</UIForeground>
Ändert Menü Nummer X von einem geteilten zu einem Menü exklusiv für die momentane Klasse/Job.
  <UIForeground>F201FA</UIForeground><UIGlow>F201FB</UIGlow>teilen<UIGlow>01</UIGlow><UIForeground>01</UIForeground> [Nummer X]
Macht Menü Nummer X zu einem geteilten/exklusiven Menü.
  <UIForeground>F201FA</UIForeground><UIGlow>F201FB</UIGlow>entf<UIGlow>01</UIGlow><UIForeground>01</UIForeground> [Nummer X] [Nummer Y]
Entfernt, was in Menü Nummer X, Slot Nummer Y angelegt war.
  <UIForeground>F201FA</UIForeground><UIGlow>F201FB</UIGlow>entf<UIGlow>01</UIGlow><UIForeground>01</UIForeground> [Nummer X] <UIForeground>F201FA</UIForeground><UIGlow>F201FB</UIGlow>alle<UIGlow>01</UIGlow><UIForeground>01</UIForeground>
Leert alle Slots von Menü Nummer X.

>>Beispiele:
/kmenü legen Reittier-Roulette 1 1
Legt das Reittier-Roulette in Kommandomenü 1, Slot 1 an.
/kmenü ändern 2
Zeigt statt dem momentanen Kommandomenü Kommandomenü 2 an.","/kommandomenü","/kmenü",36,0
316,6,3,2,3,7,"/crosshotbar","/chotbar","/kreuzkommandomenü, /kreuzmenü, /crosshotbar, /chotbar
VERWENDUNG:
/kreuzmenü [Unterbefehl]
→ Legt Einstellungen für das Kreuzkommandomenü fest. Nicht in PvP-Arealen verwendbar.
>>Unterbefehle:
  <UIForeground>F201FA</UIForeground><UIGlow>F201FB</UIGlow>legen<UIGlow>01</UIGlow><UIForeground>01</UIForeground> (<UIForeground>F201FA</UIForeground><UIGlow>F201FB</UIGlow>set<UIGlow>01</UIGlow><UIForeground>01</UIForeground>) ""[Kommando]"" [Nummer X] [Slot-Name]
Legt das Kommando in Menü Nummer X im angegebenen Slot an. Als Menü kann auch „aktuell“ angegeben werden, womit das momentan als Kommandomenü 1 angezeigte gemeint ist.
  <UIForeground>F201FA</UIForeground><UIGlow>F201FB</UIGlow>blaukommando<UIGlow>01</UIGlow><UIForeground>01</UIForeground> (<UIForeground>F201FA</UIForeground><UIGlow>F201FB</UIGlow>blueaction<UIGlow>01</UIGlow><UIForeground>01</UIForeground>) ""[Kommando]"" [Nummer X] [Slot-Name]
Legt das Blaumagie-Kommando in Menü Nummer X im angegebenen Slot an.
Der Slot-Name kann auch ausgelassen werden. In diesem Fall wird automatisch ein nicht benutzter Slot belegt.
  <UIForeground>F201FA</UIForeground><UIGlow>F201FB</UIGlow>allgemein<UIGlow>01</UIGlow><UIForeground>01</UIForeground> (<UIForeground>F201FA</UIForeground><UIGlow>F201FB</UIGlow>general<UIGlow>01</UIGlow><UIForeground>01</UIForeground>) ""[Allgemeines Kommando]"" [Nummer X] [Nummer Y]
Legt das Allgemeine Kommando in Menü Nummer X, Slot Nummer Y an.
  <UIForeground>F201FA</UIForeground><UIGlow>F201FB</UIGlow>gegenstand<UIGlow>01</UIGlow><UIForeground>01</UIForeground> (<UIForeground>F201FA</UIForeground><UIGlow>F201FB</UIGlow>item<UIGlow>01</UIGlow><UIForeground>01</UIForeground>) ""[Gegenstandsname]"" [Nummer X] [Nummer Y]
Legt den Gegenstand in Menü Nummer X, Slot Nummer Y an.
  <UIForeground>F201FA</UIForeground><UIGlow>F201FB</UIGlow>emote<UIGlow>01</UIGlow><UIForeground>01</UIForeground> ""[Emote]"" [Nummer X] [Nummer Y]
Legt das Emote in Menü Nummer X, Slot Nummer Y an.
  <UIForeground>F201FA</UIForeground><UIGlow>F201FB</UIGlow>mitstreiter<UIGlow>01</UIGlow><UIForeground>01</UIForeground> (<UIForeground>F201FA</UIForeground><UIGlow>F201FB</UIGlow>buddy<UIGlow>01</UIGlow><UIForeground>01</UIForeground>) ""[Mitstreiter-Kommando]"" [Nummer X] [Nummer Y]
Legt das Mitstreiter-Kommando in Menü Nummer X, Slot Nummer Y an.
  <UIForeground>F201FA</UIForeground><UIGlow>F201FB</UIGlow>familiar<UIGlow>01</UIGlow><UIForeground>01</UIForeground> (<UIForeground>F201FA</UIForeground><UIGlow>F201FB</UIGlow>pet<UIGlow>01</UIGlow><UIForeground>01</UIForeground>) ""[Familiar-Kommando]"" [Nummer X] [Nummer Y]
Legt das Familiar-Kommando in Menü Nummer X, Slot Nummer Y des Familiars an.
  <UIForeground>F201FA</UIForeground><UIGlow>F201FB</UIGlow>begleiter<UIGlow>01</UIGlow><UIForeground>01</UIForeground> (<UIForeground>F201FA</UIForeground><UIGlow>F201FB</UIGlow>minion<UIGlow>01</UIGlow><UIForeground>01</UIForeground>) ""[Name des Begleiters]"" [Nummer X] [Nummer Y]
Legt den Begleiter in Menü Nummer X, Slot Nummer Y an.
  <UIForeground>F201FA</UIForeground><UIGlow>F201FB</UIGlow>reittier<UIGlow>01</UIGlow><UIForeground>01</UIForeground> (<UIForeground>F201FA</UIForeground><UIGlow>F201FB</UIGlow>mount<UIGlow>01</UIGlow><UIForeground>01</UIForeground>) ""[Name des Reittiers]"" [Nummer X] [Nummer Y]
Legt das Reittier in Menü Nummer X, Slot Nummer Y an.
  <UIForeground>F201FA</UIForeground><UIGlow>F201FB</UIGlow>markierung<UIGlow>01</UIGlow><UIForeground>01</UIForeground> [Name der Feindmarkierung] [Nummer X] [Nummer Y]
Mögliche Namen: att1-5, bind1-3, ignor1-2, quadr, kreis, kreuz, drei
Legt die Feindmarkierung in Menü Nummer X, Slot Nummer Y an.
  <UIForeground>F201FA</UIForeground><UIGlow>F201FB</UIGlow>wegmark<UIGlow>01</UIGlow><UIForeground>01</UIForeground> [Name der Geländemarkierung] [Nummer X] [Nummer Y]
Legt die Geländemarkierung in Menü Nummer X, Slot Nummer Y an.
  <UIForeground>F201FA</UIForeground><UIGlow>F201FB</UIGlow>ändern<UIGlow>01</UIGlow><UIForeground>01</UIForeground> (<UIForeground>F201FA</UIForeground><UIGlow>F201FB</UIGlow>change<UIGlow>01</UIGlow><UIForeground>01</UIForeground>) [Nummer X]
Schaltet zu Menü Nummer X um. Statt der Nummer können die Unterbefehle „<UIForeground>F201FA</UIForeground><UIGlow>F201FB</UIGlow>nächste<UIGlow>01</UIGlow><UIForeground>01</UIForeground>“ bzw. „<UIForeground>F201FA</UIForeground><UIGlow>F201FB</UIGlow>vorige<UIGlow>01</UIGlow><UIForeground>01</UIForeground>“ angegeben werden, womit das Menü vor bzw. nach dem momentanen Menü 1 gemeint ist.
  <UIForeground>F201FA</UIForeground><UIGlow>F201FB</UIGlow>kopieren<UIGlow>01</UIGlow><UIForeground>01</UIForeground> (<UIForeground>F201FA</UIForeground><UIGlow>F201FB</UIGlow>copy<UIGlow>01</UIGlow><UIForeground>01</UIForeground>) [Klasse/Job A] [Nummer X] [Klasse/Job B] [Nummer Y]
Kopiert den Inhalt des Menüs Nummer X von Klasse/Job A und überschreibt Menü Nummer Y von Klasse/Job B damit. Wird als Klasse/Job „aktuell“ angegeben, wird die momentane Klasse verwendet, wird „teilen“ angegeben, wird das geteilte Kommandomenü verwendet.
  <UIForeground>F201FA</UIForeground><UIGlow>F201FB</UIGlow>teilen<UIGlow>01</UIGlow><UIForeground>01</UIForeground> [Nummer X] <UIForeground>F201FA</UIForeground><UIGlow>F201FB</UIGlow>ein<UIGlow>01</UIGlow><UIForeground>01</UIForeground>
Macht Menü Nummer X zu einem geteilten Menü.
  <UIForeground>F201FA</UIForeground><UIGlow>F201FB</UIGlow>teilen<UIGlow>01</UIGlow><UIForeground>01</UIForeground> [Nummer X] <UIForeground>F201FA</UIForeground><UIGlow>F201FB</UIGlow>aus<UIGlow>01</UIGlow><UIForeground>01</UIForeground>
Ändert Menü Nummer X von einem geteilten zu einem Menü exklusiv für die momentane Klasse/Job.
  <UIForeground>F201FA</UIForeground><UIGlow>F201FB</UIGlow>teilen<UIGlow>01</UIGlow><UIForeground>01</UIForeground> [Nummer X]
Macht Menü Nummer X zu einem geteilten/exklusiven Menü.
  <UIForeground>F201FA</UIForeground><UIGlow>F201FB</UIGlow>entf<UIGlow>01</UIGlow><UIForeground>01</UIForeground> [Nummer X] [Slot-Name]
Entfernt, was in Menü Nummer X im angegebenen Slot angelegt war.
  <UIForeground>F201FA</UIForeground><UIGlow>F201FB</UIGlow>entf<UIGlow>01</UIGlow><UIForeground>01</UIForeground> [Nummer X] <UIForeground>F201FA</UIForeground><UIGlow>F201FB</UIGlow>alle<UIGlow>01</UIGlow><UIForeground>01</UIForeground>
Leert alle Slots von Menü Nummer X.
>>Slot-Namen:

Slots können ohne Namen erstellt werden. In diesem Fall wird der automatisch einem nicht benutzten Slot zugewiesen.
<Gui(14)/>＋<Gui(3)/> ... LDL (LD1)  <Gui(15)/>＋<Gui(3)/> ... RDL (RD1)
<Gui(14)/>＋<Gui(1)/> ... LDU (LD2)  <Gui(15)/>＋<Gui(1)/> ... RDU (RD2)
<Gui(14)/>＋<Gui(4)/> ... LDR (LD3)  <Gui(15)/>＋<Gui(4)/> ... RDR (RD3)
<Gui(14)/>＋<Gui(2)/> ... LDD (LD4)  <Gui(15)/>＋<Gui(2)/> ... RDD (RD4)
<Gui(14)/>＋<Gui(10)/> ... LAL (LA1)  <Gui(15)/>＋<Gui(10)/> ... RAL (RA1)
<Gui(14)/>＋<Gui(11)/> ... LAU (LA2)  <Gui(15)/>＋<Gui(11)/> ... RAU (RA2)
<Gui(14)/>＋<Gui(8)/> ... LAR (LA3)  <Gui(15)/>＋<Gui(8)/> ... RAR (RA3)
<Gui(14)/>＋<Gui(9)/> ... LAD (LA4)  <Gui(15)/>＋<Gui(9)/> ... RAD (RA4)","/kreuzkommandomenü","/kreuzmenü",36,0
317,1,0,0,0,0,"/hudreset","","/bildschirmreset, /hudreset
→ Setzt die Position, die Größe und die Transparenz aller HUD-Elemente des momentanen Layouts auf die Voreinstellungen zurück.","/bildschirmreset","",32,0
318,1,0,0,0,0,"/uireset","","/fensterreset, /uireset
→ Setzt alle Bildschirm-Layouts (1-4) auf die Voreinstellungen zurück. Die Position, die Größe und die Transparenz aller Fenster werden auf die Voreinstellungen zurückgesetzt.","/fensterreset","",32,0
319,2,1,0,0,0,"/uiscale","","/uiskalierung, /uiscale
VERWENDUNG:
/uiskalierung [Unterbefehl]
→ Ändert die Größe aller Elemente des momentanen HUD-Layouts.
>>Unterbefehle:
  [Zahl]  Ändert die Größe auf den angegebenen Prozentwert. Mögliche Werte: 60, 80, 90, 100, 110, 120, 140.
  <UIForeground>F201FA</UIForeground><UIGlow>F201FB</UIGlow>anfang<UIGlow>01</UIGlow><UIForeground>01</UIForeground> (<UIForeground>F201FA</UIForeground><UIGlow>F201FB</UIGlow>reset<UIGlow>01</UIGlow><UIForeground>01</UIForeground>)  Setzt die Größe aller HUD-Elemente und Fenster auf den Anfangswert zurück.
>>Beispiele:
/uiskalierung 140
Alle Fenster werden um 40 % größer als der voreingestellte Wert.
/uiskalierung anfang
Die Größe aller Fenster wird auf die Anfangsgröße zurückgesetzt.","/uiskalierung","",32,0
320,2,1,2,0,0,"/actionerror","/aerror","/kmdwarnung, /actionerror, /aerror
VERWENDUNG:
/kmdwarnung [Unterbefehl]
→ Aktiviert die Einstellung der Charakter<SoftHyphen/>konfiguration „Bei Kommandos Warnungen anzeigen“.
>>Unterbefehle:
  <UIForeground>F201FA</UIForeground><UIGlow>F201FB</UIGlow>ein<UIGlow>01</UIGlow><UIForeground>01</UIForeground> (<UIForeground>F201FA</UIForeground><UIGlow>F201FB</UIGlow>on<UIGlow>01</UIGlow><UIForeground>01</UIForeground>)  Aktiviert Warnmeldungen.
  <UIForeground>F201FA</UIForeground><UIGlow>F201FB</UIGlow>aus<UIGlow>01</UIGlow><UIForeground>01</UIForeground> (<UIForeground>F201FA</UIForeground><UIGlow>F201FB</UIGlow>off<UIGlow>01</UIGlow><UIForeground>01</UIForeground>)  Deaktiviert Warnmeldungen.
Bei fehlendem Unterbefehl wird die Einstellung gewechselt.","/kmdwarnung","",36,0
321,2,1,2,0,0,"/recasterror","/rerror","/reaktwarnung, /recasterror, /rerror
VERWENDUNG:
/reaktwarnung [Unterbefehl]
→ Aktiviert die Einstellung der Charakter<SoftHyphen/>konfiguration „Bei Kommandos Reaktivierungs-Warnungen anzeigen“.
>>Unterbefehle:
  <UIForeground>F201FA</UIForeground><UIGlow>F201FB</UIGlow>ein<UIGlow>01</UIGlow><UIForeground>01</UIForeground> (<UIForeground>F201FA</UIForeground><UIGlow>F201FB</UIGlow>on<UIGlow>01</UIGlow><UIForeground>01</UIForeground>)  Aktiviert Reaktivierungs-Warnmeldungen.
  <UIForeground>F201FA</UIForeground><UIGlow>F201FB</UIGlow>aus<UIGlow>01</UIGlow><UIForeground>01</UIForeground> (<UIForeground>F201FA</UIForeground><UIGlow>F201FB</UIGlow>off<UIGlow>01</UIGlow><UIForeground>01</UIForeground>)  Deaktiviert Reaktivierungs-Warnmeldungen.
Bei fehlendem Unterbefehl wird die Einstellung gewechselt.","/reaktwarnung","",36,0
322,1,0,0,0,0,"//eventReset","","//eventReset
リアルイベント用コマンド。
ゲーム内の設定をリアルイベント用に初期化する。","","",32,0
323,2,1,2,0,0,"/crosshotbartype","/chotbartype","/kreuzkommandomenütyp, /kreuzmenütyp, /crosshotbartype, /chotbartype
VERWENDUNG:
kreuzmenütyp [Unterbefehl]
→ Legt die Steuerung des Kreuzkommandomenüs fest.
>>Unterbefehle:
  <UIForeground>F201FA</UIForeground><UIGlow>F201FB</UIGlow>halten<UIGlow>01</UIGlow><UIForeground>01</UIForeground> (<UIForeground>F201FA</UIForeground><UIGlow>F201FB</UIGlow>hold<UIGlow>01</UIGlow><UIForeground>01</UIForeground>)  Setwechsel bei gehaltener Taste aktiviert.
  <UIForeground>F201FA</UIForeground><UIGlow>F201FB</UIGlow>umschalten<UIGlow>01</UIGlow><UIForeground>01</UIForeground> (<UIForeground>F201FA</UIForeground><UIGlow>F201FB</UIGlow>toggle<UIGlow>01</UIGlow><UIForeground>01</UIForeground>)  Setwechsel bis zum erneuten Tastendruck aktiviert.
  <UIForeground>F201FA</UIForeground><UIGlow>F201FB</UIGlow>gemischt<UIGlow>01</UIGlow><UIForeground>01</UIForeground> (<UIForeground>F201FA</UIForeground><UIGlow>F201FB</UIGlow>mix<UIGlow>01</UIGlow><UIForeground>01</UIForeground>)  Setwechsel nach langem Tastendruck aktiviert.","/kreuzkommandomenütyp","/kreuzmenütyp",36,0
324,2,1,2,0,0,"/crosshotbardisplay","/chotbardisplay","/kreuzkommandomenüeinstellungen, /kreuzmenüeinst
VERWENDUNG:
/kreuzmenüeinst [Unterbefehl]
→ Legt die Einstellungen des Kreuz-Kommandomenüs fest.
>>Unterbefehle
  <UIForeground>F201FA</UIForeground><UIGlow>F201FB</UIGlow>ein<UIGlow>01</UIGlow><UIForeground>01</UIForeground>
Aktiviert das Kreuz-Kommandomenü.
  <UIForeground>F201FA</UIForeground><UIGlow>F201FB</UIGlow>aus<UIGlow>01</UIGlow><UIForeground>01</UIForeground>
Deaktiviert das Kreuz-Kommandomenü.
Bei fehlendem Unterbefehl wird die Einstellung gewechselt.","/kreuzkommandomenüeinstellungen","/kreuzmenüeinst",36,0
325,6,3,2,16,7,"/pvphotbar","","/pvpkommandomenü, /pvpkmenü, /pvphotbar
VERWENDUNG:
/pvpkommandomenü [Unterbefehl]
→ Nimmt Änderungen am PvP-Kommandomenü vor. Nur in PvP-Arealen verwendbar.
>>Unterbefehle:
  <UIForeground>F201FA</UIForeground><UIGlow>F201FB</UIGlow>legen<UIGlow>01</UIGlow><UIForeground>01</UIForeground> (<UIForeground>F201FA</UIForeground><UIGlow>F201FB</UIGlow>set<UIGlow>01</UIGlow><UIForeground>01</UIForeground>) ""[PvP-Kommando]"" [Nummer X] [Nummer Y]
Legt das Kommando in Kommandomenü Nummer X, Slot Nummer Y an. Als Kommandomenü kann auch „aktuell“ angegeben werden, womit das momentan als Kommandomenü 1 angezeigte gemeint ist. Fehlt Nummer Y, wird der erste freie Slot des Menüs belegt, fehlen beide Nummern, wird der niedrigste freie Slot belegt (System gilt für alle Anlegen-Befehle).
  <UIForeground>F201FA</UIForeground><UIGlow>F201FB</UIGlow>allgemein<UIGlow>01</UIGlow><UIForeground>01</UIForeground> (<UIForeground>F201FA</UIForeground><UIGlow>F201FB</UIGlow>general<UIGlow>01</UIGlow><UIForeground>01</UIForeground>) ""[Allgemeines Kommando]"" [Nummer X] [Nummer Y]
Legt das Allgemeine Kommando in Menü Nummer X, Slot Nummer Y an.
  <UIForeground>F201FA</UIForeground><UIGlow>F201FB</UIGlow>gegenstand<UIGlow>01</UIGlow><UIForeground>01</UIForeground> (<UIForeground>F201FA</UIForeground><UIGlow>F201FB</UIGlow>item<UIGlow>01</UIGlow><UIForeground>01</UIForeground>) ""[Gegenstandsname]"" [Nummer X] [Nummer Y]
Legt den Gegenstand in Menü Nummer X, Slot Nummer Y an.
  <UIForeground>F201FA</UIForeground><UIGlow>F201FB</UIGlow>emote<UIGlow>01</UIGlow><UIForeground>01</UIForeground> ""[Emote]"" [Nummer X] [Nummer Y]
Legt das Emote in Menü Nummer X, Slot Nummer Y an.
  <UIForeground>F201FA</UIForeground><UIGlow>F201FB</UIGlow>mitstreiter<UIGlow>01</UIGlow><UIForeground>01</UIForeground> (<UIForeground>F201FA</UIForeground><UIGlow>F201FB</UIGlow>buddy<UIGlow>01</UIGlow><UIForeground>01</UIForeground>) ""[Mitstreiter-Kommando]"" [Nummer X] [Nummer Y]
Legt das Mitstreiter-Kommando in Menü Nummer X, Slot Nummer Y an.
  <UIForeground>F201FA</UIForeground><UIGlow>F201FB</UIGlow>familiar<UIGlow>01</UIGlow><UIForeground>01</UIForeground> (<UIForeground>F201FA</UIForeground><UIGlow>F201FB</UIGlow>pet<UIGlow>01</UIGlow><UIForeground>01</UIForeground>) ""[Familiar-Kommando]"" [Nummer X] [Nummer Y]
Legt das Familiar-Kommando in Menü Nummer X, Slot Nummer Y des Familiars an.
  <UIForeground>F201FA</UIForeground><UIGlow>F201FB</UIGlow>begleiter<UIGlow>01</UIGlow><UIForeground>01</UIForeground> (<UIForeground>F201FA</UIForeground><UIGlow>F201FB</UIGlow>minion<UIGlow>01</UIGlow><UIForeground>01</UIForeground>) ""[Name des Begleiters]"" [Nummer X] [Nummer Y]
Legt den Begleiter in Menü Nummer X, Slot Nummer Y an.
  <UIForeground>F201FA</UIForeground><UIGlow>F201FB</UIGlow>reittier<UIGlow>01</UIGlow><UIForeground>01</UIForeground> (<UIForeground>F201FA</UIForeground><UIGlow>F201FB</UIGlow>mount<UIGlow>01</UIGlow><UIForeground>01</UIForeground>) ""[Name des Reittiers]"" [Nummer X] [Nummer Y]
Legt das Reittier in Menü Nummer X, Slot Nummer Y an.
  <UIForeground>F201FA</UIForeground><UIGlow>F201FB</UIGlow>markierung<UIGlow>01</UIGlow><UIForeground>01</UIForeground> [Name der Feindmarkierung] [Nummer X] [Nummer Y]
Legt die Feindmarkierung in Menü Nummer X, Slot Nummer Y an. Mögliche Namen: att1-5, bind1-3, ignor1-2, quadr, kreis, kreuz, drei
  <UIForeground>F201FA</UIForeground><UIGlow>F201FB</UIGlow>wegmark<UIGlow>01</UIGlow><UIForeground>01</UIForeground> [Name der Geländemarkierung] [Nummer X] [Nummer Y]
Legt die Geländemarkierung in Menü Nummer X, Slot Nummer Y an.
  <UIForeground>F201FA</UIForeground><UIGlow>F201FB</UIGlow>ändern<UIGlow>01</UIGlow><UIForeground>01</UIForeground> (<UIForeground>F201FA</UIForeground><UIGlow>F201FB</UIGlow>change<UIGlow>01</UIGlow><UIForeground>01</UIForeground>) [Nummer X]
Schaltet zu Menü Nummer X um. Statt der Nummer können die Unterbefehle „<UIForeground>F201FA</UIForeground><UIGlow>F201FB</UIGlow>nächste<UIGlow>01</UIGlow><UIForeground>01</UIForeground>“ bzw. „<UIForeground>F201FA</UIForeground><UIGlow>F201FB</UIGlow>vorige<UIGlow>01</UIGlow><UIForeground>01</UIForeground>“ angegeben werden, womit das Menü vor bzw. nach dem momentanen Menü 1 gemeint ist.
  <UIForeground>F201FA</UIForeground><UIGlow>F201FB</UIGlow>kopieren<UIGlow>01</UIGlow><UIForeground>01</UIForeground> (<UIForeground>F201FA</UIForeground><UIGlow>F201FB</UIGlow>copy<UIGlow>01</UIGlow><UIForeground>01</UIForeground>) [Job A] [Nummer X] [Job B] [Nummer Y]
Kopiert den Inhalt des Menüs Nummer X von Job A und überschreibt Menü Nummer Y von Job B damit. Wird als Job „<UIForeground>F201FA</UIForeground><UIGlow>F201FB</UIGlow>aktuell<UIGlow>01</UIGlow><UIForeground>01</UIForeground>“ angegeben, wird der momentane Job verwendet, wird „<UIForeground>F201FA</UIForeground><UIGlow>F201FB</UIGlow>teilen<UIGlow>01</UIGlow><UIForeground>01</UIForeground>“ angegeben, wird das geteilte Kommandomenü verwendet.
  <UIForeground>F201FA</UIForeground><UIGlow>F201FB</UIGlow>anzeigen<UIGlow>01</UIGlow><UIForeground>01</UIForeground> [Nummer X] <UIForeground>F201FA</UIForeground><UIGlow>F201FB</UIGlow>ein<UIGlow>01</UIGlow><UIForeground>01</UIForeground>
Zeigt Menü Nummer X an.
  <UIForeground>F201FA</UIForeground><UIGlow>F201FB</UIGlow>anzeigen<UIGlow>01</UIGlow><UIForeground>01</UIForeground> [Nummer X] <UIForeground>F201FA</UIForeground><UIGlow>F201FB</UIGlow>aus<UIGlow>01</UIGlow><UIForeground>01</UIForeground>
Blendet Menü Nummer X aus.
  <UIForeground>F201FA</UIForeground><UIGlow>F201FB</UIGlow>anzeigen<UIGlow>01</UIGlow><UIForeground>01</UIForeground> [Nummer X]
Blendet Menü Nummer X ein/aus.
  <UIForeground>F201FA</UIForeground><UIGlow>F201FB</UIGlow>teilen<UIGlow>01</UIGlow><UIForeground>01</UIForeground> [Nummer X] <UIForeground>F201FA</UIForeground><UIGlow>F201FB</UIGlow>ein<UIGlow>01</UIGlow><UIForeground>01</UIForeground> 
Macht Menü Nummer X zu einem geteilten Menü.
  <UIForeground>F201FA</UIForeground><UIGlow>F201FB</UIGlow>teilen<UIGlow>01</UIGlow><UIForeground>01</UIForeground> [Nummer X] <UIForeground>F201FA</UIForeground><UIGlow>F201FB</UIGlow>aus<UIGlow>01</UIGlow><UIForeground>01</UIForeground>
Ändert Menü Nummer X von einem geteilten zu einem Menü exklusiv für den momentanen Job.
  <UIForeground>F201FA</UIForeground><UIGlow>F201FB</UIGlow>teilen<UIGlow>01</UIGlow><UIForeground>01</UIForeground> [Nummer X]
Macht Menü Nummer X zu einem geteilten/exklusiven Menü.
  <UIForeground>F201FA</UIForeground><UIGlow>F201FB</UIGlow>entf<UIGlow>01</UIGlow><UIForeground>01</UIForeground> [Nummer X] [Nummer Y]
Entfernt, was in Menü Nummer X, Slot Nummer Y angelegt war.
  <UIForeground>F201FA</UIForeground><UIGlow>F201FB</UIGlow>entf<UIGlow>01</UIGlow><UIForeground>01</UIForeground> [Nummer X] <UIForeground>F201FA</UIForeground><UIGlow>F201FB</UIGlow>alle<UIGlow>01</UIGlow><UIForeground>01</UIForeground>
Leert alle Slots von Menü Nummer X.

>>Beispiele:
/pvpkommandomenü legen Purifikation 1 1
Legt Purifikation in Kommandomenü 1, Slot 1 an.
/pvpkommandomenü ändern 2
Zeigt statt dem momentanen PvP-Kommandomenü PvP-Kommandomenü 2 an.","/pvpkommandomenü","/pvpkmenü",36,0
326,6,3,2,16,7,"/pvpcrosshotbar","/pvpchotbar","/pvpkreuzkommandomenü, /pvpkreuzmenü, /pvpcrosshotbar, /pvpchotbar
VERWENDUNG:
/pvpkreuzmenü [Unterbefehl]
→ Legt Einstellungen für das PvP-Kreuzkommandomenü fest. Nur in PvP-Arealen verwendbar.
>>Unterbefehle:
  <UIForeground>F201FA</UIForeground><UIGlow>F201FB</UIGlow>legen<UIGlow>01</UIGlow><UIForeground>01</UIForeground> (<UIForeground>F201FA</UIForeground><UIGlow>F201FB</UIGlow>set<UIGlow>01</UIGlow><UIForeground>01</UIForeground>) ""[Kommando]"" [Nummer X] [Slot-Name]
Legt das Kommando in Menü Nummer X im angegebenen Slot an. Als Menü kann auch „aktuell“ angegeben werden, womit das momentan als Kommandomenü 1 angezeigte gemeint ist. 
Der Slot-Name kann auch ausgelassen werden. In diesem Fall wird automatisch ein nicht benutzter Slot belegt.
  <UIForeground>F201FA</UIForeground><UIGlow>F201FB</UIGlow>allgemein<UIGlow>01</UIGlow><UIForeground>01</UIForeground> (<UIForeground>F201FA</UIForeground><UIGlow>F201FB</UIGlow>general<UIGlow>01</UIGlow><UIForeground>01</UIForeground>) ""[Allgemeines Kommando]"" [Nummer X] [Nummer Y]
Legt das Allgemeine Kommando in Menü Nummer X, Slot Nummer Y an.
  <UIForeground>F201FA</UIForeground><UIGlow>F201FB</UIGlow>gegenstand<UIGlow>01</UIGlow><UIForeground>01</UIForeground> (<UIForeground>F201FA</UIForeground><UIGlow>F201FB</UIGlow>item<UIGlow>01</UIGlow><UIForeground>01</UIForeground>) ""[Gegenstandsname]"" [Nummer X] [Nummer Y]
Legt den Gegenstand in Menü Nummer X, Slot Nummer Y an.
  <UIForeground>F201FA</UIForeground><UIGlow>F201FB</UIGlow>emote<UIGlow>01</UIGlow><UIForeground>01</UIForeground> ""[Emote]"" [Nummer X] [Nummer Y]
Legt das Emote in Menü Nummer X, Slot Nummer Y an.
  <UIForeground>F201FA</UIForeground><UIGlow>F201FB</UIGlow>mitstreiter<UIGlow>01</UIGlow><UIForeground>01</UIForeground> (<UIForeground>F201FA</UIForeground><UIGlow>F201FB</UIGlow>buddy<UIGlow>01</UIGlow><UIForeground>01</UIForeground>) ""[Mitstreiter-Kommando]"" [Nummer X] [Nummer Y]
Legt das Mitstreiter-Kommando in Menü Nummer X, Slot Nummer Y an.
  <UIForeground>F201FA</UIForeground><UIGlow>F201FB</UIGlow>familiar<UIGlow>01</UIGlow><UIForeground>01</UIForeground> (<UIForeground>F201FA</UIForeground><UIGlow>F201FB</UIGlow>pet<UIGlow>01</UIGlow><UIForeground>01</UIForeground>) ""[Familiar-Kommando]"" [Nummer X] [Nummer Y]
Legt das Familiar-Kommando in Menü Nummer X, Slot Nummer Y des Familiars an.
  <UIForeground>F201FA</UIForeground><UIGlow>F201FB</UIGlow>begleiter<UIGlow>01</UIGlow><UIForeground>01</UIForeground> (<UIForeground>F201FA</UIForeground><UIGlow>F201FB</UIGlow>minion<UIGlow>01</UIGlow><UIForeground>01</UIForeground>) ""[Name des Begleiters]"" [Nummer X] [Nummer Y]
Legt den Begleiter in Menü Nummer X, Slot Nummer Y an.
  <UIForeground>F201FA</UIForeground><UIGlow>F201FB</UIGlow>reittier<UIGlow>01</UIGlow><UIForeground>01</UIForeground> (<UIForeground>F201FA</UIForeground><UIGlow>F201FB</UIGlow>mount<UIGlow>01</UIGlow><UIForeground>01</UIForeground>) ""[Name des Reittiers]"" [Nummer X] [Nummer Y]
Legt das Reittier in Menü Nummer X, Slot Nummer Y an.
  <UIForeground>F201FA</UIForeground><UIGlow>F201FB</UIGlow>markierung<UIGlow>01</UIGlow><UIForeground>01</UIForeground> [Name der Feindmarkierung] [Nummer X] [Nummer Y]
Mögliche Namen: att1-5, bind1-3, ignor1-2, quadr, kreis, kreuz, drei
Legt die Feindmarkierung in Menü Nummer X, Slot Nummer Y an.
  <UIForeground>F201FA</UIForeground><UIGlow>F201FB</UIGlow>wegmark<UIGlow>01</UIGlow><UIForeground>01</UIForeground> [Name der Geländemarkierung] [Nummer X] [Nummer Y]
Legt die Geländemarkierung in Menü Nummer X, Slot Nummer Y an.
  <UIForeground>F201FA</UIForeground><UIGlow>F201FB</UIGlow>ändern<UIGlow>01</UIGlow><UIForeground>01</UIForeground> (<UIForeground>F201FA</UIForeground><UIGlow>F201FB</UIGlow>change<UIGlow>01</UIGlow><UIForeground>01</UIForeground>) [Nummer X]
Schaltet zu Menü Nummer X um. Statt der Nummer können die Unterbefehle „<UIForeground>F201FA</UIForeground><UIGlow>F201FB</UIGlow>nächste<UIGlow>01</UIGlow><UIForeground>01</UIForeground>“ bzw. „<UIForeground>F201FA</UIForeground><UIGlow>F201FB</UIGlow>vorige<UIGlow>01</UIGlow><UIForeground>01</UIForeground>“ angegeben werden, womit das Menü vor bzw. nach dem momentanen Menü 1 gemeint ist.
  <UIForeground>F201FA</UIForeground><UIGlow>F201FB</UIGlow>kopieren<UIGlow>01</UIGlow><UIForeground>01</UIForeground> (<UIForeground>F201FA</UIForeground><UIGlow>F201FB</UIGlow>copy<UIGlow>01</UIGlow><UIForeground>01</UIForeground>) [Job A] [Nummer X] [Job B] [Nummer Y]
Kopiert den Inhalt des Menüs Nummer X von Job A und überschreibt Menü Nummer Y von Job B damit. Wird als Job „aktuell“ angegeben, wird der momentane Job verwendet, wird „teilen“ angegeben, wird das geteilte Kommandomenü verwendet.
  <UIForeground>F201FA</UIForeground><UIGlow>F201FB</UIGlow>teilen<UIGlow>01</UIGlow><UIForeground>01</UIForeground> [Nummer X] <UIForeground>F201FA</UIForeground><UIGlow>F201FB</UIGlow>ein<UIGlow>01</UIGlow><UIForeground>01</UIForeground>
Macht Menü Nummer X zu einem geteilten Menü.
  <UIForeground>F201FA</UIForeground><UIGlow>F201FB</UIGlow>teilen<UIGlow>01</UIGlow><UIForeground>01</UIForeground> [Nummer X] <UIForeground>F201FA</UIForeground><UIGlow>F201FB</UIGlow>aus<UIGlow>01</UIGlow><UIForeground>01</UIForeground>
Ändert Menü Nummer X von einem geteilten zu einem Menü exklusiv für den momentanen Job.
  <UIForeground>F201FA</UIForeground><UIGlow>F201FB</UIGlow>teilen<UIGlow>01</UIGlow><UIForeground>01</UIForeground> [Nummer X]
Macht Menü Nummer X zu einem geteilten/exklusiven Menü.
  <UIForeground>F201FA</UIForeground><UIGlow>F201FB</UIGlow>entf<UIGlow>01</UIGlow><UIForeground>01</UIForeground> [Nummer X] [Slot-Name]
Entfernt, was in Menü Nummer X im angegebenen Slot angelegt war.
  <UIForeground>F201FA</UIForeground><UIGlow>F201FB</UIGlow>entf<UIGlow>01</UIGlow><UIForeground>01</UIForeground> [Nummer X] <UIForeground>F201FA</UIForeground><UIGlow>F201FB</UIGlow>alle<UIGlow>01</UIGlow><UIForeground>01</UIForeground>
Leert alle Slots von Menü Nummer X.
>>Slot-Namen:

Slots können ohne Namen erstellt werden. In diesem Fall wird der automatisch einem nicht benutzten Slot zugewiesen.
<Gui(14)/>＋<Gui(3)/> ... LDL (LD1) <Gui(15)/>＋<Gui(3)/> ... RDL (RD1)
<Gui(14)/>＋<Gui(1)/> ... LDU (LD2) <Gui(15)/>＋<Gui(1)/> ... RDU (RD2)
<Gui(14)/>＋<Gui(4)/> ... LDR (LD3) <Gui(15)/>＋<Gui(4)/> ... RDR (RD3)
<Gui(14)/>＋<Gui(2)/> ... LDD (LD4) <Gui(15)/>＋<Gui(2)/> ... RDD (RD4)
<Gui(14)/>＋<Gui(10)/> ... LAL (LA1) <Gui(15)/>＋<Gui(10)/> ... RAL (RA1)
<Gui(14)/>＋<Gui(11)/> ... LAU (LA2) <Gui(15)/>＋<Gui(11)/> ... RAU (RA2)
<Gui(14)/>＋<Gui(8)/> ... LAR (LA3) <Gui(15)/>＋<Gui(8)/> ... RAR (RA3)
<Gui(14)/>＋<Gui(9)/> ... LAD (LA4) <Gui(15)/>＋<Gui(9)/> ... RAD (RA4)","/pvpkreuzkommandomenü","/pvpkreuzmenü",36,0
327,2,1,2,0,0,"/emotelog","","/emotelog
VERWENDUNG:
/emotelog [Unterbefehl]
→ Legt die Chatlog-Anzeige von Text bei der Ausführung von Emotes fest.
>>Unterbefehle:
  <UIForeground>F201FA</UIForeground><UIGlow>F201FB</UIGlow>ein<UIGlow>01</UIGlow><UIForeground>01</UIForeground> (<UIForeground>F201FA</UIForeground><UIGlow>F201FB</UIGlow>on<UIGlow>01</UIGlow><UIForeground>01</UIForeground>)  Zeigt den Text zu Emotes im Chatlog an.
  <UIForeground>F201FA</UIForeground><UIGlow>F201FB</UIGlow>aus<UIGlow>01</UIGlow><UIForeground>01</UIForeground> (<UIForeground>F201FA</UIForeground><UIGlow>F201FB</UIGlow>off<UIGlow>01</UIGlow><UIForeground>01</UIForeground>)  Verbirgt den Text zu Emotes im Chatlog.
Bei fehlendem Unterbefehl wird die Einstellung gewechselt.","","",36,0
328,2,0,0,0,0,"/jobhudmode","","/jobbalkenmodus, /jobhudmode
VERWENDUNG:
/jobbalkenmodus [Unterbefehl]
→ Schaltet zwischen der normalen und der vereinfachten Anzeige der momentan aktiven Job-Balken um.
>>Unterbefehle:
  <UIForeground>F201FA</UIForeground><UIGlow>F201FB</UIGlow>1<UIGlow>01</UIGlow><UIForeground>01</UIForeground>  Ändert die Anzeige des ersten Job-Balkens.
  <UIForeground>F201FA</UIForeground><UIGlow>F201FB</UIGlow>2<UIGlow>01</UIGlow><UIForeground>01</UIForeground>  Ändert die Anzeige des zweiten Job-Balkens.
Bei fehlendem Unterbefehl werden beide Balken zu derselben Einstellung umgeschaltet.","/jobbalkenmodus","",36,0
329,2,0,0,0,0,"/mastervolume","","/lautstärke, /mastervolume
VERWENDUNG:
/lautstärke [Zahl]
→ Ändert die Hauptlautstärke auf den angegebenen Zahlenwert (0 bis 100).
Bei fehlendem Unterbefehl wird die Stummschaltung aktiviert bzw. deaktiviert.","/lautstärke","",229,0
330,2,0,0,0,0,"/bgm","","/musik, /bgm
VERWENDUNG:
/musik [Zahl]
→ Ändert die Lautstärke der Hintergrundmusik auf den angegebenen Zahlenwert (0 bis 100).
Bei fehlendem Unterbefehl wird die Hintergrundmusik stumm geschaltet bzw. wieder aktiviert.","/musik","",229,0
331,2,0,0,0,0,"/soundeffects","","/soundeffekte, /soundeffects
VERWENDUNG:
/soundeffekte [Zahl]
→ Ändert die Lautstärke der Soundeffekte auf den angegebenen Zahlenwert (0 bis 100).
Bei fehlendem Unterbefehl werden die Soundeffekte stumm geschaltet bzw. wieder aktiviert.","/soundeffekte","",229,0
332,2,0,0,0,0,"/voice","","/stimmen, /voice
VERWENDUNG:
/stimmen [Zahl]
→ Ändert die Lautstärke der Stimmen auf den angegebenen Zahlenwert (0 bis 100).
Bei fehlendem Unterbefehl werden die Stimmen stumm geschaltet bzw. wieder aktiviert.","/stimmen","",229,0
333,2,0,0,0,0,"/systemsounds","","/systemtöne, /systemsounds
VERWENDUNG:
/systemtöne [Zahl]
→ Ändert die Lautstärke der Systemtöne auf den angegebenen Zahlenwert (0 bis 100).
Bei fehlendem Unterbefehl werden die Systemtöne stumm geschaltet bzw. wieder aktiviert.","/systemtöne","",229,0
334,2,0,0,0,0,"/ambientsounds","","/umgebung, /ambientsounds
VERWENDUNG:
/umgebung [Zahl]
→ Ändert die Lautstärke der Umgebungsgeräusche auf den angegebenen Zahlenwert (0 bis 100).
Bei fehlendem Unterbefehl werden die Umgebungsgeräusche stumm geschaltet bzw. wieder aktiviert.","/umgebung","",229,0
335,2,0,0,0,0,"/soundeffectsself","","/soundselbst, /soundeffectsself
VERWENDUNG:
/soundselbst [Zahl]
→ Ändert die Lautstärke der von dir verursachten Soundeffekte auf den angegebenen Zahlenwert (0 bis 100).","/soundselbst","",229,0
336,2,0,0,0,0,"/soundeffectsparty","","/soundgruppe, /soundeffectsparty
VERWENDUNG:
/soundgruppe [Zahl]
→ Ändert die Lautstärke der von deinen Grup<SoftHyphen/>pen<SoftHyphen/>mit<SoftHyphen/>gliedern verursachten Soundeffekte auf den angegebenen Zahlenwert (0 bis 100).","/soundgruppe","",229,0
337,2,0,0,0,0,"/soundeffectsother","","/soundandere, /soundeffectsother
VERWENDUNG:
/soundandere [Zahl]
→ Ändert die Lautstärke der von anderen verursachten Soundeffekte auf den angegebenen Zahlenwert (0 bis 100).","/soundandere","",229,0
338,2,0,0,0,0,"/systemsoundsspeaker","","/systemlautsprecher, /systemsoundsspeaker
VERWENDUNG:
/systemlautsprecher [Zahl]
→ Ändert die Lautstärke der Systemtöne aus dem Lautsprecher des drahtlosen Controllers auf den angegebenen Zahlenwert (0 bis 100). Kompatibel mit PlayStation®4, PlayStation®5 und Windows.
Bei fehlendem Unterbefehl werden die Systemtöne stumm geschaltet bzw. wieder aktiviert.","/systemlautsprecher","",229,0
339,2,0,0,0,0,"/tiltcamera","","/kamerawinkel, /tiltcamera
VERWENDUNG:
/kamerawinkel [Zahl]
→ Ändert den Kamerawinkel bei Verfolgerperspektive auf den angegebenen Zahlenwert (0 bis 100).","/kamerawinkel","",36,0
340,2,1,2,0,0,"/mountbgm","","/mountbgm, /reitbgm
VERWENDUNG:
/reitbgm [Unterbefehl]
→ Verändert die Einstellung „Musik beim Reiten“ in der Systemkonfiguration.
>>Unterbefehle:
  <UIForeground>F201FA</UIForeground><UIGlow>F201FB</UIGlow>ein<UIGlow>01</UIGlow><UIForeground>01</UIForeground>  Schaltet die Musik beim Reiten ein.
  <UIForeground>F201FA</UIForeground><UIGlow>F201FB</UIGlow>aus<UIGlow>01</UIGlow><UIForeground>01</UIForeground>  Schaltet die Musik beim Reiten aus.
Bei fehlendem Unterbefehl wird die Einstellung geändert, also die Musik entweder ein- oder ausgeschaltet.","/reitbgm","",100,0
341,2,0,0,0,0,"/performsounds","","/performsounds, /komplaut [Zahl]
→ Ändert die Lautstärke von Kompositionen auf den angegebenen Zahlenwert (0 bis 100).
Bei fehlendem Unterbefehl wird die Stummschaltung aktiviert bzw. deaktiviert.","/komplaut","",229,0
342,0,0,0,0,0,"","","","","",0,0
343,0,0,0,0,0,"","","","","",0,0
344,0,0,0,0,0,"","","","","",0,0
345,0,0,0,0,0,"","","","","",0,0
346,0,0,0,0,0,"","","","","",0,0
347,0,0,0,0,0,"","","","","",0,0
348,0,0,0,0,0,"","","","","",0,0
349,0,0,0,0,0,"","","","","",0,0
350,0,0,0,0,0,"","","","","",0,0
351,0,0,0,0,0,"","","","","",0,0
352,0,0,0,0,0,"","","","","",0,0
353,0,0,0,0,0,"","","","","",0,0
354,0,0,0,0,0,"","","","","",0,0
355,0,0,0,0,0,"","","","","",0,0
356,0,0,0,0,0,"","","","","",0,0
357,0,0,0,0,0,"","","","","",0,0
358,0,0,0,0,0,"","","","","",0,0
359,0,0,0,0,0,"","","","","",0,0
360,0,0,0,0,0,"","","","","",0,0
361,0,0,0,0,0,"","","","","",0,0
362,0,0,0,0,0,"","","","","",0,0
363,0,0,0,0,0,"","","","","",0,0
364,0,0,0,0,0,"","","","","",0,0
365,0,0,0,0,0,"","","","","",0,0
366,0,0,0,0,0,"","","","","",0,0
367,0,0,0,0,0,"","","","","",0,0
368,0,0,0,0,0,"","","","","",0,0
369,0,0,0,0,0,"","","","","",0,0
370,0,0,0,0,0,"","","","","",0,0
371,0,0,0,0,0,"","","","","",0,0
372,0,0,0,0,0,"","","","","",0,0
373,0,0,0,0,0,"","","","","",0,0
374,0,0,0,0,0,"","","","","",0,0
375,0,0,0,0,0,"","","","","",0,0
376,0,0,0,0,0,"","","","","",0,0
377,0,0,0,0,0,"","","","","",0,0
378,0,0,0,0,0,"","","","","",0,0
379,0,0,0,0,0,"","","","","",0,0
380,0,0,0,0,0,"","","","","",0,0
381,0,0,0,0,0,"","","","","",0,0
382,0,0,0,0,0,"","","","","",0,0
383,0,0,0,0,0,"","","","","",0,0
384,0,0,0,0,0,"","","","","",0,0
385,0,0,0,0,0,"","","","","",0,0
386,0,0,0,0,0,"","","","","",0,0
387,0,0,0,0,0,"","","","","",0,0
388,0,0,0,0,0,"","","","","",0,0
389,0,0,0,0,0,"","","","","",0,0
390,0,0,0,0,0,"","","","","",0,0
391,0,0,0,0,0,"","","","","",0,0
392,0,0,0,0,0,"","","","","",0,0
393,0,0,0,0,0,"","","","","",0,0
394,0,0,0,0,0,"","","","","",0,0
395,0,0,0,0,0,"","","","","",0,0
396,0,0,0,0,0,"","","","","",0,0
397,0,0,0,0,0,"","","","","",0,0
398,0,0,0,0,0,"","","","","",0,0
399,0,0,0,0,0,"","","","","",0,0
400,0,0,0,0,0,"","","","","",0,0
401,1,0,0,0,0,"/emote","/em","/emote, /em
VERWENDUNG:
/emote [Nachr.]
→ Sendet den Namen deines PCs sowie die eingegebene Nachricht in Form eines Emotes an alle PCs innerhalb der „Sagen“-Reichweite.","","",292,0
402,2,1,2,0,0,"/surprised","","/überrascht, /ü, /surprised
VERWENDUNG:
/ü [Unterbefehl]
→ Du bist überrascht.
>>Unterbefehl:
  <UIForeground>F201FA</UIForeground><UIGlow>F201FB</UIGlow>bw<UIGlow>01</UIGlow><UIForeground>01</UIForeground> (<UIForeground>F201FA</UIForeground><UIGlow>F201FB</UIGlow>motion<UIGlow>01</UIGlow><UIForeground>01</UIForeground>)  Führt nur die Bewegung aus. Bei fehlendem Unterbefehl wird sowohl Text angezeigt als auch die Bewegung ausgeführt.","/überrascht","/ü",293,0
403,2,1,2,0,0,"/angry","","/ärger, /ä, /angry
VERWENDUNG:
/ä [Unterbefehl]
→ Du drückst deinen Ärger aus.
>>Unterbefehl:
  <UIForeground>F201FA</UIForeground><UIGlow>F201FB</UIGlow>bw<UIGlow>01</UIGlow><UIForeground>01</UIForeground> (<UIForeground>F201FA</UIForeground><UIGlow>F201FB</UIGlow>motion<UIGlow>01</UIGlow><UIForeground>01</UIForeground>)  Führt nur die Bewegung aus. Bei fehlendem Unterbefehl wird sowohl Text angezeigt als auch die Bewegung ausgeführt.","/ärger","/ä",293,0
404,2,1,2,0,0,"/furious","","/zorn, /furious
VERWENDUNG:
/zorn [Unterbefehl]
→ Du wirst wütend.
>>Unterbefehl:
  <UIForeground>F201FA</UIForeground><UIGlow>F201FB</UIGlow>bw<UIGlow>01</UIGlow><UIForeground>01</UIForeground> (<UIForeground>F201FA</UIForeground><UIGlow>F201FB</UIGlow>motion<UIGlow>01</UIGlow><UIForeground>01</UIForeground>)  Führt nur die Bewegung aus. Bei fehlendem Unterbefehl wird sowohl Text angezeigt als auch die Bewegung ausgeführt.","/zorn","",293,0
405,2,1,2,0,0,"/blush","","/rot, /blush
VERWENDUNG:
/rot [Unterbefehl]
→ Du errötest verlegen.
>>Unterbefehl:
  <UIForeground>F201FA</UIForeground><UIGlow>F201FB</UIGlow>bw<UIGlow>01</UIGlow><UIForeground>01</UIForeground> (<UIForeground>F201FA</UIForeground><UIGlow>F201FB</UIGlow>motion<UIGlow>01</UIGlow><UIForeground>01</UIForeground>)  Führt nur die Bewegung aus. Bei fehlendem Unterbefehl wird sowohl Text angezeigt als auch die Bewegung ausgeführt.","/rot","",293,0
406,2,1,2,0,0,"/bow","","/verbeug, /verb, /bow
VERWENDUNG:
/verb [Unterbefehl]
→ Du verbeugst dich.
>>Unterbefehl:
  <UIForeground>F201FA</UIForeground><UIGlow>F201FB</UIGlow>bw<UIGlow>01</UIGlow><UIForeground>01</UIForeground> (<UIForeground>F201FA</UIForeground><UIGlow>F201FB</UIGlow>motion<UIGlow>01</UIGlow><UIForeground>01</UIForeground>)  Führt nur die Bewegung aus. Bei fehlendem Unterbefehl wird sowohl Text angezeigt als auch die Bewegung ausgeführt.","/verbeug","/verb",293,0
407,2,1,2,0,0,"/cheer","","/feuer, /cheer
VERWENDUNG:
/jubel [Unterbefehl]
→ Du feuerst jemanden an.
>>Unterbefehl:
  <UIForeground>F201FA</UIForeground><UIGlow>F201FB</UIGlow>bw<UIGlow>01</UIGlow><UIForeground>01</UIForeground> (<UIForeground>F201FA</UIForeground><UIGlow>F201FB</UIGlow>motion<UIGlow>01</UIGlow><UIForeground>01</UIForeground>)  Führt nur die Bewegung aus. Bei fehlendem Unterbefehl wird sowohl Text angezeigt als auch die Bewegung ausgeführt.","/feuer","",293,0
408,2,1,2,0,0,"/clap","","/klatsch, /clap
VERWENDUNG:
/klatsch [Unterbefehl]
→ Du applaudierst.
>>Unterbefehl:
  <UIForeground>F201FA</UIForeground><UIGlow>F201FB</UIGlow>bw<UIGlow>01</UIGlow><UIForeground>01</UIForeground> (<UIForeground>F201FA</UIForeground><UIGlow>F201FB</UIGlow>motion<UIGlow>01</UIGlow><UIForeground>01</UIForeground>) Führt nur die Bewegung aus. Bei fehlendem Unterbefehl wird sowohl Text angezeigt als auch die Bewegung ausgeführt.","/klatsch","",293,0
409,2,1,2,0,0,"/beckon","","/herbei, /beckon
VERWENDUNG:
/herbei [Unterbefehl]
→ Du winkst jemanden herbei.
>>Unterbefehl:
  <UIForeground>F201FA</UIForeground><UIGlow>F201FB</UIGlow>bw<UIGlow>01</UIGlow><UIForeground>01</UIForeground> (<UIForeground>F201FA</UIForeground><UIGlow>F201FB</UIGlow>motion<UIGlow>01</UIGlow><UIForeground>01</UIForeground>)  Führt nur die Bewegung aus. Bei fehlendem Unterbefehl wird sowohl Text angezeigt als auch die Bewegung ausgeführt.","/herbei","",293,0
410,2,1,2,0,0,"/comfort","","/trost, /comfort
VERWENDUNG:
/trost [Unterbefehl]
→ Du tröstest jemanden.
>>Unterbefehl:
  <UIForeground>F201FA</UIForeground><UIGlow>F201FB</UIGlow>bw<UIGlow>01</UIGlow><UIForeground>01</UIForeground> (<UIForeground>F201FA</UIForeground><UIGlow>F201FB</UIGlow>motion<UIGlow>01</UIGlow><UIForeground>01</UIForeground>)  Führt nur die Bewegung aus. Bei fehlendem Unterbefehl wird sowohl Text angezeigt als auch die Bewegung ausgeführt.","/trost","",293,0
411,2,1,2,0,0,"/cry","","/weinen, /cry
VERWENDUNG:
/weinen [Unterbefehl]
→ Du weinst.
>>Unterbefehl:
  <UIForeground>F201FA</UIForeground><UIGlow>F201FB</UIGlow>bw<UIGlow>01</UIGlow><UIForeground>01</UIForeground> (<UIForeground>F201FA</UIForeground><UIGlow>F201FB</UIGlow>motion<UIGlow>01</UIGlow><UIForeground>01</UIForeground>)  Führt nur die Bewegung aus. Bei fehlendem Unterbefehl wird sowohl Text angezeigt als auch die Bewegung ausgeführt.","/weinen","",293,0
412,2,1,2,0,0,"/dance","","/tanz, /dance
VERWENDUNG:
/tanz [Unterbefehl]
→ Du fängst an zu tanzen.
>>Unterbefehl:
  <UIForeground>F201FA</UIForeground><UIGlow>F201FB</UIGlow>bw<UIGlow>01</UIGlow><UIForeground>01</UIForeground> (<UIForeground>F201FA</UIForeground><UIGlow>F201FB</UIGlow>motion<UIGlow>01</UIGlow><UIForeground>01</UIForeground>)  Führt nur die Bewegung aus. Bei fehlendem Unterbefehl wird sowohl Text angezeigt als auch die Bewegung ausgeführt.","/tanz","",293,0
413,2,1,2,0,0,"/doubt","","/schuld, /doubt
VERWENDUNG:
/schuld [Unterbefehl]
→ Du widersprichst oder beschuldigst jemanden.
>>Unterbefehl:
  <UIForeground>F201FA</UIForeground><UIGlow>F201FB</UIGlow>bw<UIGlow>01</UIGlow><UIForeground>01</UIForeground> (<UIForeground>F201FA</UIForeground><UIGlow>F201FB</UIGlow>motion<UIGlow>01</UIGlow><UIForeground>01</UIForeground>)  Führt nur die Bewegung aus. Bei fehlendem Unterbefehl wird sowohl Text angezeigt als auch die Bewegung ausgeführt.","/schuld","",293,0
414,2,1,2,0,0,"/doze","","/müde, /doze
VERWENDUNG:
/müde [Unterbefehl]
→ Du hast einen Anfall von Müdigkeit.
>>Unterbefehl:
  <UIForeground>F201FA</UIForeground><UIGlow>F201FB</UIGlow>bw<UIGlow>01</UIGlow><UIForeground>01</UIForeground> (<UIForeground>F201FA</UIForeground><UIGlow>F201FB</UIGlow>motion<UIGlow>01</UIGlow><UIForeground>01</UIForeground>)  Führt nur die Bewegung aus. Bei fehlendem Unterbefehl wird sowohl Text angezeigt als auch die Bewegung ausgeführt.","/müde","",293,0
415,2,1,2,0,0,"/fume","","/frust, /fume
VERWENDUNG:
/frust [Unterbefehl]
→ Du bist frustriert und enttäuscht.
>>Unterbefehl:
  <UIForeground>F201FA</UIForeground><UIGlow>F201FB</UIGlow>bw<UIGlow>01</UIGlow><UIForeground>01</UIForeground> (<UIForeground>F201FA</UIForeground><UIGlow>F201FB</UIGlow>motion<UIGlow>01</UIGlow><UIForeground>01</UIForeground>)  Führt nur die Bewegung aus. Bei fehlendem Unterbefehl wird sowohl Text angezeigt als auch die Bewegung ausgeführt.","/frust","",293,0
416,2,1,2,0,0,"/goodbye","","/tschüs, /goodbye
VERWENDUNG:
/tschüs [Unterbefehl]
→ Du winkst zum Abschied.
>>Unterbefehl:
  <UIForeground>F201FA</UIForeground><UIGlow>F201FB</UIGlow>bw<UIGlow>01</UIGlow><UIForeground>01</UIForeground> (<UIForeground>F201FA</UIForeground><UIGlow>F201FB</UIGlow>motion<UIGlow>01</UIGlow><UIForeground>01</UIForeground>)  Führt nur die Bewegung aus. Bei fehlendem Unterbefehl wird sowohl Text angezeigt als auch die Bewegung ausgeführt.","/tschüs","",293,0
417,2,1,2,0,0,"/wave","","/wink, /wave
VERWENDUNG:
/wink [Unterbefehl]
→ Du winkst mit der Hand.
>>Unterbefehl:
  <UIForeground>F201FA</UIForeground><UIGlow>F201FB</UIGlow>bw<UIGlow>01</UIGlow><UIForeground>01</UIForeground> (<UIForeground>F201FA</UIForeground><UIGlow>F201FB</UIGlow>motion<UIGlow>01</UIGlow><UIForeground>01</UIForeground>)  Führt nur die Bewegung aus. Bei fehlendem Unterbefehl wird sowohl Text angezeigt als auch die Bewegung ausgeführt.","/wink","",293,0
418,2,1,2,0,0,"/huh","","/tja, /huh
VERWENDUNG:
/tja [Unterbefehl]
→ Das ist dir ziemlich egal.
>>Unterbefehl:
  <UIForeground>F201FA</UIForeground><UIGlow>F201FB</UIGlow>bw<UIGlow>01</UIGlow><UIForeground>01</UIForeground> (<UIForeground>F201FA</UIForeground><UIGlow>F201FB</UIGlow>motion<UIGlow>01</UIGlow><UIForeground>01</UIForeground>)  Führt nur die Bewegung aus. Bei fehlendem Unterbefehl wird sowohl Text angezeigt als auch die Bewegung ausgeführt.","/tja","",293,0
419,2,1,2,0,0,"/joy","","/froh, /joy
VERWENDUNG:
/froh [Unterbefehl]
→ Du bist glücklich.
>>Unterbefehl:
  <UIForeground>F201FA</UIForeground><UIGlow>F201FB</UIGlow>bw<UIGlow>01</UIGlow><UIForeground>01</UIForeground> (<UIForeground>F201FA</UIForeground><UIGlow>F201FB</UIGlow>motion<UIGlow>01</UIGlow><UIForeground>01</UIForeground>)  Führt nur die Bewegung aus. Bei fehlendem Unterbefehl wird sowohl Text angezeigt als auch die Bewegung ausgeführt.","/froh","",293,0
420,2,1,2,0,0,"/kneel","","/knie, /kneel
VERWENDUNG:
/knie [Unterbefehl]
→ Du kniest respektvoll nieder.
>>Unterbefehl:
  <UIForeground>F201FA</UIForeground><UIGlow>F201FB</UIGlow>bw<UIGlow>01</UIGlow><UIForeground>01</UIForeground> (<UIForeground>F201FA</UIForeground><UIGlow>F201FB</UIGlow>motion<UIGlow>01</UIGlow><UIForeground>01</UIForeground>)  Führt nur die Bewegung aus. Bei fehlendem Unterbefehl wird sowohl Text angezeigt als auch die Bewegung ausgeführt.","/knie","",293,0
421,2,1,2,0,0,"/chuckle","","/lach, /chuckle
VERWENDUNG:
/lach [Unterbefehl]
→ Du lachst amüsiert.
>>Unterbefehl:
  <UIForeground>F201FA</UIForeground><UIGlow>F201FB</UIGlow>bw<UIGlow>01</UIGlow><UIForeground>01</UIForeground> (<UIForeground>F201FA</UIForeground><UIGlow>F201FB</UIGlow>motion<UIGlow>01</UIGlow><UIForeground>01</UIForeground>)  Führt nur die Bewegung aus. Bei fehlendem Unterbefehl wird sowohl Text angezeigt als auch die Bewegung ausgeführt.","/lach","",293,0
422,2,1,2,0,0,"/laugh","","/totlach, /tlach, /laugh
VERWENDUNG:
/totlach [Unterbefehl]
→ Du brichst in Gelächter aus.
>>Unterbefehl:
  <UIForeground>F201FA</UIForeground><UIGlow>F201FB</UIGlow>bw<UIGlow>01</UIGlow><UIForeground>01</UIForeground> (<UIForeground>F201FA</UIForeground><UIGlow>F201FB</UIGlow>motion<UIGlow>01</UIGlow><UIForeground>01</UIForeground>)  Führt nur die Bewegung aus. Bei fehlendem Unterbefehl wird sowohl Text angezeigt als auch die Bewegung ausgeführt.","/totlach","/tlach",293,0
423,2,1,2,0,0,"/lookout","","/späh, /lookout
VERWENDUNG:
/späh [Unterbefehl]
→ Du schaust dich um.
>>Unterbefehl:
  <UIForeground>F201FA</UIForeground><UIGlow>F201FB</UIGlow>bw<UIGlow>01</UIGlow><UIForeground>01</UIForeground> (<UIForeground>F201FA</UIForeground><UIGlow>F201FB</UIGlow>motion<UIGlow>01</UIGlow><UIForeground>01</UIForeground>)  Führt nur die Bewegung aus. Bei fehlendem Unterbefehl wird sowohl Text angezeigt als auch die Bewegung ausgeführt.","/späh","",293,0
424,2,1,2,0,0,"/me","","/ich, /me
VERWENDUNG:
/ich [Unterbefehl]
→ Du machst auf dich aufmerksam.
>>Unterbefehl:
  <UIForeground>F201FA</UIForeground><UIGlow>F201FB</UIGlow>bw<UIGlow>01</UIGlow><UIForeground>01</UIForeground> (<UIForeground>F201FA</UIForeground><UIGlow>F201FB</UIGlow>motion<UIGlow>01</UIGlow><UIForeground>01</UIForeground>)  Führt nur die Bewegung aus. Bei fehlendem Unterbefehl wird sowohl Text angezeigt als auch die Bewegung ausgeführt.","/ich","",293,0
425,2,1,2,0,0,"/no","","/nein, /no
VERWENDUNG:
/nein [Unterbefehl]
→ Du verneinst.
>>Unterbefehl:
  <UIForeground>F201FA</UIForeground><UIGlow>F201FB</UIGlow>bw<UIGlow>01</UIGlow><UIForeground>01</UIForeground> (<UIForeground>F201FA</UIForeground><UIGlow>F201FB</UIGlow>motion<UIGlow>01</UIGlow><UIForeground>01</UIForeground>)  Führt nur die Bewegung aus. Bei fehlendem Unterbefehl wird sowohl Text angezeigt als auch die Bewegung ausgeführt.","/nein","",293,0
426,2,1,2,0,0,"/deny","","/niemals, /nie, /deny
VERWENDUNG:
/nie [Unterbefehl]
→ Du drückst deine Ablehnung aus.
>>Unterbefehl:
  <UIForeground>F201FA</UIForeground><UIGlow>F201FB</UIGlow>bw<UIGlow>01</UIGlow><UIForeground>01</UIForeground> (<UIForeground>F201FA</UIForeground><UIGlow>F201FB</UIGlow>motion<UIGlow>01</UIGlow><UIForeground>01</UIForeground>)  Führt nur die Bewegung aus. Bei fehlendem Unterbefehl wird sowohl Text angezeigt als auch die Bewegung ausgeführt.","/niemals","/nie",293,0
427,2,1,2,0,0,"/panic","","/panik, /panic
VERWENDUNG:
/panik [Unterbefehl]
→ Du brichst in Panik aus.
>>Unterbefehl:
  <UIForeground>F201FA</UIForeground><UIGlow>F201FB</UIGlow>bw<UIGlow>01</UIGlow><UIForeground>01</UIForeground> (<UIForeground>F201FA</UIForeground><UIGlow>F201FB</UIGlow>motion<UIGlow>01</UIGlow><UIForeground>01</UIForeground>)  Führt nur die Bewegung aus. Bei fehlendem Unterbefehl wird sowohl Text angezeigt als auch die Bewegung ausgeführt.","/panik","",293,0
428,2,1,2,0,0,"/point","","/zeig, /point
VERWENDUNG:
/zeig [Unterbefehl]
→ Du zeigst auf ein Ziel. Wenn kein Ziel ausgewählt ist, wird eine Richtung angezeigt.
>>Unterbefehl:
  <UIForeground>F201FA</UIForeground><UIGlow>F201FB</UIGlow>bw<UIGlow>01</UIGlow><UIForeground>01</UIForeground> (<UIForeground>F201FA</UIForeground><UIGlow>F201FB</UIGlow>motion<UIGlow>01</UIGlow><UIForeground>01</UIForeground>)  Führt nur die Bewegung aus. Bei fehlendem Unterbefehl wird sowohl Text angezeigt als auch die Bewegung ausgeführt.","/zeig","",293,0
429,2,1,2,0,0,"/poke","","/stups, /poke
VERWENDUNG:
/stups [Unterbefehl]
→ Du stupst jemanden an.
>>Unterbefehl:
  <UIForeground>F201FA</UIForeground><UIGlow>F201FB</UIGlow>bw<UIGlow>01</UIGlow><UIForeground>01</UIForeground> (<UIForeground>F201FA</UIForeground><UIGlow>F201FB</UIGlow>motion<UIGlow>01</UIGlow><UIForeground>01</UIForeground>)  Führt nur die Bewegung aus. Bei fehlendem Unterbefehl wird sowohl Text angezeigt als auch die Bewegung ausgeführt.","/stups","",293,0
430,2,1,2,0,0,"/congratulate","","/super, /congratulate
VERWENDUNG:
/super [Unterbefehl]
→ Du drückst deine Anerkennung aus.
>>Unterbefehl:
  <UIForeground>F201FA</UIForeground><UIGlow>F201FB</UIGlow>bw<UIGlow>01</UIGlow><UIForeground>01</UIForeground> (<UIForeground>F201FA</UIForeground><UIGlow>F201FB</UIGlow>motion<UIGlow>01</UIGlow><UIForeground>01</UIForeground>)  Führt nur die Bewegung aus. Bei fehlendem Unterbefehl wird sowohl Text angezeigt als auch die Bewegung ausgeführt.","/super","",293,0
431,2,1,2,0,0,"/psych","","/aufgehts, /auf, /psych
VERWENDUNG:
/aufgehts [Unterbefehl]
→ Du demonstrierst volle Ent<SoftHyphen/>schlos<SoftHyphen/>sen<SoftHyphen/>heit.
>>Unterbefehl:
  <UIForeground>F201FA</UIForeground><UIGlow>F201FB</UIGlow>bw<UIGlow>01</UIGlow><UIForeground>01</UIForeground> (<UIForeground>F201FA</UIForeground><UIGlow>F201FB</UIGlow>motion<UIGlow>01</UIGlow><UIForeground>01</UIForeground>)  Führt nur die Bewegung aus. Bei fehlendem Unterbefehl wird sowohl Text angezeigt als auch die Bewegung ausgeführt.","/aufgehts","/auf",293,0
432,2,1,2,0,0,"/salute","","/salut, /salute
VERWENDUNG:
/salut [Unterbefehl]
→ Du salutierst nach Manier deiner Nation.
>>Unterbefehl:
  <UIForeground>F201FA</UIForeground><UIGlow>F201FB</UIGlow>bw<UIGlow>01</UIGlow><UIForeground>01</UIForeground> (<UIForeground>F201FA</UIForeground><UIGlow>F201FB</UIGlow>motion<UIGlow>01</UIGlow><UIForeground>01</UIForeground>) Führt nur die Bewegung aus. Bei fehlendem Unterbefehl wird sowohl Text angezeigt als auch die Bewegung ausgeführt.","/salut","",293,0
433,2,1,2,0,0,"/shocked","","/schock, /shocked
VERWENDUNG:
/schock [Unterbefehl]
→ Du bist schockiert.
>>Unterbefehl:
  <UIForeground>F201FA</UIForeground><UIGlow>F201FB</UIGlow>bw<UIGlow>01</UIGlow><UIForeground>01</UIForeground> (<UIForeground>F201FA</UIForeground><UIGlow>F201FB</UIGlow>motion<UIGlow>01</UIGlow><UIForeground>01</UIForeground>) Führt nur die Bewegung aus. Bei fehlendem Unterbefehl wird sowohl Text angezeigt als auch die Bewegung ausgeführt.","/schock","",293,0
434,2,1,2,0,0,"/shrug","","/schulter, /shrug
VERWENDUNG:
/schulter [Unterbefehl]
→ Du zuckst die Schultern.
>>Unterbefehl:
  <UIForeground>F201FA</UIForeground><UIGlow>F201FB</UIGlow>bw<UIGlow>01</UIGlow><UIForeground>01</UIForeground> (<UIForeground>F201FA</UIForeground><UIGlow>F201FB</UIGlow>motion<UIGlow>01</UIGlow><UIForeground>01</UIForeground>) Führt nur die Bewegung aus. Bei fehlendem Unterbefehl wird sowohl Text angezeigt als auch die Bewegung ausgeführt.","/schulter","",293,0
435,2,1,2,0,0,"/rally","","/aufmunter, /munt, /rally
VERWENDUNG:
/aufmunter [Unterbefehl]
→ Du munterst jemanden auf.
>>Unterbefehl:
  <UIForeground>F201FA</UIForeground><UIGlow>F201FB</UIGlow>bw<UIGlow>01</UIGlow><UIForeground>01</UIForeground> (<UIForeground>F201FA</UIForeground><UIGlow>F201FB</UIGlow>motion<UIGlow>01</UIGlow><UIForeground>01</UIForeground>)  Führt nur die Bewegung aus. Bei fehlendem Unterbefehl wird sowohl Text angezeigt als auch die Bewegung ausgeführt.","/aufmunter","/munt",293,0
436,2,1,2,0,0,"/soothe","","/ruhig, /soothe
VERWENDUNG:
/ruhig [Unterbefehl]
→ Du besänftigst jemanden.
>>Unterbefehl:
  <UIForeground>F201FA</UIForeground><UIGlow>F201FB</UIGlow>bw<UIGlow>01</UIGlow><UIForeground>01</UIForeground> (<UIForeground>F201FA</UIForeground><UIGlow>F201FB</UIGlow>motion<UIGlow>01</UIGlow><UIForeground>01</UIForeground>)  Führt nur die Bewegung aus. Bei fehlendem Unterbefehl wird sowohl Text angezeigt als auch die Bewegung ausgeführt.","/ruhig","",293,0
437,2,1,2,0,0,"/stagger","","/torkel, /stagger
VERWENDUNG:
/torkel [Unterbefehl]
→ Du torkelst einen Augenblick.
>>Unterbefehl:
  <UIForeground>F201FA</UIForeground><UIGlow>F201FB</UIGlow>bw<UIGlow>01</UIGlow><UIForeground>01</UIForeground> (<UIForeground>F201FA</UIForeground><UIGlow>F201FB</UIGlow>motion<UIGlow>01</UIGlow><UIForeground>01</UIForeground>)  Führt nur die Bewegung aus. Bei fehlendem Unterbefehl wird sowohl Text angezeigt als auch die Bewegung ausgeführt.","/torkel","",293,0
438,2,1,2,0,0,"/stretch","","/streck, /stretch
VERWENDUNG:
/streck [Unterbefehl]
→ Du streckst dich.
>>Unterbefehl:
  <UIForeground>F201FA</UIForeground><UIGlow>F201FB</UIGlow>bw<UIGlow>01</UIGlow><UIForeground>01</UIForeground> (<UIForeground>F201FA</UIForeground><UIGlow>F201FB</UIGlow>motion<UIGlow>01</UIGlow><UIForeground>01</UIForeground>)  Führt nur die Bewegung aus. Bei fehlendem Unterbefehl wird sowohl Text angezeigt als auch die Bewegung ausgeführt.","/streck","",293,0
439,2,1,2,0,0,"/sulk","","/schmoll, /sulk
VERWENDUNG:
/schmoll [Unterbefehl]
→ Du bist beleidigt.
>>Unterbefehl:
  <UIForeground>F201FA</UIForeground><UIGlow>F201FB</UIGlow>bw<UIGlow>01</UIGlow><UIForeground>01</UIForeground> (<UIForeground>F201FA</UIForeground><UIGlow>F201FB</UIGlow>motion<UIGlow>01</UIGlow><UIForeground>01</UIForeground>)  Führt nur die Bewegung aus. Bei fehlendem Unterbefehl wird sowohl Text angezeigt als auch die Bewegung ausgeführt.","/schmoll","",293,0
440,2,1,2,0,0,"/think","","/denk, /think
VERWENDUNG:
/denk [Unterbefehl]
→ Du hältst kurz inne und denkst nach.
>>Unterbefehl:
  <UIForeground>F201FA</UIForeground><UIGlow>F201FB</UIGlow>bw<UIGlow>01</UIGlow><UIForeground>01</UIForeground> (<UIForeground>F201FA</UIForeground><UIGlow>F201FB</UIGlow>motion<UIGlow>01</UIGlow><UIForeground>01</UIForeground>)  Führt nur die Bewegung aus. Bei fehlendem Unterbefehl wird sowohl Text angezeigt als auch die Bewegung ausgeführt.","/denk","",293,0
441,2,1,2,0,0,"/upset","","/natoll, /upset
VERWENDUNG:
/natoll [Unterbefehl]
→ Du bist sichtlich enttäuscht.
>>Unterbefehl:
  <UIForeground>F201FA</UIForeground><UIGlow>F201FB</UIGlow>bw<UIGlow>01</UIGlow><UIForeground>01</UIForeground> (<UIForeground>F201FA</UIForeground><UIGlow>F201FB</UIGlow>motion<UIGlow>01</UIGlow><UIForeground>01</UIForeground>)  Führt nur die Bewegung aus. Bei fehlendem Unterbefehl wird sowohl Text angezeigt als auch die Bewegung ausgeführt.","/natoll","",293,0
442,2,1,2,0,0,"/welcome","","/willkommen, /willk, /welcome
VERWENDUNG:
/willkommen [Unterbefehl]
→ Du machst eine einladende Geste.
>>Unterbefehl:
  <UIForeground>F201FA</UIForeground><UIGlow>F201FB</UIGlow>bw<UIGlow>01</UIGlow><UIForeground>01</UIForeground> (<UIForeground>F201FA</UIForeground><UIGlow>F201FB</UIGlow>motion<UIGlow>01</UIGlow><UIForeground>01</UIForeground>)  Führt nur die Bewegung aus. Bei fehlendem Unterbefehl wird sowohl Text angezeigt als auch die Bewegung ausgeführt.","/willkommen","/willk",293,0
443,2,1,2,0,0,"/yes","","/ja, /yes
VERWENDUNG:
/ja [Unterbefehl]
→ Du nickst zustimmend.
>>Unterbefehl:
  <UIForeground>F201FA</UIForeground><UIGlow>F201FB</UIGlow>bw<UIGlow>01</UIGlow><UIForeground>01</UIForeground> (<UIForeground>F201FA</UIForeground><UIGlow>F201FB</UIGlow>motion<UIGlow>01</UIGlow><UIForeground>01</UIForeground>)  Führt nur die Bewegung aus. Bei fehlendem Unterbefehl wird sowohl Text angezeigt als auch die Bewegung ausgeführt.","/ja","",293,0
444,2,1,2,0,0,"/thumbsup","","/daumen, /jawohl, /thumbsup
VERWENDUNG:
/daumen [Unterbefehl]
→ Du stimmst voll und ganz zu.
>>Unterbefehl:
  <UIForeground>F201FA</UIForeground><UIGlow>F201FB</UIGlow>bw<UIGlow>01</UIGlow><UIForeground>01</UIForeground> (<UIForeground>F201FA</UIForeground><UIGlow>F201FB</UIGlow>motion<UIGlow>01</UIGlow><UIForeground>01</UIForeground>)  Führt nur die Bewegung aus. Bei fehlendem Unterbefehl wird sowohl Text angezeigt als auch die Bewegung ausgeführt.","/daumen","/jawohl",293,0
445,2,1,2,0,0,"/examineself","","/selbst, /examineself
VERWENDUNG:
/selbst [Unterbefehl]
→ Du blickst dich an und präsentierst dich.
>>Unterbefehl:
  <UIForeground>F201FA</UIForeground><UIGlow>F201FB</UIGlow>bw<UIGlow>01</UIGlow><UIForeground>01</UIForeground> (<UIForeground>F201FA</UIForeground><UIGlow>F201FB</UIGlow>motion<UIGlow>01</UIGlow><UIForeground>01</UIForeground>)  Führt nur die Bewegung aus. Bei fehlendem Unterbefehl wird sowohl Text angezeigt als auch die Bewegung ausgeführt.","/selbst","",293,0
446,2,1,2,0,0,"/pose","","/pose
VERWENDUNG:
/pose [Unterbefehl]
→ Du nimmst eine Pose ein.
>>Unterbefehl:
  <UIForeground>F201FA</UIForeground><UIGlow>F201FB</UIGlow>bw<UIGlow>01</UIGlow><UIForeground>01</UIForeground> (<UIForeground>F201FA</UIForeground><UIGlow>F201FB</UIGlow>motion<UIGlow>01</UIGlow><UIForeground>01</UIForeground>)  Führt nur die Bewegung aus. Bei fehlendem Unterbefehl wird sowohl Text angezeigt als auch die Bewegung ausgeführt.","","",293,0
447,2,1,2,0,0,"/blowkiss","","/kusshand, /kuss, /blowkiss
VERWENDUNG:
/kusshand [Unterbefehl]
→ Du wirfst jemandem einen Kuss zu.
>>Unterbefehl:
  <UIForeground>F201FA</UIForeground><UIGlow>F201FB</UIGlow>bw<UIGlow>01</UIGlow><UIForeground>01</UIForeground> (<UIForeground>F201FA</UIForeground><UIGlow>F201FB</UIGlow>motion<UIGlow>01</UIGlow><UIForeground>01</UIForeground>)  Führt nur die Bewegung aus. Bei fehlendem Unterbefehl wird sowohl die Bewegung ausgeführt als auch der Text angezeigt.","/kusshand","/kuss",293,0
448,2,1,2,0,0,"/grovel","","/demut, /grovel
VERWENDUNG:
/demut [Unterbefehl]
→ Du sinkst demütig auf die Knie.
>>Unterbefehl:
  <UIForeground>F201FA</UIForeground><UIGlow>F201FB</UIGlow>bw<UIGlow>01</UIGlow><UIForeground>01</UIForeground> (<UIForeground>F201FA</UIForeground><UIGlow>F201FB</UIGlow>motion<UIGlow>01</UIGlow><UIForeground>01</UIForeground>)  Führt nur die Bewegung aus. Bei fehlendem Unterbefehl wird sowohl die Bewegung ausgeführt als auch der Text angezeigt.","/demut","",293,0
449,2,1,2,0,0,"/happy","","/juhu, /happy
VERWENDUNG:
/juhu [Unterbefehl]
→ Du verleihst deiner unbändigen Freude Ausdruck.
>>Unterbefehl:
  <UIForeground>F201FA</UIForeground><UIGlow>F201FB</UIGlow>bw<UIGlow>01</UIGlow><UIForeground>01</UIForeground> (<UIForeground>F201FA</UIForeground><UIGlow>F201FB</UIGlow>motion<UIGlow>01</UIGlow><UIForeground>01</UIForeground>)  Führt nur die Bewegung aus. Bei fehlendem Unterbefehl wird sowohl die Bewegung ausgeführt als auch der Text angezeigt.","/juhu","",293,0
450,2,1,2,0,0,"/disappointed","","/allesaus, /disappointed
VERWENDUNG:
/allesaus [Unterbefehl]
→ Du bist am Boden zerstört.
 >>Unterbefehl:
  <UIForeground>F201FA</UIForeground><UIGlow>F201FB</UIGlow>bw<UIGlow>01</UIGlow><UIForeground>01</UIForeground> (<UIForeground>F201FA</UIForeground><UIGlow>F201FB</UIGlow>motion<UIGlow>01</UIGlow><UIForeground>01</UIForeground>)  Führt nur die Bewegung aus. Bei fehlendem Unterbefehl wird sowohl die Bewegung ausgeführt als auch der Text angezeigt.","/allesaus","",293,0
451,1,0,0,0,0,"/lounge","/sit","/sitz, /sit, /lounge
→ Wechselt zwischen Sitzen und Stehen. Manche Emotes sind im Sitzen anders als im Stehen. Man kann sich auch auf Stühle setzen.","/sitz","/lounge",37,0
452,0,0,0,0,0,"","","","","",0,0
453,1,0,0,0,0,"/groundsit","","/bodensitz, /groundsit
→ Lässt deinen Charakter auf dem Boden Platz nehmen. Wenn er bereits sitzt, steht er auf. Manche Emotes sind beim Sitzen auf dem Boden anders als im Stehen.","/bodensitz","",37,0
454,0,0,0,0,0,"","","","","",0,0
455,2,1,2,0,0,"/airquotes","","/sogenannt, /sog, /airquotes
→ Signalisiert mit den Fingern Anführungszeichen, um Ironie, Betonung usw. auszudrücken. Es wird kein Text zur Bewegung angezeigt. ","/sogenannt","/sog",293,0
456,2,1,2,0,0,"/gcsalute","","/gsalut, /gcsalute
VERWENDUNG:
/gsalut [Unterbefehl]
→ Du führst den typischen Salut des Mahlstroms aus.
>>Unterbefehl:
  <UIForeground>F201FA</UIForeground><UIGlow>F201FB</UIGlow>bw<UIGlow>01</UIGlow><UIForeground>01</UIForeground> (<UIForeground>F201FA</UIForeground><UIGlow>F201FB</UIGlow>motion<UIGlow>01</UIGlow><UIForeground>01</UIForeground>)  Führt nur die Bewegung aus. Bei fehlendem Unterbefehl wird sowohl die Bewegung ausgeführt als auch der Text angezeigt.","/gsalut","",293,0
457,2,1,2,0,0,"/gcsalute","","/gsalut, /gcsalute
VERWENDUNG:
/gsalut [Unterbefehl]
 → Du führst den typischen Salut der Bruderschaft der Morgenviper aus.
 >>Unterbefehl:
 <UIForeground>F201FA</UIForeground><UIGlow>F201FB</UIGlow>bw<UIGlow>01</UIGlow><UIForeground>01</UIForeground> (<UIForeground>F201FA</UIForeground><UIGlow>F201FB</UIGlow>motion<UIGlow>01</UIGlow><UIForeground>01</UIForeground>) Führt nur die Bewegung aus. 
Bei fehlendem Unterbefehl wird sowohl die Bewegung ausgeführt als auch der Text angezeigt.","/gsalut","",293,0
458,2,1,2,0,0,"/gcsalute","","/gsalut, /gcsalute
VERWENDUNG:
/gsalut [Unterbefehl]
→ Du führst den typischen Salut der Legion der Unsterblichen aus.
>>Unterbefehl:
  <UIForeground>F201FA</UIForeground><UIGlow>F201FB</UIGlow>bw<UIGlow>01</UIGlow><UIForeground>01</UIForeground> (<UIForeground>F201FA</UIForeground><UIGlow>F201FB</UIGlow>motion<UIGlow>01</UIGlow><UIForeground>01</UIForeground>)  Führt nur die Bewegung aus. Bei fehlendem Unterbefehl wird sowohl die Bewegung ausgeführt als auch der Text angezeigt.","/gsalut","",293,0
459,2,1,2,0,0,"/pray","","/beten, /pray
VERWENDUNG:
/beten [Unterbefehl]
→ Du betest.
>>Unterbefehl:
  <UIForeground>F201FA</UIForeground><UIGlow>F201FB</UIGlow>bw<UIGlow>01</UIGlow><UIForeground>01</UIForeground> (<UIForeground>F201FA</UIForeground><UIGlow>F201FB</UIGlow>motion<UIGlow>01</UIGlow><UIForeground>01</UIForeground>)  Führt nur die Bewegung aus. Bei fehlendem Unterbefehl wird sowohl die Bewegung ausgeführt als auch der Text angezeigt.","/beten","",293,0
460,2,1,2,0,0,"/imperialsalute","","/garsalut, /imperialsalute
VERWENDUNG:
/garsalut [Unterbefehl]
→ Du führst den typischen Salut der Soldaten des Garleischen Kaiserreichs aus.
>>Unterbefehl:
  <UIForeground>F201FA</UIForeground><UIGlow>F201FB</UIGlow>bw<UIGlow>01</UIGlow><UIForeground>01</UIForeground> (<UIForeground>F201FA</UIForeground><UIGlow>F201FB</UIGlow>motion<UIGlow>01</UIGlow><UIForeground>01</UIForeground>)  Führt nur die Bewegung aus. Bei fehlendem Unterbefehl wird sowohl die Bewegung ausgeführt als auch der Text angezeigt.","/garsalut","",293,0
461,2,1,2,0,0,"/visor","","/visier, /visor
→ Du öffnest/schließt dein Helmvisier bzw. schaltest Leuchteffekte deiner Ausrüstung am Kopf an/aus. Es wird kein Text zur Bewegung angezeigt.","/visier","",301,0
462,0,0,0,0,0,"","","","","",0,0
463,2,1,2,0,0,"/megaflare","","/megaflare, /mega
VERWENDUNG:
/megaflare [Unterbefehl]
→ Du schleuderst ein Megaflare in die Gegend. Es zeigt keine Wirkung.
>>Unterbefehl:
  <UIForeground>F201FA</UIForeground><UIGlow>F201FB</UIGlow>bw<UIGlow>01</UIGlow><UIForeground>01</UIForeground> (<UIForeground>F201FA</UIForeground><UIGlow>F201FB</UIGlow>motion<UIGlow>01</UIGlow><UIForeground>01</UIForeground>)  Führt nur die Bewegung aus. Bei fehlendem Unterbefehl wird sowohl die Bewegung ausgeführt als auch der Text angezeigt. ","/megaflare","/mega",293,0
464,2,1,2,0,0,"/crimsonlotus","","/purpurlotos, /purpur
VERWENDUNG:
/purpurlotos [Unterbefehl]
→ Du führst eine Kampfkunstchoreographie aus dem Fernen Osten auf.
>>Unterbefehl:
  <UIForeground>F201FA</UIForeground><UIGlow>F201FB</UIGlow>bw<UIGlow>01</UIGlow><UIForeground>01</UIForeground> (<UIForeground>F201FA</UIForeground><UIGlow>F201FB</UIGlow>motion<UIGlow>01</UIGlow><UIForeground>01</UIForeground>)  Führt nur die Bewegung aus. Bei fehlendem Unterbefehl wird sowohl die Bewegung ausgeführt als auch der Text angezeigt. ","/purpurlotos","/purpur",293,0
465,2,1,2,0,0,"/charmed","","/betört, /charmed
VERWENDUNG:
/betört [Unterbefehl]
→ Du verfällst einer lockenden Umarmung.
>>Unterbefehl:
  <UIForeground>F201FA</UIForeground><UIGlow>F201FB</UIGlow>bw<UIGlow>01</UIGlow><UIForeground>01</UIForeground> (<UIForeground>F201FA</UIForeground><UIGlow>F201FB</UIGlow>motion<UIGlow>01</UIGlow><UIForeground>01</UIForeground>)  Führt nur die Bewegung aus. Bei fehlendem Unterbefehl wird sowohl die Bewegung ausgeführt als auch der Text angezeigt. ","/betört","",293,0
466,2,1,2,0,0,"/cheeronblue","/cheerob","/anwippblau, /wippblau, /cheerob
VERWENDUNG:
/anwippblau [Unterbefehl]
→ Du feuerst wippend mit blau schimmernden Leuchtstäben an.
>>Unterbefehl:
  <UIForeground>F201FA</UIForeground><UIGlow>F201FB</UIGlow>bw<UIGlow>01</UIGlow><UIForeground>01</UIForeground> (<UIForeground>F201FA</UIForeground><UIGlow>F201FB</UIGlow>motion<UIGlow>01</UIGlow><UIForeground>01</UIForeground>)  Führt nur die Bewegung aus. Bei fehlendem Unterbefehl wird sowohl die Bewegung ausgeführt als auch der Text angezeigt. ","/anwippblau","/wippblau",293,0
467,2,1,2,0,0,"/cheerwaveyellow","/cheerwy","/anschwenkgelb, /schwenkgelb, /cheerwy
VERWENDUNG:
/anschwenkgelb [Unterbefehl]
→ Du feuerst schwenkend mit gelb schimmernden Leuchtstäben an.
>>Unterbefehl:
  <UIForeground>F201FA</UIForeground><UIGlow>F201FB</UIGlow>bw<UIGlow>01</UIGlow><UIForeground>01</UIForeground> (<UIForeground>F201FA</UIForeground><UIGlow>F201FB</UIGlow>motion<UIGlow>01</UIGlow><UIForeground>01</UIForeground>)  Führt nur die Bewegung aus. Bei fehlendem Unterbefehl wird sowohl die Bewegung ausgeführt als auch der Text angezeigt. ","/anschwenkgelb","/schwenkgelb",293,0
468,2,1,2,0,0,"/cheerjumpred","/cheerjr","/anhüpfrot, /hüpfrot, /cheerjr
VERWENDUNG:
/anhüpfrot [Unterbefehl]
→ Du feuerst hüpfend mit rot schimmernden Leuchtstäben an.
>>Unterbefehl:
  <UIForeground>F201FA</UIForeground><UIGlow>F201FB</UIGlow>bw<UIGlow>01</UIGlow><UIForeground>01</UIForeground> (<UIForeground>F201FA</UIForeground><UIGlow>F201FB</UIGlow>motion<UIGlow>01</UIGlow><UIForeground>01</UIForeground>)  Führt nur die Bewegung aus. Bei fehlendem Unterbefehl wird sowohl die Bewegung ausgeführt als auch der Text angezeigt. ","/anhüpfrot","/hüpfrot",293,0
469,2,1,2,0,0,"/straightface","/straight","/neutral, /straightface, /straight
VERWENDUNG:
/neutral [Unterbefehl]
→ Du kehrst zu einem normalen Ge<SoftHyphen/>sichts<SoftHyphen/>aus<SoftHyphen/>druck zurück.
>>Unterbefehl:
  <UIForeground>F201FA</UIForeground><UIGlow>F201FB</UIGlow>bw<UIGlow>01</UIGlow><UIForeground>01</UIForeground> (<UIForeground>F201FA</UIForeground><UIGlow>F201FB</UIGlow>motion<UIGlow>01</UIGlow><UIForeground>01</UIForeground>)   Führt nur die Bewegung aus. Bei fehlendem Unterbefehl wird sowohl die Bewegung ausgeführt als auch der Text angezeigt.","/neutral","",293,0
470,2,1,2,0,0,"/smile","","/lächel, /smile
VERWENDUNG:
/lächel [Unterbefehl]
→ Du lächelst.
 >>Unterbefehl:
  <UIForeground>F201FA</UIForeground><UIGlow>F201FB</UIGlow>bw<UIGlow>01</UIGlow><UIForeground>01</UIForeground> (<UIForeground>F201FA</UIForeground><UIGlow>F201FB</UIGlow>motion<UIGlow>01</UIGlow><UIForeground>01</UIForeground>)  Führt nur die Bewegung aus. Bei fehlendem Unterbefehl wird sowohl die Bewegung ausgeführt als auch der Text angezeigt. Kehrt nach 5 Sekunden zum neutralen Ge<SoftHyphen/>sichts<SoftHyphen/>aus<SoftHyphen/>druck zurück.","/lächel","",293,0
471,2,1,2,0,0,"/grin","","/grins, /grin
VERWENDUNG:
/grins [Unterbefehl]
→ Du grinst.
 >>Unterbefehl:
  <UIForeground>F201FA</UIForeground><UIGlow>F201FB</UIGlow>bw<UIGlow>01</UIGlow><UIForeground>01</UIForeground> (<UIForeground>F201FA</UIForeground><UIGlow>F201FB</UIGlow>motion<UIGlow>01</UIGlow><UIForeground>01</UIForeground>)  Führt nur die Bewegung aus. Bei fehlendem Unterbefehl wird sowohl die Bewegung ausgeführt als auch der Text angezeigt. Kehrt nach 5 Sekunden zum neutralen Ge<SoftHyphen/>sichts<SoftHyphen/>aus<SoftHyphen/>druck zurück.","/grins","",293,0
472,2,1,2,0,0,"/smirk","","/zuversicht, /smirk
VERWENDUNG:
/zuversicht [Unterbefehl]
→ Du schaust zuversichtlich.
>>Unterbefehl:
  <UIForeground>F201FA</UIForeground><UIGlow>F201FB</UIGlow>bw<UIGlow>01</UIGlow><UIForeground>01</UIForeground> (<UIForeground>F201FA</UIForeground><UIGlow>F201FB</UIGlow>motion<UIGlow>01</UIGlow><UIForeground>01</UIForeground>)  Führt nur die Bewegung aus. Bei fehlendem Unterbefehl wird sowohl die Bewegung ausgeführt als auch der Text angezeigt. Kehrt nach 5 Sekunden zum neutralen Ge<SoftHyphen/>sichts<SoftHyphen/>aus<SoftHyphen/>druck zurück.","/zuversicht","",293,0
473,2,1,2,0,0,"/taunt","","/siegessicher, /taunt
VERWENDUNG:
/siegessicher [Unterbefehl]
→ Du schaust siegessicher.
 >>Unterbefehl:
  <UIForeground>F201FA</UIForeground><UIGlow>F201FB</UIGlow>bw<UIGlow>01</UIGlow><UIForeground>01</UIForeground> (<UIForeground>F201FA</UIForeground><UIGlow>F201FB</UIGlow>motion<UIGlow>01</UIGlow><UIForeground>01</UIForeground>)  Führt nur die Bewegung aus. Bei fehlendem Unterbefehl wird sowohl die Bewegung ausgeführt als auch der Text angezeigt. Kehrt nach 5 Sekunden zum neutralen Ge<SoftHyphen/>sichts<SoftHyphen/>aus<SoftHyphen/>druck zurück.","/siegessicher","",293,0
474,2,1,2,0,0,"/shuteyes","/shut","/augenzu, /shuteyes, /shut
VERWENDUNG:
/augenzu [Unterbefehl]
→ Du schließt die Augen.
 >>Unterbefehl:
  <UIForeground>F201FA</UIForeground><UIGlow>F201FB</UIGlow>bw<UIGlow>01</UIGlow><UIForeground>01</UIForeground> (<UIForeground>F201FA</UIForeground><UIGlow>F201FB</UIGlow>motion<UIGlow>01</UIGlow><UIForeground>01</UIForeground>)  Führt nur die Bewegung aus. Bei fehlendem Unterbefehl wird sowohl die Bewegung ausgeführt als auch der Text angezeigt. Kehrt nach 5 Sekunden zum neutralen Ge<SoftHyphen/>sichts<SoftHyphen/>aus<SoftHyphen/>druck zurück.","/augenzu","",293,0
475,2,1,2,0,0,"/sad","","/traurig, /sad
VERWENDUNG:
/traurig [Unterbefehl]
→ Du schaust traurig.
 >>Unterbefehl:
  <UIForeground>F201FA</UIForeground><UIGlow>F201FB</UIGlow>bw<UIGlow>01</UIGlow><UIForeground>01</UIForeground> (<UIForeground>F201FA</UIForeground><UIGlow>F201FB</UIGlow>motion<UIGlow>01</UIGlow><UIForeground>01</UIForeground>)  Führt nur die Bewegung aus. Bei fehlendem Unterbefehl wird sowohl die Bewegung ausgeführt als auch der Text angezeigt. Kehrt nach 5 Sekunden zum neutralen Ge<SoftHyphen/>sichts<SoftHyphen/>aus<SoftHyphen/>druck zurück.","/traurig","",293,0
476,2,1,2,0,0,"/scared","/fear","/ängst, /fear
VERWENDUNG:
/ängst [Unterbefehl]
→ Du schaust ängstlich.
 >>Unterbefehl:
  <UIForeground>F201FA</UIForeground><UIGlow>F201FB</UIGlow>bw<UIGlow>01</UIGlow><UIForeground>01</UIForeground> (<UIForeground>F201FA</UIForeground><UIGlow>F201FB</UIGlow>motion<UIGlow>01</UIGlow><UIForeground>01</UIForeground>)  Führt nur die Bewegung aus. Bei fehlendem Unterbefehl wird sowohl die Bewegung ausgeführt als auch der Text angezeigt. Kehrt nach 5 Sekunden zum neutralen Ge<SoftHyphen/>sichts<SoftHyphen/>aus<SoftHyphen/>druck zurück.","/ängst","",293,0
477,2,1,2,0,0,"/amazed","/awe","/sprachlos, /amazed, /awe
VERWENDUNG:
/sprachlos [Unterbefehl]
→ Du bist sprachlos.
 >>Unterbefehl:
  <UIForeground>F201FA</UIForeground><UIGlow>F201FB</UIGlow>bw<UIGlow>01</UIGlow><UIForeground>01</UIForeground> (<UIForeground>F201FA</UIForeground><UIGlow>F201FB</UIGlow>motion<UIGlow>01</UIGlow><UIForeground>01</UIForeground>)  Führt nur die Bewegung aus. Bei fehlendem Unterbefehl wird sowohl die Bewegung ausgeführt als auch der Text angezeigt. Kehrt nach 5 Sekunden zum neutralen Ge<SoftHyphen/>sichts<SoftHyphen/>aus<SoftHyphen/>druck zurück.","/sprachlos","",293,0
478,2,1,2,0,0,"/ouch","/ow","/schmerz, /ouch, /ow
VERWENDUNG:
/schmerz [Unterbefehl]
→ Du schaust schmerzerfüllt.
 >>Unterbefehl:
  <UIForeground>F201FA</UIForeground><UIGlow>F201FB</UIGlow>bw<UIGlow>01</UIGlow><UIForeground>01</UIForeground> (<UIForeground>F201FA</UIForeground><UIGlow>F201FB</UIGlow>motion<UIGlow>01</UIGlow><UIForeground>01</UIForeground>)  Führt nur die Bewegung aus. Bei fehlendem Unterbefehl wird sowohl die Bewegung ausgeführt als auch der Text angezeigt. Kehrt nach 5 Sekunden zum neutralen Ge<SoftHyphen/>sichts<SoftHyphen/>aus<SoftHyphen/>druck zurück.","/schmerz","",293,0
479,2,1,2,0,0,"/annoyed","/annoy","/genervt, /nerv, /annoyed
VERWENDUNG:
/nerv [Unterbefehl]
→ Du schaust genervt.
 >>Unterbefehl:
  <UIForeground>F201FA</UIForeground><UIGlow>F201FB</UIGlow>bw<UIGlow>01</UIGlow><UIForeground>01</UIForeground> (<UIForeground>F201FA</UIForeground><UIGlow>F201FB</UIGlow>motion<UIGlow>01</UIGlow><UIForeground>01</UIForeground>)  Führt nur die Bewegung aus. Bei fehlendem Unterbefehl wird sowohl die Bewegung ausgeführt als auch der Text angezeigt. Kehrt nach 5 Sekunden zum neutralen Ge<SoftHyphen/>sichts<SoftHyphen/>aus<SoftHyphen/>druck zurück.","/genervt","/nerv",293,0
480,2,1,2,0,0,"/alert","","/alarmiert, /alert
VERWENDUNG:
/alarmiert [Unterbefehl]
→ Du blickst alarmiert auf.
 >>Unterbefehl:
  <UIForeground>F201FA</UIForeground><UIGlow>F201FB</UIGlow>bw<UIGlow>01</UIGlow><UIForeground>01</UIForeground> (<UIForeground>F201FA</UIForeground><UIGlow>F201FB</UIGlow>motion<UIGlow>01</UIGlow><UIForeground>01</UIForeground>)  Führt nur die Bewegung aus. Bei fehlendem Unterbefehl wird sowohl die Bewegung ausgeführt als auch der Text angezeigt. Kehrt nach 5 Sekunden zum neutralen Ge<SoftHyphen/>sichts<SoftHyphen/>aus<SoftHyphen/>druck zurück.","/alarmiert","",293,0
481,2,1,2,0,0,"/worried","/worry","/besorgt, /worried, /worry
VERWENDUNG:
/besorgt [Unterbefehl]
→ Du blickst besorgt.
 >>Unterbefehl:
  <UIForeground>F201FA</UIForeground><UIGlow>F201FB</UIGlow>bw<UIGlow>01</UIGlow><UIForeground>01</UIForeground> (<UIForeground>F201FA</UIForeground><UIGlow>F201FB</UIGlow>motion<UIGlow>01</UIGlow><UIForeground>01</UIForeground>)  Führt nur die Bewegung aus. Bei fehlendem Unterbefehl wird sowohl die Bewegung ausgeführt als auch der Text angezeigt. Kehrt nach 5 Sekunden zum neutralen Ge<SoftHyphen/>sichts<SoftHyphen/>aus<SoftHyphen/>druck zurück.","/besorgt","",293,0
482,2,1,2,0,0,"/biggrin","","/feistgrinsen, /feist /biggrin
VERWENDUNG:
/feistgrinsen [Unterbefehl]
→ Du zeigst der Welt ein feistes Grinsen.
 >>Unterbefehl:
  <UIForeground>F201FA</UIForeground><UIGlow>F201FB</UIGlow>bw<UIGlow>01</UIGlow><UIForeground>01</UIForeground> (<UIForeground>F201FA</UIForeground><UIGlow>F201FB</UIGlow>motion<UIGlow>01</UIGlow><UIForeground>01</UIForeground>)  Führt nur die Bewegung aus. Bei fehlendem Unterbefehl wird sowohl die Bewegung ausgeführt als auch der Text angezeigt. Kehrt nach 5 Sekunden zum neutralen Ge<SoftHyphen/>sichts<SoftHyphen/>aus<SoftHyphen/>druck zurück.","/feistgrinsen","/feist",293,0
483,2,1,2,0,0,"/reflect","","/einkehr, /reflect
VERWENDUNG:
/einkehr [Unterbefehl]
→ Du kehrst dich für einen Moment deinem Inneren zu.
 >>Unterbefehl:
  <UIForeground>F201FA</UIForeground><UIGlow>F201FB</UIGlow>bw<UIGlow>01</UIGlow><UIForeground>01</UIForeground> (<UIForeground>F201FA</UIForeground><UIGlow>F201FB</UIGlow>motion<UIGlow>01</UIGlow><UIForeground>01</UIForeground>)  Führt nur die Bewegung aus. Bei fehlendem Unterbefehl wird sowohl die Bewegung ausgeführt als auch der Text angezeigt. Kehrt nach 5 Sekunden zum neutralen Ge<SoftHyphen/>sichts<SoftHyphen/>aus<SoftHyphen/>druck zurück.","/einkehr","",293,0
484,2,1,2,0,0,"/furrow","","/augenbrauen, /brauen, /furrow
VERWENDUNG:
/augenbrauen [Unterbefehl]
→ Du ziehst deine Augenbrauen zusammen.
 >>Unterbefehl:
  <UIForeground>F201FA</UIForeground><UIGlow>F201FB</UIGlow>bw<UIGlow>01</UIGlow><UIForeground>01</UIForeground> (<UIForeground>F201FA</UIForeground><UIGlow>F201FB</UIGlow>motion<UIGlow>01</UIGlow><UIForeground>01</UIForeground>)  Führt nur die Bewegung aus. Bei fehlendem Unterbefehl wird sowohl die Bewegung ausgeführt als auch der Text angezeigt. Kehrt nach 5 Sekunden zum neutralen Ge<SoftHyphen/>sichts<SoftHyphen/>aus<SoftHyphen/>druck zurück.","/augenbrauen","/brauen",293,0
485,2,1,2,0,0,"/scoff","","/überheblich, /scoff
VERWENDUNG:
/überheblich [Unterbefehl]
→ Du lächelst überheblich.
 >>Unterbefehl:
  <UIForeground>F201FA</UIForeground><UIGlow>F201FB</UIGlow>bw<UIGlow>01</UIGlow><UIForeground>01</UIForeground> (<UIForeground>F201FA</UIForeground><UIGlow>F201FB</UIGlow>motion<UIGlow>01</UIGlow><UIForeground>01</UIForeground>)  Führt nur die Bewegung aus. Bei fehlendem Unterbefehl wird sowohl die Bewegung ausgeführt als auch der Text angezeigt. Kehrt nach 5 Sekunden zum neutralen Ge<SoftHyphen/>sichts<SoftHyphen/>aus<SoftHyphen/>druck zurück.","/überheblich","",293,0
486,2,1,2,0,0,"/throw","","/werfen, /throw
VERWENDUNG:
/werfen [Unterbefehl]
→ Du wirfst ein Objekt.
>>Unterbefehl:
  <UIForeground>F201FA</UIForeground><UIGlow>F201FB</UIGlow>bw<UIGlow>01</UIGlow><UIForeground>01</UIForeground> (<UIForeground>F201FA</UIForeground><UIGlow>F201FB</UIGlow>motion<UIGlow>01</UIGlow><UIForeground>01</UIForeground>)  Führt nur die Bewegung aus. Bei fehlendem Unterbefehl wird sowohl die Bewegung ausgeführt als auch der Text angezeigt.","/werfen","",293,0
487,0,0,0,0,0,"","","","","",0,0
488,0,0,0,0,0,"","","","","",0,0
489,0,0,0,0,0,"","","","","",0,0
490,0,0,0,0,0,"","","","","",0,0
491,2,1,2,0,0,"/changepose","/cpose","/pose2, /changepose, /cpose
→ Du nimmst die nächste Pose deiner üblichen Haltungen bei Untätigkeit ein. Es wird kein Text zur Bewegung angezeigt.","/pose2","",37,0
492,0,0,0,0,0,"","","","","",0,0
493,0,0,0,0,0,"","","","","",0,0
494,0,0,0,0,0,"","","","","",0,0
495,0,0,0,0,0,"","","","","",0,0
496,0,0,0,0,0,"","","","","",0,0
497,0,0,0,0,0,"","","","","",0,0
498,0,0,0,0,0,"","","","","",0,0
499,0,0,0,0,0,"","","","","",0,0
500,0,0,0,0,0,"","","","","",0,0
501,0,0,0,0,0,"","","","","",0,0
502,2,1,2,0,0,"/stepdance","/sdance","/stepptanz, /stanz, /stepdance, /sdance
VERWENDUNG:
/stanz [Unterbefehl]
→ Du legst einen Stepptanz aufs Parkett.
>>Unterbefehl:
  <UIForeground>F201FA</UIForeground><UIGlow>F201FB</UIGlow>bw<UIGlow>01</UIGlow><UIForeground>01</UIForeground> (<UIForeground>F201FA</UIForeground><UIGlow>F201FB</UIGlow>motion<UIGlow>01</UIGlow><UIForeground>01</UIForeground>)  Führt nur die Bewegung aus. Bei fehlendem Unterbefehl wird sowohl die Bewegung ausgeführt als auch der Text angezeigt.","/stepptanz","/stanz",293,0
503,2,1,2,0,0,"/harvestdance","/hdance","/frtanz, /fruchttanz, /harvestdance, /hdance
VERWENDUNG:
/frtanz [Unterbefehl]
→ Du tanzt den Fruchtbarkeitstanz.
>>Unterbefehl:
  <UIForeground>F201FA</UIForeground><UIGlow>F201FB</UIGlow>bw<UIGlow>01</UIGlow><UIForeground>01</UIForeground> (<UIForeground>F201FA</UIForeground><UIGlow>F201FB</UIGlow>motion<UIGlow>01</UIGlow><UIForeground>01</UIForeground>)  Führt nur die Bewegung aus. Bei fehlendem Unterbefehl wird sowohl die Bewegung ausgeführt als auch der Text angezeigt.","/fruchttanz","/frtanz",293,0
504,2,1,2,0,0,"/balldance","/bdance","/htanz, /höflingstanz, /balldance, /bdance
VERWENDUNG:
/htanz [Unterbefehl]
→ Du zeigst den Tanz der Höflinge.
>>Unterbefehl:
  <UIForeground>F201FA</UIForeground><UIGlow>F201FB</UIGlow>bw<UIGlow>01</UIGlow><UIForeground>01</UIForeground> (<UIForeground>F201FA</UIForeground><UIGlow>F201FB</UIGlow>motion<UIGlow>01</UIGlow><UIForeground>01</UIForeground>)  Führt nur die Bewegung aus. Bei fehlendem Unterbefehl wird sowohl die Bewegung ausgeführt als auch der Text angezeigt.","/höflingstanz","/htanz",293,0
505,2,1,2,0,0,"/mandervilledance","/mdance","/chtanz, /chevalierstanz, /mandervilledance, /mdance
VERWENDUNG:
/chtanz [Unterbefehl]
→ Du tanzt den mandervilleschen Chevalierstanz.
>>Unterbefehl:
  <UIForeground>F201FA</UIForeground><UIGlow>F201FB</UIGlow>bw<UIGlow>01</UIGlow><UIForeground>01</UIForeground> (<UIForeground>F201FA</UIForeground><UIGlow>F201FB</UIGlow>motion<UIGlow>01</UIGlow><UIForeground>01</UIForeground>)  Führt nur die Bewegung aus. Bei fehlendem Unterbefehl wird sowohl die Bewegung ausgeführt als auch der Text angezeigt.","/chevalierstanz","/chtanz",293,0
506,2,1,2,0,0,"/stroke","","/streicheln, /stroke, /pet
 → Du streichelst dein Gegenüber.
VERWENDUNG:
/streicheln [Unterbefehl]
>>Unterbefehl:
  <UIForeground>F201FA</UIForeground><UIGlow>F201FB</UIGlow>bw<UIGlow>01</UIGlow><UIForeground>01</UIForeground> (<UIForeground>F201FA</UIForeground><UIGlow>F201FB</UIGlow>motion<UIGlow>01</UIGlow><UIForeground>01</UIForeground>)  Führt nur die Bewegung aus. Bei fehlendem Unterbefehl wird sowohl die Bewegung ausgeführt als auch der Text angezeigt.","/streicheln","/pet",293,0
507,2,1,2,0,0,"/handover","","/übergeben, /geben, /handover
VERWENDUNG:
/geben [Unterbefehl]
→ Du übergibst etwas.
>>Unterbefehl:
  <UIForeground>F201FA</UIForeground><UIGlow>F201FB</UIGlow>bw<UIGlow>01</UIGlow><UIForeground>01</UIForeground> (<UIForeground>F201FA</UIForeground><UIGlow>F201FB</UIGlow>motion<UIGlow>01</UIGlow><UIForeground>01</UIForeground>)  Führt nur die Bewegung aus. Bei fehlendem Unterbefehl wird sowohl die Bewegung ausgeführt als auch der Text angezeigt.","/übergeben","/geben",293,0
508,0,0,0,0,0,"","","","","",0,0
509,0,0,0,0,0,"","","","","",0,0
510,2,1,2,0,0,"/bombdance","","/feuertanz, /ftanz, /bombdance
VERWENDUNG:
/ftanz [Unterbefehl]
→ Du tanzt den Feuertanz.
>>Unterbefehl:
  <UIForeground>F201FA</UIForeground><UIGlow>F201FB</UIGlow>bw<UIGlow>01</UIGlow><UIForeground>01</UIForeground> (<UIForeground>F201FA</UIForeground><UIGlow>F201FB</UIGlow>motion<UIGlow>01</UIGlow><UIForeground>01</UIForeground>)  Führt nur die Bewegung aus. Bei fehlendem Unterbefehl wird sowohl die Bewegung ausgeführt als auch der Text angezeigt.","/feuertanz","/ftanz",293,0
511,2,1,2,0,0,"/hurray","","/hurra, /hurray
VERWENDUNG:
/hurra [Unterbefehl]
→ Du stößt einen Triumphschrei aus.
>>Unterbefehl:
  <UIForeground>F201FA</UIForeground><UIGlow>F201FB</UIGlow>bw<UIGlow>01</UIGlow><UIForeground>01</UIForeground> (<UIForeground>F201FA</UIForeground><UIGlow>F201FB</UIGlow>motion<UIGlow>01</UIGlow><UIForeground>01</UIForeground>)  Führt nur die Bewegung aus. Bei fehlendem Unterbefehl wird sowohl die Bewegung ausgeführt als auch der Text angezeigt.","/hurra","",293,0
512,2,1,2,0,0,"/slap","","/schlag, /slap
VERWENDUNG:
/schlag [Unterbefehl]
→ Du teilst eine Ohrfeige aus.
>>Unterbefehl:
  <UIForeground>F201FA</UIForeground><UIGlow>F201FB</UIGlow>bw<UIGlow>01</UIGlow><UIForeground>01</UIForeground> (<UIForeground>F201FA</UIForeground><UIGlow>F201FB</UIGlow>motion<UIGlow>01</UIGlow><UIForeground>01</UIForeground>)  Führt nur die Bewegung aus. Bei fehlendem Unterbefehl wird sowohl die Bewegung ausgeführt als auch der Text angezeigt.","/schlag","",293,0
513,2,1,2,0,0,"/hug","","/umarmen, /arm, /hug
VERWENDUNG:
/arm [Unterbefehl]
→ Du umarmst dein Gegenüber.
>>Unterbefehl:
  <UIForeground>F201FA</UIForeground><UIGlow>F201FB</UIGlow>bw<UIGlow>01</UIGlow><UIForeground>01</UIForeground> (<UIForeground>F201FA</UIForeground><UIGlow>F201FB</UIGlow>motion<UIGlow>01</UIGlow><UIForeground>01</UIForeground>)  Führt nur die Bewegung aus. Bei fehlendem Unterbefehl wird sowohl die Bewegung ausgeführt als auch der Text angezeigt.","/umarmen","/arm",293,0
514,2,1,2,0,0,"/embrace","","/herz, /embrace
VERWENDUNG:
/herz [Unterbefehl]
→ Du drückst dein Gegenüber liebevoll an dein Herz.
>>Unterbefehl:
  <UIForeground>F201FA</UIForeground><UIGlow>F201FB</UIGlow>bw<UIGlow>01</UIGlow><UIForeground>01</UIForeground> (<UIForeground>F201FA</UIForeground><UIGlow>F201FB</UIGlow>motion<UIGlow>01</UIGlow><UIForeground>01</UIForeground>)  Führt nur die Bewegung aus. Bei fehlendem Unterbefehl wird sowohl die Bewegung ausgeführt als auch der Text angezeigt.","/herz","",293,0
515,2,1,2,0,0,"/hildibrand","/hildy","/hildibrand, /hildi, /hildy
VERWENDUNG:
/hildi [Unterbefehl]
→ Du posierst wie ein wahrer Ehrenmann.
>>Unterbefehl:
  <UIForeground>F201FA</UIForeground><UIGlow>F201FB</UIGlow>bw<UIGlow>01</UIGlow><UIForeground>01</UIForeground> (<UIForeground>F201FA</UIForeground><UIGlow>F201FB</UIGlow>motion<UIGlow>01</UIGlow><UIForeground>01</UIForeground>)  Führt nur die Bewegung aus. Bei fehlendem Unterbefehl wird sowohl die Bewegung ausgeführt
als auch der Text angezeigt.","/hildibrand","/hildi",293,0
516,2,1,2,0,0,"/fistbump","/fist","/faustgruß, /faust, /fistbump, /fist
VERWENDUNG:
/faust [Unterbefehl]
→ Du streckst jemandem die Faust zur Begrüßung entgegen.
>>Unterbefehl:
  <UIForeground>F201FA</UIForeground><UIGlow>F201FB</UIGlow>bw<UIGlow>01</UIGlow><UIForeground>01</UIForeground> (<UIForeground>F201FA</UIForeground><UIGlow>F201FB</UIGlow>motion<UIGlow>01</UIGlow><UIForeground>01</UIForeground>)  Führt nur die Bewegung aus. Bei fehlendem Unterbefehl wird sowohl die Bewegung ausgeführt als auch der Text angezeigt.","/faustgruß","/faust",293,0
517,0,0,0,0,0,"","","","","",0,0
518,0,0,0,0,0,"","","","","",0,0
519,2,1,2,0,0,"/thavdance","/tdance","/thavnairtanz, /ttanz, /thavdance, /tdance
VERWENDUNG:
/ttanz [Unterbefehl]
→ Du tanzt den Thavnair-Tanz.
>>Unterbefehl:
  <UIForeground>F201FA</UIForeground><UIGlow>F201FB</UIGlow>bw<UIGlow>01</UIGlow><UIForeground>01</UIForeground> (<UIForeground>F201FA</UIForeground><UIGlow>F201FB</UIGlow>motion<UIGlow>01</UIGlow><UIForeground>01</UIForeground>)  Führt nur die Bewegung aus. Bei fehlendem Unterbefehl wird sowohl die Bewegung ausgeführt als auch der Text angezeigt.","/thavnairtanz","/ttanz",293,0
520,2,1,2,0,0,"/golddance","/gdance","/goldtanz, /gtanz, /golddance, /gdance
VERWENDUNG:
/gtanz [Unterbefehl]
→ Du tanzt den Goldtanz.
>>Unterbefehl:
  <UIForeground>F201FA</UIForeground><UIGlow>F201FB</UIGlow>bw<UIGlow>01</UIGlow><UIForeground>01</UIForeground> (<UIForeground>F201FA</UIForeground><UIGlow>F201FB</UIGlow>motion<UIGlow>01</UIGlow><UIForeground>01</UIForeground>)   Führt nur die Bewegung aus. Bei fehlendem Unterbefehl wird sowohl die Bewegung ausgeführt als auch der Text angezeigt.","/goldtanz","/gtanz",293,0
521,2,1,2,0,0,"/sundance","","/sonnentanz, /sundance
VERWENDUNG:
/sonnentanz [Unterbefehl]
→ Du tanzt den Sonnentanz.
>>Unterbefehl:
  <UIForeground>F201FA</UIForeground><UIGlow>F201FB</UIGlow>bw<UIGlow>01</UIGlow><UIForeground>01</UIForeground> (<UIForeground>F201FA</UIForeground><UIGlow>F201FB</UIGlow>motion<UIGlow>01</UIGlow><UIForeground>01</UIForeground>)  Führt nur die Bewegung aus. Bei fehlendem Unterbefehl wird sowohl die Bewegung ausgeführt als auch der Text angezeigt.","/sonnentanz","",293,0
522,2,1,2,0,0,"/battlestance","/bstance","/aufwärmen, /battlestance, /bstance
VERWENDUNG:
/aufwärmen [Unterbefehl]
→ Du wärmst dich für einen harten Kampf auf.
>>Unterbefehl:
  <UIForeground>F201FA</UIForeground><UIGlow>F201FB</UIGlow>bw<UIGlow>01</UIGlow><UIForeground>01</UIForeground> (<UIForeground>F201FA</UIForeground><UIGlow>F201FB</UIGlow>motion<UIGlow>01</UIGlow><UIForeground>01</UIForeground>)  Führt nur die Bewegung aus. Bei fehlendem Unterbefehl wird sowohl die Bewegung ausgeführt als auch der Text angezeigt.","/aufwärmen","",293,0
523,2,1,2,0,0,"/victorypose","/vpose","/triumph, /sieg, /victorypose, /vpose
VERWENDUNG:
/sieg [Unterbefehl]
→ Du freust dich über den Triumph.
>>Unterbefehl:
  <UIForeground>F201FA</UIForeground><UIGlow>F201FB</UIGlow>bw<UIGlow>01</UIGlow><UIForeground>01</UIForeground> (<UIForeground>F201FA</UIForeground><UIGlow>F201FB</UIGlow>motion<UIGlow>01</UIGlow><UIForeground>01</UIForeground>)  Führt nur die Bewegung aus. Bei fehlendem Unterbefehl wird sowohl die Bewegung ausgeführt als auch der Text angezeigt.","/triumph","/sieg",293,0
524,2,1,2,0,0,"/backflip","/bflip","/salto, /backflip, /bflip
VERWENDUNG:
/salto [Unterbefehl]
→ Du machst einen Rückwärtssalto.
>>Unterbefehl:
  <UIForeground>F201FA</UIForeground><UIGlow>F201FB</UIGlow>bw<UIGlow>01</UIGlow><UIForeground>01</UIForeground> (<UIForeground>F201FA</UIForeground><UIGlow>F201FB</UIGlow>motion<UIGlow>01</UIGlow><UIForeground>01</UIForeground>)  Führt nur die Bewegung aus. Bei fehlendem Unterbefehl wird sowohl die Bewegung ausgeführt als auch der Text angezeigt.","/salto","",293,0
525,2,1,2,0,0,"/easterngreeting","/egreeting","/fernöstlichergruß, /easterngreeting, /egreeting
VERWENDUNG:
/fernöstlichergruß [Unterbefehl]
→ Du grüßt nach fernöstlicher Sitte.
>>Unterbefehl:
  <UIForeground>F201FA</UIForeground><UIGlow>F201FB</UIGlow>bw<UIGlow>01</UIGlow><UIForeground>01</UIForeground> (<UIForeground>F201FA</UIForeground><UIGlow>F201FB</UIGlow>motion<UIGlow>01</UIGlow><UIForeground>01</UIForeground>)  Führt nur die Bewegung aus. Bei fehlendem Unterbefehl wird sowohl die Bewegung ausgeführt als auch der Text angezeigt.","/fernöstlichergruß","",293,0
526,2,1,2,0,0,"/eureka","","/erleuchtung, /aha, /eureka
VERWENDUNG:
/aha [Unterbefehl]
→ Dir wird plötzlich alles klar.
>>Unterbefehl:
  <UIForeground>F201FA</UIForeground><UIGlow>F201FB</UIGlow>bw<UIGlow>01</UIGlow><UIForeground>01</UIForeground> (<UIForeground>F201FA</UIForeground><UIGlow>F201FB</UIGlow>motion<UIGlow>01</UIGlow><UIForeground>01</UIForeground>)  Führt nur die Bewegung aus. Bei fehlendem Unterbefehl wird sowohl die Bewegung ausgeführt als auch der Text angezeigt.","/erleuchtung","/aha",293,0
527,2,1,2,0,0,"/mogdance","","/mogrytanz, /mtanz, /mogdance
VERWENDUNG:
/mtanz [Unterbefehl]
→ Du tanzt den Mogry-Tanz.
>>Unterbefehl:
  <UIForeground>F201FA</UIForeground><UIGlow>F201FB</UIGlow>bw<UIGlow>01</UIGlow><UIForeground>01</UIForeground> (<UIForeground>F201FA</UIForeground><UIGlow>F201FB</UIGlow>motion<UIGlow>01</UIGlow><UIForeground>01</UIForeground>)  Führt nur die Bewegung aus. Bei fehlendem Unterbefehl wird sowohl die Bewegung ausgeführt als auch der Text angezeigt.","/mogrytanz","/mtanz",293,0
528,2,1,2,0,0,"/haurchefant","/hknight","/haurchefant, /hknight
VERWENDUNG:
/haurchefant [Unterbefehl]
→ Du drückst begeistert dein Gefallen aus, so wie es Haurchefant tun würde.
>>Unterbefehl:
  <UIForeground>F201FA</UIForeground><UIGlow>F201FB</UIGlow>bw<UIGlow>01</UIGlow><UIForeground>01</UIForeground> (<UIForeground>F201FA</UIForeground><UIGlow>F201FB</UIGlow>motion<UIGlow>01</UIGlow><UIForeground>01</UIForeground>)  Führt nur die Bewegung aus. Bei fehlendem Unterbefehl wird sowohl die Bewegung ausgeführt als auch der Text angezeigt.","/haurchefant","",293,0
529,2,1,2,0,0,"/easternstretch","/estretch","/fernöstlichesstrecken, /fernöststreck, /easternstretch, /estretch
VERWENDUNG:
/östlichesstrecken [Unterbefehl]
→ Du streckst dich auf fernöstliche Art.
>>Unterbefehl:
  <UIForeground>F201FA</UIForeground><UIGlow>F201FB</UIGlow>bw<UIGlow>01</UIGlow><UIForeground>01</UIForeground> (<UIForeground>F201FA</UIForeground><UIGlow>F201FB</UIGlow>motion<UIGlow>01</UIGlow><UIForeground>01</UIForeground>)  Führt nur die Bewegung aus. Bei fehlendem Unterbefehl wird sowohl die Bewegung ausgeführt als auch der Text angezeigt.","/fernöstlichesstrecken","/fernöststreck",293,0
530,2,1,2,0,0,"/easterndance","/edance","/fernöstlichertanz, /easterndance, /edance
VERWENDUNG:
/fernöstlichertanz [Unterbefehl]
→ Du tanzt einen fernöstlichen Tanz.
>>Unterbefehl:
  <UIForeground>F201FA</UIForeground><UIGlow>F201FB</UIGlow>bw<UIGlow>01</UIGlow><UIForeground>01</UIForeground> (<UIForeground>F201FA</UIForeground><UIGlow>F201FB</UIGlow>motion<UIGlow>01</UIGlow><UIForeground>01</UIForeground>)  Führt nur die Bewegung aus. Bei fehlendem Unterbefehl wird sowohl die Bewegung ausgeführt als auch der Text angezeigt.","/fernöstlichertanz","",293,0
531,2,1,2,0,0,"/rangerpose1r","/rpose1r","/roterbombattant1, /rbb1
VERWENDUNG:
/rbb1 [Unterbefehl]
→ Du führst Pose I des Roten Bombattanten aus.
>>Unterbefehl:
  <UIForeground>F201FA</UIForeground><UIGlow>F201FB</UIGlow>bw<UIGlow>01</UIGlow><UIForeground>01</UIForeground> (<UIForeground>F201FA</UIForeground><UIGlow>F201FB</UIGlow>motion<UIGlow>01</UIGlow><UIForeground>01</UIForeground>)  Führt nur die Bewegung aus.
Bei fehlendem Unterbefehl wird sowohl die Bewegung ausgeführt als auch der Text angezeigt.","/roterbombattant1","/rbb1",293,0
532,2,1,2,0,0,"/rangerpose2r","/rpose2r","/schwarzebombattantin1, /sbb1
VERWENDUNG:
/sbb1 [Unterbefehl]
→ Du führst Pose I der Schwarzen Bombattantin aus.
>>Unterbefehl:
  <UIForeground>F201FA</UIForeground><UIGlow>F201FB</UIGlow>bw<UIGlow>01</UIGlow><UIForeground>01</UIForeground> (<UIForeground>F201FA</UIForeground><UIGlow>F201FB</UIGlow>motion<UIGlow>01</UIGlow><UIForeground>01</UIForeground>)  Führt nur die Bewegung aus.
Bei fehlendem Unterbefehl wird sowohl die Bewegung ausgeführt als auch der Text angezeigt.","/schwarzebombattantin1","/sbb1",293,0
533,2,1,2,0,0,"/rangerpose3r","/rpose3r","/gelberbombattant1, /gbb1
VERWENDUNG:
/gbb1 [Unterbefehl]
→ Du führst Pose I des Gelben Bombattanten aus.
>>Unterbefehl:
  <UIForeground>F201FA</UIForeground><UIGlow>F201FB</UIGlow>bw<UIGlow>01</UIGlow><UIForeground>01</UIForeground> (<UIForeground>F201FA</UIForeground><UIGlow>F201FB</UIGlow>motion<UIGlow>01</UIGlow><UIForeground>01</UIForeground>)  Führt nur die Bewegung aus.
Bei fehlendem Unterbefehl wird sowohl die Bewegung ausgeführt als auch der Text angezeigt.","/gelberbombattant1","/gbb1",293,0
534,2,1,2,0,0,"/wink","/rightwink","/zwinkerrechts, /rightwink
VERWENDUNG:
/zwinkerrechts [Unterbefehl]
→ Du zwinkerst jemandem zu.
>>Unterbefehl:
  <UIForeground>F201FA</UIForeground><UIGlow>F201FB</UIGlow>bw<UIGlow>01</UIGlow><UIForeground>01</UIForeground> (<UIForeground>F201FA</UIForeground><UIGlow>F201FB</UIGlow>motion<UIGlow>01</UIGlow><UIForeground>01</UIForeground>)  Führt nur die Bewegung aus. Bei fehlendem Unterbefehl wird sowohl die Bewegung ausgeführt als auch der Text angezeigt.
Achtung, der Befehl /wink aus der englischen Version ist nicht für das Zwinkern verwendbar, da er bereits mit „Winken“ belegt ist.","/zwinkerrechts","/wink",293,0
535,2,1,2,0,0,"/rangerpose1l","/rpose1l","/roterbombattant2, /rbb2
VERWENDUNG:
/rbb2 [Unterbefehl]
→ Du führst Pose II des Roten Bombattanten aus.
>>Unterbefehl:
  <UIForeground>F201FA</UIForeground><UIGlow>F201FB</UIGlow>bw<UIGlow>01</UIGlow><UIForeground>01</UIForeground> (<UIForeground>F201FA</UIForeground><UIGlow>F201FB</UIGlow>motion<UIGlow>01</UIGlow><UIForeground>01</UIForeground>)  Führt nur die Bewegung aus.
Bei fehlendem Unterbefehl wird sowohl die Bewegung ausgeführt als auch der Text angezeigt.","/roterbombattant2","/rbb2",293,0
536,2,1,2,0,0,"/rangerpose2l","/rpose2l","/schwarzebombattantin2, /sbb2
VERWENDUNG:
/sbb2 [Unterbefehl]
→ Du führst Pose II der Schwarzen Bombattantin aus.
>>Unterbefehl:
  <UIForeground>F201FA</UIForeground><UIGlow>F201FB</UIGlow>bw<UIGlow>01</UIGlow><UIForeground>01</UIForeground> (<UIForeground>F201FA</UIForeground><UIGlow>F201FB</UIGlow>motion<UIGlow>01</UIGlow><UIForeground>01</UIForeground>)  Führt nur die Bewegung aus.
Bei fehlendem Unterbefehl wird sowohl die Bewegung ausgeführt als auch der Text angezeigt.","/schwarzebombattantin2","/sbb2",293,0
537,2,1,2,0,0,"/rangerpose3l","/rpose3l","/gelberbombattant2, /gbb2
VERWENDUNG:
/gbb2 [Unterbefehl]
→ Du führst Pose II des Gelben Bombattanten aus.
>>Unterbefehl:
  <UIForeground>F201FA</UIForeground><UIGlow>F201FB</UIGlow>bw<UIGlow>01</UIGlow><UIForeground>01</UIForeground> (<UIForeground>F201FA</UIForeground><UIGlow>F201FB</UIGlow>motion<UIGlow>01</UIGlow><UIForeground>01</UIForeground>)  Führt nur die Bewegung aus.
Bei fehlendem Unterbefehl wird sowohl die Bewegung ausgeführt als auch der Text angezeigt.","/gelberbombattant2","/gbb2",293,0
538,2,1,2,0,0,"/facepalm","","/vergraben, /verg
VERWENDUNG:
/verg [Unterbefehl]
→ Du vergräbst dein Gesicht.
>>Unterbefehl:
  <UIForeground>F201FA</UIForeground><UIGlow>F201FB</UIGlow>bw<UIGlow>01</UIGlow><UIForeground>01</UIForeground> (<UIForeground>F201FA</UIForeground><UIGlow>F201FB</UIGlow>motion<UIGlow>01</UIGlow><UIForeground>01</UIForeground>)  Führt nur die Bewegung aus.
Bei fehlendem Unterbefehl wird sowohl die Bewegung ausgeführt als auch der Text angezeigt.","/vergraben","/verg",293,0
539,2,1,2,0,0,"/zantetsuken","/ztk","/zantetsuken, /zant
VERWENDUNG:
/zant [Unterbefehl]
→ Du zerschneidest die Luft.
>>Unterbefehl:
  <UIForeground>F201FA</UIForeground><UIGlow>F201FB</UIGlow>bw<UIGlow>01</UIGlow><UIForeground>01</UIForeground> (<UIForeground>F201FA</UIForeground><UIGlow>F201FB</UIGlow>motion<UIGlow>01</UIGlow><UIForeground>01</UIForeground>)  Führt nur die Bewegung aus.
Bei fehlendem Unterbefehl wird sowohl die Bewegung ausgeführt als auch der Text angezeigt.","/zantetsuken","/zant",293,0
540,2,1,2,0,0,"/flex","","/muskeln, /musk
VERWENDUNG:
/musk [Unterbefehl]
→ Du lässt die Muskeln spielen.
>>Unterbefehl:
  <UIForeground>F201FA</UIForeground><UIGlow>F201FB</UIGlow>bw<UIGlow>01</UIGlow><UIForeground>01</UIForeground> (<UIForeground>F201FA</UIForeground><UIGlow>F201FB</UIGlow>motion<UIGlow>01</UIGlow><UIForeground>01</UIForeground>)  Führt nur die Bewegung aus.
Bei fehlendem Unterbefehl wird sowohl die Bewegung ausgeführt als auch der Text angezeigt.","/muskeln","/musk",293,0
541,2,1,2,0,0,"/respect","","/respekt, /resp
VERWENDUNG:
/resp [Unterbefehl]
→ Du zollst Respekt.
>>Unterbefehl:
  <UIForeground>F201FA</UIForeground><UIGlow>F201FB</UIGlow>bw<UIGlow>01</UIGlow><UIForeground>01</UIForeground> (<UIForeground>F201FA</UIForeground><UIGlow>F201FB</UIGlow>motion<UIGlow>01</UIGlow><UIForeground>01</UIForeground>)  Führt nur die Bewegung aus.
Bei fehlendem Unterbefehl wird sowohl die Bewegung ausgeführt als auch der Text angezeigt.","/respekt","/resp",293,0
542,2,1,2,0,0,"/sneer","","/verächtlich, /verä
VERWENDUNG:
/verä [Unterbefehl]
→ Du lächelst verächtlich.
>>Unterbefehl:
  <UIForeground>F201FA</UIForeground><UIGlow>F201FB</UIGlow>bw<UIGlow>01</UIGlow><UIForeground>01</UIForeground> (<UIForeground>F201FA</UIForeground><UIGlow>F201FB</UIGlow>motion<UIGlow>01</UIGlow><UIForeground>01</UIForeground>)  Führt nur die Bewegung aus.
Bei fehlendem Unterbefehl wird sowohl die Bewegung ausgeführt als auch der Text angezeigt.","/verächtlich","/verä",293,0
543,2,1,2,0,0,"/prettyplease","/pplease","/liebbitten, /lieb
VERWENDUNG:
/lieb [Unterbefehl]
→ Du bittest lieb um einen Gefallen.
>>Unterbefehl:
  <UIForeground>F201FA</UIForeground><UIGlow>F201FB</UIGlow>bw<UIGlow>01</UIGlow><UIForeground>01</UIForeground> (<UIForeground>F201FA</UIForeground><UIGlow>F201FB</UIGlow>motion<UIGlow>01</UIGlow><UIForeground>01</UIForeground>)  Führt nur die Bewegung aus.
Bei fehlendem Unterbefehl wird sowohl die Bewegung ausgeführt als auch der Text angezeigt.","/liebbitten","/lieb",293,0
544,2,1,2,0,0,"/playdead","/pdead","/totstellen, /tots
VERWENDUNG:
/tots [Unterbefehl]
→ Du stellst dich tot.
>>Unterbefehl:
  <UIForeground>F201FA</UIForeground><UIGlow>F201FB</UIGlow>bw<UIGlow>01</UIGlow><UIForeground>01</UIForeground> (<UIForeground>F201FA</UIForeground><UIGlow>F201FB</UIGlow>motion<UIGlow>01</UIGlow><UIForeground>01</UIForeground>)  Führt nur die Bewegung aus.
Bei fehlendem Unterbefehl wird sowohl die Bewegung ausgeführt als auch der Text angezeigt.","/totstellen","/tots",293,0
545,2,1,2,0,0,"/iceheart","","/eisherz, /eish, /iceheart
VERWENDUNG:
/eish [Unterbefehl]
→ Du erscheinst spektakulär aus dem Eis.
>>Unterbefehl:
  <UIForeground>F201FA</UIForeground><UIGlow>F201FB</UIGlow>bw<UIGlow>01</UIGlow><UIForeground>01</UIForeground> (<UIForeground>F201FA</UIForeground><UIGlow>F201FB</UIGlow>motion<UIGlow>01</UIGlow><UIForeground>01</UIForeground>)  Führt nur die Bewegung aus.
Bei fehlendem Unterbefehl wird sowohl die Bewegung ausgeführt als auch der Text angezeigt.","/eisherz","/eish",293,0
546,2,1,2,0,0,"/moonlift","","/sonneundmondtanz, /sumtanz, /moonlift
VERWENDUNG:
/sonneundmondtanz [Unterbefehl]
→ Du tanzt den Sonne-und-Mond-Tanz der Gundo.
>>Unterbefehl:
  <UIForeground>F201FA</UIForeground><UIGlow>F201FB</UIGlow>bw<UIGlow>01</UIGlow><UIForeground>01</UIForeground> (<UIForeground>F201FA</UIForeground><UIGlow>F201FB</UIGlow>motion<UIGlow>01</UIGlow><UIForeground>01</UIForeground>)  Führt nur die Bewegung aus. Bei fehlendem Unterbefehl wird sowohl die Bewegung ausgeführt als auch der Text angezeigt.","/sonneundmondtanz","/sumtanz",293,0
547,2,1,2,0,0,"/dote","","/kussregen, /kuss2, /dote
VERWENDUNG:
/kussregen [Unterbefehl]
→ Du zeigst, wie verliebt du bist.
>>Unterbefehl:
  <UIForeground>F201FA</UIForeground><UIGlow>F201FB</UIGlow>bw<UIGlow>01</UIGlow><UIForeground>01</UIForeground> (<UIForeground>F201FA</UIForeground><UIGlow>F201FB</UIGlow>motion<UIGlow>01</UIGlow><UIForeground>01</UIForeground>)  Führt nur die Bewegung aus. Bei fehlendem Unterbefehl wird sowohl die Bewegung ausgeführt als auch der Text angezeigt.","/kussregen","/kuss2",293,0
548,0,0,0,0,0,"","","","","",0,0
549,2,1,2,0,0,"/spectacles","","/brille, /spectacles
VERWENDUNG:
/brille [Unterbefehl]
→ Du schiebst deine Brille zurecht.
>>Unterbefehl:
  <UIForeground>F201FA</UIForeground><UIGlow>F201FB</UIGlow>bw<UIGlow>01</UIGlow><UIForeground>01</UIForeground> (<UIForeground>F201FA</UIForeground><UIGlow>F201FB</UIGlow>motion<UIGlow>01</UIGlow><UIForeground>01</UIForeground>)  Führt nur die Bewegung aus. Bei fehlendem Unterbefehl wird sowohl die Bewegung ausgeführt als auch der Text angezeigt.","/brille","",293,0
550,2,1,2,0,0,"/songbird","","/singdrossel, /songbird
VERWENDUNG:
/singdrossel [Unterbefehl]
→ Du tanzt wie die Drei Singdrosseln.
>>Unterbefehl:
  <UIForeground>F201FA</UIForeground><UIGlow>F201FB</UIGlow>bw<UIGlow>01</UIGlow><UIForeground>01</UIForeground> (<UIForeground>F201FA</UIForeground><UIGlow>F201FB</UIGlow>motion<UIGlow>01</UIGlow><UIForeground>01</UIForeground>)  Führt nur die Bewegung aus. Bei fehlendem Unterbefehl wird sowohl die Bewegung ausgeführt als auch der Text angezeigt.","/singdrossel","",293,0
551,2,1,2,0,0,"/waterfloat","","/totermann, /dahintreiben, /waterfloat
→ Du lässt dich im Wasser treiben. Es wird kein Text zur Bewegung angezeigt. ","/totermann","/dahintreiben",293,0
552,2,1,2,0,0,"/waterflip","","/unterwasserrolle, /waterflip
→ Du machst im Wasser eine Rolle. Es wird kein Text zur Bewegung angezeigt. ","/unterwasserrolle","",293,0
553,2,1,2,0,0,"/puckerup","","/mundkräuseln, /puckerup
VERWENDUNG:
/mundkräuseln [Unterbefehl]
→ Du verziehst missbilligend den Mund.
>>Unterbefehl:
  <UIForeground>F201FA</UIForeground><UIGlow>F201FB</UIGlow>bw<UIGlow>01</UIGlow><UIForeground>01</UIForeground> (<UIForeground>F201FA</UIForeground><UIGlow>F201FB</UIGlow>motion<UIGlow>01</UIGlow><UIForeground>01</UIForeground>)  Führt nur die Bewegung aus. Bei fehlendem Unterbefehl wird sowohl die Bewegung ausgeführt als auch der Text angezeigt.","/mundkräuseln","",293,0
554,2,1,2,0,0,"/powerup","","/kraft, /powerup
VERWENDUNG:
/kraft [Unterbefehl]
→ Du sammelst deine innere Kraft.
>>Unterbefehl:
  <UIForeground>F201FA</UIForeground><UIGlow>F201FB</UIGlow>bw<UIGlow>01</UIGlow><UIForeground>01</UIForeground> (<UIForeground>F201FA</UIForeground><UIGlow>F201FB</UIGlow>motion<UIGlow>01</UIGlow><UIForeground>01</UIForeground>)  Führt nur die Bewegung aus. Bei fehlendem Unterbefehl wird sowohl die Bewegung ausgeführt als auch der Text angezeigt.","/kraft","",293,0
555,2,1,2,0,0,"/easternbow","/ebow","/fernöstlicheverbeugung, /easternbow, /ebow
VERWENDUNG:
/fernöstlicheverbeugung [Unterbefehl]
→ Du verbeugst dich nach fernöstlicher Sitte.
>>Unterbefehl:
  <UIForeground>F201FA</UIForeground><UIGlow>F201FB</UIGlow>bw<UIGlow>01</UIGlow><UIForeground>01</UIForeground> (<UIForeground>F201FA</UIForeground><UIGlow>F201FB</UIGlow>motion<UIGlow>01</UIGlow><UIForeground>01</UIForeground>)  Führt nur die Bewegung aus. Bei fehlendem Unterbefehl wird sowohl die Bewegung ausgeführt als auch der Text angezeigt.","/fernöstlicheverbeugung","",293,0
556,2,1,2,0,0,"/squats","","/kniebeugen, /squats
VERWENDUNG:
/kniebeugen [Unterbefehl]
→ Du machst Kniebeugen.
>>Unterbefehl:
  <UIForeground>F201FA</UIForeground><UIGlow>F201FB</UIGlow>bw<UIGlow>01</UIGlow><UIForeground>01</UIForeground> (<UIForeground>F201FA</UIForeground><UIGlow>F201FB</UIGlow>motion<UIGlow>01</UIGlow><UIForeground>01</UIForeground>)  Führt nur die Bewegung aus.
Bei fehlendem Unterbefehl wird sowohl die Bewegung ausgeführt als auch der Text angezeigt.","/kniebeugen","",293,0
557,2,1,2,0,0,"/pushups","","/liegestütze, /pushups
VERWENDUNG:
/liegestütze [Unterbefehl]
→ Du machst Liegestütze.
>>Unterbefehl:
  <UIForeground>F201FA</UIForeground><UIGlow>F201FB</UIGlow>bw<UIGlow>01</UIGlow><UIForeground>01</UIForeground> (<UIForeground>F201FA</UIForeground><UIGlow>F201FB</UIGlow>motion<UIGlow>01</UIGlow><UIForeground>01</UIForeground>)  Führt nur die Bewegung aus.
Bei fehlendem Unterbefehl wird sowohl die Bewegung ausgeführt als auch der Text angezeigt.","/liegestütze","",293,0
558,2,1,2,0,0,"/situps","","/situps
VERWENDUNG:
/situps [Unterbefehl]
→ Du machst Sit-ups.
>>Unterbefehl:
  <UIForeground>F201FA</UIForeground><UIGlow>F201FB</UIGlow>bw<UIGlow>01</UIGlow><UIForeground>01</UIForeground> (<UIForeground>F201FA</UIForeground><UIGlow>F201FB</UIGlow>motion<UIGlow>01</UIGlow><UIForeground>01</UIForeground>)  Führt nur die Bewegung aus.
Bei fehlendem Unterbefehl wird sowohl die Bewegung ausgeführt als auch der Text angezeigt.","","",293,0
559,2,1,2,0,0,"/breathcontrol","","/atemübung, /breathcontrol
VERWENDUNG:
/atemübung [Unterbefehl]
→ Du machst konzentrierte Atem-Übungen.
>>Unterbefehl:
  <UIForeground>F201FA</UIForeground><UIGlow>F201FB</UIGlow>bw<UIGlow>01</UIGlow><UIForeground>01</UIForeground> (<UIForeground>F201FA</UIForeground><UIGlow>F201FB</UIGlow>motion<UIGlow>01</UIGlow><UIForeground>01</UIForeground>)  Führt nur die Bewegung aus.
Bei fehlendem Unterbefehl wird sowohl die Bewegung ausgeführt als auch der Text angezeigt.","/atemübung","",293,0
560,2,1,2,0,0,"/converse","","/erzählen, /converse
VERWENDUNG:
/erzählen [Unterbefehl]
→ Du führst ein Gespräch.
>>Unterbefehl:
  <UIForeground>F201FA</UIForeground><UIGlow>F201FB</UIGlow>bw<UIGlow>01</UIGlow><UIForeground>01</UIForeground> (<UIForeground>F201FA</UIForeground><UIGlow>F201FB</UIGlow>motion<UIGlow>01</UIGlow><UIForeground>01</UIForeground>)  Führt nur die Bewegung aus.
Bei fehlendem Unterbefehl wird sowohl die Bewegung ausgeführt als auch der Text angezeigt.","/erzählen","",293,0
561,2,1,2,0,0,"/concentrate","","/ernst, /concentrate
VERWENDUNG:
/ernst [Unterbefehl]
→ Du blickst ernst.
>>Unterbefehl:
  <UIForeground>F201FA</UIForeground><UIGlow>F201FB</UIGlow>bw<UIGlow>01</UIGlow><UIForeground>01</UIForeground> (<UIForeground>F201FA</UIForeground><UIGlow>F201FB</UIGlow>motion<UIGlow>01</UIGlow><UIForeground>01</UIForeground>)  Führt nur die Bewegung aus.
Bei fehlendem Unterbefehl wird sowohl die Bewegung ausgeführt als auch der Text angezeigt.","/ernst","",293,0
562,2,1,2,0,0,"/disturbed","","/betrübt, /disturbed
VERWENDUNG:
/betrübt [Unterbefehl]
→ Du blickst betrübt.
>>Unterbefehl:
  <UIForeground>F201FA</UIForeground><UIGlow>F201FB</UIGlow>bw<UIGlow>01</UIGlow><UIForeground>01</UIForeground> (<UIForeground>F201FA</UIForeground><UIGlow>F201FB</UIGlow>motion<UIGlow>01</UIGlow><UIForeground>01</UIForeground>)  Führt nur die Bewegung aus.
Bei fehlendem Unterbefehl wird sowohl die Bewegung ausgeführt als auch der Text angezeigt.","/betrübt","",293,0
563,2,1,2,0,0,"/simper","","/sanftmütig, /simper
VERWENDUNG:
/sanftmütig [Unterbefehl]
→ Du setzt ein mildes Lächeln auf.
>>Unterbefehl:
  <UIForeground>F201FA</UIForeground><UIGlow>F201FB</UIGlow>bw<UIGlow>01</UIGlow><UIForeground>01</UIForeground> (<UIForeground>F201FA</UIForeground><UIGlow>F201FB</UIGlow>motion<UIGlow>01</UIGlow><UIForeground>01</UIForeground>)  Führt nur die Bewegung aus.
Bei fehlendem Unterbefehl wird sowohl die Bewegung ausgeführt als auch der Text angezeigt.","/sanftmütig","",293,0
564,2,1,2,0,0,"/beam","","/zufrieden, /beam
VERWENDUNG:
/zufrieden [Unterbefehl]
→ Du lässt keine Zweifel daran, dass du mit der Welt im Reinen bist.
>>Unterbefehl:
  <UIForeground>F201FA</UIForeground><UIGlow>F201FB</UIGlow>bw<UIGlow>01</UIGlow><UIForeground>01</UIForeground> (<UIForeground>F201FA</UIForeground><UIGlow>F201FB</UIGlow>motion<UIGlow>01</UIGlow><UIForeground>01</UIForeground>)  Führt nur die Bewegung aus.
Bei fehlendem Unterbefehl wird sowohl die Bewegung ausgeführt als auch der Text angezeigt.","/zufrieden","",293,0
565,2,1,2,0,0,"/attention","","/habacht, /attention
VERWENDUNG:
/habacht [Unterbefehl]
→ Du nimmst eine militärisch stramme Haltung ein.
>>Unterbefehl:
  <UIForeground>F201FA</UIForeground><UIGlow>F201FB</UIGlow>bw<UIGlow>01</UIGlow><UIForeground>01</UIForeground> (<UIForeground>F201FA</UIForeground><UIGlow>F201FB</UIGlow>motion<UIGlow>01</UIGlow><UIForeground>01</UIForeground>)  Führt nur die Bewegung aus.
Bei fehlendem Unterbefehl wird sowohl die Bewegung ausgeführt als auch der Text angezeigt.","/habacht","",293,0
566,2,1,2,0,0,"/atease","","/rühren, /atease
VERWENDUNG:
/rühren [Unterbefehl]
→ Du stehst militärisch locker.
>>Unterbefehl:
  <UIForeground>F201FA</UIForeground><UIGlow>F201FB</UIGlow>bw<UIGlow>01</UIGlow><UIForeground>01</UIForeground> (<UIForeground>F201FA</UIForeground><UIGlow>F201FB</UIGlow>motion<UIGlow>01</UIGlow><UIForeground>01</UIForeground>)  Führt nur die Bewegung aus.
Bei fehlendem Unterbefehl wird sowohl die Bewegung ausgeführt als auch der Text angezeigt.","/rühren","",293,0
567,2,1,2,0,0,"/box","","/boxen, /box
VERWENDUNG:
/boxen [Unterbefehl]
→ Du machst ein paar Schwinger und Haken zur Übung.
>>Unterbefehl:
  <UIForeground>F201FA</UIForeground><UIGlow>F201FB</UIGlow>bw<UIGlow>01</UIGlow><UIForeground>01</UIForeground> (<UIForeground>F201FA</UIForeground><UIGlow>F201FB</UIGlow>motion<UIGlow>01</UIGlow><UIForeground>01</UIForeground>)  Führt nur die Bewegung aus.
Bei fehlendem Unterbefehl wird sowohl die Bewegung ausgeführt als auch der Text angezeigt.","/boxen","",293,0
568,2,1,2,0,0,"/ritualprayer","","/beschwören, /ritualprayer
VERWENDUNG:
/beschwören [Unterbefehl]
→ Du beschwörst kosmische Energie.
>>Unterbefehl:
  <UIForeground>F201FA</UIForeground><UIGlow>F201FB</UIGlow>bw<UIGlow>01</UIGlow><UIForeground>01</UIForeground> (<UIForeground>F201FA</UIForeground><UIGlow>F201FB</UIGlow>motion<UIGlow>01</UIGlow><UIForeground>01</UIForeground>)  Führt nur die Bewegung aus.
Bei fehlendem Unterbefehl wird sowohl die Bewegung ausgeführt als auch der Text angezeigt.","/beschwören","",293,0
569,0,0,0,0,0,"","","","","",0,0
570,2,1,2,0,0,"/tremble","","/zittern, /tremble
VERWENDUNG:
/zittern [Unterbefehl]
→ Du zitterst aus lauter Angst.
>>Unterbefehl:
  <UIForeground>F201FA</UIForeground><UIGlow>F201FB</UIGlow>bw<UIGlow>01</UIGlow><UIForeground>01</UIForeground> (<UIForeground>F201FA</UIForeground><UIGlow>F201FB</UIGlow>motion<UIGlow>01</UIGlow><UIForeground>01</UIForeground>)  Führt nur die Bewegung aus.
Bei fehlendem Unterbefehl wird sowohl die Bewegung ausgeführt als auch der Text angezeigt.","/zittern","",293,0
571,2,1,2,0,0,"/winded","","/außeratem, /winded
VERWENDUNG:
/außeratem [Unterbefehl]
→ Du gehst vollkommen erschöpft in die Knie.
>>Unterbefehl:
  <UIForeground>F201FA</UIForeground><UIGlow>F201FB</UIGlow>bw<UIGlow>01</UIGlow><UIForeground>01</UIForeground> (<UIForeground>F201FA</UIForeground><UIGlow>F201FB</UIGlow>motion<UIGlow>01</UIGlow><UIForeground>01</UIForeground>)  Führt nur die Bewegung aus.
Bei fehlendem Unterbefehl wird sowohl die Bewegung ausgeführt als auch der Text angezeigt.","/außeratem","",293,0
572,2,1,2,0,0,"/aback","","/huch, /aback
VERWENDUNG:
/huch [Unterbefehl]
→ Du bist völlig aus der Fassung.
>>Unterbefehl:
  <UIForeground>F201FA</UIForeground><UIGlow>F201FB</UIGlow>bw<UIGlow>01</UIGlow><UIForeground>01</UIForeground> (<UIForeground>F201FA</UIForeground><UIGlow>F201FB</UIGlow>motion<UIGlow>01</UIGlow><UIForeground>01</UIForeground>)  Führt nur die Bewegung aus.
Bei fehlendem Unterbefehl wird sowohl die Bewegung ausgeführt als auch der Text angezeigt.","/huch","",293,0
573,2,1,2,0,0,"/greet","","/salopp, /greet
VERWENDUNG:
/salopp [Unterbefehl]
→ Du hebst salopp die Hand zum Gruße.
>>Unterbefehl:
  <UIForeground>F201FA</UIForeground><UIGlow>F201FB</UIGlow>bw<UIGlow>01</UIGlow><UIForeground>01</UIForeground> (<UIForeground>F201FA</UIForeground><UIGlow>F201FB</UIGlow>motion<UIGlow>01</UIGlow><UIForeground>01</UIForeground>)  Führt nur die Bewegung aus.
Bei fehlendem Unterbefehl wird sowohl die Bewegung ausgeführt als auch der Text angezeigt.","/salopp","",293,0
574,2,1,2,0,0,"/boxstep","","/tanzgrundschritt, /grundschritt, /boxstep
VERWENDUNG:
/tanzgrundschritt [Unterbefehl]
→ Du zeigst ein paar Tanzgrundschritte.
>>Unterbefehl:
  <UIForeground>F201FA</UIForeground><UIGlow>F201FB</UIGlow>bw<UIGlow>01</UIGlow><UIForeground>01</UIForeground> (<UIForeground>F201FA</UIForeground><UIGlow>F201FB</UIGlow>motion<UIGlow>01</UIGlow><UIForeground>01</UIForeground>)  Führt nur die Bewegung aus.
Bei fehlendem Unterbefehl wird sowohl die Bewegung ausgeführt als auch der Text angezeigt.","/tanzgrundschritt","/grundschritt",293,0
575,2,1,2,0,0,"/sidestep","","/seitwärtsschritt, /seitschritt, /sidestep
VERWENDUNG:
/seitwärtsschritt [Unterbefehl]
→ Du zeigst ein paar Seitwärtsschritte.
>>Unterbefehl:
  <UIForeground>F201FA</UIForeground><UIGlow>F201FB</UIGlow>bw<UIGlow>01</UIGlow><UIForeground>01</UIForeground> (<UIForeground>F201FA</UIForeground><UIGlow>F201FB</UIGlow>motion<UIGlow>01</UIGlow><UIForeground>01</UIForeground>)  Führt nur die Bewegung aus.
Bei fehlendem Unterbefehl wird sowohl die Bewegung ausgeführt als auch der Text angezeigt.","/seitwärtsschritt","/seitschritt",293,0
576,2,1,2,0,0,"/ultima","","/ultima
VERWENDUNG:
/ultima [Unterbefehl]
→ Du entfesselst Ultimas zerstörerische Kraft.
>>Unterbefehl:
  <UIForeground>F201FA</UIForeground><UIGlow>F201FB</UIGlow>bw<UIGlow>01</UIGlow><UIForeground>01</UIForeground> (<UIForeground>F201FA</UIForeground><UIGlow>F201FB</UIGlow>motion<UIGlow>01</UIGlow><UIForeground>01</UIForeground>)  Führt nur die Bewegung aus.
Bei fehlendem Unterbefehl wird sowohl die Bewegung ausgeführt als auch der Text angezeigt.","","",293,0
577,2,1,2,0,0,"/yoldance","","/yoltanz, /yoldance
VERWENDUNG:
/yoltanz [Unterbefehl]
→ Du tanzt den Yol-Tanz.
>>Unterbefehl:
  <UIForeground>F201FA</UIForeground><UIGlow>F201FB</UIGlow>bw<UIGlow>01</UIGlow><UIForeground>01</UIForeground> (<UIForeground>F201FA</UIForeground><UIGlow>F201FB</UIGlow>motion<UIGlow>01</UIGlow><UIForeground>01</UIForeground>)  Führt nur die Bewegung aus.
Bei fehlendem Unterbefehl wird sowohl die Bewegung ausgeführt als auch der Text angezeigt.","/yoltanz","",293,0
578,0,0,0,0,0,"","","","","",0,0
579,2,1,2,0,0,"/splash","","/wasserschlacht, /splash
VERWENDUNG:
/wasserschlacht [Unterbefehl]
→ Du spritzt mit Wasser. Dafür musst du dich im Wasser befinden.
>>Unterbefehl:
  <UIForeground>F201FA</UIForeground><UIGlow>F201FB</UIGlow>bw<UIGlow>01</UIGlow><UIForeground>01</UIForeground> (<UIForeground>F201FA</UIForeground><UIGlow>F201FB</UIGlow>motion<UIGlow>01</UIGlow><UIForeground>01</UIForeground>)  Führt nur die Bewegung aus.
Bei fehlendem Unterbefehl wird sowohl die Bewegung ausgeführt als auch der Text angezeigt.","/wasserschlacht","",293,0
580,0,0,0,0,0,"","","","","",0,0
581,2,1,2,0,0,"/sweat","","/heiß, /sweat
VERWENDUNG:
/heiß [Unterbefehl]
→ Du wischst dir den Schweiß von der Stirn.
>>Unterbefehl:
  <UIForeground>F201FA</UIForeground><UIGlow>F201FB</UIGlow>bw<UIGlow>01</UIGlow><UIForeground>01</UIForeground> (<UIForeground>F201FA</UIForeground><UIGlow>F201FB</UIGlow>motion<UIGlow>01</UIGlow><UIForeground>01</UIForeground>)  Führt nur die Bewegung aus.
Bei fehlendem Unterbefehl wird sowohl die Bewegung ausgeführt als auch der Text angezeigt.","/heiß","",293,0
582,2,1,2,0,0,"/shiver","","/kalt, /shiver
VERWENDUNG:
/kalt [Unterbefehl]
→ Du zitterst vor Kälte.
>>Unterbefehl:
  <UIForeground>F201FA</UIForeground><UIGlow>F201FB</UIGlow>bw<UIGlow>01</UIGlow><UIForeground>01</UIForeground> (<UIForeground>F201FA</UIForeground><UIGlow>F201FB</UIGlow>motion<UIGlow>01</UIGlow><UIForeground>01</UIForeground>)  Führt nur die Bewegung aus.
Bei fehlendem Unterbefehl wird sowohl die Bewegung ausgeführt als auch der Text angezeigt.","/kalt","",293,0
583,2,1,2,0,0,"/elucidate","","/erklären, /erklär, /elucidate
VERWENDUNG:
/erklären [Unterbefehl]
→ Du erklärst etwas mit Nachdruck.
>>Unterbefehl:
  <UIForeground>F201FA</UIForeground><UIGlow>F201FB</UIGlow>bw<UIGlow>01</UIGlow><UIForeground>01</UIForeground> (<UIForeground>F201FA</UIForeground><UIGlow>F201FB</UIGlow>motion<UIGlow>01</UIGlow><UIForeground>01</UIForeground>)  Führt nur die Bewegung aus.
Bei fehlendem Unterbefehl wird sowohl die Bewegung ausgeführt als auch der Text angezeigt.","/erklären","/erklär",293,0
584,2,1,2,0,0,"/ponder","","/ahnungslos, /ponder
VERWENDUNG:
/ahnungslos [Unterbefehl]
→ Du drückst dein Unwissen aus.
>>Unterbefehl:
  <UIForeground>F201FA</UIForeground><UIGlow>F201FB</UIGlow>bw<UIGlow>01</UIGlow><UIForeground>01</UIForeground> (<UIForeground>F201FA</UIForeground><UIGlow>F201FB</UIGlow>motion<UIGlow>01</UIGlow><UIForeground>01</UIForeground>)  Führt nur die Bewegung aus.
Bei fehlendem Unterbefehl wird sowohl die Bewegung ausgeführt als auch der Text angezeigt.","/ahnungslos","",293,0
585,2,1,2,0,0,"/leftwink","","/zwinkerlinks, /leftwink
VERWENDUNG:
/zwinkerlinks [Unterbefehl]
→ Du zwinkerst jemandem zu.
>>Unterbefehl:
  <UIForeground>F201FA</UIForeground><UIGlow>F201FB</UIGlow>bw<UIGlow>01</UIGlow><UIForeground>01</UIForeground> (<UIForeground>F201FA</UIForeground><UIGlow>F201FB</UIGlow>motion<UIGlow>01</UIGlow><UIForeground>01</UIForeground>)  Führt nur die Bewegung aus. Bei fehlendem Unterbefehl wird sowohl die Bewegung ausgeführt als auch der Text angezeigt.","/zwinkerlinks","",293,0
586,2,1,2,0,0,"/getfantasy","","/funkyfantasy, /funky
VERWENDUNG:
/funkyfantasy [Unterbefehl]
→ Du tanzt den Funky-Fantasy-Tanz.
>>Unterbefehl:
  <UIForeground>F201FA</UIForeground><UIGlow>F201FB</UIGlow>bw<UIGlow>01</UIGlow><UIForeground>01</UIForeground> (<UIForeground>F201FA</UIForeground><UIGlow>F201FB</UIGlow>motion<UIGlow>01</UIGlow><UIForeground>01</UIForeground>)  Führt nur die Bewegung aus. Bei fehlendem Unterbefehl wird sowohl die Bewegung ausgeführt als auch der Text angezeigt.","/funkyfantasy","/funky",293,0
587,2,1,2,0,0,"/popotostep","","/toffeltanz, /toffel, /popotostep
VERWENDUNG:
/toffeltanz [Unterbefehl]
→ Du tanzt den Toffel-Tanz.
>>Unterbefehl:
  <UIForeground>F201FA</UIForeground><UIGlow>F201FB</UIGlow>bw<UIGlow>01</UIGlow><UIForeground>01</UIForeground> (<UIForeground>F201FA</UIForeground><UIGlow>F201FB</UIGlow>motion<UIGlow>01</UIGlow><UIForeground>01</UIForeground>)  Führt nur die Bewegung aus. Bei fehlendem Unterbefehl wird sowohl die Bewegung ausgeführt als auch der Text angezeigt.","/toffeltanz","/toffel",293,0
588,2,1,2,0,0,"/hum","","/summen, /hum
VERWENDUNG:
/summen [Unterbefehl]
→ Du summst eine fröhliche Melodie.
>>Unterbefehl:
  <UIForeground>F201FA</UIForeground><UIGlow>F201FB</UIGlow>bw<UIGlow>01</UIGlow><UIForeground>01</UIForeground> (<UIForeground>F201FA</UIForeground><UIGlow>F201FB</UIGlow>motion<UIGlow>01</UIGlow><UIForeground>01</UIForeground>)  Führt nur die Bewegung aus. Bei fehlendem Unterbefehl wird sowohl die Bewegung ausgeführt als auch der Text angezeigt.","/summen","",293,0
589,2,1,2,0,0,"/confirm","","/vergewissern, /confirm
VERWENDUNG:
/vergewissern [Unterbefehl]
→ Du vergewisserst dich einer ungemein wichtigen Sache.
>>Unterbefehl:
  <UIForeground>F201FA</UIForeground><UIGlow>F201FB</UIGlow>bw<UIGlow>01</UIGlow><UIForeground>01</UIForeground> (<UIForeground>F201FA</UIForeground><UIGlow>F201FB</UIGlow>motion<UIGlow>01</UIGlow><UIForeground>01</UIForeground>)  Führt nur die Bewegung aus. Bei fehlendem Unterbefehl wird sowohl die Bewegung ausgeführt als auch der Text angezeigt.","/vergewissern","",293,0
590,2,1,2,0,0,"/scheme","","/plan, /scheme
VERWENDUNG:
/plan [Unterbefehl]
→ Du erklärst deinen Plan.
>>Unterbefehl:
  <UIForeground>F201FA</UIForeground><UIGlow>F201FB</UIGlow>bw<UIGlow>01</UIGlow><UIForeground>01</UIForeground> (<UIForeground>F201FA</UIForeground><UIGlow>F201FB</UIGlow>motion<UIGlow>01</UIGlow><UIForeground>01</UIForeground>)  Führt nur die Bewegung aus. Bei fehlendem Unterbefehl wird sowohl die Bewegung ausgeführt als auch der Text angezeigt.","/plan","",293,0
591,2,1,2,0,0,"/endure","","/tapfer, /zähne, /endure
VERWENDUNG:
/tapfer [Unterbefehl]
→ Du beißt tapfer die Zähne zusammen.
>>Unterbefehl:
  <UIForeground>F201FA</UIForeground><UIGlow>F201FB</UIGlow>bw<UIGlow>01</UIGlow><UIForeground>01</UIForeground> (<UIForeground>F201FA</UIForeground><UIGlow>F201FB</UIGlow>motion<UIGlow>01</UIGlow><UIForeground>01</UIForeground>)  Führt nur die Bewegung aus. Bei fehlendem Unterbefehl wird sowohl die Bewegung ausgeführt als auch der Text angezeigt.","/tapfer","/zähne",293,0
592,2,1,2,0,0,"/tomestone","","/allagischerstein, /stein, /tomestone
VERWENDUNG:
/allagischerstein [Unterbefehl]
→ Du liebkost deinen Allagischen Stein.
>>Unterbefehl:
  <UIForeground>F201FA</UIForeground><UIGlow>F201FB</UIGlow>bw<UIGlow>01</UIGlow><UIForeground>01</UIForeground> (<UIForeground>F201FA</UIForeground><UIGlow>F201FB</UIGlow>motion<UIGlow>01</UIGlow><UIForeground>01</UIForeground>)  Führt nur die Bewegung aus. Bei fehlendem Unterbefehl wird sowohl die Bewegung ausgeführt als auch der Text angezeigt.","/allagischerstein","/stein",293,0
593,2,1,2,0,0,"/heeltoe","","/salontanz, /heeltoe
VERWENDUNG:
/salontanz [Unterbefehl]
→ Du legst einen flotten Salontanz aufs Parkett.
>>Unterbefehl:
  <UIForeground>F201FA</UIForeground><UIGlow>F201FB</UIGlow>bw<UIGlow>01</UIGlow><UIForeground>01</UIForeground> (<UIForeground>F201FA</UIForeground><UIGlow>F201FB</UIGlow>motion<UIGlow>01</UIGlow><UIForeground>01</UIForeground>)  Führt nur die Bewegung aus. Bei fehlendem Unterbefehl wird sowohl die Bewegung ausgeführt als auch der Text angezeigt.","/salontanz","",293,0
594,2,1,2,0,0,"/goobbuedo","","/goobbuepoplock, /goobbuedo
VERWENDUNG:
/goobbuepoplock [Unterbefehl]
→ Du rockst den den Goobbue-Poplock.
>>Unterbefehl:
  <UIForeground>F201FA</UIForeground><UIGlow>F201FB</UIGlow>bw<UIGlow>01</UIGlow><UIForeground>01</UIForeground> (<UIForeground>F201FA</UIForeground><UIGlow>F201FB</UIGlow>motion<UIGlow>01</UIGlow><UIForeground>01</UIForeground>)  Führt nur die Bewegung aus. Bei fehlendem Unterbefehl wird sowohl die Bewegung ausgeführt als auch der Text angezeigt.","/goobbuepoplock","",293,0
595,2,1,2,0,0,"/gratuity","","/spendierhose, /gratuity
VERWENDUNG:
/spendierhose [Unterbefehl]
→ Du lässt Münzen regnen.
>>Unterbefehl:
  <UIForeground>F201FA</UIForeground><UIGlow>F201FB</UIGlow>bw<UIGlow>01</UIGlow><UIForeground>01</UIForeground> (<UIForeground>F201FA</UIForeground><UIGlow>F201FB</UIGlow>motion<UIGlow>01</UIGlow><UIForeground>01</UIForeground>)  Führt nur die Bewegung aus. Bei fehlendem Unterbefehl wird sowohl die Bewegung ausgeführt als auch der Text angezeigt.","/spendierhose","",293,0
596,2,1,2,0,0,"/fistpump","","/gewinnerpose, /fistpump
VERWENDUNG:
/gewinnerpose [Unterbefehl]
→ Du zeigst, wer der Gewinner ist.
>>Unterbefehl:
  <UIForeground>F201FA</UIForeground><UIGlow>F201FB</UIGlow>bw<UIGlow>01</UIGlow><UIForeground>01</UIForeground> (<UIForeground>F201FA</UIForeground><UIGlow>F201FB</UIGlow>motion<UIGlow>01</UIGlow><UIForeground>01</UIForeground>)  Führt nur die Bewegung aus. Bei fehlendem Unterbefehl wird sowohl die Bewegung ausgeführt als auch der Text angezeigt.","/gewinnerpose","",293,0
597,2,1,2,0,0,"/reprimand","","/ermahnen, /reprimand
VERWENDUNG:
/ermahnen [Unterbefehl]
→ Du weist jemanden zurecht.
>>Unterbefehl:
  <UIForeground>F201FA</UIForeground><UIGlow>F201FB</UIGlow>bw<UIGlow>01</UIGlow><UIForeground>01</UIForeground> (<UIForeground>F201FA</UIForeground><UIGlow>F201FB</UIGlow>motion<UIGlow>01</UIGlow><UIForeground>01</UIForeground>)  Führt nur die Bewegung aus. Bei fehlendem Unterbefehl wird sowohl die Bewegung ausgeführt als auch der Text angezeigt.","/ermahnen","",293,0
598,2,1,2,0,0,"/sabotender","","/kaktor, /sabotender
VERWENDUNG:
/kaktor [Unterbefehl]
→ Du ahmst Señor Kaktor nach.
>>Unterbefehl:
  <UIForeground>F201FA</UIForeground><UIGlow>F201FB</UIGlow>bw<UIGlow>01</UIGlow><UIForeground>01</UIForeground> (<UIForeground>F201FA</UIForeground><UIGlow>F201FB</UIGlow>motion<UIGlow>01</UIGlow><UIForeground>01</UIForeground>)  Führt nur die Bewegung aus. Bei fehlendem Unterbefehl wird sowohl die Bewegung ausgeführt als auch der Text angezeigt.","/kaktor","",293,0
599,2,1,2,0,0,"/mandervillemambo","/mmambo","/mandervillemambo, /mmambo
VERWENDUNG:
/mmambo [Unterbefehl]
→ Du tanzt den Manderville-Mambo.
>>Unterbefehl:
  <UIForeground>F201FA</UIForeground><UIGlow>F201FB</UIGlow>bw<UIGlow>01</UIGlow><UIForeground>01</UIForeground> (<UIForeground>F201FA</UIForeground><UIGlow>F201FB</UIGlow>motion<UIGlow>01</UIGlow><UIForeground>01</UIForeground>)  Führt nur die Bewegung aus. Bei fehlendem Unterbefehl wird sowohl die Bewegung ausgeführt als auch der Text angezeigt.","","",293,0
600,2,1,2,0,0,"/laliho","","/holladrio, /laliho
VERWENDUNG:
/holladrio [Unterbefehl]
→ Du grüßt mit einem fröhlichen Holladrio.
>>Unterbefehl:
  <UIForeground>F201FA</UIForeground><UIGlow>F201FB</UIGlow>bw<UIGlow>01</UIGlow><UIForeground>01</UIForeground> (<UIForeground>F201FA</UIForeground><UIGlow>F201FB</UIGlow>motion<UIGlow>01</UIGlow><UIForeground>01</UIForeground>)  Führt nur die Bewegung aus. Bei fehlendem Unterbefehl wird sowohl die Bewegung ausgeführt als auch der Text angezeigt.","/holladrio","",293,0
601,2,1,2,0,0,"/simulationm","","/omegam, /simulationm
VERWENDUNG:
/omegam [Unterbefehl]
→ Du demonstrierst die Omega-M-Pose
>>Unterbefehl:
  <UIForeground>F201FA</UIForeground><UIGlow>F201FB</UIGlow>bw<UIGlow>01</UIGlow><UIForeground>01</UIForeground> (<UIForeground>F201FA</UIForeground><UIGlow>F201FB</UIGlow>motion<UIGlow>01</UIGlow><UIForeground>01</UIForeground>)  Führt nur die Bewegung aus. Bei fehlendem Unterbefehl wird sowohl die Bewegung ausgeführt als auch der Text angezeigt.","/omegam","",293,0
602,2,1,2,0,0,"/simulationf","","/omegaf, /simulationf
VERWENDUNG:
/omegaf [Unterbefehl]
→ Du demonstrierst die Omega-F-Pose
>>Unterbefehl:
  <UIForeground>F201FA</UIForeground><UIGlow>F201FB</UIGlow>bw<UIGlow>01</UIGlow><UIForeground>01</UIForeground> (<UIForeground>F201FA</UIForeground><UIGlow>F201FB</UIGlow>motion<UIGlow>01</UIGlow><UIForeground>01</UIForeground>)  Führt nur die Bewegung aus. Bei fehlendem Unterbefehl wird sowohl die Bewegung ausgeführt als auch der Text angezeigt.","/omegaf","",293,0
603,2,1,2,0,0,"/toast","","/prosit, /toast
VERWENDUNG:
/prosit [Unterbefehl]
→ Du stemmst deinen Krug in die Höhe und schmetterst einen Toast.
>>Unterbefehl:
  <UIForeground>F201FA</UIForeground><UIGlow>F201FB</UIGlow>bw<UIGlow>01</UIGlow><UIForeground>01</UIForeground> (<UIForeground>F201FA</UIForeground><UIGlow>F201FB</UIGlow>motion<UIGlow>01</UIGlow><UIForeground>01</UIForeground>)  Führt nur die Bewegung aus. Bei fehlendem Unterbefehl wird sowohl die Bewegung ausgeführt als auch der Text angezeigt.","/prosit","",293,0
604,2,1,2,0,0,"/lean","","/anlehnen, /lean
VERWENDUNG:
/anlehnen [Unterbefehl]
→ Du lehnst dich lässig zurück.
>>Unterbefehl:
  <UIForeground>F201FA</UIForeground><UIGlow>F201FB</UIGlow>bw<UIGlow>01</UIGlow><UIForeground>01</UIForeground> (<UIForeground>F201FA</UIForeground><UIGlow>F201FB</UIGlow>motion<UIGlow>01</UIGlow><UIForeground>01</UIForeground>)  Führt nur die Bewegung aus.","/anlehnen","",293,0
605,2,1,2,0,0,"/headache","","/kopfschmerz, /headache
VERWENDUNG:
/kopfschmerz [Unterbefehl]
→ Du fasst dir schmerzerfüllt an den Kopf.
>>Unterbefehl:
  <UIForeground>F201FA</UIForeground><UIGlow>F201FB</UIGlow>bw<UIGlow>01</UIGlow><UIForeground>01</UIForeground> (<UIForeground>F201FA</UIForeground><UIGlow>F201FB</UIGlow>motion<UIGlow>01</UIGlow><UIForeground>01</UIForeground>)  Führt nur die Bewegung aus. Bei fehlendem Unterbefehl wird sowohl die Bewegung ausgeführt als auch der Text angezeigt.","/kopfschmerz","",293,0
606,2,1,2,0,0,"/snap","","/fingerschnippen, /snap
VERWENDUNG:
/fingerschnippen [Unterbefehl]
→ Du schnippst mit den Fingern.
>>Unterbefehl:
  <UIForeground>F201FA</UIForeground><UIGlow>F201FB</UIGlow>bw<UIGlow>01</UIGlow><UIForeground>01</UIForeground> (<UIForeground>F201FA</UIForeground><UIGlow>F201FB</UIGlow>motion<UIGlow>01</UIGlow><UIForeground>01</UIForeground>)  Führt nur die Bewegung aus. Bei fehlendem Unterbefehl wird sowohl die Bewegung ausgeführt als auch der Text angezeigt.","/fingerschnippen","",293,0
607,2,1,2,0,0,"/breakfast","/bread","/brotessen, /bread
VERWENDUNG:
/brotessen [Unterbefehl]
→ Du isst ein Stück Brot.
>>Unterbefehl:
  <UIForeground>F201FA</UIForeground><UIGlow>F201FB</UIGlow>bw<UIGlow>01</UIGlow><UIForeground>01</UIForeground> (<UIForeground>F201FA</UIForeground><UIGlow>F201FB</UIGlow>motion<UIGlow>01</UIGlow><UIForeground>01</UIForeground>)  Führt nur die Bewegung aus. Bei fehlendem Unterbefehl wird sowohl die Bewegung ausgeführt als auch der Text angezeigt.","/brotessen","",293,0
608,2,1,2,0,0,"/read","","/buchlektüre, /read
VERWENDUNG:
/buchlektüre [Unterbefehl]
→ Du liest ein Buch.
>>Unterbefehl:
  <UIForeground>F201FA</UIForeground><UIGlow>F201FB</UIGlow>bw<UIGlow>01</UIGlow><UIForeground>01</UIForeground> (<UIForeground>F201FA</UIForeground><UIGlow>F201FB</UIGlow>motion<UIGlow>01</UIGlow><UIForeground>01</UIForeground>)  Führt nur die Bewegung aus. Bei fehlendem Unterbefehl wird sowohl die Bewegung ausgeführt als auch der Text angezeigt.","/buchlektüre","",293,0
609,2,1,2,0,0,"/insist","","/insistieren, /insist
VERWENDUNG:
/insistieren [Unterbefehl]
→ Du gestikulierst wild mit den Händen, um deiner Aussage Nachdruck zu verleihen.
>>Unterbefehl:
  <UIForeground>F201FA</UIForeground><UIGlow>F201FB</UIGlow>bw<UIGlow>01</UIGlow><UIForeground>01</UIForeground> (<UIForeground>F201FA</UIForeground><UIGlow>F201FB</UIGlow>motion<UIGlow>01</UIGlow><UIForeground>01</UIForeground>)  Führt nur die Bewegung aus. Bei fehlendem Unterbefehl wird sowohl die Bewegung ausgeführt als auch der Text angezeigt.","/insistieren","",293,0
610,2,1,2,0,0,"/consider","/hmm","/hm, /consider
VERWENDUNG:
/hm [Unterbefehl]
→ Du machst ein zweifelndes Gesicht.
>>Unterbefehl:
  <UIForeground>F201FA</UIForeground><UIGlow>F201FB</UIGlow>bw<UIGlow>01</UIGlow><UIForeground>01</UIForeground> (<UIForeground>F201FA</UIForeground><UIGlow>F201FB</UIGlow>motion<UIGlow>01</UIGlow><UIForeground>01</UIForeground>)  Führt nur die Bewegung aus. Bei fehlendem Unterbefehl wird sowohl die Bewegung ausgeführt als auch der Text angezeigt.","/hm","/consider",293,0
611,2,1,2,0,0,"/wasshoi","","/wasshoi
VERWENDUNG:
/wasshoi [Unterbefehl]
→ Du rufst ein anfeuerndes „Wasshoi!“.
>>Unterbefehl:
  <UIForeground>F201FA</UIForeground><UIGlow>F201FB</UIGlow>bw<UIGlow>01</UIGlow><UIForeground>01</UIForeground> (<UIForeground>F201FA</UIForeground><UIGlow>F201FB</UIGlow>motion<UIGlow>01</UIGlow><UIForeground>01</UIForeground>)  Führt nur die Bewegung aus. Bei fehlendem Unterbefehl wird sowohl die Bewegung ausgeführt als auch der Text angezeigt.","","",293,0
612,2,1,2,0,0,"/flowershower","/petals","/bregen, /blütenregen, /flowershower
VERWENDUNG:
/bregen [Unterbefehl]
→ Du lässt einen Blütenregen niedergehen.
>>Unterbefehl:
  <UIForeground>F201FA</UIForeground><UIGlow>F201FB</UIGlow>bw<UIGlow>01</UIGlow><UIForeground>01</UIForeground> (<UIForeground>F201FA</UIForeground><UIGlow>F201FB</UIGlow>motion<UIGlow>01</UIGlow><UIForeground>01</UIForeground>)  Führt nur die Bewegung aus. Bei fehlendem Unterbefehl wird sowohl die Bewegung ausgeführt als auch der Text angezeigt.","/blütenregen","/bregen",293,0
613,2,1,2,0,0,"/flamedance","","/fltanz, /flammentanz, /flamedance
VERWENDUNG:
/fltanz [Unterbefehl]
→ Du tanzt den Flammentanz.
>>Unterbefehl:
  <UIForeground>F201FA</UIForeground><UIGlow>F201FB</UIGlow>bw<UIGlow>01</UIGlow><UIForeground>01</UIForeground> (<UIForeground>F201FA</UIForeground><UIGlow>F201FB</UIGlow>motion<UIGlow>01</UIGlow><UIForeground>01</UIForeground>)  Führt nur die Bewegung aus. Bei fehlendem Unterbefehl wird sowohl die Bewegung ausgeführt als auch der Text angezeigt.","/flammentanz","/fltanz",293,0
614,2,1,2,0,0,"/highfive","/hifive","/schlagein, /highfive
VERWENDUNG:
/schlagein [Unterbefehl]
→ Du hebst die Hand zum Abklatschen.
>>Unterbefehl:
  <UIForeground>F201FA</UIForeground><UIGlow>F201FB</UIGlow>bw<UIGlow>01</UIGlow><UIForeground>01</UIForeground> (<UIForeground>F201FA</UIForeground><UIGlow>F201FB</UIGlow>motion<UIGlow>01</UIGlow><UIForeground>01</UIForeground>)  Führt nur die Bewegung aus. Bei fehlendem Unterbefehl wird sowohl die Bewegung ausgeführt als auch der Text angezeigt.","/schlagein","",293,0
615,2,1,2,0,0,"/guard","","/wach, /wachsam, /guard
VERWENDUNG:
/wach [Unterbefehl]
→ Du siehst dich wachsam um.
>>Unterbefehl:
  <UIForeground>F201FA</UIForeground><UIGlow>F201FB</UIGlow>bw<UIGlow>01</UIGlow><UIForeground>01</UIForeground> (<UIForeground>F201FA</UIForeground><UIGlow>F201FB</UIGlow>motion<UIGlow>01</UIGlow><UIForeground>01</UIForeground>)  Führt nur die Bewegung aus. Bei fehlendem Unterbefehl wird sowohl die Bewegung ausgeführt als auch der Text angezeigt.","/wachsam","/wach",293,0
616,2,1,2,0,0,"/malevolence","","/fluch, /malevolence
 VERWENDUNG:
/fluch [Unterbefehl]
→ Du sprichst einen Fluch aus
>>Unterbefehl:
  <UIForeground>F201FA</UIForeground><UIGlow>F201FB</UIGlow>bw<UIGlow>01</UIGlow><UIForeground>01</UIForeground> (<UIForeground>F201FA</UIForeground><UIGlow>F201FB</UIGlow>motion<UIGlow>01</UIGlow><UIForeground>01</UIForeground>)  Führt nur die Bewegung aus. Bei fehlendem Unterbefehl wird sowohl die Bewegung ausgeführt als auch der Text angezeigt.","/fluch","",293,0
617,2,1,2,0,0,"/beesknees","","/bswing, /bienenswing, /beesknees
VERWENDUNG:
/bswing [Unterbefehl]
→ Du tanzt den Bienen-Swing.
>>Unterbefehl:
  <UIForeground>F201FA</UIForeground><UIGlow>F201FB</UIGlow>bw<UIGlow>01</UIGlow><UIForeground>01</UIForeground> (<UIForeground>F201FA</UIForeground><UIGlow>F201FB</UIGlow>motion<UIGlow>01</UIGlow><UIForeground>01</UIForeground>)  Führt nur die Bewegung aus. Bei fehlendem Unterbefehl wird sowohl die Bewegung ausgeführt als auch der Text angezeigt.","/bienenswing","/bswing",293,0
618,2,1,2,0,0,"/lalihop","","/hhopsasa, /holladrihopsasa, /lalihop
VERWENDUNG:
/hhop [Unterbefehl]
→ Du tanzt den Holladrihopsasa.
>>Unterbefehl:
  <UIForeground>F201FA</UIForeground><UIGlow>F201FB</UIGlow>bw<UIGlow>01</UIGlow><UIForeground>01</UIForeground> (<UIForeground>F201FA</UIForeground><UIGlow>F201FB</UIGlow>motion<UIGlow>01</UIGlow><UIForeground>01</UIForeground>)  Führt nur die Bewegung aus. Bei fehlendem Unterbefehl wird sowohl die Bewegung ausgeführt als auch der Text angezeigt.","/holladrihopsasa","/hhopsasa",293,0
621,2,1,2,0,0,"/eatriceball","/riceball","/onigiriessen, /onigiri, /eatriceball, /riceball
VERWENDUNG:
/onigiri [Unterbefehl]
→ Du isst einen Onigiri.
>>Unterbefehl:
  <UIForeground>F201FA</UIForeground><UIGlow>F201FB</UIGlow>bw<UIGlow>01</UIGlow><UIForeground>01</UIForeground> (<UIForeground>F201FA</UIForeground><UIGlow>F201FB</UIGlow>motion<UIGlow>01</UIGlow><UIForeground>01</UIForeground>)  Führt nur die Bewegung aus. Bei fehlendem Unterbefehl wird sowohl die Bewegung ausgeführt als auch der Text angezeigt.","/onigiriessen","/onigiri",293,0
622,2,1,2,0,0,"/eatapple","/apple","/apfelessen, /apfel, /eatapple, /apple
VERWENDUNG:
/apfel [Unterbefehl]
→ Du isst einen Apfel.
>>Unterbefehl:
  <UIForeground>F201FA</UIForeground><UIGlow>F201FB</UIGlow>bw<UIGlow>01</UIGlow><UIForeground>01</UIForeground> (<UIForeground>F201FA</UIForeground><UIGlow>F201FB</UIGlow>motion<UIGlow>01</UIGlow><UIForeground>01</UIForeground>)  Führt nur die Bewegung aus. Bei fehlendem Unterbefehl wird sowohl die Bewegung ausgeführt als auch der Text angezeigt.","/apfelessen","/apfel",293,0
623,2,1,2,0,0,"/wringhands","","/händereiben, /wringhands
VERWENDUNG:
/händereiben [Unterbefehl]
→ Du reibst die Hände.
>>Unterbefehl:
  <UIForeground>F201FA</UIForeground><UIGlow>F201FB</UIGlow>bw<UIGlow>01</UIGlow><UIForeground>01</UIForeground> (<UIForeground>F201FA</UIForeground><UIGlow>F201FB</UIGlow>motion<UIGlow>01</UIGlow><UIForeground>01</UIForeground>)  Führt nur die Bewegung aus. Bei fehlendem Unterbefehl wird sowohl die Bewegung ausgeführt als auch der Text angezeigt.","/händereiben","",293,0
624,2,1,2,0,0,"/sweep","/broom","/kehren, /sweep, /broom
VERWENDUNG:
/kehren [Unterbefehl]
→ Du kehrst den Boden.
>>Unterbefehl:
  <UIForeground>F201FA</UIForeground><UIGlow>F201FB</UIGlow>bw<UIGlow>01</UIGlow><UIForeground>01</UIForeground> (<UIForeground>F201FA</UIForeground><UIGlow>F201FB</UIGlow>motion<UIGlow>01</UIGlow><UIForeground>01</UIForeground>)  Führt nur die Bewegung aus. Bei fehlendem Unterbefehl wird sowohl die Bewegung ausgeführt als auch der Text angezeigt.","/kehren","",293,0
625,2,1,2,0,0,"/paintblack","","/pinselschwarz, /paintblack
VERWENDUNG:
/pinselschwarz [Unterbefehl]
→ Du hebst den Pinsel und klatschst einen schwarzen Farbklecks auf den Boden.
>>Unterbefehl:
  <UIForeground>F201FA</UIForeground><UIGlow>F201FB</UIGlow>bw<UIGlow>01</UIGlow><UIForeground>01</UIForeground> (<UIForeground>F201FA</UIForeground><UIGlow>F201FB</UIGlow>motion<UIGlow>01</UIGlow><UIForeground>01</UIForeground>)  Führt nur die Bewegung aus. Bei fehlendem Unterbefehl wird sowohl die Bewegung ausgeführt als auch der Text angezeigt.","/pinselschwarz","",293,0
626,2,1,2,0,0,"/paintred","","/pinselrot, /paintred
VERWENDUNG:
/pinselrot [Unterbefehl]
→ Du hebst den Pinsel und klatschst einen roten Farbklecks auf den Boden.
>>Unterbefehl:
  <UIForeground>F201FA</UIForeground><UIGlow>F201FB</UIGlow>bw<UIGlow>01</UIGlow><UIForeground>01</UIForeground> (<UIForeground>F201FA</UIForeground><UIGlow>F201FB</UIGlow>motion<UIGlow>01</UIGlow><UIForeground>01</UIForeground>)  Führt nur die Bewegung aus. Bei fehlendem Unterbefehl wird sowohl die Bewegung ausgeführt als auch der Text angezeigt.","/pinselrot","",293,0
627,2,1,2,0,0,"/paintyellow","","/pinselgelb, /paintyellow
VERWENDUNG:
/pinselgelb [Unterbefehl]
→ Du hebst den Pinsel und klatschst einen gelben Farbklecks auf den Boden.
>>Unterbefehl:
  <UIForeground>F201FA</UIForeground><UIGlow>F201FB</UIGlow>bw<UIGlow>01</UIGlow><UIForeground>01</UIForeground> (<UIForeground>F201FA</UIForeground><UIGlow>F201FB</UIGlow>motion<UIGlow>01</UIGlow><UIForeground>01</UIForeground>)  Führt nur die Bewegung aus. Bei fehlendem Unterbefehl wird sowohl die Bewegung ausgeführt als auch der Text angezeigt.","/pinselgelb","",293,0
628,2,1,2,0,0,"/paintblue","","/pinselblau, /paintblue
VERWENDUNG:
/pinselblau [Unterbefehl]
→ Du hebst den Pinsel und klatschst einen blauen Farbklecks auf den Boden.
>>Unterbefehl:
  <UIForeground>F201FA</UIForeground><UIGlow>F201FB</UIGlow>bw<UIGlow>01</UIGlow><UIForeground>01</UIForeground> (<UIForeground>F201FA</UIForeground><UIGlow>F201FB</UIGlow>motion<UIGlow>01</UIGlow><UIForeground>01</UIForeground>)  Führt nur die Bewegung aus. Bei fehlendem Unterbefehl wird sowohl die Bewegung ausgeführt als auch der Text angezeigt.","/pinselblau","",293,0
629,2,1,2,0,0,"/fakesmile","","/aufglächeln, /aufgesetzteslächeln, /fakesmile
VERWENDUNG:
/aufglächeln [Unterbefehl]
→ Du zeigst ein aufgesetztes Lächeln.
>>Unterbefehl:
  <UIForeground>F201FA</UIForeground><UIGlow>F201FB</UIGlow>bw<UIGlow>01</UIGlow><UIForeground>01</UIForeground> (<UIForeground>F201FA</UIForeground><UIGlow>F201FB</UIGlow>motion<UIGlow>01</UIGlow><UIForeground>01</UIForeground>)  Führt nur die Bewegung aus. Bei fehlendem Unterbefehl wird sowohl die Bewegung ausgeführt als auch der Text angezeigt.","/aufgesetzteslächeln","/aufglächeln",293,0
630,2,1,2,0,0,"/pantomime","/mime","/pantomime, /pmime
VERWENDUNG:
/pantomime [Unterbefehl]
→ Du tastest eine imaginäre Wand ab.
>>Unterbefehl:
  <UIForeground>F201FA</UIForeground><UIGlow>F201FB</UIGlow>bw<UIGlow>01</UIGlow><UIForeground>01</UIForeground> (<UIForeground>F201FA</UIForeground><UIGlow>F201FB</UIGlow>motion<UIGlow>01</UIGlow><UIForeground>01</UIForeground>)  Führt nur die Bewegung aus. Bei fehlendem Unterbefehl wird sowohl die Bewegung ausgeführt als auch der Text angezeigt.","/pmime","",293,0
631,2,1,2,0,0,"/vexed","","/grübeln, /vexed
VERWENDUNG:
/grübeln [Unterbefehl]
→ Du grübelst vor dich hin.
>>Unterbefehl:
  <UIForeground>F201FA</UIForeground><UIGlow>F201FB</UIGlow>bw<UIGlow>01</UIGlow><UIForeground>01</UIForeground> (<UIForeground>F201FA</UIForeground><UIGlow>F201FB</UIGlow>motion<UIGlow>01</UIGlow><UIForeground>01</UIForeground>)  Führt nur die Bewegung aus. Bei fehlendem Unterbefehl wird sowohl die Bewegung ausgeführt als auch der Text angezeigt.","/grübeln","",293,0
632,2,1,2,0,0,"/shush","/shh","/pst, /shh
VERWENDUNG:
/pst [Unterbefehl]
→ Du bittest um Ruhe, indem du den Zeigefinger auf den Mund legst.
>>Unterbefehl:
  <UIForeground>F201FA</UIForeground><UIGlow>F201FB</UIGlow>bw<UIGlow>01</UIGlow><UIForeground>01</UIForeground> (<UIForeground>F201FA</UIForeground><UIGlow>F201FB</UIGlow>motion<UIGlow>01</UIGlow><UIForeground>01</UIForeground>)  Führt nur die Bewegung aus. Bei fehlendem Unterbefehl wird sowohl die Bewegung ausgeführt als auch der Text angezeigt.","/pst","",293,0
633,2,1,2,0,0,"/eatpizza","/pizza","/pizzaessen, /pizza, /eatpizza 
VERWENDUNG:
/pizzaessen [Unterbefehl]
→ Du isst ein Stück Pizza.
>>Unterbefehl:
  <UIForeground>F201FA</UIForeground><UIGlow>F201FB</UIGlow>bw<UIGlow>01</UIGlow><UIForeground>01</UIForeground> (<UIForeground>F201FA</UIForeground><UIGlow>F201FB</UIGlow>motion<UIGlow>01</UIGlow><UIForeground>01</UIForeground>)  Führt nur die Bewegung aus. Bei fehlendem Unterbefehl wird sowohl die Bewegung ausgeführt als auch der Text angezeigt.","/pizzaessen","/pizza",293,0
634,2,1,2,0,0,"/clutchhead","","/kopffassen, /clutchhead
VERWENDUNG:
/kopffassen [Unterbefehl]
→ Du fasst dir an den Kopf.
>>Unterbefehl:
  <UIForeground>F201FA</UIForeground><UIGlow>F201FB</UIGlow>bw<UIGlow>01</UIGlow><UIForeground>01</UIForeground> (<UIForeground>F201FA</UIForeground><UIGlow>F201FB</UIGlow>motion<UIGlow>01</UIGlow><UIForeground>01</UIForeground>)  Führt nur die Bewegung aus. Bei fehlendem Unterbefehl wird sowohl die Bewegung ausgeführt als auch der Text angezeigt.","/kopffassen","",293,0
635,2,1,2,0,0,"/eatchocolate","/choco","/schokoladeessen, /schoko, /eatchocolate, /choco
VERWENDUNG:
/schokoladeessen [Unterbefehl]
→ Du isst ein Stück Schokolade.
>>Unterbefehl:
  <UIForeground>F201FA</UIForeground><UIGlow>F201FB</UIGlow>bw<UIGlow>01</UIGlow><UIForeground>01</UIForeground> (<UIForeground>F201FA</UIForeground><UIGlow>F201FB</UIGlow>motion<UIGlow>01</UIGlow><UIForeground>01</UIForeground>)  Führt nur die Bewegung aus. Bei fehlendem Unterbefehl wird sowohl die Bewegung ausgeführt als auch der Text angezeigt.","/schokoladeessen","/schoko",293,0
636,2,1,2,0,0,"/eategg","/egg","/eiessen, /ei, /eategg, /egg
VERWENDUNG:
/eiessen [Unterbefehl]
→ Du isst ein gekochtes Ei.
>>Unterbefehl:
  <UIForeground>F201FA</UIForeground><UIGlow>F201FB</UIGlow>bw<UIGlow>01</UIGlow><UIForeground>01</UIForeground> (<UIForeground>F201FA</UIForeground><UIGlow>F201FB</UIGlow>motion<UIGlow>01</UIGlow><UIForeground>01</UIForeground>)  Führt nur die Bewegung aus. Bei fehlendem Unterbefehl wird sowohl die Bewegung ausgeführt als auch der Text angezeigt.","/eiessen","/ei",293,0
637,2,1,2,0,0,"/content","","/glückselig, /content
VERWENDUNG:
/glückselig [Unterbefehl]
→ Du machst ein glückseliges Gesicht.
>>Unterbefehl:
  <UIForeground>F201FA</UIForeground><UIGlow>F201FB</UIGlow>bw<UIGlow>01</UIGlow><UIForeground>01</UIForeground> (<UIForeground>F201FA</UIForeground><UIGlow>F201FB</UIGlow>motion<UIGlow>01</UIGlow><UIForeground>01</UIForeground>)  Führt nur die Bewegung aus. Bei fehlendem Unterbefehl wird sowohl die Bewegung ausgeführt als auch der Text angezeigt.","/glückselig","",293,0
638,2,1,2,0,0,"/sheathe","","/wegstecken, /sheathe
VERWENDUNG:
/wegstecken [Unterbefehl]
→ Du steckst deine Waffe weg.
>>Unterbefehl:
  <UIForeground>F201FA</UIForeground><UIGlow>F201FB</UIGlow>bw<UIGlow>01</UIGlow><UIForeground>01</UIForeground> (<UIForeground>F201FA</UIForeground><UIGlow>F201FB</UIGlow>motion<UIGlow>01</UIGlow><UIForeground>01</UIForeground>)  Führt nur die Bewegung aus. Bei fehlendem Unterbefehl wird sowohl die Bewegung ausgeführt als auch der Text angezeigt.","/wegstecken","",293,0
639,2,1,2,0,0,"/draw","","/ziehen, /draw
VERWENDUNG:
/ziehen [Unterbefehl]
→ Du ziehst deine Waffe.
>>Unterbefehl:
  <UIForeground>F201FA</UIForeground><UIGlow>F201FB</UIGlow>bw<UIGlow>01</UIGlow><UIForeground>01</UIForeground> (<UIForeground>F201FA</UIForeground><UIGlow>F201FB</UIGlow>motion<UIGlow>01</UIGlow><UIForeground>01</UIForeground>)  Führt nur die Bewegung aus. Bei fehlendem Unterbefehl wird sowohl die Bewegung ausgeführt als auch der Text angezeigt.","/ziehen","",293,0
640,2,1,2,0,0,"/tea","","/tee, /tea
VERWENDUNG:
/tee [Unterbefehl]
→ Du trinkst eine Tasse Schwarztee.
>>Unterbefehl:
  <UIForeground>F201FA</UIForeground><UIGlow>F201FB</UIGlow>bw<UIGlow>01</UIGlow><UIForeground>01</UIForeground> (<UIForeground>F201FA</UIForeground><UIGlow>F201FB</UIGlow>motion<UIGlow>01</UIGlow><UIForeground>01</UIForeground>)  Führt nur die Bewegung aus. Bei fehlendem Unterbefehl wird sowohl die Bewegung ausgeführt als auch der Text angezeigt.","/tee","",293,0
641,2,1,2,0,0,"/determined","","/entschlossen, /determined
VERWENDUNG:
/entschlossen [Unterbefehl]
→ Du bringst deine Ent<SoftHyphen/>schlos<SoftHyphen/>sen<SoftHyphen/>heit zum Ausdruck.
>>Unterbefehl:
  <UIForeground>F201FA</UIForeground><UIGlow>F201FB</UIGlow>bw<UIGlow>01</UIGlow><UIForeground>01</UIForeground> (<UIForeground>F201FA</UIForeground><UIGlow>F201FB</UIGlow>motion<UIGlow>01</UIGlow><UIForeground>01</UIForeground>)  Führt nur die Bewegung aus. Bei fehlendem Unterbefehl wird sowohl die Bewegung ausgeführt als auch der Text angezeigt.","/entschlossen","",293,0
642,2,1,2,0,0,"/showright","","/rechtszeigen, /showright
VERWENDUNG:
/rechtszeigen [Unterbefehl]
→ Du zeigst nach rechts.
>>Unterbefehl:
  <UIForeground>F201FA</UIForeground><UIGlow>F201FB</UIGlow>bw<UIGlow>01</UIGlow><UIForeground>01</UIForeground> (<UIForeground>F201FA</UIForeground><UIGlow>F201FB</UIGlow>motion<UIGlow>01</UIGlow><UIForeground>01</UIForeground>)  Führt nur die Bewegung aus. Bei fehlendem Unterbefehl wird sowohl die Bewegung ausgeführt als auch der Text angezeigt.","/rechtszeigen","",293,0
643,2,1,2,0,0,"/showleft","","/linkszeigen, /showleft
VERWENDUNG:
/linkszeigen [Unterbefehl]
→ Du zeigst nach links.
>>Unterbefehl:
  <UIForeground>F201FA</UIForeground><UIGlow>F201FB</UIGlow>bw<UIGlow>01</UIGlow><UIForeground>01</UIForeground> (<UIForeground>F201FA</UIForeground><UIGlow>F201FB</UIGlow>motion<UIGlow>01</UIGlow><UIForeground>01</UIForeground>)  Führt nur die Bewegung aus. Bei fehlendem Unterbefehl wird sowohl die Bewegung ausgeführt als auch der Text angezeigt.","/linkszeigen","",293,0
644,0,0,0,0,0,"","","","","",0,0
645,0,0,0,0,0,"","","","","",0,0
646,2,1,2,0,0,"/deride","/pagaga","/verhöhnen, /deride
VERWENDUNG:
/verhöhnen [Unterbefehl]
→ Du machst eine Geste der Verhöhnung.
>>Unterbefehl:
  <UIForeground>F201FA</UIForeground><UIGlow>F201FB</UIGlow>bw<UIGlow>01</UIGlow><UIForeground>01</UIForeground> (<UIForeground>F201FA</UIForeground><UIGlow>F201FB</UIGlow>motion<UIGlow>01</UIGlow><UIForeground>01</UIForeground>)  Führt nur die Bewegung aus. Bei fehlendem Unterbefehl wird sowohl die Bewegung ausgeführt als auch der Text angezeigt.","/verhöhnen","",293,0
647,2,1,2,0,0,"/wow","","/entzückt, /wow
VERWENDUNG:
/entzückt [Unterbefehl]
→ Du zeigst mit Mimik und Gestik dein Entzücken.
>>Unterbefehl:
  <UIForeground>F201FA</UIForeground><UIGlow>F201FB</UIGlow>bw<UIGlow>01</UIGlow><UIForeground>01</UIForeground> (<UIForeground>F201FA</UIForeground><UIGlow>F201FB</UIGlow>motion<UIGlow>01</UIGlow><UIForeground>01</UIForeground>)  Führt nur die Bewegung aus. Bei fehlendem Unterbefehl wird sowohl die Bewegung ausgeführt als auch der Text angezeigt.","/entzückt","",293,0
648,2,1,2,0,0,"/eatpumpkincookie","/cookie","/kürbiskeksessen, /kürbiskeks
VERWENDUNG:
/kürbiskeksessen [Unterbefehl]
→ Du isst einen Kürbiskeks.
>>Unterbefehl:
  <UIForeground>F201FA</UIForeground><UIGlow>F201FB</UIGlow>bw<UIGlow>01</UIGlow><UIForeground>01</UIForeground> (<UIForeground>F201FA</UIForeground><UIGlow>F201FB</UIGlow>motion<UIGlow>01</UIGlow><UIForeground>01</UIForeground>)  Führt nur die Bewegung aus. Bei fehlendem Unterbefehl wird sowohl die Bewegung ausgeführt als auch der Text angezeigt.","/kürbiskeksessen","/kürbiskeks",293,0
649,2,1,2,0,0,"/spirit","","/oleoleoleole, /ole, /spirit
VERWENDUNG:
/oleoleoleole [Unterbefehl]
→ Du gibst motivierende Zurufe von dir.
>>Unterbefehl:
  <UIForeground>F201FA</UIForeground><UIGlow>F201FB</UIGlow>bw<UIGlow>01</UIGlow><UIForeground>01</UIForeground> (<UIForeground>F201FA</UIForeground><UIGlow>F201FB</UIGlow>motion<UIGlow>01</UIGlow><UIForeground>01</UIForeground>)  Führt nur die Bewegung aus. Bei fehlendem Unterbefehl wird sowohl die Bewegung ausgeführt als auch der Text angezeigt.","/oleoleoleole","/ole",293,0
650,2,1,2,0,0,"/magictrick","","/zaubertrick, /magictrick
VERWENDUNG:
/zaubertrick [Unterbefehl]
→ Du führst einen Zaubertrick vor.
>>Unterbefehl:
  <UIForeground>F201FA</UIForeground><UIGlow>F201FB</UIGlow>bw<UIGlow>01</UIGlow><UIForeground>01</UIForeground> (<UIForeground>F201FA</UIForeground><UIGlow>F201FB</UIGlow>motion<UIGlow>01</UIGlow><UIForeground>01</UIForeground>)  Führt nur die Bewegung aus. Bei fehlendem Unterbefehl wird sowohl die Bewegung ausgeführt als auch der Text angezeigt.","/zaubertrick","",293,0
651,2,1,2,0,0,"/littleladiesdance","/ladance","/prinzessinnentanz, /littleladiesdance, /ladance
VERWENDUNG:
/prinzessinnentanz [Unterbefehl]
→ Du tanzt wie auf dem Prinzessinnenfest.
>>Unterbefehl:
  <UIForeground>F201FA</UIForeground><UIGlow>F201FB</UIGlow>bw<UIGlow>01</UIGlow><UIForeground>01</UIForeground> (<UIForeground>F201FA</UIForeground><UIGlow>F201FB</UIGlow>motion<UIGlow>01</UIGlow><UIForeground>01</UIForeground>)  Führt nur die Bewegung aus. Bei fehlendem Unterbefehl wird sowohl die Bewegung ausgeführt als auch der Text angezeigt.","/prinzessinnentanz","",293,0
652,2,1,2,0,0,"/linkpearl","","/kontaktperle, /linkpearl
VERWENDUNG:
/kontaktperle [Unterbefehl]
→ Du tätigst einen Kontaktperlenanruf.
>>Unterbefehl:
  <UIForeground>F201FA</UIForeground><UIGlow>F201FB</UIGlow>bw<UIGlow>01</UIGlow><UIForeground>01</UIForeground> (<UIForeground>F201FA</UIForeground><UIGlow>F201FB</UIGlow>motion<UIGlow>01</UIGlow><UIForeground>01</UIForeground>)  Führt nur die Bewegung aus. Bei fehlendem Unterbefehl wird sowohl die Bewegung ausgeführt als auch der Text angezeigt.","/kontaktperle","",293,0
653,2,1,2,0,0,"/earwiggle","","/löffelwackeln, /earwiggle
VERWENDUNG:
/löffelwackeln [Unterbefehl]
→ Du wackelst vergnügt mit deinen Löffeln.
>>Unterbefehl:
  <UIForeground>F201FA</UIForeground><UIGlow>F201FB</UIGlow>bw<UIGlow>01</UIGlow><UIForeground>01</UIForeground> (<UIForeground>F201FA</UIForeground><UIGlow>F201FB</UIGlow>motion<UIGlow>01</UIGlow><UIForeground>01</UIForeground>)  Führt nur die Bewegung aus. Bei fehlendem Unterbefehl wird sowohl die Bewegung ausgeführt als auch der Text angezeigt.","/löffelwackeln","",293,0
654,0,0,0,0,0,"","","","","",0,0
655,0,0,0,0,0,"","","","","",0,0
656,0,0,0,0,0,"","","","","",0,0
657,2,1,2,0,0,"/frighten","","/angstundschrecken, /schrecken, /frighten
VERWENDUNG:
/angstundschrecken [Unterbefehl]
→ Du versuchst, alle um dich herum in Angst und Schrecken zu versetzen.
>>Unterbefehl:
  <UIForeground>F201FA</UIForeground><UIGlow>F201FB</UIGlow>bw<UIGlow>01</UIGlow><UIForeground>01</UIForeground> (<UIForeground>F201FA</UIForeground><UIGlow>F201FB</UIGlow>motion<UIGlow>01</UIGlow><UIForeground>01</UIForeground>)  Führt nur die Bewegung aus. Bei fehlendem Unterbefehl wird sowohl die Bewegung ausgeführt als auch der Text angezeigt.","/angstundschrecken","/schrecken",293,0
658,2,1,2,0,0,"/adventoflight","/advent","/heldenhafterauftritt, /held, /advent
VERWENDUNG:
/heldenhafterauftritt[Unterbefehl]
→ Du zeigst deiner Umgebung, wer der Held ist.
>>Unterbefehl:
  <UIForeground>F201FA</UIForeground><UIGlow>F201FB</UIGlow>bw<UIGlow>01</UIGlow><UIForeground>01</UIForeground> (<UIForeground>F201FA</UIForeground><UIGlow>F201FB</UIGlow>motion<UIGlow>01</UIGlow><UIForeground>01</UIForeground>)  Führt nur die Bewegung aus. Bei fehlendem Unterbefehl wird sowohl die Bewegung ausgeführt als auch der Text angezeigt.","/heldenhafterauftritt","/held",293,0
659,2,1,2,0,0,"/jumpforjoy1","/jj1","/freudensprung1, /jumpforjoy1
VERWENDUNG:
/freudensprung1 [Unterbefehl]
→ Du führst einen niedlichen Freudensprung aus.
>>Unterbefehl:
  <UIForeground>F201FA</UIForeground><UIGlow>F201FB</UIGlow>bw<UIGlow>01</UIGlow><UIForeground>01</UIForeground> (<UIForeground>F201FA</UIForeground><UIGlow>F201FB</UIGlow>motion<UIGlow>01</UIGlow><UIForeground>01</UIForeground>)  Führt nur die Bewegung aus. Bei fehlendem Unterbefehl wird sowohl die Bewegung ausgeführt als auch der Text angezeigt.","/freudensprung1","",293,0
660,2,1,2,0,0,"/jumpforjoy2","/jj2","/freudensprung2, /jumpforjoy2
VERWENDUNG:
/freudensprung2 [Unterbefehl]
→ Du führst einen wohlwollenden Freudensprung aus.
>>Unterbefehl:
  <UIForeground>F201FA</UIForeground><UIGlow>F201FB</UIGlow>bw<UIGlow>01</UIGlow><UIForeground>01</UIForeground> (<UIForeground>F201FA</UIForeground><UIGlow>F201FB</UIGlow>motion<UIGlow>01</UIGlow><UIForeground>01</UIForeground>)  Führt nur die Bewegung aus. Bei fehlendem Unterbefehl wird sowohl die Bewegung ausgeführt als auch der Text angezeigt.","/freudensprung2","",293,0
661,2,1,2,0,0,"/jumpforjoy3","/jj3","/freudensprung3, /jumpforjoy3
VERWENDUNG:
/freudensprung3 [Unterbefehl]
→ Du führst einen kraftvollen Freudensprung aus.
>>Unterbefehl:
  <UIForeground>F201FA</UIForeground><UIGlow>F201FB</UIGlow>bw<UIGlow>01</UIGlow><UIForeground>01</UIForeground> (<UIForeground>F201FA</UIForeground><UIGlow>F201FB</UIGlow>motion<UIGlow>01</UIGlow><UIForeground>01</UIForeground>)  Führt nur die Bewegung aus. Bei fehlendem Unterbefehl wird sowohl die Bewegung ausgeführt als auch der Text angezeigt.","/freudensprung3","",293,0
662,2,1,2,0,0,"/jumpforjoy4","/jj4","/freudensprung4, /jumpforjoy4
VERWENDUNG:
/freudensprung4 [Unterbefehl]
→ Du führst einen ausgedehnten Freudensprung aus.
>>Unterbefehl:
  <UIForeground>F201FA</UIForeground><UIGlow>F201FB</UIGlow>bw<UIGlow>01</UIGlow><UIForeground>01</UIForeground> (<UIForeground>F201FA</UIForeground><UIGlow>F201FB</UIGlow>motion<UIGlow>01</UIGlow><UIForeground>01</UIForeground>)  Führt nur die Bewegung aus. Bei fehlendem Unterbefehl wird sowohl die Bewegung ausgeführt als auch der Text angezeigt.","/freudensprung4","",293,0
663,2,1,2,0,0,"/jumpforjoy5","/jj5","/freudensprung5, /jumpforjoy5
VERWENDUNG:
/freudensprung5 [Unterbefehl]
→ Du führst einen stacheligen Freudensprung aus.
>>Unterbefehl:
  <UIForeground>F201FA</UIForeground><UIGlow>F201FB</UIGlow>bw<UIGlow>01</UIGlow><UIForeground>01</UIForeground> (<UIForeground>F201FA</UIForeground><UIGlow>F201FB</UIGlow>motion<UIGlow>01</UIGlow><UIForeground>01</UIForeground>)  Führt nur die Bewegung aus. Bei fehlendem Unterbefehl wird sowohl die Bewegung ausgeführt als auch der Text angezeigt.","/freudensprung5","",293,0
664,2,1,2,0,0,"/handtoheart","","/handaufdiebrust, /handonheart
VERWENDUNG:
/handaufdiebrust [Unterbefehl]
→ Du legst die Hand auf die Brust.
>>Unterbefehl:
  <UIForeground>F201FA</UIForeground><UIGlow>F201FB</UIGlow>bw<UIGlow>01</UIGlow><UIForeground>01</UIForeground> (<UIForeground>F201FA</UIForeground><UIGlow>F201FB</UIGlow>motion<UIGlow>01</UIGlow><UIForeground>01</UIForeground>)  Führt nur die Bewegung aus. Bei fehlendem Unterbefehl wird sowohl die Bewegung ausgeführt als auch der Text angezeigt.","/handaufdiebrust","",293,0
665,2,1,2,0,0,"/cheeronbright","/cheerow","/anwippweiß, /wippweiß, /cheerow
VERWENDUNG:
/anwippweiß [Unterbefehl]
→ Du feuerst mit weiß schimmernden Leuchtstäben an.
>>Unterbefehl:
  <UIForeground>F201FA</UIForeground><UIGlow>F201FB</UIGlow>bw<UIGlow>01</UIGlow><UIForeground>01</UIForeground> (<UIForeground>F201FA</UIForeground><UIGlow>F201FB</UIGlow>motion<UIGlow>01</UIGlow><UIForeground>01</UIForeground>)  Führt nur die Bewegung aus. Bei fehlendem Unterbefehl wird sowohl die Bewegung ausgeführt als auch der Text angezeigt. ","/anwippweiß","/wippweiß",293,0
666,2,1,2,0,0,"/cheerwaveviolet","/cheerwv","/anschwenklila, /schwenklila, /cheerwv
VERWENDUNG:
/anschwenklila [Unterbefehl]
→ Du feuerst schwenkend mit lila schimmernden Leuchtstäben an.
>>Unterbefehl:
  <UIForeground>F201FA</UIForeground><UIGlow>F201FB</UIGlow>bw<UIGlow>01</UIGlow><UIForeground>01</UIForeground> (<UIForeground>F201FA</UIForeground><UIGlow>F201FB</UIGlow>motion<UIGlow>01</UIGlow><UIForeground>01</UIForeground>)  Führt nur die Bewegung aus. Bei fehlendem Unterbefehl wird sowohl die Bewegung ausgeführt als auch der Text angezeigt. ","/anschwenklila","/schwenklila",293,0
667,2,1,2,0,0,"/cheerjumpgreen","/cheerjg","/anhüpfgrün, /hüpfgrün, /cheerjg
VERWENDUNG:
/anhüpfgrün [Unterbefehl]
→ Du feuerst hüpfend mit grün schimmernden Leuchtstäben an.
>>Unterbefehl:
  <UIForeground>F201FA</UIForeground><UIGlow>F201FB</UIGlow>bw<UIGlow>01</UIGlow><UIForeground>01</UIForeground> (<UIForeground>F201FA</UIForeground><UIGlow>F201FB</UIGlow>motion<UIGlow>01</UIGlow><UIForeground>01</UIForeground>)  Führt nur die Bewegung aus. Bei fehlendem Unterbefehl wird sowohl die Bewegung ausgeführt als auch der Text angezeigt. ","/anhüpfgrün","/hüpfgrün",293,0
668,2,1,2,0,0,"/allsaintscharm","","/verwandlungsmagie, /verwand, /allsaintscharm
VERWENDUNG:
/verwandlungsmagie [Unterbefehl]
→ Du führst einen Ver<SoftHyphen/>wand<SoftHyphen/>lungszauber aus.
>>Unterbefehl:
  <UIForeground>F201FA</UIForeground><UIGlow>F201FB</UIGlow>bw<UIGlow>01</UIGlow><UIForeground>01</UIForeground> (<UIForeground>F201FA</UIForeground><UIGlow>F201FB</UIGlow>motion<UIGlow>01</UIGlow><UIForeground>01</UIForeground>)  Führt nur die Bewegung aus. Bei fehlendem Unterbefehl wird sowohl die Bewegung ausgeführt als auch der Text angezeigt.","/verwandlungsmagie","/verwand",293,0
669,0,0,0,0,0,"","","","","",0,0
670,2,1,2,0,0,"/lophop","","/lophop, /loporrittanz
VERWENDUNG:
/lophop [Unterbefehl]
→ Du hopst den Lophop.
>>Unterbefehl:
  <UIForeground>F201FA</UIForeground><UIGlow>F201FB</UIGlow>bw<UIGlow>01</UIGlow><UIForeground>01</UIForeground> (<UIForeground>F201FA</UIForeground><UIGlow>F201FB</UIGlow>motion<UIGlow>01</UIGlow><UIForeground>01</UIForeground>)  Führt nur die Bewegung aus. Bei fehlendem Unterbefehl wird sowohl die Bewegung ausgeführt als auch der Text angezeigt.","/loporrittanz","",293,0
671,2,1,2,0,0,"/reference","","/literaturvergleich, /literatur, /reference
VERWENDUNG:
/literaturvergleich [Unterbefehl]
→ Du vergleichst mit deiner Literatur.
>>Unterbefehl:
  <UIForeground>F201FA</UIForeground><UIGlow>F201FB</UIGlow>bw<UIGlow>01</UIGlow><UIForeground>01</UIForeground> (<UIForeground>F201FA</UIForeground><UIGlow>F201FB</UIGlow>motion<UIGlow>01</UIGlow><UIForeground>01</UIForeground>)  Führt nur die Bewegung aus. Bei fehlendem Unterbefehl wird sowohl die Bewegung ausgeführt als auch der Text angezeigt.","/literaturvergleich","/literatur",293,0
672,2,1,2,0,0,"/eatchicken","","/backhähnchen, /hähnchenessen, /eatchicken
VERWENDUNG:
/backhähnchen [Unterbefehl]
→ Du isst ein Stück Backhähnchen.
>>Unterbefehl:
  <UIForeground>F201FA</UIForeground><UIGlow>F201FB</UIGlow>bw<UIGlow>01</UIGlow><UIForeground>01</UIForeground> (<UIForeground>F201FA</UIForeground><UIGlow>F201FB</UIGlow>motion<UIGlow>01</UIGlow><UIForeground>01</UIForeground>)  Führt nur die Bewegung aus. Bei fehlendem Unterbefehl wird sowohl die Bewegung ausgeführt als auch der Text angezeigt.","/backhähnchen","/hähnchenessen",293,0
673,2,1,2,0,0,"/sundering","/exodus","/exodus, /sundering
VERWENDUNG:
/exodus [Unterbefehl]
→ Du entfesselst Exodus.
>>Unterbefehl:
  <UIForeground>F201FA</UIForeground><UIGlow>F201FB</UIGlow>bw<UIGlow>01</UIGlow><UIForeground>01</UIForeground> (<UIForeground>F201FA</UIForeground><UIGlow>F201FB</UIGlow>motion<UIGlow>01</UIGlow><UIForeground>01</UIForeground>)  Führt nur die Bewegung aus. Bei fehlendem Unterbefehl wird sowohl die Bewegung ausgeführt als auch der Text angezeigt.","/exodus","",293,0
674,2,1,2,0,0,"/slump","","/kopfhängen, /slump
VERWENDUNG:
/kopfhängen [Unterbefehl]
→ Du lässt betrübt den Kopf hängen.
>>Unterbefehl:
  <UIForeground>F201FA</UIForeground><UIGlow>F201FB</UIGlow>bw<UIGlow>01</UIGlow><UIForeground>01</UIForeground> (<UIForeground>F201FA</UIForeground><UIGlow>F201FB</UIGlow>motion<UIGlow>01</UIGlow><UIForeground>01</UIForeground>)  Führt nur die Bewegung aus. Bei fehlendem Unterbefehl wird sowohl die Bewegung ausgeführt als auch der Text angezeigt.","/kopfhängen","",293,0
675,2,1,2,0,0,"/loveheart","/heart","/herzpose, /loveheart, /heart
VERWENDUNG:
/herzpose [Unterbefehl]
→ Du formst ein Herz mit deinen Händen.
>>Unterbefehl:
  <UIForeground>F201FA</UIForeground><UIGlow>F201FB</UIGlow>bw<UIGlow>01</UIGlow><UIForeground>01</UIForeground> (<UIForeground>F201FA</UIForeground><UIGlow>F201FB</UIGlow>motion<UIGlow>01</UIGlow><UIForeground>01</UIForeground>)  Führt nur die Bewegung aus. Bei fehlendem Unterbefehl wird sowohl die Bewegung ausgeführt als auch der Text angezeigt.","/herzpose","",293,0
676,2,1,2,0,0,"/humbletriumph","/waitforit","/kleinerstolz, /humbletriumph, /waitforit
VERWENDUNG:
/kleinerstolz [Unterbefehl]
→ Du strotzt vor Stolz - ein klein bisschen.
>>Unterbefehl:
  <UIForeground>F201FA</UIForeground><UIGlow>F201FB</UIGlow>bw<UIGlow>01</UIGlow><UIForeground>01</UIForeground> (<UIForeground>F201FA</UIForeground><UIGlow>F201FB</UIGlow>motion<UIGlow>01</UIGlow><UIForeground>01</UIForeground>)  Führt nur die Bewegung aus. Bei fehlendem Unterbefehl wird sowohl die Bewegung ausgeführt als auch der Text angezeigt.","/kleinerstolz","",293,0
677,2,1,2,0,0,"/victoryreveal","/vreveal","/bohnensieg, /victoryreveal
VERWENDUNG:
/bohnensieg [Unterbefehl]
→ Du feierst deinen Sieg mit einer gebührend bohnigen Pose.
>>Unterbefehl:
  <UIForeground>F201FA</UIForeground><UIGlow>F201FB</UIGlow>bw<UIGlow>01</UIGlow><UIForeground>01</UIForeground> (<UIForeground>F201FA</UIForeground><UIGlow>F201FB</UIGlow>motion<UIGlow>01</UIGlow><UIForeground>01</UIForeground>)  Führt nur die Bewegung aus. Bei fehlendem Unterbefehl wird sowohl die Bewegung ausgeführt als auch der Text angezeigt.","/bohnensieg","",293,0
678,2,1,2,0,0,"/fryegg","","/spiegelei, /fryegg
VERWENDUNG:
/spiegelei [Unterbefehl]
→ Du brätst dir ein köstliches Spiegelei.
>>Unterbefehl:
  <UIForeground>F201FA</UIForeground><UIGlow>F201FB</UIGlow>bw<UIGlow>01</UIGlow><UIForeground>01</UIForeground> (<UIForeground>F201FA</UIForeground><UIGlow>F201FB</UIGlow>motion<UIGlow>01</UIGlow><UIForeground>01</UIForeground>)  Führt nur die Bewegung aus. Bei fehlendem Unterbefehl wird sowohl die Bewegung ausgeführt als auch der Text angezeigt.","/spiegelei","",293,0
679,2,1,2,0,0,"/uchiwasshoi","/bigfan","/großfächer, /uchiwasshoi, /bigfan
VERWENDUNG:
/großfächer [Unterbefehl]
→ Du kühlst die Umgebung mit deinem riesigen Fächer ordentlich ab.
>>Unterbefehl:
  <UIForeground>F201FA</UIForeground><UIGlow>F201FB</UIGlow>bw<UIGlow>01</UIGlow><UIForeground>01</UIForeground> (<UIForeground>F201FA</UIForeground><UIGlow>F201FB</UIGlow>motion<UIGlow>01</UIGlow><UIForeground>01</UIForeground>)  Führt nur die Bewegung aus. Bei fehlendem Unterbefehl wird sowohl die Bewegung ausgeführt als auch der Text angezeigt.","/großfächer","",293,0
680,2,1,2,0,0,"/attend","","/anweisung, /attend
VERWENDUNG:
/anweisung [Unterbefehl]
→ Du wartest auf Anweisungen.
>>Unterbefehl:
  <UIForeground>F201FA</UIForeground><UIGlow>F201FB</UIGlow>bw<UIGlow>01</UIGlow><UIForeground>01</UIForeground> (<UIForeground>F201FA</UIForeground><UIGlow>F201FB</UIGlow>motion<UIGlow>01</UIGlow><UIForeground>01</UIForeground>)  Führt nur die Bewegung aus. Bei fehlendem Unterbefehl wird sowohl Text angezeigt als auch die Bewegung ausgeführt.","/anweisung","",293,0
681,2,1,2,0,0,"/water","","/gießkanne, /water
VERWENDUNG:
/gießkanne [Unterbefehl]
→ Du gießt Wasser aus einer Gießkanne.
>>Unterbefehl:
  <UIForeground>F201FA</UIForeground><UIGlow>F201FB</UIGlow>bw<UIGlow>01</UIGlow><UIForeground>01</UIForeground> (<UIForeground>F201FA</UIForeground><UIGlow>F201FB</UIGlow>motion<UIGlow>01</UIGlow><UIForeground>01</UIForeground>)  Führt nur die Bewegung aus. Bei fehlendem Unterbefehl wird sowohl Text angezeigt als auch die Bewegung ausgeführt.","/gießkanne","",293,0
682,2,1,2,0,0,"/shakedrink","","/mixen, /shakedrink
VERWENDUNG:
/mixen [Unterbefehl]
→ Du schüttelst einen Cocktail-Mixer.
>>Unterbefehl:
  <UIForeground>F201FA</UIForeground><UIGlow>F201FB</UIGlow>bw<UIGlow>01</UIGlow><UIForeground>01</UIForeground> (<UIForeground>F201FA</UIForeground><UIGlow>F201FB</UIGlow>motion<UIGlow>01</UIGlow><UIForeground>01</UIForeground>)  Führt nur die Bewegung aus. Bei fehlendem Unterbefehl wird sowohl Text angezeigt als auch die Bewegung ausgeführt.","/mixen","",293,0
683,2,1,2,0,0,"/poseoftheunbound","/unbound","/freigeist, /poseoftheunbound, /unbound
VERWENDUNG:
/freigeist [Unterbefehl]
→ Du machst die Freigeist-Pose.
>>Unterbefehl:
  <UIForeground>F201FA</UIForeground><UIGlow>F201FB</UIGlow>bw<UIGlow>01</UIGlow><UIForeground>01</UIForeground> (<UIForeground>F201FA</UIForeground><UIGlow>F201FB</UIGlow>motion<UIGlow>01</UIGlow><UIForeground>01</UIForeground>)  Führt nur die Bewegung aus. Bei fehlendem Unterbefehl wird sowohl Text angezeigt als auch die Bewegung ausgeführt.","/freigeist","",293,0
684,2,1,2,0,0,"/bouquet","","/blumen, /bouquet
VERWENDUNG:
/blumen [Unterbefehl]
→ Du reichst einen Blumenstrauß.
>>Unterbefehl:
  <UIForeground>F201FA</UIForeground><UIGlow>F201FB</UIGlow>bw<UIGlow>01</UIGlow><UIForeground>01</UIForeground> (<UIForeground>F201FA</UIForeground><UIGlow>F201FB</UIGlow>motion<UIGlow>01</UIGlow><UIForeground>01</UIForeground>)  Führt nur die Bewegung aus. Bei fehlendem Unterbefehl wird sowohl Text angezeigt als auch die Bewegung ausgeführt.","/blumen","",293,0
685,2,1,2,0,0,"/blowbubbles","","/seifenblasen, /blowbubbles
VERWENDUNG:
/seifenblasen [Unterbefehl]
→ Du pustest Seifenblasen.
>>Unterbefehl:
  <UIForeground>F201FA</UIForeground><UIGlow>F201FB</UIGlow>bw<UIGlow>01</UIGlow><UIForeground>01</UIForeground> (<UIForeground>F201FA</UIForeground><UIGlow>F201FB</UIGlow>motion<UIGlow>01</UIGlow><UIForeground>01</UIForeground>)  Führt nur die Bewegung aus. Bei fehlendem Unterbefehl wird sowohl Text angezeigt als auch die Bewegung ausgeführt.","/seifenblasen","",293,0
686,2,1,2,0,0,"/ohokaliy","","/ohokaliy
VERWENDUNG:
/ohokaliy [Unterbefehl]
→ Du zeigst den Ohokaliy-Gruß.
>>Unterbefehl:
  <UIForeground>F201FA</UIForeground><UIGlow>F201FB</UIGlow>bw<UIGlow>01</UIGlow><UIForeground>01</UIForeground> (<UIForeground>F201FA</UIForeground><UIGlow>F201FB</UIGlow>motion<UIGlow>01</UIGlow><UIForeground>01</UIForeground>)  Führt nur die Bewegung aus. Bei fehlendem Unterbefehl wird sowohl Text angezeigt als auch die Bewegung ausgeführt.","/ohokaliy","",293,0
687,2,1,2,0,0,"/visage","","/schönheit, /visage
VERWENDUNG:
/schönheit [Unterbefehl]
→ Du hast ein Selbstportrait auf dem Exotablet gespeichert.
>>Unterbefehl:
  <UIForeground>F201FA</UIForeground><UIGlow>F201FB</UIGlow>bw<UIGlow>01</UIGlow><UIForeground>01</UIForeground> (<UIForeground>F201FA</UIForeground><UIGlow>F201FB</UIGlow>motion<UIGlow>01</UIGlow><UIForeground>01</UIForeground>)  Führt nur die Bewegung aus. Bei fehlendem Unterbefehl wird sowohl Text angezeigt als auch die Bewegung ausgeführt.","/schönheit","",293,0
688,0,0,0,0,0,"","","","","",0,0
689,2,1,2,0,0,"/photograph","","/foto, /photograph
VERWENDUNG:
/foto [Unterbefehl]
→ Du machst ein Foto.
>>Unterbefehl:
  <UIForeground>F201FA</UIForeground><UIGlow>F201FB</UIGlow>bw<UIGlow>01</UIGlow><UIForeground>01</UIForeground> (<UIForeground>F201FA</UIForeground><UIGlow>F201FB</UIGlow>motion<UIGlow>01</UIGlow><UIForeground>01</UIForeground>)  Führt nur die Bewegung aus. Bei fehlendem Unterbefehl wird sowohl Text angezeigt als auch die Bewegung ausgeführt.","/foto","",293,0
690,0,0,0,0,0,"","","","","",0,0
691,0,0,0,0,0,"","","","","",0,0
692,2,1,2,0,0,"/overreact","","/socken, /overreact
VERWENDUNG:
/socken [Unterbefehl]
→ Du bist vollkommen von den Socken.
>>Unterbefehl:
  <UIForeground>F201FA</UIForeground><UIGlow>F201FB</UIGlow>bw<UIGlow>01</UIGlow><UIForeground>01</UIForeground> (<UIForeground>F201FA</UIForeground><UIGlow>F201FB</UIGlow>motion<UIGlow>01</UIGlow><UIForeground>01</UIForeground>)  Führt nur die Bewegung aus. Bei fehlendem Unterbefehl wird sowohl Text angezeigt als auch die Bewegung ausgeführt.","/socken","",293,0
693,2,1,2,0,0,"/twirl","","/wirbeln, /twirl
VERWENDUNG:
/wirbeln [Unterbefehl]
→ Du vollführst einen eleganten, kleinen Wirbler.
>>Unterbefehl:
  <UIForeground>F201FA</UIForeground><UIGlow>F201FB</UIGlow>bw<UIGlow>01</UIGlow><UIForeground>01</UIForeground> (<UIForeground>F201FA</UIForeground><UIGlow>F201FB</UIGlow>motion<UIGlow>01</UIGlow><UIForeground>01</UIForeground>)  Führt nur die Bewegung aus. Bei fehlendem Unterbefehl wird sowohl Text angezeigt als auch die Bewegung ausgeführt.","/wirbeln","",293,0
694,2,1,2,0,0,"/dazed","","/taumeln, /dazed
VERWENDUNG:
/taumeln [Unterbefehl]
→ Du taumelst benommen.
>>Unterbefehl:
  <UIForeground>F201FA</UIForeground><UIGlow>F201FB</UIGlow>bw<UIGlow>01</UIGlow><UIForeground>01</UIForeground> (<UIForeground>F201FA</UIForeground><UIGlow>F201FB</UIGlow>motion<UIGlow>01</UIGlow><UIForeground>01</UIForeground>)  Führt nur die Bewegung aus. Bei fehlendem Unterbefehl wird sowohl Text angezeigt als auch die Bewegung ausgeführt.","/taumeln","",293,0
695,2,1,2,0,0,"/rage","","/wut, /rage
VERWENDUNG:
/wut [Unterbefehl]
→ Du zitterst vor Wut.
>>Unterbefehl:
  <UIForeground>F201FA</UIForeground><UIGlow>F201FB</UIGlow>bw<UIGlow>01</UIGlow><UIForeground>01</UIForeground> (<UIForeground>F201FA</UIForeground><UIGlow>F201FB</UIGlow>motion<UIGlow>01</UIGlow><UIForeground>01</UIForeground>)  Führt nur die Bewegung aus. Bei fehlendem Unterbefehl wird sowohl Text angezeigt als auch die Bewegung ausgeführt.","/wut","",293,0
696,2,1,2,0,0,"/tomescroll","","/steinstarren, /tomescroll
VERWENDUNG:
/steinstarren [Unterbefehl]
→ Du hörst nicht auf, auf deinen Allagischen Stein zu starren.
>>Unterbefehl:
  <UIForeground>F201FA</UIForeground><UIGlow>F201FB</UIGlow>bw<UIGlow>01</UIGlow><UIForeground>01</UIForeground> (<UIForeground>F201FA</UIForeground><UIGlow>F201FB</UIGlow>motion<UIGlow>01</UIGlow><UIForeground>01</UIForeground>)  Führt nur die Bewegung aus. Bei fehlendem Unterbefehl wird sowohl Text angezeigt als auch die Bewegung ausgeführt.","/steinstarren","",293,0
697,2,1,2,0,0,"/study","","/schmökern, /study
VERWENDUNG:
/schmökern [Unterbefehl]
→ Du hörst nicht auf, konzentriert zu lesen.
>>Unterbefehl:
  <UIForeground>F201FA</UIForeground><UIGlow>F201FB</UIGlow>bw<UIGlow>01</UIGlow><UIForeground>01</UIForeground> (<UIForeground>F201FA</UIForeground><UIGlow>F201FB</UIGlow>motion<UIGlow>01</UIGlow><UIForeground>01</UIForeground>)  Führt nur die Bewegung aus. Bei fehlendem Unterbefehl wird sowohl Text angezeigt als auch die Bewegung ausgeführt.","/schmökern","",293,0
698,2,1,2,0,0,"/breakdance","/breaking","/breakdance, /breaking
VERWENDUNG:
/breakdance [Unterbefehl]
→ Du führst einen Breakdance-Move vor.
>>Unterbefehl:
  <UIForeground>F201FA</UIForeground><UIGlow>F201FB</UIGlow>bw<UIGlow>01</UIGlow><UIForeground>01</UIForeground> (<UIForeground>F201FA</UIForeground><UIGlow>F201FB</UIGlow>motion<UIGlow>01</UIGlow><UIForeground>01</UIForeground>)  Führt nur die Bewegung aus. Bei fehlendem Unterbefehl wird sowohl die Bewegung ausgeführt als auch der Text angezeigt. ","/breakdance","",293,0
699,2,1,2,0,0,"/gridaniansip","","/gridanischesschlückchen, /gridaniansip
VERWENDUNG:
/gridanischersip [Unterbefehl]
→ Du trinkst einen Schluck gridanischen Kinderpunsches.
>>Unterbefehl:
  <UIForeground>F201FA</UIForeground><UIGlow>F201FB</UIGlow>bw<UIGlow>01</UIGlow><UIForeground>01</UIForeground> (<UIForeground>F201FA</UIForeground><UIGlow>F201FB</UIGlow>motion<UIGlow>01</UIGlow><UIForeground>01</UIForeground>)  Führt nur die Bewegung aus. Bei fehlendem Unterbefehl wird sowohl Text angezeigt als auch die Bewegung ausgeführt.","/gridanischesschlückchen","",293,0
700,2,1,2,0,0,"/uldahnsip","","/uldhischesschlückchen, /uldahnsip
VERWENDUNG:
/uldhischersip [Unterbefehl]
→ Du trinkst einen Schluck ul'dhischen Kinderpunsches.
>>Unterbefehl:
  <UIForeground>F201FA</UIForeground><UIGlow>F201FB</UIGlow>bw<UIGlow>01</UIGlow><UIForeground>01</UIForeground> (<UIForeground>F201FA</UIForeground><UIGlow>F201FB</UIGlow>motion<UIGlow>01</UIGlow><UIForeground>01</UIForeground>)  Führt nur die Bewegung aus. Bei fehlendem Unterbefehl wird sowohl Text angezeigt als auch die Bewegung ausgeführt.","/uldhischesschlückchen","",293,0
701,2,1,2,0,0,"/lominsansip","","/limsischesschlückchen, /lominsansip
VERWENDUNG:
/limsischersip [Unterbefehl]
→ Du trinkst einen Schluck limsischen Kinderpunsches.
>>Unterbefehl:
  <UIForeground>F201FA</UIForeground><UIGlow>F201FB</UIGlow>bw<UIGlow>01</UIGlow><UIForeground>01</UIForeground> (<UIForeground>F201FA</UIForeground><UIGlow>F201FB</UIGlow>motion<UIGlow>01</UIGlow><UIForeground>01</UIForeground>)  Führt nur die Bewegung aus. Bei fehlendem Unterbefehl wird sowohl Text angezeigt als auch die Bewegung ausgeführt.","/limsischesschlückchen","",293,0
702,2,1,2,0,0,"/gridaniangulp","","/gridanischerschluck, /gridaniangulp
VERWENDUNG:
/gridanischerschluck [Unterbefehl]
→ Du genießt einen Becher gridanischen Kinderpunsches.
>>Unterbefehl:
  <UIForeground>F201FA</UIForeground><UIGlow>F201FB</UIGlow>bw<UIGlow>01</UIGlow><UIForeground>01</UIForeground> (<UIForeground>F201FA</UIForeground><UIGlow>F201FB</UIGlow>motion<UIGlow>01</UIGlow><UIForeground>01</UIForeground>)  Führt nur die Bewegung aus. Bei fehlendem Unterbefehl wird sowohl Text angezeigt als auch die Bewegung ausgeführt.","/gridanischerschluck","",293,0
703,2,1,2,0,0,"/uldahngulp","","/uldhischerschluck, /uldahngulp
VERWENDUNG:
/uldhischerschluck [Unterbefehl]
→ Du genießt einen Becher ul'dhischen Kinderpunsches.
>>Unterbefehl:
  <UIForeground>F201FA</UIForeground><UIGlow>F201FB</UIGlow>bw<UIGlow>01</UIGlow><UIForeground>01</UIForeground> (<UIForeground>F201FA</UIForeground><UIGlow>F201FB</UIGlow>motion<UIGlow>01</UIGlow><UIForeground>01</UIForeground>)  Führt nur die Bewegung aus. Bei fehlendem Unterbefehl wird sowohl Text angezeigt als auch die Bewegung ausgeführt.","/uldhischerschluck","",293,0
704,2,1,2,0,0,"/lominsangulp","","/limsischerschluck, /lominsangulp
VERWENDUNG:
/limsischerschluck [Unterbefehl]
→ Du genießt einen Becher limsischen Kinderpunsches.
>>Unterbefehl:
  <UIForeground>F201FA</UIForeground><UIGlow>F201FB</UIGlow>bw<UIGlow>01</UIGlow><UIForeground>01</UIForeground> (<UIForeground>F201FA</UIForeground><UIGlow>F201FB</UIGlow>motion<UIGlow>01</UIGlow><UIForeground>01</UIForeground>)  Führt nur die Bewegung aus. Bei fehlendem Unterbefehl wird sowohl Text angezeigt als auch die Bewegung ausgeführt.","/limsischerschluck","",293,0
705,2,1,2,0,0,"/limberup","/limber","/lockern, /limberup, /limber
VERWENDUNG:
/lockern [Unterbefehl]
→ Du dehnst und lockerst deine Muskeln.
>>Unterbefehl:
  <UIForeground>F201FA</UIForeground><UIGlow>F201FB</UIGlow>bw<UIGlow>01</UIGlow><UIForeground>01</UIForeground> (<UIForeground>F201FA</UIForeground><UIGlow>F201FB</UIGlow>motion<UIGlow>01</UIGlow><UIForeground>01</UIForeground>)  Führt nur die Bewegung aus. Bei fehlendem Unterbefehl wird sowohl Text angezeigt als auch die Bewegung ausgeführt.","/lockern","",293,0
706,2,1,2,0,0,"/drinkgreentea","/greentea","/grünteetrinken, /greentea
VERWENDUNG
/grünteetrinken [Unterbefehl]
→ Du trinkst eine Tasse Grüntee.
>>Unterbefehl
  <UIForeground>F201FA</UIForeground><UIGlow>F201FB</UIGlow>bw<UIGlow>01</UIGlow><UIForeground>01</UIForeground> (<UIForeground>F201FA</UIForeground><UIGlow>F201FB</UIGlow>motion<UIGlow>01</UIGlow><UIForeground>01</UIForeground>)  Führt nur die Bewegung aus. Bei fehlendem Unterbefehl wird sowohl Text angezeigt als auch die Bewegung ausgeführt.","/grünteetrinken","",293,0
707,2,1,2,0,0,"/savortea","","/grünteegenießen, /savortea
VERWENDUNG
/grünteegenießen [Unterbefehl]
→ Du setzt dich hin und trinkst kontinuierlich eine Tasse Grüntee.
>>Unterbefehl
  <UIForeground>F201FA</UIForeground><UIGlow>F201FB</UIGlow>bw<UIGlow>01</UIGlow><UIForeground>01</UIForeground> (<UIForeground>F201FA</UIForeground><UIGlow>F201FB</UIGlow>motion<UIGlow>01</UIGlow><UIForeground>01</UIForeground>)  Führt nur die Bewegung aus. Bei fehlendem Unterbefehl wird sowohl Text angezeigt als auch die Bewegung ausgeführt.","/grünteegenießen","",293,0
708,2,1,2,0,0,"/pen","","/beschwingtnotieren, /pen
VERWENDUNG:
/beschwingtnotieren [Unterbefehl]
→ Du machst dir mit deiner Feder ein paar Notizen.
>>Unterbefehl:
  <UIForeground>F201FA</UIForeground><UIGlow>F201FB</UIGlow>bw<UIGlow>01</UIGlow><UIForeground>01</UIForeground> (<UIForeground>F201FA</UIForeground><UIGlow>F201FB</UIGlow>motion<UIGlow>01</UIGlow><UIForeground>01</UIForeground>)  Führt nur die Bewegung aus. Bei fehlendem Unterbefehl wird sowohl Text angezeigt als auch die Bewegung ausgeführt.","/beschwingtnotieren","",293,0
709,2,1,2,0,0,"/blownaway","","/überwältigt, /blownaway
VERWENDUNG:
/überwältigt [Unterbefehl]
→ Du bist so überwältigt, dass es dich von den Füßen haut.
>>Unterbefehl:
  <UIForeground>F201FA</UIForeground><UIGlow>F201FB</UIGlow>bw<UIGlow>01</UIGlow><UIForeground>01</UIForeground> (<UIForeground>F201FA</UIForeground><UIGlow>F201FB</UIGlow>motion<UIGlow>01</UIGlow><UIForeground>01</UIForeground>)  Führt nur die Bewegung aus. Bei fehlendem Unterbefehl wird sowohl die Bewegung ausgeführt als auch der Text angezeigt. ","/überwältigt","",293,0
710,2,1,2,0,0,"/stomp","","/stampfen, /stomp
VERWENDUNG:
/stampfen [Unterbefehl]
→ Du stampfst auf den Boden.
>>Unterbefehl:
  <UIForeground>F201FA</UIForeground><UIGlow>F201FB</UIGlow>bw<UIGlow>01</UIGlow><UIForeground>01</UIForeground> (<UIForeground>F201FA</UIForeground><UIGlow>F201FB</UIGlow>motion<UIGlow>01</UIGlow><UIForeground>01</UIForeground>)  Führt nur die Bewegung aus. Bei fehlendem Unterbefehl wird sowohl Text angezeigt als auch die Bewegung ausgeführt.","/stampfen","",293,0
711,2,1,2,0,0,"/cheerrhythmred","/cheerrr","/angroovrot, /groovrot, /cheerrr
VERWENDUNG:
/angroovrot [Unterbefehl]
→ Du feuerst groovend mit rot schimmernden Leuchtstäben an.
>>Unterbefehl:
  <UIForeground>F201FA</UIForeground><UIGlow>F201FB</UIGlow>bw<UIGlow>01</UIGlow><UIForeground>01</UIForeground> (<UIForeground>F201FA</UIForeground><UIGlow>F201FB</UIGlow>motion<UIGlow>01</UIGlow><UIForeground>01</UIForeground>)  Führt nur die Bewegung aus. Bei fehlendem Unterbefehl wird sowohl die Bewegung ausgeführt als auch der Text angezeigt. ","/angroovrot","/groovrot",293,0
712,2,1,2,0,0,"/cheerlightyellow","/cheerly","/anschwofgelb, /schwofgelb, /cheerly
VERWENDUNG:
/anschwofgelb [Unterbefehl]
→ Du feuerst schwofend mit gelb schimmernden Leuchtstäben an.
>>Unterbefehl:
  <UIForeground>F201FA</UIForeground><UIGlow>F201FB</UIGlow>bw<UIGlow>01</UIGlow><UIForeground>01</UIForeground> (<UIForeground>F201FA</UIForeground><UIGlow>F201FB</UIGlow>motion<UIGlow>01</UIGlow><UIForeground>01</UIForeground>)  Führt nur die Bewegung aus. Bei fehlendem Unterbefehl wird sowohl die Bewegung ausgeführt als auch der Text angezeigt. ","/anschwofgelb","/schwofgelb",293,0
713,2,1,2,0,0,"/delighted","/delight","/hocherfreut, /delighted, /delight
VERWENDUNG:
/hocherfreut [Unterbefehl]
→ Du presst dir vor lauter Freude die Hände an die Wangen.
>>Unterbefehl:
  <UIForeground>F201FA</UIForeground><UIGlow>F201FB</UIGlow>bw<UIGlow>01</UIGlow><UIForeground>01</UIForeground> (<UIForeground>F201FA</UIForeground><UIGlow>F201FB</UIGlow>motion<UIGlow>01</UIGlow><UIForeground>01</UIForeground>)  Führt nur die Bewegung aus. Bei fehlendem Unterbefehl wird sowohl die Bewegung ausgeführt als auch der Text angezeigt. ","/hocherfreut","",293,0
714,2,1,2,0,0,"/runwaywalk","/runway","/laufstegschritt, /stegschritt, /runway
VERWENDUNG:
/laufstegschritt [Unterbefehl]
→ Du läufst mit unerschütterlichem Selbst<SoftHyphen/>be<SoftHyphen/>wusst<SoftHyphen/>sein.
>>Unterbefehl:
  <UIForeground>F201FA</UIForeground><UIGlow>F201FB</UIGlow>bw<UIGlow>01</UIGlow><UIForeground>01</UIForeground> (<UIForeground>F201FA</UIForeground><UIGlow>F201FB</UIGlow>motion<UIGlow>01</UIGlow><UIForeground>01</UIForeground>)  Führt nur die Bewegung aus. Bei fehlendem Unterbefehl wird sowohl die Bewegung ausgeführt als auch der Text angezeigt. ","/laufstegschritt","/stegschritt",293,0
715,2,1,2,0,0,"/cheeronorange","/cheeroo","/anwipporange, /wipporange, /cheeroo
VERWENDUNG:
/anwipporange [Unterbefehl]
→ Du feuerst wippend mit orange schimmernden Leuchtstäben an.
>>Unterbefehl:
  <UIForeground>F201FA</UIForeground><UIGlow>F201FB</UIGlow>bw<UIGlow>01</UIGlow><UIForeground>01</UIForeground> (<UIForeground>F201FA</UIForeground><UIGlow>F201FB</UIGlow>motion<UIGlow>01</UIGlow><UIForeground>01</UIForeground>)  Führt nur die Bewegung aus. Bei fehlendem Unterbefehl wird sowohl die Bewegung ausgeführt als auch der Text angezeigt. ","/anwipporange","/wipporange",293,0
716,2,1,2,0,0,"/cheerwavepink","/cheerwp","/anschwenkpink, /schwenkpink, /cheerwp
VERWENDUNG:
/anschwenkpink [Unterbefehl]
→ Du feuerst schwenkend mit pink schimmernden Leuchtstäben an.
>>Unterbefehl:
  <UIForeground>F201FA</UIForeground><UIGlow>F201FB</UIGlow>bw<UIGlow>01</UIGlow><UIForeground>01</UIForeground> (<UIForeground>F201FA</UIForeground><UIGlow>F201FB</UIGlow>motion<UIGlow>01</UIGlow><UIForeground>01</UIForeground>)  Führt nur die Bewegung aus. Bei fehlendem Unterbefehl wird sowohl die Bewegung ausgeführt als auch der Text angezeigt. ","/anschwenkpink","/schwenkpink",293,0
717,2,1,2,0,0,"/cheerjumpindigo","/cheerji","/anhüpfdunkelblau, /hüpfdunkelblau, /cheerji
VERWENDUNG:
/anhüpfdunkelblau [Unterbefehl]
→ Du feuerst hüpfend mit dunkelblau schimmernden Leuchtstäben an.
>>Unterbefehl:
  <UIForeground>F201FA</UIForeground><UIGlow>F201FB</UIGlow>bw<UIGlow>01</UIGlow><UIForeground>01</UIForeground> (<UIForeground>F201FA</UIForeground><UIGlow>F201FB</UIGlow>motion<UIGlow>01</UIGlow><UIForeground>01</UIForeground>)  Führt nur die Bewegung aus. Bei fehlendem Unterbefehl wird sowohl die Bewegung ausgeführt als auch der Text angezeigt. ","/anhüpfdunkelblau","/hüpfdunkelblau",293,0
718,2,1,2,0,0,"/carrybook","","/buchtragen, /carrybook
VERWENDUNG:
/buchtragen [Unterbefehl]
→ Du drückst dir ein Buch fest an die Brust.
>>Unterbefehl:
  <UIForeground>F201FA</UIForeground><UIGlow>F201FB</UIGlow>bw<UIGlow>01</UIGlow><UIForeground>01</UIForeground> (<UIForeground>F201FA</UIForeground><UIGlow>F201FB</UIGlow>motion<UIGlow>01</UIGlow><UIForeground>01</UIForeground>)  Führt nur die Bewegung aus. Bei fehlendem Unterbefehl wird sowohl die Bewegung ausgeführt als auch der Text angezeigt. ","/buchtragen","",293,0
719,2,1,2,0,0,"/divinearm","","/göttlicherhandschuh, /divinearm
VERWENDUNG:
/göttlichehalskette [Unterbefehl]
→ Du lässt das göttliche Artefakt an deiner Hand hell erstrahlen.
>>Unterbefehl:
  <UIForeground>F201FA</UIForeground><UIGlow>F201FB</UIGlow>bw<UIGlow>01</UIGlow><UIForeground>01</UIForeground> (<UIForeground>F201FA</UIForeground><UIGlow>F201FB</UIGlow>motion<UIGlow>01</UIGlow><UIForeground>01</UIForeground>)  Führt nur die Bewegung aus. Bei fehlendem Unterbefehl wird sowohl die Bewegung ausgeführt als auch der Text angezeigt. ","/göttlicherhandschuh","",293,0
720,2,1,2,0,0,"/divinedisk","","/göttlichehalskette, /divinedisk
VERWENDUNG:
/göttlichehalskette [Unterbefehl]
→ Du lässt das göttliche Artefakt um deinen Hals hell erstrahlen.
>>Unterbefehl:
  <UIForeground>F201FA</UIForeground><UIGlow>F201FB</UIGlow>bw<UIGlow>01</UIGlow><UIForeground>01</UIForeground> (<UIForeground>F201FA</UIForeground><UIGlow>F201FB</UIGlow>motion<UIGlow>01</UIGlow><UIForeground>01</UIForeground>)  Führt nur die Bewegung aus. Bei fehlendem Unterbefehl wird sowohl die Bewegung ausgeführt als auch der Text angezeigt. ","/göttlichehalskette","",293,0
721,2,1,2,0,0,"/divinetiara","","/göttlichesdiadem, /divinetiara
VERWENDUNG:
/göttlichesdiadem [Unterbefehl]
→ Du lässt das göttliche Artefakt auf deinem Kopf hell erstrahlen.
>>Unterbefehl:
  <UIForeground>F201FA</UIForeground><UIGlow>F201FB</UIGlow>bw<UIGlow>01</UIGlow><UIForeground>01</UIForeground> (<UIForeground>F201FA</UIForeground><UIGlow>F201FB</UIGlow>motion<UIGlow>01</UIGlow><UIForeground>01</UIForeground>)  Führt nur die Bewegung aus. Bei fehlendem Unterbefehl wird sowohl die Bewegung ausgeführt als auch der Text angezeigt. ","/göttlichesdiadem","",293,0
722,2,1,2,0,0,"/cheerrhythmviolet","/cheerrv","/angroovlila, /groovlila, /cheerrv
VERWENDUNG:
/angroovlila [Unterbefehl]
→ Du feuerst groovend mit lila schimmernden Leuchtstäben an.
>>Unterbefehl:
  <UIForeground>F201FA</UIForeground><UIGlow>F201FB</UIGlow>bw<UIGlow>01</UIGlow><UIForeground>01</UIForeground> (<UIForeground>F201FA</UIForeground><UIGlow>F201FB</UIGlow>motion<UIGlow>01</UIGlow><UIForeground>01</UIForeground>)  Führt nur die Bewegung aus. Bei fehlendem Unterbefehl wird sowohl die Bewegung ausgeführt als auch der Text angezeigt. ","/angroovlila","/groovlila",293,0
723,2,1,2,0,0,"/cheerrhythmbright","/cheerrw","/angroovweiß, /groovweiß, /cheerrw
VERWENDUNG:
/angroovweiß [Unterbefehl]
→ Du feuerst groovend mit weiß schimmernden Leuchtstäben an.
>>Unterbefehl:
  <UIForeground>F201FA</UIForeground><UIGlow>F201FB</UIGlow>bw<UIGlow>01</UIGlow><UIForeground>01</UIForeground> (<UIForeground>F201FA</UIForeground><UIGlow>F201FB</UIGlow>motion<UIGlow>01</UIGlow><UIForeground>01</UIForeground>)  Führt nur die Bewegung aus. Bei fehlendem Unterbefehl wird sowohl die Bewegung ausgeführt als auch der Text angezeigt. ","/angroovweiß","/groovweiß",293,0
724,2,1,2,0,0,"/cheerlightblue","/cheerlb","/anschwofblau, /schwofblau, /cheerlb
VERWENDUNG:
/anschwofblau [Unterbefehl]
→ Du feuerst schwofend mit blau schimmernden Leuchtstäben an.
>>Unterbefehl:
  <UIForeground>F201FA</UIForeground><UIGlow>F201FB</UIGlow>bw<UIGlow>01</UIGlow><UIForeground>01</UIForeground> (<UIForeground>F201FA</UIForeground><UIGlow>F201FB</UIGlow>motion<UIGlow>01</UIGlow><UIForeground>01</UIForeground>)  Führt nur die Bewegung aus. Bei fehlendem Unterbefehl wird sowohl die Bewegung ausgeführt als auch der Text angezeigt. ","/anschwofblau","/schwofblau",293,0
725,2,1,2,0,0,"/cheerlightgreen","/cheerlg","/anschwofgrün, /schwofgrün, /cheerlg
VERWENDUNG:
/anschwofgrün [Unterbefehl]
→ Du feuerst schwofend mit grün schimmernden Leuchtstäben an.
>>Unterbefehl:
  <UIForeground>F201FA</UIForeground><UIGlow>F201FB</UIGlow>bw<UIGlow>01</UIGlow><UIForeground>01</UIForeground> (<UIForeground>F201FA</UIForeground><UIGlow>F201FB</UIGlow>motion<UIGlow>01</UIGlow><UIForeground>01</UIForeground>)  Führt nur die Bewegung aus. Bei fehlendem Unterbefehl wird sowohl die Bewegung ausgeführt als auch der Text angezeigt. ","/anschwofgrün","/schwofgrün",293,0
726,0,0,0,0,0,"","","","","",0,0
727,0,0,0,0,0,"","","","","",0,0
728,0,0,0,0,0,"","","","","",0,0
729,2,1,2,0,0,"/cackle","","/spitz, /cackle
VERWENDUNG:
/spitz [Unterbefehl]
→ Du zeigst ein spitzes Lachen.
>>Unterbefehl:
  <UIForeground>F201FA</UIForeground><UIGlow>F201FB</UIGlow>bw<UIGlow>01</UIGlow><UIForeground>01</UIForeground> (<UIForeground>F201FA</UIForeground><UIGlow>F201FB</UIGlow>motion<UIGlow>01</UIGlow><UIForeground>01</UIForeground>)  Führt nur die Bewegung aus. Bei fehlendem Unterbefehl wird sowohl die Bewegung ausgeführt als auch der Text angezeigt. ","/spitz","",293,0
730,2,1,2,0,0,"/conduct","","/dirigieren, /conduct
VERWENDUNG:
/dirigieren [Unterbefehl]
→ Du gibst begeistert den Takt an.
>>Unterbefehl:
  <UIForeground>F201FA</UIForeground><UIGlow>F201FB</UIGlow>bw<UIGlow>01</UIGlow><UIForeground>01</UIForeground> (<UIForeground>F201FA</UIForeground><UIGlow>F201FB</UIGlow>motion<UIGlow>01</UIGlow><UIForeground>01</UIForeground>)  Führt nur die Bewegung aus. Bei fehlendem Unterbefehl wird sowohl die Bewegung ausgeführt als auch der Text angezeigt. ","/dirigieren","",293,0
731,2,1,2,0,0,"/eattaco","/taco","/tacoessen, /eattaco
VERWENDUNG:
/tacoessen [Unterbefehl]
→ Du isst genüsslich einen Taco.
>>Unterbefehl:
  <UIForeground>F201FA</UIForeground><UIGlow>F201FB</UIGlow>bw<UIGlow>01</UIGlow><UIForeground>01</UIForeground> (<UIForeground>F201FA</UIForeground><UIGlow>F201FB</UIGlow>motion<UIGlow>01</UIGlow><UIForeground>01</UIForeground>)  Führt nur die Bewegung aus. Bei fehlendem Unterbefehl wird sowohl die Bewegung ausgeführt als auch der Text angezeigt. ","/tacoessen","",293,0
732,2,1,2,0,0,"/devourtaco","","/tacomampfen, /devourtaco
VERWENDUNG:
/tacomampfen [Unterbefehl]
→ Du mampfst unaufhörlich einen Taco.
>>Unterbefehl:
  <UIForeground>F201FA</UIForeground><UIGlow>F201FB</UIGlow>bw<UIGlow>01</UIGlow><UIForeground>01</UIForeground> (<UIForeground>F201FA</UIForeground><UIGlow>F201FB</UIGlow>motion<UIGlow>01</UIGlow><UIForeground>01</UIForeground>)  Führt nur die Bewegung aus. Bei fehlendem Unterbefehl wird sowohl die Bewegung ausgeführt als auch der Text angezeigt. ","/tacomampfen","",293,0
733,0,0,0,0,0,"","","","","",0,0
734,0,0,0,0,0,"","","","","",0,0
