key,0
#,Description
int32,str
0,""
1,"Die Konstitution wird um 8 erhöht."
2,"Die Konstitution wird um 16 erhöht."
3,"Die Konstitution wird um 24 erhöht."
4,"Die Konstitution wird um 8 erhöht."
5,"Die Konstitution wird um 16 erhöht."
6,"Die Konstitution wird um 24 erhöht."
7,"Die Stärke wird um 8 erhöht."
8,"Die Stärke wird um 16 erhöht."
9,"Die Stärke wird um 24 erhöht."
10,"Ermöglicht die Stapelung von zwei <UIForeground>F201FA</UIForeground><UIGlow>F201FB</UIGlow>Geölter Blitz<UIGlow>01</UIGlow><UIForeground>01</UIForeground>."
11,"Ermöglicht die Stapelung von drei <UIForeground>F201FA</UIForeground><UIGlow>F201FB</UIGlow>Geölter Blitz<UIGlow>01</UIGlow><UIForeground>01</UIForeground>."
12,"Die Stärke wird um 8 erhöht."
13,"Die Stärke wird um 16 erhöht."
14,"Die Stärke wird um 24 erhöht."
15,"Das Geschick wird um 8 erhöht."
16,"Das Geschick wird um 16 erhöht."
17,"Fügt <UIForeground>F201F6</UIForeground><UIGlow>F201F7</UIGlow>Gewaltiger Schuss<UIGlow>01</UIGlow><UIForeground>01</UIForeground> eine Wahr<SoftHyphen/>schein<SoftHyphen/>lich<SoftHyphen/>keit von 20<Indent/>% hinzu, dass du den Status <UIForeground>F201FA</UIForeground><UIGlow>F201FB</UIGlow>Falkenauge<UIGlow>01</UIGlow><UIForeground>01</UIForeground> erhältst.
Dauer: 30 Sekunden"
18,"Erhöht den Basisschaden von Kommandos außer Auto-Attacke um 10 %."
19,"Das Geschick wird um 24 erhöht."
20,"Erhöht den Basisschaden von Kommandos außer Auto-Attacke um 20 %."
21,"Die Willenskraft wird um 8 erhöht."
22,"Die Willenskraft wird um 16 erhöht."
23,"Erhöht den Basisschaden und das Regenerationspotenzial von Kommandos außer Auto-Attacke um 10 %."
24,"Die Willenskraft wird um 24 erhöht."
25,"Mit 15 % Wahr<SoftHyphen/>schein<SoftHyphen/>lich<SoftHyphen/>keit verbraucht ein nach <UIForeground>F201F6</UIForeground><UIGlow>F201F7</UIGlow>Vita<UIGlow>01</UIGlow><UIForeground>01</UIForeground> ausgeführtes <UIForeground>F201F6</UIForeground><UIGlow>F201F7</UIGlow>Vitra<UIGlow>01</UIGlow><UIForeground>01</UIForeground> keine MP.
Dauer: 15 Sekunden."
26,"Erhöht den Basisschaden und das Regenerationspotenzial von Kommandos außer Auto-Attacke um 30 %."
27,"Die Intelligenz wird um 8 erhöht."
28,"Die Intelligenz wird um 16 erhöht."
29,"Erhöht den Basisschaden und das Regenerationspotenzial von Kommandos außer Auto-Attacke um 10 %."
30,"Die Intelligenz wird um 24 erhöht."
31,"Erhöht den Basisschaden und das Regenerationspotenzial von Kommandos außer Auto-Attacke um 30 %."
32,"Mit 40 % Wahr<SoftHyphen/>schein<SoftHyphen/>lich<SoftHyphen/>keit wird das nächste <UIForeground>F201F6</UIForeground><UIGlow>F201F7</UIGlow>Feuga<UIGlow>01</UIGlow><UIForeground>01</UIForeground> sofort und ohne MP-Verbrauch gewirkt."
33,"10 % Wahr<SoftHyphen/>schein<SoftHyphen/>lich<SoftHyphen/>keit bei jedem Schaden-über-Zeit-Treffer durch <UIForeground>F201F6</UIForeground><UIGlow>F201F7</UIGlow>Blitz<UIGlow>01</UIGlow><UIForeground>01</UIForeground> oder <UIForeground>F201F6</UIForeground><UIGlow>F201F7</UIGlow>Blitzga<UIGlow>01</UIGlow><UIForeground>01</UIForeground> bzw. 3 % durch <UIForeground>F201F6</UIForeground><UIGlow>F201F7</UIGlow>Blitzra<UIGlow>01</UIGlow><UIForeground>01</UIForeground> oder <UIForeground>F201F6</UIForeground><UIGlow>F201F7</UIGlow>Blitzka<UIGlow>01</UIGlow><UIForeground>01</UIForeground>, dass der nächste <UIForeground>F201F6</UIForeground><UIGlow>F201F7</UIGlow>Blitz<UIGlow>01</UIGlow><UIForeground>01</UIForeground>, <UIForeground>F201F6</UIForeground><UIGlow>F201F7</UIGlow>Blitzra<UIGlow>01</UIGlow><UIForeground>01</UIForeground>, <UIForeground>F201F6</UIForeground><UIGlow>F201F7</UIGlow>Blitzga<UIGlow>01</UIGlow><UIForeground>01</UIForeground> oder <UIForeground>F201F6</UIForeground><UIGlow>F201F7</UIGlow>Blitzka<UIGlow>01</UIGlow><UIForeground>01</UIForeground> sofort und ohne MP-Verbrauch gewirkt wird und den vollen Schaden über Zeit auf einmal anrichtet.
Dauer: 40 Sekunden"
34,"<UIForeground>F201F6</UIForeground><UIGlow>F201F7</UIGlow>Geodäsie<UIGlow>01</UIGlow><UIForeground>01</UIForeground> wird beim Klassenwechsel zu Gärtner automatisch aktiviert."
35,"Monster bis zur Stufe 30 können dich nicht aufspüren."
36,"Monster bis zur Stufe 40 können dich nicht aufspüren."
37,"Monster bis zur Stufe 50 können dich nicht aufspüren."
38,"<UIForeground>F201F6</UIForeground><UIGlow>F201F7</UIGlow>Prospektion<UIGlow>01</UIGlow><UIForeground>01</UIForeground> wird beim Klassenwechsel zu Minenarbeiter automatisch aktiviert."
39,"Monster bis zur Stufe 30 können dich nicht aufspüren."
40,"Monster bis zur Stufe 40 können dich nicht aufspüren."
41,"Monster bis zur Stufe 50 können dich nicht aufspüren."
42,"Verbesserte Beurteilung der Charakteristika von Bäumen und Vegetation, sodass du einen Bonus auf die Sammelrate erhältst, wenn die Bedingungen erfüllt sind."
43,"Verbesserte Beurteilung der Charakteristika von Bäumen und Vegetation, sodass du zusätzliche Sammelversuche erhältst, wenn die Bedingungen erfüllt sind."
44,"Verbesserte Beurteilung der Charakteristika von Bäumen und Vegetation, sodass du eine höhere Chance auf den Stückzahl-Bonus erhältst, wenn die Bedingungen erfüllt sind."
45,"Verbesserte Beurteilung der Charakteristika von Bäumen und Vegetation, sodass du beim Sammeln mehr Gegenstände erhältst, wenn die Bedingungen erfüllt sind."
46,"Die Wirkung von <UIForeground>F201F6</UIForeground><UIGlow>F201F7</UIGlow>Gunst der Zwölf<UIGlow>01</UIGlow><UIForeground>01</UIForeground> wird auf Kristalle erweitert."
47,"Die Wirkung von <UIForeground>F201F6</UIForeground><UIGlow>F201F7</UIGlow>Gunst der Zwölf<UIGlow>01</UIGlow><UIForeground>01</UIForeground> wird auf Polykristalle erweitert."
48,"Verbesserte Beurteilung der Charakteristika von Lagerstätten, sodass du einen Bonus auf die Sammelrate erhältst, wenn die Bedingungen erfüllt sind."
49,"Verbesserte Beurteilung der Charakteristika von Lagerstätten, sodass du zusätzliche Sammelversuche erhältst, wenn die Bedingungen erfüllt sind."
50,"Verbesserte Beurteilung der Charakteristika von Lagerstätten, sodass du eine höhere Chance auf den Stückzahl-Bonus erhältst, wenn die Bedingungen erfüllt sind."
51,"Verbesserte Beurteilung der Charakteristika von Lagerstätten, sodass du beim Sammeln mehr Gegenstände erhältst, wenn die Bedingungen erfüllt sind."
52,"Die Wirkung von <UIForeground>F201F6</UIForeground><UIGlow>F201F7</UIGlow>Gunst der Zwölf<UIGlow>01</UIGlow><UIForeground>01</UIForeground> wird auf Kristalle erweitert."
53,"Die Wirkung von <UIForeground>F201F6</UIForeground><UIGlow>F201F7</UIGlow>Gunst der Zwölf<UIGlow>01</UIGlow><UIForeground>01</UIForeground> wird auf Polykristalle erweitert."
54,"Das Fischen wird auch im Wüstensand möglich."
55,"Das Fischen wird auch hoch in den Wolken möglich."
56,"Monster bis zur Stufe 30 können dich nicht aufspüren."
57,"Monster bis zur Stufe 40 können dich nicht aufspüren."
58,"Monster bis zur Stufe 50 können dich nicht aufspüren."
59,"Fischgründe bis zur eigenen Stufe können gefunden und befischt werden."
60,"Fischgründe bis zu Stufe 35 können gefunden und befischt werden."
61,"Fischgründe bis zu Stufe 50 können gefunden und befischt werden."
62,"Das Angeln mit vorher durch Köderfischen gefangenen Fischen als Köder wird möglich."
63,"Das Kommando <UIForeground>F201F6</UIForeground><UIGlow>F201F7</UIGlow>Ätherfluss<UIGlow>01</UIGlow><UIForeground>01</UIForeground> gewährt dir die Ma<SoftHyphen/>xi<SoftHyphen/>mal<SoftHyphen/>sta<SoftHyphen/>pel<SoftHyphen/>zahl des Status <UIForeground>F201FA</UIForeground><UIGlow>F201FB</UIGlow>Ätherfluss<UIGlow>01</UIGlow><UIForeground>01</UIForeground> (1)."
64,"Die Intelligenz wird um 8 erhöht."
65,"Die Intelligenz wird um 16 erhöht."
66,"Erhöht den Basisschaden und das Regenerationspotenzial von Kommandos außer Auto-Attacke sowie den Basisschaden und die LP-Regeneration von Familiaren um<Indent/>10 %."
67,"Die Ma<SoftHyphen/>xi<SoftHyphen/>mal<SoftHyphen/>sta<SoftHyphen/>pel<SoftHyphen/>zahl des Status <UIForeground>F201FA</UIForeground><UIGlow>F201FB</UIGlow>Ätherfluss<UIGlow>01</UIGlow><UIForeground>01</UIForeground> wird auf 2 erhöht."
68,"Die Intelligenz wird um 24 erhöht."
69,"Erhöht den Basisschaden und das Regenerationspotenzial von Kommandos außer Auto-Attacke sowie den Basisschaden und die LP-Regeneration von Familiaren um<Indent/>30 %."
70,"Die Ma<SoftHyphen/>xi<SoftHyphen/>mal<SoftHyphen/>sta<SoftHyphen/>pel<SoftHyphen/>zahl des Status <UIForeground>F201FA</UIForeground><UIGlow>F201FB</UIGlow>Ätherfluss<UIGlow>01</UIGlow><UIForeground>01</UIForeground> wird auf 3 erhöht."
71,"Die Stärke des Mitstreiters wird um 5 % erhöht."
72,"Die Maximal-LP des Mitstreiters werden um 10 % erhöht."
73,"Die Präzision des Mitstreiters wird um 5 % erhöht."
74,"Die Kritischen Treffer des Mitstreiters sind um 15<Indent/>% erhöht."
75,"Die Stärke des Mitstreiters wird um 5 % erhöht."
76,"Die Maximal-LP des Mitstreiters werden um 10 % erhöht."
77,"Die Stärke des Mitstreiters wird um 5 % erhöht."
78,"Die Maximal-LP des Mitstreiters werden um 5 % erhöht."
79,"Die Präzision des Mitstreiters wird um 5 % erhöht."
80,"Die Kritischen Treffer des Mitstreiters sind um 15<Indent/>% erhöht."
81,"Die Stärke des Mitstreiters wird um 10 % erhöht."
82,"Der Wert der An<SoftHyphen/>griffs<SoftHyphen/>ge<SoftHyphen/>schwin<SoftHyphen/>dig<SoftHyphen/>keit des Mitstreiters wird um 10 % erhöht."
83,"Die Willenskraft des Mitstreiters wird um 10 % erhöht."
84,"Die Maximal-LP des Mitstreiters werden um 5 % erhöht."
85,"Die Präzision des Mitstreiters wird um 5 % erhöht."
86,"Die Kritischen Treffer des Mitstreiters sind um 15<Indent/>% erhöht."
87,"Die Willenskraft des Mitstreiters wird um 15 % erhöht."
88,"Die Maximal-LP des Mitstreiters werden um 5 % erhöht."
89,"Das Geschick wird um 8 erhöht."
90,"Sturzschaden wird verringert."
91,"Das Geschick wird um 16 erhöht."
92,"Das Geschick wird um 24 erhöht."
93,"Die Be<SoftHyphen/>we<SoftHyphen/>gungs<SoftHyphen/>ge<SoftHyphen/>schwin<SoftHyphen/>dig<SoftHyphen/>keit wird erhöht."
94,"Die Anzahl einiger gesammelter Gegenstände und Kristalle kann erhöht sein."
95,"Verbesserte Beurteilung der Charakteristika von Lagerstätten, sodass du ihre besonderen, verborgenen Eigenschaften siehst."
96,"Monster bis zur Stufe 54 können dich nicht aufspüren."
97,"Monster bis zur Stufe 57 können dich nicht aufspüren."
98,"Monster bis zur Stufe 60 können dich nicht aufspüren."
99,"Die Anzahl einiger gesammelter Gegenstände und Kristalle kann erhöht sein."
100,"Verbesserte Beurteilung der Charakteristika von Bäumen und Vegetation, sodass du ihre besonderen, verborgenen Eigenschaften siehst."
101,"Monster bis zur Stufe 54 können dich nicht aufspüren."
102,"Monster bis zur Stufe 57 können dich nicht aufspüren."
103,"Monster bis zur Stufe 60 können dich nicht aufspüren."
104,"Fischgründe bis zu Stufe 55 können gefunden und befischt werden."
105,"Fischgründe bis zu Stufe 60 können gefunden und befischt werden."
106,"Das Fischen wird auch hoch auf schwebenden Inseln möglich."
107,"Monster bis zur Stufe 54 können dich nicht aufspüren."
108,"Monster bis zur Stufe 57 können dich nicht aufspüren."
109,"Monster bis zur Stufe 60 können dich nicht aufspüren."
110,"Das Fischen wird auch in Magma-gefüllten Spalten möglich."
111,"Das Fischen wird auch in ätherochemischen Quellen möglich."
112,"Die Konstitution wird um 8 erhöht."
113,"Die Konstitution wird um 16 erhöht."
114,"Die Konstitution wird um 24 erhöht."
115,"Das Geschick wird um 8 erhöht."
116,"Das Geschick wird um 16 erhöht."
117,"Der Basisschaden von eigenen Kommandos außer Auto-Attacke sowie von Attacken selbst gesetzter Gyrocopter wird um 10<Indent/>% erhöht."
118,"Das Geschick wird um 24 erhöht."
119,"Der Basisschaden von eigenen Kommandos außer Auto-Attacke sowie von Attacken selbst gesetzter Gyrocopter wird um 20<Indent/>% erhöht."
120,"Die Willenskraft wird um 8 erhöht."
121,"Die Willenskraft wird um 16 erhöht."
122,"Erhöht den Basisschaden und das Regenerationspotenzial von Kommandos außer Auto-Attacke um 10<Indent/>%."
123,"Die Willenskraft wird um 24 erhöht."
124,"Fügt <UIForeground>F201F6</UIForeground><UIGlow>F201F7</UIGlow>Harmonieaspekt<UIGlow>01</UIGlow><UIForeground>01</UIForeground> eine 15<Indent/>%ige Wahr<SoftHyphen/>schein<SoftHyphen/>lich<SoftHyphen/>keit hinzu, dass der nächste <UIForeground>F201F6</UIForeground><UIGlow>F201F7</UIGlow>Harmonieaspekt II<UIGlow>01</UIGlow><UIForeground>01</UIForeground> kritisch trifft.
Dauer: 15 Sekunden"
125,"Erhöht den Basisschaden und das Regenerationspotenzial von Kommandos außer Auto-Attacke um 30<Indent/>%."
126,"Monster bis zur Stufe 64 können dich nicht aufspüren."
127,"Monster bis zur Stufe 67 können dich nicht aufspüren."
128,"Monster bis zur Stufe 70 können dich nicht aufspüren."
129,"Monster bis zur Stufe 64 können dich nicht aufspüren."
130,"Monster bis zur Stufe 67 können dich nicht aufspüren."
131,"Monster bis zur Stufe 70 können dich nicht aufspüren."
132,"Monster bis zur Stufe 64 können dich nicht aufspüren."
133,"Monster bis zur Stufe 67 können dich nicht aufspüren."
134,"Monster bis zur Stufe 70 können dich nicht aufspüren."
135,"Das Fischen wird auch in Seen mit hohem Salzgehalt möglich."
136,"Fischgründe bis zu Stufe 65 können gefunden und befischt werden."
137,"Fischgründe bis zu Stufe 70 können gefunden und befischt werden."
138,"Erhöht die Chance auf Materialzustand <UIForeground>F201F4</UIForeground><UIGlow>F201F5</UIGlow>Gut<UIGlow>01</UIGlow><UIForeground>01</UIForeground> leicht."
139,"Erhöht die Chance auf Materialzustand <UIForeground>F201F4</UIForeground><UIGlow>F201F5</UIGlow>Gut<UIGlow>01</UIGlow><UIForeground>01</UIForeground> leicht."
140,"Erhöht die Chance auf Materialzustand <UIForeground>F201F4</UIForeground><UIGlow>F201F5</UIGlow>Gut<UIGlow>01</UIGlow><UIForeground>01</UIForeground> leicht."
141,"Erhöht die Chance auf Materialzustand <UIForeground>F201F4</UIForeground><UIGlow>F201F5</UIGlow>Gut<UIGlow>01</UIGlow><UIForeground>01</UIForeground> leicht."
142,"Erhöht die Chance auf Materialzustand <UIForeground>F201F4</UIForeground><UIGlow>F201F5</UIGlow>Gut<UIGlow>01</UIGlow><UIForeground>01</UIForeground> leicht."
143,"Erhöht die Chance auf Materialzustand <UIForeground>F201F4</UIForeground><UIGlow>F201F5</UIGlow>Gut<UIGlow>01</UIGlow><UIForeground>01</UIForeground> leicht."
144,"Erhöht die Chance auf Materialzustand <UIForeground>F201F4</UIForeground><UIGlow>F201F5</UIGlow>Gut<UIGlow>01</UIGlow><UIForeground>01</UIForeground> leicht."
145,"Erhöht die Chance auf Materialzustand <UIForeground>F201F4</UIForeground><UIGlow>F201F5</UIGlow>Gut<UIGlow>01</UIGlow><UIForeground>01</UIForeground> leicht."
146,"Gewährt mit einer gewissen Wahr<SoftHyphen/>schein<SoftHyphen/>lich<SoftHyphen/>keit den Status <UIForeground>F201FA</UIForeground><UIGlow>F201FB</UIGlow>Genialer Funke<UIGlow>01</UIGlow><UIForeground>01</UIForeground>, der ab dem zweiten Arbeitsschritt die Maximal-HP erhöht.
Wenn Spezialist: 100 % Wahr<SoftHyphen/>schein<SoftHyphen/>lich<SoftHyphen/>keit"
147,"Gewährt mit einer gewissen Wahr<SoftHyphen/>schein<SoftHyphen/>lich<SoftHyphen/>keit den Status <UIForeground>F201FA</UIForeground><UIGlow>F201FB</UIGlow>Genialer Funke<UIGlow>01</UIGlow><UIForeground>01</UIForeground>, der ab dem zweiten Arbeitsschritt die Maximal-HP erhöht.
Wenn Spezialist: 100 % Wahr<SoftHyphen/>schein<SoftHyphen/>lich<SoftHyphen/>keit"
148,"Gewährt mit einer gewissen Wahr<SoftHyphen/>schein<SoftHyphen/>lich<SoftHyphen/>keit den Status <UIForeground>F201FA</UIForeground><UIGlow>F201FB</UIGlow>Genialer Funke<UIGlow>01</UIGlow><UIForeground>01</UIForeground>, der ab dem zweiten Arbeitsschritt die Maximal-HP erhöht.
Wenn Spezialist: 100 % Wahr<SoftHyphen/>schein<SoftHyphen/>lich<SoftHyphen/>keit"
149,"Gewährt mit einer gewissen Wahr<SoftHyphen/>schein<SoftHyphen/>lich<SoftHyphen/>keit den Status <UIForeground>F201FA</UIForeground><UIGlow>F201FB</UIGlow>Genialer Funke<UIGlow>01</UIGlow><UIForeground>01</UIForeground>, der ab dem zweiten Arbeitsschritt die Maximal-HP erhöht.
Wenn Spezialist: 100 % Wahr<SoftHyphen/>schein<SoftHyphen/>lich<SoftHyphen/>keit"
150,"Gewährt mit einer gewissen Wahr<SoftHyphen/>schein<SoftHyphen/>lich<SoftHyphen/>keit den Status <UIForeground>F201FA</UIForeground><UIGlow>F201FB</UIGlow>Genialer Funke<UIGlow>01</UIGlow><UIForeground>01</UIForeground>, der ab dem zweiten Arbeitsschritt die Maximal-HP erhöht.
Wenn Spezialist: 100 % Wahr<SoftHyphen/>schein<SoftHyphen/>lich<SoftHyphen/>keit"
151,"Gewährt mit einer gewissen Wahr<SoftHyphen/>schein<SoftHyphen/>lich<SoftHyphen/>keit den Status <UIForeground>F201FA</UIForeground><UIGlow>F201FB</UIGlow>Genialer Funke<UIGlow>01</UIGlow><UIForeground>01</UIForeground>, der ab dem zweiten Arbeitsschritt die Maximal-HP erhöht.
Wenn Spezialist: 100 % Wahr<SoftHyphen/>schein<SoftHyphen/>lich<SoftHyphen/>keit"
152,"Gewährt mit einer gewissen Wahr<SoftHyphen/>schein<SoftHyphen/>lich<SoftHyphen/>keit den Status <UIForeground>F201FA</UIForeground><UIGlow>F201FB</UIGlow>Genialer Funke<UIGlow>01</UIGlow><UIForeground>01</UIForeground>, der ab dem zweiten Arbeitsschritt die Maximal-HP erhöht.
Wenn Spezialist: 100 % Wahr<SoftHyphen/>schein<SoftHyphen/>lich<SoftHyphen/>keit"
153,"Gewährt mit einer gewissen Wahr<SoftHyphen/>schein<SoftHyphen/>lich<SoftHyphen/>keit den Status <UIForeground>F201FA</UIForeground><UIGlow>F201FB</UIGlow>Genialer Funke<UIGlow>01</UIGlow><UIForeground>01</UIForeground>, der ab dem zweiten Arbeitsschritt die Maximal-HP erhöht.
Wenn Spezialist: 100 % Wahr<SoftHyphen/>schein<SoftHyphen/>lich<SoftHyphen/>keit"
154,"Aktiviert beim Klassenwechsel zum Fischer automatisch <UIForeground>F201F6</UIForeground><UIGlow>F201F7</UIGlow>Ausloten<UIGlow>01</UIGlow><UIForeground>01</UIForeground>."
155,"Verbesserte Beurteilung der Charakteristika von Fischgründen."
156,"20 % des Schadens, den du von einem Grup<SoftHyphen/>pen<SoftHyphen/>mit<SoftHyphen/>glied übernimmst, wird geblockt."
157,"Re<SoftHyphen/>ak<SoftHyphen/>ti<SoftHyphen/>vie<SoftHyphen/>rungs<SoftHyphen/>zeit von <UIForeground>F201F6</UIForeground><UIGlow>F201F7</UIGlow>Schlachtruf<UIGlow>01</UIGlow><UIForeground>01</UIForeground> ist um 5 Sekunden verkürzt, wenn du <UIForeground>F201F6</UIForeground><UIGlow>F201F7</UIGlow>Niedermähen<UIGlow>01</UIGlow><UIForeground>01</UIForeground> oder <UIForeground>F201F6</UIForeground><UIGlow>F201F7</UIGlow>Dezimieren<UIGlow>01</UIGlow><UIForeground>01</UIForeground> erfolgreich auf einen Gegner (einige ausgenommen) ausführst."
158,"Bei bestimmten erfolgreich ausgeführten Kommandos füllt sich der Blutbalken."
159,"Der Blutbalken füllt sich, wenn während der Wirkungsdauer von <UIForeground>F201FA</UIForeground><UIGlow>F201FB</UIGlow>Blutwaffe<UIGlow>01</UIGlow><UIForeground>01</UIForeground> ausgeführte Waf<SoftHyphen/>fen<SoftHyphen/>fer<SoftHyphen/>tig<SoftHyphen/>kei<SoftHyphen/>ten oder Zauber treffen."
160,"80 % Wahr<SoftHyphen/>schein<SoftHyphen/>lich<SoftHyphen/>keit, dass sich bei einem kritischen Treffer durch eine Waf<SoftHyphen/>fen<SoftHyphen/>fer<SoftHyphen/>tig<SoftHyphen/>keit ein Schatten-Chakra öffnet."
161,"Erlaubt es dir, <UIForeground>F102</UIForeground><UIGlow>F20201</UIGlow>Rakshasas Umarmung<UIGlow>01</UIGlow><UIForeground>01</UIForeground> aufzuladen.
Maximale Aufladungen: 2"
162,"Du bist für die sofortige Ausführung von <UIForeground>F201F6</UIForeground><UIGlow>F201F7</UIGlow>Fächerstoß<UIGlow>01</UIGlow><UIForeground>01</UIForeground> nach erfolgreichem <UIForeground>F201F6</UIForeground><UIGlow>F201F7</UIGlow>Fang und Klaue<UIGlow>01</UIGlow><UIForeground>01</UIForeground>, oder von <UIForeground>F201F6</UIForeground><UIGlow>F201F7</UIGlow>Fang und Klaue<UIGlow>01</UIGlow><UIForeground>01</UIForeground> nach erfolgreichem <UIForeground>F201F6</UIForeground><UIGlow>F201F7</UIGlow>Fächerstoß<UIGlow>01</UIGlow><UIForeground>01</UIForeground> bereit, wobei der Attacke-Wert sich jeweils um 100 erhöht."
163,"Der Effekt <UIForeground>F201FA</UIForeground><UIGlow>F201FB</UIGlow>Drachenherz<UIGlow>01</UIGlow><UIForeground>01</UIForeground> ändert sich zu <UIForeground>F201FA</UIForeground><UIGlow>F201FB</UIGlow>Drachengeist<UIGlow>01</UIGlow><UIForeground>01</UIForeground>.
Effekt von <UIForeground>F201FA</UIForeground><UIGlow>F201FB</UIGlow>Drachengeist<UIGlow>01</UIGlow><UIForeground>01</UIForeground>: Ausgeteilter Schaden ist um 15 % erhöht.
Gewährt weiterhin <UIForeground>F201FA</UIForeground><UIGlow>F201FB</UIGlow>Zielgerichtet<UIGlow>01</UIGlow><UIForeground>01</UIForeground>.
Dauer: 20 Sekunden
Bedingung: <UIForeground>F201F6</UIForeground><UIGlow>F201F7</UIGlow>Geirskogul<UIGlow>01</UIGlow><UIForeground>01</UIForeground> trifft erfolgreich"
164,"Der physische Schaden von Kommandos außer Auto-Attacke ist um 5<Indent/>% erhöht."
165,"Füllt den Ninki-Balken bei einem Treffer einer Waf<SoftHyphen/>fen<SoftHyphen/>fer<SoftHyphen/>tig<SoftHyphen/>keit oder einer erfolgreich ausgeführten Kombo um 5."
166,"Setzt den Reaktivierungs-Timer von <UIForeground>F201FA</UIForeground><UIGlow>F201FB</UIGlow>Shukuchi<UIGlow>01</UIGlow><UIForeground>01</UIForeground> zurück, wenn <UIForeground>F201F6</UIForeground><UIGlow>F201F7</UIGlow>Katon<UIGlow>01</UIGlow><UIForeground>01</UIForeground>, <UIForeground>F201F6</UIForeground><UIGlow>F201F7</UIGlow>Raiton<UIGlow>01</UIGlow><UIForeground>01</UIForeground> oder <UIForeground>F201F6</UIForeground><UIGlow>F201F7</UIGlow>Hyoton<UIGlow>01</UIGlow><UIForeground>01</UIForeground> auf einen Gegner (einige ausgenommen) ausgeführt wird."
167,"Füllt den Ninki-Balken bei erfolgreich ausgeführtem <UIForeground>F201F6</UIForeground><UIGlow>F201F7</UIGlow>Ausrauben<UIGlow>01</UIGlow><UIForeground>01</UIForeground> um 40."
168,"<UIForeground>F201F6</UIForeground><UIGlow>F201F7</UIGlow>Giftbiss<UIGlow>01</UIGlow><UIForeground>01</UIForeground> verwandelt sich in <UIForeground>F201F6</UIForeground><UIGlow>F201F7</UIGlow>Kaustischer Biss<UIGlow>01</UIGlow><UIForeground>01</UIForeground>, <UIForeground>F201F6</UIForeground><UIGlow>F201F7</UIGlow>Beißender Wind<UIGlow>01</UIGlow><UIForeground>01</UIForeground> in <UIForeground>F201F6</UIForeground><UIGlow>F201F7</UIGlow>Sturmbiss<UIGlow>01</UIGlow><UIForeground>01</UIForeground>."
169,"Garantiert das Auslösen des Zusatzeffekts von <UIForeground>F201F6</UIForeground><UIGlow>F201F7</UIGlow>Ballade des Weisen<UIGlow>01</UIGlow><UIForeground>01</UIForeground>, <UIForeground>F201F6</UIForeground><UIGlow>F201F7</UIGlow>Hymne der Krieger<UIGlow>01</UIGlow><UIForeground>01</UIForeground> und <UIForeground>F201F6</UIForeground><UIGlow>F201F7</UIGlow>Menuett des Wanderers<UIGlow>01</UIGlow><UIForeground>01</UIForeground>, wenn <UIForeground>F201F6</UIForeground><UIGlow>F201F7</UIGlow>Empyreischer Pfeil<UIGlow>01</UIGlow><UIForeground>01</UIForeground> ein Ziel trifft."
170,"<UIForeground>F201F6</UIForeground><UIGlow>F201F7</UIGlow>Feuer frei<UIGlow>01</UIGlow><UIForeground>01</UIForeground> wird zu <UIForeground>F201F6</UIForeground><UIGlow>F201F7</UIGlow>Höllenfeuer frei<UIGlow>01</UIGlow><UIForeground>01</UIForeground>, <UIForeground>F201F6</UIForeground><UIGlow>F201F7</UIGlow>Flintenlaufgeschoss<UIGlow>01</UIGlow><UIForeground>01</UIForeground> zu <UIForeground>F201F6</UIForeground><UIGlow>F201F7</UIGlow>Höllen-Flintenlaufgeschoss<UIGlow>01</UIGlow><UIForeground>01</UIForeground> und <UIForeground>F201F6</UIForeground><UIGlow>F201F7</UIGlow>Sauberer Schuss<UIGlow>01</UIGlow><UIForeground>01</UIForeground> zu <UIForeground>F201F6</UIForeground><UIGlow>F201F7</UIGlow>Sauberer Höllenschuss<UIGlow>01</UIGlow><UIForeground>01</UIForeground>, wenn dein Hitzebalken auf 50 oder mehr steht."
171,"Verbessert <UIForeground>F201F6</UIForeground><UIGlow>F201F7</UIGlow>Blitz<UIGlow>01</UIGlow><UIForeground>01</UIForeground> zu <UIForeground>F201F6</UIForeground><UIGlow>F201F7</UIGlow>Blitzga<UIGlow>01</UIGlow><UIForeground>01</UIForeground>."
172,"Verbessert <UIForeground>F201F6</UIForeground><UIGlow>F201F7</UIGlow>Blitzra<UIGlow>01</UIGlow><UIForeground>01</UIForeground> zu <UIForeground>F201F6</UIForeground><UIGlow>F201F7</UIGlow>Blitzka<UIGlow>01</UIGlow><UIForeground>01</UIForeground>."
173,"Verringert die MP-Kosten von <UIForeground>F201F6</UIForeground><UIGlow>F201F7</UIGlow>Flare<UIGlow>01</UIGlow><UIForeground>01</UIForeground> um ein Drittel, verbraucht aber dafür alle <UIForeground>F201FA</UIForeground><UIGlow>F201FB</UIGlow>Schattenherzen<UIGlow>01</UIGlow><UIForeground>01</UIForeground>. Nur möglich, wenn mindestens eines vorhanden ist."
174,"Gewährt <UIForeground>F201FA</UIForeground><UIGlow>F201FB</UIGlow>Polyglott<UIGlow>01</UIGlow><UIForeground>01</UIForeground>, wenn <UIForeground>F201FA</UIForeground><UIGlow>F201FB</UIGlow>Henochisch<UIGlow>01</UIGlow><UIForeground>01</UIForeground> mindestens 30 Sekunden lang aktiv war. Verbessert außerdem die Erhöhung des Magieschadens durch <UIForeground>F201FA</UIForeground><UIGlow>F201FB</UIGlow>Henochisch<UIGlow>01</UIGlow><UIForeground>01</UIForeground> auf 10<Indent/>%."
175,"Verbessert <UIForeground>F201F6</UIForeground><UIGlow>F201F7</UIGlow>Bio<UIGlow>01</UIGlow><UIForeground>01</UIForeground> zu <UIForeground>F201F6</UIForeground><UIGlow>F201F7</UIGlow>Biora<UIGlow>01</UIGlow><UIForeground>01</UIForeground>."
176,"Wenn dein Egi erfolgreich eine Attacke ausführt, wird dir <UIForeground>F201FA</UIForeground><UIGlow>F201FB</UIGlow>Verbessertes Ruinra<UIGlow>01</UIGlow><UIForeground>01</UIForeground> gewährt. Damit ändert sich das Kommando <UIForeground>F201F6</UIForeground><UIGlow>F201F7</UIGlow>Ruinra<UIGlow>01</UIGlow><UIForeground>01</UIForeground> zu <UIForeground>F201F6</UIForeground><UIGlow>F201F7</UIGlow>Ruinka<UIGlow>01</UIGlow><UIForeground>01</UIForeground>.
Ma<SoftHyphen/>xi<SoftHyphen/>mal<SoftHyphen/>sta<SoftHyphen/>pel<SoftHyphen/>zahl: 4"
177,"Verbessert <UIForeground>F201F6</UIForeground><UIGlow>F201F7</UIGlow>Biora<UIGlow>01</UIGlow><UIForeground>01</UIForeground> zu <UIForeground>F201F6</UIForeground><UIGlow>F201F7</UIGlow>Bioga<UIGlow>01</UIGlow><UIForeground>01</UIForeground> und <UIForeground>F201F6</UIForeground><UIGlow>F201F7</UIGlow>Miasma<UIGlow>01</UIGlow><UIForeground>01</UIForeground> zu <UIForeground>F201F6</UIForeground><UIGlow>F201F7</UIGlow>Miasga<UIGlow>01</UIGlow><UIForeground>01</UIForeground>."
178,"Verbessert <UIForeground>F201F6</UIForeground><UIGlow>F201F7</UIGlow>Bahamut-Trance<UIGlow>01</UIGlow><UIForeground>01</UIForeground> zu <UIForeground>F201F6</UIForeground><UIGlow>F201F7</UIGlow>Bahamut-Beschwörung<UIGlow>01</UIGlow><UIForeground>01</UIForeground>."
179,"Verbessert <UIForeground>F201F6</UIForeground><UIGlow>F201F7</UIGlow>Stein<UIGlow>01</UIGlow><UIForeground>01</UIForeground> zu <UIForeground>F201F6</UIForeground><UIGlow>F201F7</UIGlow>Steinra<UIGlow>01</UIGlow><UIForeground>01</UIForeground>."
180,"Verbessert <UIForeground>F201F6</UIForeground><UIGlow>F201F7</UIGlow>Wind<UIGlow>01</UIGlow><UIForeground>01</UIForeground> zu <UIForeground>F201F6</UIForeground><UIGlow>F201F7</UIGlow>Windra<UIGlow>01</UIGlow><UIForeground>01</UIForeground>."
181,"Verbessert <UIForeground>F201F6</UIForeground><UIGlow>F201F7</UIGlow>Steinra<UIGlow>01</UIGlow><UIForeground>01</UIForeground> zu <UIForeground>F201F6</UIForeground><UIGlow>F201F7</UIGlow>Steinga<UIGlow>01</UIGlow><UIForeground>01</UIForeground>."
182,"Verbessert <UIForeground>F201F6</UIForeground><UIGlow>F201F7</UIGlow>Steinga<UIGlow>01</UIGlow><UIForeground>01</UIForeground> zu <UIForeground>F201F6</UIForeground><UIGlow>F201F7</UIGlow>Steinka<UIGlow>01</UIGlow><UIForeground>01</UIForeground>."
183,"20 % Wahr<SoftHyphen/>schein<SoftHyphen/>lich<SoftHyphen/>keit, dass die Re<SoftHyphen/>ak<SoftHyphen/>ti<SoftHyphen/>vie<SoftHyphen/>rungs<SoftHyphen/>zeit von <UIForeground>F201F6</UIForeground><UIGlow>F201F7</UIGlow>Refugium<UIGlow>01</UIGlow><UIForeground>01</UIForeground> und <UIForeground>F201F6</UIForeground><UIGlow>F201F7</UIGlow>Assise<UIGlow>01</UIGlow><UIForeground>01</UIForeground> um 5 Sekunden verkürzt ist, wenn <UIForeground>F201F6</UIForeground><UIGlow>F201F7</UIGlow>Vita<UIGlow>01</UIGlow><UIForeground>01</UIForeground> oder <UIForeground>F201F6</UIForeground><UIGlow>F201F7</UIGlow>Vitra<UIGlow>01</UIGlow><UIForeground>01</UIForeground> kritisch heilen."
184,"Verbessert <UIForeground>F201F6</UIForeground><UIGlow>F201F7</UIGlow>Bravade<UIGlow>01</UIGlow><UIForeground>01</UIForeground> zu <UIForeground>F201F6</UIForeground><UIGlow>F201F7</UIGlow>Hitzige Bravade<UIGlow>01</UIGlow><UIForeground>01</UIForeground> und erhöht den Attacke-Wert von <UIForeground>F201F6</UIForeground><UIGlow>F201F7</UIGlow>Ruinra<UIGlow>01</UIGlow><UIForeground>01</UIForeground> auf 180."
185,"Verkürzt die Re<SoftHyphen/>ak<SoftHyphen/>ti<SoftHyphen/>vie<SoftHyphen/>rungs<SoftHyphen/>zeit von <UIForeground>F201F6</UIForeground><UIGlow>F201F7</UIGlow>Ätherfluss<UIGlow>01</UIGlow><UIForeground>01</UIForeground> um 5 Sekunden, wenn ein Ätherfluss verbrauchendes Kommando ausgeführt wird."
186,"Verbessert <UIForeground>F201F6</UIForeground><UIGlow>F201F7</UIGlow>Konjunktion<UIGlow>01</UIGlow><UIForeground>01</UIForeground> zu <UIForeground>F201F6</UIForeground><UIGlow>F201F7</UIGlow>Konjunktion II<UIGlow>01</UIGlow><UIForeground>01</UIForeground>."
187,"Verbessert <UIForeground>F201F6</UIForeground><UIGlow>F201F7</UIGlow>Spannungsaspekt<UIGlow>01</UIGlow><UIForeground>01</UIForeground> zu <UIForeground>F201F6</UIForeground><UIGlow>F201F7</UIGlow>Spannungsaspekt II<UIGlow>01</UIGlow><UIForeground>01</UIForeground>."
188,"Verbessert <UIForeground>F201F6</UIForeground><UIGlow>F201F7</UIGlow>Spannungsaspekt II<UIGlow>01</UIGlow><UIForeground>01</UIForeground> zu <UIForeground>F201F6</UIForeground><UIGlow>F201F7</UIGlow>Spannungsaspekt III<UIGlow>01</UIGlow><UIForeground>01</UIForeground>."
189,"Verkürzt die Re<SoftHyphen/>ak<SoftHyphen/>ti<SoftHyphen/>vie<SoftHyphen/>rungs<SoftHyphen/>zeit von <UIForeground>F201F6</UIForeground><UIGlow>F201F7</UIGlow>Lichtgeschwindigkeit<UIGlow>01</UIGlow><UIForeground>01</UIForeground> auf 60 Sekunden."
190,"Zu Beginn des Sammelns werden alle Gegenstände erreichbar.
(Nur bei Sammelstellen der Stufe 60 und niedriger)"
191,"Zu Beginn des Sammelns werden alle Gegenstände erreichbar.
(Nur bei Sammelstellen der Stufe 60 und niedriger)"
192,"Das Grundpotenzial der Sammelregeneration ist um 1 erhöht."
193,"Das Grundpotenzial der Sammelregeneration ist um 1 erhöht."
194,"Das Grundpotenzial der Sammelregeneration ist um 1 erhöht."
195,"Verbessert <UIForeground>F201F6</UIForeground><UIGlow>F201F7</UIGlow>Stoß<UIGlow>01</UIGlow><UIForeground>01</UIForeground> zu <UIForeground>F201F6</UIForeground><UIGlow>F201F7</UIGlow>Stoß II<UIGlow>01</UIGlow><UIForeground>01</UIForeground>.
Außerdem werden die Attacke-Werte von <UIForeground>F201F6</UIForeground><UIGlow>F201F7</UIGlow>Erzblitz<UIGlow>01</UIGlow><UIForeground>01</UIForeground> und <UIForeground>F201F6</UIForeground><UIGlow>F201F7</UIGlow>Erzwind<UIGlow>01</UIGlow><UIForeground>01</UIForeground> auf 360 und von <UIForeground>F201F6</UIForeground><UIGlow>F201F7</UIGlow>Erzfeuer<UIGlow>01</UIGlow><UIForeground>01</UIForeground> und <UIForeground>F201F6</UIForeground><UIGlow>F201F7</UIGlow>Erzstein<UIGlow>01</UIGlow><UIForeground>01</UIForeground> auf 300 erhöht."
196,"Fügt deinem Heilbalken alle 20 Sekunden, die du dich im Kampf befindest, eine <UIForeground>F201FA</UIForeground><UIGlow>F201FB</UIGlow>Lilie<UIGlow>01</UIGlow><UIForeground>01</UIForeground> hinzu. Bis zu 3 <UIForeground>F201FA</UIForeground><UIGlow>F201FB</UIGlow>Lilien<UIGlow>01</UIGlow><UIForeground>01</UIForeground> möglich."
197,"Die Intelligenz wird um 8 erhöht."
198,"Die Intelligenz wird um 16 erhöht."
199,"Die Intelligenz wird um 24 erhöht."
200,"Erhöht den Basiswert des Schadens und der Regenerationswirkung von Kommandos außer Auto-Attacke um 10 %."
201,"Erhöht den Basiswert des Schadens und der Regenerationswirkung von Kommandos außer Auto-Attacke um 30 %."
202,"Die Stärke wird um 8 erhöht."
203,"Die Stärke wird um 16 erhöht."
204,"Die Stärke wird um 24 erhöht."
205,"Erhöht den physischen Schaden von Kommandos außer Auto-Attacke um 20 %."
206,"Gewährt dir beim erfolgreichen Ausführen von <UIForeground>F201F6</UIForeground><UIGlow>F201F7</UIGlow>Stoß<UIGlow>01</UIGlow><UIForeground>01</UIForeground> den Status <UIForeground>F201FA</UIForeground><UIGlow>F201FB</UIGlow>Impaktbereit<UIGlow>01</UIGlow><UIForeground>01</UIForeground>."
207,"MP-Kosten für Magie sind halbiert und erlittener Schaden unterbricht das Wirken von Zaubern nicht.
Darüber hinaus werden <UIForeground>F201F6</UIForeground><UIGlow>F201F7</UIGlow>Königsklinge<UIGlow>01</UIGlow><UIForeground>01</UIForeground> die folgenden Effekte hinzugefügt:
Bonus: <UIForeground>F201FA</UIForeground><UIGlow>F201FB</UIGlow>Göttliche Gunst<UIGlow>01</UIGlow><UIForeground>01</UIForeground>
Dauer: 30 Sekunden
Effekt von <UIForeground>F201FA</UIForeground><UIGlow>F201FB</UIGlow>Göttliche Gunst<UIGlow>01</UIGlow><UIForeground>01</UIForeground>: Der nächste <UIForeground>F201F6</UIForeground><UIGlow>F201F7</UIGlow>Heilige Geist<UIGlow>01</UIGlow><UIForeground>01</UIForeground> oder <UIForeground>F201F6</UIForeground><UIGlow>F201F7</UIGlow>Heilige Kreis<UIGlow>01</UIGlow><UIForeground>01</UIForeground> kann sofort gewirkt werden und hat einen erhöhten Attacke-Wert.
Bedingung: Erfolgreiches Ausführen einer Kombo mit <UIForeground>F201F6</UIForeground><UIGlow>F201F7</UIGlow>Königsklinge<UIGlow>01</UIGlow><UIForeground>01</UIForeground>."
208,"Füllt den Kenki-Balken durch erfolgreich ausgeführte Waf<SoftHyphen/>fen<SoftHyphen/>fer<SoftHyphen/>tig<SoftHyphen/>kei<SoftHyphen/>ten außer <UIForeground>F201F4</UIForeground><UIGlow>F201F5</UIGlow>Iaijutsu<UIGlow>01</UIGlow><UIForeground>01</UIForeground> noch schneller."
209,"Der Eidbalken füllt sich bei jedem Treffer durch Auto-Attacken um 5."
210,"Die Willenskraft wird um 8 erhöht."
211,"Die Willenskraft wird um 16 erhöht."
212,"Die Willenskraft wird um 24 erhöht."
213,"Verkürzt die Re<SoftHyphen/>ak<SoftHyphen/>ti<SoftHyphen/>vie<SoftHyphen/>rungs<SoftHyphen/>zeit von <UIForeground>F201F6</UIForeground><UIGlow>F201F7</UIGlow>Entflammung<UIGlow>01</UIGlow><UIForeground>01</UIForeground> um 10 Sekunden."
214,"Verbessert <UIForeground>F201F6</UIForeground><UIGlow>F201F7</UIGlow>Ruin<UIGlow>01</UIGlow><UIForeground>01</UIForeground> zu <UIForeground>F201F6</UIForeground><UIGlow>F201F7</UIGlow>Bravade<UIGlow>01</UIGlow><UIForeground>01</UIForeground> und erhöht den Attacke-Wert von <UIForeground>F201F6</UIForeground><UIGlow>F201F7</UIGlow>Ruinra<UIGlow>01</UIGlow><UIForeground>01</UIForeground> auf 160 und von <UIForeground>F201F6</UIForeground><UIGlow>F201F7</UIGlow>Kunst des Krieges<UIGlow>01</UIGlow><UIForeground>01</UIForeground> auf 165."
215,"Füllt den Kenki-Balken durch erfolgreiches Ausführen bestimmter Waf<SoftHyphen/>fen<SoftHyphen/>fer<SoftHyphen/>tig<SoftHyphen/>kei<SoftHyphen/>ten und bei erfolgreicher Schadensreduzierung durch <UIForeground>F201F6</UIForeground><UIGlow>F201F7</UIGlow>Drittes Auge<UIGlow>01</UIGlow><UIForeground>01</UIForeground>."
216,"Gewährt <UIForeground>F201FA</UIForeground><UIGlow>F201FB</UIGlow>Doppelzauber<UIGlow>01</UIGlow><UIForeground>01</UIForeground> beim Ausführen von Zaubern mit einer Ausführungszeit. Durch den Status entfällt die Ausführungszeit des nächsten Zaubers. Die Wirkung wird durch Kommandos (außer Auto-Attacke und Talenten) unterbrochen.
Dauer: 15 Sekunden"
217,"Verbessert <UIForeground>F201F6</UIForeground><UIGlow>F201F7</UIGlow>Ruin<UIGlow>01</UIGlow><UIForeground>01</UIForeground> zu <UIForeground>F201F6</UIForeground><UIGlow>F201F7</UIGlow>Ruinra<UIGlow>01</UIGlow><UIForeground>01</UIForeground>."
218,"Verbessert <UIForeground>F201F6</UIForeground><UIGlow>F201F7</UIGlow>Tollwut<UIGlow>01</UIGlow><UIForeground>01</UIForeground> zu <UIForeground>F201F6</UIForeground><UIGlow>F201F7</UIGlow>Urbefreiung<UIGlow>01</UIGlow><UIForeground>01</UIForeground>."
219,"Gewährt nach Besiegen bestimmter Gegner gelegentlich einen neuen Blaumagiezauber. Der Gegner muss die entsprechende Fähigkeit im Kampf benutzt haben."
220,"Erhöht den Basisschaden und das Regenerationspotenzial von Kommandos außer Auto-Attacke um 10<Indent/>%."
221,"Erhöht den Basisschaden und das Regenerationspotenzial von Kommandos außer Auto-Attacke um 20<Indent/>%."
222,"Erhöht den Basisschaden und das Regenerationspotenzial von Kommandos außer Auto-Attacke um 30<Indent/>%."
223,"Erhöht den Basisschaden und das Regenerationspotenzial von Kommandos außer Auto-Attacke um 40<Indent/>%."
224,"Erhöht den Basisschaden und das Regenerationspotenzial von Kommandos außer Auto-Attacke um 50<Indent/>%."
225,"Monster bis zur Stufe 74 können dich nicht aufspüren."
226,"Monster bis zur Stufe 77 können dich nicht aufspüren."
227,"Monster bis zur Stufe 80 können dich nicht aufspüren."
228,"Monster bis zur Stufe 74 können dich nicht aufspüren."
229,"Monster bis zur Stufe 77 können dich nicht aufspüren."
230,"Monster bis zur Stufe 80 können dich nicht aufspüren."
231,"Monster bis zur Stufe 74 können dich nicht aufspüren."
232,"Monster bis zur Stufe 77 können dich nicht aufspüren."
233,"Monster bis zur Stufe 80 können dich nicht aufspüren."
234,"Fischgründe bis zu Stufe 75 können gefunden und befischt werden."
235,"Fischgründe bis zu Stufe 80 können gefunden und befischt werden."
236,"Das Grundpotenzial der Sammelregeneration ist um 2, das Potenzial während des Sammelns um 1 erhöht."
237,"Das Grundpotenzial der Sammelregeneration ist um 2, das Potenzial während des Sammelns um 1 erhöht."
238,"Das Grundpotenzial der Sammelregeneration ist um 2 erhöht."
239,"Das Grundpotenzial der Sammelregeneration ist um 3, das Potenzial während des Sammelns um 1 erhöht."
240,"Das Grundpotenzial der Sammelregeneration ist um 3, das Potenzial während des Sammelns um 1 erhöht."
241,"Das Grundpotenzial der Sammelregeneration ist um 3 erhöht."
242,"Gewährt dir beim erfolgreichen Ausführen von <UIForeground>F201F6</UIForeground><UIGlow>F201F7</UIGlow>Felsenfeste Überzeugung<UIGlow>01</UIGlow><UIForeground>01</UIForeground> mit einer Wahr<SoftHyphen/>schein<SoftHyphen/>lich<SoftHyphen/>keit von 50<Indent/>% den Status <UIForeground>F201FA</UIForeground><UIGlow>F201FB</UIGlow>Triumph des Wissens bereit<UIGlow>01</UIGlow><UIForeground>01</UIForeground>."
243,"Gewährt dir beim erfolgreichen Ausführen von <UIForeground>F201F6</UIForeground><UIGlow>F201F7</UIGlow>Bauernschläue<UIGlow>01</UIGlow><UIForeground>01</UIForeground> mit einer Wahr<SoftHyphen/>schein<SoftHyphen/>lich<SoftHyphen/>keit von 50<Indent/>% den Status <UIForeground>F201FA</UIForeground><UIGlow>F201FB</UIGlow>Triumph des Wissens bereit<UIGlow>01</UIGlow><UIForeground>01</UIForeground>."
244,"Gewährt dir beim erfolgreichen Fang eines riesigen Fischs mit einer gewissen Wahr<SoftHyphen/>schein<SoftHyphen/>lich<SoftHyphen/>keit den Status <UIForeground>F201FA</UIForeground><UIGlow>F201FB</UIGlow>Fischversessen<UIGlow>01</UIGlow><UIForeground>01</UIForeground>.<If(Equal(PlayerParameter(68),18))><If(GreaterThanOrEqualTo(PlayerParameter(69),61))>
Die Wahr<SoftHyphen/>schein<SoftHyphen/>lich<SoftHyphen/>keit ist für das Fischen und das Speerfischen unter<SoftHyphen/>schied<SoftHyphen/>lich.<Else/></If><Else/></If>
Ma<SoftHyphen/>xi<SoftHyphen/>mal<SoftHyphen/>sta<SoftHyphen/>pel<SoftHyphen/>zahl: 10"
245,"100 % Wahr<SoftHyphen/>schein<SoftHyphen/>lich<SoftHyphen/>keit, dass sich bei einem kritischen Treffer durch eine Waf<SoftHyphen/>fen<SoftHyphen/>fer<SoftHyphen/>tig<SoftHyphen/>keit ein Schatten-Chakra öffnet."
246,"Erfolgreiches Ausführen von <UIForeground>F201F6</UIForeground><UIGlow>F201F7</UIGlow>Donnerklinge<UIGlow>01</UIGlow><UIForeground>01</UIForeground> oder <UIForeground>F201F6</UIForeground><UIGlow>F201F7</UIGlow>Selbsterhaltungstrieb<UIGlow>01</UIGlow><UIForeground>01</UIForeground> regeneriert MP."
247,"Verleiht den Status <UIForeground>F201FA</UIForeground><UIGlow>F201FB</UIGlow>Zornesfeuer<UIGlow>01</UIGlow><UIForeground>01</UIForeground>, wenn <UIForeground>F201F6</UIForeground><UIGlow>F201F7</UIGlow>Drachenhort<UIGlow>01</UIGlow><UIForeground>01</UIForeground> direkt nach <UIForeground>F201F6</UIForeground><UIGlow>F201F7</UIGlow>Fächerstoß<UIGlow>01</UIGlow><UIForeground>01</UIForeground> oder <UIForeground>F201F6</UIForeground><UIGlow>F201F7</UIGlow>Fang und Klaue<UIGlow>01</UIGlow><UIForeground>01</UIForeground> erfolgreich ausgeführt wird.
Dauer: 30 Sekunden
Der Effekt endet bei Ausführung einer Waf<SoftHyphen/>fen<SoftHyphen/>fer<SoftHyphen/>tig<SoftHyphen/>keit.
<UIForeground>F201F6</UIForeground><UIGlow>F201F7</UIGlow>Sauberer Stoß<UIGlow>01</UIGlow><UIForeground>01</UIForeground> wird während der Wirkungsdauer zu <UIForeground>F201F6</UIForeground><UIGlow>F201F7</UIGlow>Überfallsstoß<UIGlow>01</UIGlow><UIForeground>01</UIForeground>.
Darüber hinaus erhöht sich der Attacke-Wert von <UIForeground>F201F6</UIForeground><UIGlow>F201F7</UIGlow>Sauberer Stoß<UIGlow>01</UIGlow><UIForeground>01</UIForeground> auf 230, von <UIForeground>F201F6</UIForeground><UIGlow>F201F7</UIGlow>Vorpalstoß<UIGlow>01</UIGlow><UIForeground>01</UIForeground> auf 130, von <UIForeground>F201F6</UIForeground><UIGlow>F201F7</UIGlow>Reißende Klauen<UIGlow>01</UIGlow><UIForeground>01</UIForeground> auf 200, von <UIForeground>F201F6</UIForeground><UIGlow>F201F7</UIGlow>Reißende Klauen<UIGlow>01</UIGlow><UIForeground>01</UIForeground> bei <UIForeground>F201FA</UIForeground><UIGlow>F201FB</UIGlow>Reißende Klauen<UIGlow>01</UIGlow><UIForeground>01</UIForeground> auf 350 und von <UIForeground>F201F6</UIForeground><UIGlow>F201F7</UIGlow>Drachengriff<UIGlow>01</UIGlow><UIForeground>01</UIForeground> auf 140. "
248,""
249,"Füllt den Urkraftbalken durch erfolgreiches Ausführen einer Kombo mit <UIForeground>F201F6</UIForeground><UIGlow>F201F7</UIGlow>Verstümmelung<UIGlow>01</UIGlow><UIForeground>01</UIForeground> oder <UIForeground>F201F6</UIForeground><UIGlow>F201F7</UIGlow>Sturmkeil<UIGlow>01</UIGlow><UIForeground>01</UIForeground>."
250,"Während <UIForeground>F201FA</UIForeground><UIGlow>F201FB</UIGlow>Kassatsu<UIGlow>01</UIGlow><UIForeground>01</UIForeground> aktiv ist, wird <UIForeground>F201F6</UIForeground><UIGlow>F201F7</UIGlow>Katon<UIGlow>01</UIGlow><UIForeground>01</UIForeground> zu <UIForeground>F201F6</UIForeground><UIGlow>F201F7</UIGlow>Goka Mekkyaku<UIGlow>01</UIGlow><UIForeground>01</UIForeground> und <UIForeground>F201F6</UIForeground><UIGlow>F201F7</UIGlow>Hyoton<UIGlow>01</UIGlow><UIForeground>01</UIForeground> zu <UIForeground>F201F6</UIForeground><UIGlow>F201F7</UIGlow>Hyosho Ranryu<UIGlow>01</UIGlow><UIForeground>01</UIForeground> verbessert."
251,"Erhöht den Basisschaden von Kommandos außer Auto-Attacke um 10<Indent/>%."
252,"Gewährt einen Stapel <UIForeground>F201F4</UIForeground><UIGlow>F201F5</UIGlow>Plume Burlesque<UIGlow>01</UIGlow><UIForeground>01</UIForeground> bei Treffer mit bestimmten Kommandos.
Ma<SoftHyphen/>xi<SoftHyphen/>mal<SoftHyphen/>sta<SoftHyphen/>pel<SoftHyphen/>zahl: 4"
253,"Erhöht den Basisschaden von Kommandos außer Auto-Attacke um 20<Indent/>%."
254,"Erlaubt es dir, <UIForeground>F201F6</UIForeground><UIGlow>F201F7</UIGlow>En Avant<UIGlow>01</UIGlow><UIForeground>01</UIForeground> aufzuladen.
Maximale Aufladungen: 2"
255,"Sobald du <UIForeground>F201F6</UIForeground><UIGlow>F201F7</UIGlow>Einfaches Finale<UIGlow>01</UIGlow><UIForeground>01</UIForeground> oder <UIForeground>F201F6</UIForeground><UIGlow>F201F7</UIGlow>Komplexes Finale<UIGlow>01</UIGlow><UIForeground>01</UIForeground> ausführst, kannst du Tanzfieber sammeln.
Du selbst erhältst je 5 Tanzfieber bei erfolgreicher Ausführung von <UIForeground>F201F6</UIForeground><UIGlow>F201F7</UIGlow>Cascade<UIGlow>01</UIGlow><UIForeground>01</UIForeground>, <UIForeground>F201F6</UIForeground><UIGlow>F201F7</UIGlow>Invertierte Cascade<UIGlow>01</UIGlow><UIForeground>01</UIForeground>, <UIForeground>F201F6</UIForeground><UIGlow>F201F7</UIGlow>Fontäne<UIGlow>01</UIGlow><UIForeground>01</UIForeground>, <UIForeground>F201F6</UIForeground><UIGlow>F201F7</UIGlow>Fallende Fontäne<UIGlow>01</UIGlow><UIForeground>01</UIForeground>, <UIForeground>F201F6</UIForeground><UIGlow>F201F7</UIGlow>Windmühle<UIGlow>01</UIGlow><UIForeground>01</UIForeground>, <UIForeground>F201F6</UIForeground><UIGlow>F201F7</UIGlow>Steigende Windmühle<UIGlow>01</UIGlow><UIForeground>01</UIForeground>, <UIForeground>F201F6</UIForeground><UIGlow>F201F7</UIGlow>Klingenflut<UIGlow>01</UIGlow><UIForeground>01</UIForeground> und <UIForeground>F201F6</UIForeground><UIGlow>F201F7</UIGlow>Blutklingen<UIGlow>01</UIGlow><UIForeground>01</UIForeground>.
Dein Tanzpartner füllt deinen Tanzfieberbalken durch das erfolgreiche Ausführen von Waf<SoftHyphen/>fen<SoftHyphen/>fer<SoftHyphen/>tig<SoftHyphen/>kei<SoftHyphen/>ten und Magie mit gewisser Wahr<SoftHyphen/>schein<SoftHyphen/>lich<SoftHyphen/>keit ebenfalls um je 10. Diese Auslösungswahrscheinlichkeit unterscheidet sich je nach Job."
256,"<UIForeground>F201F6</UIForeground><UIGlow>F201F7</UIGlow>En Avant<UIGlow>01</UIGlow><UIForeground>01</UIForeground> kann bis zu dreimal aufgeladen werden."
257,"Gewährt dir beim erfolgreichen Ausführen einer Kombo mit <UIForeground>F201F6</UIForeground><UIGlow>F201F7</UIGlow>Stahlwalze<UIGlow>01</UIGlow><UIForeground>01</UIForeground> eine Erda-Patrone. Maximal 2 Patronen stapelbar."
258,"Gewährt dir beim erfolgreichen Ausführen einer Kombo mit <UIForeground>F201F6</UIForeground><UIGlow>F201F7</UIGlow>Brutaler Einschlag<UIGlow>01</UIGlow><UIForeground>01</UIForeground> eine schadensabsorbierende Barriere.
Dauer: 30 Sekunden"
259,"Verbessert <UIForeground>F201F6</UIForeground><UIGlow>F201F7</UIGlow>Sprengzone<UIGlow>01</UIGlow><UIForeground>01</UIForeground> zu <UIForeground>F201F6</UIForeground><UIGlow>F201F7</UIGlow>Erda-Detonation<UIGlow>01</UIGlow><UIForeground>01</UIForeground>."
260,"Verbessert <UIForeground>F201F6</UIForeground><UIGlow>F201F7</UIGlow>Halones Groll<UIGlow>01</UIGlow><UIForeground>01</UIForeground> zu <UIForeground>F201F6</UIForeground><UIGlow>F201F7</UIGlow>Königsklinge<UIGlow>01</UIGlow><UIForeground>01</UIForeground>."
261,"<UIForeground>F201F6</UIForeground><UIGlow>F201F7</UIGlow>Protuberanz<UIGlow>01</UIGlow><UIForeground>01</UIForeground> werden die folgenden Effekte hinzugefügt:
Bonus: MP-Regeneration
Bonus: <UIForeground>F201FA</UIForeground><UIGlow>F201FB</UIGlow>Göttliche Gunst<UIGlow>01</UIGlow><UIForeground>01</UIForeground>
Dauer: 30 Sekunden
Effekt von <UIForeground>F201FA</UIForeground><UIGlow>F201FB</UIGlow>Göttliche Gunst<UIGlow>01</UIGlow><UIForeground>01</UIForeground>: Der nächste <UIForeground>F201F6</UIForeground><UIGlow>F201F7</UIGlow>Heilige Geist<UIGlow>01</UIGlow><UIForeground>01</UIForeground> oder <UIForeground>F201F6</UIForeground><UIGlow>F201F7</UIGlow>Heilige Kreis<UIGlow>01</UIGlow><UIForeground>01</UIForeground> kann sofort gewirkt werden und hat einen erhöhten Attacke-Wert.
Bedingung: Erfolgreiches Ausführen einer Kombo mit <UIForeground>F201F6</UIForeground><UIGlow>F201F7</UIGlow>Protuberanz<UIGlow>01</UIGlow><UIForeground>01</UIForeground>."
262,"Verlängert den Effekt von <UIForeground>F201F6</UIForeground><UIGlow>F201F7</UIGlow>Schiltron<UIGlow>01</UIGlow><UIForeground>01</UIForeground> auf 6 Sekunden."
263,"Du gewährst dir den Status <UIForeground>F201FA</UIForeground><UIGlow>F201FB</UIGlow>Confiteor<UIGlow>01</UIGlow><UIForeground>01</UIForeground>.
Dauer: 30 Sekunden
Bedingung: Erfolgreiche Ausführung von <UIForeground>F201F6</UIForeground><UIGlow>F201F7</UIGlow>Requiescat<UIGlow>01</UIGlow><UIForeground>01</UIForeground>"
264,"Gewährt dir beim erfolgreichen Ausführen einer Kombo mit <UIForeground>F201F6</UIForeground><UIGlow>F201F7</UIGlow>Königsklinge<UIGlow>01</UIGlow><UIForeground>01</UIForeground> <UIForeground>F201FA</UIForeground><UIGlow>F201FB</UIGlow>Königliche Erhabenheit<UIGlow>01</UIGlow><UIForeground>01</UIForeground>.
Dauer: 30 Sekunden"
265,"Verbessert <UIForeground>F201F6</UIForeground><UIGlow>F201F7</UIGlow>Tier in dir<UIGlow>01</UIGlow><UIForeground>01</UIForeground> zu <UIForeground>F201F6</UIForeground><UIGlow>F201F7</UIGlow>Niedermähen<UIGlow>01</UIGlow><UIForeground>01</UIForeground>."
266,"Verbessert <UIForeground>F201F6</UIForeground><UIGlow>F201F7</UIGlow>Kreiselklinge<UIGlow>01</UIGlow><UIForeground>01</UIForeground> zu <UIForeground>F201F6</UIForeground><UIGlow>F201F7</UIGlow>Dezimieren<UIGlow>01</UIGlow><UIForeground>01</UIForeground>."
267,"Gewährt dir <UIForeground>F201FA</UIForeground><UIGlow>F201FB</UIGlow>Saat des Chaos<UIGlow>01</UIGlow><UIForeground>01</UIForeground>, wenn du <UIForeground>F201F6</UIForeground><UIGlow>F201F7</UIGlow>Schlachtruf<UIGlow>01</UIGlow><UIForeground>01</UIForeground> ausführst. Ist dein Urkraftbalken um min. 50 gefüllt und <UIForeground>F201FA</UIForeground><UIGlow>F201FB</UIGlow>Saat des Chaos<UIGlow>01</UIGlow><UIForeground>01</UIForeground> aktiv, wird <UIForeground>F201F6</UIForeground><UIGlow>F201F7</UIGlow>Dezimieren<UIGlow>01</UIGlow><UIForeground>01</UIForeground> zu <UIForeground>F201F6</UIForeground><UIGlow>F201F7</UIGlow>Chaosklinge<UIGlow>01</UIGlow><UIForeground>01</UIForeground> und <UIForeground>F201F6</UIForeground><UIGlow>F201F7</UIGlow>Niedermähen<UIGlow>01</UIGlow><UIForeground>01</UIForeground> zu <UIForeground>F201F6</UIForeground><UIGlow>F201F7</UIGlow>Inneres Chaos<UIGlow>01</UIGlow><UIForeground>01</UIForeground>, sobald erlernt.
Dauer: 30 Sekunden"
268,"Füllt den Urkraftbalken durch erfolgreiches Ausführen einer Kombo mit <UIForeground>F201F6</UIForeground><UIGlow>F201F7</UIGlow>Mithril-Gewitter<UIGlow>01</UIGlow><UIForeground>01</UIForeground>."
269,"Fügt <UIForeground>F201F6</UIForeground><UIGlow>F201F7</UIGlow>Kampfrausch<UIGlow>01</UIGlow><UIForeground>01</UIForeground> einen Effekt hinzu, der Heilmagie auf dich um 20<Indent/>% erhöht."
270,""
271,"Verbessert <UIForeground>F201F6</UIForeground><UIGlow>F201F7</UIGlow>Finstere Flut<UIGlow>01</UIGlow><UIForeground>01</UIForeground> zu <UIForeground>F201F6</UIForeground><UIGlow>F201F7</UIGlow>Schattenflut<UIGlow>01</UIGlow><UIForeground>01</UIForeground> und <UIForeground>F201F6</UIForeground><UIGlow>F201F7</UIGlow>Finstere Klinge<UIGlow>01</UIGlow><UIForeground>01</UIForeground> zu <UIForeground>F201F6</UIForeground><UIGlow>F201F7</UIGlow>Schattenklinge<UIGlow>01</UIGlow><UIForeground>01</UIForeground>."
272,"Erlaubt es dir, <UIForeground>F201F6</UIForeground><UIGlow>F201F7</UIGlow>Hiebsprung<UIGlow>01</UIGlow><UIForeground>01</UIForeground> aufzuladen.
Maximale Aufladungen: 2"
273,"Ermöglicht die Stapelung von vier <UIForeground>F201FA</UIForeground><UIGlow>F201FB</UIGlow>Geölter Blitz<UIGlow>01</UIGlow><UIForeground>01</UIForeground>, während <UIForeground>F201FA</UIForeground><UIGlow>F201FB</UIGlow>Beflügelnde Aura<UIGlow>01</UIGlow><UIForeground>01</UIForeground> aktiv ist."
274,"Erhöht den Schadensbonus von <UIForeground>F201F6</UIForeground><UIGlow>F201F7</UIGlow>Sengende Aura<UIGlow>01</UIGlow><UIForeground>01</UIForeground> auf 10<Indent/>%."
275,"Verbessert <UIForeground>F201F6</UIForeground><UIGlow>F201F7</UIGlow>Sprung<UIGlow>01</UIGlow><UIForeground>01</UIForeground> zu <UIForeground>F201F6</UIForeground><UIGlow>F201F7</UIGlow>Hochsprung<UIGlow>01</UIGlow><UIForeground>01</UIForeground>."
276,"Erhöht die Dauer von <UIForeground>F201FA</UIForeground><UIGlow>F201FB</UIGlow>Drachengeist<UIGlow>01</UIGlow><UIForeground>01</UIForeground> auf 30 Sekunden."
277,"Verkürzt die Re<SoftHyphen/>ak<SoftHyphen/>ti<SoftHyphen/>vie<SoftHyphen/>rungs<SoftHyphen/>zeit von <UIForeground>F201F6</UIForeground><UIGlow>F201F7</UIGlow>Iaijutsu<UIGlow>01</UIGlow><UIForeground>01</UIForeground> auf 1,3 Sekunden und dir wird bei Ausführung von Iaijutsu-Kommandos <UIForeground>F201FA</UIForeground><UIGlow>F201FB</UIGlow>Tsubamegaeshi<UIGlow>01</UIGlow><UIForeground>01</UIForeground> gewährt, mit Ausnahme von <UIForeground>F201F4</UIForeground><UIGlow>F201F5</UIGlow>Higanbana<UIGlow>01</UIGlow><UIForeground>01</UIForeground>.
Dauer: 30 Sekunden"
278,"Erhöht die jeweiligen Effekte von <UIForeground>F201FA</UIForeground><UIGlow>F201FB</UIGlow>Fugetsu<UIGlow>01</UIGlow><UIForeground>01</UIForeground> und <UIForeground>F201FA</UIForeground><UIGlow>F201FB</UIGlow>Fuka<UIGlow>01</UIGlow><UIForeground>01</UIForeground> auf 13<Indent/>%."
279,"Erlaubt es dir, <UIForeground>F201F6</UIForeground><UIGlow>F201F7</UIGlow>Shukuchi<UIGlow>01</UIGlow><UIForeground>01</UIForeground> aufzuladen.
Maximale Aufladungen: 2"
280,"Füllt den Ninki-Balken um 10.
Bedingung: Kombos mit <UIForeground>F201F6</UIForeground><UIGlow>F201F7</UIGlow>Äolusklinge<UIGlow>01</UIGlow><UIForeground>01</UIForeground> und <UIForeground>F201F6</UIForeground><UIGlow>F201F7</UIGlow>Harnischbrecher<UIGlow>01</UIGlow><UIForeground>01</UIForeground> "
281,""
282,"Verbessert <UIForeground>F201F6</UIForeground><UIGlow>F201F7</UIGlow>Direkter Schuss<UIGlow>01</UIGlow><UIForeground>01</UIForeground> zu <UIForeground>F201F6</UIForeground><UIGlow>F201F7</UIGlow>Glänzender Pfeil<UIGlow>01</UIGlow><UIForeground>01</UIForeground>."
283,"Fügt <UIForeground>F201F6</UIForeground><UIGlow>F201F7</UIGlow>Pfeilsalve<UIGlow>01</UIGlow><UIForeground>01</UIForeground> eine Wahr<SoftHyphen/>schein<SoftHyphen/>lich<SoftHyphen/>keit von 20<Indent/>% hinzu, dass <UIForeground>F201FA</UIForeground><UIGlow>F201FB</UIGlow>Falkenauge<UIGlow>01</UIGlow><UIForeground>01</UIForeground> gewährt wird.
Dauer: 30 Sekunden"
284,"Fügt <UIForeground>F201F6</UIForeground><UIGlow>F201F7</UIGlow>Sturmbiss<UIGlow>01</UIGlow><UIForeground>01</UIForeground>, <UIForeground>F201F6</UIForeground><UIGlow>F201F7</UIGlow>Kaustischer Biss<UIGlow>01</UIGlow><UIForeground>01</UIForeground> und <UIForeground>F201F6</UIForeground><UIGlow>F201F7</UIGlow>Eiserne Kiefer<UIGlow>01</UIGlow><UIForeground>01</UIForeground> eine Wahr<SoftHyphen/>schein<SoftHyphen/>lich<SoftHyphen/>keit von 35<Indent/>% hinzu, dass der Status <UIForeground>F201FA</UIForeground><UIGlow>F201FB</UIGlow>Falkenauge<UIGlow>01</UIGlow><UIForeground>01</UIForeground> gewährt wird.
Dauer: 30 Sekunden"
285,"Verbessert <UIForeground>F201F6</UIForeground><UIGlow>F201F7</UIGlow>Gewaltiger Schuss<UIGlow>01</UIGlow><UIForeground>01</UIForeground> zu <UIForeground>F201F6</UIForeground><UIGlow>F201F7</UIGlow>Berstender Schuss<UIGlow>01</UIGlow><UIForeground>01</UIForeground>."
286,"Ist <UIForeground>F201FA</UIForeground><UIGlow>F201FB</UIGlow>Hymne der Krieger<UIGlow>01</UIGlow><UIForeground>01</UIForeground> mit mindestens einem Virtuose aktiv, gewährt das Ausführen von <UIForeground>F201F6</UIForeground><UIGlow>F201F7</UIGlow>Ballade des Weisen<UIGlow>01</UIGlow><UIForeground>01</UIForeground> oder <UIForeground>F201F6</UIForeground><UIGlow>F201F7</UIGlow>Menuett des Wanderers<UIGlow>01</UIGlow><UIForeground>01</UIForeground> den Effekt <UIForeground>F201FA</UIForeground><UIGlow>F201FB</UIGlow>Gunst des Schlachtensängers<UIGlow>01</UIGlow><UIForeground>01</UIForeground>. Intervalle zwischen Auto-Attacken und die (Re-)Ak<SoftHyphen/>ti<SoftHyphen/>vie<SoftHyphen/>rungs<SoftHyphen/>zei<SoftHyphen/>ten von Waf<SoftHyphen/>fen<SoftHyphen/>fer<SoftHyphen/>tig<SoftHyphen/>kei<SoftHyphen/>ten und Magie sind verkürzt.
Dauer: 10 Sekunden
Wenn <UIForeground>F201FA</UIForeground><UIGlow>F201FB</UIGlow>Hymne der Krieger<UIGlow>01</UIGlow><UIForeground>01</UIForeground> ausläuft, ohne dass <UIForeground>F201F6</UIForeground><UIGlow>F201F7</UIGlow>Ballade des Weisen<UIGlow>01</UIGlow><UIForeground>01</UIForeground> oder <UIForeground>F201F6</UIForeground><UIGlow>F201F7</UIGlow>Menuett des Wanderers<UIGlow>01</UIGlow><UIForeground>01</UIForeground> ausgeführt werden, tritt <UIForeground>F201FA</UIForeground><UIGlow>F201FB</UIGlow>Beistand des Schlachtensängers<UIGlow>01</UIGlow><UIForeground>01</UIForeground> in Kraft, sofern mindestens ein Virtuose vorhanden ist.
Dauer: 30 Sekunden
Bei 1 Virtuose: 1 %
Bei 2 Virtuose: 2 %
Bei 3 Virtuose: 4 %
Bei 4 Virtuose: 12 %"
287,"Der Seelenstimmen-Balken füllt sich mit jedem Auslösen von Virtuose um 5."
288,"Verbessert <UIForeground>F201F6</UIForeground><UIGlow>F201F7</UIGlow>Feuer frei<UIGlow>01</UIGlow><UIForeground>01</UIForeground> zu <UIForeground>F201F6</UIForeground><UIGlow>F201F7</UIGlow>Höllenfeuer frei<UIGlow>01</UIGlow><UIForeground>01</UIForeground>."
289,"Verbessert <UIForeground>F201F6</UIForeground><UIGlow>F201F7</UIGlow>Flintenlaufgeschoss<UIGlow>01</UIGlow><UIForeground>01</UIForeground> zu <UIForeground>F201F6</UIForeground><UIGlow>F201F7</UIGlow>Höllen-Flintenlaufgeschoss<UIGlow>01</UIGlow><UIForeground>01</UIForeground>."
290,"Verbessert <UIForeground>F201F6</UIForeground><UIGlow>F201F7</UIGlow>Sauberer Schuss<UIGlow>01</UIGlow><UIForeground>01</UIForeground> zu <UIForeground>F201F6</UIForeground><UIGlow>F201F7</UIGlow>Sauberer Höllenschuss<UIGlow>01</UIGlow><UIForeground>01</UIForeground>."
291,"Verbessert <UIForeground>F201F6</UIForeground><UIGlow>F201F7</UIGlow>Explosivgeschoss<UIGlow>01</UIGlow><UIForeground>01</UIForeground> zu <UIForeground>F201F6</UIForeground><UIGlow>F201F7</UIGlow>Luftanker<UIGlow>01</UIGlow><UIForeground>01</UIForeground>."
292,"Die maximalen Aufladungen von <UIForeground>F201F6</UIForeground><UIGlow>F201F7</UIGlow>Gauß-Geschoss<UIGlow>01</UIGlow><UIForeground>01</UIForeground> und <UIForeground>F201F6</UIForeground><UIGlow>F201F7</UIGlow>Rikoschettschuss<UIGlow>01</UIGlow><UIForeground>01</UIForeground> werden auf 3 erhöht."
293,"Jede während <UIForeground>F201FA</UIForeground><UIGlow>F201FB</UIGlow>Wildfeuer<UIGlow>01</UIGlow><UIForeground>01</UIForeground> erfolgreich ausgeführte Waf<SoftHyphen/>fen<SoftHyphen/>fer<SoftHyphen/>tig<SoftHyphen/>keit ist nun einen Attacke-Wert von 240 wert."
294,"Verbessert <UIForeground>F201F6</UIForeground><UIGlow>F201F7</UIGlow>Selbstschuss-Gyrocopter TURM<UIGlow>01</UIGlow><UIForeground>01</UIForeground> zu <UIForeground>F201F6</UIForeground><UIGlow>F201F7</UIGlow>Automaton DAME<UIGlow>01</UIGlow><UIForeground>01</UIForeground> und <UIForeground>F201F6</UIForeground><UIGlow>F201F7</UIGlow>TURM-Überhitzung<UIGlow>01</UIGlow><UIForeground>01</UIForeground> zu <UIForeground>F201F6</UIForeground><UIGlow>F201F7</UIGlow>DAME-Überhitzung<UIGlow>01</UIGlow><UIForeground>01</UIForeground>."
295,"Gewährt <UIForeground>F201FA</UIForeground><UIGlow>F201FB</UIGlow>Schattenherz<UIGlow>01</UIGlow><UIForeground>01</UIForeground>, wenn <UIForeground>F201F6</UIForeground><UIGlow>F201F7</UIGlow>Einfrieren<UIGlow>01</UIGlow><UIForeground>01</UIForeground>, <UIForeground>F201F6</UIForeground><UIGlow>F201F7</UIGlow>Schattenseele<UIGlow>01</UIGlow><UIForeground>01</UIForeground> oder <UIForeground>F201F6</UIForeground><UIGlow>F201F7</UIGlow>Mana-Brunnen<UIGlow>01</UIGlow><UIForeground>01</UIForeground> ausgeführt wurde."
296,"Gewisse Feuer- und Eiszauber gewähren einen Stapel <UIForeground>F201FA</UIForeground><UIGlow>F201FB</UIGlow>Lichtfeuer<UIGlow>01</UIGlow><UIForeground>01</UIForeground> be<SoftHyphen/>ziehungs<SoftHyphen/>weise <UIForeground>F201FA</UIForeground><UIGlow>F201FB</UIGlow>Schatteneis<UIGlow>01</UIGlow><UIForeground>01</UIForeground>.
Ma<SoftHyphen/>xi<SoftHyphen/>mal<SoftHyphen/>sta<SoftHyphen/>pel<SoftHyphen/>zahl: 1
Effekt von <UIForeground>F201FA</UIForeground><UIGlow>F201FB</UIGlow>Lichtfeuer<UIGlow>01</UIGlow><UIForeground>01</UIForeground>:
Attacke-Werte von feuerbasierten Zaubern sind um 40<Indent/>％ erhöht.
MP-Kosten von feuerbasierten Zaubern sind verdoppelt.
MP-Regeneration von eisbasierten Zaubern ist auf 0 reduziert.
Attacke-Werte von eisbasierten Zaubern sind um 10<Indent/>％ verringert.
Effekt von <UIForeground>F201FA</UIForeground><UIGlow>F201FB</UIGlow>Schatteneis<UIGlow>01</UIGlow><UIForeground>01</UIForeground>:
Eisbasierte Zauber kosten keine MP.
Die Ausführung eines eisbasierten Zaubers regeneriert 2.500 MP.
Feuerbasierte Zauber kosten keine MP.
Attacke-Werte von feuerbasierten Zaubern sind um 10<Indent/>％ verringert."
297,"Die Ma<SoftHyphen/>xi<SoftHyphen/>mal<SoftHyphen/>sta<SoftHyphen/>pel<SoftHyphen/>zahl des Status <UIForeground>F201FA</UIForeground><UIGlow>F201FB</UIGlow>Polyglott<UIGlow>01</UIGlow><UIForeground>01</UIForeground> wird auf 2 erhöht."
298,"Fügt deinem Trancebalken eine zweite Stufe hinzu, wenn <UIForeground>F201FA</UIForeground><UIGlow>F201FB</UIGlow>Bahamut-Trance<UIGlow>01</UIGlow><UIForeground>01</UIForeground> aktiv ist."
299,"Eine erfolgreich eingesetzte <UIForeground>F201F6</UIForeground><UIGlow>F201F7</UIGlow>Egi-Attacke II<UIGlow>01</UIGlow><UIForeground>01</UIForeground> gewährt dir auch <UIForeground>F201FA</UIForeground><UIGlow>F201FB</UIGlow>Verbessertes Ruinra<UIGlow>01</UIGlow><UIForeground>01</UIForeground>."
300,"Verlängert den Effekt von <UIForeground>F201FA</UIForeground><UIGlow>F201FB</UIGlow>Ruinierung<UIGlow>01</UIGlow><UIForeground>01</UIForeground> auf 30 Sekunden."
301,"Verlängert die Dauer von durch Bann verteilten <UIForeground>F201F6</UIForeground><UIGlow>F201F7</UIGlow>Bio-<UIGlow>01</UIGlow><UIForeground>01</UIForeground> und <UIForeground>F201F6</UIForeground><UIGlow>F201F7</UIGlow>Miasma-Zaubern<UIGlow>01</UIGlow><UIForeground>01</UIForeground> auf die volle Wirkungsdauer der Effekte."
302,"Mit Ausführung von <UIForeground>F201FA</UIForeground><UIGlow>F201FB</UIGlow>Phönix-Trance<UIGlow>01</UIGlow><UIForeground>01</UIForeground> kannst du nun Demi-Phönix herbeirufen.
Dauer: 20 Sekunden
Sobald Demi-Phönix beschworen wurde, zaubert er <UIForeground>F201F6</UIForeground><UIGlow>F201F7</UIGlow>Schwingen der Unsterblichkeit<UIGlow>01</UIGlow><UIForeground>01</UIForeground> und er unterstützt jede deiner Attacken auf einen Gegner durch <UIForeground>F201F6</UIForeground><UIGlow>F201F7</UIGlow>Scharlachflamme<UIGlow>01</UIGlow><UIForeground>01</UIForeground>. Vorher anwesender Egi wird durch Demi-Phönix ersetzt und erscheint nach Ende der Wirkungsdauer erneut."
303,"Verbessert <UIForeground>F201F6</UIForeground><UIGlow>F201F7</UIGlow>Zerstreuen<UIGlow>01</UIGlow><UIForeground>01</UIForeground> zu <UIForeground>F201F6</UIForeground><UIGlow>F201F7</UIGlow>Impakt<UIGlow>01</UIGlow><UIForeground>01</UIForeground>."
304,"Erhöht den Attacke-Wert von <UIForeground>F201F6</UIForeground><UIGlow>F201F7</UIGlow>Körperparade<UIGlow>01</UIGlow><UIForeground>01</UIForeground> und <UIForeground>F201F6</UIForeground><UIGlow>F201F7</UIGlow>Arret-Stoß<UIGlow>01</UIGlow><UIForeground>01</UIForeground> auf 180."
305,"Verkürzt die Re<SoftHyphen/>ak<SoftHyphen/>ti<SoftHyphen/>vie<SoftHyphen/>rungs<SoftHyphen/>zeit von <UIForeground>F201F6</UIForeground><UIGlow>F201F7</UIGlow>Manafizierung<UIGlow>01</UIGlow><UIForeground>01</UIForeground> auf 110 Sekunden und erhöht bei Ausführung den eigenen ausgeteilten Schaden um 5<Indent/>%.
Dauer: 10 Sekunden"
306,"Verkürzt den Reaktivierungs-Timer von <UIForeground>F201F6</UIForeground><UIGlow>F201F7</UIGlow>Contre Sixte<UIGlow>01</UIGlow><UIForeground>01</UIForeground> auf 35 Sekunden und erhöht den Attacke-Wert von <UIForeground>F201F6</UIForeground><UIGlow>F201F7</UIGlow>Erzblitzra<UIGlow>01</UIGlow><UIForeground>01</UIForeground> und <UIForeground>F201F6</UIForeground><UIGlow>F201F7</UIGlow>Erzwindra<UIGlow>01</UIGlow><UIForeground>01</UIForeground> auf 120."
307,"Verbessert <UIForeground>F201F6</UIForeground><UIGlow>F201F7</UIGlow>Windra<UIGlow>01</UIGlow><UIForeground>01</UIForeground> zu <UIForeground>F201F6</UIForeground><UIGlow>F201F7</UIGlow>Dia<UIGlow>01</UIGlow><UIForeground>01</UIForeground>."
308,"Verbessert <UIForeground>F201F6</UIForeground><UIGlow>F201F7</UIGlow>Steinka<UIGlow>01</UIGlow><UIForeground>01</UIForeground> zu <UIForeground>F201F6</UIForeground><UIGlow>F201F7</UIGlow>Blendung<UIGlow>01</UIGlow><UIForeground>01</UIForeground>."
309,"Erlaubt es dir, mit <UIForeground>F201F6</UIForeground><UIGlow>F201F7</UIGlow>Afflatus solatii<UIGlow>01</UIGlow><UIForeground>01</UIForeground> und <UIForeground>F201F6</UIForeground><UIGlow>F201F7</UIGlow>Afflatus laetitiae<UIGlow>01</UIGlow><UIForeground>01</UIForeground> eine Blutlilie zum Blühen zu bringen. Es bedarf 3 Stapel, bis sie vollends geöffnet ist."
310,"Fügt <UIForeground>F201F6</UIForeground><UIGlow>F201F7</UIGlow>Refugium<UIGlow>01</UIGlow><UIForeground>01</UIForeground> einen Effekt hinzu, der Heilmagie auf umstehende Grup<SoftHyphen/>pen<SoftHyphen/>mit<SoftHyphen/>glieder um 10<Indent/>% erhöht."
311,"Verbessert <UIForeground>F201F6</UIForeground><UIGlow>F201F7</UIGlow>Biora<UIGlow>01</UIGlow><UIForeground>01</UIForeground> zu <UIForeground>F201F6</UIForeground><UIGlow>F201F7</UIGlow>Causae et Curae<UIGlow>01</UIGlow><UIForeground>01</UIForeground>."
312,"Verbessert <UIForeground>F201F6</UIForeground><UIGlow>F201F7</UIGlow>Hitzige Bravade<UIGlow>01</UIGlow><UIForeground>01</UIForeground> zu <UIForeground>F201F6</UIForeground><UIGlow>F201F7</UIGlow>Vernichtende Bravade<UIGlow>01</UIGlow><UIForeground>01</UIForeground> und erhöht den Attacke-Wert von <UIForeground>F201F6</UIForeground><UIGlow>F201F7</UIGlow>Ruinra<UIGlow>01</UIGlow><UIForeground>01</UIForeground> auf 200."
313,"Fügt <UIForeground>F201F6</UIForeground><UIGlow>F201F7</UIGlow>Geweihte Erde<UIGlow>01</UIGlow><UIForeground>01</UIForeground> einen Effekt hinzu, der stetig LP von sich in dem Bereich befindenden Grup<SoftHyphen/>pen<SoftHyphen/>mit<SoftHyphen/>gliedern regeneriert."
314,"Verbessert <UIForeground>F201F6</UIForeground><UIGlow>F201F7</UIGlow>Konjunktion II<UIGlow>01</UIGlow><UIForeground>01</UIForeground> zu <UIForeground>F201F6</UIForeground><UIGlow>F201F7</UIGlow>Konjunktion III<UIGlow>01</UIGlow><UIForeground>01</UIForeground>."
315,"Verbessert <UIForeground>F201F6</UIForeground><UIGlow>F201F7</UIGlow>Spannungsaspekt III<UIGlow>01</UIGlow><UIForeground>01</UIForeground> zu <UIForeground>F201F6</UIForeground><UIGlow>F201F7</UIGlow>Spannungsaspekt IV<UIGlow>01</UIGlow><UIForeground>01</UIForeground>."
316,"Erlaubt es dir, <UIForeground>F201F6</UIForeground><UIGlow>F201F7</UIGlow>Essenzielle Würde<UIGlow>01</UIGlow><UIForeground>01</UIForeground> aufzuladen.
Maximale Aufladungen: 2"
317,"Verringert deinen erlittenen Schaden um 20<Indent/>%. Gewährt dir außerdem einen LP-Bonus, der auf Konstitution basiert und Schadensbonus, der auf deiner Stärke basiert. Anpassung gemäß der Rolle als Verteidiger."
318,"Verringert deinen erlittenen Schaden um 20<Indent/>%. Gewährt dir außerdem einen LP-Bonus, der auf Konstitution basiert und Schadensbonus, der auf deiner Stärke basiert. Anpassung gemäß der Rolle als Verteidiger."
319,"Verringert deinen erlittenen Schaden um 20<Indent/>%. Gewährt dir außerdem einen LP-Bonus, der auf Konstitution basiert und Schadensbonus, der auf deiner Stärke basiert. Anpassung gemäß der Rolle als Verteidiger."
320,"Verringert deinen erlittenen Schaden um 20<Indent/>%. Gewährt dir außerdem einen LP-Bonus, der auf Konstitution basiert und Schadensbonus, der auf deiner Stärke basiert. Anpassung gemäß der Rolle als Verteidiger."
321,"Verkürzt die Re<SoftHyphen/>ak<SoftHyphen/>ti<SoftHyphen/>vie<SoftHyphen/>rungs<SoftHyphen/>zeit von <UIForeground>F201F6</UIForeground><UIGlow>F201F7</UIGlow>Augmentierung<UIGlow>01</UIGlow><UIForeground>01</UIForeground> auf 30 Sekunden."
322,"Erhöht den Effekt von <UIForeground>F201FA</UIForeground><UIGlow>F201FB</UIGlow>Henochisch<UIGlow>01</UIGlow><UIForeground>01</UIForeground> auf 15<Indent/>%."
323,""
324,"Verbessert <UIForeground>F201F6</UIForeground><UIGlow>F201F7</UIGlow>Bio<UIGlow>01</UIGlow><UIForeground>01</UIForeground> zu <UIForeground>F201F6</UIForeground><UIGlow>F201F7</UIGlow>Biora<UIGlow>01</UIGlow><UIForeground>01</UIForeground>."
325,"Aktiviert <UIForeground>F201FA</UIForeground><UIGlow>F201FB</UIGlow>Tellurische Enthüllung<UIGlow>01</UIGlow><UIForeground>01</UIForeground> automatisch, sobald auf die Klasse Minenarbeiter gewechselt wird."
326,"Aktiviert <UIForeground>F201FA</UIForeground><UIGlow>F201FB</UIGlow>Flurenthüllung<UIGlow>01</UIGlow><UIForeground>01</UIForeground> automatisch, sobald auf die Klasse Gärtner gewechselt wird."
327,"<UIForeground>F201FA</UIForeground><UIGlow>F201FB</UIGlow>Jungfräuliches Meer<UIGlow>01</UIGlow><UIForeground>01</UIForeground> wird beim Klassenwechsel zu Fischer automatisch aktiviert."
328,"<UIForeground>F201FA</UIForeground><UIGlow>F201FB</UIGlow>Verstohlenheit<UIGlow>01</UIGlow><UIForeground>01</UIForeground> wird beim Klassenwechsel zu Minenarbeiter be<SoftHyphen/>ziehungs<SoftHyphen/>weise beim Wechsel in ein neues Areal automatisch aktiviert, sofern dies am momentanen Ort möglich ist."
329,"<UIForeground>F201FA</UIForeground><UIGlow>F201FB</UIGlow>Verstohlenheit<UIGlow>01</UIGlow><UIForeground>01</UIForeground> wird beim Klassenwechsel zu Gärtner be<SoftHyphen/>ziehungs<SoftHyphen/>weise beim Wechsel in ein neues Areal automatisch aktiviert, sofern dies am momentanen Ort möglich ist."
330,"<UIForeground>F201FA</UIForeground><UIGlow>F201FB</UIGlow>Verstohlenheit<UIGlow>01</UIGlow><UIForeground>01</UIForeground> wird beim Klassenwechsel zu Fischer be<SoftHyphen/>ziehungs<SoftHyphen/>weise beim Wechsel in ein neues Areal automatisch aktiviert, sofern dies am momentanen Ort möglich ist."
331,"Der Grundertrag durch <UIForeground>F201F6</UIForeground><UIGlow>F201F7</UIGlow>Gunst der Zwölf<UIGlow>01</UIGlow><UIForeground>01</UIForeground> erhöht sich um 1."
332,"Der Grundertrag durch <UIForeground>F201F6</UIForeground><UIGlow>F201F7</UIGlow>Gunst der Zwölf<UIGlow>01</UIGlow><UIForeground>01</UIForeground> erhöht sich um 1."
333,"Verbessert <UIForeground>F201F6</UIForeground><UIGlow>F201F7</UIGlow>Reiche Ausbeute<UIGlow>01</UIGlow><UIForeground>01</UIForeground> zu <UIForeground>F201F6</UIForeground><UIGlow>F201F7</UIGlow>Reiche Ausbeute II<UIGlow>01</UIGlow><UIForeground>01</UIForeground>."
334,"Verbessert <UIForeground>F201F6</UIForeground><UIGlow>F201F7</UIGlow>Exkavieren II<UIGlow>01</UIGlow><UIForeground>01</UIForeground> zu <UIForeground>F201F6</UIForeground><UIGlow>F201F7</UIGlow>Exkavieren III<UIGlow>01</UIGlow><UIForeground>01</UIForeground>."
335,"Verbessert <UIForeground>F201F6</UIForeground><UIGlow>F201F7</UIGlow>Spontane Begutachtung<UIGlow>01</UIGlow><UIForeground>01</UIForeground> zu <UIForeground>F201F6</UIForeground><UIGlow>F201F7</UIGlow>Spontane Begutachtung II<UIGlow>01</UIGlow><UIForeground>01</UIForeground>."
336,"Verbessert <UIForeground>F201F6</UIForeground><UIGlow>F201F7</UIGlow>Reiche Ernte<UIGlow>01</UIGlow><UIForeground>01</UIForeground> zu <UIForeground>F201F6</UIForeground><UIGlow>F201F7</UIGlow>Reiche Ernte II<UIGlow>01</UIGlow><UIForeground>01</UIForeground>."
337,"Verbessert <UIForeground>F201F6</UIForeground><UIGlow>F201F7</UIGlow>Höhere Ziele II<UIGlow>01</UIGlow><UIForeground>01</UIForeground> zu <UIForeground>F201F6</UIForeground><UIGlow>F201F7</UIGlow>Höhere Ziele III<UIGlow>01</UIGlow><UIForeground>01</UIForeground>."
338,"Verbessert <UIForeground>F201F6</UIForeground><UIGlow>F201F7</UIGlow>Spontane Begutachtung<UIGlow>01</UIGlow><UIForeground>01</UIForeground> zu <UIForeground>F201F6</UIForeground><UIGlow>F201F7</UIGlow>Spontane Begutachtung II<UIGlow>01</UIGlow><UIForeground>01</UIForeground>."
339,"Steigert die Effizienz von <UIForeground>F201F6</UIForeground><UIGlow>F201F7</UIGlow>Bearbeiten<UIGlow>01</UIGlow><UIForeground>01</UIForeground> auf 120."
340,"Steigert die Effizienz von <UIForeground>F201F6</UIForeground><UIGlow>F201F7</UIGlow>Bearbeiten<UIGlow>01</UIGlow><UIForeground>01</UIForeground> auf 120."
341,"Steigert die Effizienz von <UIForeground>F201F6</UIForeground><UIGlow>F201F7</UIGlow>Bearbeiten<UIGlow>01</UIGlow><UIForeground>01</UIForeground> auf 120."
342,"Steigert die Effizienz von <UIForeground>F201F6</UIForeground><UIGlow>F201F7</UIGlow>Bearbeiten<UIGlow>01</UIGlow><UIForeground>01</UIForeground> auf 120."
343,"Steigert die Effizienz von <UIForeground>F201F6</UIForeground><UIGlow>F201F7</UIGlow>Bearbeiten<UIGlow>01</UIGlow><UIForeground>01</UIForeground> auf 120."
344,"Steigert die Effizienz von <UIForeground>F201F6</UIForeground><UIGlow>F201F7</UIGlow>Bearbeiten<UIGlow>01</UIGlow><UIForeground>01</UIForeground> auf 120."
345,"Steigert die Effizienz von <UIForeground>F201F6</UIForeground><UIGlow>F201F7</UIGlow>Bearbeiten<UIGlow>01</UIGlow><UIForeground>01</UIForeground> auf 120."
346,"Steigert die Effizienz von <UIForeground>F201F6</UIForeground><UIGlow>F201F7</UIGlow>Bearbeiten<UIGlow>01</UIGlow><UIForeground>01</UIForeground> auf 120."
347,"Steigert die Effizienz von <UIForeground>F201F6</UIForeground><UIGlow>F201F7</UIGlow>Schnelle Bearbeitung<UIGlow>01</UIGlow><UIForeground>01</UIForeground> auf 500."
348,"Steigert die Effizienz von <UIForeground>F201F6</UIForeground><UIGlow>F201F7</UIGlow>Schnelle Bearbeitung<UIGlow>01</UIGlow><UIForeground>01</UIForeground> auf 500."
349,"Steigert die Effizienz von <UIForeground>F201F6</UIForeground><UIGlow>F201F7</UIGlow>Schnelle Bearbeitung<UIGlow>01</UIGlow><UIForeground>01</UIForeground> auf 500."
350,"Steigert die Effizienz von <UIForeground>F201F6</UIForeground><UIGlow>F201F7</UIGlow>Schnelle Bearbeitung<UIGlow>01</UIGlow><UIForeground>01</UIForeground> auf 500."
351,"Steigert die Effizienz von <UIForeground>F201F6</UIForeground><UIGlow>F201F7</UIGlow>Schnelle Bearbeitung<UIGlow>01</UIGlow><UIForeground>01</UIForeground> auf 500."
352,"Steigert die Effizienz von <UIForeground>F201F6</UIForeground><UIGlow>F201F7</UIGlow>Schnelle Bearbeitung<UIGlow>01</UIGlow><UIForeground>01</UIForeground> auf 500."
353,"Steigert die Effizienz von <UIForeground>F201F6</UIForeground><UIGlow>F201F7</UIGlow>Schnelle Bearbeitung<UIGlow>01</UIGlow><UIForeground>01</UIForeground> auf 500."
354,"Steigert die Effizienz von <UIForeground>F201F6</UIForeground><UIGlow>F201F7</UIGlow>Schnelle Bearbeitung<UIGlow>01</UIGlow><UIForeground>01</UIForeground> auf 500."
355,"Erhöht den Attacke-Wert von <UIForeground>F201F6</UIForeground><UIGlow>F201F7</UIGlow>Elementarkorona<UIGlow>01</UIGlow><UIForeground>01</UIForeground> auf 90."
356,"Erlaubt die Ausführung von Testsynthese."
357,"Erlaubt die Ausführung von Testsynthese."
358,"Erlaubt die Ausführung von Testsynthese."
359,"Erlaubt die Ausführung von Testsynthese."
360,"Erlaubt die Ausführung von Testsynthese."
361,"Erlaubt die Ausführung von Testsynthese."
362,"Erlaubt die Ausführung von Testsynthese."
363,"Erlaubt die Ausführung von Testsynthese."
364,"Reduziert das Auto-Attacke-Intervall und die (Re-)Ak<SoftHyphen/>ti<SoftHyphen/>vie<SoftHyphen/>rungs<SoftHyphen/>zei<SoftHyphen/>ten von Waf<SoftHyphen/>fen<SoftHyphen/>fer<SoftHyphen/>tig<SoftHyphen/>kei<SoftHyphen/>ten und Magie um 5<Indent/>%."
365,"Reduziert das Auto-Attacke-Intervall und die (Re-)Ak<SoftHyphen/>ti<SoftHyphen/>vie<SoftHyphen/>rungs<SoftHyphen/>zei<SoftHyphen/>ten von Waf<SoftHyphen/>fen<SoftHyphen/>fer<SoftHyphen/>tig<SoftHyphen/>kei<SoftHyphen/>ten und Magie um 10<Indent/>%."
366,"Reduziert das Auto-Attacke-Intervall und die (Re-)Ak<SoftHyphen/>ti<SoftHyphen/>vie<SoftHyphen/>rungs<SoftHyphen/>zei<SoftHyphen/>ten von Waf<SoftHyphen/>fen<SoftHyphen/>fer<SoftHyphen/>tig<SoftHyphen/>kei<SoftHyphen/>ten und Magie um 15<Indent/>%."
367,"Reduziert das Auto-Attacke-Intervall und die (Re-)Ak<SoftHyphen/>ti<SoftHyphen/>vie<SoftHyphen/>rungs<SoftHyphen/>zei<SoftHyphen/>ten von Waf<SoftHyphen/>fen<SoftHyphen/>fer<SoftHyphen/>tig<SoftHyphen/>kei<SoftHyphen/>ten und Magie um 20<Indent/>%."
368,"Erhöht den Basisschaden und das Regenerationspotenzial von Kommandos außer Auto-Attacke um 10<Indent/>%."
369,"Erhöht den Basisschaden und das Regenerationspotenzial von Kommandos außer Auto-Attacke um 30<Indent/>%."
370,"Gewährt dir alle 20 Sekunden einen Stapel <UIForeground>F201FA</UIForeground><UIGlow>F201FB</UIGlow>Humor<UIGlow>01</UIGlow><UIForeground>01</UIForeground>.
Ma<SoftHyphen/>xi<SoftHyphen/>mal<SoftHyphen/>sta<SoftHyphen/>pel<SoftHyphen/>zahl: 3
<UIForeground>F201FA</UIForeground><UIGlow>F201FB</UIGlow>Humor<UIGlow>01</UIGlow><UIForeground>01</UIForeground> wird auch außerhalb des Kampfes gewährt."
371,"Erhöht den Attacke-Wert folgender Kommandos:
Attacke-Wert von <UIForeground>F201F6</UIForeground><UIGlow>F201F7</UIGlow>Dosis<UIGlow>01</UIGlow><UIForeground>01</UIForeground>: 250
Attacke-Wert von <UIForeground>F201F6</UIForeground><UIGlow>F201F7</UIGlow>Phlegma<UIGlow>01</UIGlow><UIForeground>01</UIForeground>: 330
Attacke-Wert von <UIForeground>F201F6</UIForeground><UIGlow>F201F7</UIGlow>Eukratische Dosis<UIGlow>01</UIGlow><UIForeground>01</UIForeground>: 35"
372,"Erhöht den Attacke-Wert folgender Kommandos:
Attacke-Wert von <UIForeground>F201F6</UIForeground><UIGlow>F201F7</UIGlow>Dosis<UIGlow>01</UIGlow><UIForeground>01</UIForeground>: 300
Attacke-Wert von <UIForeground>F201F6</UIForeground><UIGlow>F201F7</UIGlow>Phlegma<UIGlow>01</UIGlow><UIForeground>01</UIForeground>: 400
Attacke-Wert von <UIForeground>F201F6</UIForeground><UIGlow>F201F7</UIGlow>Eukratische Dosis<UIGlow>01</UIGlow><UIForeground>01</UIForeground>: 40"
373,"Gewährt dir einen Stapel <UIForeground>F201FA</UIForeground><UIGlow>F201FB</UIGlow>Komplexion<UIGlow>01</UIGlow><UIForeground>01</UIForeground>, wenn die von <UIForeground>F201F6</UIForeground><UIGlow>F201F7</UIGlow>Eukratische Diagnose<UIGlow>01</UIGlow><UIForeground>01</UIForeground> oder <UIForeground>F201F6</UIForeground><UIGlow>F201F7</UIGlow>Eukratische Prognose<UIGlow>01</UIGlow><UIForeground>01</UIForeground> auf dir selbst gewährte Barriere den vollen Schaden absorbiert.
Ma<SoftHyphen/>xi<SoftHyphen/>mal<SoftHyphen/>sta<SoftHyphen/>pel<SoftHyphen/>zahl: 3"
374,"<UIForeground>F201F6</UIForeground><UIGlow>F201F7</UIGlow>Dosis<UIGlow>01</UIGlow><UIForeground>01</UIForeground> verwandelt sich in <UIForeground>F201F6</UIForeground><UIGlow>F201F7</UIGlow>Dosis II<UIGlow>01</UIGlow><UIForeground>01</UIForeground>, <UIForeground>F201F6</UIForeground><UIGlow>F201F7</UIGlow>Phlegma<UIGlow>01</UIGlow><UIForeground>01</UIForeground> in <UIForeground>F201F6</UIForeground><UIGlow>F201F7</UIGlow>Phlegma II<UIGlow>01</UIGlow><UIForeground>01</UIForeground> und <UIForeground>F201F6</UIForeground><UIGlow>F201F7</UIGlow>Eukratische Dosis<UIGlow>01</UIGlow><UIForeground>01</UIForeground> in <UIForeground>F201F6</UIForeground><UIGlow>F201F7</UIGlow>Eukratische Dosis II<UIGlow>01</UIGlow><UIForeground>01</UIForeground>. Außerdem erhöht sich der Attacke-Wert von <UIForeground>F201F6</UIForeground><UIGlow>F201F7</UIGlow>Toxikon<UIGlow>01</UIGlow><UIForeground>01</UIForeground> auf 300."
375,"Fügt <UIForeground>F201F6</UIForeground><UIGlow>F201F7</UIGlow>Kerachole<UIGlow>01</UIGlow><UIForeground>01</UIForeground> einen Effekt hinzu, der stetig LP regeneriert."
376,"<UIForeground>F201F6</UIForeground><UIGlow>F201F7</UIGlow>Dosis II<UIGlow>01</UIGlow><UIForeground>01</UIForeground> verwandelt sich in <UIForeground>F201F6</UIForeground><UIGlow>F201F7</UIGlow>Dosis III<UIGlow>01</UIGlow><UIForeground>01</UIForeground>, <UIForeground>F201F6</UIForeground><UIGlow>F201F7</UIGlow>Phlegma II<UIGlow>01</UIGlow><UIForeground>01</UIForeground> in <UIForeground>F201F6</UIForeground><UIGlow>F201F7</UIGlow>Phlegma III<UIGlow>01</UIGlow><UIForeground>01</UIForeground>, <UIForeground>F201F6</UIForeground><UIGlow>F201F7</UIGlow>Eukratische Dosis II<UIGlow>01</UIGlow><UIForeground>01</UIForeground> in <UIForeground>F201F6</UIForeground><UIGlow>F201F7</UIGlow>Eukratische Dosis III<UIGlow>01</UIGlow><UIForeground>01</UIForeground>, <UIForeground>F201F6</UIForeground><UIGlow>F201F7</UIGlow>Dyskrasie<UIGlow>01</UIGlow><UIForeground>01</UIForeground> in <UIForeground>F201F6</UIForeground><UIGlow>F201F7</UIGlow>Dyskrasie II<UIGlow>01</UIGlow><UIForeground>01</UIForeground> und <UIForeground>F201F6</UIForeground><UIGlow>F201F7</UIGlow>Toxikon<UIGlow>01</UIGlow><UIForeground>01</UIForeground> in <UIForeground>F201F6</UIForeground><UIGlow>F201F7</UIGlow>Toxikon II<UIGlow>01</UIGlow><UIForeground>01</UIForeground>."
377,"Erhöht das Heilpotenzial und den Barriere-Effekt folgender Kommandos:
Heilpotenzial von <UIForeground>F201F6</UIForeground><UIGlow>F201F7</UIGlow>Diagnose<UIGlow>01</UIGlow><UIForeground>01</UIForeground>: 450
Heilpotenzial von <UIForeground>F201F6</UIForeground><UIGlow>F201F7</UIGlow>Kardia<UIGlow>01</UIGlow><UIForeground>01</UIForeground>: 170
Barriere-Effekt von <UIForeground>F201F6</UIForeground><UIGlow>F201F7</UIGlow>Eukratische Diagnose<UIGlow>01</UIGlow><UIForeground>01</UIForeground>: 180<Indent/>% der Heilwirkung
Barriere-Effekt von <UIForeground>F201F6</UIForeground><UIGlow>F201F7</UIGlow>Eukratische Prognose<UIGlow>01</UIGlow><UIForeground>01</UIForeground>: 320<Indent/>% der Heilwirkung"
378,"Verkürzt die Re<SoftHyphen/>ak<SoftHyphen/>ti<SoftHyphen/>vie<SoftHyphen/>rungs<SoftHyphen/>zeit von <UIForeground>F201F6</UIForeground><UIGlow>F201F7</UIGlow>Zoe<UIGlow>01</UIGlow><UIForeground>01</UIForeground> auf 90 Sekunden."
379,"Bei bestimmten erfolgreich ausgeführten Waf<SoftHyphen/>fen<SoftHyphen/>fer<SoftHyphen/>tig<SoftHyphen/>kei<SoftHyphen/>ten und Magie, und beim Besiegen von Gegnern während <UIForeground>F201FA</UIForeground><UIGlow>F201FB</UIGlow>Architekt des Todes<UIGlow>01</UIGlow><UIForeground>01</UIForeground> aktiv ist, füllt sich der Seelenbalken."
380,"Erhöht den Attacke-Wert folgender Kommandos:
Attacke-Wert von <UIForeground>F201F6</UIForeground><UIGlow>F201F7</UIGlow>Schlitzer<UIGlow>01</UIGlow><UIForeground>01</UIForeground>: 300
Attacke-Wert von <UIForeground>F201F6</UIForeground><UIGlow>F201F7</UIGlow>Neulicht-Schlitzer<UIGlow>01</UIGlow><UIForeground>01</UIForeground>: 140
Attacke-Wert von <UIForeground>F201F6</UIForeground><UIGlow>F201F7</UIGlow>Schatten des Todes<UIGlow>01</UIGlow><UIForeground>01</UIForeground>: 300
Attacke-Wert von <UIForeground>F201F6</UIForeground><UIGlow>F201F7</UIGlow>Harpe<UIGlow>01</UIGlow><UIForeground>01</UIForeground>: 300
Attacke-Wert von <UIForeground>F201F6</UIForeground><UIGlow>F201F7</UIGlow>Sichelwirbel<UIGlow>01</UIGlow><UIForeground>01</UIForeground>: 140
Attacke-Wert von <UIForeground>F201F6</UIForeground><UIGlow>F201F7</UIGlow>Infernalischer Schlitzer<UIGlow>01</UIGlow><UIForeground>01</UIForeground>: 140
Attacke-Wert von <UIForeground>F201F6</UIForeground><UIGlow>F201F7</UIGlow>Sog des Todes<UIGlow>01</UIGlow><UIForeground>01</UIForeground>: 100
Attacke-Wert von <UIForeground>F201F6</UIForeground><UIGlow>F201F7</UIGlow>Schneidender Albtraum<UIGlow>01</UIGlow><UIForeground>01</UIForeground>: 120"
381,"Bei erfolgreicher Ausführung von <UIForeground>F201F6</UIForeground><UIGlow>F201F7</UIGlow>Knochengarbe<UIGlow>01</UIGlow><UIForeground>01</UIForeground> und <UIForeground>F201F6</UIForeground><UIGlow>F201F7</UIGlow>Nachtschwad<UIGlow>01</UIGlow><UIForeground>01</UIForeground> erhältst du <UIForeground>F201FA</UIForeground><UIGlow>F201FB</UIGlow>Nichtssense<UIGlow>01</UIGlow><UIForeground>01</UIForeground>.
Dauer: 30 Sekunden
Der Effekt endet bei Ausführung einer Waf<SoftHyphen/>fen<SoftHyphen/>fer<SoftHyphen/>tig<SoftHyphen/>keit oder eines Zaubers."
382,"Erschafft ein <UIForeground>F201FA</UIForeground><UIGlow>F201FB</UIGlow>Höllentor<UIGlow>01</UIGlow><UIForeground>01</UIForeground> am ursprünglichen Standort, an dem du <UIForeground>F201F6</UIForeground><UIGlow>F201F7</UIGlow>Höllischer Auftritt<UIGlow>01</UIGlow><UIForeground>01</UIForeground> und <UIForeground>F201F6</UIForeground><UIGlow>F201F7</UIGlow>Höllischer Abgang<UIGlow>01</UIGlow><UIForeground>01</UIForeground> ausgeführt hast.
Dauer: 10 Sekunden
Nach ihrer Ausführung verwandeln sich <UIForeground>F201F6</UIForeground><UIGlow>F201F7</UIGlow>Höllischer Auftritt<UIGlow>01</UIGlow><UIForeground>01</UIForeground> und <UIForeground>F201F6</UIForeground><UIGlow>F201F7</UIGlow>Höllischer Abgang<UIGlow>01</UIGlow><UIForeground>01</UIForeground> jeweils in <UIForeground>F201F6</UIForeground><UIGlow>F201F7</UIGlow>Rückkehr<UIGlow>01</UIGlow><UIForeground>01</UIForeground>."
383,"Erlaubt es dir, <UIForeground>F201F6</UIForeground><UIGlow>F201F7</UIGlow>Seelenschlitzer<UIGlow>01</UIGlow><UIForeground>01</UIForeground> und <UIForeground>F201F6</UIForeground><UIGlow>F201F7</UIGlow>Seelensense<UIGlow>01</UIGlow><UIForeground>01</UIForeground> aufzuladen.
Maximale Aufladungen: 2"
384,"Bei erfolgreich ausgeführtem <UIForeground>F201F6</UIForeground><UIGlow>F201F7</UIGlow>Richtpfahl<UIGlow>01</UIGlow><UIForeground>01</UIForeground>, <UIForeground>F201F6</UIForeground><UIGlow>F201F7</UIGlow>Galgen<UIGlow>01</UIGlow><UIForeground>01</UIForeground> und <UIForeground>F201F6</UIForeground><UIGlow>F201F7</UIGlow>Guillotine<UIGlow>01</UIGlow><UIForeground>01</UIForeground> füllt sich der Schleierbalken."
385,"Falls die Barriere den vollen Schaden absorbiert, wird dir und Grup<SoftHyphen/>pen<SoftHyphen/>mit<SoftHyphen/>gliedern im Umkreis von 15 Yalmen <UIForeground>F201FA</UIForeground><UIGlow>F201FB</UIGlow>Vitalisierendes Wappen<UIGlow>01</UIGlow><UIForeground>01</UIForeground> gewährt.
Effekt von <UIForeground>F201FA</UIForeground><UIGlow>F201FB</UIGlow>Vitalisierendes Wappen<UIGlow>01</UIGlow><UIForeground>01</UIForeground>: Regeneriert stetig LP.
Heilpotenzial: 50
Dauer: 15 Sekunden"
386,"Bei erfolgreich ausgeführtem <UIForeground>F201F6</UIForeground><UIGlow>F201F7</UIGlow>Nichtsmäher<UIGlow>01</UIGlow><UIForeground>01</UIForeground>, <UIForeground>F201F6</UIForeground><UIGlow>F201F7</UIGlow>Kreuzmäher<UIGlow>01</UIGlow><UIForeground>01</UIForeground> und <UIForeground>F201F6</UIForeground><UIGlow>F201F7</UIGlow>Gevatters Schnitt<UIGlow>01</UIGlow><UIForeground>01</UIForeground> erhältst du eine <UIForeground>F201FA</UIForeground><UIGlow>F201FB</UIGlow>Nichtsseele<UIGlow>01</UIGlow><UIForeground>01</UIForeground>."
387,"Gewährt dir und umstehenden Grup<SoftHyphen/>pen<SoftHyphen/>mit<SoftHyphen/>gliedern bei erfolgreicher Ausführung von <UIForeground>F201F6</UIForeground><UIGlow>F201F7</UIGlow>Arkaner Kreis<UIGlow>01</UIGlow><UIForeground>01</UIForeground> <UIForeground>F201FA</UIForeground><UIGlow>F201FB</UIGlow>Kreis des Blutes<UIGlow>01</UIGlow><UIForeground>01</UIForeground>.
Dauer: 5 Sekunden
Effekt von <UIForeground>F201FA</UIForeground><UIGlow>F201FB</UIGlow>Kreis des Blutes<UIGlow>01</UIGlow><UIForeground>01</UIForeground>: Bei erfolgreichem Treffer mit einer Waf<SoftHyphen/>fen<SoftHyphen/>fer<SoftHyphen/>tig<SoftHyphen/>keit oder einem Zauber wird dem Verursacher des Status <UIForeground>F201FA</UIForeground><UIGlow>F201FB</UIGlow>Totenopfer<UIGlow>01</UIGlow><UIForeground>01</UIForeground> gewährt.
Ma<SoftHyphen/>xi<SoftHyphen/>mal<SoftHyphen/>sta<SoftHyphen/>pel<SoftHyphen/>zahl: 8
Dauer: 30 Sekunden
Zusatzeffekt: <UIForeground>F201FA</UIForeground><UIGlow>F201FB</UIGlow>Opfergeist<UIGlow>01</UIGlow><UIForeground>01</UIForeground>
Dauer: 6 Sekunden
Effekt von <UIForeground>F201FA</UIForeground><UIGlow>F201FB</UIGlow>Opfergeist<UIGlow>01</UIGlow><UIForeground>01</UIForeground>: Kann von Zielen mit aktivem <UIForeground>F201FA</UIForeground><UIGlow>F201FB</UIGlow>Kreis des Blutes<UIGlow>01</UIGlow><UIForeground>01</UIForeground> Stapel von <UIForeground>F201FA</UIForeground><UIGlow>F201FB</UIGlow>Totenopfer<UIGlow>01</UIGlow><UIForeground>01</UIForeground> erhalten."
388,"Bei einer erfolgreichen Erhöhung der Qualität wird dir <UIForeground>F201FA</UIForeground><UIGlow>F201FB</UIGlow>Innere Ruhe<UIGlow>01</UIGlow><UIForeground>01</UIForeground> gewährt. Jeder Stapel erhöht den Effekt von <UIForeground>F201F6</UIForeground><UIGlow>F201F7</UIGlow>Veredelungs<UIGlow>01</UIGlow><UIForeground>01</UIForeground>-Kommandos um 10<Indent/>%.
Bis zu 10 Einheiten stapelbar."
389,"Bei einer erfolgreichen Erhöhung der Qualität wird dir <UIForeground>F201FA</UIForeground><UIGlow>F201FB</UIGlow>Innere Ruhe<UIGlow>01</UIGlow><UIForeground>01</UIForeground> gewährt. Jeder Stapel erhöht den Effekt von <UIForeground>F201F6</UIForeground><UIGlow>F201F7</UIGlow>Veredelungs<UIGlow>01</UIGlow><UIForeground>01</UIForeground>-Kommandos um 10<Indent/>%.
Bis zu 10 Einheiten stapelbar."
390,"Bei einer erfolgreichen Erhöhung der Qualität wird dir <UIForeground>F201FA</UIForeground><UIGlow>F201FB</UIGlow>Innere Ruhe<UIGlow>01</UIGlow><UIForeground>01</UIForeground> gewährt. Jeder Stapel erhöht den Effekt von <UIForeground>F201F6</UIForeground><UIGlow>F201F7</UIGlow>Veredelungs<UIGlow>01</UIGlow><UIForeground>01</UIForeground>-Kommandos um 10<Indent/>%.
Bis zu 10 Einheiten stapelbar."
391,"Bei einer erfolgreichen Erhöhung der Qualität wird dir <UIForeground>F201FA</UIForeground><UIGlow>F201FB</UIGlow>Innere Ruhe<UIGlow>01</UIGlow><UIForeground>01</UIForeground> gewährt. Jeder Stapel erhöht den Effekt von <UIForeground>F201F6</UIForeground><UIGlow>F201F7</UIGlow>Veredelungs<UIGlow>01</UIGlow><UIForeground>01</UIForeground>-Kommandos um 10<Indent/>%.
Bis zu 10 Einheiten stapelbar."
392,"Bei einer erfolgreichen Erhöhung der Qualität wird dir <UIForeground>F201FA</UIForeground><UIGlow>F201FB</UIGlow>Innere Ruhe<UIGlow>01</UIGlow><UIForeground>01</UIForeground> gewährt. Jeder Stapel erhöht den Effekt von <UIForeground>F201F6</UIForeground><UIGlow>F201F7</UIGlow>Veredelungs<UIGlow>01</UIGlow><UIForeground>01</UIForeground>-Kommandos um 10<Indent/>%.
Bis zu 10 Einheiten stapelbar."
393,"Bei einer erfolgreichen Erhöhung der Qualität wird dir <UIForeground>F201FA</UIForeground><UIGlow>F201FB</UIGlow>Innere Ruhe<UIGlow>01</UIGlow><UIForeground>01</UIForeground> gewährt. Jeder Stapel erhöht den Effekt von <UIForeground>F201F6</UIForeground><UIGlow>F201F7</UIGlow>Veredelungs<UIGlow>01</UIGlow><UIForeground>01</UIForeground>-Kommandos um 10<Indent/>%.
Bis zu 10 Einheiten stapelbar."
394,"Bei einer erfolgreichen Erhöhung der Qualität wird dir <UIForeground>F201FA</UIForeground><UIGlow>F201FB</UIGlow>Innere Ruhe<UIGlow>01</UIGlow><UIForeground>01</UIForeground> gewährt. Jeder Stapel erhöht den Effekt von <UIForeground>F201F6</UIForeground><UIGlow>F201F7</UIGlow>Veredelungs<UIGlow>01</UIGlow><UIForeground>01</UIForeground>-Kommandos um 10<Indent/>%.
Bis zu 10 Einheiten stapelbar."
395,"Bei einer erfolgreichen Erhöhung der Qualität wird dir <UIForeground>F201FA</UIForeground><UIGlow>F201FB</UIGlow>Innere Ruhe<UIGlow>01</UIGlow><UIForeground>01</UIForeground> gewährt. Jeder Stapel erhöht den Effekt von <UIForeground>F201F6</UIForeground><UIGlow>F201F7</UIGlow>Veredelungs<UIGlow>01</UIGlow><UIForeground>01</UIForeground>-Kommandos um 10<Indent/>%.
Bis zu 10 Einheiten stapelbar."
396,"Steigert die Effizienz von <UIForeground>F201F6</UIForeground><UIGlow>F201F7</UIGlow>Sorgfältige Bearbeitung<UIGlow>01</UIGlow><UIForeground>01</UIForeground> auf 180."
397,"Steigert die Effizienz von <UIForeground>F201F6</UIForeground><UIGlow>F201F7</UIGlow>Sorgfältige Bearbeitung<UIGlow>01</UIGlow><UIForeground>01</UIForeground> auf 180."
398,"Steigert die Effizienz von <UIForeground>F201F6</UIForeground><UIGlow>F201F7</UIGlow>Sorgfältige Bearbeitung<UIGlow>01</UIGlow><UIForeground>01</UIForeground> auf 180."
399,"Steigert die Effizienz von <UIForeground>F201F6</UIForeground><UIGlow>F201F7</UIGlow>Sorgfältige Bearbeitung<UIGlow>01</UIGlow><UIForeground>01</UIForeground> auf 180."
400,"Steigert die Effizienz von <UIForeground>F201F6</UIForeground><UIGlow>F201F7</UIGlow>Sorgfältige Bearbeitung<UIGlow>01</UIGlow><UIForeground>01</UIForeground> auf 180."
401,"Steigert die Effizienz von <UIForeground>F201F6</UIForeground><UIGlow>F201F7</UIGlow>Sorgfältige Bearbeitung<UIGlow>01</UIGlow><UIForeground>01</UIForeground> auf 180."
402,"Steigert die Effizienz von <UIForeground>F201F6</UIForeground><UIGlow>F201F7</UIGlow>Sorgfältige Bearbeitung<UIGlow>01</UIGlow><UIForeground>01</UIForeground> auf 180."
403,"Steigert die Effizienz von <UIForeground>F201F6</UIForeground><UIGlow>F201F7</UIGlow>Sorgfältige Bearbeitung<UIGlow>01</UIGlow><UIForeground>01</UIForeground> auf 180."
404,"Steigert die Effizienz von <UIForeground>F201F6</UIForeground><UIGlow>F201F7</UIGlow>Vorarbeit<UIGlow>01</UIGlow><UIForeground>01</UIForeground> auf 360."
405,"Steigert die Effizienz von <UIForeground>F201F6</UIForeground><UIGlow>F201F7</UIGlow>Vorarbeit<UIGlow>01</UIGlow><UIForeground>01</UIForeground> auf 360."
406,"Steigert die Effizienz von <UIForeground>F201F6</UIForeground><UIGlow>F201F7</UIGlow>Vorarbeit<UIGlow>01</UIGlow><UIForeground>01</UIForeground> auf 360."
407,"Steigert die Effizienz von <UIForeground>F201F6</UIForeground><UIGlow>F201F7</UIGlow>Vorarbeit<UIGlow>01</UIGlow><UIForeground>01</UIForeground> auf 360."
408,"Steigert die Effizienz von <UIForeground>F201F6</UIForeground><UIGlow>F201F7</UIGlow>Vorarbeit<UIGlow>01</UIGlow><UIForeground>01</UIForeground> auf 360."
409,"Steigert die Effizienz von <UIForeground>F201F6</UIForeground><UIGlow>F201F7</UIGlow>Vorarbeit<UIGlow>01</UIGlow><UIForeground>01</UIForeground> auf 360."
410,"Steigert die Effizienz von <UIForeground>F201F6</UIForeground><UIGlow>F201F7</UIGlow>Vorarbeit<UIGlow>01</UIGlow><UIForeground>01</UIForeground> auf 360."
411,"Steigert die Effizienz von <UIForeground>F201F6</UIForeground><UIGlow>F201F7</UIGlow>Vorarbeit<UIGlow>01</UIGlow><UIForeground>01</UIForeground> auf 360."
412,"Verbessert <UIForeground>F201F6</UIForeground><UIGlow>F201F7</UIGlow>Schiltron<UIGlow>01</UIGlow><UIForeground>01</UIForeground> zu <UIForeground>F201F6</UIForeground><UIGlow>F201F7</UIGlow>Heiliges Schiltron<UIGlow>01</UIGlow><UIForeground>01</UIForeground>."
413,"Verlängert den Effekt von <UIForeground>F201F6</UIForeground><UIGlow>F201F7</UIGlow>Intervention<UIGlow>01</UIGlow><UIForeground>01</UIForeground> auf 8 Sekunden und fügt folgende Effekte hinzu:
Zusatzeffekt: Gewährt dem Ziel <UIForeground>F201FA</UIForeground><UIGlow>F201FB</UIGlow>Trutz des Ritters<UIGlow>01</UIGlow><UIForeground>01</UIForeground>.
Dauer: 4 Sekunden
Effekt von <UIForeground>F201FA</UIForeground><UIGlow>F201FB</UIGlow>Trutz des Ritters<UIGlow>01</UIGlow><UIForeground>01</UIForeground>: Verringert erlittenen Schaden um 10<Indent/>%.
Zusatzeffekt: Gewährt dem Ziel <UIForeground>F201FA</UIForeground><UIGlow>F201FB</UIGlow>Schutz des Ritters<UIGlow>01</UIGlow><UIForeground>01</UIForeground>.
Dauer: 12 Sekunden
Effekt von <UIForeground>F201FA</UIForeground><UIGlow>F201FB</UIGlow>Schutz des Ritters<UIGlow>01</UIGlow><UIForeground>01</UIForeground>: Regeneriert stetig LP des Ziels.
Heilpotenzial: 250"
414,"<UIForeground>F201F6</UIForeground><UIGlow>F201F7</UIGlow>Heiliger Geist<UIGlow>01</UIGlow><UIForeground>01</UIForeground>, <UIForeground>F201F6</UIForeground><UIGlow>F201F7</UIGlow>Heiliger Kreis<UIGlow>01</UIGlow><UIForeground>01</UIForeground> und <UIForeground>F201F6</UIForeground><UIGlow>F201F7</UIGlow>Confiteor<UIGlow>01</UIGlow><UIForeground>01</UIForeground> erhalten einen LP-Regenerationseffekt.
Heilpotenzial: 400"
415,"Verbessert <UIForeground>F201F6</UIForeground><UIGlow>F201F7</UIGlow>Selbsterhaltungstrieb<UIGlow>01</UIGlow><UIForeground>01</UIForeground> zu <UIForeground>F201F6</UIForeground><UIGlow>F201F7</UIGlow>Expiacion<UIGlow>01</UIGlow><UIForeground>01</UIForeground>."
416,"Gewährt dem Ziel LP-Regeneration, wenn <UIForeground>F201F6</UIForeground><UIGlow>F201F7</UIGlow>Heiliger Quell<UIGlow>01</UIGlow><UIForeground>01</UIForeground> ausgeführt wird.
Heilpotenzial: 400"
417,"<UIForeground>F201F6</UIForeground><UIGlow>F201F7</UIGlow>Abschütteln<UIGlow>01</UIGlow><UIForeground>01</UIForeground> erhält einen LP-Regenerationseffekt.
Heilpotenzial: 300"
418,"Verbessert <UIForeground>F201F6</UIForeground><UIGlow>F201F7</UIGlow>Urinstinkt<UIGlow>01</UIGlow><UIForeground>01</UIForeground> zu <UIForeground>F201F6</UIForeground><UIGlow>F201F7</UIGlow>Urimpuls<UIGlow>01</UIGlow><UIForeground>01</UIForeground>."
419,"Verlängert die Wirkungsdauer von <UIForeground>F201FA</UIForeground><UIGlow>F201FB</UIGlow>Urflackern<UIGlow>01</UIGlow><UIForeground>01</UIForeground> und <UIForeground>F201FA</UIForeground><UIGlow>F201FB</UIGlow>Urglimmen<UIGlow>01</UIGlow><UIForeground>01</UIForeground> auf 8 Sekunden und fügt <UIForeground>F201FA</UIForeground><UIGlow>F201FB</UIGlow>Urglimmen<UIGlow>01</UIGlow><UIForeground>01</UIForeground> die folgenden Effekte hinzu:
Zusatzeffekt: <UIForeground>F201FA</UIForeground><UIGlow>F201FB</UIGlow>Blutgeruch<UIGlow>01</UIGlow><UIForeground>01</UIForeground>
Dauer: 4 Sekunden
Effekt von <UIForeground>F201FA</UIForeground><UIGlow>F201FB</UIGlow>Blutgeruch<UIGlow>01</UIGlow><UIForeground>01</UIForeground>: Verringert erlittenen Schaden um 10<Indent/>%.
Zusatzeffekt: Gewährt dir <UIForeground>F201FA</UIForeground><UIGlow>F201FB</UIGlow>Jagdtrieb<UIGlow>01</UIGlow><UIForeground>01</UIForeground> und errichtet eine Barriere um dich, die Schaden entsprechend einem Heilpotenzial von 400 absorbiert.
Dauer: 20 Sekunden"
420,"<UIForeground>F201F6</UIForeground><UIGlow>F201F7</UIGlow>Äquilibrium<UIGlow>01</UIGlow><UIForeground>01</UIForeground> erhält einen LP-Regenerationseffekt über Zeit.
Heilpotenzial: 200
Dauer: 15 Sekunden"
421,"<UIForeground>F201F6</UIForeground><UIGlow>F201F7</UIGlow>Sturmlauf<UIGlow>01</UIGlow><UIForeground>01</UIForeground> kann bis zu dreimal aufgeladen werden."
422,"Bei erfolgreicher Ausführung von <UIForeground>F201F6</UIForeground><UIGlow>F201F7</UIGlow>Zerfall<UIGlow>01</UIGlow><UIForeground>01</UIForeground> wird die Re<SoftHyphen/>ak<SoftHyphen/>ti<SoftHyphen/>vie<SoftHyphen/>rungs<SoftHyphen/>zeit von <UIForeground>F201F6</UIForeground><UIGlow>F201F7</UIGlow>Schattenschritt<UIGlow>01</UIGlow><UIForeground>01</UIForeground> um 5 Sekunden verkürzt."
423,"Verbessert <UIForeground>F201F6</UIForeground><UIGlow>F201F7</UIGlow>Finstere Klinge<UIGlow>01</UIGlow><UIForeground>01</UIForeground> deines Heldenschemens zu <UIForeground>F201F6</UIForeground><UIGlow>F201F7</UIGlow>Schattenbringer<UIGlow>01</UIGlow><UIForeground>01</UIForeground>.
Führt eine elementneutrale magische Attacke auf alle Gegner in gerader Linie vor sich aus.
Attacke-Wert: 570
Attacke-Wert verringert sich ab dem zweiten Gegner um 25<Indent/>%."
424,"Verbessert <UIForeground>F201F6</UIForeground><UIGlow>F201F7</UIGlow>Steinernes Herz<UIGlow>01</UIGlow><UIForeground>01</UIForeground> zu <UIForeground>F201F6</UIForeground><UIGlow>F201F7</UIGlow>Herz des Korunds<UIGlow>01</UIGlow><UIForeground>01</UIForeground>."
425,"Erlaubt es dir, <UIForeground>F201F6</UIForeground><UIGlow>F201F7</UIGlow>Aurora<UIGlow>01</UIGlow><UIForeground>01</UIForeground> aufzuladen.
Maximale Aufladungen: 2"
426,"Erfolgreiche Ausführung von <UIForeground>F201F6</UIForeground><UIGlow>F201F7</UIGlow>Explosiver Stoß<UIGlow>01</UIGlow><UIForeground>01</UIForeground> gewährt dir <UIForeground>F201FA</UIForeground><UIGlow>F201FB</UIGlow>Knallender Stoß<UIGlow>01</UIGlow><UIForeground>01</UIForeground>, wodurch sich <UIForeground>F201F6</UIForeground><UIGlow>F201F7</UIGlow>Triggerfolge<UIGlow>01</UIGlow><UIForeground>01</UIForeground> zu <UIForeground>F201F6</UIForeground><UIGlow>F201F7</UIGlow>Überschall<UIGlow>01</UIGlow><UIForeground>01</UIForeground> ändert.
Dauer: 10 Sekunden"
427,"Die maximale Anzahl deiner <UIForeground>F201FA</UIForeground><UIGlow>F201FB</UIGlow>Erda-Patronen<UIGlow>01</UIGlow><UIForeground>01</UIForeground> wird auf 3 erhöht und während <UIForeground>F201FA</UIForeground><UIGlow>F201FB</UIGlow>Blutpatronen<UIGlow>01</UIGlow><UIForeground>01</UIForeground> aktiv ist, erhöht sich die maximale Anzahl auf 6. Die Ausführung von <UIForeground>F201F6</UIForeground><UIGlow>F201F7</UIGlow>Blutpatronen<UIGlow>01</UIGlow><UIForeground>01</UIForeground> gewährt außerdem sofort 3 Patronen."
428,"Verbessert <UIForeground>F201F6</UIForeground><UIGlow>F201F7</UIGlow>Stählerne Meditation<UIGlow>01</UIGlow><UIForeground>01</UIForeground> zu <UIForeground>F201F6</UIForeground><UIGlow>F201F7</UIGlow>Verbotene Meditation<UIGlow>01</UIGlow><UIForeground>01</UIForeground> und <UIForeground>F201F6</UIForeground><UIGlow>F201F7</UIGlow>Stahlzinnen<UIGlow>01</UIGlow><UIForeground>01</UIForeground> zu <UIForeground>F201F6</UIForeground><UIGlow>F201F7</UIGlow>Verbotenes Chakra<UIGlow>01</UIGlow><UIForeground>01</UIForeground>."
429,"Verbessert <UIForeground>F201F6</UIForeground><UIGlow>F201F7</UIGlow>Heulende Meditation<UIGlow>01</UIGlow><UIForeground>01</UIForeground> zu <UIForeground>F201F6</UIForeground><UIGlow>F201F7</UIGlow>Meditation der Erleuchtung<UIGlow>01</UIGlow><UIForeground>01</UIForeground> und <UIForeground>F201F6</UIForeground><UIGlow>F201F7</UIGlow>Heulende Faust<UIGlow>01</UIGlow><UIForeground>01</UIForeground> zu <UIForeground>F201F6</UIForeground><UIGlow>F201F7</UIGlow>Weg zur Erleuchtung<UIGlow>01</UIGlow><UIForeground>01</UIForeground>."
430,"Verbessert <UIForeground>F201F6</UIForeground><UIGlow>F201F7</UIGlow>Arm des Zerstörers<UIGlow>01</UIGlow><UIForeground>01</UIForeground> zu <UIForeground>F201F6</UIForeground><UIGlow>F201F7</UIGlow>Schatten des Zerstörers<UIGlow>01</UIGlow><UIForeground>01</UIForeground>."
431,"<UIForeground>F201F6</UIForeground><UIGlow>F201F7</UIGlow>Donnersprung<UIGlow>01</UIGlow><UIForeground>01</UIForeground> kann bis zu dreimal aufgeladen werden."
432,"Die Wahr<SoftHyphen/>schein<SoftHyphen/>lich<SoftHyphen/>keit, dass sich durch <UIForeground>F201FA</UIForeground><UIGlow>F201FB</UIGlow>Meditative Bruderschaft<UIGlow>01</UIGlow><UIForeground>01</UIForeground> ein <UIForeground>F201FA</UIForeground><UIGlow>F201FB</UIGlow>Schatten-Chakra<UIGlow>01</UIGlow><UIForeground>01</UIForeground> öffnet, steigt auf 100<Indent/>%."
433,"Bei Ausführung einer Waf<SoftHyphen/>fen<SoftHyphen/>fer<SoftHyphen/>tig<SoftHyphen/>keit, die die <UIForeground>F201FA</UIForeground><UIGlow>F201FB</UIGlow>Opo-Opo-Form<UIGlow>01</UIGlow><UIForeground>01</UIForeground>, die <UIForeground>F201FA</UIForeground><UIGlow>F201FB</UIGlow>Coeurl-Form<UIGlow>01</UIGlow><UIForeground>01</UIForeground> oder die <UIForeground>F201FA</UIForeground><UIGlow>F201FB</UIGlow>Raptor-Form<UIGlow>01</UIGlow><UIForeground>01</UIForeground> gewährt, öffnest du ein entsprechendes Chakra.
Für Opo-Opo-Form: <UIForeground>F201FA</UIForeground><UIGlow>F201FB</UIGlow>Chakra des Coeurls<UIGlow>01</UIGlow><UIForeground>01</UIForeground>
Für Raptor-Form: <UIForeground>F201FA</UIForeground><UIGlow>F201FB</UIGlow>Chakra des Opo-Opos<UIGlow>01</UIGlow><UIForeground>01</UIForeground>
Für Coeurl-Form: <UIForeground>F201FA</UIForeground><UIGlow>F201FB</UIGlow>Chakra des Raptors<UIGlow>01</UIGlow><UIForeground>01</UIForeground>
Bedingung: <UIForeground>F201FA</UIForeground><UIGlow>F201FB</UIGlow>Improvisation<UIGlow>01</UIGlow><UIForeground>01</UIForeground> aktiv"
434,"Erhöht den Attacke-Wert von <UIForeground>F201F6</UIForeground><UIGlow>F201F7</UIGlow>Sprung<UIGlow>01</UIGlow><UIForeground>01</UIForeground> auf 320."
435,"Gewährt bei erfolgreicher Ausführung der <UIForeground>F201F6</UIForeground><UIGlow>F201F7</UIGlow>Coerthische Folter<UIGlow>01</UIGlow><UIForeground>01</UIForeground>-Kombo <UIForeground>F201FA</UIForeground><UIGlow>F201FB</UIGlow>Zornesfeuer<UIGlow>01</UIGlow><UIForeground>01</UIForeground>.
Dauer: 30 Sekunden
Der Effekt endet bei Ausführung einer Waf<SoftHyphen/>fen<SoftHyphen/>fer<SoftHyphen/>tig<SoftHyphen/>keit.
<UIForeground>F201F6</UIForeground><UIGlow>F201F7</UIGlow>Schicksalsdorn<UIGlow>01</UIGlow><UIForeground>01</UIForeground> wird während der Wirkungsdauer zu <UIForeground>F201F6</UIForeground><UIGlow>F201F7</UIGlow>Zornesfeuer<UIGlow>01</UIGlow><UIForeground>01</UIForeground>."
436,"Erlaubt es dir, <UIForeground>F201F6</UIForeground><UIGlow>F201F7</UIGlow>Wirbelsprenger<UIGlow>01</UIGlow><UIForeground>01</UIForeground> aufzuladen.
Maximale Aufladungen: 2"
437,"Verbessert <UIForeground>F201F6</UIForeground><UIGlow>F201F7</UIGlow>Ungebremster Stoß<UIGlow>01</UIGlow><UIForeground>01</UIForeground> zu <UIForeground>F201F6</UIForeground><UIGlow>F201F7</UIGlow>Himmelsstoß<UIGlow>01</UIGlow><UIForeground>01</UIForeground> und <UIForeground>F201F6</UIForeground><UIGlow>F201F7</UIGlow>Chaotischer Tjost<UIGlow>01</UIGlow><UIForeground>01</UIForeground> zu <UIForeground>F201F6</UIForeground><UIGlow>F201F7</UIGlow>Chaotischer Sturm<UIGlow>01</UIGlow><UIForeground>01</UIForeground>. Erhöht darüber hinaus den Attacke-Wert von <UIForeground>F201F6</UIForeground><UIGlow>F201F7</UIGlow>Drachenhort<UIGlow>01</UIGlow><UIForeground>01</UIForeground> auf 400."
438,"Erlaubt es dir, <UIForeground>F201F6</UIForeground><UIGlow>F201F7</UIGlow>Vitalwallung<UIGlow>01</UIGlow><UIForeground>01</UIForeground> aufzuladen.
Maximale Aufladungen: 2"
439,"Füllt den Ninki-Balken um 15.
Bedingung: Kombos mit <UIForeground>F201F6</UIForeground><UIGlow>F201F7</UIGlow>Äolusklinge<UIGlow>01</UIGlow><UIForeground>01</UIForeground> und <UIForeground>F201F6</UIForeground><UIGlow>F201F7</UIGlow>Harnischbrecher<UIGlow>01</UIGlow><UIForeground>01</UIForeground>"
440,"Erhöht den Attacke-Wert des nächsten <UIForeground>F201F6</UIForeground><UIGlow>F201F7</UIGlow>Rad des Werdens<UIGlow>01</UIGlow><UIForeground>01</UIForeground> auf 500 während <UIForeground>F201FA</UIForeground><UIGlow>F201FB</UIGlow>Meisui<UIGlow>01</UIGlow><UIForeground>01</UIForeground> aktiv ist.
Dauer: 30 Sekunden"
441,"Gewährt <UIForeground>F201FA</UIForeground><UIGlow>F201FB</UIGlow>Raiju<UIGlow>01</UIGlow><UIForeground>01</UIForeground>, wenn <UIForeground>F201F6</UIForeground><UIGlow>F201F7</UIGlow>Raiton<UIGlow>01</UIGlow><UIForeground>01</UIForeground> erfolgreich ausgeführt wird.
Ma<SoftHyphen/>xi<SoftHyphen/>mal<SoftHyphen/>sta<SoftHyphen/>pel<SoftHyphen/>zahl: 3
Dauer: 30 Sekunden
Der Effekt endet bei Ausführung einer nahkampfbasierten Waf<SoftHyphen/>fen<SoftHyphen/>fer<SoftHyphen/>tig<SoftHyphen/>keit."
442,"Erlaubt es dir, <UIForeground>F201F6</UIForeground><UIGlow>F201F7</UIGlow>Tsubamegaeshi<UIGlow>01</UIGlow><UIForeground>01</UIForeground> aufzuladen.
Maximale Aufladungen: 2"
443,"Erlaubt dir, <UIForeground>F201F6</UIForeground><UIGlow>F201F7</UIGlow>Meikyo Shisui<UIGlow>01</UIGlow><UIForeground>01</UIForeground> aufzuladen.
Maximale Aufladungen: 2"
444,"Verbessert <UIForeground>F201F6</UIForeground><UIGlow>F201F7</UIGlow>Pfeilsalve<UIGlow>01</UIGlow><UIForeground>01</UIForeground> zu <UIForeground>F201F6</UIForeground><UIGlow>F201F7</UIGlow>Ladonsbiss<UIGlow>01</UIGlow><UIForeground>01</UIForeground>."
445,"<UIForeground>F201F6</UIForeground><UIGlow>F201F7</UIGlow>Aderlass<UIGlow>01</UIGlow><UIForeground>01</UIForeground> und <UIForeground>F201F6</UIForeground><UIGlow>F201F7</UIGlow>Tödlicher Regen<UIGlow>01</UIGlow><UIForeground>01</UIForeground> können bis zu dreimal aufgeladen werden."
446,"Wird <UIForeground>F201F6</UIForeground><UIGlow>F201F7</UIGlow>Apex-Pfeil<UIGlow>01</UIGlow><UIForeground>01</UIForeground> ausgeführt während der Seelenstimmen-Balken zu mindestens 80 gefüllt ist, erhältst du <UIForeground>F201FA</UIForeground><UIGlow>F201FB</UIGlow>Stoßpfeilbereit<UIGlow>01</UIGlow><UIForeground>01</UIForeground>.
Dauer: 10 Sekunden
Während der Effektdauer ändert sich <UIForeground>F201F6</UIForeground><UIGlow>F201F7</UIGlow>Apex-Pfeil<UIGlow>01</UIGlow><UIForeground>01</UIForeground> zu <UIForeground>F201F6</UIForeground><UIGlow>F201F7</UIGlow>Stoßpfeil<UIGlow>01</UIGlow><UIForeground>01</UIForeground>."
447,"Verkürzt die Re<SoftHyphen/>ak<SoftHyphen/>ti<SoftHyphen/>vie<SoftHyphen/>rungs<SoftHyphen/>zeit von <UIForeground>F201F6</UIForeground><UIGlow>F201F7</UIGlow>Troubadour<UIGlow>01</UIGlow><UIForeground>01</UIForeground> auf 90 Sekunden."
448,"Spielst du die <UIForeground>F201F6</UIForeground><UIGlow>F201F7</UIGlow>Ballade des Weisen<UIGlow>01</UIGlow><UIForeground>01</UIForeground>, die <UIForeground>F201F6</UIForeground><UIGlow>F201F7</UIGlow>Hymne der Krieger<UIGlow>01</UIGlow><UIForeground>01</UIForeground> oder das <UIForeground>F201F6</UIForeground><UIGlow>F201F7</UIGlow>Menuett des Wanderers<UIGlow>01</UIGlow><UIForeground>01</UIForeground>, wird dir die <UIForeground>F201FA</UIForeground><UIGlow>F201FB</UIGlow>Coda<UIGlow>01</UIGlow><UIForeground>01</UIForeground> des entsprechenden Liedes gewährt."
449,"Verbessert <UIForeground>F201F6</UIForeground><UIGlow>F201F7</UIGlow>Splitterschuss<UIGlow>01</UIGlow><UIForeground>01</UIForeground> zu <UIForeground>F201F6</UIForeground><UIGlow>F201F7</UIGlow>Schrotflinte<UIGlow>01</UIGlow><UIForeground>01</UIForeground>."
450,"Erlaubt es dir, <UIForeground>F201F6</UIForeground><UIGlow>F201F7</UIGlow>Justieren<UIGlow>01</UIGlow><UIForeground>01</UIForeground> aufzuladen.
Maximale Aufladungen: 2"
451,"Nachdem das Automaton DAME <UIForeground>F201F6</UIForeground><UIGlow>F201F7</UIGlow>Pressluftramme<UIGlow>01</UIGlow><UIForeground>01</UIForeground> ausgeführt hat, führt es vor dem Verschwinden auch <UIForeground>F201F6</UIForeground><UIGlow>F201F7</UIGlow>DAME-Dynamitron<UIGlow>01</UIGlow><UIForeground>01</UIForeground> aus."
452,"Verkürzt die Re<SoftHyphen/>ak<SoftHyphen/>ti<SoftHyphen/>vie<SoftHyphen/>rungs<SoftHyphen/>zeit von <UIForeground>F201F6</UIForeground><UIGlow>F201F7</UIGlow>Taktiker<UIGlow>01</UIGlow><UIForeground>01</UIForeground> auf 90 Sekunden."
453,"Erfolgreiche Ausführung von <UIForeground>F201F6</UIForeground><UIGlow>F201F7</UIGlow>Komplexes Finale<UIGlow>01</UIGlow><UIForeground>01</UIForeground> gewährt dir <UIForeground>F201FA</UIForeground><UIGlow>F201FB</UIGlow>Tillana<UIGlow>01</UIGlow><UIForeground>01</UIForeground>.
Dauer: 30 Sekunden
Während der Effektdauer ändert sich <UIForeground>F201F6</UIForeground><UIGlow>F201F7</UIGlow>Komplexes Finale<UIGlow>01</UIGlow><UIForeground>01</UIForeground> zu <UIForeground>F201F6</UIForeground><UIGlow>F201F7</UIGlow>Tillana<UIGlow>01</UIGlow><UIForeground>01</UIForeground>."
454,"Füllt den Tanzfieberbalken um 10.
Bedingung: Treffer mit <UIForeground>F201F6</UIForeground><UIGlow>F201F7</UIGlow>Invertierte Cascade<UIGlow>01</UIGlow><UIForeground>01</UIForeground>, <UIForeground>F201F6</UIForeground><UIGlow>F201F7</UIGlow>Fallende Fontäne<UIGlow>01</UIGlow><UIForeground>01</UIForeground>, <UIForeground>F201F6</UIForeground><UIGlow>F201F7</UIGlow>Steigende Windmühle<UIGlow>01</UIGlow><UIForeground>01</UIForeground> und <UIForeground>F201F6</UIForeground><UIGlow>F201F7</UIGlow>Blutklingen<UIGlow>01</UIGlow><UIForeground>01</UIForeground>."
455,"Erfolgreiche Ausführung von <UIForeground>F201F6</UIForeground><UIGlow>F201F7</UIGlow>Trance<UIGlow>01</UIGlow><UIForeground>01</UIForeground> gewährt dir <UIForeground>F201FA</UIForeground><UIGlow>F201FB</UIGlow>Fächertanz IV<UIGlow>01</UIGlow><UIForeground>01</UIForeground>.
Dauer: 30 Sekunden"
456,"Verkürzt die Re<SoftHyphen/>ak<SoftHyphen/>ti<SoftHyphen/>vie<SoftHyphen/>rungs<SoftHyphen/>zeit von <UIForeground>F201F6</UIForeground><UIGlow>F201F7</UIGlow>Schildsamba<UIGlow>01</UIGlow><UIForeground>01</UIForeground> auf 90 Sekunden."
457,"Erfolgreiche Ausführung von <UIForeground>F201F6</UIForeground><UIGlow>F201F7</UIGlow>Todestango<UIGlow>01</UIGlow><UIForeground>01</UIForeground> gewährt dir <UIForeground>F201FA</UIForeground><UIGlow>F201FB</UIGlow>Sternenfalltanz<UIGlow>01</UIGlow><UIForeground>01</UIForeground>.
Dauer: 20 Sekunden"
458,"Die Ma<SoftHyphen/>xi<SoftHyphen/>mal<SoftHyphen/>sta<SoftHyphen/>pel<SoftHyphen/>zahl von sowohl <UIForeground>F201FA</UIForeground><UIGlow>F201FB</UIGlow>Lichtfeuer<UIGlow>01</UIGlow><UIForeground>01</UIForeground> als auch <UIForeground>F201FA</UIForeground><UIGlow>F201FB</UIGlow>Schatteneis<UIGlow>01</UIGlow><UIForeground>01</UIForeground> erhöht sich auf 2. Bei aktiver Ma<SoftHyphen/>xi<SoftHyphen/>mal<SoftHyphen/>sta<SoftHyphen/>pel<SoftHyphen/>zahl werden folgende Effekte gewährt:
Effekt bei 2 Stapeln <UIForeground>F201FA</UIForeground><UIGlow>F201FB</UIGlow>Lichtfeuer<UIGlow>01</UIGlow><UIForeground>01</UIForeground>:
Attacke-Werte von feuerbasierten Zaubern sind um 60<Indent/>％ erhöht.
Attacke-Werte von eisbasierten Zaubern sind um 20<Indent/>％ verringert.
Effekt bei 2 Stapeln <UIForeground>F201FA</UIForeground><UIGlow>F201FB</UIGlow>Schatteneis<UIGlow>01</UIGlow><UIForeground>01</UIForeground>:
Die Ausführung eines eisbasierten Zaubers regeneriert 5.000 MP.
Attacke-Werte von feuerbasierten Zaubern sind um 20<Indent/>％ verringert."
459,"<UIForeground>F201F6</UIForeground><UIGlow>F201F7</UIGlow>Feura<UIGlow>01</UIGlow><UIForeground>01</UIForeground> gewährt die Ma<SoftHyphen/>xi<SoftHyphen/>mal<SoftHyphen/>sta<SoftHyphen/>pel<SoftHyphen/>zahl von <UIForeground>F201FA</UIForeground><UIGlow>F201FB</UIGlow>Lichtfeuer<UIGlow>01</UIGlow><UIForeground>01</UIForeground> und <UIForeground>F201F6</UIForeground><UIGlow>F201F7</UIGlow>Eisra<UIGlow>01</UIGlow><UIForeground>01</UIForeground> gewährt die Ma<SoftHyphen/>xi<SoftHyphen/>mal<SoftHyphen/>sta<SoftHyphen/>pel<SoftHyphen/>zahl von <UIForeground>F201FA</UIForeground><UIGlow>F201FB</UIGlow>Schatteneis<UIGlow>01</UIGlow><UIForeground>01</UIForeground>.
Außerdem erhöht sich die Ma<SoftHyphen/>xi<SoftHyphen/>mal<SoftHyphen/>sta<SoftHyphen/>pel<SoftHyphen/>zahl von sowohl <UIForeground>F201FA</UIForeground><UIGlow>F201FB</UIGlow>Lichtfeuer<UIGlow>01</UIGlow><UIForeground>01</UIForeground> als auch <UIForeground>F201FA</UIForeground><UIGlow>F201FB</UIGlow>Schatteneis<UIGlow>01</UIGlow><UIForeground>01</UIForeground> auf 3. Bei aktiver Ma<SoftHyphen/>xi<SoftHyphen/>mal<SoftHyphen/>sta<SoftHyphen/>pel<SoftHyphen/>zahl werden folgende Effekte gewährt:
Effekt bei 3 Stapeln <UIForeground>F201FA</UIForeground><UIGlow>F201FB</UIGlow>Lichtfeuer<UIGlow>01</UIGlow><UIForeground>01</UIForeground>:
Attacke-Werte von feuerbasierten Zaubern sind um 80<Indent/>％ erhöht.
Attacke-Werte von eisbasierten Zaubern sind um 30<Indent/>％ verringert.
Die Ausführungszeit von eisbasierten Zaubern ist halbiert.
Effekt bei 3 Stapeln <UIForeground>F201FA</UIForeground><UIGlow>F201FB</UIGlow>Schatteneis<UIGlow>01</UIGlow><UIForeground>01</UIForeground>:
Die Ausführung eines eisbasierten Zaubers regeneriert 10.000 MP.
Attacke-Werte von feuerbasierten Zaubern sind um 30<Indent/>％ verringert.
Die Ausführungszeit von feuerbasierten Zaubern ist halbiert."
460,"Der Schaden deiner Offensivmagie ist um 5<Indent/>% erhöht.
Bedingung: <UIForeground>F201FA</UIForeground><UIGlow>F201FB</UIGlow>Lichtfeuer<UIGlow>01</UIGlow><UIForeground>01</UIForeground> oder <UIForeground>F201FA</UIForeground><UIGlow>F201FB</UIGlow>Schatteneis<UIGlow>01</UIGlow><UIForeground>01</UIForeground> aktiv"
461,"<UIForeground>F201F6</UIForeground><UIGlow>F201F7</UIGlow>Moder<UIGlow>01</UIGlow><UIForeground>01</UIForeground> kann sofort gewirkt werden."
462,"Verbessert <UIForeground>F201F6</UIForeground><UIGlow>F201F7</UIGlow>Feura<UIGlow>01</UIGlow><UIForeground>01</UIForeground> zu <UIForeground>F201F6</UIForeground><UIGlow>F201F7</UIGlow>Hohes Feura<UIGlow>01</UIGlow><UIForeground>01</UIForeground> und <UIForeground>F201F6</UIForeground><UIGlow>F201F7</UIGlow>Eisra<UIGlow>01</UIGlow><UIForeground>01</UIForeground> zu <UIForeground>F201F6</UIForeground><UIGlow>F201F7</UIGlow>Hohes Eisra<UIGlow>01</UIGlow><UIForeground>01</UIForeground>."
463,"Verkürzt die Re<SoftHyphen/>ak<SoftHyphen/>ti<SoftHyphen/>vie<SoftHyphen/>rungs<SoftHyphen/>zeit von <UIForeground>F201F6</UIForeground><UIGlow>F201F7</UIGlow>Mana-Brunnen<UIGlow>01</UIGlow><UIForeground>01</UIForeground> auf 100 Sekunden."
464,"Erlaubt es dir, <UIForeground>F201F6</UIForeground><UIGlow>F201F7</UIGlow>Augmentierung<UIGlow>01</UIGlow><UIForeground>01</UIForeground> aufzuladen.
Maximale Aufladungen: 2"
465,"Wenn du entweder die Ma<SoftHyphen/>xi<SoftHyphen/>mal<SoftHyphen/>sta<SoftHyphen/>pel<SoftHyphen/>zahl an <UIForeground>F201FA</UIForeground><UIGlow>F201FB</UIGlow>Lichtfeuer<UIGlow>01</UIGlow><UIForeground>01</UIForeground> oder sowohl die Ma<SoftHyphen/>xi<SoftHyphen/>mal<SoftHyphen/>sta<SoftHyphen/>pel<SoftHyphen/>zahl an <UIForeground>F201FA</UIForeground><UIGlow>F201FB</UIGlow>Schatteneis<UIGlow>01</UIGlow><UIForeground>01</UIForeground> als auch an <UIForeground>F201FA</UIForeground><UIGlow>F201FB</UIGlow>Schattenherzen<UIGlow>01</UIGlow><UIForeground>01</UIForeground> hast und dann zum entgegengesetzten Element wechselst, wird dir eine <UIForeground>F201FA</UIForeground><UIGlow>F201FB</UIGlow>Paradoxie<UIGlow>01</UIGlow><UIForeground>01</UIForeground> gewährt.
Endet der Effekt von <UIForeground>F201FA</UIForeground><UIGlow>F201FB</UIGlow>Lichtfeuer<UIGlow>01</UIGlow><UIForeground>01</UIForeground> bzw. <UIForeground>F201FA</UIForeground><UIGlow>F201FB</UIGlow>Schatteneis<UIGlow>01</UIGlow><UIForeground>01</UIForeground>, wird auch <UIForeground>F201FA</UIForeground><UIGlow>F201FB</UIGlow>Paradoxie<UIGlow>01</UIGlow><UIForeground>01</UIForeground> beendet.
Während der Effektdauer ändern sich <UIForeground>F201F6</UIForeground><UIGlow>F201F7</UIGlow>Feuer<UIGlow>01</UIGlow><UIForeground>01</UIForeground> und <UIForeground>F201F6</UIForeground><UIGlow>F201F7</UIGlow>Eis<UIGlow>01</UIGlow><UIForeground>01</UIForeground> zu <UIForeground>F201F6</UIForeground><UIGlow>F201F7</UIGlow>Paradox<UIGlow>01</UIGlow><UIForeground>01</UIForeground>."
466,"<UIForeground>F201F6</UIForeground><UIGlow>F201F7</UIGlow>Ätherinfusion<UIGlow>01</UIGlow><UIForeground>01</UIForeground> gewährt nun <UIForeground>F201FA</UIForeground><UIGlow>F201FB</UIGlow>Rubin-Arkanum<UIGlow>01</UIGlow><UIForeground>01</UIForeground> und <UIForeground>F201FA</UIForeground><UIGlow>F201FB</UIGlow>Topas-Arkanum<UIGlow>01</UIGlow><UIForeground>01</UIForeground>."
467,"<UIForeground>F201F6</UIForeground><UIGlow>F201F7</UIGlow>Ätherinfusion<UIGlow>01</UIGlow><UIForeground>01</UIForeground> gewährt nun <UIForeground>F201FA</UIForeground><UIGlow>F201FB</UIGlow>Rubin-Arkanum<UIGlow>01</UIGlow><UIForeground>01</UIForeground>, <UIForeground>F201FA</UIForeground><UIGlow>F201FB</UIGlow>Topas-Arkanum<UIGlow>01</UIGlow><UIForeground>01</UIForeground> und <UIForeground>F201FA</UIForeground><UIGlow>F201FB</UIGlow>Smaragd-Arkanum<UIGlow>01</UIGlow><UIForeground>01</UIForeground>."
468,"Verbessert <UIForeground>F201F6</UIForeground><UIGlow>F201F7</UIGlow>Rubin-Beschwörung<UIGlow>01</UIGlow><UIForeground>01</UIForeground> zu <UIForeground>F201F6</UIForeground><UIGlow>F201F7</UIGlow>Ifrit-Beschwörung<UIGlow>01</UIGlow><UIForeground>01</UIForeground>."
469,"Verbessert <UIForeground>F201F6</UIForeground><UIGlow>F201F7</UIGlow>Topas-Beschwörung<UIGlow>01</UIGlow><UIForeground>01</UIForeground> zu <UIForeground>F201F6</UIForeground><UIGlow>F201F7</UIGlow>Titan-Beschwörung<UIGlow>01</UIGlow><UIForeground>01</UIForeground>."
470,"Verbessert <UIForeground>F201F6</UIForeground><UIGlow>F201F7</UIGlow>Saphir-Beschwörung<UIGlow>01</UIGlow><UIForeground>01</UIForeground> zu <UIForeground>F201F6</UIForeground><UIGlow>F201F7</UIGlow>Garuda-Beschwörung<UIGlow>01</UIGlow><UIForeground>01</UIForeground>."
471,"Verbessert die Spezialangriffe deiner Egi.
Ifrit-Egi: verbessert <UIForeground>F201F6</UIForeground><UIGlow>F201F7</UIGlow>Brennender Schlag<UIGlow>01</UIGlow><UIForeground>01</UIForeground> zu <UIForeground>F201F6</UIForeground><UIGlow>F201F7</UIGlow>Inferno<UIGlow>01</UIGlow><UIForeground>01</UIForeground>.
Titan-Egi: verbessert <UIForeground>F201F6</UIForeground><UIGlow>F201F7</UIGlow>Steinsprenger<UIGlow>01</UIGlow><UIForeground>01</UIForeground> zu <UIForeground>F201F6</UIForeground><UIGlow>F201F7</UIGlow>Gaias Zorn<UIGlow>01</UIGlow><UIForeground>01</UIForeground>.
Garuda-Egi: verbessert <UIForeground>F201F6</UIForeground><UIGlow>F201F7</UIGlow>Lufthieb<UIGlow>01</UIGlow><UIForeground>01</UIForeground> zu <UIForeground>F201F6</UIForeground><UIGlow>F201F7</UIGlow>Windschlag<UIGlow>01</UIGlow><UIForeground>01</UIForeground>."
472,""
473,"Verbessert <UIForeground>F201F6</UIForeground><UIGlow>F201F7</UIGlow>Ruinra<UIGlow>01</UIGlow><UIForeground>01</UIForeground> zu <UIForeground>F201F6</UIForeground><UIGlow>F201F7</UIGlow>Ruinga<UIGlow>01</UIGlow><UIForeground>01</UIForeground>."
474,"Verbessert <UIForeground>F201F6</UIForeground><UIGlow>F201F7</UIGlow>Ätherinfusion<UIGlow>01</UIGlow><UIForeground>01</UIForeground> zu <UIForeground>F201F6</UIForeground><UIGlow>F201F7</UIGlow>Bahamut-Trance<UIGlow>01</UIGlow><UIForeground>01</UIForeground>."
475,"<UIForeground>F201F6</UIForeground><UIGlow>F201F7</UIGlow>Energieentzug<UIGlow>01</UIGlow><UIForeground>01</UIForeground> und <UIForeground>F201F6</UIForeground><UIGlow>F201F7</UIGlow>Energiesiphon<UIGlow>01</UIGlow><UIForeground>01</UIForeground> gewähren nun <UIForeground>F201FA</UIForeground><UIGlow>F201FB</UIGlow>Rand des Ruins<UIGlow>01</UIGlow><UIForeground>01</UIForeground>."
476,"Ändert <UIForeground>F201F6</UIForeground><UIGlow>F201F7</UIGlow>Juwelenschein<UIGlow>01</UIGlow><UIForeground>01</UIForeground> je nach deinem momentan aktiven Äther.
Bei <UIForeground>F201FA</UIForeground><UIGlow>F201FB</UIGlow>Feueräther<UIGlow>01</UIGlow><UIForeground>01</UIForeground>: <UIForeground>F201F6</UIForeground><UIGlow>F201F7</UIGlow>Rubin-Ritus<UIGlow>01</UIGlow><UIForeground>01</UIForeground>
Bei <UIForeground>F201FA</UIForeground><UIGlow>F201FB</UIGlow>Erdäther<UIGlow>01</UIGlow><UIForeground>01</UIForeground>: <UIForeground>F201F6</UIForeground><UIGlow>F201F7</UIGlow>Topas-Ritus<UIGlow>01</UIGlow><UIForeground>01</UIForeground>
Bei <UIForeground>F201FA</UIForeground><UIGlow>F201FB</UIGlow>Windäther<UIGlow>01</UIGlow><UIForeground>01</UIForeground>: <UIForeground>F201F6</UIForeground><UIGlow>F201F7</UIGlow>Smaragd-Ritus<UIGlow>01</UIGlow><UIForeground>01</UIForeground>"
477,"Verbessert <UIForeground>F201F6</UIForeground><UIGlow>F201F7</UIGlow>Elementarkorona<UIGlow>01</UIGlow><UIForeground>01</UIForeground> zu <UIForeground>F201F6</UIForeground><UIGlow>F201F7</UIGlow>Trisaster<UIGlow>01</UIGlow><UIForeground>01</UIForeground>."
478,"Ändert <UIForeground>F201F6</UIForeground><UIGlow>F201F7</UIGlow>Edelglanz<UIGlow>01</UIGlow><UIForeground>01</UIForeground> je nach deinem momentan aktiven Äther.
Bei <UIForeground>F201FA</UIForeground><UIGlow>F201FB</UIGlow>Feueräther<UIGlow>01</UIGlow><UIForeground>01</UIForeground>: <UIForeground>F201F6</UIForeground><UIGlow>F201F7</UIGlow>Rubin-Verderben<UIGlow>01</UIGlow><UIForeground>01</UIForeground>
Bei <UIForeground>F201FA</UIForeground><UIGlow>F201FB</UIGlow>Erdäther<UIGlow>01</UIGlow><UIForeground>01</UIForeground>: <UIForeground>F201F6</UIForeground><UIGlow>F201F7</UIGlow>Topas-Verderben<UIGlow>01</UIGlow><UIForeground>01</UIForeground>
Bei <UIForeground>F201FA</UIForeground><UIGlow>F201FB</UIGlow>Windäther<UIGlow>01</UIGlow><UIForeground>01</UIForeground>: <UIForeground>F201F6</UIForeground><UIGlow>F201F7</UIGlow>Smaragd-Verderben<UIGlow>01</UIGlow><UIForeground>01</UIForeground>"
479,"Erhöht den Attacke-Wert von <UIForeground>F201F6</UIForeground><UIGlow>F201F7</UIGlow>Ruinga<UIGlow>01</UIGlow><UIForeground>01</UIForeground>, <UIForeground>F201F6</UIForeground><UIGlow>F201F7</UIGlow>Rubin-Ritus<UIGlow>01</UIGlow><UIForeground>01</UIForeground>, <UIForeground>F201F6</UIForeground><UIGlow>F201F7</UIGlow>Topas-Ritus<UIGlow>01</UIGlow><UIForeground>01</UIForeground> und <UIForeground>F201F6</UIForeground><UIGlow>F201F7</UIGlow>Smaragd-Ritus<UIGlow>01</UIGlow><UIForeground>01</UIForeground>.
Attacke-Wert von <UIForeground>F201F6</UIForeground><UIGlow>F201F7</UIGlow>Ruinga<UIGlow>01</UIGlow><UIForeground>01</UIForeground>: 310
Attacke-Wert von <UIForeground>F201F6</UIForeground><UIGlow>F201F7</UIGlow>Rubin-Ritus<UIGlow>01</UIGlow><UIForeground>01</UIForeground>: 510
Attacke-Wert von <UIForeground>F201F6</UIForeground><UIGlow>F201F7</UIGlow>Topas-Ritus<UIGlow>01</UIGlow><UIForeground>01</UIForeground>: 330
Attacke-Wert von <UIForeground>F201F6</UIForeground><UIGlow>F201F7</UIGlow>Smaragd-Ritus<UIGlow>01</UIGlow><UIForeground>01</UIForeground>: 230"
480,"Erlaubt es dir, <UIForeground>F201F6</UIForeground><UIGlow>F201F7</UIGlow>Schimmerschild<UIGlow>01</UIGlow><UIForeground>01</UIForeground> aufzuladen.
Maximale Aufladungen: 2"
481,"Verbessert <UIForeground>F201F6</UIForeground><UIGlow>F201F7</UIGlow>Ifrit-Beschwörung<UIGlow>01</UIGlow><UIForeground>01</UIForeground> zu <UIForeground>F201F6</UIForeground><UIGlow>F201F7</UIGlow>Rubin-Ifrit-Beschwörung<UIGlow>01</UIGlow><UIForeground>01</UIForeground>, <UIForeground>F201F6</UIForeground><UIGlow>F201F7</UIGlow>Titan-Beschwörung<UIGlow>01</UIGlow><UIForeground>01</UIForeground> zu <UIForeground>F201F6</UIForeground><UIGlow>F201F7</UIGlow>Topas-Titan-Beschwörung<UIGlow>01</UIGlow><UIForeground>01</UIForeground> und <UIForeground>F201F6</UIForeground><UIGlow>F201F7</UIGlow>Garuda-Beschwörung<UIGlow>01</UIGlow><UIForeground>01</UIForeground> zu <UIForeground>F201F6</UIForeground><UIGlow>F201F7</UIGlow>Smaragd-Garuda-Beschwörung<UIGlow>01</UIGlow><UIForeground>01</UIForeground>."
482,"Erfolgreiche Ausführung von <UIForeground>F201F6</UIForeground><UIGlow>F201F7</UIGlow>Magische Riposte<UIGlow>01</UIGlow><UIForeground>01</UIForeground>, <UIForeground>F201F6</UIForeground><UIGlow>F201F7</UIGlow>Magischer Zwerchhau<UIGlow>01</UIGlow><UIForeground>01</UIForeground>, <UIForeground>F201F6</UIForeground><UIGlow>F201F7</UIGlow>Magisches Redoublement<UIGlow>01</UIGlow><UIForeground>01</UIForeground>, <UIForeground>F201F6</UIForeground><UIGlow>F201F7</UIGlow>Magischer Moulinet Un<UIGlow>01</UIGlow><UIForeground>01</UIForeground>,  <UIForeground>F201F6</UIForeground><UIGlow>F201F7</UIGlow>Magischer Moulinet Deux<UIGlow>01</UIGlow><UIForeground>01</UIForeground> und <UIForeground>F201F6</UIForeground><UIGlow>F201F7</UIGlow>Magischer Moulinet Trois<UIGlow>01</UIGlow><UIForeground>01</UIForeground> gewährt dir 1 <UIForeground>F201FA</UIForeground><UIGlow>F201FB</UIGlow>Manasplitter<UIGlow>01</UIGlow><UIForeground>01</UIForeground>.
Ma<SoftHyphen/>xi<SoftHyphen/>mal<SoftHyphen/>sta<SoftHyphen/>pel<SoftHyphen/>zahl: 3
Bei 3 <UIForeground>F201FA</UIForeground><UIGlow>F201FB</UIGlow>Manasplittern<UIGlow>01</UIGlow><UIForeground>01</UIForeground> ändern sich <UIForeground>F201F6</UIForeground><UIGlow>F201F7</UIGlow>Erzblitz<UIGlow>01</UIGlow><UIForeground>01</UIForeground> und <UIForeground>F201F6</UIForeground><UIGlow>F201F7</UIGlow>Erzblitzra<UIGlow>01</UIGlow><UIForeground>01</UIForeground> zu <UIForeground>F201F6</UIForeground><UIGlow>F201F7</UIGlow>Erzflare<UIGlow>01</UIGlow><UIForeground>01</UIForeground>. Außerdem ändern sich <UIForeground>F201F6</UIForeground><UIGlow>F201F7</UIGlow>Erzwind<UIGlow>01</UIGlow><UIForeground>01</UIForeground> und <UIForeground>F201F6</UIForeground><UIGlow>F201F7</UIGlow>Erzwindra<UIGlow>01</UIGlow><UIForeground>01</UIForeground> zu <UIForeground>F201F6</UIForeground><UIGlow>F201F7</UIGlow>Erz-Sanctus<UIGlow>01</UIGlow><UIForeground>01</UIForeground>, sobald erlernt."
483,"Verbessert <UIForeground>F201F6</UIForeground><UIGlow>F201F7</UIGlow>Erzblitz<UIGlow>01</UIGlow><UIForeground>01</UIForeground> zu <UIForeground>F201F6</UIForeground><UIGlow>F201F7</UIGlow>Erzblitzga<UIGlow>01</UIGlow><UIForeground>01</UIForeground> und <UIForeground>F201F6</UIForeground><UIGlow>F201F7</UIGlow>Erzwind<UIGlow>01</UIGlow><UIForeground>01</UIForeground> zu <UIForeground>F201F6</UIForeground><UIGlow>F201F7</UIGlow>Erzwindga<UIGlow>01</UIGlow><UIForeground>01</UIForeground>.
Bei 3 <UIForeground>F201FA</UIForeground><UIGlow>F201FB</UIGlow>Manasplittern<UIGlow>01</UIGlow><UIForeground>01</UIForeground> ändert sich <UIForeground>F201F6</UIForeground><UIGlow>F201F7</UIGlow>Erzblitzga<UIGlow>01</UIGlow><UIForeground>01</UIForeground> zu <UIForeground>F201F6</UIForeground><UIGlow>F201F7</UIGlow>Erzflare<UIGlow>01</UIGlow><UIForeground>01</UIForeground> und <UIForeground>F201F6</UIForeground><UIGlow>F201F7</UIGlow>Erzwindga<UIGlow>01</UIGlow><UIForeground>01</UIForeground> zu <UIForeground>F201F6</UIForeground><UIGlow>F201F7</UIGlow>Erz-Sanctus<UIGlow>01</UIGlow><UIForeground>01</UIForeground>."
484,"Verbessert <UIForeground>F201F6</UIForeground><UIGlow>F201F7</UIGlow>Stoß II<UIGlow>01</UIGlow><UIForeground>01</UIForeground> zu <UIForeground>F201F6</UIForeground><UIGlow>F201F7</UIGlow>Stoß III<UIGlow>01</UIGlow><UIForeground>01</UIForeground>.
Erhöht dazu den Attacke-Wert folgender Kommandos:
Attacke-Wert von <UIForeground>F201F6</UIForeground><UIGlow>F201F7</UIGlow>Magische Riposte<UIGlow>01</UIGlow><UIForeground>01</UIForeground>: 280
Attacke-Wert von <UIForeground>F201F6</UIForeground><UIGlow>F201F7</UIGlow>Erzblitzra<UIGlow>01</UIGlow><UIForeground>01</UIForeground>: 140
Attacke-Wert von <UIForeground>F201F6</UIForeground><UIGlow>F201F7</UIGlow>Erzwindra<UIGlow>01</UIGlow><UIForeground>01</UIForeground>: 140
Attacke-Wert von <UIForeground>F201F6</UIForeground><UIGlow>F201F7</UIGlow>Erzfeuer<UIGlow>01</UIGlow><UIForeground>01</UIForeground>: 340
Attacke-Wert von <UIForeground>F201F6</UIForeground><UIGlow>F201F7</UIGlow>Erzstein<UIGlow>01</UIGlow><UIForeground>01</UIForeground>: 340
Attacke-Wert von <UIForeground>F201F6</UIForeground><UIGlow>F201F7</UIGlow>Magischer Zwerchhau<UIGlow>01</UIGlow><UIForeground>01</UIForeground>: 150
Attacke-Wert von <UIForeground>F201F6</UIForeground><UIGlow>F201F7</UIGlow>Magisches Redoublement<UIGlow>01</UIGlow><UIForeground>01</UIForeground>: 130
Attacke-Wert von <UIForeground>F201F6</UIForeground><UIGlow>F201F7</UIGlow>Impakt<UIGlow>01</UIGlow><UIForeground>01</UIForeground>: 210
Attacke-Wert von <UIForeground>F201F6</UIForeground><UIGlow>F201F7</UIGlow>Magische Reprise<UIGlow>01</UIGlow><UIForeground>01</UIForeground>: 340"
485,"Erlaubt es dir, <UIForeground>F201F6</UIForeground><UIGlow>F201F7</UIGlow>Präparation<UIGlow>01</UIGlow><UIForeground>01</UIForeground> aufzuladen.
Maximale Aufladungen: 2"
486,"Die Ma<SoftHyphen/>xi<SoftHyphen/>mal<SoftHyphen/>sta<SoftHyphen/>pel<SoftHyphen/>zahl von <UIForeground>F201FA</UIForeground><UIGlow>F201FB</UIGlow>Manafizierung<UIGlow>01</UIGlow><UIForeground>01</UIForeground> wird auf 6 erhöht."
487,"Verbessert <UIForeground>F201F6</UIForeground><UIGlow>F201F7</UIGlow>Blendung<UIGlow>01</UIGlow><UIForeground>01</UIForeground> zu <UIForeground>F201F6</UIForeground><UIGlow>F201F7</UIGlow>Blendga<UIGlow>01</UIGlow><UIForeground>01</UIForeground>."
488,"Verbessert <UIForeground>F201F6</UIForeground><UIGlow>F201F7</UIGlow>Sanctus<UIGlow>01</UIGlow><UIForeground>01</UIForeground> zu <UIForeground>F201F6</UIForeground><UIGlow>F201F7</UIGlow>Sanctga<UIGlow>01</UIGlow><UIForeground>01</UIForeground>."
489,"Erhöht das Heilpotenzial folgender Kommandos:
Heilpotenzial von <UIForeground>F201F6</UIForeground><UIGlow>F201F7</UIGlow>Vita<UIGlow>01</UIGlow><UIForeground>01</UIForeground>: 500
Heilpotenzial von <UIForeground>F201F6</UIForeground><UIGlow>F201F7</UIGlow>Reseda<UIGlow>01</UIGlow><UIForeground>01</UIForeground>: 400
Heilpotenzial von <UIForeground>F201F6</UIForeground><UIGlow>F201F7</UIGlow>Vitra<UIGlow>01</UIGlow><UIForeground>01</UIForeground>: 800
Heilpotenzial von <UIForeground>F201F6</UIForeground><UIGlow>F201F7</UIGlow>Regena<UIGlow>01</UIGlow><UIForeground>01</UIForeground> (stetige LP-Heilung): 250
Heilpotenzial von <UIForeground>F201F6</UIForeground><UIGlow>F201F7</UIGlow>Vitaga<UIGlow>01</UIGlow><UIForeground>01</UIForeground>: 600
Heilpotenzial von <UIForeground>F201F6</UIForeground><UIGlow>F201F7</UIGlow>Resedra<UIGlow>01</UIGlow><UIForeground>01</UIForeground>: 250
Heilpotenzial von <UIForeground>F201F6</UIForeground><UIGlow>F201F7</UIGlow>Resedra<UIGlow>01</UIGlow><UIForeground>01</UIForeground> (stetige LP-Heilung): 150
Heilpotenzial von <UIForeground>F201F6</UIForeground><UIGlow>F201F7</UIGlow>Afflatus solatii<UIGlow>01</UIGlow><UIForeground>01</UIForeground>: 800
Heilpotenzial von <UIForeground>F201F6</UIForeground><UIGlow>F201F7</UIGlow>Afflatus laetitiae<UIGlow>01</UIGlow><UIForeground>01</UIForeground>: 400"
490,"Erlaubt es dir, <UIForeground>F201F6</UIForeground><UIGlow>F201F7</UIGlow>Göttlicher Segen<UIGlow>01</UIGlow><UIForeground>01</UIForeground> aufzuladen.
Maximale Aufladungen: 2"
491,"Verbessert <UIForeground>F201F6</UIForeground><UIGlow>F201F7</UIGlow>Vernichtende Bravade<UIGlow>01</UIGlow><UIForeground>01</UIForeground> zu <UIForeground>F201F6</UIForeground><UIGlow>F201F7</UIGlow>Rabiate Bravade<UIGlow>01</UIGlow><UIForeground>01</UIForeground> und erhöht den Attacke-Wert von <UIForeground>F201F6</UIForeground><UIGlow>F201F7</UIGlow>Ruinra<UIGlow>01</UIGlow><UIForeground>01</UIForeground> auf 220."
492,"Verbessert <UIForeground>F201F6</UIForeground><UIGlow>F201F7</UIGlow>Kunst des Krieges<UIGlow>01</UIGlow><UIForeground>01</UIForeground> zu <UIForeground>F201F6</UIForeground><UIGlow>F201F7</UIGlow>Kunst des Krieges II<UIGlow>01</UIGlow><UIForeground>01</UIForeground>."
493,"Erhöht das Heilpotenzial und den Barriere-Effekt folgender Kommandos:
Heilpotenzial von <UIForeground>F201F6</UIForeground><UIGlow>F201F7</UIGlow>Physick<UIGlow>01</UIGlow><UIForeground>01</UIForeground>: 450
Heilpotenzial von <UIForeground>F201F6</UIForeground><UIGlow>F201F7</UIGlow>Sanfte Umarmung<UIGlow>01</UIGlow><UIForeground>01</UIForeground>: 180
Barriere-Effekt von <UIForeground>F201F6</UIForeground><UIGlow>F201F7</UIGlow>Adloquium<UIGlow>01</UIGlow><UIForeground>01</UIForeground>: 180<Indent/>% der Heilwirkung
Barriere-Effekt von <UIForeground>F201F6</UIForeground><UIGlow>F201F7</UIGlow>Kurieren<UIGlow>01</UIGlow><UIForeground>01</UIForeground>: 160<Indent/>% der Heilwirkung
Heilpotenzial von <UIForeground>F201F6</UIForeground><UIGlow>F201F7</UIGlow>Schleier der Seraphim<UIGlow>01</UIGlow><UIForeground>01</UIForeground>: 180"
494,"Verkürzt die Re<SoftHyphen/>ak<SoftHyphen/>ti<SoftHyphen/>vie<SoftHyphen/>rungs<SoftHyphen/>zeit von <UIForeground>F201F6</UIForeground><UIGlow>F201F7</UIGlow>Dislokation<UIGlow>01</UIGlow><UIForeground>01</UIForeground> auf 90 Sekunden."
495,"Erfolgreiche Ausführung von <UIForeground>F201F6</UIForeground><UIGlow>F201F7</UIGlow>Ziehen<UIGlow>01</UIGlow><UIForeground>01</UIForeground> gewährt dir <UIForeground>F201FA</UIForeground><UIGlow>F201FB</UIGlow>Mischbereit<UIGlow>01</UIGlow><UIForeground>01</UIForeground>."
496,"Gewährt die Asterismen <UIForeground>F201FA</UIForeground><UIGlow>F201FB</UIGlow>Sonne<UIGlow>01</UIGlow><UIForeground>01</UIForeground>, <UIForeground>F201FA</UIForeground><UIGlow>F201FB</UIGlow>Mond<UIGlow>01</UIGlow><UIForeground>01</UIForeground> und <UIForeground>F201FA</UIForeground><UIGlow>F201FB</UIGlow>Stern<UIGlow>01</UIGlow><UIForeground>01</UIForeground>, wenn ihre entsprechenden Karten gezogen und im Kampf gespielt werden."
497,"Verbessert <UIForeground>F201F6</UIForeground><UIGlow>F201F7</UIGlow>Spannungsaspekt IV<UIGlow>01</UIGlow><UIForeground>01</UIForeground> zu <UIForeground>F201F6</UIForeground><UIGlow>F201F7</UIGlow>Aspekt im Fall<UIGlow>01</UIGlow><UIForeground>01</UIForeground>."
498,"Verbessert <UIForeground>F201F6</UIForeground><UIGlow>F201F7</UIGlow>Gravitas<UIGlow>01</UIGlow><UIForeground>01</UIForeground> zu <UIForeground>F201F6</UIForeground><UIGlow>F201F7</UIGlow>Gravitra<UIGlow>01</UIGlow><UIForeground>01</UIForeground>."
499,"Erhöht das Heilpotenzial folgender Kommandos:
Heilpotenzial von <UIForeground>F201F6</UIForeground><UIGlow>F201F7</UIGlow>Harmonieaspekt<UIGlow>01</UIGlow><UIForeground>01</UIForeground>: 500
Heilpotenzial von <UIForeground>F201F6</UIForeground><UIGlow>F201F7</UIGlow>Helios<UIGlow>01</UIGlow><UIForeground>01</UIForeground>: 400
Heilpotenzial von <UIForeground>F201F6</UIForeground><UIGlow>F201F7</UIGlow>Harmonieaspekt II<UIGlow>01</UIGlow><UIForeground>01</UIForeground>: 800
Heilpotenzial von <UIForeground>F201F6</UIForeground><UIGlow>F201F7</UIGlow>Harmonischer Orbis<UIGlow>01</UIGlow><UIForeground>01</UIForeground> : 250
Heilpotenzial von <UIForeground>F201F6</UIForeground><UIGlow>F201F7</UIGlow>Harmonischer Orbis<UIGlow>01</UIGlow><UIForeground>01</UIForeground> (stetige LP-Heilung): 250
Heilpotenzial von <UIForeground>F201F6</UIForeground><UIGlow>F201F7</UIGlow>Aspektierter Helios<UIGlow>01</UIGlow><UIForeground>01</UIForeground>: 250
Heilpotenzial von <UIForeground>F201F6</UIForeground><UIGlow>F201F7</UIGlow>Aspektierter Helios<UIGlow>01</UIGlow><UIForeground>01</UIForeground> (stetige LP-Heilung): 150"
500,"Erlaubt es dir, <UIForeground>F201F6</UIForeground><UIGlow>F201F7</UIGlow>Kongruenz<UIGlow>01</UIGlow><UIForeground>01</UIForeground> aufzuladen.
Maximale Aufladungen: 2"
501,"Ermöglicht das Fischen im weiten Meer der Sterne."
502,"Verbessert <UIForeground>F201F6</UIForeground><UIGlow>F201F7</UIGlow>Bahamut-Beschwörung<UIGlow>01</UIGlow><UIForeground>01</UIForeground> zu <UIForeground>F201F6</UIForeground><UIGlow>F201F7</UIGlow>Phönix-Beschwörung<UIGlow>01</UIGlow><UIForeground>01</UIForeground>, wenn Demi-Bahamut nach erfolgreicher Beschwörung wieder verschwindet."
503,"Ändert <UIForeground>F201F6</UIForeground><UIGlow>F201F7</UIGlow>Lichtstrom<UIGlow>01</UIGlow><UIForeground>01</UIForeground> bei Ausführung bestimmter Kommandos.
Bei <UIForeground>F201F6</UIForeground><UIGlow>F201F7</UIGlow>Ifrit-Beschwörung<UIGlow>01</UIGlow><UIForeground>01</UIForeground>: <UIForeground>F201F6</UIForeground><UIGlow>F201F7</UIGlow>Zinnober-Zyklon<UIGlow>01</UIGlow><UIForeground>01</UIForeground>
Bei <UIForeground>F201F6</UIForeground><UIGlow>F201F7</UIGlow>Topas-Ritus<UIGlow>01</UIGlow><UIForeground>01</UIForeground> oder <UIForeground>F201F6</UIForeground><UIGlow>F201F7</UIGlow>Topas-Verderben<UIGlow>01</UIGlow><UIForeground>01</UIForeground>: <UIForeground>F201F6</UIForeground><UIGlow>F201F7</UIGlow>Bergsprenger<UIGlow>01</UIGlow><UIForeground>01</UIForeground>
Bei <UIForeground>F201F6</UIForeground><UIGlow>F201F7</UIGlow>Garuda-Beschwörung<UIGlow>01</UIGlow><UIForeground>01</UIForeground>: <UIForeground>F201F6</UIForeground><UIGlow>F201F7</UIGlow>Wirbelströmung<UIGlow>01</UIGlow><UIForeground>01</UIForeground>"
504,"Erhöht den Attacke-Wert folgender Kommandos:
Attacke-Wert von <UIForeground>F201F6</UIForeground><UIGlow>F201F7</UIGlow>Vortexschnitt<UIGlow>01</UIGlow><UIForeground>01</UIForeground>: 200
Attacke-Wert von <UIForeground>F201F6</UIForeground><UIGlow>F201F7</UIGlow>Donnerklinge<UIGlow>01</UIGlow><UIForeground>01</UIForeground>: 140
Attacke-Wert von <UIForeground>F201F6</UIForeground><UIGlow>F201F7</UIGlow>Königsklinge<UIGlow>01</UIGlow><UIForeground>01</UIForeground>: 140
Attacke-Wert von <UIForeground>F201F6</UIForeground><UIGlow>F201F7</UIGlow>Heiliger Geist<UIGlow>01</UIGlow><UIForeground>01</UIForeground>: 350
Attacke-Wert von <UIForeground>F201F6</UIForeground><UIGlow>F201F7</UIGlow>Absolution<UIGlow>01</UIGlow><UIForeground>01</UIForeground>: 400
Attacke-Wert von <UIForeground>F201F6</UIForeground><UIGlow>F201F7</UIGlow>Anflehung<UIGlow>01</UIGlow><UIForeground>01</UIForeground>: 420
Attacke-Wert von <UIForeground>F201F6</UIForeground><UIGlow>F201F7</UIGlow>Heilige Grabstätte<UIGlow>01</UIGlow><UIForeground>01</UIForeground>: 440"
505,"Erhöht den Attacke-Wert folgender Kommandos:
Attacke-Wert von <UIForeground>F201F6</UIForeground><UIGlow>F201F7</UIGlow>Gewaltiger Hieb<UIGlow>01</UIGlow><UIForeground>01</UIForeground>: 200
Attacke-Wert von <UIForeground>F201F6</UIForeground><UIGlow>F201F7</UIGlow>Verstümmelung<UIGlow>01</UIGlow><UIForeground>01</UIForeground>: 150
Attacke-Wert von <UIForeground>F201F6</UIForeground><UIGlow>F201F7</UIGlow>Sturmkeil<UIGlow>01</UIGlow><UIForeground>01</UIForeground>: 160
Attacke-Wert von <UIForeground>F201F6</UIForeground><UIGlow>F201F7</UIGlow>Sturmbrecher<UIGlow>01</UIGlow><UIForeground>01</UIForeground>: 160"
506,"Erhöht den Attacke-Wert folgender Kommandos:
Attacke-Wert von <UIForeground>F201F6</UIForeground><UIGlow>F201F7</UIGlow>Harter Schlitzer<UIGlow>01</UIGlow><UIForeground>01</UIForeground>: 180
Attacke-Wert von <UIForeground>F201F6</UIForeground><UIGlow>F201F7</UIGlow>Osmose<UIGlow>01</UIGlow><UIForeground>01</UIForeground>: 120
Attacke-Wert von <UIForeground>F201F6</UIForeground><UIGlow>F201F7</UIGlow>Seelenfresser<UIGlow>01</UIGlow><UIForeground>01</UIForeground>: 140"
507,"Erhöht den Attacke-Wert folgender Kommandos:
Attacke-Wert von <UIForeground>F201F6</UIForeground><UIGlow>F201F7</UIGlow>Zerfetzer<UIGlow>01</UIGlow><UIForeground>01</UIForeground>: 200
Attacke-Wert von <UIForeground>F201F6</UIForeground><UIGlow>F201F7</UIGlow>Brutaler Einschlag<UIGlow>01</UIGlow><UIForeground>01</UIForeground>: 160
Attacke-Wert von <UIForeground>F201F6</UIForeground><UIGlow>F201F7</UIGlow>Stahlwalze<UIGlow>01</UIGlow><UIForeground>01</UIForeground>: 140"
508,"Erhöht den Attacke-Wert von <UIForeground>F201F6</UIForeground><UIGlow>F201F7</UIGlow>Geirskogul<UIGlow>01</UIGlow><UIForeground>01</UIForeground> auf 280 und den Attacke-Wert von <UIForeground>F201F6</UIForeground><UIGlow>F201F7</UIGlow>Nastrond<UIGlow>01</UIGlow><UIForeground>01</UIForeground> auf 720. Außerdem wird bei erfolgreicher Ausführung von <UIForeground>F201F6</UIForeground><UIGlow>F201F7</UIGlow>Überfallsstoß<UIGlow>01</UIGlow><UIForeground>01</UIForeground> und <UIForeground>F201F6</UIForeground><UIGlow>F201F7</UIGlow>Groll des Drachen<UIGlow>01</UIGlow><UIForeground>01</UIForeground> ein <UIForeground>F201FA</UIForeground><UIGlow>F201FB</UIGlow>Wyrmauge<UIGlow>01</UIGlow><UIForeground>01</UIForeground> gewährt.
Ma<SoftHyphen/>xi<SoftHyphen/>mal<SoftHyphen/>sta<SoftHyphen/>pel<SoftHyphen/>zahl: 2"
509,"Erhöht den Effekt von <UIForeground>F201FA</UIForeground><UIGlow>F201FB</UIGlow>Henochisch<UIGlow>01</UIGlow><UIForeground>01</UIForeground> auf 22<Indent/>%."
510,"Verbessert <UIForeground>F201F6</UIForeground><UIGlow>F201F7</UIGlow>Physis<UIGlow>01</UIGlow><UIForeground>01</UIForeground> zu <UIForeground>F201F6</UIForeground><UIGlow>F201F7</UIGlow>Physis II<UIGlow>01</UIGlow><UIForeground>01</UIForeground>."
511,"Erhöht den Attacke-Wert des Angriffs deines Heldenschemens auf 420."
512,"Verbessert <UIForeground>F201F6</UIForeground><UIGlow>F201F7</UIGlow>Zündschlag<UIGlow>01</UIGlow><UIForeground>01</UIForeground> zu <UIForeground>F201F6</UIForeground><UIGlow>F201F7</UIGlow>Phönixtanz<UIGlow>01</UIGlow><UIForeground>01</UIForeground>."
513,"Verbessert <UIForeground>F201F6</UIForeground><UIGlow>F201F7</UIGlow>Tornadotritt<UIGlow>01</UIGlow><UIForeground>01</UIForeground> zu <UIForeground>F201F6</UIForeground><UIGlow>F201F7</UIGlow>Phantomstoß<UIGlow>01</UIGlow><UIForeground>01</UIForeground>."
514,"Die Ausführung von <UIForeground>F201F6</UIForeground><UIGlow>F201F7</UIGlow>Ikishoten<UIGlow>01</UIGlow><UIForeground>01</UIForeground> gewährt dir <UIForeground>F201FA</UIForeground><UIGlow>F201FB</UIGlow>Ogi Namikiri<UIGlow>01</UIGlow><UIForeground>01</UIForeground>.
Dauer: 30 Sekunden"
515,"Verbessert <UIForeground>F201F6</UIForeground><UIGlow>F201F7</UIGlow>Meuchelsprung<UIGlow>01</UIGlow><UIForeground>01</UIForeground> zu <UIForeground>F201F6</UIForeground><UIGlow>F201F7</UIGlow>Ternäre Trance<UIGlow>01</UIGlow><UIForeground>01</UIForeground>."
516,"Erhöht den Attacke-Wert folgender Kommandos:
Attacke-Wert von <UIForeground>F201F6</UIForeground><UIGlow>F201F7</UIGlow>Windschlitzer<UIGlow>01</UIGlow><UIForeground>01</UIForeground>: 120
Attacke-Wert von <UIForeground>F201F6</UIForeground><UIGlow>F201F7</UIGlow>Äolusklinge<UIGlow>01</UIGlow><UIForeground>01</UIForeground>: 140
Attacke-Wert von <UIForeground>F201F6</UIForeground><UIGlow>F201F7</UIGlow>Harnischbrecher<UIGlow>01</UIGlow><UIForeground>01</UIForeground>: 140"
517,"Erhöht den Attacke-Wert folgender Kommandos:
Attacke-Wert von <UIForeground>F201F6</UIForeground><UIGlow>F201F7</UIGlow>Höllenfeuer frei<UIGlow>01</UIGlow><UIForeground>01</UIForeground>: 200
Attacke-Wert von <UIForeground>F201F6</UIForeground><UIGlow>F201F7</UIGlow>Höllen-Flintenlaufgeschoss<UIGlow>01</UIGlow><UIForeground>01</UIForeground>: 120
Attacke-Wert von <UIForeground>F201F6</UIForeground><UIGlow>F201F7</UIGlow>Sauberer Höllenschuss<UIGlow>01</UIGlow><UIForeground>01</UIForeground>: 120"
518,"Erhöht den Attacke-Wert folgender Kommandos:
Attacke-Wert von <UIForeground>F201F6</UIForeground><UIGlow>F201F7</UIGlow>Schlag auf Schlag<UIGlow>01</UIGlow><UIForeground>01</UIForeground>: 220
Attacke-Wert von <UIForeground>F201F6</UIForeground><UIGlow>F201F7</UIGlow>Wahrer Schlag<UIGlow>01</UIGlow><UIForeground>01</UIForeground>: 300
Attacke-Wert von <UIForeground>F201F6</UIForeground><UIGlow>F201F7</UIGlow>Peitschenhieb<UIGlow>01</UIGlow><UIForeground>01</UIForeground>: 270
Attacke-Wert von <UIForeground>F201F6</UIForeground><UIGlow>F201F7</UIGlow>Doppelviper<UIGlow>01</UIGlow><UIForeground>01</UIForeground>: 380
Attacke-Wert von <UIForeground>F201F6</UIForeground><UIGlow>F201F7</UIGlow>Demolieren<UIGlow>01</UIGlow><UIForeground>01</UIForeground>: 320
Attacke-Wert von <UIForeground>F201F6</UIForeground><UIGlow>F201F7</UIGlow>Drachentritt<UIGlow>01</UIGlow><UIForeground>01</UIForeground>: 280
Attacke-Wert von <UIForeground>F201F6</UIForeground><UIGlow>F201F7</UIGlow>Verbotenes Chakra<UIGlow>01</UIGlow><UIForeground>01</UIForeground>: 400"
519,"Verbessert <UIForeground>F201F6</UIForeground><UIGlow>F201F7</UIGlow>Fuga<UIGlow>01</UIGlow><UIForeground>01</UIForeground> zu <UIForeground>F201F6</UIForeground><UIGlow>F201F7</UIGlow>Fuko<UIGlow>01</UIGlow><UIForeground>01</UIForeground>."
520,"Erhöht den Attacke-Wert folgender Kommandos:
Attacke-Wert von <UIForeground>F201F6</UIForeground><UIGlow>F201F7</UIGlow>Hakaze<UIGlow>01</UIGlow><UIForeground>01</UIForeground>: 200
Attacke-Wert von <UIForeground>F201F6</UIForeground><UIGlow>F201F7</UIGlow>Jinpu<UIGlow>01</UIGlow><UIForeground>01</UIForeground>: 120
Attacke-Wert von <UIForeground>F201F6</UIForeground><UIGlow>F201F7</UIGlow>Shifu<UIGlow>01</UIGlow><UIForeground>01</UIForeground>: 120"
521,"Erhöht den Attacke-Wert folgender Kommandos:
Attacke-Wert von <UIForeground>F201F6</UIForeground><UIGlow>F201F7</UIGlow>Gekko<UIGlow>01</UIGlow><UIForeground>01</UIForeground>: 110
Attacke-Wert von <UIForeground>F201F6</UIForeground><UIGlow>F201F7</UIGlow>Kasha<UIGlow>01</UIGlow><UIForeground>01</UIForeground>: 110
Attacke-Wert von <UIForeground>F201F6</UIForeground><UIGlow>F201F7</UIGlow>Yukikaze<UIGlow>01</UIGlow><UIForeground>01</UIForeground>: 110"
522,"Erhöht den Attacke-Wert folgender Kommandos:
Attacke-Wert von <UIForeground>F201F6</UIForeground><UIGlow>F201F7</UIGlow>Wirbelklinge<UIGlow>01</UIGlow><UIForeground>01</UIForeground>: 220
Attacke-Wert von <UIForeground>F201F6</UIForeground><UIGlow>F201F7</UIGlow>Windschlitzer<UIGlow>01</UIGlow><UIForeground>01</UIForeground>: 160
Attacke-Wert von <UIForeground>F201F6</UIForeground><UIGlow>F201F7</UIGlow>Wurfmesser<UIGlow>01</UIGlow><UIForeground>01</UIForeground>: 200"
523,"Erhöht den Attacke-Wert folgender Kommandos:
Attacke-Wert von <UIForeground>F201F6</UIForeground><UIGlow>F201F7</UIGlow>Schlitzer<UIGlow>01</UIGlow><UIForeground>01</UIForeground>: 320
Attacke-Wert von <UIForeground>F201F6</UIForeground><UIGlow>F201F7</UIGlow>Neulicht-Schlitzer<UIGlow>01</UIGlow><UIForeground>01</UIForeground>: 160
Attacke-Wert von <UIForeground>F201F6</UIForeground><UIGlow>F201F7</UIGlow>Infernalischer Schlitzer<UIGlow>01</UIGlow><UIForeground>01</UIForeground>: 180"
524,"Nach erfolgreicher Ausführung von <UIForeground>F201F6</UIForeground><UIGlow>F201F7</UIGlow>Flankenbiss<UIGlow>01</UIGlow><UIForeground>01</UIForeground>, <UIForeground>F201F6</UIForeground><UIGlow>F201F7</UIGlow>Flankenreißer<UIGlow>01</UIGlow><UIForeground>01</UIForeground>, <UIForeground>F201F6</UIForeground><UIGlow>F201F7</UIGlow>Nackenbiss<UIGlow>01</UIGlow><UIForeground>01</UIForeground> oder <UIForeground>F201F6</UIForeground><UIGlow>F201F7</UIGlow>Nackenreißer<UIGlow>01</UIGlow><UIForeground>01</UIForeground> kannst du <UIForeground>F201F6</UIForeground><UIGlow>F201F7</UIGlow>Todesrasseln<UIGlow>01</UIGlow><UIForeground>01</UIForeground> ausführen."
525,"Nach erfolgreicher Ausführung von <UIForeground>F201F6</UIForeground><UIGlow>F201F7</UIGlow>Hungernde Kiefer<UIGlow>01</UIGlow><UIForeground>01</UIForeground> oder <UIForeground>F201F6</UIForeground><UIGlow>F201F7</UIGlow>Schlingende Kiefer<UIGlow>01</UIGlow><UIForeground>01</UIForeground> kannst du <UIForeground>F201F6</UIForeground><UIGlow>F201F7</UIGlow>Scharfe Peitsche<UIGlow>01</UIGlow><UIForeground>01</UIForeground> ausführen."
526,"Nach erfolgreicher Ausführung von <UIForeground>F201F6</UIForeground><UIGlow>F201F7</UIGlow>Blutiger Otterngriff<UIGlow>01</UIGlow><UIForeground>01</UIForeground> oder <UIForeground>F201F6</UIForeground><UIGlow>F201F7</UIGlow>Flinker Otterngriff<UIGlow>01</UIGlow><UIForeground>01</UIForeground> kannst du <UIForeground>F201F6</UIForeground><UIGlow>F201F7</UIGlow>Biss der Zwillingsfänge<UIGlow>01</UIGlow><UIForeground>01</UIForeground> und <UIForeground>F201F6</UIForeground><UIGlow>F201F7</UIGlow>Biss der Zwillingsschuppen<UIGlow>01</UIGlow><UIForeground>01</UIForeground> ausführen."
527,"Nach erfolgreicher Ausführung von <UIForeground>F201F6</UIForeground><UIGlow>F201F7</UIGlow>Blutige Otterngrube<UIGlow>01</UIGlow><UIForeground>01</UIForeground> oder <UIForeground>F201F6</UIForeground><UIGlow>F201F7</UIGlow>Flinke Otterngrube<UIGlow>01</UIGlow><UIForeground>01</UIForeground> kannst du <UIForeground>F201F6</UIForeground><UIGlow>F201F7</UIGlow>Nest der Zwillingsfänge<UIGlow>01</UIGlow><UIForeground>01</UIForeground> und <UIForeground>F201F6</UIForeground><UIGlow>F201F7</UIGlow>Nest der Zwillingsschuppen<UIGlow>01</UIGlow><UIForeground>01</UIForeground> ausführen."
528,"Bei erfolgreicher Ausführung von <UIForeground>F201F6</UIForeground><UIGlow>F201F7</UIGlow>Harter Otterngriff<UIGlow>01</UIGlow><UIForeground>01</UIForeground> oder <UIForeground>F201F6</UIForeground><UIGlow>F201F7</UIGlow>Harte Otterngrube<UIGlow>01</UIGlow><UIForeground>01</UIForeground> wird dir eine <UIForeground>F201FA</UIForeground><UIGlow>F201FB</UIGlow>Schlangenseele<UIGlow>01</UIGlow><UIForeground>01</UIForeground> gewährt."
529,"<UIForeground>F201F6</UIForeground><UIGlow>F201F7</UIGlow>Schuppensprung<UIGlow>01</UIGlow><UIForeground>01</UIForeground> kann bis zu dreimal aufgeladen werden."
530,"Die Ma<SoftHyphen/>xi<SoftHyphen/>mal<SoftHyphen/>sta<SoftHyphen/>pel<SoftHyphen/>zahl von <UIForeground>F201FA</UIForeground><UIGlow>F201FB</UIGlow>Schlangenseele<UIGlow>01</UIGlow><UIForeground>01</UIForeground> wird auf 3 erhöht."
531,"Bei bestimmten erfolgreich ausgeführten Kommandos füllt sich der Geistbalken. <UIForeground>F201F6</UIForeground><UIGlow>F201F7</UIGlow>Geist der Viper<UIGlow>01</UIGlow><UIForeground>01</UIForeground> gewährt außerdem <UIForeground>F201FA</UIForeground><UIGlow>F201FB</UIGlow>Geist der Ahnen<UIGlow>01</UIGlow><UIForeground>01</UIForeground>.
Dauer: 30 Sekunden"
532,"Nach erfolgreicher <UIForeground>F201F6</UIForeground><UIGlow>F201F7</UIGlow>Schlangenschwinge<UIGlow>01</UIGlow><UIForeground>01</UIForeground> kannst du <UIForeground>F201F6</UIForeground><UIGlow>F201F7</UIGlow>Flug der Zwillingsfänge<UIGlow>01</UIGlow><UIForeground>01</UIForeground> und <UIForeground>F201F6</UIForeground><UIGlow>F201F7</UIGlow>Flug der Zwillingsschuppen<UIGlow>01</UIGlow><UIForeground>01</UIForeground> ausführen."
533,"Die Ma<SoftHyphen/>xi<SoftHyphen/>mal<SoftHyphen/>sta<SoftHyphen/>pel<SoftHyphen/>zahl von <UIForeground>F201FA</UIForeground><UIGlow>F201FB</UIGlow>Wissen der Ahnen<UIGlow>01</UIGlow><UIForeground>01</UIForeground> wird auf 5 erhöht. Außerdem kannst du während <UIForeground>F201FA</UIForeground><UIGlow>F201FB</UIGlow>Ruf der Ahnen<UIGlow>01</UIGlow><UIForeground>01</UIForeground> <UIForeground>F201F6</UIForeground><UIGlow>F201F7</UIGlow>Ouroboros<UIGlow>01</UIGlow><UIForeground>01</UIForeground> ausführen."
534,"Nach erfolgreicher Ausführung von <UIForeground>F201F6</UIForeground><UIGlow>F201F7</UIGlow>Erstes Blut<UIGlow>01</UIGlow><UIForeground>01</UIForeground>, <UIForeground>F201F6</UIForeground><UIGlow>F201F7</UIGlow>Zweites Blut<UIGlow>01</UIGlow><UIForeground>01</UIForeground>, <UIForeground>F201F6</UIForeground><UIGlow>F201F7</UIGlow>Drittes Blut<UIGlow>01</UIGlow><UIForeground>01</UIForeground> und <UIForeground>F201F6</UIForeground><UIGlow>F201F7</UIGlow>Viertes Blut<UIGlow>01</UIGlow><UIForeground>01</UIForeground> kannst du entsprechend <UIForeground>F201F6</UIForeground><UIGlow>F201F7</UIGlow>Erstes Erbe<UIGlow>01</UIGlow><UIForeground>01</UIForeground>, <UIForeground>F201F6</UIForeground><UIGlow>F201F7</UIGlow>Zweites Erbe<UIGlow>01</UIGlow><UIForeground>01</UIForeground>, <UIForeground>F201F6</UIForeground><UIGlow>F201F7</UIGlow>Drittes Erbe<UIGlow>01</UIGlow><UIForeground>01</UIForeground> und <UIForeground>F201F6</UIForeground><UIGlow>F201F7</UIGlow>Viertes Erbe<UIGlow>01</UIGlow><UIForeground>01</UIForeground> ausführen."
535,""
536,""
537,"Bei erfolgreich ausgeführtem <UIForeground>F201F6</UIForeground><UIGlow>F201F7</UIGlow>Aqua in Blau<UIGlow>01</UIGlow><UIForeground>01</UIForeground> und <UIForeground>F201F6</UIForeground><UIGlow>F201F7</UIGlow>Aquara in Blau<UIGlow>01</UIGlow><UIForeground>01</UIForeground> füllt sich der Palettenbalken."
538,"Bei erfolgreicher Ausführung von <UIForeground>F201F6</UIForeground><UIGlow>F201F7</UIGlow>Aqua in Blau<UIGlow>01</UIGlow><UIForeground>01</UIForeground>, <UIForeground>F201F6</UIForeground><UIGlow>F201F7</UIGlow>Aquara in Blau<UIGlow>01</UIGlow><UIForeground>01</UIForeground>, <UIForeground>F201F6</UIForeground><UIGlow>F201F7</UIGlow>Blitz in Magenta<UIGlow>01</UIGlow><UIForeground>01</UIForeground> und <UIForeground>F201F6</UIForeground><UIGlow>F201F7</UIGlow>Blitzra in Magenta<UIGlow>01</UIGlow><UIForeground>01</UIForeground> wird dir <UIForeground>F201FA</UIForeground><UIGlow>F201FB</UIGlow>Weiße Pikto-Farbe<UIGlow>01</UIGlow><UIForeground>01</UIForeground> gewährt."
539,"Bei erfolgreicher Ausführung von <UIForeground>F201F6</UIForeground><UIGlow>F201F7</UIGlow>Schmierschritt<UIGlow>01</UIGlow><UIForeground>01</UIForeground> erhöht sich deine Be<SoftHyphen/>we<SoftHyphen/>gungs<SoftHyphen/>ge<SoftHyphen/>schwin<SoftHyphen/>dig<SoftHyphen/>keit.
Dauer: 5 Sekunden"
540,"Bei erfolgreicher Ausführung wird <UIForeground>F201F6</UIForeground><UIGlow>F201F7</UIGlow>Hammerstempel<UIGlow>01</UIGlow><UIForeground>01</UIForeground> zu <UIForeground>F201F6</UIForeground><UIGlow>F201F7</UIGlow>Hammerpinsel<UIGlow>01</UIGlow><UIForeground>01</UIForeground>, und <UIForeground>F201F6</UIForeground><UIGlow>F201F7</UIGlow>Hammerpinsel<UIGlow>01</UIGlow><UIForeground>01</UIForeground> wiederum zu <UIForeground>F201F6</UIForeground><UIGlow>F201F7</UIGlow>Hammerglanz<UIGlow>01</UIGlow><UIForeground>01</UIForeground>. Außerdem kann <UIForeground>F201F6</UIForeground><UIGlow>F201F7</UIGlow>Rabiate Muse<UIGlow>01</UIGlow><UIForeground>01</UIForeground> aufgeladen werden.
Maximale Aufladungen: 2"
541,"Während <UIForeground>F201FA</UIForeground><UIGlow>F201FB</UIGlow>Tempera-Schicht<UIGlow>01</UIGlow><UIForeground>01</UIForeground> aktiv ist, kannst du <UIForeground>F201F6</UIForeground><UIGlow>F201F7</UIGlow>Fette Tempera<UIGlow>01</UIGlow><UIForeground>01</UIForeground> ausführen."
542,"Bei erfolgreicher Ausführung von <UIForeground>F201FA</UIForeground><UIGlow>F201FB</UIGlow>Subtraktive Palette<UIGlow>01</UIGlow><UIForeground>01</UIForeground> wird dir <UIForeground>F201FA</UIForeground><UIGlow>F201FB</UIGlow>Invertierung<UIGlow>01</UIGlow><UIForeground>01</UIForeground> gewährt. <UIForeground>F201FA</UIForeground><UIGlow>F201FB</UIGlow>Invertierung<UIGlow>01</UIGlow><UIForeground>01</UIForeground> wandelt einen Stapel <UIForeground>F201FA</UIForeground><UIGlow>F201FB</UIGlow>Weiße Pikto-Farbe<UIGlow>01</UIGlow><UIForeground>01</UIForeground> in <UIForeground>F201FA</UIForeground><UIGlow>F201FB</UIGlow>Schwarze Pikto-Farbe<UIGlow>01</UIGlow><UIForeground>01</UIForeground> um."
543,"Brauchst du alle Stapel von <UIForeground>F201FA</UIForeground><UIGlow>F201FB</UIGlow>Inszenierung<UIGlow>01</UIGlow><UIForeground>01</UIForeground> mit deinen Pikto-Farben auf, wird dir <UIForeground>F201FA</UIForeground><UIGlow>F201FB</UIGlow>Oszillierender Pinsel<UIGlow>01</UIGlow><UIForeground>01</UIForeground> gewährt.
Dauer: 30 Sekunden"
544,"Bei erfolgreicher Ausführung von <UIForeground>F201F6</UIForeground><UIGlow>F201F7</UIGlow>Sternenmuse<UIGlow>01</UIGlow><UIForeground>01</UIForeground> wird dir <UIForeground>F201FA</UIForeground><UIGlow>F201FB</UIGlow>Sternenfunkeln<UIGlow>01</UIGlow><UIForeground>01</UIForeground> gewährt.
Dauer: 20 Sekunden"
545,"<UIForeground>F201F6</UIForeground><UIGlow>F201F7</UIGlow>Lebende Muse<UIGlow>01</UIGlow><UIForeground>01</UIForeground> kann bis zu dreimal aufgeladen werden. Außerdem können die <UIForeground>F201FA</UIForeground><UIGlow>F201FB</UIGlow>Pikto-Klaue<UIGlow>01</UIGlow><UIForeground>01</UIForeground> und <UIForeground>F201FA</UIForeground><UIGlow>F201FB</UIGlow>Pikto-Hauer<UIGlow>01</UIGlow><UIForeground>01</UIForeground> auf die Kreaturen-Leinwand gemalt werden."
546,"Bei erfolgreicher Ausführung von <UIForeground>F201F6</UIForeground><UIGlow>F201F7</UIGlow>Sternenmuse<UIGlow>01</UIGlow><UIForeground>01</UIForeground> werden dir fünf Stapel <UIForeground>F201FA</UIForeground><UIGlow>F201FB</UIGlow>Inszenierung<UIGlow>01</UIGlow><UIForeground>01</UIForeground> gewährt.
Dauer: 30 Sekunden"
547,""
548,"Die Synthese-Effizienz von <UIForeground>F201F6</UIForeground><UIGlow>F201F7</UIGlow>Akribische Bearbeitung<UIGlow>01</UIGlow><UIForeground>01</UIForeground> erhöht sich auf 150."
549,"Die Synthese-Effizienz von <UIForeground>F201F6</UIForeground><UIGlow>F201F7</UIGlow>Akribische Bearbeitung<UIGlow>01</UIGlow><UIForeground>01</UIForeground> erhöht sich auf 150."
550,"Die Synthese-Effizienz von <UIForeground>F201F6</UIForeground><UIGlow>F201F7</UIGlow>Akribische Bearbeitung<UIGlow>01</UIGlow><UIForeground>01</UIForeground> erhöht sich auf 150."
551,"Die Synthese-Effizienz von <UIForeground>F201F6</UIForeground><UIGlow>F201F7</UIGlow>Akribische Bearbeitung<UIGlow>01</UIGlow><UIForeground>01</UIForeground> erhöht sich auf 150."
552,"Die Synthese-Effizienz von <UIForeground>F201F6</UIForeground><UIGlow>F201F7</UIGlow>Akribische Bearbeitung<UIGlow>01</UIGlow><UIForeground>01</UIForeground> erhöht sich auf 150."
553,"Die Synthese-Effizienz von <UIForeground>F201F6</UIForeground><UIGlow>F201F7</UIGlow>Akribische Bearbeitung<UIGlow>01</UIGlow><UIForeground>01</UIForeground> erhöht sich auf 150."
554,"Die Synthese-Effizienz von <UIForeground>F201F6</UIForeground><UIGlow>F201F7</UIGlow>Akribische Bearbeitung<UIGlow>01</UIGlow><UIForeground>01</UIForeground> erhöht sich auf 150."
555,"Die Synthese-Effizienz von <UIForeground>F201F6</UIForeground><UIGlow>F201F7</UIGlow>Akribische Bearbeitung<UIGlow>01</UIGlow><UIForeground>01</UIForeground> erhöht sich auf 150."
556,"Gewährt dir <UIForeground>F201FA</UIForeground><UIGlow>F201FB</UIGlow>Kühne Hand<UIGlow>01</UIGlow><UIForeground>01</UIForeground>.
Dauer: 1 Arbeitsschritt
Effekt von <UIForeground>F201FA</UIForeground><UIGlow>F201FB</UIGlow>Kühne Hand<UIGlow>01</UIGlow><UIForeground>01</UIForeground>: <UIForeground>F201F6</UIForeground><UIGlow>F201F7</UIGlow>Hastige Veredelung<UIGlow>01</UIGlow><UIForeground>01</UIForeground> ändert sich zu <UIForeground>F201F6</UIForeground><UIGlow>F201F7</UIGlow>Kühne Veredelung<UIGlow>01</UIGlow><UIForeground>01</UIForeground>.
Kombo-Bedingung: <UIForeground>F201F6</UIForeground><UIGlow>F201F7</UIGlow>Hastige Veredelung<UIGlow>01</UIGlow><UIForeground>01</UIForeground>"
557,"Gewährt dir <UIForeground>F201FA</UIForeground><UIGlow>F201FB</UIGlow>Kühne Hand<UIGlow>01</UIGlow><UIForeground>01</UIForeground>.
Dauer: 1 Arbeitsschritt
Effekt von <UIForeground>F201FA</UIForeground><UIGlow>F201FB</UIGlow>Kühne Hand<UIGlow>01</UIGlow><UIForeground>01</UIForeground>: <UIForeground>F201F6</UIForeground><UIGlow>F201F7</UIGlow>Hastige Veredelung<UIGlow>01</UIGlow><UIForeground>01</UIForeground> ändert sich zu <UIForeground>F201F6</UIForeground><UIGlow>F201F7</UIGlow>Kühne Veredelung<UIGlow>01</UIGlow><UIForeground>01</UIForeground>.
Kombo-Bedingung: <UIForeground>F201F6</UIForeground><UIGlow>F201F7</UIGlow>Hastige Veredelung<UIGlow>01</UIGlow><UIForeground>01</UIForeground>"
558,"Gewährt dir <UIForeground>F201FA</UIForeground><UIGlow>F201FB</UIGlow>Kühne Hand<UIGlow>01</UIGlow><UIForeground>01</UIForeground>.
Dauer: 1 Arbeitsschritt
Effekt von <UIForeground>F201FA</UIForeground><UIGlow>F201FB</UIGlow>Kühne Hand<UIGlow>01</UIGlow><UIForeground>01</UIForeground>: <UIForeground>F201F6</UIForeground><UIGlow>F201F7</UIGlow>Hastige Veredelung<UIGlow>01</UIGlow><UIForeground>01</UIForeground> ändert sich zu <UIForeground>F201F6</UIForeground><UIGlow>F201F7</UIGlow>Kühne Veredelung<UIGlow>01</UIGlow><UIForeground>01</UIForeground>.
Kombo-Bedingung: <UIForeground>F201F6</UIForeground><UIGlow>F201F7</UIGlow>Hastige Veredelung<UIGlow>01</UIGlow><UIForeground>01</UIForeground>"
559,"Gewährt dir <UIForeground>F201FA</UIForeground><UIGlow>F201FB</UIGlow>Kühne Hand<UIGlow>01</UIGlow><UIForeground>01</UIForeground>.
Dauer: 1 Arbeitsschritt
Effekt von <UIForeground>F201FA</UIForeground><UIGlow>F201FB</UIGlow>Kühne Hand<UIGlow>01</UIGlow><UIForeground>01</UIForeground>: <UIForeground>F201F6</UIForeground><UIGlow>F201F7</UIGlow>Hastige Veredelung<UIGlow>01</UIGlow><UIForeground>01</UIForeground> ändert sich zu <UIForeground>F201F6</UIForeground><UIGlow>F201F7</UIGlow>Kühne Veredelung<UIGlow>01</UIGlow><UIForeground>01</UIForeground>.
Kombo-Bedingung: <UIForeground>F201F6</UIForeground><UIGlow>F201F7</UIGlow>Hastige Veredelung<UIGlow>01</UIGlow><UIForeground>01</UIForeground>"
560,"Gewährt dir <UIForeground>F201FA</UIForeground><UIGlow>F201FB</UIGlow>Kühne Hand<UIGlow>01</UIGlow><UIForeground>01</UIForeground>.
Dauer: 1 Arbeitsschritt
Effekt von <UIForeground>F201FA</UIForeground><UIGlow>F201FB</UIGlow>Kühne Hand<UIGlow>01</UIGlow><UIForeground>01</UIForeground>: <UIForeground>F201F6</UIForeground><UIGlow>F201F7</UIGlow>Hastige Veredelung<UIGlow>01</UIGlow><UIForeground>01</UIForeground> ändert sich zu <UIForeground>F201F6</UIForeground><UIGlow>F201F7</UIGlow>Kühne Veredelung<UIGlow>01</UIGlow><UIForeground>01</UIForeground>.
Kombo-Bedingung: <UIForeground>F201F6</UIForeground><UIGlow>F201F7</UIGlow>Hastige Veredelung<UIGlow>01</UIGlow><UIForeground>01</UIForeground>"
561,"Gewährt dir <UIForeground>F201FA</UIForeground><UIGlow>F201FB</UIGlow>Kühne Hand<UIGlow>01</UIGlow><UIForeground>01</UIForeground>.
Dauer: 1 Arbeitsschritt
Effekt von <UIForeground>F201FA</UIForeground><UIGlow>F201FB</UIGlow>Kühne Hand<UIGlow>01</UIGlow><UIForeground>01</UIForeground>: <UIForeground>F201F6</UIForeground><UIGlow>F201F7</UIGlow>Hastige Veredelung<UIGlow>01</UIGlow><UIForeground>01</UIForeground> ändert sich zu <UIForeground>F201F6</UIForeground><UIGlow>F201F7</UIGlow>Kühne Veredelung<UIGlow>01</UIGlow><UIForeground>01</UIForeground>.
Kombo-Bedingung: <UIForeground>F201F6</UIForeground><UIGlow>F201F7</UIGlow>Hastige Veredelung<UIGlow>01</UIGlow><UIForeground>01</UIForeground>"
562,"Gewährt dir <UIForeground>F201FA</UIForeground><UIGlow>F201FB</UIGlow>Kühne Hand<UIGlow>01</UIGlow><UIForeground>01</UIForeground>.
Dauer: 1 Arbeitsschritt
Effekt von <UIForeground>F201FA</UIForeground><UIGlow>F201FB</UIGlow>Kühne Hand<UIGlow>01</UIGlow><UIForeground>01</UIForeground>: <UIForeground>F201F6</UIForeground><UIGlow>F201F7</UIGlow>Hastige Veredelung<UIGlow>01</UIGlow><UIForeground>01</UIForeground> ändert sich zu <UIForeground>F201F6</UIForeground><UIGlow>F201F7</UIGlow>Kühne Veredelung<UIGlow>01</UIGlow><UIForeground>01</UIForeground>.
Kombo-Bedingung: <UIForeground>F201F6</UIForeground><UIGlow>F201F7</UIGlow>Hastige Veredelung<UIGlow>01</UIGlow><UIForeground>01</UIForeground>"
563,"Gewährt dir <UIForeground>F201FA</UIForeground><UIGlow>F201FB</UIGlow>Kühne Hand<UIGlow>01</UIGlow><UIForeground>01</UIForeground>.
Dauer: 1 Arbeitsschritt
Effekt von <UIForeground>F201FA</UIForeground><UIGlow>F201FB</UIGlow>Kühne Hand<UIGlow>01</UIGlow><UIForeground>01</UIForeground>: <UIForeground>F201F6</UIForeground><UIGlow>F201F7</UIGlow>Hastige Veredelung<UIGlow>01</UIGlow><UIForeground>01</UIForeground> ändert sich zu <UIForeground>F201F6</UIForeground><UIGlow>F201F7</UIGlow>Kühne Veredelung<UIGlow>01</UIGlow><UIForeground>01</UIForeground>.
Kombo-Bedingung: <UIForeground>F201F6</UIForeground><UIGlow>F201F7</UIGlow>Hastige Veredelung<UIGlow>01</UIGlow><UIForeground>01</UIForeground>"
564,"Verbessert <UIForeground>F201F6</UIForeground><UIGlow>F201F7</UIGlow>Sentinel<UIGlow>01</UIGlow><UIForeground>01</UIForeground> zu <UIForeground>F201F6</UIForeground><UIGlow>F201F7</UIGlow>Heilige Wacht<UIGlow>01</UIGlow><UIForeground>01</UIForeground>."
565,"Verbessert <UIForeground>F201F6</UIForeground><UIGlow>F201F7</UIGlow>Requiescat<UIGlow>01</UIGlow><UIForeground>01</UIForeground> zu <UIForeground>F201F6</UIForeground><UIGlow>F201F7</UIGlow>Imperator<UIGlow>01</UIGlow><UIForeground>01</UIForeground>."
566,"Erfolgreiche Ausführung von <UIForeground>F201F6</UIForeground><UIGlow>F201F7</UIGlow>Klinge der Tapferkeit<UIGlow>01</UIGlow><UIForeground>01</UIForeground> gewährt dir <UIForeground>F201FA</UIForeground><UIGlow>F201FB</UIGlow>Ehrenhaftigkeit<UIGlow>01</UIGlow><UIForeground>01</UIForeground>.
Dauer: 30 Sekunden
Während <UIForeground>F201FA</UIForeground><UIGlow>F201FB</UIGlow>Ehrenhaftigkeit<UIGlow>01</UIGlow><UIForeground>01</UIForeground> aktiv ist, ändert sich <UIForeground>F201F6</UIForeground><UIGlow>F201F7</UIGlow>Imperator<UIGlow>01</UIGlow><UIForeground>01</UIForeground> zu <UIForeground>F201F6</UIForeground><UIGlow>F201F7</UIGlow>Klinge der Ehre<UIGlow>01</UIGlow><UIForeground>01</UIForeground>."
567,"Verbessert <UIForeground>F201F6</UIForeground><UIGlow>F201F7</UIGlow>Rachsucht<UIGlow>01</UIGlow><UIForeground>01</UIForeground> zu <UIForeground>F201F6</UIForeground><UIGlow>F201F7</UIGlow>Verdammnis<UIGlow>01</UIGlow><UIForeground>01</UIForeground>."
568,"Erfolgreiche Ausführung von <UIForeground>F201F6</UIForeground><UIGlow>F201F7</UIGlow>Niedermähen<UIGlow>01</UIGlow><UIForeground>01</UIForeground> und  <UIForeground>F201F6</UIForeground><UIGlow>F201F7</UIGlow>Dezimieren<UIGlow>01</UIGlow><UIForeground>01</UIForeground>, während <UIForeground>F201FA</UIForeground><UIGlow>F201FB</UIGlow>Urbefreiung<UIGlow>01</UIGlow><UIForeground>01</UIForeground> aktiv ist, gewährt dir <UIForeground>F201FA</UIForeground><UIGlow>F201FB</UIGlow>Inneres Zittern<UIGlow>01</UIGlow><UIForeground>01</UIForeground>.
Maximale Stapelanzahl: 3
Dauer: 30 Sekunden
Bei maximaler Stapelanzahl ändert sich <UIForeground>F201FA</UIForeground><UIGlow>F201FB</UIGlow>Inneres Zittern<UIGlow>01</UIGlow><UIForeground>01</UIForeground> zu <UIForeground>F201FA</UIForeground><UIGlow>F201FB</UIGlow>Inneres Beben<UIGlow>01</UIGlow><UIForeground>01</UIForeground> und <UIForeground>F201F6</UIForeground><UIGlow>F201F7</UIGlow>Urbefreiung<UIGlow>01</UIGlow><UIForeground>01</UIForeground> zu <UIForeground>F201F6</UIForeground><UIGlow>F201F7</UIGlow>Urbeben<UIGlow>01</UIGlow><UIForeground>01</UIForeground>."
569,"Erfolgreiche Ausführung von <UIForeground>F201F6</UIForeground><UIGlow>F201F7</UIGlow>Brachiale Gewalt<UIGlow>01</UIGlow><UIForeground>01</UIForeground> gewährt dir <UIForeground>F201FA</UIForeground><UIGlow>F201FB</UIGlow>Ruinator<UIGlow>01</UIGlow><UIForeground>01</UIForeground>.
Dauer: 20 Sekunden"
570,"Verbessert <UIForeground>F201F6</UIForeground><UIGlow>F201F7</UIGlow>Blutwaffe<UIGlow>01</UIGlow><UIForeground>01</UIForeground> zu <UIForeground>F201F6</UIForeground><UIGlow>F201F7</UIGlow>Blutdelirium<UIGlow>01</UIGlow><UIForeground>01</UIForeground>."
571,"Verbessert <UIForeground>F201F6</UIForeground><UIGlow>F201F7</UIGlow>Schattenwand<UIGlow>01</UIGlow><UIForeground>01</UIForeground> zu <UIForeground>F201F6</UIForeground><UIGlow>F201F7</UIGlow>Schattenwacht<UIGlow>01</UIGlow><UIForeground>01</UIForeground>."
572,"Verbessert <UIForeground>F201F6</UIForeground><UIGlow>F201F7</UIGlow>Blutvergießen<UIGlow>01</UIGlow><UIForeground>01</UIForeground> zu <UIForeground>F201F6</UIForeground><UIGlow>F201F7</UIGlow>Rotes Delirium<UIGlow>01</UIGlow><UIForeground>01</UIForeground> und <UIForeground>F201F6</UIForeground><UIGlow>F201F7</UIGlow>Quietus<UIGlow>01</UIGlow><UIForeground>01</UIForeground> zu <UIForeground>F201F6</UIForeground><UIGlow>F201F7</UIGlow>Blutige Pfählung<UIGlow>01</UIGlow><UIForeground>01</UIForeground>, während <UIForeground>F201FA</UIForeground><UIGlow>F201FB</UIGlow>Blutdelirium<UIGlow>01</UIGlow><UIForeground>01</UIForeground> aktiv ist."
573,"Die Ausführung von <UIForeground>F201F6</UIForeground><UIGlow>F201F7</UIGlow>Schattenschemen<UIGlow>01</UIGlow><UIForeground>01</UIForeground> gewährt dir nun <UIForeground>F201FA</UIForeground><UIGlow>F201FB</UIGlow>Lied des Antihelden<UIGlow>01</UIGlow><UIForeground>01</UIForeground>.
Dauer: 30 Sekunden
Bedingung: Heldenschemen gerufen
Außerdem ändert sich das Heldenschemen-Kommando <UIForeground>F201F6</UIForeground><UIGlow>F201F7</UIGlow>Zweischnitt<UIGlow>01</UIGlow><UIForeground>01</UIForeground> zu <UIForeground>F201F6</UIForeground><UIGlow>F201F7</UIGlow>Antiheld<UIGlow>01</UIGlow><UIForeground>01</UIForeground>.
Das Kommando <UIForeground>F201F6</UIForeground><UIGlow>F201F7</UIGlow>Antiheld<UIGlow>01</UIGlow><UIForeground>01</UIForeground> des Heldenschemens führt eine elementneutrale physische Attacke auf alle Gegner in gerader Linie vor sich aus.
Attacke-Wert: 620
Attacke-Wert verringert sich ab dem zweiten Gegner um 25<Indent/>%."
574,"Verbessert <UIForeground>F201F6</UIForeground><UIGlow>F201F7</UIGlow>Nebula<UIGlow>01</UIGlow><UIForeground>01</UIForeground> zu <UIForeground>F201F6</UIForeground><UIGlow>F201F7</UIGlow>Große Nebula<UIGlow>01</UIGlow><UIForeground>01</UIForeground>."
575,"Die Ausführung von <UIForeground>F201F6</UIForeground><UIGlow>F201F7</UIGlow>Schicksalszirkel<UIGlow>01</UIGlow><UIForeground>01</UIForeground> gewährt dir nun <UIForeground>F201FA</UIForeground><UIGlow>F201FB</UIGlow>Fäden des Schicksals<UIGlow>01</UIGlow><UIForeground>01</UIForeground>, wodurch sich <UIForeground>F201F6</UIForeground><UIGlow>F201F7</UIGlow>Triggerfolge<UIGlow>01</UIGlow><UIForeground>01</UIForeground> zu <UIForeground>F201F6</UIForeground><UIGlow>F201F7</UIGlow>Schicksalszeichen<UIGlow>01</UIGlow><UIForeground>01</UIForeground> ändert.
Dauer: 10 Sekunden"
576,"Die Ausführung von <UIForeground>F201F6</UIForeground><UIGlow>F201F7</UIGlow>Blutpatronen<UIGlow>01</UIGlow><UIForeground>01</UIForeground> gewährt dir nun <UIForeground>F201FA</UIForeground><UIGlow>F201FB</UIGlow>Löwenherz<UIGlow>01</UIGlow><UIForeground>01</UIForeground>.
Dauer: 30 Sekunden"
577,"Verbessert <UIForeground>F201F6</UIForeground><UIGlow>F201F7</UIGlow>Schlag auf Schlag<UIGlow>01</UIGlow><UIForeground>01</UIForeground> zu <UIForeground>F201F6</UIForeground><UIGlow>F201F7</UIGlow>Affenprankenhieb<UIGlow>01</UIGlow><UIForeground>01</UIForeground>, <UIForeground>F201F6</UIForeground><UIGlow>F201F7</UIGlow>Wahrer Schlag<UIGlow>01</UIGlow><UIForeground>01</UIForeground> zu <UIForeground>F201F6</UIForeground><UIGlow>F201F7</UIGlow>Drachenkieferschlag<UIGlow>01</UIGlow><UIForeground>01</UIForeground>, <UIForeground>F201F6</UIForeground><UIGlow>F201F7</UIGlow>Peitschenhieb<UIGlow>01</UIGlow><UIForeground>01</UIForeground> zu <UIForeground>F201F6</UIForeground><UIGlow>F201F7</UIGlow>Tigerpeitschenhieb<UIGlow>01</UIGlow><UIForeground>01</UIForeground> und <UIForeground>F201F6</UIForeground><UIGlow>F201F7</UIGlow>Elixier-Feld<UIGlow>01</UIGlow><UIForeground>01</UIForeground> zu <UIForeground>F201F6</UIForeground><UIGlow>F201F7</UIGlow>Vakuumwelle<UIGlow>01</UIGlow><UIForeground>01</UIForeground>."
578,"Erfolgreiche Ausführung von <UIForeground>F201F6</UIForeground><UIGlow>F201F7</UIGlow>Stürmendes Enigma<UIGlow>01</UIGlow><UIForeground>01</UIForeground> gewährt dir <UIForeground>F201FA</UIForeground><UIGlow>F201FB</UIGlow>Himmelbrecher<UIGlow>01</UIGlow><UIForeground>01</UIForeground>.
Dauer: 15 Sekunden"
579,"Erfolgreiche Ausführung von <UIForeground>F201F6</UIForeground><UIGlow>F201F7</UIGlow>Flammendes Enigma<UIGlow>01</UIGlow><UIForeground>01</UIForeground> gewährt dir <UIForeground>F201FA</UIForeground><UIGlow>F201FB</UIGlow>Himmel und Erde<UIGlow>01</UIGlow><UIForeground>01</UIForeground>.
Dauer: 20 Sekunden"
580,"Erlaubt es dir, <UIForeground>F201F6</UIForeground><UIGlow>F201F7</UIGlow>Gleitflügel<UIGlow>01</UIGlow><UIForeground>01</UIForeground> aufzuladen.
Maximale Aufladungen: 2"
581,"Erfolgreiche Ausführung von <UIForeground>F201F6</UIForeground><UIGlow>F201F7</UIGlow>Wyrmodem<UIGlow>01</UIGlow><UIForeground>01</UIForeground> gewährt dir <UIForeground>F201FA</UIForeground><UIGlow>F201FB</UIGlow>Aufstiegsbereit<UIGlow>01</UIGlow><UIForeground>01</UIForeground>.
Dauer: 30 Sekunden"
582,"Verbessert <UIForeground>F201F6</UIForeground><UIGlow>F201F7</UIGlow>Vorpalstoß<UIGlow>01</UIGlow><UIForeground>01</UIForeground> zu <UIForeground>F201F6</UIForeground><UIGlow>F201F7</UIGlow>Sperrstoß<UIGlow>01</UIGlow><UIForeground>01</UIForeground> und <UIForeground>F201F6</UIForeground><UIGlow>F201F7</UIGlow>Drachengriff<UIGlow>01</UIGlow><UIForeground>01</UIForeground> zu <UIForeground>F201F6</UIForeground><UIGlow>F201F7</UIGlow>Spiralhieb<UIGlow>01</UIGlow><UIForeground>01</UIForeground>."
583,"Erfolgreiche Ausführung von <UIForeground>F201F6</UIForeground><UIGlow>F201F7</UIGlow>Sternensturz<UIGlow>01</UIGlow><UIForeground>01</UIForeground> gewährt dir <UIForeground>F201FA</UIForeground><UIGlow>F201FB</UIGlow>Sternenkreuz<UIGlow>01</UIGlow><UIForeground>01</UIForeground>.
Läuft <UIForeground>F201FA</UIForeground><UIGlow>F201FB</UIGlow>Drachengeist<UIGlow>01</UIGlow><UIForeground>01</UIForeground> aus, so endet dieser Effekt.
Dauer: 20 Sekunden"
584,"Reduziert das Auto-Attacke-Intervall und die (Re-)Ak<SoftHyphen/>ti<SoftHyphen/>vie<SoftHyphen/>rungs<SoftHyphen/>zei<SoftHyphen/>ten von Waf<SoftHyphen/>fen<SoftHyphen/>fer<SoftHyphen/>tig<SoftHyphen/>kei<SoftHyphen/>ten und Magie um 15<Indent/>%."
585,"Verbessert <UIForeground>F201F6</UIForeground><UIGlow>F201F7</UIGlow>Ausrauben<UIGlow>01</UIGlow><UIForeground>01</UIForeground> zu <UIForeground>F201F6</UIForeground><UIGlow>F201F7</UIGlow>Dokumori<UIGlow>01</UIGlow><UIForeground>01</UIForeground>."
586,"Verbessert <UIForeground>F201F6</UIForeground><UIGlow>F201F7</UIGlow>Trickattacke<UIGlow>01</UIGlow><UIForeground>01</UIForeground> zu <UIForeground>F201F6</UIForeground><UIGlow>F201F7</UIGlow>Blendendes Raiju<UIGlow>01</UIGlow><UIForeground>01</UIForeground>."
587,"Erfolgreiche Ausführung von <UIForeground>F201F6</UIForeground><UIGlow>F201F7</UIGlow>Dokumori<UIGlow>01</UIGlow><UIForeground>01</UIForeground> gewährt dir <UIForeground>F201FA</UIForeground><UIGlow>F201FB</UIGlow>Higi<UIGlow>01</UIGlow><UIForeground>01</UIForeground>.
Dauer: 30 Sekunden"
588,"Erfolgreiche Ausführung von <UIForeground>F201F6</UIForeground><UIGlow>F201F7</UIGlow>Ten Chi Jin<UIGlow>01</UIGlow><UIForeground>01</UIForeground> gewährt dir <UIForeground>F201FA</UIForeground><UIGlow>F201FB</UIGlow>Tenri Jindo<UIGlow>01</UIGlow><UIForeground>01</UIForeground>.
Dauer: 30 Sekunden
Ist <UIForeground>F201FA</UIForeground><UIGlow>F201FB</UIGlow>Tenri Jindo<UIGlow>01</UIGlow><UIForeground>01</UIForeground> aktiv, ändert sich <UIForeground>F201F6</UIForeground><UIGlow>F201F7</UIGlow>Ten Chi Jin<UIGlow>01</UIGlow><UIForeground>01</UIForeground> zu <UIForeground>F201F6</UIForeground><UIGlow>F201F7</UIGlow>Tenri Jindo<UIGlow>01</UIGlow><UIForeground>01</UIForeground>."
589,"Verbessert <UIForeground>F201F6</UIForeground><UIGlow>F201F7</UIGlow>Drittes Auge<UIGlow>01</UIGlow><UIForeground>01</UIForeground> zu <UIForeground>F201F6</UIForeground><UIGlow>F201F7</UIGlow>Tengentsu<UIGlow>01</UIGlow><UIForeground>01</UIForeground>."
590,"Verbessert <UIForeground>F201F6</UIForeground><UIGlow>F201F7</UIGlow>Hakaze<UIGlow>01</UIGlow><UIForeground>01</UIForeground> zu <UIForeground>F201F6</UIForeground><UIGlow>F201F7</UIGlow>Gyofu<UIGlow>01</UIGlow><UIForeground>01</UIForeground>."
591,"Verkürzt die Re<SoftHyphen/>ak<SoftHyphen/>ti<SoftHyphen/>vie<SoftHyphen/>rungs<SoftHyphen/>zeit von <UIForeground>F201F6</UIForeground><UIGlow>F201F7</UIGlow>Hissatsu: Guren<UIGlow>01</UIGlow><UIForeground>01</UIForeground> und <UIForeground>F201F6</UIForeground><UIGlow>F201F7</UIGlow>Hissatsu: Senei<UIGlow>01</UIGlow><UIForeground>01</UIForeground> auf 60 Sekunden."
592,"Erfolgreiche Ausführung von <UIForeground>F201F6</UIForeground><UIGlow>F201F7</UIGlow>Ikishoten<UIGlow>01</UIGlow><UIForeground>01</UIForeground> gewährt dir <UIForeground>F201FA</UIForeground><UIGlow>F201FB</UIGlow>Zanshin<UIGlow>01</UIGlow><UIForeground>01</UIForeground>.
Dauer: 30 Sekunden"
593,"Erfolgreiche Ausführung von <UIForeground>F201F6</UIForeground><UIGlow>F201F7</UIGlow>Meikyo Shisui<UIGlow>01</UIGlow><UIForeground>01</UIForeground> gewährt dir <UIForeground>F201FA</UIForeground><UIGlow>F201FB</UIGlow>Tendo<UIGlow>01</UIGlow><UIForeground>01</UIForeground>.
Dauer: 30 Sekunden
Ist <UIForeground>F201FA</UIForeground><UIGlow>F201FB</UIGlow>Tendo<UIGlow>01</UIGlow><UIForeground>01</UIForeground> aktiv, ändert sich <UIForeground>F201F6</UIForeground><UIGlow>F201F7</UIGlow>Tenka Goken<UIGlow>01</UIGlow><UIForeground>01</UIForeground> zu <UIForeground>F201F6</UIForeground><UIGlow>F201F7</UIGlow>Tendo Goken<UIGlow>01</UIGlow><UIForeground>01</UIForeground> und <UIForeground>F201F6</UIForeground><UIGlow>F201F7</UIGlow>Midare Setsugekka<UIGlow>01</UIGlow><UIForeground>01</UIForeground> zu <UIForeground>F201F6</UIForeground><UIGlow>F201F7</UIGlow>Tendo Setsugekka<UIGlow>01</UIGlow><UIForeground>01</UIForeground>."
594,"Erfolgreiche Ausführung von <UIForeground>F201F6</UIForeground><UIGlow>F201F7</UIGlow>Lemurenschleier<UIGlow>01</UIGlow><UIForeground>01</UIForeground> gewährt dir <UIForeground>F201FA</UIForeground><UIGlow>F201FB</UIGlow>Sacrificium paratum<UIGlow>01</UIGlow><UIForeground>01</UIForeground>.
Dauer: 30 Sekunden"
595,""
596,"Erfolgreiche Ausführung von <UIForeground>F201F6</UIForeground><UIGlow>F201F7</UIGlow>Völlerei<UIGlow>01</UIGlow><UIForeground>01</UIForeground> gewährt dir zwei Stapel <UIForeground>F201FA</UIForeground><UIGlow>F201FB</UIGlow>Henkerssense<UIGlow>01</UIGlow><UIForeground>01</UIForeground>, wodurch sich <UIForeground>F201F6</UIForeground><UIGlow>F201F7</UIGlow>Richtpfahl<UIGlow>01</UIGlow><UIForeground>01</UIForeground>, <UIForeground>F201F6</UIForeground><UIGlow>F201F7</UIGlow>Galgen<UIGlow>01</UIGlow><UIForeground>01</UIForeground> und <UIForeground>F201F6</UIForeground><UIGlow>F201F7</UIGlow>Guillotine<UIGlow>01</UIGlow><UIForeground>01</UIForeground> zu <UIForeground>F201F6</UIForeground><UIGlow>F201F7</UIGlow>Henkerspfahl<UIGlow>01</UIGlow><UIForeground>01</UIForeground>, <UIForeground>F201F6</UIForeground><UIGlow>F201F7</UIGlow>Henkersgalgen<UIGlow>01</UIGlow><UIForeground>01</UIForeground> und <UIForeground>F201F6</UIForeground><UIGlow>F201F7</UIGlow>Henkersguillotine<UIGlow>01</UIGlow><UIForeground>01</UIForeground> ändern.
Kann nicht zugleich mit <UIForeground>F201F4</UIForeground><UIGlow>F201F5</UIGlow>Nichtssense<UIGlow>01</UIGlow><UIForeground>01</UIForeground> aktiv sein.
Der Effekt endet bei Ausführung einer Waf<SoftHyphen/>fen<SoftHyphen/>fer<SoftHyphen/>tig<SoftHyphen/>keit oder eines Zaubers.
Dauer: 30 Sekunden"
597,"Erfolgreiche Ausführung von <UIForeground>F201F6</UIForeground><UIGlow>F201F7</UIGlow>Große Mahd<UIGlow>01</UIGlow><UIForeground>01</UIForeground> gewährt dir <UIForeground>F201FA</UIForeground><UIGlow>F201FB</UIGlow>Perfectio occulta<UIGlow>01</UIGlow><UIForeground>01</UIForeground>.
Effekt von <UIForeground>F201FA</UIForeground><UIGlow>F201FB</UIGlow>Perfectio occulta<UIGlow>01</UIGlow><UIForeground>01</UIForeground>: Wird während der Effektdauer <UIForeground>F201F6</UIForeground><UIGlow>F201F7</UIGlow>Communio<UIGlow>01</UIGlow><UIForeground>01</UIForeground> ausgeführt, ändert sich der Status zu <UIForeground>F201FA</UIForeground><UIGlow>F201FB</UIGlow>Perfectio parata<UIGlow>01</UIGlow><UIForeground>01</UIForeground>.
Wirst du während <UIForeground>F201FA</UIForeground><UIGlow>F201FB</UIGlow>Perfectio parata<UIGlow>01</UIGlow><UIForeground>01</UIForeground> zur Lemure, wird der Effekt beendet.
Dauer: 30 Sekunden"
598,"Verbessert <UIForeground>F201F6</UIForeground><UIGlow>F201F7</UIGlow>Sternenhagel<UIGlow>01</UIGlow><UIForeground>01</UIForeground> zu <UIForeground>F201F6</UIForeground><UIGlow>F201F7</UIGlow>Schattenbiss<UIGlow>01</UIGlow><UIForeground>01</UIForeground>."
599,"Verbessert <UIForeground>F201F6</UIForeground><UIGlow>F201F7</UIGlow>Aderlass<UIGlow>01</UIGlow><UIForeground>01</UIForeground> zu <UIForeground>F201F6</UIForeground><UIGlow>F201F7</UIGlow>Herzeleid<UIGlow>01</UIGlow><UIForeground>01</UIForeground>."
600,"Erfolgreiche Ausführung von <UIForeground>F201F6</UIForeground><UIGlow>F201F7</UIGlow>Sperrfeuer<UIGlow>01</UIGlow><UIForeground>01</UIForeground> gewährt dir <UIForeground>F201FA</UIForeground><UIGlow>F201FB</UIGlow>Resonanzpfeilbereit<UIGlow>01</UIGlow><UIForeground>01</UIForeground>.
Dauer: 30 Sekunden"
601,"Erhöht den Effekt von <UIForeground>F201FA</UIForeground><UIGlow>F201FB</UIGlow>Troubadour<UIGlow>01</UIGlow><UIForeground>01</UIForeground> auf 15<Indent/>%."
602,"Erfolgreiche Ausführung von <UIForeground>F201F6</UIForeground><UIGlow>F201F7</UIGlow>Luminöses Finale<UIGlow>01</UIGlow><UIForeground>01</UIForeground> gewährt dir <UIForeground>F201FA</UIForeground><UIGlow>F201FB</UIGlow>Luminöse Zugabe<UIGlow>01</UIGlow><UIForeground>01</UIForeground>.
Dauer: 30 Sekunden"
603,"Verbessert <UIForeground>F201F6</UIForeground><UIGlow>F201F7</UIGlow>Hitzeschuss<UIGlow>01</UIGlow><UIForeground>01</UIForeground> zu <UIForeground>F201F6</UIForeground><UIGlow>F201F7</UIGlow>Brandschuss<UIGlow>01</UIGlow><UIForeground>01</UIForeground>."
604,"Verbessert <UIForeground>F201F6</UIForeground><UIGlow>F201F7</UIGlow>Gauß-Geschoss<UIGlow>01</UIGlow><UIForeground>01</UIForeground> zu <UIForeground>F201F6</UIForeground><UIGlow>F201F7</UIGlow>Doppelschach<UIGlow>01</UIGlow><UIForeground>01</UIForeground> und <UIForeground>F201F6</UIForeground><UIGlow>F201F7</UIGlow>Rikoschettschuss<UIGlow>01</UIGlow><UIForeground>01</UIForeground> zu <UIForeground>F201F6</UIForeground><UIGlow>F201F7</UIGlow>Schachmatt<UIGlow>01</UIGlow><UIForeground>01</UIForeground>."
605,"Erlaubt es dir, <UIForeground>F201F6</UIForeground><UIGlow>F201F7</UIGlow>Bohrer<UIGlow>01</UIGlow><UIForeground>01</UIForeground> und <UIForeground>F201F6</UIForeground><UIGlow>F201F7</UIGlow>Bioblaster<UIGlow>01</UIGlow><UIForeground>01</UIForeground> aufzuladen.
Maximale Aufladungen: 2"
606,"Erfolgreiche Ausführung von <UIForeground>F201F6</UIForeground><UIGlow>F201F7</UIGlow>Kreissäge<UIGlow>01</UIGlow><UIForeground>01</UIForeground> gewährt dir <UIForeground>F201FA</UIForeground><UIGlow>F201FB</UIGlow>Exkavator<UIGlow>01</UIGlow><UIForeground>01</UIForeground>, wobei sich während des Effekts <UIForeground>F201F6</UIForeground><UIGlow>F201F7</UIGlow>Kreissäge<UIGlow>01</UIGlow><UIForeground>01</UIForeground> zu <UIForeground>F201F6</UIForeground><UIGlow>F201F7</UIGlow>Exkavator<UIGlow>01</UIGlow><UIForeground>01</UIForeground> ändert.
Dauer: 30 Sekunden"
607,"Erhöht den Effekt von <UIForeground>F201FA</UIForeground><UIGlow>F201FB</UIGlow>Taktiker<UIGlow>01</UIGlow><UIForeground>01</UIForeground> auf 15<Indent/>%."
608,"Erfolgreiche Ausführung von <UIForeground>F201F6</UIForeground><UIGlow>F201F7</UIGlow>Laufstabilisator<UIGlow>01</UIGlow><UIForeground>01</UIForeground> gewährt dir <UIForeground>F201FA</UIForeground><UIGlow>F201FB</UIGlow>Aus allen Rohren<UIGlow>01</UIGlow><UIForeground>01</UIForeground>.
Dauer: 30 Sekunden"
609,"Erfolgreiche Ausführung von <UIForeground>F201F6</UIForeground><UIGlow>F201F7</UIGlow>Einfaches Finale<UIGlow>01</UIGlow><UIForeground>01</UIForeground> gewährt dir <UIForeground>F201FA</UIForeground><UIGlow>F201FB</UIGlow>Bühneneuphorie<UIGlow>01</UIGlow><UIForeground>01</UIForeground>.
Dauer: 30 Sekunden"
610,"Erfolgreiche Ausführung von <UIForeground>F201F6</UIForeground><UIGlow>F201F7</UIGlow>Trance<UIGlow>01</UIGlow><UIForeground>01</UIForeground> gewährt dir <UIForeground>F201FA</UIForeground><UIGlow>F201FB</UIGlow>Finalhaltung<UIGlow>01</UIGlow><UIForeground>01</UIForeground>.
Dauer: 30 Sekunden
Ist <UIForeground>F201FA</UIForeground><UIGlow>F201FB</UIGlow>Finalhaltung<UIGlow>01</UIGlow><UIForeground>01</UIForeground> aktiv, ändert sich <UIForeground>F201F6</UIForeground><UIGlow>F201F7</UIGlow>Einfache Choreographie<UIGlow>01</UIGlow><UIForeground>01</UIForeground> zu <UIForeground>F201F6</UIForeground><UIGlow>F201F7</UIGlow>Finalschritt<UIGlow>01</UIGlow><UIForeground>01</UIForeground>."
611,"Erhöht den Effekt von <UIForeground>F201FA</UIForeground><UIGlow>F201FB</UIGlow>Schildsamba<UIGlow>01</UIGlow><UIForeground>01</UIForeground> auf 15<Indent/>%."
612,"Erfolgreiche Ausführung von <UIForeground>F201F6</UIForeground><UIGlow>F201F7</UIGlow>Komplexes Finale<UIGlow>01</UIGlow><UIForeground>01</UIForeground> gewährt dir <UIForeground>F201FA</UIForeground><UIGlow>F201FB</UIGlow>Glühende Sohlen<UIGlow>01</UIGlow><UIForeground>01</UIForeground>.
Dauer: 30 Sekunden
Ist <UIForeground>F201FA</UIForeground><UIGlow>F201FB</UIGlow>Glühende Sohlen<UIGlow>01</UIGlow><UIForeground>01</UIForeground> aktiv und der Tanzfieberbalken um min. 50 gefüllt, ändert sich <UIForeground>F201F6</UIForeground><UIGlow>F201F7</UIGlow>Schwerttanz<UIGlow>01</UIGlow><UIForeground>01</UIForeground> zu <UIForeground>F201F6</UIForeground><UIGlow>F201F7</UIGlow>Dämmertanz<UIGlow>01</UIGlow><UIForeground>01</UIForeground>."
613,"Verbessert <UIForeground>F201F6</UIForeground><UIGlow>F201F7</UIGlow>Blitzga<UIGlow>01</UIGlow><UIForeground>01</UIForeground> zu <UIForeground>F201F6</UIForeground><UIGlow>F201F7</UIGlow>Hoher Blitz<UIGlow>01</UIGlow><UIForeground>01</UIForeground> und <UIForeground>F201F6</UIForeground><UIGlow>F201F7</UIGlow>Blitzka<UIGlow>01</UIGlow><UIForeground>01</UIForeground> zu <UIForeground>F201F6</UIForeground><UIGlow>F201F7</UIGlow>Hohes Blitzra<UIGlow>01</UIGlow><UIForeground>01</UIForeground>."
614,"Während <UIForeground>F201FA</UIForeground><UIGlow>F201FB</UIGlow>Ley-Linien<UIGlow>01</UIGlow><UIForeground>01</UIForeground> aktiv ist, kann <UIForeground>F201F6</UIForeground><UIGlow>F201F7</UIGlow>Ley-Erneuerung<UIGlow>01</UIGlow><UIForeground>01</UIForeground> ausgeführt werden."
615,"Die Ma<SoftHyphen/>xi<SoftHyphen/>mal<SoftHyphen/>sta<SoftHyphen/>pel<SoftHyphen/>zahl von <UIForeground>F201FA</UIForeground><UIGlow>F201FB</UIGlow>Polyglott<UIGlow>01</UIGlow><UIForeground>01</UIForeground> wird auf 3 erhöht."
616,"Erfolgreiche Ausführung von <UIForeground>F201F6</UIForeground><UIGlow>F201F7</UIGlow>Feuka<UIGlow>01</UIGlow><UIForeground>01</UIForeground> und <UIForeground>F201F6</UIForeground><UIGlow>F201F7</UIGlow>Flare<UIGlow>01</UIGlow><UIForeground>01</UIForeground> gewährt dir 1 be<SoftHyphen/>ziehungs<SoftHyphen/>weise 3 Stapel <UIForeground>F201FA</UIForeground><UIGlow>F201FB</UIGlow>Lichtseele<UIGlow>01</UIGlow><UIForeground>01</UIForeground>.
Ma<SoftHyphen/>xi<SoftHyphen/>mal<SoftHyphen/>sta<SoftHyphen/>pel<SoftHyphen/>zahl: 6
<UIForeground>F201F6</UIForeground><UIGlow>F201F7</UIGlow>Ver<SoftHyphen/>zweif<SoftHyphen/>lung<UIGlow>01</UIGlow><UIForeground>01</UIForeground> kann sofort gewirkt werden."
617,"Verbessert <UIForeground>F201F6</UIForeground><UIGlow>F201F7</UIGlow>Schwäre<UIGlow>01</UIGlow><UIForeground>01</UIForeground> zu <UIForeground>F201F6</UIForeground><UIGlow>F201F7</UIGlow>Miasma-Nova<UIGlow>01</UIGlow><UIForeground>01</UIForeground>."
618,"Erfolgreiche Ausführung von <UIForeground>F201F6</UIForeground><UIGlow>F201F7</UIGlow>Gleißender Schein<UIGlow>01</UIGlow><UIForeground>01</UIForeground> gewährt dir <UIForeground>F201FA</UIForeground><UIGlow>F201FB</UIGlow>Gleißender Funke<UIGlow>01</UIGlow><UIForeground>01</UIForeground>.
Dauer: 30 Sekunden"
619,"Erlaubt es, im Wechsel Sol-Bahamut und Demi-Bahamut bzw. Demi-Phönix zu beschwören."
620,"Erfolgreiche Ausführung von <UIForeground>F201F6</UIForeground><UIGlow>F201F7</UIGlow>Ermutigen<UIGlow>01</UIGlow><UIForeground>01</UIForeground> gewährt dir <UIForeground>F201FA</UIForeground><UIGlow>F201FB</UIGlow>Blüte des Mutes<UIGlow>01</UIGlow><UIForeground>01</UIForeground>.
Dauer: 30 Sekunden"
621,"Erfolgreiche Ausführung von <UIForeground>F201F6</UIForeground><UIGlow>F201F7</UIGlow>Präparation<UIGlow>01</UIGlow><UIForeground>01</UIForeground> gewährt dir <UIForeground>F201FA</UIForeground><UIGlow>F201FB</UIGlow>Noble Aura<UIGlow>01</UIGlow><UIForeground>01</UIForeground>.
Dauer: 30 Sekunden
Ist <UIForeground>F201FA</UIForeground><UIGlow>F201FB</UIGlow>Noble Aura<UIGlow>01</UIGlow><UIForeground>01</UIForeground> aktiv, ändern sich <UIForeground>F201F6</UIForeground><UIGlow>F201F7</UIGlow>Stoß III<UIGlow>01</UIGlow><UIForeground>01</UIForeground> und <UIForeground>F201F6</UIForeground><UIGlow>F201F7</UIGlow>Impakt<UIGlow>01</UIGlow><UIForeground>01</UIForeground> zu <UIForeground>F201F6</UIForeground><UIGlow>F201F7</UIGlow>Nobler Impakt<UIGlow>01</UIGlow><UIForeground>01</UIForeground>."
622,"Erfolgreiche Ausführung von <UIForeground>F201F6</UIForeground><UIGlow>F201F7</UIGlow>Manafizierung<UIGlow>01</UIGlow><UIForeground>01</UIForeground> gewährt dir <UIForeground>F201FA</UIForeground><UIGlow>F201FB</UIGlow>Kristallglanz-bereit<UIGlow>01</UIGlow><UIForeground>01</UIForeground>.
Dauer: 30 Sekunden
Ist <UIForeground>F201FA</UIForeground><UIGlow>F201FB</UIGlow>Kristallglanz-bereit<UIGlow>01</UIGlow><UIForeground>01</UIForeground> aktiv, ändert sich <UIForeground>F201F6</UIForeground><UIGlow>F201F7</UIGlow>Manafizierung<UIGlow>01</UIGlow><UIForeground>01</UIForeground> zu <UIForeground>F201F6</UIForeground><UIGlow>F201F7</UIGlow>Kristallglanz<UIGlow>01</UIGlow><UIForeground>01</UIForeground>."
623,"Erfolgreiche Ausführung von <UIForeground>F201F6</UIForeground><UIGlow>F201F7</UIGlow>Geistesgegenwart<UIGlow>01</UIGlow><UIForeground>01</UIForeground> gewährt dir 3 Stapel <UIForeground>F201FA</UIForeground><UIGlow>F201FB</UIGlow>Maximaler Fokus<UIGlow>01</UIGlow><UIForeground>01</UIForeground>.
Dauer: 30 Sekunden"
624,"Verbessert <UIForeground>F201F6</UIForeground><UIGlow>F201F7</UIGlow>Resedra<UIGlow>01</UIGlow><UIForeground>01</UIForeground> zu <UIForeground>F201F6</UIForeground><UIGlow>F201F7</UIGlow>Resega<UIGlow>01</UIGlow><UIForeground>01</UIForeground>."
625,"Erlaubt es dir, <UIForeground>F201F6</UIForeground><UIGlow>F201F7</UIGlow>Tetragrammaton<UIGlow>01</UIGlow><UIForeground>01</UIForeground> aufzuladen.
Maximale Aufladungen: 2"
626,"Erfolgreiche Ausführung von <UIForeground>F201F6</UIForeground><UIGlow>F201F7</UIGlow>Linderung<UIGlow>01</UIGlow><UIForeground>01</UIForeground> gewährt dir <UIForeground>F201FA</UIForeground><UIGlow>F201FB</UIGlow>Göttliche Gnade<UIGlow>01</UIGlow><UIForeground>01</UIForeground>.
Dauer: 30 Sekunden"
627,"Erfolgreiche Ausführung von <UIForeground>F201F6</UIForeground><UIGlow>F201F7</UIGlow>Kritische Strategie<UIGlow>01</UIGlow><UIForeground>01</UIForeground> gewährt <UIForeground>F201FA</UIForeground><UIGlow>F201FB</UIGlow>Mit Gift und Galle<UIGlow>01</UIGlow><UIForeground>01</UIForeground>.
Dauer: 30 Sekunden"
628,"Verbessert <UIForeground>F201F6</UIForeground><UIGlow>F201F7</UIGlow>Kurieren<UIGlow>01</UIGlow><UIForeground>01</UIForeground> zu <UIForeground>F201F6</UIForeground><UIGlow>F201F7</UIGlow>Übermut<UIGlow>01</UIGlow><UIForeground>01</UIForeground>."
629,"Verkürzt die (Re-)Ak<SoftHyphen/>ti<SoftHyphen/>vie<SoftHyphen/>rungs<SoftHyphen/>zeit von <UIForeground>F201F6</UIForeground><UIGlow>F201F7</UIGlow>Raffinesse<UIGlow>01</UIGlow><UIForeground>01</UIForeground> auf 60 Sekunden."
630,""
631,"Bei Ausführung von <UIForeground>F201F6</UIForeground><UIGlow>F201F7</UIGlow>Lichtziehen<UIGlow>01</UIGlow><UIForeground>01</UIForeground> wird <UIForeground>F201FA</UIForeground><UIGlow>F201FB</UIGlow>König der Kronen<UIGlow>01</UIGlow><UIForeground>01</UIForeground> und bei <UIForeground>F201F6</UIForeground><UIGlow>F201F7</UIGlow>Schattenziehen<UIGlow>01</UIGlow><UIForeground>01</UIForeground> wird <UIForeground>F201FA</UIForeground><UIGlow>F201FB</UIGlow>Königin der Kronen<UIGlow>01</UIGlow><UIForeground>01</UIForeground> gezogen."
632,"Erfolgreiche Ausführung von <UIForeground>F201F6</UIForeground><UIGlow>F201F7</UIGlow>Weissagung<UIGlow>01</UIGlow><UIForeground>01</UIForeground> gewährt <UIForeground>F201FA</UIForeground><UIGlow>F201FB</UIGlow>Auge des Orakels<UIGlow>01</UIGlow><UIForeground>01</UIForeground>.
Dauer: 30 Sekunden"
633,"Verbessert <UIForeground>F201F6</UIForeground><UIGlow>F201F7</UIGlow>Aspektierter Helios<UIGlow>01</UIGlow><UIForeground>01</UIForeground> zu <UIForeground>F201F6</UIForeground><UIGlow>F201F7</UIGlow>Helios in Konjunktion<UIGlow>01</UIGlow><UIForeground>01</UIForeground>."
634,"<UIForeground>F201F6</UIForeground><UIGlow>F201F7</UIGlow>Essenzielle Würde<UIGlow>01</UIGlow><UIForeground>01</UIForeground> kann bis zu dreimal aufgeladen werden."
635,"Erfolgreiche Ausführung von <UIForeground>F201F6</UIForeground><UIGlow>F201F7</UIGlow>Neutral<UIGlow>01</UIGlow><UIForeground>01</UIForeground> gewährt <UIForeground>F201FA</UIForeground><UIGlow>F201FB</UIGlow>Stand der Sonne<UIGlow>01</UIGlow><UIForeground>01</UIForeground>.
Dauer: 30 Sekunden"
636,"Verkürzt die Re<SoftHyphen/>ak<SoftHyphen/>ti<SoftHyphen/>vie<SoftHyphen/>rungs<SoftHyphen/>zeit von <UIForeground>F201F6</UIForeground><UIGlow>F201F7</UIGlow>Soteria<UIGlow>01</UIGlow><UIForeground>01</UIForeground> auf 60 Sekunden."
637,"Verbessert <UIForeground>F201F6</UIForeground><UIGlow>F201F7</UIGlow>Eukratische Prognose<UIGlow>01</UIGlow><UIForeground>01</UIForeground> zu <UIForeground>F201F6</UIForeground><UIGlow>F201F7</UIGlow>Eukratische Prognose II<UIGlow>01</UIGlow><UIForeground>01</UIForeground>."
638,"Verlängert die Wirkungsdauer des Zusatzeffekts, der die Wirkung von Heileffekten auf Ziele um 10<Indent/>% erhöht, auf 15 Sekunden."
639,"Fügt <UIForeground>F201F6</UIForeground><UIGlow>F201F7</UIGlow>Schutzwall<UIGlow>01</UIGlow><UIForeground>01</UIForeground> den folgenden Zusatzeffekt hinzu: Heilmagie auf dich ist um 15 % erhöht."
640,"Verlängert die Wirkungsdauer von <UIForeground>F201FA</UIForeground><UIGlow>F201FB</UIGlow>Reflexion<UIGlow>01</UIGlow><UIForeground>01</UIForeground> auf 15 Sekunden."
641,"Verlängert die Wirkungsdauer von <UIForeground>F201FA</UIForeground><UIGlow>F201FB</UIGlow>Zermürben<UIGlow>01</UIGlow><UIForeground>01</UIForeground> auf 15 Sekunden."
642,"Erhöht das Heilpotenzial von <UIForeground>F201F6</UIForeground><UIGlow>F201F7</UIGlow>Chakra<UIGlow>01</UIGlow><UIForeground>01</UIForeground> auf 800."
643,"Verlängert die Wirkungsdauer von <UIForeground>F201FA</UIForeground><UIGlow>F201FB</UIGlow>Stumpfsinn<UIGlow>01</UIGlow><UIForeground>01</UIForeground> auf 15 Sekunden."
644,"Verkürzt die Re<SoftHyphen/>ak<SoftHyphen/>ti<SoftHyphen/>vie<SoftHyphen/>rungs<SoftHyphen/>zeit von <UIForeground>F201F6</UIForeground><UIGlow>F201F7</UIGlow>Spontaneität<UIGlow>01</UIGlow><UIForeground>01</UIForeground> auf 40 Sekunden."
645,"<UIForeground>F201FA</UIForeground><UIGlow>F201FB</UIGlow>Akribie<UIGlow>01</UIGlow><UIForeground>01</UIForeground> kann bei Auslösung zu <UIForeground>F201FA</UIForeground><UIGlow>F201FB</UIGlow>Höchste Akribie<UIGlow>01</UIGlow><UIForeground>01</UIForeground> mit stärkerem Effekt werden.
Effekt von <UIForeground>F201FA</UIForeground><UIGlow>F201FB</UIGlow>Höchste Akribie<UIGlow>01</UIGlow><UIForeground>01</UIForeground>: Die Steigerung des Sammlerwerts durch <UIForeground>F201F6</UIForeground><UIGlow>F201F7</UIGlow>Intuitive Lese<UIGlow>01</UIGlow><UIForeground>01</UIForeground> ist garantiert der maximale Wert, und die Chance auf den Zusatzeffekt von <UIForeground>F201F6</UIForeground><UIGlow>F201F7</UIGlow>Fachkundige Lese<UIGlow>01</UIGlow><UIForeground>01</UIForeground>, die Belastbarkeit nicht sinken zu lassen, ist um 40<Indent/>% erhöht."
646,"<UIForeground>F201FA</UIForeground><UIGlow>F201FB</UIGlow>Akribie<UIGlow>01</UIGlow><UIForeground>01</UIForeground> kann bei Auslösung zu <UIForeground>F201FA</UIForeground><UIGlow>F201FB</UIGlow>Höchste Akribie<UIGlow>01</UIGlow><UIForeground>01</UIForeground> mit stärkerem Effekt werden.
Effekt von <UIForeground>F201FA</UIForeground><UIGlow>F201FB</UIGlow>Höchste Akribie<UIGlow>01</UIGlow><UIForeground>01</UIForeground>: Die Steigerung des Sammlerwerts durch <UIForeground>F201F6</UIForeground><UIGlow>F201F7</UIGlow>Intuitive Lese<UIGlow>01</UIGlow><UIForeground>01</UIForeground> ist garantiert der maximale Wert, und die Chance auf den Zusatzeffekt von <UIForeground>F201F6</UIForeground><UIGlow>F201F7</UIGlow>Fachkundige Lese<UIGlow>01</UIGlow><UIForeground>01</UIForeground>, die Belastbarkeit nicht sinken zu lassen, ist um 40<Indent/>% erhöht."
647,"Nachdem eine Lagerstätte oder ein Steinbruch abgebaut wurde, kann es vorkommen, dass die Belastbarkeit bzw. die Anzahl der Sammelversuche vollständig wieder<SoftHyphen/>her<SoftHyphen/>gestellt werden und ein weiteres Mal gesammelt werden kann. In diesem Fall werden auch alle SP regeneriert, aber jegliche Status entfernt.
An bestimmten Lagerstätten oder Steinbrüchen kann dieser Effekt nicht auftreten, wie beispielsweise solche, die zu einem Freibrief gehören."
648,"Nachdem ein Nutzbaum oder eine üppige Vegetation abgebaut wurde, kann es vorkommen, dass die Belastbarkeit bzw. die Anzahl der Sammelversuche vollständig wieder<SoftHyphen/>her<SoftHyphen/>gestellt werden und ein weiteres Mal gesammelt werden kann. In diesem Fall werden auch alle SP regeneriert, aber jegliche Status entfernt.
An bestimmten Nutzbäumen oder üppigen Vegetationen kann dieser Effekt nicht auftreten, wie beispielsweise solche, die zu einem Freibrief gehören."
649,"Stellt die Effektdauer von <If(Equal(PlayerParameter(68),18))><If(GreaterThanOrEqualTo(PlayerParameter(69),61))><UIForeground>F201FA</UIForeground><UIGlow>F201FB</UIGlow>Petri Heil<UIGlow>01</UIGlow><UIForeground>01</UIForeground> und <UIForeground>F201FA</UIForeground><UIGlow>F201FB</UIGlow>Speergespür<UIGlow>01</UIGlow><UIForeground>01</UIForeground><Else/><UIForeground>F201FA</UIForeground><UIGlow>F201FB</UIGlow>Petri Heil<UIGlow>01</UIGlow><UIForeground>01</UIForeground></If><Else/></If> wieder her, wenn während aktivem <If(Equal(PlayerParameter(68),18))><If(GreaterThanOrEqualTo(PlayerParameter(69),61))><UIForeground>F201FA</UIForeground><UIGlow>F201FB</UIGlow>Petri Heil<UIGlow>01</UIGlow><UIForeground>01</UIForeground> und <UIForeground>F201FA</UIForeground><UIGlow>F201FB</UIGlow>Speergespür<UIGlow>01</UIGlow><UIForeground>01</UIForeground><Else/><UIForeground>F201FA</UIForeground><UIGlow>F201FB</UIGlow>Petri Heil<UIGlow>01</UIGlow><UIForeground>01</UIForeground></If><Else/></If> spezifische Fische gefangen werden. (Die Wahr<SoftHyphen/>schein<SoftHyphen/>lich<SoftHyphen/>keit variiert mit dem gefangenen Fisch.)"
650,"Erhöht den Attacke-Wert folgender Kommandos:
Attacke-Wert von <UIForeground>F201F6</UIForeground><UIGlow>F201F7</UIGlow>Vortexschnitt<UIGlow>01</UIGlow><UIForeground>01</UIForeground>: 220
Attacke-Wert von <UIForeground>F201F6</UIForeground><UIGlow>F201F7</UIGlow>Donnerklinge<UIGlow>01</UIGlow><UIForeground>01</UIForeground>: 170
Attacke-Wert von <UIForeground>F201F6</UIForeground><UIGlow>F201F7</UIGlow>Königsklinge<UIGlow>01</UIGlow><UIForeground>01</UIForeground>: 200
Attacke-Wert von <UIForeground>F201F6</UIForeground><UIGlow>F201F7</UIGlow>Heiliger Geist<UIGlow>01</UIGlow><UIForeground>01</UIForeground>: 400
Attacke-Wert von <UIForeground>F201F6</UIForeground><UIGlow>F201F7</UIGlow>Absolution<UIGlow>01</UIGlow><UIForeground>01</UIForeground>: 460
Attacke-Wert von <UIForeground>F201F6</UIForeground><UIGlow>F201F7</UIGlow>Anflehung<UIGlow>01</UIGlow><UIForeground>01</UIForeground>: 500
Attacke-Wert von <UIForeground>F201F6</UIForeground><UIGlow>F201F7</UIGlow>Heilige Grabstätte<UIGlow>01</UIGlow><UIForeground>01</UIForeground>: 540
Attacke-Wert von <UIForeground>F201F6</UIForeground><UIGlow>F201F7</UIGlow>Confiteor<UIGlow>01</UIGlow><UIForeground>01</UIForeground>: 500
Attacke-Wert von <UIForeground>F201F6</UIForeground><UIGlow>F201F7</UIGlow>Klinge der Frömmigkeit<UIGlow>01</UIGlow><UIForeground>01</UIForeground>: 260
Attacke-Wert von <UIForeground>F201F6</UIForeground><UIGlow>F201F7</UIGlow>Klinge der Redlichkeit<UIGlow>01</UIGlow><UIForeground>01</UIForeground>: 380
Attacke-Wert von <UIForeground>F201F6</UIForeground><UIGlow>F201F7</UIGlow>Klinge der Tapferkeit<UIGlow>01</UIGlow><UIForeground>01</UIForeground>: 500"
651,"Erhöht den Attacke-Wert folgender Kommandos:
Attacke-Wert von <UIForeground>F201F6</UIForeground><UIGlow>F201F7</UIGlow>Dia<UIGlow>01</UIGlow><UIForeground>01</UIForeground>: 85
Attacke-Wert des Schaden-über-Zeit-Effekts: 85
Attacke-Wert von <UIForeground>F201F6</UIForeground><UIGlow>F201F7</UIGlow>Afflatus miseriae<UIGlow>01</UIGlow><UIForeground>01</UIForeground>: 1.400
Attacke-Wert von <UIForeground>F201F6</UIForeground><UIGlow>F201F7</UIGlow>Blendga<UIGlow>01</UIGlow><UIForeground>01</UIForeground>: 350"
652,"Erhöht den Attacke-Wert folgender Kommandos:
Attacke-Wert von <UIForeground>F201F6</UIForeground><UIGlow>F201F7</UIGlow>Magische Riposte<UIGlow>01</UIGlow><UIForeground>01</UIForeground>: 340
Attacke-Wert von <UIForeground>F201F6</UIForeground><UIGlow>F201F7</UIGlow>Erzfeuer<UIGlow>01</UIGlow><UIForeground>01</UIForeground>: 380
Attacke-Wert von <UIForeground>F201F6</UIForeground><UIGlow>F201F7</UIGlow>Erzstein<UIGlow>01</UIGlow><UIForeground>01</UIForeground>: 380
Attacke-Wert von <UIForeground>F201F6</UIForeground><UIGlow>F201F7</UIGlow>Magischer Zwerchhau<UIGlow>01</UIGlow><UIForeground>01</UIForeground>: 190
Attacke-Wert von <UIForeground>F201F6</UIForeground><UIGlow>F201F7</UIGlow>Fleche<UIGlow>01</UIGlow><UIForeground>01</UIForeground>: 480
Attacke-Wert von <UIForeground>F201F6</UIForeground><UIGlow>F201F7</UIGlow>Magisches Redoublement<UIGlow>01</UIGlow><UIForeground>01</UIForeground>: 190
Attacke-Wert von <UIForeground>F201F6</UIForeground><UIGlow>F201F7</UIGlow>Contre Sixte<UIGlow>01</UIGlow><UIForeground>01</UIForeground>: 420
Attacke-Wert von <UIForeground>F201F6</UIForeground><UIGlow>F201F7</UIGlow>Erzflare<UIGlow>01</UIGlow><UIForeground>01</UIForeground>: 650
Attacke-Wert von <UIForeground>F201F6</UIForeground><UIGlow>F201F7</UIGlow>Erz-Sanctus<UIGlow>01</UIGlow><UIForeground>01</UIForeground>: 650
Attacke-Wert von <UIForeground>F201F6</UIForeground><UIGlow>F201F7</UIGlow>Magische Reprise<UIGlow>01</UIGlow><UIForeground>01</UIForeground>: 420
Attacke-Wert von <UIForeground>F201F6</UIForeground><UIGlow>F201F7</UIGlow>Versengung<UIGlow>01</UIGlow><UIForeground>01</UIForeground>: 750
Attacke-Wert von <UIForeground>F201F6</UIForeground><UIGlow>F201F7</UIGlow>Erzwindga<UIGlow>01</UIGlow><UIForeground>01</UIForeground>: 440
Attacke-Wert von <UIForeground>F201F6</UIForeground><UIGlow>F201F7</UIGlow>Erzblitzga<UIGlow>01</UIGlow><UIForeground>01</UIForeground>: 440
Attacke-Wert von <UIForeground>F201F6</UIForeground><UIGlow>F201F7</UIGlow>Ent<SoftHyphen/>schlos<SoftHyphen/>sen<SoftHyphen/>heit<UIGlow>01</UIGlow><UIForeground>01</UIForeground>: 850"
653,"Erhöht den Attacke-Wert folgender Kommandos:
Attacke-Wert von <UIForeground>F201F6</UIForeground><UIGlow>F201F7</UIGlow>Fang und Klaue<UIGlow>01</UIGlow><UIForeground>01</UIForeground>: 140
Attacke-Wert von <UIForeground>F201F6</UIForeground><UIGlow>F201F7</UIGlow>Fächerstoß<UIGlow>01</UIGlow><UIForeground>01</UIForeground>: 140
Attacke-Wert von <UIForeground>F201F6</UIForeground><UIGlow>F201F7</UIGlow>Drachenhort<UIGlow>01</UIGlow><UIForeground>01</UIForeground>: 460
Attacke-Wert von <UIForeground>F201F6</UIForeground><UIGlow>F201F7</UIGlow>Überfallsstoß<UIGlow>01</UIGlow><UIForeground>01</UIForeground>: 320
Attacke-Wert von <UIForeground>F201F6</UIForeground><UIGlow>F201F7</UIGlow>Sternensturz<UIGlow>01</UIGlow><UIForeground>01</UIForeground>: 840
Attacke-Wert von <UIForeground>F201F6</UIForeground><UIGlow>F201F7</UIGlow>Himmelsstoß<UIGlow>01</UIGlow><UIForeground>01</UIForeground>: 160
Attacke-Wert von <UIForeground>F201F6</UIForeground><UIGlow>F201F7</UIGlow>Chaotischer Sturm<UIGlow>01</UIGlow><UIForeground>01</UIForeground>: 140
Attacke-Wert von <UIForeground>F201F6</UIForeground><UIGlow>F201F7</UIGlow>Zwillingswyrm<UIGlow>01</UIGlow><UIForeground>01</UIForeground>: 440"
654,"Erhöht den Attacke-Wert folgender Kommandos:
Attacke-Wert von <UIForeground>F201F6</UIForeground><UIGlow>F201F7</UIGlow>Gewaltiger Hieb<UIGlow>01</UIGlow><UIForeground>01</UIForeground>: 240
Attacke-Wert von <UIForeground>F201F6</UIForeground><UIGlow>F201F7</UIGlow>Verstümmelung<UIGlow>01</UIGlow><UIForeground>01</UIForeground>: 190
Attacke-Wert von <UIForeground>F201F6</UIForeground><UIGlow>F201F7</UIGlow>Sturmkeil<UIGlow>01</UIGlow><UIForeground>01</UIForeground>: 220
Attacke-Wert von <UIForeground>F201F6</UIForeground><UIGlow>F201F7</UIGlow>Sturmbrecher<UIGlow>01</UIGlow><UIForeground>01</UIForeground>: 220
Attacke-Wert von <UIForeground>F201F6</UIForeground><UIGlow>F201F7</UIGlow>Niedermähen<UIGlow>01</UIGlow><UIForeground>01</UIForeground>: 580
Attacke-Wert von <UIForeground>F201F6</UIForeground><UIGlow>F201F7</UIGlow>Umsturz<UIGlow>01</UIGlow><UIForeground>01</UIForeground>: 420"
655,"Erhöht den Attacke-Wert folgender Kommandos:
Attacke-Wert von <UIForeground>F201F6</UIForeground><UIGlow>F201F7</UIGlow>Jinpu<UIGlow>01</UIGlow><UIForeground>01</UIForeground>: 140
Attacke-Wert von <UIForeground>F201F6</UIForeground><UIGlow>F201F7</UIGlow>Enpi<UIGlow>01</UIGlow><UIForeground>01</UIForeground> bei <UIForeground>F201FA</UIForeground><UIGlow>F201FB</UIGlow>Verbessertes Enpi<UIGlow>01</UIGlow><UIForeground>01</UIForeground>: 270
Attacke-Wert von <UIForeground>F201F6</UIForeground><UIGlow>F201F7</UIGlow>Shifu<UIGlow>01</UIGlow><UIForeground>01</UIForeground>: 140
Attacke-Wert von <UIForeground>F201F6</UIForeground><UIGlow>F201F7</UIGlow>Gekko<UIGlow>01</UIGlow><UIForeground>01</UIForeground>: 160
Attacke-Wert des Schaden-über-Zeit-Effekts von <UIForeground>F201F6</UIForeground><UIGlow>F201F7</UIGlow>Higanbana<UIGlow>01</UIGlow><UIForeground>01</UIForeground>: 50
Attacke-Wert von <UIForeground>F201F6</UIForeground><UIGlow>F201F7</UIGlow>Kasha<UIGlow>01</UIGlow><UIForeground>01</UIForeground>: 160
Attacke-Wert von <UIForeground>F201F6</UIForeground><UIGlow>F201F7</UIGlow>Yukikaze<UIGlow>01</UIGlow><UIForeground>01</UIForeground>: 160
Attacke-Wert von <UIForeground>F201F6</UIForeground><UIGlow>F201F7</UIGlow>Midare Setsugekka<UIGlow>01</UIGlow><UIForeground>01</UIForeground>: 640
Attacke-Wert von <UIForeground>F201F6</UIForeground><UIGlow>F201F7</UIGlow>Kaeshi Setsugekka<UIGlow>01</UIGlow><UIForeground>01</UIForeground>: 640
Attacke-Wert von <UIForeground>F201F6</UIForeground><UIGlow>F201F7</UIGlow>Shoha<UIGlow>01</UIGlow><UIForeground>01</UIForeground>: 640
Attacke-Wert von <UIForeground>F201F6</UIForeground><UIGlow>F201F7</UIGlow>Ogi Namikiri<UIGlow>01</UIGlow><UIForeground>01</UIForeground>: 1.000
Attacke-Wert von <UIForeground>F201F6</UIForeground><UIGlow>F201F7</UIGlow>Kaeshi Namikiri<UIGlow>01</UIGlow><UIForeground>01</UIForeground>: 1.000"
656,"Erhöht den Attacke-Wert folgender Kommandos:
Attacke-Wert des Schadens über Zeit von <UIForeground>F201F6</UIForeground><UIGlow>F201F7</UIGlow>Causae et Curae<UIGlow>01</UIGlow><UIForeground>01</UIForeground>: 85
Attacke-Wert von <UIForeground>F201F6</UIForeground><UIGlow>F201F7</UIGlow>Rabiate Bravade<UIGlow>01</UIGlow><UIForeground>01</UIForeground>: 320"
657,"Erhöht den Attacke-Wert folgender Kommandos:
Attacke-Wert von <UIForeground>F201F6</UIForeground><UIGlow>F201F7</UIGlow>Schlitzer<UIGlow>01</UIGlow><UIForeground>01</UIForeground>: 420
Attacke-Wert von <UIForeground>F201F6</UIForeground><UIGlow>F201F7</UIGlow>Neulicht-Schlitzer<UIGlow>01</UIGlow><UIForeground>01</UIForeground>: 260
Attacke-Wert von <UIForeground>F201F6</UIForeground><UIGlow>F201F7</UIGlow>Infernalischer Schlitzer<UIGlow>01</UIGlow><UIForeground>01</UIForeground>: 280
Attacke-Wert von <UIForeground>F201F6</UIForeground><UIGlow>F201F7</UIGlow>Seelenschlitzer<UIGlow>01</UIGlow><UIForeground>01</UIForeground>: 520
Attacke-Wert von <UIForeground>F201F6</UIForeground><UIGlow>F201F7</UIGlow>Richtpfahl<UIGlow>01</UIGlow><UIForeground>01</UIForeground>: 500
Attacke-Wert von <UIForeground>F201F6</UIForeground><UIGlow>F201F7</UIGlow>Galgen<UIGlow>01</UIGlow><UIForeground>01</UIForeground>: 500
Attacke-Wert von <UIForeground>F201F6</UIForeground><UIGlow>F201F7</UIGlow>Richtergriff<UIGlow>01</UIGlow><UIForeground>01</UIForeground>: 440
Attacke-Wert von <UIForeground>F201F6</UIForeground><UIGlow>F201F7</UIGlow>Galgengriff<UIGlow>01</UIGlow><UIForeground>01</UIForeground>: 440
Attacke-Wert von <UIForeground>F201F6</UIForeground><UIGlow>F201F7</UIGlow>Nichtsmäher<UIGlow>01</UIGlow><UIForeground>01</UIForeground>: 540
Attacke-Wert von <UIForeground>F201F6</UIForeground><UIGlow>F201F7</UIGlow>Kreuzmäher<UIGlow>01</UIGlow><UIForeground>01</UIForeground>: 540
Attacke-Wert von <UIForeground>F201F6</UIForeground><UIGlow>F201F7</UIGlow>Erntemond<UIGlow>01</UIGlow><UIForeground>01</UIForeground>: 800
Attacke-Wert von <UIForeground>F201F6</UIForeground><UIGlow>F201F7</UIGlow>Lemurenschlitzer<UIGlow>01</UIGlow><UIForeground>01</UIForeground>: 280"
658,"Erhöht den Attacke-Wert folgender Kommandos:
Attacke-Wert von <UIForeground>F201F6</UIForeground><UIGlow>F201F7</UIGlow>Armbrust<UIGlow>01</UIGlow><UIForeground>01</UIForeground>: 180
Attacke-Wert von <UIForeground>F201F6</UIForeground><UIGlow>F201F7</UIGlow>Höllenfeuer frei<UIGlow>01</UIGlow><UIForeground>01</UIForeground>: 220
Attacke-Wert von <UIForeground>F201F6</UIForeground><UIGlow>F201F7</UIGlow>Bohrer<UIGlow>01</UIGlow><UIForeground>01</UIForeground>: 660
Attacke-Wert von <UIForeground>F201F6</UIForeground><UIGlow>F201F7</UIGlow>Höllen-Flintenlaufgeschoss<UIGlow>01</UIGlow><UIForeground>01</UIForeground>: 140
Attacke-Wert von <UIForeground>F201F6</UIForeground><UIGlow>F201F7</UIGlow>Sauberer Höllenschuss<UIGlow>01</UIGlow><UIForeground>01</UIForeground>: 160
Attacke-Wert von <UIForeground>F201F6</UIForeground><UIGlow>F201F7</UIGlow>Brandschuss<UIGlow>01</UIGlow><UIForeground>01</UIForeground>: 240
Attacke-Wert von <UIForeground>F201F6</UIForeground><UIGlow>F201F7</UIGlow>Luftanker<UIGlow>01</UIGlow><UIForeground>01</UIForeground>: 660
Attacke-Wert von <UIForeground>F201F6</UIForeground><UIGlow>F201F7</UIGlow>Kreissäge<UIGlow>01</UIGlow><UIForeground>01</UIForeground>: 660"
659,"Erhöht den Effekt von <UIForeground>F201FA</UIForeground><UIGlow>F201FB</UIGlow>Henochisch<UIGlow>01</UIGlow><UIForeground>01</UIForeground> auf 27<Indent/>%."
660,"Erhöht den Attacke-Wert folgender Kommandos:
Attacke-Wert von <UIForeground>F201F6</UIForeground><UIGlow>F201F7</UIGlow>Doppelviper<UIGlow>01</UIGlow><UIForeground>01</UIForeground>: 420
Attacke-Wert von <UIForeground>F201F6</UIForeground><UIGlow>F201F7</UIGlow>Demolieren<UIGlow>01</UIGlow><UIForeground>01</UIForeground>: 360
Attacke-Wert von <UIForeground>F201F6</UIForeground><UIGlow>F201F7</UIGlow>Drachentritt<UIGlow>01</UIGlow><UIForeground>01</UIForeground>: 320
Attacke-Wert von <UIForeground>F201F6</UIForeground><UIGlow>F201F7</UIGlow>Sechsstern-Tritt<UIGlow>01</UIGlow><UIForeground>01</UIForeground>: 780
Attacke-Wert von <UIForeground>F201F6</UIForeground><UIGlow>F201F7</UIGlow>Phantomstoß<UIGlow>01</UIGlow><UIForeground>01</UIForeground>: 1.500"
661,"Erhöht den Attacke-Wert folgender Kommandos:
Attacke-Wert von <UIForeground>F201F6</UIForeground><UIGlow>F201F7</UIGlow>Wirbelklinge<UIGlow>01</UIGlow><UIForeground>01</UIForeground>: 300
Attacke-Wert von <UIForeground>F201F6</UIForeground><UIGlow>F201F7</UIGlow>Windschlitzer<UIGlow>01</UIGlow><UIForeground>01</UIForeground>: 240
Attacke-Wert von <UIForeground>F201F6</UIForeground><UIGlow>F201F7</UIGlow>Äolusklinge<UIGlow>01</UIGlow><UIForeground>01</UIForeground>: 220
Attacke-Wert von <UIForeground>F201F6</UIForeground><UIGlow>F201F7</UIGlow>Fuma Shuriken<UIGlow>01</UIGlow><UIForeground>01</UIForeground>: 500
Attacke-Wert von <UIForeground>F201F6</UIForeground><UIGlow>F201F7</UIGlow>Raiton<UIGlow>01</UIGlow><UIForeground>01</UIForeground>: 740
Attacke-Wert von <UIForeground>F201F6</UIForeground><UIGlow>F201F7</UIGlow>Suiton<UIGlow>01</UIGlow><UIForeground>01</UIForeground>: 580
Attacke-Wert von <UIForeground>F201F6</UIForeground><UIGlow>F201F7</UIGlow>Harnischbrecher<UIGlow>01</UIGlow><UIForeground>01</UIForeground>: 240
Attacke-Wert von <UIForeground>F201F6</UIForeground><UIGlow>F201F7</UIGlow>Rad des Werdens<UIGlow>01</UIGlow><UIForeground>01</UIForeground>: 400
Bei <UIForeground>F201FA</UIForeground><UIGlow>F201FB</UIGlow>Meisui<UIGlow>01</UIGlow><UIForeground>01</UIForeground>: 550
Attacke-Wert von <UIForeground>F201F6</UIForeground><UIGlow>F201F7</UIGlow>Tanzendes Raiju<UIGlow>01</UIGlow><UIForeground>01</UIForeground>: 700
Attacke-Wert von <UIForeground>F201F6</UIForeground><UIGlow>F201F7</UIGlow>Brüllendes Raiju<UIGlow>01</UIGlow><UIForeground>01</UIForeground>: 700"
662,"Erhöht den Attacke-Wert folgender Kommandos:
Attacke-Wert von <UIForeground>F201F6</UIForeground><UIGlow>F201F7</UIGlow>Cascade<UIGlow>01</UIGlow><UIForeground>01</UIForeground>: 220
Attacke-Wert von <UIForeground>F201F6</UIForeground><UIGlow>F201F7</UIGlow>Fontäne<UIGlow>01</UIGlow><UIForeground>01</UIForeground>: 120
Attacke-Wert von <UIForeground>F201F6</UIForeground><UIGlow>F201F7</UIGlow>Einfaches Finale II<UIGlow>01</UIGlow><UIForeground>01</UIForeground>: 850
Attacke-Wert von <UIForeground>F201F6</UIForeground><UIGlow>F201F7</UIGlow>Invertierte Cascade<UIGlow>01</UIGlow><UIForeground>01</UIForeground>: 280
Attacke-Wert von <UIForeground>F201F6</UIForeground><UIGlow>F201F7</UIGlow>Fächertanz I<UIGlow>01</UIGlow><UIForeground>01</UIForeground>: 180
Attacke-Wert von <UIForeground>F201F6</UIForeground><UIGlow>F201F7</UIGlow>Fallende Fontäne<UIGlow>01</UIGlow><UIForeground>01</UIForeground>: 340
Attacke-Wert von <UIForeground>F201F6</UIForeground><UIGlow>F201F7</UIGlow>Fächertanz III<UIGlow>01</UIGlow><UIForeground>01</UIForeground>: 220
Attacke-Wert von <UIForeground>F201F6</UIForeground><UIGlow>F201F7</UIGlow>Komplexes Finale IV<UIGlow>01</UIGlow><UIForeground>01</UIForeground>: 1.300
Attacke-Wert von <UIForeground>F201F6</UIForeground><UIGlow>F201F7</UIGlow>Schwerttanz<UIGlow>01</UIGlow><UIForeground>01</UIForeground>: 540
Attacke-Wert von <UIForeground>F201F6</UIForeground><UIGlow>F201F7</UIGlow>Fächertanz IV<UIGlow>01</UIGlow><UIForeground>01</UIForeground>: 460"
663,"Erhöht den Attacke-Wert folgender Kommandos:
Attacke-Wert von <UIForeground>F201F6</UIForeground><UIGlow>F201F7</UIGlow>Harter Schlitzer<UIGlow>01</UIGlow><UIForeground>01</UIForeground>: 300
Attacke-Wert von <UIForeground>F201F6</UIForeground><UIGlow>F201F7</UIGlow>Osmose<UIGlow>01</UIGlow><UIForeground>01</UIForeground>: 240
Attacke-Wert von <UIForeground>F201F6</UIForeground><UIGlow>F201F7</UIGlow>Seelenfresser<UIGlow>01</UIGlow><UIForeground>01</UIForeground>: 260
Attacke-Wert von <UIForeground>F201F6</UIForeground><UIGlow>F201F7</UIGlow>Seelenstärke<UIGlow>01</UIGlow><UIForeground>01</UIForeground>: 120
Attacke-Wert von <UIForeground>F201F6</UIForeground><UIGlow>F201F7</UIGlow>Zweischnitt<UIGlow>01</UIGlow><UIForeground>01</UIForeground>: 540
Attacke-Wert von <UIForeground>F201F6</UIForeground><UIGlow>F201F7</UIGlow>Blutvergießen<UIGlow>01</UIGlow><UIForeground>01</UIForeground>: 600
Attacke-Wert von <UIForeground>F201F6</UIForeground><UIGlow>F201F7</UIGlow>Quietus<UIGlow>01</UIGlow><UIForeground>01</UIForeground>: 240"
664,"Erhöht den Attacke-Wert folgender Kommandos:
Attacke-Wert von <UIForeground>F201F6</UIForeground><UIGlow>F201F7</UIGlow>Ruinga<UIGlow>01</UIGlow><UIForeground>01</UIForeground>: 400
Attacke-Wert von <UIForeground>F201F6</UIForeground><UIGlow>F201F7</UIGlow>Lichtimpuls<UIGlow>01</UIGlow><UIForeground>01</UIForeground>: 500
Attacke-Wert von <UIForeground>F201F6</UIForeground><UIGlow>F201F7</UIGlow>Ruinka<UIGlow>01</UIGlow><UIForeground>01</UIForeground>: 520
Attacke-Wert von <UIForeground>F201F6</UIForeground><UIGlow>F201F7</UIGlow>Rubin-Ritus<UIGlow>01</UIGlow><UIForeground>01</UIForeground>: 580
Attacke-Wert von <UIForeground>F201F6</UIForeground><UIGlow>F201F7</UIGlow>Topas-Ritus<UIGlow>01</UIGlow><UIForeground>01</UIForeground>: 340
Attacke-Wert von <UIForeground>F201F6</UIForeground><UIGlow>F201F7</UIGlow>Smaragd-Ritus<UIGlow>01</UIGlow><UIForeground>01</UIForeground>: 280
Attacke-Wert von <UIForeground>F201F6</UIForeground><UIGlow>F201F7</UIGlow>Quell des Feuers<UIGlow>01</UIGlow><UIForeground>01</UIForeground>: 580
Attacke-Wert von <UIForeground>F201F6</UIForeground><UIGlow>F201F7</UIGlow>Zinnober-Schlag<UIGlow>01</UIGlow><UIForeground>01</UIForeground>: 520
Attacke-Wert von <UIForeground>F201F6</UIForeground><UIGlow>F201F7</UIGlow>Zinnober-Zyklon<UIGlow>01</UIGlow><UIForeground>01</UIForeground>: 520
Attacke-Wert von <UIForeground>F201F6</UIForeground><UIGlow>F201F7</UIGlow>Bergsprenger<UIGlow>01</UIGlow><UIForeground>01</UIForeground>: 160
Attacke-Wert von <UIForeground>F201F6</UIForeground><UIGlow>F201F7</UIGlow>Wirbelströmung<UIGlow>01</UIGlow><UIForeground>01</UIForeground>: 520
Attacke-Wert von <UIForeground>F201F6</UIForeground><UIGlow>F201F7</UIGlow>Inferno<UIGlow>01</UIGlow><UIForeground>01</UIForeground>: 800
Attacke-Wert von <UIForeground>F201F6</UIForeground><UIGlow>F201F7</UIGlow>Gaias Zorn<UIGlow>01</UIGlow><UIForeground>01</UIForeground>: 800
Attacke-Wert von <UIForeground>F201F6</UIForeground><UIGlow>F201F7</UIGlow>Windschlag<UIGlow>01</UIGlow><UIForeground>01</UIForeground>: 800"
665,"Erfolgreiche Ausführung von <UIForeground>F201F6</UIForeground><UIGlow>F201F7</UIGlow>Verwegenheit<UIGlow>01</UIGlow><UIForeground>01</UIForeground> gewährt dir <UIForeground>F201FA</UIForeground><UIGlow>F201FB</UIGlow>Gewetzte Klinge<UIGlow>01</UIGlow><UIForeground>01</UIForeground>.
Dauer: 30 Sekunden"
666,"Erfolgreiche Ausführung von <UIForeground>F201F6</UIForeground><UIGlow>F201F7</UIGlow>Ohne Gnade<UIGlow>01</UIGlow><UIForeground>01</UIForeground> gewährt dir <UIForeground>F201FA</UIForeground><UIGlow>F201FB</UIGlow>Schallschnell<UIGlow>01</UIGlow><UIForeground>01</UIForeground>.
Dauer: 30 Sekunden"
667,"Erhöht den Attacke-Wert folgender Kommandos:
Attacke-Wert von <UIForeground>F201F6</UIForeground><UIGlow>F201F7</UIGlow>Zerfetzer<UIGlow>01</UIGlow><UIForeground>01</UIForeground>: 300
Attacke-Wert von <UIForeground>F201F6</UIForeground><UIGlow>F201F7</UIGlow>Brutaler Einschlag<UIGlow>01</UIGlow><UIForeground>01</UIForeground>: 240
Attacke-Wert von <UIForeground>F201F6</UIForeground><UIGlow>F201F7</UIGlow>Stahlwalze<UIGlow>01</UIGlow><UIForeground>01</UIForeground>: 240
Attacke-Wert von <UIForeground>F201F6</UIForeground><UIGlow>F201F7</UIGlow>Explosiver Stoß<UIGlow>01</UIGlow><UIForeground>01</UIForeground>: 420
Attacke-Wert von <UIForeground>F201F6</UIForeground><UIGlow>F201F7</UIGlow>Schlagfänge<UIGlow>01</UIGlow><UIForeground>01</UIForeground>: 440
Attacke-Wert von <UIForeground>F201F6</UIForeground><UIGlow>F201F7</UIGlow>Wilde Klauen<UIGlow>01</UIGlow><UIForeground>01</UIForeground>: 500
Attacke-Wert von <UIForeground>F201F6</UIForeground><UIGlow>F201F7</UIGlow>Tückische Kralle<UIGlow>01</UIGlow><UIForeground>01</UIForeground>: 560
Attacke-Wert von <UIForeground>F201F6</UIForeground><UIGlow>F201F7</UIGlow>Kehlreißer<UIGlow>01</UIGlow><UIForeground>01</UIForeground>: 220
Attacke-Wert von <UIForeground>F201F6</UIForeground><UIGlow>F201F7</UIGlow>Bauchschlitzer<UIGlow>01</UIGlow><UIForeground>01</UIForeground>: 260
Attacke-Wert von <UIForeground>F201F6</UIForeground><UIGlow>F201F7</UIGlow>Augenstecher<UIGlow>01</UIGlow><UIForeground>01</UIForeground>: 300
Attacke-Wert von <UIForeground>F201F6</UIForeground><UIGlow>F201F7</UIGlow>Erda-Detonation<UIGlow>01</UIGlow><UIForeground>01</UIForeground>: 800
Attacke-Wert von <UIForeground>F201F6</UIForeground><UIGlow>F201F7</UIGlow>Überschall<UIGlow>01</UIGlow><UIForeground>01</UIForeground>: 180"
668,"Erhöht den Attacke-Wert folgender Kommandos:
Attacke-Wert von <UIForeground>F201F6</UIForeground><UIGlow>F201F7</UIGlow>Empyreischer Pfeil<UIGlow>01</UIGlow><UIForeground>01</UIForeground>: 260
Attacke-Wert von <UIForeground>F201F6</UIForeground><UIGlow>F201F7</UIGlow>Seitenschneider<UIGlow>01</UIGlow><UIForeground>01</UIForeground>: 400
Attacke-Wert von <UIForeground>F201F6</UIForeground><UIGlow>F201F7</UIGlow>Glänzender Pfeil<UIGlow>01</UIGlow><UIForeground>01</UIForeground>: 280
Attacke-Wert von <UIForeground>F201F6</UIForeground><UIGlow>F201F7</UIGlow>Berstender Schuss<UIGlow>01</UIGlow><UIForeground>01</UIForeground>: 220
Attacke-Wert von <UIForeground>F201F6</UIForeground><UIGlow>F201F7</UIGlow>Apex-Pfeil<UIGlow>01</UIGlow><UIForeground>01</UIForeground>: 140 bis 700"
669,"Erhöht den Attacke-Wert folgender Kommandos:
Attacke-Wert von <UIForeground>F201F6</UIForeground><UIGlow>F201F7</UIGlow>Dosis III<UIGlow>01</UIGlow><UIForeground>01</UIForeground>: 380
Attacke-Wert von <UIForeground>F201F6</UIForeground><UIGlow>F201F7</UIGlow>Eukratische Dosis III<UIGlow>01</UIGlow><UIForeground>01</UIForeground>: 85
Attacke-Wert von <UIForeground>F201F6</UIForeground><UIGlow>F201F7</UIGlow>Toxikon II<UIGlow>01</UIGlow><UIForeground>01</UIForeground>: 380
Attacke-Wert von <UIForeground>F201F6</UIForeground><UIGlow>F201F7</UIGlow>Pneuma<UIGlow>01</UIGlow><UIForeground>01</UIForeground>: 380"
670,"Erhöht den Basisschaden und das Regenerationspotenzial von Kommandos außer Auto-Attacke um 10<Indent/>%."
671,"Erhöht den Basisschaden und das Regenerationspotenzial von Kommandos außer Auto-Attacke um 30<Indent/>%."
672,"Erhöht den Attacke-Wert folgender Kommandos:
Attacke-Wert von <UIForeground>F201F6</UIForeground><UIGlow>F201F7</UIGlow>Feuer in Rot<UIGlow>01</UIGlow><UIForeground>01</UIForeground>: 310
Attacke-Wert von <UIForeground>F201F6</UIForeground><UIGlow>F201F7</UIGlow>Wind in Grün<UIGlow>01</UIGlow><UIForeground>01</UIForeground>: 350
Attacke-Wert von <UIForeground>F201F6</UIForeground><UIGlow>F201F7</UIGlow>Aqua in Blau<UIGlow>01</UIGlow><UIForeground>01</UIForeground>: 390
Attacke-Wert von <UIForeground>F201F6</UIForeground><UIGlow>F201F7</UIGlow>Muse mit Bommel<UIGlow>01</UIGlow><UIForeground>01</UIForeground>: 700
Attacke-Wert von <UIForeground>F201F6</UIForeground><UIGlow>F201F7</UIGlow>Beschwingte Muse<UIGlow>01</UIGlow><UIForeground>01</UIForeground>: 700
Attacke-Wert von <UIForeground>F201F6</UIForeground><UIGlow>F201F7</UIGlow>Opus Mognum<UIGlow>01</UIGlow><UIForeground>01</UIForeground>: 800
Attacke-Wert von <UIForeground>F201F6</UIForeground><UIGlow>F201F7</UIGlow>Hammerstempel<UIGlow>01</UIGlow><UIForeground>01</UIForeground>: 420"
673,"Erhöht den Attacke-Wert folgender Kommandos:
Attacke-Wert des Schaden-über-Zeit-Effekts von <UIForeground>F201F6</UIForeground><UIGlow>F201F7</UIGlow>Konjunktion III<UIGlow>01</UIGlow><UIForeground>01</UIForeground>: 70
Attacke-Wert von <UIForeground>F201F6</UIForeground><UIGlow>F201F7</UIGlow>Aspekt im Fall<UIGlow>01</UIGlow><UIForeground>01</UIForeground>: 270
Attacke-Wert von <UIForeground>F201F6</UIForeground><UIGlow>F201F7</UIGlow>Gravitra<UIGlow>01</UIGlow><UIForeground>01</UIForeground>: 140
Attacke-Wert von <UIForeground>F201F6</UIForeground><UIGlow>F201F7</UIGlow>Makrokosmos<UIGlow>01</UIGlow><UIForeground>01</UIForeground>: 270"
674,"Erhöht den Attacke-Wert folgender Kommandos:
Attacke-Wert von <UIForeground>F201F6</UIForeground><UIGlow>F201F7</UIGlow>Tödliche Fänge<UIGlow>01</UIGlow><UIForeground>01</UIForeground>: 200
Attacke-Wert von <UIForeground>F201F6</UIForeground><UIGlow>F201F7</UIGlow>Tückische Fänge<UIGlow>01</UIGlow><UIForeground>01</UIForeground>: 200
Attacke-Wert von <UIForeground>F201F6</UIForeground><UIGlow>F201F7</UIGlow>Blutige Fänge<UIGlow>01</UIGlow><UIForeground>01</UIForeground>: 300
Attacke-Wert von <UIForeground>F201F6</UIForeground><UIGlow>F201F7</UIGlow>Flinke Fänge<UIGlow>01</UIGlow><UIForeground>01</UIForeground>: 300"
675,"Erhöht den Attacke-Wert folgender Kommandos:
Attacke-Wert von <UIForeground>F201F6</UIForeground><UIGlow>F201F7</UIGlow>Flankenbiss<UIGlow>01</UIGlow><UIForeground>01</UIForeground>: 340
Attacke-Wert von <UIForeground>F201F6</UIForeground><UIGlow>F201F7</UIGlow>Flankenreißer<UIGlow>01</UIGlow><UIForeground>01</UIForeground>: 340
Attacke-Wert von <UIForeground>F201F6</UIForeground><UIGlow>F201F7</UIGlow>Nackenbiss<UIGlow>01</UIGlow><UIForeground>01</UIForeground>: 340
Attacke-Wert von <UIForeground>F201F6</UIForeground><UIGlow>F201F7</UIGlow>Nackenreißer<UIGlow>01</UIGlow><UIForeground>01</UIForeground>: 340"
676,"Erhöht den Attacke-Wert folgender Kommandos:
Attacke-Wert von <UIForeground>F201F6</UIForeground><UIGlow>F201F7</UIGlow>Feuer in Rot<UIGlow>01</UIGlow><UIForeground>01</UIForeground>: 380
Attacke-Wert von <UIForeground>F201F6</UIForeground><UIGlow>F201F7</UIGlow>Wind in Grün<UIGlow>01</UIGlow><UIForeground>01</UIForeground>: 420
Attacke-Wert von <UIForeground>F201F6</UIForeground><UIGlow>F201F7</UIGlow>Aqua in Blau<UIGlow>01</UIGlow><UIForeground>01</UIForeground>: 460
Attacke-Wert von <UIForeground>F201F6</UIForeground><UIGlow>F201F7</UIGlow>Feura in Rot<UIGlow>01</UIGlow><UIForeground>01</UIForeground>: 150
Attacke-Wert von <UIForeground>F201F6</UIForeground><UIGlow>F201F7</UIGlow>Windra in Grün<UIGlow>01</UIGlow><UIForeground>01</UIForeground>: 170
Attacke-Wert von <UIForeground>F201F6</UIForeground><UIGlow>F201F7</UIGlow>Aquara in Blau<UIGlow>01</UIGlow><UIForeground>01</UIForeground>: 190
Attacke-Wert von <UIForeground>F201F6</UIForeground><UIGlow>F201F7</UIGlow>Hammerstempel<UIGlow>01</UIGlow><UIForeground>01</UIForeground>: 500
Attacke-Wert von <UIForeground>F201F6</UIForeground><UIGlow>F201F7</UIGlow>Eis in Cyan<UIGlow>01</UIGlow><UIForeground>01</UIForeground>: 680
Attacke-Wert von <UIForeground>F201F6</UIForeground><UIGlow>F201F7</UIGlow>Stein in Gelb<UIGlow>01</UIGlow><UIForeground>01</UIForeground>: 720
Attacke-Wert von <UIForeground>F201F6</UIForeground><UIGlow>F201F7</UIGlow>Blitz in Magenta<UIGlow>01</UIGlow><UIForeground>01</UIForeground>: 760
Attacke-Wert von <UIForeground>F201F6</UIForeground><UIGlow>F201F7</UIGlow>Eisra in Cyan<UIGlow>01</UIGlow><UIForeground>01</UIForeground>: 330
Attacke-Wert von <UIForeground>F201F6</UIForeground><UIGlow>F201F7</UIGlow>Steinra in Gelb<UIGlow>01</UIGlow><UIForeground>01</UIForeground>: 350
Attacke-Wert von <UIForeground>F201F6</UIForeground><UIGlow>F201F7</UIGlow>Blitzra in Magenta<UIGlow>01</UIGlow><UIForeground>01</UIForeground>: 370"
677,"Erhöht den Attacke-Wert folgender Kommandos:
Attacke-Wert von <UIForeground>F201F6</UIForeground><UIGlow>F201F7</UIGlow>Feuer in Rot<UIGlow>01</UIGlow><UIForeground>01</UIForeground>: 420
Attacke-Wert von <UIForeground>F201F6</UIForeground><UIGlow>F201F7</UIGlow>Wind in Grün<UIGlow>01</UIGlow><UIForeground>01</UIForeground>: 460
Attacke-Wert von <UIForeground>F201F6</UIForeground><UIGlow>F201F7</UIGlow>Aqua in Blau<UIGlow>01</UIGlow><UIForeground>01</UIForeground>: 500
Attacke-Wert von <UIForeground>F201F6</UIForeground><UIGlow>F201F7</UIGlow>Muse mit Bommel<UIGlow>01</UIGlow><UIForeground>01</UIForeground>: 800
Attacke-Wert von <UIForeground>F201F6</UIForeground><UIGlow>F201F7</UIGlow>Beschwingte Muse<UIGlow>01</UIGlow><UIForeground>01</UIForeground>: 800
Attacke-Wert von <UIForeground>F201F6</UIForeground><UIGlow>F201F7</UIGlow>Opus Mognum<UIGlow>01</UIGlow><UIForeground>01</UIForeground>: 1.000
Attacke-Wert von <UIForeground>F201F6</UIForeground><UIGlow>F201F7</UIGlow>Hammerstempel<UIGlow>01</UIGlow><UIForeground>01</UIForeground>: 540
Attacke-Wert von <UIForeground>F201F6</UIForeground><UIGlow>F201F7</UIGlow>Eis in Cyan<UIGlow>01</UIGlow><UIForeground>01</UIForeground>: 750
Attacke-Wert von <UIForeground>F201F6</UIForeground><UIGlow>F201F7</UIGlow>Stein in Gelb<UIGlow>01</UIGlow><UIForeground>01</UIForeground>: 790
Attacke-Wert von <UIForeground>F201F6</UIForeground><UIGlow>F201F7</UIGlow>Blitz in Magenta<UIGlow>01</UIGlow><UIForeground>01</UIForeground>: 830
Attacke-Wert von <UIForeground>F201F6</UIForeground><UIGlow>F201F7</UIGlow>Sanctus in Weiß<UIGlow>01</UIGlow><UIForeground>01</UIForeground>: 500"
678,"Erhöht den Attacke-Wert folgender Kommandos:
Attacke-Wert von <UIForeground>F201F6</UIForeground><UIGlow>F201F7</UIGlow>Feuer in Rot<UIGlow>01</UIGlow><UIForeground>01</UIForeground>: 490
Attacke-Wert von <UIForeground>F201F6</UIForeground><UIGlow>F201F7</UIGlow>Wind in Grün<UIGlow>01</UIGlow><UIForeground>01</UIForeground>: 530
Attacke-Wert von <UIForeground>F201F6</UIForeground><UIGlow>F201F7</UIGlow>Aqua in Blau<UIGlow>01</UIGlow><UIForeground>01</UIForeground>: 570
Attacke-Wert von <UIForeground>F201F6</UIForeground><UIGlow>F201F7</UIGlow>Feura in Rot<UIGlow>01</UIGlow><UIForeground>01</UIForeground>: 180
Attacke-Wert von <UIForeground>F201F6</UIForeground><UIGlow>F201F7</UIGlow>Windra in Grün<UIGlow>01</UIGlow><UIForeground>01</UIForeground>: 200
Attacke-Wert von <UIForeground>F201F6</UIForeground><UIGlow>F201F7</UIGlow>Aquara in Blau<UIGlow>01</UIGlow><UIForeground>01</UIForeground>: 220
Attacke-Wert von <UIForeground>F201F6</UIForeground><UIGlow>F201F7</UIGlow>Hammerstempel<UIGlow>01</UIGlow><UIForeground>01</UIForeground>: 560
Attacke-Wert von <UIForeground>F201F6</UIForeground><UIGlow>F201F7</UIGlow>Eis in Cyan<UIGlow>01</UIGlow><UIForeground>01</UIForeground>: 860
Attacke-Wert von <UIForeground>F201F6</UIForeground><UIGlow>F201F7</UIGlow>Stein in Gelb<UIGlow>01</UIGlow><UIForeground>01</UIForeground>: 900
Attacke-Wert von <UIForeground>F201F6</UIForeground><UIGlow>F201F7</UIGlow>Blitz in Magenta<UIGlow>01</UIGlow><UIForeground>01</UIForeground>: 940
Attacke-Wert von <UIForeground>F201F6</UIForeground><UIGlow>F201F7</UIGlow>Eisra in Cyan<UIGlow>01</UIGlow><UIForeground>01</UIForeground>: 360
Attacke-Wert von <UIForeground>F201F6</UIForeground><UIGlow>F201F7</UIGlow>Steinra in Gelb<UIGlow>01</UIGlow><UIForeground>01</UIForeground>: 380
Attacke-Wert von <UIForeground>F201F6</UIForeground><UIGlow>F201F7</UIGlow>Blitzra in Magenta<UIGlow>01</UIGlow><UIForeground>01</UIForeground>: 400
Attacke-Wert von <UIForeground>F201F6</UIForeground><UIGlow>F201F7</UIGlow>Sanctus in Weiß<UIGlow>01</UIGlow><UIForeground>01</UIForeground>: 570
Attacke-Wert von <UIForeground>F201F6</UIForeground><UIGlow>F201F7</UIGlow>Hammerpinsel<UIGlow>01</UIGlow><UIForeground>01</UIForeground>: 580
Attacke-Wert von <UIForeground>F201F6</UIForeground><UIGlow>F201F7</UIGlow>Hammerglanz<UIGlow>01</UIGlow><UIForeground>01</UIForeground>: 600
Attacke-Wert von <UIForeground>F201F6</UIForeground><UIGlow>F201F7</UIGlow>Komet in Schwarz<UIGlow>01</UIGlow><UIForeground>01</UIForeground>: 940"
679,""
680,""
681,""
682,""
683,""
684,""
685,""
686,""
687,""
688,""
689,""
690,""
691,""
692,""
693,""
694,""
695,""
696,""
697,""
698,""
699,""
700,""
701,""
702,""
703,""
704,""
705,""
706,""
707,""
708,""
709,""
710,""
711,""
712,""
713,""
714,""
715,""
716,""
717,""
718,""
719,""
720,""
721,""
722,""
723,""
724,""
725,""
726,""
727,""
728,""
729,""
730,""
731,""
732,""
733,""
734,""
735,""
736,""
737,""
738,""
739,""
740,""
741,""
742,""
743,""
744,""
745,""
746,""
747,""
748,""
749,""
750,""
751,""
752,""
753,""
754,""
755,""
756,""
757,""
758,""
759,""
760,""
761,""
762,""
763,""
764,""
765,""
766,""
767,""
768,""
769,""
770,""
771,""
772,""
773,""
774,""
775,""
776,""
777,""
778,""
779,""
780,""
781,""
782,""
783,""
784,""
785,""
786,""
787,""
788,""
789,""
790,""
791,""
792,""
793,""
794,""
795,""
796,""
797,""
798,""
799,""
800,""
801,""
802,""
803,""
804,""
805,""
806,""
807,""
808,""
809,""
810,""
811,""
812,""
813,""
814,""
815,""
816,""
817,""
818,""
819,""
820,""
821,""
822,""
823,""
824,""
825,""
826,""
827,""
828,""
829,""
830,""
831,""
832,""
833,""
834,""
835,""
836,""
837,""
838,""
839,""
840,""
841,""
