key,0,1
#,Slowly,Dialogue
int32,bit&01,str
0,False,""
1,False,""
2,False,"Approchez, mesdames et messieurs<Indent/>!"
3,True,"Que des bonnes affaires<Indent/>!"
4,True,"Zzz..."
5,False,"Des nouvelles de l'Empire<Indent/>?"
6,False,"Nous attendons un rapport de nos unités sur place."
7,False,"Ah<Indent/>! Quelle cité pittoresque et verdoyante<Indent/>!"
8,False,"Cette ville n'est pas très accueillante..."
9,False,"Alors<Indent/>? Ne me fais pas languir plus longtemps."
10,False,"Celui-là. Commençons avec celui-là."
11,False,"Gentil, lààà..."
12,False,"Kwéé..."
13,False,"Je vais faire un rapport."
14,False,"On dirait bien."
15,False,"C'est un coup des Ixali, apparemment."
16,False,"Laissez-moi vous montrer, Monsieur."
17,False,"Quand est le prochain départ<Indent/>?"
18,False,"Elle en met, du temps..."
19,False,"..."
20,False,"..."
21,False,"... Zzz..."
22,False,"Les étrangers ne sont bons à rien."
23,False,"Aucun Ixal en vue<Indent/>!"
24,False,"Quel plumage magnifique<Indent/>!"
25,False,"Le quartier commerçant se trouve par là."
26,False,"..."
27,False,"Allez... fais pas la tête<Indent/>!"
28,False,"Et si on faisait appel aux esprits<Indent/>?"
29,False,"C'est à nous de protéger la forêt<Indent/>!"
30,False,"Il tourne, il tourne, le joli moulin...♪"
31,False,"Il faut se reposer quand on en a l'occasion..."
32,False,"K-kwé... kwé..."
33,False,"Eh bien<Indent/>? Qu'est-ce que tu as<Indent/>?"
34,False,"Voyons voir... Un, deux, trois..."
35,False,"Ces mots resteront gravés dans mon cœur<Indent/>!"
36,False,"Zzz..."
37,False,"Beuh, mes mains sentent les légumes de Gysahl..."
38,False,"Il n'y en a jamais, en ce moment..."
39,False,"On n'a plus de noix, désolé<Indent/>!"
40,False,"Pfouh..."
41,False,"Mangez-moi, mangez-moi...♪"
42,False,"Ah, j'ai de la sciure dans le nez<Indent/>!"
43,False,"Et je tape, tape, tape..."
44,False,"Bah, <If(PlayerParameter(4))>une grande<Else/>un grand</If>... Laisse-nous un peu<Indent/>!"
45,False,"♪ La la la, la la..."
46,False,"Je peux le faire, je te dis<Indent/>! Regarde un peu<Indent/>!"
47,False,"Tu vas encore tomber..."
48,False,"Il faut faire confiance aux esprits."
49,False,"Que pouvons-nous faire<Indent/>?"
50,False,"♪♪♪"
51,False,"Fouh... Besoin de souffler..."
52,False,"Elles ont bien grandi<Indent/>!"
53,False,"Encore un peu, et elles seront prêtes."
54,False,"Je t'ai bien dit que la forêt était dangereuse<Indent/>!?"
55,False,"Mais, euh<Indent/>!"
56,False,"Admirez nos produits, mesdames et messieurs<Indent/>!"
57,False,"Vous ne trouverez pas moins cher ailleurs<Indent/>!"
58,False,"On devrait se donner une autre chance, toi et moi<Indent/>!"
59,False,"Peut-être bien, oui..."
60,False,"Sois <If(PlayerParameter(4))>la<Else/>le</If> bienvenu<If(PlayerParameter(4))>e<Else/></If>, l'ami<If(PlayerParameter(4))>e<Else/></If>."
61,False,"Kwé kwé..."
62,False,"Pardon, je ne recommencerai plus..."
63,False,"C'est la dernière fois<Indent/>!"
64,False,"Pfff, ces Crépusculaires..."
65,False,"Pas de bruit, je vous prie."
66,False,"Debout, on n'a pas fini<Indent/>!"
67,False,"Mais j'ai les pieds en compote..."
68,False,"Oui, Chef<Indent/>!"
69,False,"Restez bien droits, gardez le rythme..."
70,False,"Moins raide sur tes jambes<Indent/>!"
71,False,"Yah<Indent/>!"
72,False,"M... Mes bras..."
73,False,"Ouh..."
74,False,"Tout ira bien."
75,False,"..."
76,False,"Il n'a pas l'air blessé..."
77,False,"Hmm..."
78,False,"Une pincée de sel..."
79,False,"La légèreté, ou la puissance..."
80,False,"Comment vous expliquer, euh..."
81,False,"..."
82,False,"...<Indent/>?"
83,False,"J-je suis désolé..."
84,False,"Tu m'encourages<Indent/>?"
85,False,"♪♪♪"
86,False,"Qu'est-ce que je vais planter maintenant<Indent/>?<Indent/>..."
87,False,"J'ai changé de fertilisant cette saison<Indent/>!"
88,False,"Je me disais bien que les tiges ont l'air plus robustes."
89,False,"Je comprends mieux maintenant<Indent/>!"
90,False,"Poussez, poussez, mes belles<Indent/>!"
91,False,"Hé<Indent/>! C'est ton tour, là<Indent/>!"
92,False,"Je me repose encore dix minutes, et je reprends..."
93,False,"Je ne te félicite pas<Indent/>!"
94,False,"Faites un petit geste<Indent/>!"
95,False,"未使用：会話091"
96,False,"La volonté de la forêt est absolue."
97,False,"C-c'est vrai<Indent/>!?"
98,False,"Oh, non..."
99,False,"Qu'allons-nous faire<Indent/>?"
100,False,"La Déesse entendra votre prière."
101,False,"Je veux prier pour mon commerce..."
102,False,"Nous devons reprendre notre route<Indent/>!"
103,False,"Je vais nulle part avant d'avoir bu un coup<Indent/>!"
104,False,"Mais on vient juste d'arriver<Indent/>!"
105,False,"..."
106,False,"Ô esprits<Indent/>! Ô druides<Indent/>!"
107,False,"Vous savez, j'ai des maux de tête in<SoftHyphen/>sup<SoftHyphen/>por<SoftHyphen/>ta<SoftHyphen/>bles..."
108,False,"Protégez-nous, je vous en prie<Indent/>!"
109,False,"Vous allez guérir vite<Indent/>!"
110,False,"Merci... merci<Indent/>!"
111,False,"Ce n'est pas de chance."
112,False,"J'ai fait une mauvaise récolte cette saison..."
113,False,"De la farine, du seigle..."
114,False,"Il n'y a rien de mieux au monde."
115,False,"Quel parfum délicieux<Indent/>!"
116,False,"Ça passe si vite..."
117,False,"Déjà cinq ans depuis la catastrophe..."
118,False,"(bâille)"
119,False,"Moi, j'aime pas les étrangers."
120,False,"On doit s'ouvrir, c'est la volonté de Kan-E-Senna<Indent/>!"
121,False,"..."
122,False,"Fiouh..."
123,False,"Les règles sont les règles."
124,False,"Faites un petit geste<Indent/>!"
125,False,"Je le veux tout de suite<Indent/>!"
126,False,"Celui-là est mieux, non<Indent/>?"
127,False,"Je crois que je vais prendre celui-ci..."
128,False,"Ça fait du bien par où ça passe<Indent/>!"
129,False,"Je suis sûr que je tiens là-dedans<Indent/>!"
130,False,"Eh, tu m'écoutes<Indent/>!?"
131,False,"Un point dedans, un point dehors..."
132,False,"Bien, brave bête<Indent/>!"
133,False,"Doucement et soigneusement..."
134,False,"Et là, il m'a dit, accroche-toi au pinceau..."
135,False,"Tout m'a l'air impeccable."
136,False,"Oh, c'est ravissant<Indent/>!"
137,False,"Ils ont aussi ce genre de choses<Indent/>!"
138,False,"Silence, s'il vous plaît<Indent/>!"
139,False,"(ronfle)..."
140,False,"Grmbl... Je dois y arriver..."
141,False,"Décidément, c'est pas mon jour<Indent/>!"
142,False,"Sois moins tendue... Prends ton temps."
143,False,"Il faut trouver une faille..."
144,False,"Ne sous-estime pas les Ixali."
145,False,"Pfouh... J'en peux plus..."
146,False,"Pffh, pffh..."
147,False,"Déjà fatigués<Indent/>?"
148,False,"Compris<Indent/>!"
149,False,"Bien, Chef<Indent/>!"
150,False,"Oui, M'sieur<Indent/>!"
151,False,"Ils ne bandent pas assez leurs arcs."
152,False,"Je vous en prie, aidez-moi..."
153,False,"Kwé<Indent/>!!"
154,False,"Encore cent coups<Indent/>!"
155,False,"Ton approche est trop molle<Indent/>!"
156,False,"Ma chère Pauline... Zzz..."
157,False,"C'est encore ces fichus chigoes<Indent/>!"
158,False,"Mes pousses ont été saccagées..."
159,False,"Kwé kwé<Indent/>!"
160,False,"Alors que le bon élagueur, lui, il coupe la branche mais..."
161,False,"Comme tu es beau, toi<Indent/>!"
162,False,"On est presque arrivés<Indent/>!"
163,False,"À nous les sousous dans la popoche<Indent/>!"
164,False,"Pas d'imprudence avant d'y être<Indent/>!"
165,False,"Ah, bravo..."
166,False,"Beuheuh... (hips)"
167,False,"Les esprits ne laisseront jamais faire ça<Indent/>!"
168,False,"Encore<Indent/>? D'Ala Mhigo<Indent/>?"
169,False,"Encore <If(PlayerParameter(4))>une aventurière<Else/>un aventurier</If>..."
170,False,"C'est un marchand, ça, ou bien...<Indent/>?"
171,False,"Nous partons en expédition. Que les courageux nous suivent<Indent/>!"
172,False,"Vous auriez pas un boulot sympa pour moi<Indent/>?"
173,False,"Quoi, encore casser de l'écureuil<Indent/>!? Pffff..."
174,False,"Quoi, on ne peut pas louer de chambre<Indent/>?"
175,False,"Je vous apporte ça tout de suite<Indent/>!"
176,False,"Une tisane, s'il vous plaît."
177,False,"Souffle un coup. On reprend l'en<SoftHyphen/>traî<SoftHyphen/>ne<SoftHyphen/>ment dès que t'as récupéré."
178,False,"Pfiou... Je suis épuisé..."
179,False,"Va donc demander à une adamankhélone<Indent/>! Je ne peux rien pour toi<Indent/>!"
180,False,"Allez, juste un<Indent/>! Sois sympa<Indent/>!"
181,False,"Décidez-vous, bon sang<Indent/>! Cette caisse pèse une tonz<Indent/>!"
182,False,"Il y a sûrement un point faible dans leurs carapaces<Indent/>!"
183,False,"Il y a sans doute matière à réflexion, en effet..."
184,False,"Il y a des remous suspects, là-bas..."
185,False,"J'en peux plus, je sens plus mes bras<Indent/>!"
186,False,"Vous m'en direz tant<Indent/>!"
187,False,"Une attaque à la tour d'Eugenia<Indent/>!"
188,False,"Nous devons être vigilants."
189,False,"Quel chef-d'œuvre..."
190,False,"La forteresse au nord<Indent/>? C'est trop dangereux<Indent/>!"
191,False,"Allez, c'est juste pour jeter un œil<Indent/>!"
192,False,"Ô ma douce... Zzz..."
193,False,"(soupire) Qu'il est beau..."
194,False,"Euh... Laissez-moi réfléchir..."
195,False,"Aujourd'hui, nous vous proposons du triton en meunière."
196,False,"Je les revois encore... J'ai vraiment eu la peur de ma vie<Indent/>!"
197,False,"Remets-toi, c'est fini<Indent/>!"
198,False,"Que j'vous voie pas vous relâcher, ou j'vous en colle cent de plus<Indent/>!"
199,False,"Et une, et deux<Indent/>! Et une, et deux<Indent/>!"
200,False,"Et alors là, tu vois...  Oh<Indent/>! Tu m'écoutes<Indent/>?"
201,False,"Cette odeur<Indent/>! Je ne m'y ferai jamais..."
202,False,"Écoutez un peu cette idée que je viens d'avoir<Indent/>!"
203,False,"Et ça recommence... (soupire)"
204,False,"Laisse-moi deviner<Indent/>: une nouvelle excursion aux ruines<Indent/>?"
205,False,"Qui a utilisé de la glu animale<Indent/>? Je vais jamais réussir à décoller ça, moi<Indent/>!"
206,False,"Après une journée pareille, rien ne vaut une bonne bière<Indent/>!"
207,False,"Fais comme moi et bois une bonne brune en attendant<Indent/>!"
208,False,"Tu tiendrais même pas trente secondes contre moi."
209,False,"Sacré dilemme..."
210,False,"Tu veux parier<Indent/>?"
211,False,"Disons qu'on se mettrait à l'abri pour un moment..."
212,False,"La récompense en vaut la peine, au moins<Indent/>?"
213,False,"Besoin d'argent<Indent/>? J'peux t'en prêter si tu veux, héhéhé..."
214,False,"Je commence à en avoir marre d'être planté là..."
215,False,"Les combats d'aujourd'hui promettent<Indent/>!"
216,False,"T'es prêt<Indent/>?"
217,False,"Une seconde, je préfère l'avoir bien en main."
218,False,"Un jour, j'y arriverai<Indent/>!"
219,False,"Qu'est-ce que c'est que ce jeu de jambes<Indent/>? Réveillez-vous, bon sang<Indent/>!"
220,False,"C'est le casier numéro 473."
221,False,"Il n'y aurait pas comme une petite différence de catégorie<Indent/>?"
222,False,"Voilà ce que je compte faire pour ma prochaine création..."
223,False,"Moi aussi, un jour, j'aurai une place sur ce mur..."
224,False,"Je te reconnais bien là<Indent/>!"
225,False,"Le dernier chargement contenait beaucoup d'impuretés."
226,False,"J'ai remporté tous mes combats, aujourd'hui."
227,False,"Et pas une seule égratignure<Indent/>? Incroyable<Indent/>!"
228,False,"Qu'il est beau..."
229,False,"Calamités, cataclysmes... catastrophes, voilà ce que je cherchais<Indent/>!"
230,False,"Prosternez-vous devant Thal et priez pour un confortable passage vers l'au-delà."
231,False,"Faites que je me réincarne en quelqu'un d'heureux... et riche<Indent/>!"
232,False,"L'argent n'est pas un problème."
233,False,"Nous sommes venus demander la bénédiction de Thal."
234,False,"Tu vas te plaindre à la guilde<Indent/>?"
235,False,"Kwé kwé<Indent/>!"
236,False,"C'est l'heure de ta toilette."
237,False,"Demandez le programme<Indent/>!"
238,False,"C'est le combat du jour<Indent/>!"
239,False,"Georg Galleongut va encore faire un massacre..."
240,False,"Je t'ai à l'œil<Indent/>!"
241,False,"Dans quelques minutes elle prendra sa pause et j'en profiterai pour..."
242,False,"Votre femme va adorer<Indent/>!"
243,False,"Un sac de blé, s'il vous plaît."
244,False,"Pour du pain ou de la bière<Indent/>?"
245,False,"Pas si elle apprend combien ça m'a coûté..."
246,False,"Quoi de plus ravissant qu'une femme parée de diamants<Indent/>?"
247,False,"Je vends les gemmes les plus pures de la ville<Indent/>!"
248,False,"Approchez-vous et admirez<Indent/>!"
249,False,"Regarde<Indent/>! Il ne les laisse jamais tomber<Indent/>!"
250,False,"Pas de quoi s'extasier..."
251,False,"Ses promesses m'ont rendue folle, mais tout n'était que belles paroles."
252,False,"Je ne savais pas que la mode était aux queues de chat..."
253,False,"Oui<Indent/>! En échange d'un simple dîner chez lui, hihi<Indent/>!"
254,False,"Il a vraiment promis de t'acheter le collier de tes rêves<Indent/>?"
255,False,"Eh<Indent/>! Vous m'entendez<Indent/>?"
256,False,"J'hésitais entre le rouge et le bleu... Mais finalement j'ai pris les deux."
257,False,"Vingt gils au lieu de deux cents<Indent/>! Un prix d'ami<Indent/>!"
258,False,"Je suis prêt, ma chérie<Indent/>!"
259,False,"Alors, lequel as-tu choisi<Indent/>?"
260,False,"Ce vase... Il me le faut absolument<Indent/>!"
261,False,"Où ai-je donc mis mon casse-croûte<Indent/>?"
262,False,"La promenade royale est un lieu où doivent régner calme et courtoisie."
263,False,"Lolorito n'est rien d'autre qu'un vieux grigou pervers<Indent/>!"
264,False,"Un exemplaire de l'Enchiridion datant de la 5e ère astrale<Indent/>!"
265,False,"Chuuut<Indent/>! Un de ses espions pourrait t'entendre..."
266,False,"Vous ne verrez ça nulle part ailleurs<Indent/>!"
267,False,"Prudence avec les ex<SoftHyphen/>pé<SoftHyphen/>ri<SoftHyphen/>men<SoftHyphen/>ta<SoftHyphen/>tions..."
268,False,"Il paraît que c'est le général Aldynn qui est venu à bout de ce terrible dragon."
269,False,"C'est un héros parmi les héros."
270,False,"Vous avez bon goût, Madame<Indent/>!"
271,False,"Merci, jeune homme<Indent/>!"
272,False,"Je commence à fatiguer..."
273,False,"Les armes et armures dont vous rêvez, et plus encore<Indent/>!"
274,False,"Une broderie personnalisée offerte pour tout achat<Indent/>!"
275,False,"N'hésitez pas à demander pour essayer<Indent/>!"
276,False,"Une potion à base de pattes de tarentule<Indent/>!?"
277,False,"Par les Douze<Indent/>! Il y en a assez pour assommer un buffle<Indent/>!"
278,False,"Deux yeux de triton et trois pattes de grenouille<Indent/>? Intéressant..."
279,False,"Vous êtes ici pour prendre la relève<Indent/>?<Indent/>... Non<Indent/>!? (soupire)"
280,False,"Ne tourne jamais le dos à un monstre, compris<Indent/>?"
281,False,"Il faut d'abord enlever le dépôt."
282,False,"Tu ne la trouves toujours pas<Indent/>?"
283,False,"La cité a retrouvé son animation d'antan."
284,False,"C'est grâce à la Sultane<Indent/>!"
285,False,"Quand je dis non, c'est non<Indent/>!"
286,False,"Papa, s'il te plaît..."
287,False,"Peut-être que quelqu'un l'a déjà emportée..."
288,False,"..."
289,False,"Rien à signaler<Indent/>!"
290,False,"Où voulez-vous que je les pose<Indent/>?"
291,False,"Cause pas de problèmes si tu veux pas finir aux oubliettes."
292,False,"Wouhou<Indent/>! Encore<Indent/>!"
293,False,"Allez les filles, bougez-moi tout ça<Indent/>!"
294,False,"Prêt à prendre la route<Indent/>?"
295,False,"C'est quand tu veux<Indent/>!"
296,False,"Pitié<Indent/>! Ça ne se reproduira plus<Indent/>!"
297,False,"Encore toi<Indent/>!?"
298,False,"Bienvenue au Mirage de platine<Indent/>!"
299,False,"Jette ça avec le reste."
300,False,"Prépare-toi à mourir<Indent/>! Je vais te réduire en miettes<Indent/>!"
301,False,"Si je meurs, ça sera de rire<Indent/>!"
302,False,"T'as pas intérêt à amener une de ces canailles à l'intérieur<Indent/>!"
303,False,"Si tu passes par la rue de la Perle, garde un œil sur ta bourse."
304,False,"Cent gils sur le Roegadyn<Indent/>!"
305,False,"未使用：荒：会話00104"
306,False,"Hahahahaha<Indent/>!!!"
307,False,"Toujours cette vieille blessure à l'épaule..."
308,False,"Hihihihi<Indent/>!"
309,False,"Hihihi<Indent/>!"
310,False,"Ne jamais quitter son adversaire des yeux<Indent/>!"
311,False,"Il n'est pas principe plus important dans l'occultisme<Indent/>!"
312,False,"Voilà qui devrait lui donner une bonne leçon<Indent/>!"
313,False,"J'aurais juré avoir laissé mon sceptre ici..."
314,False,"Ils préparent un attentat visant la Sultane<Indent/>!"
315,False,"Ce qui est détruit par l'occultisme..."
316,False,"... est créé par l'occultisme<Indent/>!"
317,False,"Il ne sauront jamais d'où c'est venu, hé hé hé..."
318,False,"Nous allons brûler cette maison, et eux avec<Indent/>!"
319,False,"Yaaah<Indent/>! Yaaah<Indent/>!"
320,False,"Je ne l'imaginais pas aussi grrrand."
321,False,"Il y a quelque chose qui cloche..."
322,False,"T'éternise pas ici si tu tiens à ta peau."
323,False,"Regarde-moi ces bons à rien..."
324,False,"Vite<Indent/>!"
325,False,"À vot'bon cœur..."
326,False,"Je vous en prie, une petite pièce pour manger..."
327,False,"Tourne, tourne...♪"
328,False,"Et un, et deux<Indent/>! Et trois, et quatre<Indent/>!"
329,False,"Qu'est-ce que tu veux insinuer par là<Indent/>?"
330,False,"Ça ne te serre pas trop au niveau de la taille<Indent/>?"
331,False,"Je l'ai faite broder avec de la soie thavnairoise."
332,False,"Oh, c'est magnifique<Indent/>!"
333,False,"La guilde des couturiers est par ici."
334,False,"J't'avais pourtant prévenu, hahaha<Indent/>!"
335,False,"J'abandonne... (rote)"
336,False,"Qu'est-ce que je cherchais, déjà...<Indent/>?"
337,False,"Tu sais ce qu'on cherche, au moins<Indent/>?"
338,False,"J'ai apporté de quoi te faire changer d'avis."
339,False,"Je m'sens pas très bien... (hips)"
340,False,"Alors, alors... Voyons voir..."
341,False,"J'en verrai jamais le bout..."
342,False,"Laissez-moi, j'ai besoin de me concentrer."
343,False,"<Emphasis>BzzZZtTkr...★◎
Bi-bi-BiEeeen★※～</Emphasis>"
344,False,"Plus haut, les boucliers<Indent/>!"
345,False,"Vous êtes à l'entrée de l'hypogée."
346,False,"J'aurais mieux fait de rejoindre la guilde des couturiers..."
347,False,"T'as même pas réussi à le toucher<Indent/>!"
348,False,"Il ne reste que quelques places, dépêchez-vous<Indent/>!"
349,False,"Voilà donc le célèbre Colisée d'Ul'dah..."
350,False,"Des bubulles, des bubulles, encore des bubulles.♪"
351,False,"Un ingrédient en trop ou en moins, et c'est le drame."
352,False,"Il y a forcément un moyen, je le sais<Indent/>!"
353,False,"Père, même l'alchimie ne pourra pas la faire revenir..."
354,False,"A-t-il de la température<Indent/>?"
355,False,"C'est mon fils, il dort mal, la nuit..."
356,False,"Tu ne ferais pas ça, quand même<Indent/>?"
357,False,"Puisque c'est comme ça, je vais lui faire boire un philtre d'amour<Indent/>!"
358,False,"Cet endroit est si grand<Indent/>!"
359,False,"Tu n'as rien à faire par ici. Ouste<Indent/>!"
360,False,"Ne perds pas ton temps avec ça..."
361,False,"L'aumône, par pitié..."
362,False,"Qu'y a-t-il dans ce pot<Indent/>? Ça sent divinement bon<Indent/>!"
363,False,"Prends ça<Indent/>!"
364,False,"Tire-toi de là<Indent/>!"
365,False,"Ça t'regarde pas<Indent/>!"
366,False,"未使用"
367,False,"Oui, cap'taine<Indent/>!"
368,False,"La production de minerai augmente, mais les décès de mineurs aussi..."
369,False,"Les temps sont durs, il faut travailler de longues heures pour se payer un peu de pain..."
370,False,"Si vous les payiez un peu plus grassement..."
371,False,"未使用"
372,False,"Vos hommes sont de véritables tire-au-flanc<Indent/>!"
373,False,"未使用"
374,False,"Était-ce aux marché, à la guilde des orfèvres ou dans la baie des Vêpres<Indent/>?"
375,False,"Sept, huit, neuf... Par Thal<Indent/>! Satanés Qiqirns..."
376,False,"未使用"
377,False,"Tu peux passer."
378,False,"未使用"
379,False,"Hop<Indent/>! sous la chemise. Ni vu, ni connu<Indent/>!"
380,False,"Ennemis repérés à l'ouest<Indent/>!"
381,False,"Buvez, mes chéries<Indent/>! C'est pour votre bien<Indent/>!"
382,False,"Je lui ai coupé la tête avant de le jeter dans le lac<Indent/>!"
383,False,"Rien de nouveau à l'ouest."
384,False,"Allez, juste un dernier verre... (hips)"
385,False,"Assez lambiné, il faut y aller maintenant<Indent/>!"
386,False,"Dix gils la bouteille<Indent/>! Qu'en dis-tu<Indent/>?"
387,False,"Du ragoût de coccinelle et de marmotte..."
388,False,"Personne peut me battre<Indent/>! Yaaah<Indent/>!"
389,False,"Y a du boulot<Indent/>? Ma hache me démange..."
390,False,"Il n'y a plus d'espoir..."
391,False,"On n'aura pas besoin de ça, héhéhé..."
392,False,"未使用"
393,False,"Zzz..."
394,False,"J'ai si faim..."
395,False,"Je ne t'ai rien demandé, que je sache."
396,False,"Qu'est-ce qu'ils attendent pour commencer<Indent/>?"
397,False,"Hahaha<Indent/>! Je ne pense pas que tu aies les moyens."
398,False,"<Emphasis>Bzzz...★◎
Bienvenue à la guilde ☆●des orfèvres<Indent/>!</Emphasis>"
399,False,"Ces machines sont des merveilles de technologie."
400,False,"Le district politique se trouve au-dessus d'ici."
401,False,"Il n'y a pas d'autre choix..."
402,False,"La Firme du commerce de l'Aldenard oriental<Indent/>? Hors de question<Indent/>!"
403,False,"Il est temps de mettre nos différends de côté."
404,False,"Puis elle est sortie de la chambre du seigneur en courant, couverte d'un simple drap<Indent/>!"
405,False,"La nouvelle servante<Indent/>!? Non, vraiment<Indent/>?"
406,False,"Je ne peux pas abandonner maintenant..."
407,False,"Attention à ne pas trop stimuler les réactifs<Indent/>!"
408,False,"On va vraiment utiliser cette eau<Indent/>?"
409,False,"Cela va vous coûter cher<Indent/>!"
410,False,"Peut-être que dans cette petite boutique..."
411,False,"Je cherche un rubis... au moins gros comme le pouce."
412,False,"À ton tour de monter la garde<Indent/>!"
413,False,"Par les Douze<Indent/>! Personne ne mérite une fin aussi horrible..."
414,False,"Ce truc pue l'bouc<Indent/>!"
415,False,"Attendons de voir ce qui se passe..."
416,False,"Pitié, juste quelques pousses de tuberculait..."
417,False,"(tousse) (tousse)"
418,False,"Je vous en prie, <If(PlayerParameter(4))>ma bonne dame<Else/>Monseigneur</If>..."
419,False,"Je ferai tout ce que vous voudrez contre vingt gils..."
420,False,"未使用"
421,False,"Tout mais pas ça<Indent/>! Je préfère encore rester ici le ventre vide..."
422,False,"Tu pourrais travailler comme servante pour une famille riche d'U'ldah..."
423,False,"未使用"
424,False,"Dégage des rails si tu veux pas te faire broyer par le monstre d'acier."
425,False,"Où j'dois poser ça<Indent/>? J'ai pas toute la journée<Indent/>!"
426,False,"Je vous en prie<Indent/>! Mon fils n'a pas mangé depuis deux jours..."
427,False,"未使用"
428,False,"J'teste ré<SoftHyphen/>gu<SoftHyphen/>liè<SoftHyphen/>re<SoftHyphen/>ment l'produit pour m'assurer d'sa qualité<Indent/>! (hips)"
429,False,"J'ai de ces crampes... Tu veux bien m'aider à m'étirer<Indent/>?"
430,False,"Tout ce que vous ne cherchez pas, nous l'avons<Indent/>!"
431,False,"Je donnerais tout pour un morceau de pain..."
432,False,"未使用"
433,False,"Et puis quoi encore<Indent/>?"
434,False,"Bienvenue à Ul'dah. J'espère que votre bourse est bien remplie."
435,False,"Reste tranquille ou tu auras affaire à moi."
436,False,"(grogne)"
437,False,"T'as encore raté ton expérience<Indent/>?"
438,False,"Cherchez-vous de la peau ou des étoffes<Indent/>?"
439,False,"Quatre corps trouvés dans la rue de la Perle<Indent/>! Crime ou accident<Indent/>? Lisez tous les détails<Indent/>!"
440,False,"Encore un peu de patience, ton père arrive bientôt."
441,False,"Maman, je suis fatigué<Indent/>!"
442,False,"Quelle chaleur étouffante<Indent/>!"
443,False,"Deux bouteilles de rouge<Indent/>!"
444,False,"J'peux pas travailler la gorge sèche."
445,False,"Qu'est-ce que j'ai fait pour me retrouver avec le sale boulot<Indent/>?"
446,False,"T'as flirté avec la fille du contremaître, voilà ce que t'as fait<Indent/>!"
447,False,"未使用"
448,False,"Qui est l'idiot qui a rempli cette caisse<Indent/>?"
449,False,"Qu'en est-il de sa pureté<Indent/>? Je ne me ferai pas avoir deux fois."
450,False,"Vous ne verrez jamais un morceau de minerai d'argent aussi gros<Indent/>!"
451,False,"(Si on peut appeler ça du ragoût...)"
452,False,"未使用：荒：会話00251"
453,False,"未使用"
454,False,"Et là, je lui ai tranché la tête d'un seul coup<Indent/>!"
455,False,"Hahaha<Indent/>! Je n'aurais pas aimé être à la place de ce pauvre écureuil<Indent/>!"
456,False,"未使用"
457,False,"Déjà<Indent/>!? Mais je viens tout juste de prendre ma pause<Indent/>!"
458,False,"未使用"
459,False,"Encore cinq cents et tu battras mon record<Indent/>!"
460,False,"Je n'ai pas eu aussi faim depuis au moins... deux jours<Indent/>!"
461,False,"未使用"
462,False,"Meurs, vermine<Indent/>!"
463,False,"Si seulement tes ennemis étaient aussi... immobiles."
464,False,"Je suis venu aussi vite que j'ai pu, Monsieur."
465,False,"Je ne te paye pas pour lambiner<Indent/>! Allez, debout<Indent/>!"
466,False,"Il paraît qu'on peut faire fortune en vendant des reliques de la vallée des Pas perdus..."
467,False,"Mais... cet endroit est maudit<Indent/>!"
468,False,"Tu n'as rien à faire ici, aventuri<If(PlayerParameter(4))>ère<Else/>er</If>."
469,False,"Circulez<Indent/>!"
470,False,"C'est vers l'est<Indent/>!"
471,False,"Mais non, vers l'ouest<Indent/>!"
472,False,"Et si on retournait en arrière<Indent/>?"
473,False,"Ne reste pas sur le passage ou tu vas te faire renverser par un chocobo. "
474,False,"Ul'dah sera toujours Ul'dah..."
475,False,"Suis la voie allagoise du Soleil vers le nord et tu trouveras le Bazar argenté."
476,False,"Tout doit disparaître<Indent/>!"
477,False,"Étrange, j'ai beau vérifier, le compte n'y est pas..."
478,False,"Vous n'auriez pas une part de tarte pour moi<Indent/>?"
479,False,"La voie allagoise du Soleil est libre<Indent/>!"
480,False,"Kwééé<Indent/>?"
481,False,"Y gagne-t-on vraiment...<Indent/>?"
482,False,"Si elle veut des citrons soleil, tu lui achètes des citrons soleil<Indent/>!"
483,False,"Je ne me rappelle pas avoir commandé autant de lentilles lalafelles<Indent/>!"
484,False,"Vous ne verrez plus de prix pareils jusqu'à la 8e ère astrale<Indent/>!"
485,False,"Vous pourriez nous faire une petite ristourne<Indent/>?"
486,False,"Ça n'est pas donné pour trois malheureux sacs."
487,False,"Personne n'a rien vu..."
488,False,"Je tiens une boutique, Madame, pas un hospice."
489,False,"Paye-le donc, nous n'avons pas toute la journée."
490,False,"Je n'aurais pas dû boire autant ce matin, héhé... Hic<Indent/>!"
491,False,"Tout a l'air en ordre..."
492,False,"Dois-je vraiment rester droit comme un piquet pour monter la garde...<Indent/>?"
493,False,"Il est interdit d'entrer ici. Du vent<Indent/>!"
494,False,"J'ai vu le meunier préparer ses bagages..."
495,False,"Tout le monde s'en va..."
496,False,"Il n'y a rien à vendre ici."
497,False,"未使用：荒：会話00296"
498,False,"Il n'y a rien à vendre ici."
499,False,"未使用：荒：会話00298"
500,False,"未使用：荒：会話00299"
501,False,"未使用：荒：会話00300"
502,False,"Prenez-moi, mais laissez la nourriture<Indent/>!"
503,False,"Argh..."
504,False,"(souffle) (souffle)"
505,False,"Les docks... Vous devez... protéger les... (tousse)"
506,False,"Si je me cache derrière ces bûches..."
507,False,"Protégez le Victoire<Indent/>!"
508,False,"Des piraaaates<Indent/>!"
509,False,"Au secours<Indent/>!"
510,False,"On est dans l'pétrin<Indent/>!"
511,False,"On n'en a jamais assez..."
512,False,"未使用：海：会話00011"
513,False,"未使用：海：会話00012"
514,False,"未使用：海：会話00013"
515,False,"Assure-toi que ce soit fait, et bien."
516,False,"未使用：海：会話00015"
517,False,"未使用：海：会話00016"
518,False,"未使用：海：会話00017"
519,False,"Essaye un peu de dire ça devant le patron<Indent/>!"
520,False,"未使用：海：会話00019"
521,False,"Avant l'été, je dirigerai ces docks<Indent/>!"
522,False,"Vous pouvez me faire confiance<Indent/>!"
523,False,"未使用：海：会話00022"
524,False,"未使用：海：会話00023"
525,False,"未使用：海：会話00024"
526,False,"未使用：海：会話00025"
527,False,"J'imagine déjà les navires majestueux que tout ce bois va servir à fabriquer."
528,False,"未使用：海：会話00027"
529,False,"未使用：海：会話00028"
530,False,"T'approche pas trop du bord."
531,False,"未使用：海：会話00030"
532,False,"未使用：海：会話00031"
533,False,"未使用：海：会話00032"
534,False,"未使用：海：会話00033"
535,False,"Ah, l'air vivifiant de la mer<Indent/>!"
536,False,"Peut-être que si tu m'aidais, on trouverait notre homme plus vite..."
537,False,"Vous cherchez du travail<Indent/>? C'est en bas."
538,False,"未使用：海：会話00037"
539,False,"Regarde-moi un peu cette beauté<Indent/>!"
540,False,"Comme si tu y connaissais quelque chose..."
541,False,"未使用：海：会話00040"
542,False,"未使用：海：会話00041"
543,False,"未使用：海：会話00042"
544,False,"未使用：海：会話00043"
545,False,"Encore quelques jours à sécher au soleil..."
546,False,"Saleté d'rats<Indent/>!"
547,False,"Faut qu'on trouve une solution..."
548,False,"未使用：海：会話00047"
549,False,"Où que j'dois poser tout ça, moi<Indent/>?"
550,False,"T'inquiète, il va vite apprendre à notre contact, hahaha<Indent/>!"
551,False,"L'est pas bien malin, l'nouveau..."
552,False,"Tu es sûr que ça va aller<Indent/>? Tu as l'air d'avoir du mal..."
553,False,"Suis-moi, on emmène ça dans la réserve."
554,False,"Frais, les fruits et légumes, frais<Indent/>!"
555,False,"Goûtez donc la meilleure bière de Port-aux-Ales<Indent/>!"
556,False,"Bah, ils repousseront."
557,False,"Tous mes cheveux, brûlés<Indent/>!"
558,False,"Bon, avec ça, on devrait avoir assez de goudron."
559,False,"Où est passé le bateau qui était amarré ici<Indent/>!?"
560,False,"Ferme ton clapet et bouge un peu tes fesses<Indent/>!"
561,False,"未使用：海：会話00060"
562,False,"未使用：海：会話00061"
563,False,"Quelqu'un devrait prévenir ce pauvre Roegadyn..."
564,False,"Les docks sont fermés aujourd'hui."
565,False,"J'en ai marre de renflouer des rafiots à longueur de journée..."
566,False,"Quand est-ce qu'on commence à travailler sur le Victoire<Indent/>?"
567,False,"Pas si fort, Mimidoa pourrait t'entendre<Indent/>!"
568,False,"未使用：海：会話00067"
569,False,"未使用：海：会話00068"
570,False,"未使用：海：会話00069"
571,False,"未使用：海：会話00070"
572,False,"Je ne me lasserai jamais de cette vue..."
573,False,"S'il me touche une fois de plus, je lui tranche la main<Indent/>!"
574,False,"C'est la tête qu'on devrait lui trancher..."
575,False,"Il est en r'tard, comme toujours..."
576,False,"Je crrrois plutôt qu'on est en avance..."
577,False,"J'crois qu'tu peux commencer à économiser tout d'suite..."
578,False,"Si j'avais un bateau rien qu'à moi, j'ferais l'tour du monde<Indent/>!"
579,False,"未使用：海：会話00078"
580,False,"未使用：海：会話00079"
581,False,"未使用：海：会話00080"
582,False,"C'était pas juste ton ombre<Indent/>?"
583,False,"Hahahaha<Indent/>!!"
584,False,"J'ai vu un Sahuagin, juste là-bas<Indent/>! Vraiment<Indent/>!"
585,False,"未使用：海：会話00084"
586,False,"Ça devrait suffire pour le moment."
587,False,"未使用：海：会話00086"
588,False,"未使用：海：会話00087"
589,False,"未使用：海：会話00088"
590,False,"未使用：海：会話00089"
591,False,"未使用：海：会話00090"
592,False,"未使用：海：会話00091"
593,False,"Place<Indent/>!"
594,False,"未使用：海：会話00093"
595,False,"未使用：海：会話00094"
596,False,"未使用：海：会話00095"
597,False,"未使用：海：会話00096"
598,False,"未使用：海：会話00097"
599,False,"未使用：海：会話00098"
600,False,"未使用：海：会話00099"
601,False,"未使用：海：会話00100"
602,False,"未使用：海：会話00101"
603,False,"未使用：海：会話00102"
604,False,"未使用：海：会話00103"
605,False,"未使用：海：会話00104"
606,False,"Cette caisse pue le goudron et la vieille poiscaille..."
607,False,"Regardez-moi ce Roegadyn... Rien que de la gonflette<Indent/>!"
608,False,"Par les Douze<Indent/>! Qu'est-ce qu'ils ont bien pu mettre là-dedans<Indent/>!?"
609,False,"J'ai beau compter et recompter, il en manque une..."
610,False,"未使用：海：会話00109"
611,False,"未使用：海：会話00110"
612,False,"未使用：海：会話00111"
613,False,"Tu vois pas que j'travaille<Indent/>?"
614,False,"Saleté de tache de vin rouge..."
615,False,"Ce vin a vraiment un goût de pisse, ma parole<Indent/>!"
616,False,"Ça doit être pour ça que tu pues du bec."
617,False,"Bah, quoi<Indent/>? Tu veux pas de mes gils<Indent/>!?"
618,False,"Ha<Indent/>! Je sais bien que t'es fauché comme les blés<Indent/>!"
619,False,"Qu'est-ce que tu attends, alors<Indent/>?"
620,False,"Je ne sais pas. Mais ce n'est pas ce qui va m'empêcher d'essayer."
621,False,"Tu crois que ça marcherait<Indent/>?"
622,False,"未使用622"
623,False,"J'aurais mieux fait d'apprendre à jouer de la mandoline..."
624,False,"未使用624"
625,False,"未使用625"
626,False,"J'ai déjà trop perdu, j'arrête<Indent/>!"
627,False,"Tu peux encore te refaire..."
628,False,"Ne me dis pas que t'as encore oublié les au<SoftHyphen/>to<SoftHyphen/>ri<SoftHyphen/>sa<SoftHyphen/>tions<Indent/>?"
629,False,"Rebrousse chemin, il n'y a rien à voir par ici."
630,False,"Quel beau châle<Indent/>!"
631,False,"N'est-ce pas<Indent/>? Il vient des Soieries du Soleil."
632,False,"Vraiment<Indent/>? Comment te l'es-tu procuré<Indent/>?"
633,False,"Où avais-je caché nos dernières économies<Indent/>?<Indent/>..."
634,False,"未使用634"
635,False,"Toi aussi, tu vas laisser tomber<Indent/>?<Indent/>..."
636,False,"Je crois qu'il est temps d'aller faire du commerce ailleurs..."
637,False,"Ils sont si beaux<Indent/>! Lequel choisir<Indent/>?"
638,False,"未使用638"
639,False,"Je vous interdis de toucher à mes meubles avec vos sales pattes<Indent/>!"
640,False,"未使用640"
641,False,"Par ici mon joli..."
642,False,"... ce qui nous permettrait d'améliorer notre productivité."
643,False,"Je suis ici pour assurer la sécurité de sa seigneurie."
644,False,"Hors de mon chemin."
645,False,"Et quand le garde aura le dos tourné..."
646,False,"Chut<Indent/>! Ils pourraient t'entendre<Indent/>!"
647,False,"Le bruit de ces machines résonne dans ma tête..."
648,False,"T'inquiète, tu vas vite t'habituer."
649,False,"未使用649"
650,False,"Pas possible, je les ai fait graisser ce matin<Indent/>!"
651,False,"未使用651"
652,False,"Tu ne trouves pas que les engrenages coincent un peu<Indent/>?"
653,False,"Au boulot, ou je retiens cent gils sur ta paye<Indent/>!"
654,False,"Oui Monsieur, tout de suite<Indent/>!"
655,False,"Rien de tel qu'une bonne petite pipe pendant la pause<Indent/>!"
656,False,"Si j'avais su que c'est aussi crevant de nettoyer ces engrenages<Indent/>!"
657,False,"Vous aviez dit cinquante par chargement<Indent/>!"
658,False,"Ces sacs sont bien légers..."
659,False,"Celle-ci ne va pas tenir bien longtemps..."
660,False,"Bouge ton cul que je puisse poser ça<Indent/>! "
661,False,"Ouille, mon dos<Indent/>!"
662,False,"Ça, c'était la semaine dernière. Aujourd'hui, je t'en offre six."
663,False,"Trente caisses, c'est pourtant ce qui était écrit."
664,False,"未使用664"
665,False,"Non, ça ne va pas<Indent/>! Ces roues doivent être remplacées im<SoftHyphen/>mé<SoftHyphen/>dia<SoftHyphen/>te<SoftHyphen/>ment."
666,False,"未使用666"
667,False,"未使用667"
668,False,"Et là, le mineur répond<Indent/>: “mais je n'ai pas de fille<Indent/>!” Hahaha<Indent/>!"
669,False,"Non, désolé, je comprends pas..."
670,False,"Mes yeux me joueraient-ils des tours<Indent/>?"
671,False,"Vous n'aurez pas un gil de plus<Indent/>!"
672,False,"Nous sommes arrivés en avance, je pense que ça mérite une petite rallonge..."
673,False,"未使用673"
674,False,"未使用674"
675,False,"未使用：荒：会話00363"
676,False,"T'es bigleux ou quoi<Indent/>? Et deux qui font deux cent cinquante-deux<Indent/>!"
677,False,"Où est donc passé ce fichu tapis<Indent/>!?"
678,False,"Il y avait tant de bateaux, avant..."
679,False,"(ronfle)"
680,False,"未使用"
681,False,"Puisque je te dis que j'étais encerclé<Indent/>!"
682,False,"Ça se dit mineur et ça a peur d'un coblyn..."
683,False,"Qu'est-ce que tu fais ici<Indent/>? Tu t'es perdu<If(PlayerParameter(4))>e<Else/></If><Indent/>?"
684,False,"Je te déconseille d'aller plus loin."
685,False,"Cette contrôleuse est vraiment mon genre."
686,False,"C'est plutôt tranquille de monter la garde ici."
687,False,"Zzz... Kwé<Indent/>? Zzz..."
688,False,"Rien à signaler... a priori."
689,False,"Aucun monstre ne t'a suivi<If(PlayerParameter(4))>e<Else/></If><Indent/>?"
690,False,"C'est pas cher<Indent/>!"
691,False,"Vous allez le regretter si vous laissez passer cette affaire<Indent/>!"
692,False,"Vous avez une au<SoftHyphen/>to<SoftHyphen/>ri<SoftHyphen/>sa<SoftHyphen/>tion<Indent/>?"
693,False,"Pas besoin de s'impatienter."
694,False,"Attention où tu mets les pieds, aventuri<If(PlayerParameter(4))>ère<Else/>er</If>."
695,False,"Alors, notre prochaine destination sera..."
696,False,"Où tu iras, je te suivrai<Indent/>!"
697,False,"Espèce de radin<Indent/>!"
698,False,"Ça ne dépend que de toi."
699,False,"Quand est-ce que la marchandise arrive<Indent/>?"
700,False,"Pas envie d'entendre tes plaintes."
701,False,"Qu'est-ce qu'on va faire si on peut plus aller dans les Mines de Clochecuivre...<Indent/>?"
702,False,"Soyez plus attentifs la prochaine fois<Indent/>!"
703,False,"未使用"
704,False,"Pardon..."
705,False,"Ça ne se reproduira plus."
706,False,"Nous ne tolérons aucun oubli dans les déclarations<Indent/>!"
707,False,"未使用"
708,False,"N'oubliez pas de signer les trois exemplaires."
709,False,"Le bureau des inspecteurs se trouve au fond."
710,False,"未使用710"
711,False,"Je n'ai même pas de quoi payer..."
712,False,"未使用"
713,False,"En rang, devant moi<Indent/>!"
714,False,"未使用"
715,False,"Douuucement... J'ai presque fini."
716,False,"未使用"
717,False,"未使用"
718,False,"未使用"
719,False,"Au nom de ma paie<Indent/>!"
720,False,"Pfiouuu<Indent/>! C'est la dernière fois que je fais le voyage depuis Gridania d'une traite..."
721,False,"Vous pouvez compter sur moi pour faire régner l'ordre ici."
722,False,"Le re<SoftHyphen/>pré<SoftHyphen/>sen<SoftHyphen/>tant peut entrer."
723,False,"Pour qui il se prend, celui-là<Indent/>?"
724,False,"Kwééé<Indent/>!?"
725,False,"Je peux peut-être m'en séparer... pour le bon prix."
726,False,"C'est un beau chocobo que vous avez là."
727,False,"Le capitaine ne va pas tarder à nous dénoncer<Indent/>!"
728,False,"Neuf, dix, onze..."
729,False,"Ces taxes sont trop élevées... C'est une honte<Indent/>!"
730,False,"La vache, quelle chaleur<Indent/>!"
731,False,"未使用710"
732,False,"J'dormais pas, juré<Indent/>!"
733,False,"Yalik senleh...ahamat zah... Ou était-ce jah...?"
734,False,"Surtout, allez-y délicatement<Indent/>!"
735,False,"Des vestiges de l'ancienne Belah'dia..."
736,False,"Pourquoi c'est toujours les mêmes qui font le sale boulot<Indent/>?"
737,False,"Approche un peu la lam... Oh, mes excuses, aventuri<If(PlayerParameter(4))>ère<Else/>er</If>."
738,False,"Flûte, ma robe est trempée<Indent/>!"
739,False,"Tant que l'Ossuaire y trouve son compte..."
740,False,"J'espère que tu aimes l'orobon<Indent/>?"
741,False,"Oui, surtout les yeux<Indent/>!"
742,False,"Pourvu que j'attrape au moins de quoi manger ce soir..."
743,False,"Des brèmes, encore des brèmes... Comment je gagne ma vie, moi<Indent/>?"
744,False,"Encore une demi-journée et elles seront parfaites."
745,False,"Tu vas voir, je vais les chasser d'ici<Indent/>!"
746,False,"Tu dis ça, mais tu te dégonfles toujours le moment venu."
747,False,"Ne répète pas ce genre de sottises devant ton père<Indent/>!"
748,False,"Quand je serai grand, je serai cuisinier<Indent/>!"
749,False,"Une nuit à travailler en salaison et mes vêtements puent le poisson<Indent/>!"
750,False,"Ce maudit poisson a emporté mon appât<Indent/>!"
751,False,"Pourquoi on se fait pas la malle de ce trou à rats<Indent/>?"
752,False,"Les vents ne sont pas bons..."
753,False,"Alors<Indent/>? Qu'est-ce qu'il a dit<Indent/>?"
754,False,"未使用"
755,False,"未使用"
756,False,"Cette bidoche est vraiment dégueulasse<Indent/>!"
757,False,"Hahahaha<Indent/>!!"
758,False,"Bois plus d'alcool, ça passera mieux<Indent/>!"
759,False,"未使用：荒：会話00447"
760,False,"未使用：荒：会話00448"
761,False,"未使用：荒：会話00449"
762,False,"未使用：荒：会話00450"
763,False,"未使用：荒：会話00451"
764,False,"未使用：荒：会話00452"
765,False,"未使用：荒：会話00453"
766,False,"未使用：荒：会話00454"
767,False,"未使用：荒：会話00455"
768,False,"未使用：荒：会話00456"
769,False,"未使用：荒：会話00457"
770,False,"未使用：荒：会話00458"
771,False,"未使用：荒：会話00459"
772,False,"未使用：荒：会話00460"
773,False,"Ne dégaine pas ton arme ou tu auras affaire à moi."
774,False,"未使用：荒：会話00462"
775,False,"未使用：荒：会話00463"
776,False,"Qu'est-ce que je vous sers, aventuri<If(PlayerParameter(4))>ère<Else/>er</If><Indent/>?"
777,False,"未使用：荒：会話00465"
778,False,"未使用：荒：会話00466"
779,False,"未使用：荒：会話00467"
780,False,"未使用：荒：会話00468"
781,False,"未使用：荒：会話00469"
782,False,"未使用：荒：会話00470"
783,False,"未使用：荒：会話00471"
784,False,"未使用：荒：会話00472"
785,False,"Ça t'embêterait de me donner un coup de main<Indent/>?"
786,False,"未使用：荒：会話00474"
787,False,"未使用：荒：会話00475"
788,False,"未使用：荒：会話00476"
789,False,"Avant, il y avait deux lunes dans le ciel."
790,False,"Tu ne crois pas que j'ai déjà oublié ça, quand même<Indent/>?"
791,False,"未使用：荒：会話00479"
792,False,"未使用：荒：会話00480"
793,False,"未使用：荒：会話00481"
794,False,"Le capitaine assure n'avoir rien trouvé."
795,False,"Je suis pourtant sûrrre que j'avais cet anneau en embarquant<Indent/>!"
796,False,"未使用：荒：会話00484"
797,False,"未使用：荒：会話00485"
798,False,"未使用：荒：会話00486"
799,False,"未使用：荒：会話00487"
800,False,"未使用：荒：会話00488"
801,False,"未使用：荒：会話00489"
802,False,"未使用：荒：会話00490"
803,False,"未使用：荒：会話00491"
804,False,"C'est pas mal, hein<Indent/>?"
805,False,"未使用：荒：会話00493"
806,False,"未使用：荒：会話00494"
807,False,"未使用：荒：会話00495"
808,False,"未使用：荒：会話00496"
809,False,"未使用：荒：会話00497"
810,False,"未使用：荒：会話00498"
811,False,"未使用：荒：会話00499"
812,False,"未使用：荒：会話00500"
813,False,"未使用：荒：会話00501"
814,False,"未使用：荒：会話00502"
815,False,"未使用：荒：会話00503"
816,False,"未使用：荒：会話00504"
817,False,"未使用：荒：会話00505"
818,False,"未使用：荒：会話00506"
819,False,"未使用：荒：会話00507"
820,False,"未使用：荒：会話00508"
821,False,"未使用：荒：会話00509"
822,False,"未使用：荒：会話00510"
823,False,"未使用：荒：会話00511"
824,False,"未使用：荒：会話00512"
825,False,"未使用：荒：会話00513"
826,False,"未使用：荒：会話00514"
827,False,"未使用：荒：会話00515"
828,False,"未使用：荒：会話00516"
829,False,"未使用：荒：会話00517"
830,False,"未使用：荒：会話00518"
831,False,"未使用：荒：会話00519"
832,False,"未使用：荒：会話00520"
833,False,"未使用：荒：会話00521"
834,False,"未使用：荒：会話00522"
835,False,"未使用：荒：会話00523"
836,False,"T'aurais pas deux, trois pièces à m'filer<Indent/>?"
837,False,"C'est pourtant pas l'envie de travailler qui me manque..."
838,False,"Mes petites, vous commencez à prendre des couleurs<Indent/>!"
839,False,"(soupire) Rien d'intéressant à se mettre sous la dent..."
840,False,"Tu travailles pour Quiveron<Indent/>? J'ai plus rien, il m'a déjà tout pris..."
841,False,"J'ai une de ces faims..."
842,False,"未使用"
843,False,"未使用"
844,False,"Somnus... Som... nus..."
845,False,"Dites-leur que la première pincée, vous la payez. Compris<Indent/>?"
846,False,"未使用"
847,False,"未使用"
848,False,"未使用"
849,False,"Rien m'interdit de cultiver la terre."
850,False,"未使用850"
851,False,"C'est ces foutus aventuriers qui envahissent les marchés."
852,False,"Jussste... un dernier... pour la route..."
853,False,"Ma mère tient mieux la boisson que toi<Indent/>!"
854,False,"未使用854"
855,False,"未使用855"
856,False,"J'pourrais boire tout ce baril, j'pourrais<Indent/>!"
857,False,"Mais l'air de là-bas... Ça les rend malades."
858,False,"Dites aux hommes qu'ils doivent creuser plus profond<Indent/>!"
859,False,"Houlà, ma pauvre tête<Indent/>!"
860,False,"未使用860"
861,False,"未使用861"
862,False,"J'ai pas le courage de dire aux gars que c'était la dernière bouteille..."
863,False,"未使用863"
864,False,"Y a un temps où un homme pouvait vivre décemment rien qu'en trouvant du cuivre."
865,False,"Après le col, c'est Brumebleue... et une armée de maudits Impériaux."
866,False,"未使用866"
867,False,"未使用867"
868,False,"未使用868"
869,False,"未使用869"
870,False,"J'voudrais jamais revoir d'musaraignes d'ma vie."
871,False,"On a dû en tuer combien... Cent ou deux cents<Indent/>?"
872,False,"On est l'avant-dernière ligne de défense avant Ul'dah<Indent/>! Faut pas flancher<Indent/>!"
873,False,"Je ne fais pas de transactions en privé."
874,False,"Vous êtes à la douane."
875,False,"Monsieur<Indent/>!"
876,False,"未使用876"
877,False,"Pas trop serré, hein, mon garçon<Indent/>?"
878,False,"未使用878"
879,False,"Je crois que nous allons avoir besoin d'un autre chocobo."
880,False,"Quoi<Indent/>? Vous avez jamais vu un homme qui porte un tablier<Indent/>?"
881,False,"Non, mais j'aimerais bien vous voir sans<Indent/>!"
882,False,"未使用882"
883,False,"未使用883"
884,False,"Monsieur<Indent/>!"
885,False,"Ne les laissez jamais voir votre peur<Indent/>!"
886,False,"未使用886"
887,False,"Si je te prends en train de voler, je ne me contenterai pas de couper ta main."
888,False,"Fais attention."
889,False,"Vous n'avez pas entendu quelque chose<Indent/>?"
890,False,"Mieux vaut ne pas trop s'éloigner du camp... Enfin, si vous tenez à la vie."
891,False,"未使用891"
892,False,"未使用892"
893,False,"未使用893"
894,False,"未使用894"
895,False,"未使用895"
896,False,"未使用896"
897,False,"未使用897"
898,False,"Moi, je ne quitte pas l'éthérite de la journée... Quand verrai-je un vrai combat<Indent/>?"
899,False,"未使用899"
900,False,"未使用900"
901,False,"未使用901"
902,False,"未使用902"
903,False,"未使用903"
904,False,"Faut toujours ouvrir l'œil. L'Empire ne dort jamais."
905,False,"Mange, mec<Indent/>! T'peux pas bien tuer un Impérial si t'as rien dans le bide<Indent/>!"
906,False,"Le brouillard... Il approche<Indent/>!"
907,False,"未使用907"
908,False,"J'ai aiguisé ça moi-même."
909,False,"未使用909"
910,False,"未使用910"
911,False,"未使用911"
912,False,"未使用912"
913,False,"未使用913"
914,False,"未使用914"
915,False,"未使用915"
916,False,"未使用916"
917,False,"Vous êtes si pressé d'avoir votre tête sur un piquet à Castrum Meridianum<Indent/>?"
918,False,"Pourquoi on reste ici à rien faire pendant que l'Empire rassemble ses forces<Indent/>?"
919,False,"未使用919"
920,False,"未使用920"
921,False,"未使用921"
922,False,"未使用922"
923,False,"未使用923"
924,False,"未使用924"
925,False,"J'ai le trac..."
926,False,"Ne pense pas<Indent/>! Ressens<Indent/>!"
927,False,"Du vent. J'ai besoin de me concentrer<Indent/>!"
928,False,"Vous venez pas pour la relève, hein<Indent/>?"
929,False,"未使用929"
930,False,"未使用930"
931,False,"Silence<Indent/>! J'arrive pas à me concentrer avec tout votre vacarme<Indent/>!"
932,False,"Le dites pas au sergent, mais sans mes lunettes, je vois que dalle."
933,False,"Je voudrais tant être à Ul'dah avec ma femme..."
934,False,"Si vous avez un peu de jugeote, faites demi-tour."
935,False,"未使用935"
936,False,"未使用936"
937,False,"未使用937"
938,False,"未使用938"
939,False,"Seul le personnel autorisé peut entrer dans l'usine."
940,False,"未使用940"
941,False,"Faudra vraiment que j'apprenne à lire un de ces jours."
942,False,"未使用942"
943,False,"Il est énervé, laisse-le."
944,False,"未使用944"
945,False,"未使用945"
946,False,"未使用946"
947,False,"Ta mère était une traînée de l'Empire<Indent/>!"
948,False,"Ouais, mais elle voudrait quand même pas de ton argent<Indent/>!"
949,False,"Vingt-huit, vingt-n... Oh<Indent/>! Vous pouvez arrêter de m'interrompe<Indent/>? Je dois encore recommencer<Indent/>!"
950,False,"未使用950"
951,False,"Vous n'auriez pas vu une caravane en venant ici, par hasard<Indent/>?"
952,False,"未使用952"
953,False,"Pas aujourd'hui. Ni hier, ni le jour d'avant.."
954,False,"未使用954"
955,False,"T'as trouvé quelque chose<Indent/>?"
956,False,"未使用955"
957,False,"未使用956"
958,False,"未使用957"
959,False,"未使用958"
960,False,"未使用959"
961,False,"未使用960"
962,False,"未使用961"
963,False,"未使用962"
964,False,"未使用963"
965,False,"未使用964"
966,False,"Si les Impériaux vous tuent pas, le brouillard le fera."
967,False,"N'attendez pas l'adversaire<Indent/>! Frappez-le avant qu'il ne vous frappe<Indent/>!"
968,False,"未使用968"
969,False,"Une fois que vous passez ces portes, votre sécurité n'est plus garantie."
970,False,"Si vous voyez un Impérial, dites-le-nous pour qu'on sonne l'alerte."
971,False,"Vous n'aurez aucun répit au-delà de cette limite."
972,False,"未使用972"
973,False,"未使用973"
974,False,"未使用974"
975,False,"未使用975"
976,False,"未使用976"
977,False,"未使用977"
978,False,"On a carrément une semaine de retard."
979,False,"Le contremaître va nous le faire payer cher."
980,False,"Et si on faisait nos rondes dans l'autre sens<Indent/>? Pour casser la monotonie."
981,False,"未使用：荒：会話00669"
982,False,"未使用：荒：会話00670"
983,False,"未使用：荒：会話00671"
984,False,"未使用：荒：会話00672"
985,False,"未使用：荒：会話00673"
986,False,"未使用：荒：会話00674"
987,False,"未使用：荒：会話00675"
988,False,"未使用：荒：会話00676"
989,False,"未使用：荒：会話00677"
990,False,"未使用：荒：会話00678"
991,False,"未使用：荒：会話00679"
992,False,"未使用：荒：会話00680"
993,False,"未使用：荒：会話00681"
994,False,"未使用：荒：会話00682"
995,False,"未使用：荒：会話00683"
996,False,"未使用：荒：会話00684"
997,False,"La mort ne peut pas briser les liens qui nous unissent."
998,False,"Comment je vais pouvoir payer tes dettes maintenant<Indent/>!?"
999,False,"未使用：荒：会話00687"
1000,False,"Ça n'a pas de fin."
1001,False,"Accompagnez-le bien dans le royaume de l'au-delà..."
1002,False,"未使用"
1003,False,"Puisse-t-elle à jamais marcher dans le royaume de Thal."
1004,False,"Très bien, M'dame."
1005,False,"Vous venez porter ces corps au cimetière<Indent/>?"
1006,False,"J'aurais préféré qu'ils aient le bon goût de mourir <Emphasis>dehors</Emphasis>."
1007,False,"Chut<Indent/>! Pas un bruit pendant que je dépense ton argent."
1008,False,"On a vraiment encore besoin de ces... choses, quel que soit leur nom<Indent/>?"
1009,False,"Je ne veux pas qu'il sache que c'est moi qui ai envoyé le colis."
1010,False,"Qu'est-ce que tu m'veux<Indent/>?"
1011,False,"J'ai des lentilles brunes, des lentilles vertes et... c'est tout."
1012,False,"Faites-le bien profond, ou bien les chacals viendront se servir."
1013,False,"Halone, sois mon bouclier<Indent/>!"
1014,False,"Halone, guide mon épée<Indent/>!"
1015,False,"未使用"
1016,False,"En avant<Indent/>!"
1017,False,"Allez-y, hé hé hé<Indent/>!"
1018,False,"Yaaah<Indent/>!"
1019,False,"Prends ça<Indent/>!"
1020,False,"Que Rhalgr t'emporte<Indent/>!"
1021,False,"On ne se laissera pas faire<Indent/>!"
1022,False,"Graaarrrgh<Indent/>!"
1023,False,"GRAAARRRGGGH<Indent/>!"
1024,False,"Qu'est-ce que je donnerais pas pour sortir de ce trou."
1025,False,"Vous trouverez des provisions en bas, au camp."
1026,False,"Où est-il<Indent/>!? Ça fait au moins trois heures que mon quart est fini<Indent/>!"
1027,False,"Bienvenue au Sommeil éternel<Indent/>!"
1028,False,"Et qui dit qu'on peut pas<Indent/>?"
1029,False,"Un petit citron ne manquera à personne."
1030,False,"Il paraît qu'il y a des trésors dans la Cité invisible."
1031,False,"Oui, ils sont à toi si tu y arrives en vie."
1032,False,"Je... euh... Tu as <Emphasis>quoi</Emphasis><Indent/>!?"
1033,False,"Si c'est au sujet de ta réserve cachée de bière de Port-aux-Ales, je l'ai déjà bue."
1034,False,"Au nord et à l'est, vous trouverez le Bazar doré... même s'il a bien changé."
1035,False,"Que venez-vous faire dans la caserne<Indent/>?"
1036,False,"On veut pas de bagarres au bar, compris<Indent/>?"
1037,False,"Kwé<Indent/>?"
1038,False,"“Que le Roegadyn le porte,” qu'ils disent. Bah<Indent/>!"
1039,False,"Laisse-<If(PlayerParameter(4))>la<Else/>le</If> tranquille. On a pas besoin des lames de cuivre ici."
1040,False,"Qui vous a permis d'entrer<Indent/>!? Dehors<Indent/>! Maintenant<Indent/>!"
1041,False,"Je vais juste rester là, dans l'ombre, merci."
1042,False,"Bien sûr que oui."
1043,False,"Je lui fends la tête en deux<Indent/>!"
1044,False,"未使用1044"
1045,False,"未使用1045"
1046,False,"Encore en train de parler<Indent/>?"
1047,False,"Quand le quatrième est arrivé, j'ai su que j'étais fichu."
1048,False,"P'têt' bien que j'ai pas vraiment réfléchi."
1049,False,"Comment t'as pu<Indent/>!? C'est ma meilleure amie<Indent/>!"
1050,False,"未使用：荒：会話00727"
1051,False,"未使用：荒：会話00728"
1052,False,"Tu as besoin de quelque chose, mon cœurrr<Indent/>?"
1053,False,"Pourquoi c'te maudite porte veut pas s'ouvrir<Indent/>! Hic<Indent/>!"
1054,False,"Un seul mot à propos de mon tablier et vous serez sur le menu."
1055,False,"Prends-moi, Raubahn... Je suis ta Sulta... (ronfle)"
1056,False,"Je me lasse du désert. Allons vers le nord."
1057,False,"Le Sommeil éternel, près d'un cimetière... Tu parles d'un nom engageant<Indent/>!"
1058,False,"Je conseille de le déplacer avant que les busards ne repèrent son odeur."
1059,False,"Tu es si froid..."
1060,False,"未使用：荒：会話00737"
1061,False,"Ensemble dans la vie, ensemble dans la mort."
1062,False,"Vous sentez la mort. Vous venez des ruines, pas vrai<Indent/>?"
1063,False,"Je t'attraperai un jour<Indent/>!"
1064,False,"未使用：荒：会話00741"
1065,False,"未使用：荒：会話00742"
1066,False,"Je crois pas qu'il y ait jamais eu de l'or."
1067,False,"Deux semaines à creuser, et rien du tout<Indent/>!"
1068,False,"D'autres gravats sans valeur de la Cité invisible<Indent/>?"
1069,False,"Les morts n'ont pas mal. Pensez-y quand vous coupez la tête de quelqu'un."
1070,False,"Le hameau doit retrouver son éclat d'antan<Indent/>!"
1071,False,"Ça fait trois jours que mon mari est parti vers les ruines..."
1072,False,"Les ruines ne sont qu'à trois malms, et je reste pourtant ici..."
1073,False,"Les secrets de la Cité invisible seront miens<Indent/>! Mais je vais d'abord manger du ragoût."
1074,False,"Est-ce que ce maudit Roegadyn a fini le ragoût<Indent/>?"
1075,False,"Pourquoi on l'a pris avec nous, je ne le comprendrai jamais."
1076,False,"Quelqu'un aurait vu cette maudite gueuse<Indent/>?"
1077,False,"Vous les voulez où<Indent/>?"
1078,False,"Je retourne pas dans cette cité maudite<Indent/>!"
1079,False,"Vous êtes ici tout<If(PlayerParameter(4))>e<Else/></If> seul<If(PlayerParameter(4))>e<Else/></If><Indent/>?"
1080,False,"Peut-être qu'on pourrait arranger ça. Pour un certain prix."
1081,False,"Je <Emphasis>savais</Emphasis> qu'elle n'avait pas un gil<Indent/>!"
1082,False,"Et cette tunique en soie<Indent/>? Elle l'a volée à une caravane<Indent/>!"
1083,False,"Je te vengerai..."
1084,False,"Vous approchez pas de ces deux-là. Elles m'ont refilé des morpions<Indent/>! Vraiment<Indent/>!"
1085,False,"未使用：荒：会話00762"
1086,False,"未使用：荒：会話00763"
1087,False,"未使用：荒：会話00764"
1088,False,"Que je vous attrape pas en train de vous battre avec les Mhigois."
1089,False,"未使用：荒：会話00766"
1090,False,"未使用：荒：会話00767"
1091,False,"未使用：荒：会話00768"
1092,False,"Encore du ragoût de cactuar..."
1093,False,"未使用：荒：会話00770"
1094,False,"Non, pas du tout. Et c'est pas la peine de parler de notre héritage à chaque fois<Indent/>!"
1095,False,"Est-ce que tu as oublié d'où on vient<Indent/>!?"
1096,False,"未使用：荒：会話00773"
1097,False,"Vous venez vous moquer de nous, pas vrai<Indent/>?"
1098,False,"Ne faites pas attention. Elle est comme ça avec tout le monde."
1099,False,"未使用：荒：会話00776"
1100,False,"J'ai déjà dit que j'avais pas l'argent<Indent/>!"
1101,False,"On voudrait pas qu'il arrive quelque chose à cette jolie femme que tu as..."
1102,False,"未使用：荒：会話00779"
1103,False,"C'est pas du somnus<Indent/>! (À moins que vous ne cherchiez du somnus.)"
1104,False,"未使用：荒：会話00781"
1105,False,"未使用：荒：会話00782"
1106,False,"未使用：荒：会話00783"
1107,False,"Vous devez apprendre à supporter la morsure du soleil si vous voulez devenir des Immortels<Indent/>!"
1108,False,"未使用：荒：会話00785"
1109,False,"未使用：荒：会話00786"
1110,False,"未使用：荒：会話00787"
1111,False,"Tu le sens<Indent/>?"
1112,False,"未使用：荒：会話00789"
1113,False,"未使用：荒：会話00790"
1114,False,"Tu le sens<Indent/>?"
1115,False,"未使用：荒：会話00792"
1116,False,"Je peux le sentir<Indent/>!"
1117,False,"Vous avez vos ordres<Indent/>!"
1118,False,"未使用：荒：会話00795"
1119,False,"未使用：荒：会話00796"
1120,False,"未使用：荒：会話00797"
1121,False,"未使用：荒：会話00798"
1122,False,"未使用：荒：会話00799"
1123,False,"未使用：荒：会話00800"
1124,False,"未使用：荒：会話00801"
1125,False,"未使用：荒：会話00802"
1126,False,"Les baraques que vous cherchez sont au Malm du Minotaure."
1127,False,"Notre territoire est sacré. Souillez ces terres et vous nous offenserez tous."
1128,False,"未使用：荒：会話00805"
1129,False,"未使用：荒：会話00806"
1130,False,"未使用：荒：会話00807"
1131,False,"On devrait demander à ces deux-là de se joindre à notre partie de chasse."
1132,False,"Mais le gros, il pue les vieilles bottes et la vinasse."
1133,False,"C'est une mauviette qui se soucie pas de son devoir<Indent/>!"
1134,False,"Mais quelle crinière<Indent/>!"
1135,False,"未使用：荒：会話00812"
1136,False,"未使用：荒：会話00813"
1137,False,"未使用：荒：会話00814"
1138,False,"未使用：荒：会話00815"
1139,False,"未使用：荒：会話00816"
1140,False,"未使用：荒：会話00817"
1141,False,"Du calme. Ne fais qu'un avec l'arc et guide la flèche avec ton esprit."
1142,False,"Toute cette eau gaspillée pour ces minous. Quelle honte<Indent/>!"
1143,False,"未使用：荒：会話00820"
1144,False,"未使用：荒：会話00821"
1145,False,"Nous devons décider de notre prochaine proie..."
1146,False,"La viande doit être noire à l'extérieur, et rouge à l'intérieur<Indent/>!"
1147,False,"未使用：荒：会話00824"
1148,False,"C'est l'heure de bouffer, ou bien<Indent/>?"
1149,False,"未使用：荒：会話00826"
1150,False,"未使用：荒：会話00827"
1151,False,"未使用：荒：会話00828"
1152,False,"未使用：荒：会話00829"
1153,False,"未使用：荒：会話00830"
1154,False,"未使用：荒：会話00831"
1155,False,"未使用：荒：会話00832"
1156,False,"Ici, la chaleur est franchement in-su-ppor-table<Indent/>!"
1157,False,"Vaudrait mieux garder ces réflexions pour toi-même quand le chef est là<Indent/>!"
1158,False,"未使用：荒：会話00835"
1159,False,"未使用：荒：会話00836"
1160,False,"未使用：荒：会話00837"
1161,False,"Ô puissant Byregot<Indent/>! Prête-nous ton marteau<Indent/>!"
1162,False,"未使用：荒：会話00839"
1163,False,"未使用：荒：会話00840"
1164,False,"未使用：荒：会話00841"
1165,False,"未使用：荒：会話00842"
1166,False,"未使用：荒：会話00843"
1167,False,"未使用：荒：会話00844"
1168,False,"未使用：荒：会話00845"
1169,False,"未使用：荒：会話00846"
1170,False,"未使用：荒：会話00847"
1171,False,"未使用：荒：会話00848"
1172,False,"未使用：荒：会話00849"
1173,False,"未使用：荒：会話00850"
1174,False,"未使用：荒：会話00851"
1175,False,"未使用：荒：会話00852"
1176,False,"未使用：荒：会話00853"
1177,False,"未使用：荒：会話00854"
1178,False,"未使用：荒：会話00855"
1179,False,"未使用：荒：会話00856"
1180,False,"未使用：荒：会話00857"
1181,False,"未使用：荒：会話00858"
1182,False,"未使用：荒：会話00859"
1183,False,"未使用：荒：会話00860"
1184,False,"未使用：荒：会話00861"
1185,False,"未使用：荒：会話00862"
1186,False,"未使用：荒：会話00863"
1187,False,"未使用：荒：会話00864"
1188,False,"未使用：荒：会話00865"
1189,False,"未使用：荒：会話00866"
1190,False,"未使用：荒：会話00867"
1191,False,"未使用：荒：会話00868"
1192,False,"未使用：荒：会話00869"
1193,False,"未使用：荒：会話00870"
1194,False,"未使用：荒：会話00871"
1195,False,"未使用：荒：会話00872"
1196,False,"未使用：荒：会話00873"
1197,False,"未使用：荒：会話00874"
1198,False,"未使用：荒：会話00875"
1199,False,"未使用：荒：会話00876"
1200,False,"未使用：荒：会話00877"
1201,False,"未使用：荒：会話00878"
1202,False,"未使用：荒：会話00879"
1203,False,"未使用：荒：会話00880"
1204,False,"未使用：荒：会話00881"
1205,False,"未使用：荒：会話00882"
1206,False,"未使用：荒：会話00883"
1207,False,"未使用：荒：会話00884"
1208,False,"未使用：荒：会話00885"
1209,False,"未使用：荒：会話00886"
1210,False,"未使用：荒：会話00887"
1211,False,"未使用：荒：会話00888"
1212,False,"未使用：荒：会話00889"
1213,False,"未使用：荒：会話00890"
1214,False,"未使用：荒：会話00891"
1215,False,"未使用：荒：会話00892"
1216,False,"未使用：荒：会話00893"
1217,False,"未使用：荒：会話00894"
1218,False,"未使用：荒：会話00895"
1219,False,"未使用：荒：会話00896"
1220,False,"未使用：荒：会話00897"
1221,False,"未使用：荒：会話00898"
1222,False,"未使用：荒：会話00899"
1223,False,"未使用：荒：会話00900"
1224,False,"未使用：荒：会話00901"
1225,False,"未使用：荒：会話00902"
1226,False,"未使用：荒：会話00903"
1227,False,"未使用：荒：会話00904"
1228,False,"未使用：荒：会話00905"
1229,False,"未使用：荒：会話00906"
1230,False,"未使用：荒：会話00907"
1231,False,"未使用：荒：会話00908"
1232,False,"未使用：荒：会話00909"
1233,False,"未使用：荒：会話00910"
1234,False,"未使用：荒：会話00911"
1235,False,"未使用：荒：会話00912"
1236,False,"未使用：荒：会話00913"
1237,False,"未使用：荒：会話00914"
1238,False,"未使用：荒：会話00915"
1239,False,"未使用：荒：会話00916"
1240,False,"未使用：荒：会話00917"
1241,False,"未使用：荒：会話00918"
1242,False,"未使用：荒：会話00919"
1243,False,"未使用：荒：会話00920"
1244,False,"未使用：荒：会話00921"
1245,False,"未使用：荒：会話00922"
1246,False,"未使用：荒：会話00923"
1247,False,"未使用：荒：会話00924"
1248,False,"未使用：荒：会話00925"
1249,False,"未使用：荒：会話00926"
1250,False,"未使用：荒：会話00927"
1251,False,"未使用：荒：会話00928"
1252,False,"未使用：荒：会話00929"
1253,False,"未使用：荒：会話00930"
1254,False,"未使用：荒：会話00931"
1255,False,"未使用：荒：会話00932"
1256,False,"未使用：荒：会話00933"
1257,False,"未使用：荒：会話00934"
1258,False,"未使用：荒：会話00935"
1259,False,"未使用：荒：会話00936"
1260,False,"未使用：荒：会話00937"
1261,False,"未使用：荒：会話00938"
1262,False,"未使用：荒：会話00939"
1263,False,"未使用：荒：会話00940"
1264,False,"未使用：荒：会話00941"
1265,False,"未使用：荒：会話00942"
1266,False,"未使用：荒：会話00943"
1267,False,"未使用：荒：会話00944"
1268,False,"未使用：荒：会話00945"
1269,False,"未使用：荒：会話00946"
1270,False,"未使用：荒：会話00947"
1271,False,"未使用：荒：会話00948"
1272,False,"未使用：荒：会話00949"
1273,False,"未使用：荒：会話00950"
1274,False,"未使用：荒：会話00951"
1275,False,"未使用：荒：会話00952"
1276,False,"未使用：荒：会話00953"
1277,False,"未使用：荒：会話00954"
1278,False,"未使用：荒：会話00955"
1279,False,"未使用：荒：会話00956"
1280,False,"未使用：荒：会話00957"
1281,False,"未使用：荒：会話00958"
1282,False,"未使用：荒：会話00959"
1283,False,"未使用：荒：会話00960"
1284,False,"未使用：荒：会話00961"
1285,False,"未使用：荒：会話00962"
1286,False,"未使用：荒：会話00963"
1287,False,"未使用：荒：会話00964"
1288,False,"未使用：荒：会話00965"
1289,False,"未使用：荒：会話00966"
1290,False,"未使用：荒：会話00967"
1291,False,"未使用：荒：会話00968"
1292,False,"未使用：荒：会話00969"
1293,False,"未使用：荒：会話00970"
1294,False,"未使用：荒：会話00971"
1295,False,"未使用：荒：会話00972"
1296,False,"未使用：荒：会話00973"
1297,False,"未使用：荒：会話00974"
1298,False,"未使用：荒：会話00975"
1299,False,"未使用：荒：会話00976"
1300,False,"未使用：荒：会話00977"
1301,False,"未使用：荒：会話00978"
1302,False,"未使用：荒：会話00979"
1303,False,"未使用：荒：会話00980"
1304,False,"未使用：荒：会話00981"
1305,False,"未使用：荒：会話00982"
1306,False,"未使用：荒：会話00983"
1307,False,"未使用：荒：会話00984"
1308,False,"未使用：荒：会話00985"
1309,False,"未使用：荒：会話00986"
1310,False,"未使用：荒：会話00987"
1311,False,"未使用：荒：会話00988"
1312,False,"未使用：荒：会話00989"
1313,False,"未使用：荒：会話00990"
1314,False,"未使用：荒：会話00991"
1315,False,"未使用：荒：会話00992"
1316,False,"未使用：荒：会話00993"
1317,False,"未使用：荒：会話00994"
1318,False,"未使用：荒：会話00995"
1319,False,"未使用：荒：会話00996"
1320,False,"未使用：荒：会話00997"
1321,False,"未使用：荒：会話00998"
1322,False,"未使用：荒：会話00999"
1323,False,"未使用：荒：会話01000"
1324,False,"Adieu<Indent/>!"
1325,False,"Crève<Indent/>!!"
1326,False,"Prends ça<Indent/>!"
1327,False,"Grrr<Indent/>!"
1328,False,"T'en veux encore<Indent/>?"
1329,False,"Rah<Indent/>!"
1330,False,"Disparais<Indent/>!"
1331,False,"Je vais te finir<Indent/>!"
1332,False,"Raaargh<Indent/>!"
1333,False,"Pour la Sultane<Indent/>!"
1334,False,"Les petits jeunes ne me font pas peur<Indent/>!"
1335,False,"Yaaah<Indent/>!"
1336,False,"Yaah<Indent/>!"
1337,False,"Ha<Indent/>!"
1338,False,"Crève<Indent/>!"
1339,False,"Tu rêves<Indent/>!"
1340,False,"Allez en enfer, pourritures<Indent/>!"
1341,False,"Fais tes prières<Indent/>!"
1342,False,"Yaaargh<Indent/>!"
1343,False,"Yahaaa<Indent/>!"
1344,False,"Prends ça<Indent/>!"
1345,False,"Ha<Indent/>!"
1346,False,"Cette technologie appartient à l'Empire<Indent/>!"
1347,False,"Reprenez cet aéronef<Indent/>!"
1348,False,"Impériaux de malheur<Indent/>!"
1349,False,"Pour Éorzéa<Indent/>!"
1350,False,"Qu'est-ce que vous voyez maintenant<Indent/>? Rien<Indent/>! Rien du tout<Indent/>!"
1351,False,"J'vais t'saigner<Indent/>!"
1352,False,"Raaah<Indent/>!"
1353,False,"Personne ne passe<Indent/>!"
1354,False,"C'en est fini, Leavold<Indent/>!"
1355,False,"Aaargh<Indent/>!"
1356,False,"Aldiiis<Indent/>!"
1357,False,"Je chante les ténèbres... et appelle votre MORT<Indent/>!"
1358,False,"Dorades, morues et lamproies, toutes fraîches de ce matin."
1359,False,"Qui serait assez dingue pour manger une sale lamproie<Indent/>?"
1360,False,"Je prendrai trois lamproies<Indent/>!"
1361,False,"未使用：海：会話00854"
1362,False,"Il y a largement de quoi se faire de l'argent dans le Thanalan<Indent/>!"
1363,False,"Et moi je dis qu'il y a des gils à gagner à Limsa Lominsa."
1364,False,"En tout cas, on fait pas d'argent du tout en restant ici."
1365,False,"未使用：海：会話00858"
1366,False,"Je ne crois pas que je supporterai une nuit de plus."
1367,False,"T'aimes cette hache<Indent/>? Approche donc et j'te la montrerai en grrros plan."
1368,False,"Dégage avant que je te casse les dents<Indent/>!"
1369,False,"Qu'est-ce qu'on s'fait chier, ici... (soupire)"
1370,False,"T'as un prrroblème<Indent/>?"
1371,False,"Pourquoi on est assises comme ça<Indent/>? Tu vois des chaises dans le coin<Indent/>?"
1372,False,"Je te donne pas le choix. Sers une autre assiette d'huîtres à ce garçon<Indent/>!"
1373,False,"未使用：海：会話00866"
1374,False,"未使用：海：会話00867"
1375,False,"Tu pensais pouvoir t'en tirer avec deux filles timides, pas vrai<Indent/>?"
1376,False,"Vide donc ta bourse avant qu'on t'les coupe."
1377,False,"Qu'est-ce que j'ai fait pour mériter ça<Indent/>!?"
1378,False,"未使用：海：会話00871"
1379,False,"T'en as eu assez<Indent/>!?"
1380,False,"Est-ce qu'un de vous pourrait la fermer et prendre cette porte<Indent/>?"
1381,False,"À qui dois-je m'adresser pour que mon bateau sorte de sa quarantaine<Indent/>?"
1382,False,"Combien pour les citrons soleil<Indent/>?"
1383,False,"未使用：海：会話00876"
1384,False,"Tu vas payer pour ça<Indent/>!"
1385,False,"Regardez les tourtereaux<Indent/>!"
1386,False,"Embrassez-vous et basta<Indent/>!"
1387,False,"J'ai essayé, mais ta mère a dit que c'était la maison qui payait<Indent/>!"
1388,False,"Ha ha ha ha<Indent/>!"
1389,False,"Cet imbécile aurait aussi bien fait de me frapper avec un livre."
1390,False,"Ben, c'était un érudit, tu sais..."
1391,False,"Rien m'excite autant que de me friter pour de vrai avec un confrère aventurier."
1392,False,"Eh ben, ça mord pas des masses..."
1393,False,"Ah, je sais... J'ai compris quelle est la stratégie ultime<Indent/>!"
1394,False,"Y a rien d'mieux que l'odeur mélangée du sang, d'la sueur et de la mer."
1395,False,"Bouahaha<Indent/>! Personne ne peut nous arrêter<Indent/>!"
1396,False,"Ouais<Indent/>! On a encore gagné<Indent/>!"
1397,False,"Argh<Indent/>! Mon vin..."
1398,False,"On dirait bien qu'il a pris quelques coups au passage."
1399,False,"Si t'as l'intention de grimper là-d'ssus, j'te conseille d'arrêter tout d'suite..."
1400,False,"Non, mais regardez-moi ce chantier..."
1401,False,"C'était un de nos meilleurs matches... bien que le résultat soit toujours le même."
1402,False,"未使用：海：会話00895"
1403,False,"未使用：海：会話00896"
1404,False,"未使用：海：会話00897"
1405,False,"未使用：海：会話00898"
1406,False,"未使用：海：会話00899"
1407,False,"未使用：海：会話00900"
1408,False,"未使用：海：会話00901"
1409,False,"未使用：海：会話00902"
1410,False,"未使用：海：会話00903"
1411,False,"未使用：海：会話00904"
1412,False,"未使用：海：会話00905"
1413,False,"未使用：海：会話00906"
1414,False,"未使用：海：会話00907"
1415,False,"未使用：海：会話00908"
1416,False,"未使用：海：会話00909"
1417,False,"未使用：海：会話00910"
1418,False,"未使用：海：会話00911"
1419,False,"未使用：海：会話00912"
1420,False,"未使用：海：会話00913"
1421,False,"未使用：海：会話00914"
1422,False,"未使用：海：会話00915"
1423,False,"未使用：海：会話00916"
1424,False,"未使用：海：会話00917"
1425,False,"未使用：海：会話00918"
1426,False,"未使用：海：会話00919"
1427,False,"未使用：海：会話00920"
1428,False,"未使用：海：会話00921"
1429,False,"未使用：海：会話00922"
1430,False,"未使用：海：会話00923"
1431,False,"未使用：海：会話00924"
1432,False,"未使用：海：会話00925"
1433,False,"未使用：海：会話00926"
1434,False,"未使用：海：会話00927"
1435,False,"未使用：海：会話00928"
1436,False,"未使用：海：会話00929"
1437,False,"未使用：海：会話00930"
1438,False,"未使用：海：会話00931"
1439,False,"未使用：海：会話00932"
1440,False,"未使用：海：会話00933"
1441,False,"未使用：海：会話00934"
1442,False,"未使用：海：会話00935"
1443,False,"未使用：海：会話00936"
1444,False,"未使用：海：会話00937"
1445,False,"未使用：海：会話00938"
1446,False,"未使用：海：会話00939"
1447,False,"未使用：海：会話00940"
1448,False,"未使用：海：会話00941"
1449,False,"未使用：海：会話00942"
1450,False,"未使用：海：会話00943"
1451,False,"未使用：海：会話00944"
1452,False,"Tu mangerais ta propre mère si on la cuisinait<Indent/>!"
1453,False,"未使用：海：会話00946"
1454,False,"未使用：海：会話00947"
1455,False,"未使用：海：会話00948"
1456,False,"未使用：海：会話00949"
1457,False,"未使用：海：会話00950"
1458,False,"未使用：海：会話00951"
1459,False,"未使用：海：会話00952"
1460,False,"未使用：海：会話00953"
1461,False,"未使用：海：会話00954"
1462,False,"未使用：海：会話00955"
1463,False,"未使用：海：会話00956"
1464,False,"未使用：海：会話00957"
1465,False,"未使用：海：会話00958"
1466,False,"未使用：海：会話00959"
1467,False,"未使用：海：会話00960"
1468,False,"未使用：海：会話00961"
1469,False,"未使用：海：会話00962"
1470,False,"未使用：海：会話00963"
1471,False,"未使用：海：会話00964"
1472,False,"未使用：海：会話00965"
1473,False,"未使用：海：会話00966"
1474,False,"未使用：海：会話00967"
1475,False,"未使用：海：会話00968"
1476,False,"未使用：海：会話00969"
1477,False,"未使用：海：会話00970"
1478,False,"未使用：海：会話00971"
1479,False,"未使用：海：会話00972"
1480,False,"未使用：海：会話00973"
1481,False,"未使用：海：会話00974"
1482,False,"未使用：海：会話00975"
1483,False,"未使用：海：会話00976"
1484,False,"未使用：海：会話00977"
1485,False,"未使用：海：会話00978"
1486,False,"未使用：海：会話00979"
1487,False,"未使用：海：会話00980"
1488,False,"未使用：海：会話00981"
1489,False,"未使用：海：会話00982"
1490,False,"未使用：海：会話00983"
1491,False,"未使用：海：会話00984"
1492,False,"未使用：海：会話00985"
1493,False,"未使用：海：会話00986"
1494,False,"未使用：海：会話00987"
1495,False,"未使用：海：会話00988"
1496,False,"未使用：海：会話00989"
1497,False,"未使用：海：会話00990"
1498,False,"未使用：海：会話00991"
1499,False,"未使用：海：会話00992"
1500,False,"未使用：海：会話00993"
1501,False,"未使用：海：会話00994"
1502,False,"未使用：海：会話00995"
1503,False,"未使用：海：会話00996"
1504,False,"未使用：海：会話00997"
1505,False,"未使用：海：会話00998"
1506,False,"未使用：海：会話00999"
1507,False,"未使用：海：会話01000"
1508,False,"未使用：海：会話01001"
1509,False,"未使用：海：会話01002"
1510,False,"未使用：海：会話01003"
1511,False,"未使用：海：会話01004"
1512,False,"未使用：海：会話01005"
1513,False,"未使用：海：会話01006"
1514,False,"未使用：海：会話01007"
1515,False,"未使用：海：会話01008"
1516,False,"未使用：海：会話01009"
1517,False,"未使用：海：会話01010"
1518,False,"未使用：海：会話01011"
1519,False,"未使用：海：会話01012"
1520,False,"未使用：海：会話01013"
1521,False,"未使用：海：会話01014"
1522,False,"未使用：海：会話01015"
1523,False,"未使用：海：会話01016"
1524,False,"未使用：海：会話01017"
1525,False,"未使用：海：会話01018"
1526,False,"未使用：海：会話01019"
1527,False,"未使用：海：会話01020"
1528,False,"未使用：海：会話01021"
1529,False,"未使用：海：会話01022"
1530,False,"未使用：海：会話01023"
1531,False,"未使用：海：会話01024"
1532,False,"未使用：海：会話01025"
1533,False,"未使用：海：会話01026"
1534,False,"Des délices de Llymlaen<Indent/>! Tout droit de ses profondeurs salées<Indent/>!"
1535,False,"Ô Llymlaen<Indent/>! Permets-moi d'arriver vivant à L'Escale du pêcheur<Indent/>!"
1536,False,"Donne-m'en dix<Indent/>! Non, vingt<Indent/>!"
1537,False,"Euh... Je passe mon tour."
1538,False,"Mmm... Des fruits..."
1539,False,"未使用：海：会話01032"
1540,False,"C'est une belle canne... Une <Emphasis>très</Emphasis> belle canne, même..."
1541,False,"未使用：海：会話01034"
1542,False,"C'est plutôt cher pour à peine trois sacs."
1543,False,"未使用：海：会話01036"
1544,False,"未使用：海：会話01037"
1545,False,"未使用：海：会話01038"
1546,False,"未使用：海：会話01039"
1547,False,"未使用：海：会話01040"
1548,False,"C'est ce que me disent tous mes clients."
1549,False,"Tu ferais mieux de repartir à la guilde pour t'astiquer le mât<Indent/>! Hé, hé, hé<Indent/>!"
1550,False,"未使用：海：会話01043"
1551,False,"Ce pont a vu plus de sang couler que n'importe quel homme dans l'pays<Indent/>!"
1552,False,"On est p'têtre des pirates, mais on est pas des sauvages."
1553,False,"未使用：海：会話01046"
1554,False,"Moi j'attrape juste le poisson et elle s'occupe de la vente."
1555,False,"Qu'est-ce qui te ferait plaisir<Indent/>?"
1556,False,"Le Tillac est au-dessus."
1557,False,"J'ai les zygomatiques coincés et mon cœur brûle comme les flammes d'Ifrit<Indent/>!"
1558,False,"Vous savez y faire avec les mots<Indent/>!"
1559,False,"Les sirènes ont pas de temps à perdre avec les hommes, sauf pour réchauffer leurs lits."
1560,False,"未使用：海：会話01053"
1561,False,"Me dites pas que vous n'en avez pas entendu parler<Indent/>!"
1562,False,"Vous voulez que <Emphasis>je</Emphasis> chante une chanson sur <Emphasis>vos</Emphasis> exploits<Indent/>?"
1563,False,"Il y a bien quelque chose... mais pas tes poissons en tout cas."
1564,False,"未使用：海：会話01057"
1565,False,"未使用：海：会話01058"
1566,False,"未使用：海：会話01059"
1567,False,"未使用：海：会話01060"
1568,False,"未使用：海：会話01061"
1569,False,"未使用：海：会話01062"
1570,False,"未使用：海：会話01063"
1571,False,"未使用：海：会話01064"
1572,False,"未使用：海：会話01065"
1573,False,"未使用：海：会話01066"
1574,False,"未使用：海：会話01067"
1575,False,"未使用：海：会話01068"
1576,False,"未使用：海：会話01069"
1577,False,"未使用：海：会話01070"
1578,False,"未使用：海：会話01071"
1579,False,"未使用：海：会話01072"
1580,False,"未使用：海：会話01073"
1581,False,"未使用：海：会話01074"
1582,False,"未使用：海：会話01075"
1583,False,"未使用：海：会話01076"
1584,False,"未使用：海：会話01077"
1585,False,"Grrr..."
1586,False,"Allez, on se concentre..."
1587,False,"Émeraude éclatante<Indent/>! J'ai dit <Emphasis>Émeraude éclatante</Emphasis><Indent/>!"
1588,False,"Attaque<Indent/>!"
1589,False,"未使用：海：会話01082"
1590,False,"未使用：海：会話01083"
1591,False,"Pourquoi je dois porter mon armure pour ça<Indent/>?"
1592,False,"未使用：海：会話01085"
1593,False,"Je pense qu'on pourrait brûler à peu près n'importe quoi ici."
1594,False,"Cet endroit est plus sec que le Thanalan."
1595,False,"未使用：海：会話01088"
1596,False,"未使用：海：会話01089"
1597,False,"未使用：海：会話01090"
1598,False,"未使用：海：会話01091"
1599,False,"未使用：海：会話01092"
1600,False,"未使用：海：会話01093"
1601,False,"C'est pas des busards que je vois tourner dans le ciel<Indent/>?"
1602,False,"Si vous voulez mon avis, récurer c'est un boulot de rat."
1603,False,"Dis-nous où t'as planqué le magot, sale avorton<Indent/>!"
1604,False,"未使用：海：会話00820"
1605,False,"未使用：海：会話00821"
1606,False,"Ça te dit que je m'assoie sur ton dos, hein<Indent/>?"
1607,False,"Je cherche la bagarre<Indent/>!"
1608,False,"Je cherche l'Amirale<Indent/>!"
1609,False,"Je cherche le bureau des douanes."
1610,False,"Quand j'ai dit que je te suivrais jusqu'au bout du monde, je pensais que tu savais où tu allais."
1611,False,"Par Llymlaen, où sont les aéronefs<Indent/>!?"
1612,False,"Il me faut seize sacs de cette racine d'ici l'aube."
1613,False,"À chaque instant."
1614,False,"Déjà pensé à partir<Indent/>?"
1615,False,"C'est pas un endroit facile, Quartpierre, vraiment pas..."
1616,False,"未使用：海：会話00833"
1617,False,"J'ai vu un canari bleu<Indent/>! Un canari bleu, c'est vrai<Indent/>! Hic<Indent/>!"
1618,False,"Qu'est-ce que je ne donnerais pas... Pour reprendre la mer..."
1619,False,"Encore un jour qui me rend plus vieille et plus endettée..."
1620,False,"未使用：海：会話00837"
1621,False,"T'en as assez<Indent/>?"
1622,False,"Une brise marine m'a déjà frappé plus fort<Indent/>!"
1623,False,"未使用：海：会話00840"
1624,False,"未使用：海：会話00841"
1625,False,"未使用：海：会話00842"
1626,False,"♪ Nous, les pirates de bonne foi."
1627,False,"♪ On pille, on saccage dans la joie."
1628,False,"未使用：海：会話00845"
1629,False,"未使用：海：会話00846"
1630,False,"Mais qu'est-ce qu'on fout ici<Indent/>?"
1631,False,"Sans bateau, on est aussi utiles que des seins sur une dorade."
1632,False,"未使用：海：会話00849"
1633,False,"Crève<Indent/>!"
1634,False,"Cette urne est à nous<Indent/>!"
1635,False,"(À l'aide...)"
1636,False,"Après toi, ma jolie."
1637,False,"Pourquoi t'arrêtes pas, espèce de vieille barrique<Indent/>!?"
1638,False,"未使用：海：会話01097"
1639,False,"未使用：海：会話01098"
1640,False,"未使用：海：会話01099"
1641,False,"未使用：海：会話01100"
1642,False,"未使用：海：会話01101"
1643,False,"未使用：海：会話01102"
1644,False,"未使用：海：会話01103"
1645,False,"未使用：海：会話01104"
1646,False,"未使用：海：会話01105"
1647,False,"未使用：海：会話01106"
1648,False,"未使用：海：会話01107"
1649,False,"未使用：海：会話01108"
1650,False,"未使用：海：会話01109"
1651,False,"未使用：海：会話01110"
1652,False,"Et tous les Qiqirns alors<Indent/>?"
1653,False,"Il y a plein de poissons au large des atolls de sel."
1654,False,"未使用：海：会話01113"
1655,False,"未使用：海：会話01114"
1656,False,"Encore un peu plus près d'ici, mon petit chou."
1657,False,"Llymlaen me sourit aujourd'hui<Indent/>!"
1658,False,"Elle se moque bien de ta prise ridicule, oui<Indent/>!"
1659,False,"未使用：海：会話01118"
1660,False,"Et pourquoi je devrais prendre un gringalet comme toi<Indent/>?"
1661,False,"Parce que je... euh... j'ai un bandeau<Indent/>?"
1662,False,"(J'allais le dire.)"
1663,False,"未使用：海：会話01122"
1664,False,"Je veux le voir voler, Capitaine."
1665,False,"Eh bien, Monsieur, quelle est votre estimation<Indent/>?"
1666,False,"Je t'aime<Indent/>! Suis-moi et deviens ma maîtresse<Indent/>!"
1667,False,"Je... J'suis contrôleur de corsets à la douane de Mealvaan."
1668,False,"(feule)"
1669,False,"未使用：海：会話01128"
1670,False,"(siffle)"
1671,False,"J'ai besoin que vous signiez ce bordereau d'importation<Indent/>."
1672,False,"Suggérez-vous que j'accepte un pot-de-vin, Madame<Indent/>?"
1673,False,"Cinq boîtes de clic clic, dix sacs de bijoux..."
1674,False,"Le gentil Gobelin a mal aux jambes à force de rester debout... Psshh<Indent/>!"
1675,False,"Vous avez... plus grosse plume<Indent/>?"
1676,False,"Faites pas de bruit, ils ont besoin de rester concentrés."
1677,False,"Un espion avec une identité secrète<Indent/>? Ça pourrait bien marcher."
1678,False,"Et si on devait faire venir un contrôleur sur le bateau<Indent/>?"
1679,False,"Pourriez-vous être un peu plus <Emphasis>précis</Emphasis>, Monsieur<Indent/>?"
1680,False,"未使用：海：会話01139"
1681,False,"Fort bien<Indent/>! Il a repéré le tuberculait<Indent/>!"
1682,False,"La salle de réception est droit devant."
1683,False,"未使用：海：会話01142"
1684,False,"Grrrraaaah<Indent/>!"
1685,False,"Pendez-le par les coudes<Indent/>!"
1686,False,"Visez d'abord la tête, puis le cœur et enfin l'entre-jambes<Indent/>!"
1687,False,"未使用：海：会話01146"
1688,False,"未使用：海：会話01147"
1689,False,"未使用：海：会話01148"
1690,False,"未使用：海：会話01149"
1691,False,"Peut-être que quelques jours aux fers te feront comprendre."
1692,False,"Je... Je suis désolé..."
1693,False,"未使用：海：会話01152"
1694,False,"Foutue bleusaille<Indent/>!"
1695,False,"Mes genoux..."
1696,False,"未使用：海：会話01155"
1697,False,"未使用：海：会話01156"
1698,False,"未使用：海：会話01157"
1699,False,"未使用：海：会話01158"
1700,False,"未使用：海：会話01159"
1701,False,"Et l'ingrédient spécial est... l'amour<Indent/>! Ha ha ha<Indent/>! J'ai toujours rêvé de dire ça<Indent/>!"
1702,False,"未使用：海：会話01161"
1703,False,"未使用：海：会話01162"
1704,False,"Après le Fléau... je... je n'aurais jamais cru que... (sanglote)"
1705,False,"未使用：海：会話01164"
1706,False,"C'est ici que nous nous sommes rencontrés..."
1707,False,"Ça me semblait être le bon endroit pour nous dire adieu."
1708,False,"Tu viens avec moi dans la cale<Indent/>!"
1709,False,"J'aimerais bien voir ça<Indent/>!"
1710,False,"Découpe-le<Indent/>! Découpe-le j'te dis<Indent/>!"
1711,False,"未使用：海：会話01170"
1712,False,"未使用：海：会話01171"
1713,False,"未使用：海：会話01172"
1714,False,"未使用：海：会話01173"
1715,False,"Mamool doit d'abord montrer clic clic<Indent/>!"
1716,False,"Pas de sous-sous, pas d'affaire<Indent/>!"
1717,False,"L'or, je ne donne pas. Signer le pacte de sang, l'homme-rat doit d'abord."
1718,False,"Mais regarde, ce papier dit que je te donnerai les sous quand je les aurai."
1719,False,"未使用：海：会話01178"
1720,False,"Donne-lui ce foutu argent, on va pas y passer la nuit."
1721,False,"Personne va broncher si tu colles ton petit derrière dans la forge."
1722,False,"Voyons voir... Il y aura un poste dans une quinzaine d'étés."
1723,False,"Il me faut un bateau<Indent/>! Un qui ne coulera pas<Indent/>!"
1724,False,"Arrête de me r'garder, tu sais pas comment t'servir d'un marteau<Indent/>?"
1725,False,"未使用：海：会話01184"
1726,False,"C'est plus dur qu'il n'y paraît."
1727,False,"未使用：海：会話01186"
1728,False,"Pas <Emphasis>encore</Emphasis> de la morue<Indent/>!? (soupire)"
1729,False,"未使用：海：会話01188"
1730,False,"未使用：海：会話01189"
1731,False,"未使用：海：会話01190"
1732,False,"未使用：海：会話01191"
1733,False,"未使用：海：会話01192"
1734,False,"未使用：海：会話01193"
1735,False,"未使用：海：会話01194"
1736,False,"未使用：海：会話01195"
1737,False,"未使用：海：会話01196"
1738,False,"未使用：海：会話01197"
1739,False,"未使用：海：会話01198"
1740,False,"未使用：海：会話01199"
1741,False,"未使用：海：会話01200"
1742,False,"未使用：海：会話01201"
1743,False,"未使用：海：会話01202"
1744,False,"Me faut un avorton pour du boulot d'avorton."
1745,False,"À une époque, on avait des Qiqirns pour laver le pont."
1746,False,"未使用：海：会話01205"
1747,False,"Tout ce que je voulais, c'était une omelette sans œufs."
1748,False,"Quarante boudins au sang. Crus."
1749,False,"未使用：海：会話01208"
1750,False,"未使用：海：会話01209"
1751,False,"未使用：海：会話01210"
1752,False,"未使用：海：会話01211"
1753,False,"未使用：海：会話01212"
1754,False,"未使用：海：会話01213"
1755,False,"未使用：海：会話01214"
1756,False,"未使用：海：会話01215"
1757,False,"未使用：海：会話01216"
1758,False,"未使用：海：会話01217"
1759,False,"未使用：海：会話01218"
1760,False,"未使用：海：会話01219"
1761,False,"未使用：海：会話01220"
1762,False,"未使用：海：会話01221"
1763,False,"未使用：海：会話01222"
1764,False,"未使用：海：会話01223"
1765,False,"未使用：海：会話01224"
1766,False,"未使用：海：会話01225"
1767,False,"Décret de l'Amirale. Si vous avez un problème, vous en parlez avec <Emphasis>elle</Emphasis>."
1768,False,"Une vé<SoftHyphen/>ri<SoftHyphen/>fi<SoftHyphen/>ca<SoftHyphen/>tion des antécédents<Indent/>!?"
1769,False,"未使用：海：会話01228"
1770,False,"未使用：海：会話01229"
1771,False,"未使用：海：会話01230"
1772,False,"未使用：海：会話01231"
1773,False,"Va t'noyer en mer, Barracuda<Indent/>!"
1774,False,"Tu vas le laisser te bousculer comme ça, mon amour<Indent/>!?"
1775,False,"Certaines huiles pourraient aider..."
1776,False,"Je suis raide comme un caillou."
1777,False,"Mon bateau a b'soin de toute la morue salée que vous pouvez vendre."
1778,False,"Trente barils, ça va<Indent/>?"
1779,False,"未使用：海：会話01238"
1780,False,"未使用：海：会話01239"
1781,False,"未使用：海：会話01240"
1782,False,"未使用：海：会話01241"
1783,False,"未使用：海：会話01242"
1784,False,"未使用：海：会話01243"
1785,False,"未使用：海：会話01244"
1786,False,"未使用：海：会話01245"
1787,False,"未使用：海：会話01246"
1788,False,"未使用：海：会話01247"
1789,False,"未使用：海：会話01248"
1790,False,"未使用：海：会話01249"
1791,False,"未使用：海：会話01250"
1792,False,"未使用：海：会話01251"
1793,False,"未使用：海：会話01252"
1794,False,"未使用：海：会話01253"
1795,False,"未使用：海：会話01254"
1796,False,"未使用：海：会話01255"
1797,False,"未使用：海：会話01256"
1798,False,"未使用：海：会話01257"
1799,False,"未使用：海：会話01258"
1800,False,"未使用：海：会話01259"
1801,False,"未使用：海：会話01260"
1802,False,"未使用：海：会話01261"
1803,False,"未使用：海：会話01262"
1804,False,"未使用：海：会話01263"
1805,False,"未使用：海：会話01264"
1806,False,"未使用：海：会話01265"
1807,False,"未使用：海：会話01266"
1808,False,"未使用：海：会話01267"
1809,False,"未使用：海：会話01268"
1810,False,"Il y a encore des corvées, des corvées à finir<Indent/>!"
1811,False,"Et y a des Gobelins à faire frire<Indent/>!"
1812,False,"T'as vu ce que tu voulais<Indent/>? Alors reste loin de mes gars, compris<Indent/>?"
1813,False,"未使用：海：会話01272"
1814,False,"未使用：海：会話01273"
1815,False,"Qu'est-ce que t'attends<Indent/>? Une invitation de l'Amirale<Indent/>?"
1816,False,"Tu vas voir<Indent/>!"
1817,False,"Si tu choisis cette mauviette, tu vas voir tes fesses<Indent/>!"
1818,False,"Cinquant' gils sur... sur... çui en bleu<Indent/>! Hic<Indent/>!"
1819,False,"未使用：海：会話01278"
1820,False,"Plus fort les gars<Indent/>!"
1821,False,"♪ Mais le matin en s'réveillant."
1822,False,"♪ L'a vu qu'la fille était une chèèèvre."
1823,False,"未使用：海：会話01282"
1824,False,"未使用：海：会話01283"
1825,False,"未使用：海：会話01284"
1826,False,"未使用：海：会話01285"
1827,False,"未使用：海：会話01286"
1828,False,"未使用：海：会話01287"
1829,False,"未使用：海：会話01288"
1830,False,"未使用：海：会話01289"
1831,False,"未使用：海：会話01290"
1832,False,"未使用：海：会話01291"
1833,False,"Pas de traces de ces feuilles... pour l'instant."
1834,False,"未使用：海：会話01293"
1835,False,"未使用：海：会話01294"
1836,False,"未使用：海：会話01295"
1837,False,"Voilà qui devrait faire un bon vin de cuisine."
1838,False,"Et comment je fais pour atteindre ce qui est en haut<Indent/>?"
1839,False,"未使用：海：会話01298"
1840,False,"未使用：海：会話01299"
1841,False,"未使用：海：会話01300"
1842,False,"未使用：海：会話01301"
1843,False,"Le gagnant peut venir réchauffer ma couchette<Indent/>!"
1844,False,"T'vas l'laisser te causer comme ça<Indent/>?"
1845,False,"未使用：海：会話01304"
1846,False,"未使用：海：会話01305"
1847,False,"Ha ha ha ha<Indent/>!"
1848,False,"Zzzzzz..."
1849,False,"未使用：海：会話01308"
1850,False,"未使用：海：会話01309"
1851,False,"未使用：海：会話01310"
1852,False,"未使用：海：会話01311"
1853,False,"J'ai dit <Emphasis>lève</Emphasis> le monte-charge, abruti<Indent/>!"
1854,False,"Y a d'la marchandise qui arrive<Indent/>!"
1855,False,"未使用：海：会話01314"
1856,False,"未使用：海：会話01315"
1857,False,"未使用：海：会話01316"
1858,False,"未使用：海：会話01317"
1859,False,"Doucement<Indent/>! Dou-ce-ment<Indent/>!"
1860,False,"Et maintenant, il raconte à tout le monde qu'il est parti coucher avec une sirène<Indent/>!"
1861,False,"Oui, Chef<Indent/>!"
1862,False,"Oui, Chef<Indent/>!"
1863,False,"Oui, Chef<Indent/>!"
1864,False,"Oui, Chef<Indent/>!"
1865,False,"Oui, Chef<Indent/>!"
1866,False,"Pas de butin<Indent/>?"
1867,False,"未使用：海：会話01326"
1868,False,"未使用：海：会話01327"
1869,False,"未使用：海：会話01328"
1870,False,"未使用：海：会話01329"
1871,False,"Tu t'inquiètes trop<Indent/>! Le capitaine est loin."
1872,False,"未使用：海：会話01331"
1873,False,"Si on reste plus longtemps, le capitaine nous balancera<Indent/>!"
1874,False,"未使用：海：会話01333"
1875,False,"L'heure du combat approche<Indent/>! Restez sur le qui-vive<Indent/>!"
1876,False,"Faites-moi confiance, Chef<Indent/>!"
1877,False,"未使用：海：会話01336"
1878,False,"Et n'oubliez pas que vous n'êtes plus des pirates<Indent/>! On ne fouille pas les cadavres<Indent/>!"
1879,False,"未使用：海：会話01338"
1880,False,"未使用：海：会話01339"
1881,False,"未使用：海：会話01340"
1882,False,"未使用：海：会話01341"
1883,False,"未使用：海：会話01342"
1884,False,"未使用：海：会話01343"
1885,False,"未使用：海：会話01344"
1886,False,"未使用：海：会話01345"
1887,False,"未使用：海：会話01346"
1888,False,"未使用：海：会話01347"
1889,False,"未使用：海：会話01348"
1890,False,"未使用：海：会話01349"
1891,False,"♪ Pour un fruit mûr,
♪ Des graines partout,
♪ Pour nous nourrir."
1892,False,"未使用：海：会話01351"
1893,False,"未使用：海：会話01352"
1894,False,"未使用：海：会話01353"
1895,False,"♪ Un peu d'eau ici...
♪ Un peu d'eau là...
♪ Et un peu d'eau partout..."
1896,False,"未使用：海：会話01355"
1897,False,"未使用：海：会話01356"
1898,False,"未使用：海：会話01357"
1899,False,"未使用：海：会話01358"
1900,False,"未使用：海：会話01359"
1901,False,"未使用：海：会話01360"
1902,False,"未使用：海：会話01361"
1903,False,"未使用：海：会話01362"
1904,False,"未使用：海：会話01363"
1905,False,"未使用：海：会話01364"
1906,False,"未使用：海：会話01365"
1907,False,"未使用：海：会話01366"
1908,False,"未使用：海：会話01367"
1909,False,"Vous avez pas ce qu'il faut pour travailler là-bas<Indent/>!"
1910,False,"未使用：海：会話01369"
1911,False,"未使用：海：会話01370"
1912,False,"未使用：海：会話01371"
1913,False,"未使用：海：会話01372"
1914,False,"未使用：海：会話01373"
1915,False,"未使用：海：会話01374"
1916,False,"未使用：海：会話01375"
1917,False,"未使用：海：会話01376"
1918,False,"未使用：海：会話01377"
1919,False,"未使用：海：会話01378"
1920,False,"未使用：海：会話01379"
1921,False,"未使用：海：会話01380"
1922,False,"未使用：海：会話01381"
1923,False,"未使用：海：会話01382"
1924,False,"未使用：海：会話01383"
1925,False,"未使用：海：会話01384"
1926,False,"未使用：海：会話01385"
1927,False,"未使用：海：会話01386"
1928,False,"未使用：海：会話01387"
1929,False,"未使用：海：会話01388"
1930,False,"未使用：海：会話01389"
1931,False,"未使用：海：会話01390"
1932,False,"未使用：海：会話01391"
1933,False,"未使用：海：会話01392"
1934,False,"未使用：海：会話01393"
1935,False,"未使用：海：会話01394"
1936,False,"未使用：海：会話01395"
1937,False,"未使用：海：会話01396"
1938,False,"未使用：海：会話01397"
1939,False,"未使用：海：会話01398"
1940,False,"未使用：海：会話01399"
1941,False,"未使用：海：会話01400"
1942,False,"未使用：海：会話01401"
1943,False,"未使用：海：会話01402"
1944,False,"未使用：海：会話01403"
1945,False,"未使用：海：会話01404"
1946,False,"未使用：海：会話01405"
1947,False,"未使用：海：会話01406"
1948,False,"未使用：海：会話01407"
1949,False,"未使用：海：会話01408"
1950,False,"未使用：海：会話01409"
1951,False,"未使用：海：会話01410"
1952,False,"未使用：海：会話01411"
1953,False,"未使用：海：会話01412"
1954,False,"未使用：海：会話01413"
1955,False,"未使用：海：会話01414"
1956,False,"未使用：海：会話01415"
1957,False,"未使用：海：会話01416"
1958,False,"未使用：海：会話01417"
1959,False,"未使用：海：会話01418"
1960,False,"未使用：海：会話01419"
1961,False,"未使用：海：会話01420"
1962,False,"Il paraît qu'ils cherchent des hommes pour Le Lien d'Oschon."
1963,False,"未使用：海：会話01422"
1964,False,"未使用：海：会話01423"
1965,False,"未使用：海：会話01424"
1966,False,"未使用：海：会話01425"
1967,False,"Notre bateau s'est fait piller<Indent/>!"
1968,False,"Toute notre marchandise est perdue..."
1969,False,"未使用：海：会話01428"
1970,False,"未使用：海：会話01429"
1971,False,"未使用：海：会話01430"
1972,False,"未使用：海：会話01431"
1973,False,"未使用：海：会話01432"
1974,False,"Écartez-vous<Indent/>!"
1975,False,"未使用：海：会話01434"
1976,False,"未使用：海：会話01435"
1977,False,"Par ici<Indent/>! Vite<Indent/>!"
1978,False,"未使用：海：会話01437"
1979,False,"未使用：海：会話01438"
1980,False,"未使用：海：会話01439"
1981,False,"未使用：海：会話01440"
1982,False,"未使用：海：会話01441"
1983,False,"未使用：海：会話01442"
1984,False,"未使用：海：会話01443"
1985,False,"未使用：海：会話01444"
1986,False,"Comme vous avez demandé, Chef."
1987,False,"未使用：海：会話01446"
1988,False,"未使用：海：会話01447"
1989,False,"未使用：海：会話01448"
1990,False,"未使用：海：会話01449"
1991,False,"Je crois que c'est tout."
1992,False,"未使用：海：会話01451"
1993,False,"未使用：海：会話01452"
1994,False,"未使用：海：会話01453"
1995,False,"Foutredieu<Indent/>! Cette caisse devait nous durer toute la lune<Indent/>!"
1996,False,"未使用：海：会話01455"
1997,False,"C'est pas censé aller là-dedans<Indent/>! Incapable<Indent/>!"
1998,False,"Va voir ailleurs<Indent/>!"
1999,False,"Où vous voulez ces sacs de nourriture pour dodo<Indent/>?"
2000,False,"Aurez-vous aussi besoin de ces outils, Monseigneur<Indent/>?"
2001,False,"Tu me dis à <Emphasis>moi</Emphasis> quand <Emphasis>tu</Emphasis> en as assez."
2002,False,"Dis-moi juste quand tu en as assez, quoi."
2003,False,"Nous n'avons plus de blé aujourd'hui."
2004,False,"Vous avez dit la même chose hier<Indent/>!"
2005,False,"J'ai cinq enfants à nourrir<Indent/>!"
2006,False,"Mes gils paient aussi bien que ceux des autres<Indent/>!"
2007,False,"Je suis désolé, Lucky..."
2008,False,"Encore une commande de lavande de la guilde des alchimistes."
2009,False,"Ah<Indent/>! Voilà qui va pas faire plaisir aux Gridaniens."
2010,False,"Euh... De la farine<Indent/>?"
2011,False,"未使用：海：会話01470"
2012,False,"未使用：海：会話01471"
2013,False,"未使用：海：会話01472"
2014,False,"未使用：海：会話01473"
2015,False,"Il me faut absolument la recette de ce gruau<Indent/>!"
2016,False,"未使用：海：会話01475"
2017,False,"Couac<Indent/>!"
2018,False,"未使用：海：会話01477"
2019,False,"Tu veux que j'appelle une des trayeuses pour t'aider avec ça<Indent/>?"
2020,False,"Je n'ai pas autant travaillé depuis... depuis hier<Indent/>!"
2021,False,"未使用：海：会話01480"
2022,False,"未使用：海：会話01481"
2023,False,"Je réclame ce lit au nom de... moi-même<Indent/>!"
2024,False,"Laissez-moi donc boire en paix."
2025,False,"未使用：海：会話01484"
2026,False,"未使用：海：会話01485"
2027,False,"未使用：海：会話01486"
2028,False,"未使用：海：会話01487"
2029,False,"未使用：海：会話01488"
2030,False,"Kwé-éé..."
2031,False,"未使用：海：会話01490"
2032,False,"未使用：海：会話01491"
2033,False,"未使用：海：会話01492"
2034,False,"Retour au bercail, mon gars."
2035,False,"未使用：海：会話01494"
2036,False,"未使用：海：会話01495"
2037,False,"未使用：海：会話01496"
2038,False,"未使用：海：会話01497"
2039,False,"未使用：海：会話01498"
2040,False,"未使用：海：会話01499"
2041,False,"未使用：海：会話01500"
2042,False,"Si ça continue, nous allons devoir l'abattre..."
2043,False,"Maïs et laitue, Monsieur."
2044,False,"未使用：海：会話01503"
2045,False,"Vous avez déjà vu un coq rouge<Indent/>?"
2046,False,"Seulement après en avoir frit un avec du piment dragon."
2047,False,"Mais on nous a dit précisément la cabane du sud."
2048,False,"未使用：海：会話01507"
2049,False,"Les moutons sont si pleins qu'ils peuvent pas bouger<Indent/>! Vous leur donnez quoi<Indent/>!?"
2050,False,"未使用：海：会話01509"
2051,False,"未使用：海：会話01510"
2052,False,"未使用：海：会話01511"
2053,False,"未使用：海：会話01512"
2054,False,"未使用：海：会話01513"
2055,False,"未使用：海：会話01514"
2056,False,"Comment ça, <Emphasis>attendre</Emphasis><Indent/>? Je vois trois tables vides<Indent/>!"
2057,False,"Et si vous preniez une caisse pour vous-même<Indent/>?"
2058,False,"Ça coûte une fortune<Indent/>!"
2059,False,"Appelle-moi encore comme ça et ce seau finit sur ta tête."
2060,False,"未使用：海：会話01519"
2061,False,"Tu viens voir le cap'taine<Indent/>?"
2062,False,"Ces maudites volailles arrêtent pas de sauter la palissade..."
2063,False,"Est-ce que c'est vrai, ce qu'ils disent sur le Clan de la Mer<Indent/>?"
2064,False,"Et ces sceptres dorés<Indent/>?"
2065,False,"Si ça vous travaille, pourquoi ne pas trouver par vous-même<Indent/>?"
2066,False,"(snif) (snif)"
2067,False,"Je crois qu'il a bu un coup de trop."
2068,False,"Je ne me sens pas en sécurité ici. On est si proches des Impériaux..."
2069,False,"Ce sont les seuls à avoir survécu au Fléau."
2070,False,"Alors je prends dix bouteilles ! Peu importe le prix !"
2071,False,"Son mari était parti. Je ne pensais pas à mal."
2072,False,"Tout va bien ici<Indent/>!"
2073,False,"Les raisins vont faire une bonne cuvée cette année."
2074,False,"Une autre tournée, ma belle ! Et mets-la sur <Emphasis>son</Emphasis> ardoise !"
2075,False,"Vous êtes prêt à discuter les termes de notre accord ?"
2076,False,"Du vin rouge pour ton repas ? T'auras ce que je te donnerai, ouais."
2077,False,"Je peux pas me concentrer si vous restez devant moi."
2078,False,"Pourquoi le chef veut toujours qu'on porte ces masques avec cette chaleur !?"
2079,False,"Zzzzzz..."
2080,False,"(grogne)"
2081,False,"Mais où sont donc passés ces deux-là !?"
2082,False,"Ces flèches ne tiendront pas une autre bataille..."
2083,False,"On va se farcir quelques monstres, oh que ouais."
2084,False,"Vous auriez pas du dodo séché ? J'en ai ras-le-bol de bouffer des méduses."
2085,False,"Ah, qu'est-ce que je ne donnerais pas pour repartir en mer."
2086,False,"Ne pas laissez pas les Sahuagins gagner la terre ferme !"
2087,False,"Il faut battre le fer tant qu'il est chaud !"
2088,False,"Mais avec quoi ? On reste vraiment en infériorité numérique !"
2089,False,"Est-ce que les balistes sont prêtes à être déployées ?"
2090,False,"Ces machines ne nous servent à rien du tout sans hommes pour les utiliser !"
2091,False,"J'ai une main de libre, si la caisse est trop lourde."
2092,False,"Je crois qu'il y en aura pas assez pour chauffer le goudron."
2093,False,"Z'avez entendu parler du Cimetière de bateaux ?"
2094,False,"Ouaip, y paraît que ça grouille de revenants<Indent/>!"
2095,False,"Vous voudriez pas un peu d'ragoût avec vot' bière ?"
2096,False,"Ah ben tiens, c'est... comment déjà... Rah, je sais plus mais j'vous ai déjà vu<If(PlayerParameter(4))>e<Else/></If> avant."
2097,False,"Les cieux n'ont pas été cléments avec les récoltes."
2098,False,"T'as besoin d'une femme comme moi pour surveiller tes arrières !"
2099,False,"Où est ce foutu bateau ? J'ai mal aux épaules !"
2100,False,"Eh bien, en tout cas elle te voit <Emphasis>toi</Emphasis> en train de te ridiculiser avec cette boîte."
2101,False,"Tu crois qu'elle peut nous voir ?"
2102,False,"Le tarif de la bière est passé à deux cents gils par fût."
2103,False,"L'est peut-être temps de t'acheter de nouvelles lunettes."
2104,False,"Ces montagnes sont énormes !"
2105,False,"T'es avec eux ou quoi ?"
2106,False,"Fais gaffe avec cette poudre, espèce d'imbécile !"
2107,False,"Ce canon n'est plus en bon état de marche !"
2108,False,"Qu'est-ce qui accompagne bien la bière ? Plus de bière<Indent/>!"
2109,False,"Je sais pas pourquoi je continue à chercher. Je vais jamais le trouver..."
2110,False,"C'est pas parce que tu as toujours raison que tu as raison cette fois."
2111,False,"C'est l'meilleur son de cloche qu'j'ai jamais entendu."
2112,False,"Le problème, c'est de transporter la bière jusqu'à Radz-at-Han sans qu'elle soit bue<Indent/>!"
2113,False,"J'ai bien envie de vous envoyer pourrir dans la cale, vous deux !"
2114,False,"Le capitaine les a pris en train de le faire comme des lapins dans son propre plumard !"
2115,False,"J'ai jamais vu d'aussi belle femme que toi."
2116,False,"De bien jolis mots de la part de quelqu'un qui fait du si mauvais vin."
2117,False,"Depuis Ul'dah, tu dis ? Et comment t'as passé le détroit avec ce machin !?"
2118,False,"Plus de grâce ! Plus d'élégance !"
2119,False,"J'crois bien qu'après la prochaine, je range l'épée pour de bon."
2120,False,"Aaarrgh... J'ai trop mal au ventre..."
2121,False,"未使用：海：会話01580"
2122,False,"Blouaeurgh..."
2123,False,"Ô Nald'thal, abrégez mes souffrances..."
2124,False,"J'ai fait un rêve doux... Un rêve sans fin..."
2125,False,"Aah... Yellow Moon..."
2126,False,"Urgh... Je n'aime pas cette sensation dans mes intestins..."
2127,False,"Je... J'ai très... sommeil... tout à coup..."
2128,False,"Yellow Moon... C'est une chic fille..."
2129,False,"Eeeuuurgh..."
2130,False,"Qu'est-ce que c'est que ça<Indent/>!?"
2131,False,"Pas un chocobo, en tout cas..."
2132,False,"Quelle belle bête<Indent/>!"
2133,False,"Comme c'est étrange..."
2134,False,"M'man<Indent/>! M'man<Indent/>! C'est quoi, ça<Indent/>?"
2135,False,"Euh... Eh bien, c'était... Demande plutôt à ton père, mon ange."
2136,False,"Ouah<Indent/>! Quelle rapidité<Indent/>!"
2137,False,"C'était un humain... ou un chocobo<Indent/>?"
2138,False,"C'était un cheval<Indent/>!"
2139,False,"Je sais pas trop ce qui se passe par ici, mais bon courage<Indent/>!"
2140,False,"Cours<Indent/>! Oui, cours plus vite<Indent/>!"
2141,False,"Très intéressant..."
2142,False,"Plus rapide qu'un chocobo<Indent/>?"
2143,False,"Allez<Indent/>! Encore un peu<Indent/>! Il ne faut pas s'arrêter<Indent/>!"
2144,False,"J'aime tout par<SoftHyphen/>ti<SoftHyphen/>cu<SoftHyphen/>liè<SoftHyphen/>rement la couleur."
2145,False,"Encore un peu<Indent/>! Plus que quelques yalms<Indent/>!"
2146,False,"Il y a quelque chose qui vient par ici à toute allure<Indent/>!"
2147,False,"Oh là là<Indent/>! Je crois bien que je suis sous le charme<Indent/>!"
2148,False,"未使用：海：会話01607"
2149,False,"未使用：海：会話01608"
2150,False,"未使用：海：会話01609"
2151,False,"未使用：海：会話01610"
2152,False,"未使用：海：会話01611"
2153,False,"未使用：海：会話01612"
2154,False,"未使用：海：会話01613"
2155,False,"未使用：海：会話01614"
2156,False,"未使用：海：会話01615"
2157,False,"未使用：海：会話01616"
2158,False,"未使用：海：会話01617"
2159,False,"未使用：海：会話01618"
2160,False,"未使用：海：会話01619"
2161,False,"未使用：海：会話01620"
2162,False,"未使用：海：会話01621"
2163,False,"未使用：海：会話01622"
2164,False,"未使用：海：会話01623"
2165,False,"未使用：海：会話01624"
2166,False,"未使用：海：会話01625"
2167,False,"未使用：海：会話01626"
2168,False,"未使用：海：会話01627"
2169,False,"未使用：海：会話01628"
2170,False,"未使用：海：会話01629"
2171,False,"未使用：海：会話01630"
2172,False,"未使用：海：会話01631"
2173,False,"未使用：海：会話01632"
2174,False,"未使用：海：会話01633"
2175,False,"未使用：海：会話01634"
2176,False,"未使用：海：会話01635"
2177,False,"未使用：海：会話01636"
2178,False,"未使用：海：会話01637"
2179,False,"未使用：海：会話01638"
2180,False,"未使用：海：会話01639"
2181,False,"未使用：海：会話01640"
2182,False,"未使用：海：会話01641"
2183,False,"未使用：海：会話01642"
2184,False,"未使用：海：会話01643"
2185,False,"未使用：海：会話01644"
2186,False,"未使用：海：会話01645"
2187,False,"未使用：海：会話01646"
2188,False,"未使用：海：会話01647"
2189,False,"未使用：海：会話01648"
2190,False,"未使用：海：会話01649"
2191,False,"未使用：海：会話01650"
2192,False,"未使用：海：会話01651"
2193,False,"未使用：海：会話01652"
2194,False,"未使用：海：会話01653"
2195,False,"未使用：海：会話01654"
2196,False,"未使用：海：会話01655"
2197,False,"未使用：海：会話01656"
2198,False,"未使用：海：会話01657"
2199,False,"未使用：海：会話01658"
2200,False,"未使用：海：会話01659"
2201,False,"未使用：海：会話01660"
2202,False,"未使用：海：会話01661"
2203,False,"未使用：海：会話01662"
2204,False,"未使用：海：会話01663"
2205,False,"未使用：海：会話01664"
2206,False,"未使用：海：会話01665"
2207,False,"未使用：海：会話01666"
2208,False,"未使用：海：会話01667"
2209,False,"未使用：海：会話01668"
2210,False,"未使用：海：会話01669"
2211,False,"未使用：海：会話01670"
2212,False,"未使用：海：会話01671"
2213,False,"未使用：海：会話01672"
2214,False,"未使用：海：会話01673"
2215,False,"未使用：海：会話01674"
2216,False,"未使用：海：会話01675"
2217,False,"未使用：海：会話01676"
2218,False,"未使用：海：会話01677"
2219,False,"未使用：海：会話01678"
2220,False,"未使用：海：会話01679"
2221,False,"未使用：海：会話01680"
2222,False,"未使用：海：会話01681"
2223,False,"未使用：海：会話01682"
2224,False,"未使用：海：会話01683"
2225,False,"未使用：海：会話01684"
2226,False,"未使用：海：会話01685"
2227,False,"未使用：海：会話01686"
2228,False,"未使用：海：会話01687"
2229,False,"未使用：海：会話01688"
2230,False,"未使用：海：会話01689"
2231,False,"未使用：海：会話01690"
2232,False,"未使用：海：会話01691"
2233,False,"未使用：海：会話01692"
2234,False,"未使用：海：会話01693"
2235,False,"未使用：海：会話01694"
2236,False,"未使用：海：会話01695"
2237,False,"未使用：海：会話01696"
2238,False,"未使用：海：会話01697"
2239,False,"未使用：海：会話01698"
2240,False,"未使用：海：会話01699"
2241,False,"未使用：海：会話01700"
2242,False,"未使用：海：会話01701"
2243,False,"未使用：海：会話01702"
2244,False,"未使用：海：会話01703"
2245,False,"未使用：海：会話01704"
2246,False,"未使用：海：会話01705"
2247,False,"未使用：海：会話01706"
2248,False,"未使用：海：会話01707"
2249,False,"未使用：海：会話01708"
2250,False,"未使用：海：会話01709"
2251,False,"未使用：海：会話01710"
2252,False,"未使用：海：会話01711"
2253,False,"未使用：海：会話01712"
2254,False,"未使用：海：会話01713"
2255,False,"未使用：海：会話01714"
2256,False,"未使用：海：会話01715"
2257,False,"未使用：海：会話01716"
2258,False,"未使用：海：会話01717"
2259,False,"未使用：海：会話01718"
2260,False,"未使用：海：会話01719"
2261,False,"未使用：海：会話01720"
2262,False,"未使用：海：会話01721"
2263,False,"未使用：海：会話01722"
2264,False,"未使用：海：会話01723"
2265,False,"未使用：海：会話01724"
2266,False,"未使用：海：会話01725"
2267,False,"未使用：海：会話01726"
2268,False,"未使用：海：会話01727"
2269,False,"未使用：海：会話01728"
2270,False,"未使用：海：会話01729"
2271,False,"未使用：海：会話01730"
2272,False,"未使用：海：会話01731"
2273,False,"未使用：海：会話01732"
2274,False,"未使用：海：会話01733"
2275,False,"未使用：海：会話01734"
2276,False,"未使用：海：会話01735"
2277,False,"未使用：海：会話01736"
2278,False,"未使用：海：会話01737"
2279,False,"未使用：海：会話01738"
2280,False,"未使用：海：会話01739"
2281,False,"未使用：海：会話01740"
2282,False,"未使用：海：会話01741"
2283,False,"未使用：海：会話01742"
2284,False,"未使用：海：会話01743"
2285,False,"未使用：海：会話01744"
2286,False,"未使用：海：会話01745"
2287,False,"未使用：海：会話01746"
2288,False,"未使用：海：会話01747"
2289,False,"未使用：海：会話01748"
2290,False,"未使用：海：会話01749"
2291,False,"未使用：海：会話01750"
2292,False,"未使用：海：会話01751"
2293,False,"未使用：海：会話01752"
2294,False,"未使用：海：会話01753"
2295,False,"未使用：海：会話01754"
2296,False,"未使用：海：会話01755"
2297,False,"未使用：海：会話01756"
2298,False,"未使用：海：会話01757"
2299,False,"未使用：海：会話01758"
2300,False,"C'est la fin pour toi<Indent/>!"
2301,False,"Crève, crève, crève<Indent/>! Crève mille fois et plus encore<Indent/>!"
2302,False,"Vous devez nous sauver<Indent/>!"
2303,False,"Je ne suis pas avec eux<Indent/>! Je le jure sur le peu de vertu qu'il me reste<Indent/>!"
2304,False,"Qui êtes-vous<Indent/>!?"
2305,False,"Qu'est-ce que ce sera ce soir, Cap... Vous n'êtes pas le capitaine<Indent/>!"
2306,False,"Pardonnez-moi<Indent/>! J-je ne voulais pas vous offenser<Indent/>!"
2307,False,"Suis-je... libre<Indent/>?"
2308,False,"Loués soient les Douze<Indent/>! Le cauchemar est fini<Indent/>!"
2309,False,"Je me rends à vous... Faites de moi ce que vous voulez..."
2310,False,"Qu'ai-je fait pour mériter ces souffrances<Indent/>?<Indent/>..."
2311,False,"Je ne tiendrai pas une nuit de plus..."
2312,False,"S'il vous plaît, <If(PlayerParameter(4))> Madame<Else/>Monseigneur</If>, je souffre tant..."
2313,False,"Découpez-leur l'entrejambe<Indent/>! À tous, jusqu'au dernier<Indent/>!"
2314,False,"Hadoken<Indent/>!"
2315,False,"Tu ne m'échapperas pas<Indent/>!"
2316,False,"Yaaah<Indent/>!"
2317,False,"Réponds à l'appel de ma rancune, entité des ténèbres<Indent/>!"
2318,False,"Alors moi aussi."
2319,False,"Si l'eau était plus profonde je me noierais !"
2320,False,"Mon cerveau... Je crois qu'il a bouilli."
2321,False,"Tu dis encore quelque chose sur mes cheveux et je te scalpe sur place."
2322,False,"Ces demoiselles veulent-elles prendre un bain de minuit ?"
2323,False,"Les sources vous réchaufferont à l'extérieur, et le vin à l'intérieur."
2324,False,"Vous voulez nous rejoindre ? Ou bien est-ce qu'on est trop pour vous ?"
2325,False,"Je crois qu'on est repérées, les filles."
2326,False,"Je peux en avoir deux fois plus à Ul'dah pour le même prix !"
2327,False,"Dernier ra<SoftHyphen/>vi<SoftHyphen/>tail<SoftHyphen/>le<SoftHyphen/>ment avant des dizaines de malms !"
2328,False,"Trois contre un !"
2329,False,"Eh bien, c'est beaucoup plus animé qu'avant<Indent/>!"
2330,False,"Il faut im<SoftHyphen/>mé<SoftHyphen/>dia<SoftHyphen/>te<SoftHyphen/>ment amener tout ça à la Trouvaille."
2331,False,"Rien à signaler de ce côté<Indent/>!"
2332,False,"Le destin récompense toujours qui sait attendre. Hé hé hé..."
2333,False,"Je crève de chaud dans cette armure."
2334,False,"La chair molle sous leur menton, c'est ça leur point faible."
2335,False,"J'ai l'impression d'avoir mangé un dragon."
2336,False,"Et si tu venais faire un tour dans mon lit ?"
2337,False,"Je me vengerai..."
2338,False,"Un cadavre me tiendrait plus chaud que toi."
2339,False,"La visière empêche mes yeux de geler."
2340,False,"Je constate que tu n'es pas un géant. Tu peux donc passer."
2341,False,"Je dis qu'on doit creuser depuis la face nord."
2342,False,"Et moi je dis qu'on creuse depuis le sud."
2343,False,"Faut jamais chercher du travail dans un endroit comme celui-là."
2344,False,"Quel chef-d'œuvre<Indent/>! Toute la structure est conçue à partir d'un seul rocher !"
2345,False,"Quand il y a beaucoup de brouillard, mieux vaut rester dans le coin."
2346,False,"Les portes sont fermées aux étrangers et aux hérétiques."
2347,False,"Les personnes comme toi n'ont rien à faire ici."
2348,False,"Moi, je dis qu'il y a trop d'aventuriers dans le Coerthas."
2349,False,"Ils sont presque aussi néfastes que les dragons."
2350,False,"De la farine et du chou pourri... c'est pas avec ça qu'on va tenir un siège."
2351,False,"Y a rien de mieux à faire dans la vie que combattre des dragons ?"
2352,False,"Tout ce que je vois là, c'est du rouge et du blanc. Le maître a commandé un rosé !"
2353,False,"J'ai comblé bien des femmes au cours de mes cinquante-cinq printemps."
2354,False,"C'est pour ça que j'embauche pas d'hommes ! Vous pensez qu'avec votre entrejambe !"
2355,False,"Eh ! Tu me paies avec mon propre argent !"
2356,False,"Qu'est-ce que je donnerais pas pour être là-bas..."
2357,False,"M'déconcentre pas<Indent/>! J'ai fait l'pari que j'tiendrai cette caisse pendant une lune entière<Indent/>!"
2358,False,"J'ai encore jamais raté.
(La falaise, évidemment.)"
2359,False,"Un, deux... Neuf, dix... Quarante et un, quarante-deux..."
2360,False,"Sept, huit... Hm ? Trente-neuf, quarante... Hm ?"
2361,False,"Ça a un goût de poulet parce que <Emphasis>c'est</Emphasis> du poulet !"
2362,False,"Tout est dans le poignet !"
2363,False,"Les dragons se reposent jamais, donc nous non plus !"
2364,False,"Mon bras... Ce maudit truc a failli me l'arracher !"
2365,False,"Halone est témoin de ton sacrifice. Tu auras ta place chez elle."
2366,False,"Dix hommes sont morts quand vous avez brisé les rangs !"
2367,False,"Mes orteils... Ils sont tout noirs et froids."
2368,False,"Encore un aventurier... (soupire)"
2369,False,"Silence ! Tu veux que les chevaliers t'entendent !?"
2370,False,"J'ai pris le couteau dans ses mains sans vie."
2371,False,"Dans le Coerthas, vous devez vous conformer à <Emphasis>nos</Emphasis> lois."
2372,False,"Allez, allez<Indent/>! Plus vite, bande de chiffes molles<Indent/>!"
2373,False,"On ne peut plus continuer comme ça. Pense à ta femme."
2374,False,"Je veux que cet essieu soit graissé avant la nuit."
2375,False,"Et un hérétique de plus dans le Gouffre, un. "
2376,False,"Quand on tue pas des dragons, on s'entraîne à les tuer."
2377,False,"Ça nous prépare aux vrais combats<Indent/>!"
2378,False,"Les armes à l'intérieur appartiennent à ceux qui sont tombés au champ d'honneur."
2379,False,"Où ai-je donc mis cet exemplaire de l'Enchiridion ?"
2380,False,"Des mensonges d'hérétique pour nous faire oublier notre devoir."
2381,False,"Il paraît qu'il y a un endroit au sud où l'eau est aussi chaude que le sang."
2382,False,"Silence, vous deux, et concentrez-vous !"
2383,False,"Qu'est-ce que c'est<Indent/>!?"
2384,False,"Tout est rassis : le pain, la bière, et la compagnie. J'en ai plus qu'assez."
2385,False,"Tu as un problème avec ma compagnie ?"
2386,False,"Vous voulez prendre un verre ?"
2387,False,"Tous les huit ont été rôtis vivants dans leur armure..."
2388,False,"Et nos compagnons alors ?"
2389,False,"Qu'est-ce que c'est ? Encore des dragons !?"
2390,False,"Quand est-ce que la neige fondra..."
2391,False,"D'après nos relevés..."
2392,False,"Les géants et les goobbues sont notre fléau, d'habitude."
2393,False,"La position des étoiles laisse présager une attaque imminente."
2394,False,"Ce n'est pas ce que révèlent nos observations !"
2395,False,"Il faut prévenir les templiers<Indent/>!"
2396,False,"C'est de mauvais augure..."
2397,False,"Tu es bien loin de chez toi, mon ami<If(PlayerParameter(4))>e<Else/></If>."
2398,False,"Je n'envie pas celui qui doit patrouiller l'Œil."
2399,False,"Moi non plus."
2400,False,"Il manque une bouteille ! Expliquez-vous !"
2401,False,"Aucun être humain ne pourrait survivre à une telle chute."
2402,False,"Si un être du néant vous attrape, il dévorera votre âme."
2403,False,"Écoutez-le. Quittez ce lieu et ne revenez jamais<Indent/>!"
2404,False,"Ne craignez rien. Cet endroit est sûr."
2405,False,"Je prends le premier quart."
2406,False,"Cinquième quart au rapport !"
2407,False,"Le septième quart est toujours le pire."
2408,False,"On travaille par quarts pour être plus efficaces."
2409,False,"Encore un coup de cloche et mon quart sera terminé."
2410,False,"Je suis avec le huitième quart... ou le neuvième<Indent/>? Mince, j'ai oublié<Indent/>!"
2411,False,"Je suppose que vous vous demandez combien de quarts on a en tout."
2412,False,"J'essaie de ne pas trop me soucier de ce qui se passe à l'intérieur."
2413,False,"Le numéro de mon quart ? Je sais pas... Quatorze ?"
2414,False,"À la fin de mon quart, je vais boire comme un trou."
2415,False,"Le type du quatorzième quart a été démobilisé. Je suis le nouveau quatorze !"
2416,False,"Les quarts, ça va, ça vient, comme la marée. Moi, je suis le quinzième."
2417,False,"Ni votre vie, ni votre mort ne seront oubliées."
2418,False,"On pourrait croire que des tueurs de dragons sont capables d'attraper un rat ou deux !"
2419,False,"Elle est partie... Je n'ai pas pu la sauver..."
2420,False,"Alors, on vient se réchauffer, hein ?"
2421,False,"Ma nouvelle technique ? C'est la frappe mortelle du fléau !"
2422,False,"Pile entre les écailles !"
2423,False,"(souffle) J'commence à en avoir marre... (souffle) d'faire des pompes..."
2424,False,"Ils peuvent pas me garder ici !"
2425,False,"Tu as toujours su utiliser les bons mots."
2426,False,"On est un... gentilhomme... ou on ne l'est pas<Indent/>!"
2427,False,"Je me sens... si raffiné<Indent/>!"
2428,False,"Le pouvoir de la... gentilhommerie m'habite<Indent/>!"
2429,False,"♪ La lune se lève...
♪ Mon âme monte au ciel...
♪ Enivrée par cette ritournelle..."
2430,False,"Je vais vous faire bouffer vos dents<Indent/>!"
2431,False,"Les peaux-tendres, il faut tuer<Indent/>!"
2432,False,"Du camp, ils ont osé s'approcher<Indent/>!"
2433,False,"Alors, le reste de la cargaison..."
2434,False,"Je m'en occupe sur-le-champ, Monsieur."
2435,False,"Il ne faut pas avoir peur de ces horreurs<Indent/>!"
2436,False,"Maudits soient ces êtres du néant<Indent/>!"
2437,False,"Votre aide est plus que bienvenue<Indent/>!"
2438,False,"Je vous en supplie... Sauvez nos camarades<Indent/>!"
2439,False,"Qu'attends-tu pour t'approcher<Indent/>?
Ne me dis pas que tu es effrayé<If(PlayerParameter(4))>e<Else/></If><Indent/>!"
2440,False,"Je suis prêt à contre-attaquer<Indent/>!
Viens donc un peu plus près<Indent/>!"
2441,False,"Prépare-toi à mourir<Indent/>!
Je ne te laisserai pas t'enfuir<Indent/>!"
2442,False,"Qu'attends-tu pour t'approcher<Indent/>?
Ne me dis pas que tu es effrayé<If(PlayerParameter(4))>e<Else/></If><Indent/>!"
2443,False,"Je suis prêt à contre-attaquer<Indent/>!
Viens donc un peu plus près<Indent/>!"
2444,False,"Prépare-toi à mourir<Indent/>!
Je ne te laisserai pas t'enfuir<Indent/>!"
2445,False,"T'as pas intérêt à laisser tomber ça, toi<Indent/>!"
2446,False,"Savoir griller la viande est un art que peu maîtrisent."
2447,False,"Allez, plus vite<Indent/>! On va pas y passer la journée<Indent/>!"
2448,False,"Vite, j'ai besoin d'aide<Indent/>!"
2449,False,"Laisse-moi partir<Indent/>!
Je sens mon corps s'engourdir<Indent/>!"
2450,False,"Ah, je me sens mal<Indent/>!
Cette situation est infernale<Indent/>!"
2451,False,"On peut discuter, en fait..."
2452,False,"Les bons soldats, les bons dirigeants font."
2453,False,"Nous devons défendre notre demeure<Indent/>!
Et si nous échouons, que tous meurent<Indent/>!"
2454,False,"Restez sur vos gardes<Indent/>!
Que personne ne bavarde<Indent/>!"
2455,False,"Ouah<Indent/>!"
2456,False,"Mouaha<Indent/>!"
2457,False,"À toi de jouer, maintenant<Indent/>!
Je sais qu'avec toi, nous serons gagnants<Indent/>!"
2458,False,"VOUS ALLEZ CONNAÎTRE LA FORCE DE NOTRE COLÈRE<Indent/>!"
2459,False,"Notre succès est assuré.
Cette margoulette va nous aider<Indent/>!"
2460,False,"♪ On est des malins.
♪ On est des coquins."
2461,False,"Eh<Indent/>! T'as pas fini de te tourner les pouces<Indent/>!?"
2462,False,"Toi aussi, t'es là pour filer un coup de main<Indent/>?"
2463,False,"J'en ai par-dessus la tête de ces fichus cailloux<Indent/>! J'en rêve même la nuit..."
2464,False,"Comme quoi, s'entraîner, ça sert<Indent/>!"
2465,False,"Je vois rien du tout. Et vous<Indent/>?"
2466,False,"Raah<Indent/>! J'ai hâte de pouvoir m'y mettre<Indent/>!"
2467,False,"Va te faire voir<Indent/>!"
2468,False,"Débile<Indent/>! Idiot<If(PlayerParameter(4))>e<Else/></If><Indent/>!"
2469,False,"Vous venez vous entraîner, je suppose<Indent/>?"
2470,False,"L'entrée est sur votre gauche."
2471,False,"Alors, on a les chocottes<Indent/>?"
2472,False,"Allez<Indent/>! On se motive<Indent/>!"
2473,False,"Plus fort<Indent/>!"
2474,False,"C-compris<Indent/>!"
2475,False,"Je gagnerai la prrrochaine<Indent/>!"
2476,False,"Pfff<Indent/>! J'en ai marre de ramasser les cadavres des aventuriers..."
2477,False,"Seuls les plus forts survivront<Indent/>!"
2478,False,"La vie du gladiateur est dure..."
2479,False,"Il faut se donner pour captiver l'audience<Indent/>!"
2480,False,"Si vous perdez vos moyens, c'est la défaite assurée<Indent/>!"
2481,False,"Alors<Indent/>! Tu vas attaquer, oui<Indent/>!?"
2482,False,"Raah<Indent/>! Il perturbe ma con<SoftHyphen/>cen<SoftHyphen/>tra<SoftHyphen/>tion à crier comme ça..."
2483,False,"Les monstres vous attendent<Indent/>!"
2484,False,"Allez<Indent/>! Matez-moi ces gros matous<Indent/>!"
2485,False,"C'est moi qui ai élevé ces bêtes. C'est pour ça qu'elles m'attaquent pas<Indent/>!"
2486,False,"Les combats de gladiateurs sont la gloire du Colisée<Indent/>!"
2487,False,"Un coup de lance bien placé, et hop<Indent/>! direction les sept enfers."
2488,False,"Percer leur défense sera pas facile, croyez-moi<Indent/>!"
2489,False,"Il faut des tripes pour vaincre<Indent/>!"
2490,False,"J'ai le mal de mer... Oeeurg<Indent/>!"
2491,False,"J'ai pas dormi, oh non<Indent/>! Je suis fatigué, oui<Indent/>!"
2492,False,"未使用：海：コボルド：00009"
2493,False,"Fsss... Où sssont les poissons<Indent/>?"
2494,False,"Il faut lire dans la marée..."
2495,False,"On va s'amuser, ma cocotte, mouais, on va s'amuser<Indent/>!"
2496,False,"Tu vas nous donner des cours d'anatomie, ouais<Indent/>!"
2497,False,"Au secours<Indent/>! À l'aide, moui-moui<Indent/>!!"
2498,False,"J'admire votre bravoure...
Mais vous devriez faire demi-tour."
2499,False,"On s'occupe de tout.
Vous pouvez rentrer chez vous."
2500,False,"Cette zone est interdite.
Il y a trop de parasites."
2501,False,"Vous renoncez<Indent/>?"
2502,False,"Que Halone vous protège<Indent/>!"
2503,False,"Nous allons prendre le relais de l'unité d'éclaireurs<Indent/>!"
2504,False,"Maudits hérétiques<Indent/>!"
2505,False,"Je tremble comme une feuille..."
2506,False,"Je rentrerai vivante<Indent/>!"
2507,False,"Ça me rappelle l'en<SoftHyphen/>traî<SoftHyphen/>ne<SoftHyphen/>ment<Indent/>!"
2508,False,"Sauvez... mes compagnons..."
2509,False,"Fsss... Que voulez-vous aux Tridents du corail<Indent/>?"
2510,False,"Fsssh... Un enfant de Novv<Indent/>?"
2511,False,"Fsssouille-ouille-ouille<Indent/>!"
2512,False,"Je suis trop occupé à me reposer, là, oui<Indent/>! Arrête de m'embêter avec tes histoires<Indent/>!"
2513,False,""
2514,False,"Allez-y<Indent/>!
C'est par ici<Indent/>!"
2515,False,"Poursuivez ce chemin.
C'est un peu plus loin."
2516,False,"Bon sang, non<Indent/>! Nooon<Indent/>!!"
2517,False,"Prêts à combattre<Indent/>!"
2518,False,"Ça va saigner<Indent/>!"
2519,False,"Prends ça<Indent/>!"
2520,False,"Yah<Indent/>!"
2521,False,"C'est le moment<Indent/>!"
2522,False,"Waaargh<Indent/>!"
2523,False,"Mais qu'est-ce qu'ils regardent, ces deux-là<Indent/>?"
2524,False,"J'ai bien fait d'm'entraîner sur des marmottes et des coccinelles<Indent/>!"
2525,False,"Arrête donc de creuser sous les échafaudages<Indent/>! Tu m'entends<Indent/>?"
2526,False,"Ils sont bons, mes légumes<Indent/>! Ils sont frais<Indent/>!"
2527,False,"De bons gros légumes<Indent/>! Cultivés avec de la fiente de nix<Indent/>!"
2528,False,"(snif) (snif)..."
2529,False,"(couine)"
2530,False,"Ruuuubiiii...<Indent/>!?"
2531,False,"(snif) (snif)..."
2532,False,"Comment elle est trop belle, ma canne à pêche..."
2533,False,"Il faut vrrraiment que j'achète une laisse, moi..."
2534,False,"Parrr ici, gentil petit poisson...♪"
2535,False,"Viens morrrdre à l'hameçon...♪"
2536,False,"Ohoo<Indent/>!♪"
2537,False,"Haha<Indent/>! Tu as crrru que tu allais m'échapper, mon dodu<Indent/>!"
2538,False,"C'est mon maîtrrre qui va être content d'obtenir encore un poisson<Indent/>!♪"
2539,False,"Tant pis... Je n'ai qu'à acheter un poisson en rentrrrant en ville."
2540,False,"Youpi<Indent/>! Ça va être la fête<Indent/>!"
2541,False,"Allez<Indent/>! Allez<Indent/>!"
2542,False,"Montrez-nous de quoi vous êtes capable<Indent/>!"
2543,False,"Moi aussi, je veux devenir aventurière<Indent/>!"
2544,False,"J'suis de tout cœur avec toi, <If(PlayerParameter(4))>ma grande<Else/>mon gars</If><Indent/>!"
2545,False,"Faites de votre mieux<Indent/>!"
2546,False,"Génial<Indent/>! V'là un<If(PlayerParameter(4))>e<Else/></If> aventuri<If(PlayerParameter(4))>ère<Else/>er</If><Indent/>!"
2547,False,"J'aime trop les aventuriers<Indent/>!"
2548,False,"Ouah, la classe<Indent/>!"
2549,False,"Ouah, comment <If(PlayerParameter(4))>elle<Else/>il</If> a l'air balèze<Indent/>!"
2550,False,"Bon courage<Indent/>!"
2551,False,"Youpi<Indent/>! Un<If(PlayerParameter(4))>e<Else/></If> aventuri<If(PlayerParameter(4))>ère<Else/>er</If><Indent/>!"
2552,False,"Oh<Indent/>! Regardez, un<If(PlayerParameter(4))>e<Else/></If> aventuri<If(PlayerParameter(4))>ère<Else/>er</If><Indent/>!"
2553,False,"Faites-nous rêver<Indent/>!♪"
2554,False,"Je veux voir des beaux feux d'artifice<Indent/>!"
2555,False,"Vous allez nous offrir un beau spectacle<Indent/>?"
2556,False,"Ah, en voilà un<If(PlayerParameter(4))>e<Else/></If><Indent/>!"
2557,False,"Je veux en voir de toutes les couleurs<Indent/>!"
2558,False,"Ah, enfin<Indent/>! Depuis le temps que je cherche une de ces satanées graines<Indent/>!"
2559,False,"Bon, c'est pas le moment de se déconcentrer<Indent/>!"
2560,False,"Oh<Indent/>! Voyons, voyons, qu'est-ce que j'ai, là...<Indent/>?"
2561,False,"Oui<Indent/>! Parfait<Indent/>!"
2562,False,"Mouais, pas mal joué<Indent/>!"
2563,False,"Je sens que j'ai de la veine, aujourd'hui<Indent/>!"
2564,False,"Ouf<Indent/>! Je commence à fatiguer, moi..."
2565,False,"T'es du métier, toi aussi<Indent/>? Bon courage à nous deux<Indent/>!"
2566,False,"Bon, il est temps que je rapporte tout ça à ma maîtresse."
2567,False,"Bon<Indent/>! Il nous reste plus qu'à trouver un nouveau boulot."
2568,False,"Garde, c'est pas plus ennuyeux que d'explorer cent fois l'même donjon, après tout..."
2569,False,"Il n'y a pas un livre d'initiation à l'arcanisme quelque part<Indent/>?<Indent/>..."
2570,False,"Mais qu'est-ce qu'ils regardent, ceux-là<Indent/>?"
2571,False,"Je vais te noyer<Indent/>!"
2572,False,"Tu vas servir de pâture aux crabes<Indent/>!"
2573,False,"Au nom de Léviathan<Indent/>!"
2574,False,"Viens avec nouuus<Indent/>!"
2575,False,"Non... Ne me regarde paaas<Indent/>!"
2576,False,"Il n'y a plus d'échappatoire<Indent/>!"
2577,False,"Hé hé hé<Indent/>! La victoire est mienne<Indent/>!"
2578,False,"Ouah<Indent/>! T'as encore gagné<Indent/>!? T'es vraiment trop balèze<Indent/>!"
2579,False,"Bon, je vais profiter de cette petite pause pour livrer mon maître."
2580,False,"Y a pas quelque chose pour moi<Indent/>?"
2581,False,"On dirait bien que non. Tant pis..."
2582,False,"N'approchez pas<Indent/>!
Retournez là-bas<Indent/>!"
2583,False,"Argh<Indent/>! Y a presque plus de gnôle<Indent/>!"
2584,False,"Ces négociations n'en finiront donc jamais..."
2585,False,"Ceux-là sont de bons petits... Ils doivent bien manger<Indent/>!"
2586,False,"Celui-ci est d'accord, c'est les fondations qui soutiennent tout<Indent/>!"
2587,False,"Ceux-ci doivent être patients<Indent/>!"
2588,False,"Petit à petit, le travail de ceux-ci prend forme<Indent/>!"
2589,False,"Celui-ci est im<SoftHyphen/>pres<SoftHyphen/>sion<SoftHyphen/>né par la technologie des humains<Indent/>!"
2590,False,"Encore un peu et ça sera prêt<Indent/>!"
2591,False,"Le rêve de ceux-ci n'est pas fini<Indent/>!"
2592,False,"Rrrr... zzZZZ..."
2593,False,"●00011"
2594,False,"●00012"
2595,False,"●00013"
2596,False,"●00014"
2597,False,"●00015"
2598,False,"Je vais cherrrcher autre part..."
2599,False,"Grrr... Il n'est pas par ici..."
2600,False,"Ruuubiii<Indent/>!!! Mais tu es où<Indent/>!?"
2601,False,"(snif) (snif)..."
2602,False,"Si je l'attrrrape, je l'attache à un piquet<Indent/>!"
2603,False,"Ruuubiii<Indent/>!!! Viens, mon petit<Indent/>! Montrrre-toi<Indent/>!"
2604,False,"Pourquoi ça nous arrive à nous...<Indent/>?"
2605,False,"Tiens bon<Indent/>!"
2606,False,"Urghhh..."
2607,False,"Dire qu'on vivait enfin en paix..."
2608,False,"J'aimerais qu'on nous laisse tranquilles..."
2609,False,"Graaarrrgh..."
2610,False,"Hurrrgh..."
2611,False,"Gwouuh... gwouuuh..."
2612,False,"Vous êtes venus nous aider<Indent/>? Pitié, sauvez mes amis<Indent/>!"
2613,False,"(snif) (snif)..."
2614,False,"Raaah<Indent/>! J'ai l'imprrression de passer mon temps à chercher cet idiot de familier<Indent/>!"
2615,False,"Sauvez mes compagnons<Indent/>!"
2616,False,"Eh, oh<Indent/>! Si vous voulez vous battre, c'est dehors que ça se passe<Indent/>!"
2617,False,"J'espère que ça va mordre aujourd'hui..."
2618,False,"Allez, quoi<Indent/>! Rien qu'un ou deux gros poissons..."
2619,False,"Oh<Indent/>!?"
2620,False,"Oh, la belle prise<Indent/>!"
2621,False,"C'est mon maître qui va être content."
2622,False,"Chou blanc... Il va falloir faire les courses en rentrant."
2623,False,"Youpi<Indent/>! Ça c'est ce que j'appelle une bonne récolte<Indent/>!"
2624,False,"Récolte royale<Indent/>!"
2625,False,"J'en crois pas mes yeux..."
2626,False,"Génial<Indent/>! Y en a foison<Indent/>!"
2627,False,"C'est mon jour de chance."
2628,False,"Pas mal... Vraiment pas mal<Indent/>!"
2629,False,"Pfiou<Indent/>! C'est éreintant, tout ça."
2630,False,"Tiens, <If(PlayerParameter(4))>une consœur<Else/>un confrère</If>... Courage à vous<Indent/>!"
2631,False,"J'ai enfin terminé. Reste plus qu'à apporter tout ça à mon maître."
2632,False,"Et encore une fois, c'est un triomphe<Indent/>!"
2633,False,"Incroyable<Indent/>! Vous gagnez vraiment à tous les coups, vous..."
2634,False,"Quelle chance<Indent/>! Vous n'auriez pas de l'équipement de qualité à me prêter<Indent/>?"
2635,False,"Il me reste du temps avant ma prochaine tâche. Je vais en profiter pour boire un coup."
2636,False,"Je me demande s'il y a encore du gibier à chasser ici."
2637,False,"Bon, il faut que je trouve un autre terrain de chasse..."
2638,False,"C'est parti<Indent/>!"
2639,False,"La récolte va être bonne."
2640,False,"Wouhou<Indent/>!"
2641,False,"J'ai décroché le gros lot.♪"
2642,False,"Quelle récolte mes enfants, quelle récolte<Indent/>!"
2643,False,"J'en peux plus..."
2644,False,"Salut vous<Indent/>! Vous êtes venu<If(PlayerParameter(4))>e<Else/></If> exploiter ce filon<Indent/>? Bonne chance<Indent/>!"
2645,False,"J'ai bien travaillé. Il faut que je me dépêche de rentrer<Indent/>!"
2646,False,"Comment voulez-vous que je travaille si on n'arrête pas de me sonner<Indent/>?"
2647,False,"Je vois que je ne suis pas la seule à connaître ce coin..."
2648,False,"Et voilà qu'on me sonne encore... C'est pour quoi, cette fois<Indent/>?"
2649,False,"J'ai un mauvais prrressentiment."
2650,False,"J'en ai assez des petits poissons. Où sont les grrros<Indent/>?"
2651,False,"Je crois que ça morrrd<Indent/>!"
2652,False,"Il doit être énorrrme, celui-là<Indent/>!"
2653,False,"Ma maîtrrresse va être aux anges<Indent/>!"
2654,False,"Quand ça veut pas, ça veut pas. Il faut peut-être changer d'endrrroit."
2655,False,"Mais regardez-moi ce serrrvant<Indent/>! Il est canon."
2656,False,"J'ai com<SoftHyphen/>plè<SoftHyphen/>te<SoftHyphen/>ment morrrdu à votre hameçon<Indent/>!"
2657,False,"J'essaie de me concentrer. Ne venez pas me dérrrangez, Madame."
2658,False,"Faites attention en repartant. La pente est un peu rrraide."
2659,False,"S'il vous plaît, sauvez cet enfant<Indent/>!"
2660,False,"Tu m'entends<Indent/>? Ouvre les yeux, bon sang<Indent/>!"
2661,False,"Aventuuuuri<If(PlayerParameter(4))>ère<Else/>er</If> veut quelque chose<Indent/>?"
2662,False,"Hmm, je vois... Y a-t-il autre chose<Indent/>?"
2663,False,"Pfff, combien de temps encore vais-je devoir attendre..."
2664,False,"Qu'est-ce que j'ai faim..."
2665,False,"Ouah<Indent/>! J'étais sûrement jongleur dans une vie antérieure."
2666,False,"Vivement la prochaine mission<Indent/>!"
2667,False,"Chouette, une baston<Indent/>!"
2668,False,"Je veux voir du sang<Indent/>!"
2669,False,"Jusque-là, tout va bien..."
2670,True,"Zzz... Zzz... Kwééé..."
2671,True,"Tu m'as... tellement manqué... Zzz..."
2672,False,"Un cassis pampa pour la trois<Indent/>!"
2673,False,"Voici votre commande."
2674,False,"Vous avez choisi<Indent/>?"
2675,False,"Voilà votre cassis pampa..."
2676,False,"Ça marche<Indent/>!"
2677,False,"Ah, voilà les boissons<Indent/>!"
2678,False,"Donnez-moi votre spécialité<Indent/>!"
2679,False,"Merci<Indent/>!"
2680,False,"Le ballon est mon ami<Indent/>!"
2681,False,"Bienvenue au Gold Saucer<Indent/>!"
2682,False,"Profitez de votre visite pour prendre un peu de bon temps<Indent/>!♪"
2683,False,"J'veux jouer à Attrap'Mog<Indent/>!"
2684,False,"Du calme, on va y aller<Indent/>!"
2685,False,"Hourra<Indent/>! Notre championne a gagné<Indent/>!"
2686,False,"Il se débrouille bien..."
2687,False,"La chance va me sourire aujourd'hui, j'en suis sûr<Indent/>!"
2688,False,"À quoi vais-je bien pouvoir jouer aujourd'hui<Indent/>?<Indent/>..."
2689,False,"Nous ne pouvons pas tolérer ce genre de com<SoftHyphen/>por<SoftHyphen/>te<SoftHyphen/>ment."
2690,False,"Je suis navré, mais nous allons vous demander de quitter notre éta<SoftHyphen/>blis<SoftHyphen/>se<SoftHyphen/>ment."
2691,False,"Pitié<Indent/>! Je vous promets de plus recommencer<Indent/>!"
2692,False,"Cette statue est immense<Indent/>!"
2693,False,"Ma prochaine carte va vous écraser<Indent/>!"
2694,False,"Hmpf<Indent/>! J'ai <Emphasis>toujours</Emphasis> un atout dans ma manche."
2695,False,"Prudence... La moindre erreur peut être fatale dans ce jeu..."
2696,False,"Je peux encore reprendre le dessus..."
2697,False,"J'ai encore gagné, on dirait<Indent/>!♪"
2698,False,"Mince<Indent/>! Je savais que j'aurais dû faire l'inverse<Indent/>!"
2699,False,"Ces peluches sont jolies comme tout."
2700,False,"Mon chocobo va gagner, je le sens<Indent/>!"
2701,False,"Dis, on y va, dis<Indent/>!?"
2702,False,"Ce Mog est vraiment adorable<Indent/>!"
2703,False,"Regardez<Indent/>! Señor Pampa<Indent/>!!"
2704,False,"Il n'y en a que pour le céruleum, en ce moment."
2705,False,"Il paraît que ça sera bientôt la course au céruleum<Indent/>!"
2706,False,"Peut-être que je devrais investir dans le céruleum, moi aussi..."
2707,False,"Grâce au céruleum, je vais être riche<Indent/>!"
2708,False,"Maman, j'ai peur..."
2709,False,"Hé hé hé... Tout s'passe comme prévu..."
2710,False,"Regarde-moi, regarde-moi<Indent/>!"
2711,False,"Cette place est prise."
2712,False,"J'veux monter là-haut<Indent/>!"
2713,False,"Allez, viens faire le tour avec moi<Indent/>!"
2714,False,"J'hésite..."
2715,False,"À fond la caisse<Indent/>!"
2716,False,"Toute ma colère dans ce coup<Indent/>!"
2717,False,"Il faut du doigté et de la délicatesse pour gagner à ce jeu."
2718,False,"C'est pas par là, plutôt<Indent/>?"
2719,False,"Ça ne mord vraiment pas, aujourd'hui..."
2720,False,"Pfff<Indent/>! C'est dur..."
2721,False,"Vous êtes presque au sommet<Indent/>!"
2722,False,"C'était quoi, cette chose<Indent/>?"
2723,False,"Un concombre sur pattes, je crois..."
2724,False,"Vous avez vu<Indent/>? Il a essayé de me toucher les fesses<Indent/>!"
2725,False,"Pourquoi un ballon en forme d'imp géant<Indent/>?"
2726,False,"Tu veux jouer à quoi, Carbuncle<Indent/>?"
2727,False,"Et après, il a fait son fameux “FUNGAH”<Indent/>!"
2728,False,"Hein<Indent/>? De quoi tu parles<Indent/>!?"
2729,False,"Fungah<Indent/>?<Indent/>... Qu'est-ce que ça veut dire<Indent/>?"
2730,False,"Je ne veux plus voir la moindre erreur<Indent/>!"
2731,False,"Mais non<Indent/>! Comme ça<Indent/>!"
2732,False,"Vous faites n'importe quoi<Indent/>!"
2733,False,"Oui, Chef<Indent/>!"
2734,False,"Mais non<Indent/>! Concentrez-vous un peu<Indent/>!!"
2735,False,"Je t'aime, mon amour<Indent/>!"
2736,False,"Moi aussi, mon cœur<Indent/>!"
2737,False,"Cette fois, c'est la bonne<Indent/>! J'ai joué ma combinaison porte-bonheur."
2738,False,"Que Nymeia vous accorde sa bénédiction<Indent/>!"
2739,False,"J'ai trois bons numéros<Indent/>!"
2740,False,"Moi, deux<Indent/>!
Et toi<Indent/>?"
2741,False,"Aucun..."
2742,False,"Vous pouvez pas avancer la date du tirage<Indent/>? J'en peux plus d'attendre."
2743,False,"C'est mieux que rien, je suppose..."
2744,False,"Selon mes calculs, vous avez une chance sur dix mille de gagner."
2745,False,"Me demande pas ce qu'il y a dans cette caisse, j'en ai pas la moindre idée."
2746,False,"Non, mais écoutez, je..."
2747,False,"Vous abusez de la boisson<Indent/>!"
2748,False,"Voici vos boissons."
2749,False,"Monsieur souhaitera boire quelque chose<Indent/>?"
2750,False,"Ah, merci."
2751,False,"Pas pour le moment, merci."
2752,False,"Il paraît que c'est le directeur du Gold Saucer..."
2753,False,"Tu as vu la taille de cette statue<Indent/>? En or massif, en plus<Indent/>!"
2754,False,"Mon chocobo est prêt à remporter le championnat<Indent/>!"
2755,False,"C'est encore un peu tôt, non<Indent/>?"
2756,False,"Le plus important, c'est l'accélération<Indent/>!"
2757,False,"Il ne faut pas négliger les capacités physiques."
2758,False,"L'agilité est aussi cruciale<Indent/>!"
2759,False,"Quand est-ce que la course commence<Indent/>?"
2760,False,"Boko, tu es prêt<Indent/>?"
2761,False,"Toi aussi, un jour, tu participeras aux courses<Indent/>!"
2762,False,"Vous voilà<Indent/>! Unissons nos forces et sauvons mes semblables<Indent/>!"
2763,False,"Mais elle est à moi, cette bague<Indent/>! Qu'est-ce qu'elle fait à ton doigt, espèce de voleuse<Indent/>!?"
2764,False,"Allez, laisse tomber ces mégèrrres et viens t'amuser avec moi..."
2765,False,"La ferrrme, bande de harpies<Indent/>!"
2766,False,"De toute façon, c'est moi qu'il préfère<Indent/>! Mes petites tenues sont irrésistibles..."
2767,False,"J'en ai assez de me faire piquer mon petit ami par une Miqo'te<Indent/>!"
2768,False,"Et la cité<Indent/>? Il y a des victimes<Indent/>?"
2769,False,"Non<Indent/>! Le collier de Daniffen est infranchissable."
2770,False,"Espérons, car les dragons vont débarquer en force."
2771,False,"Les soldats semblent inquiets..."
2772,False,"À toi de trouver les mots pour les rassurer<Indent/>!"
2773,False,"À vos ordres<Indent/>!"
2774,False,"Je ne pensais pas que vous viendriez<Indent/>!"
2775,False,"On va pas te laisser protéger ta cité natale toute seule, quand même<Indent/>!"
2776,False,"Le moment fatidique approche..."
2777,False,"On est que trois<Indent/>? Mais que font les autres<Indent/>!?"
2778,False,"Alors c'est ça, la sainte Cité d'Ishgard..."
2779,False,"Vous arrivez juste à temps..."
2780,False,"M-maudits dragons<Indent/>!"
2781,False,"Nos frères d'Ishgard ont besoin de nous<Indent/>!"
2782,False,"Tous ensemble, luttons pour Éorzéa<Indent/>!"
2783,False,"Papa, tu peux grimper en haut<Indent/>?"
2784,False,"M-mais bien sûr<Indent/>! Facile<Indent/>!"
2785,False,"J'ai enfin gagné<Indent/>!!"
2786,False,"M-merci, <Split(<Highlight>ObjectParameter(1)</Highlight>, ,1)/>..."
2787,False,"J'veux voir Coloso de plus près<Indent/>!"
2788,False,"Non<Indent/>! Moi, j'veux aller au Mont Corel<Indent/>!"
2789,False,"Je vois que vous vous entendez bien..."
2790,False,"Ça me paraît pas mal, ici<Indent/>!"
2791,False,"Quelle vue splendide<Indent/>!"
2792,False,"Mes clients avaient raison... La concurrence s'annonce rude."
2793,False,"Voyons un peu ce que vaut cette bière<Indent/>!"
2794,False,"Bon, c'est pas ici que j'vais m'faire des gils, moi..."
2795,False,"Cet éta<SoftHyphen/>blis<SoftHyphen/>se<SoftHyphen/>ment est digne d'un Manderville, foi de... Manderville<Indent/>!"
2796,False,"Notre guilde devrait en prendre de la graine<Indent/>!"
2797,False,"C'est pas tout, mais j'ai du travail..."
2798,False,"Hips<Indent/>!<Indent/>... Un chef-d'œuvre, cette bière<Indent/>!"
2799,False,"Pas mal, mais j'préfère me soûler chez moi..."
2800,False,"Votre conseil valait son pesant d'or, ma chère<Indent/>!"
2801,False,"Comment vont les affaires<Indent/>? Les articles des Forges se vendent bien<Indent/>?"
2802,False,"Pense à la réaction des clients quand ils sauront d'où ça provient<Indent/>!"
2803,False,"Qu'est-ce qu'ils peuvent bien regarder, comme ça<Indent/>?"
2804,False,"Faire une bonne crème fouettée demande de l'en<SoftHyphen/>traî<SoftHyphen/>ne<SoftHyphen/>ment."
2805,False,"<If(LessThan(PlayerParameter(11),12))><If(LessThan(PlayerParameter(11),4))>Bonsoir<Else/>Bonjour</If><Else/><If(LessThan(PlayerParameter(11),17))>Bonjour<Else/>Bonsoir</If></If>, <If(PlayerParameter(4))>Madame<Else/>Monsieur</If>. Soyez l<If(PlayerParameter(4))>a<Else/>e</If> bienvenu<If(PlayerParameter(4))>e<Else/></If> à notre café-terrasse."
2806,False,"On s'est trompés..."
2807,False,"Un tournoi est en cours<Indent/>!"
2808,False,"C'est là, non<Indent/>?"
2809,False,"Un cadeau<Indent/>? Pour moi<Indent/>?"
2810,False,"Je... J'ai quelque chose d'important à te dire<Indent/>!"
2811,False,"Hmm<Indent/>? De quoi s'agit-il<Indent/>?"
2812,False,"Quel bonheur, mes aïeux<Indent/>!"
2813,False,"Tu mérites tout le bonheur du monde..."
2814,False,"Aujourd'hui, c'est le grand jour<Indent/>!"
2815,False,"Euh... C'est-à-dire que... Je..."
2816,False,"Du calme, du calme<Indent/>!"
2817,False,"Qu'est-ce qui te ferait plaisir pour la Valention<Indent/>?"
2818,False,"Rien d'autre que toi, voyons..."
2819,False,"Toujours rien pour moi<Indent/>? Pfff..."
2820,False,"T'as pensé aux chocolats<Indent/>?"
2821,False,"Ceux que j'ai mangés tout à l'heure<Indent/>?"
2822,False,"Bon, ça vient, cette déclaration<Indent/>?"
2823,False,"Euh... T-tu es le s-soleil de m-mes nuits..."
2824,False,"Et un, et deux, et trois, et quatre<Indent/>!"
2825,False,"Aïe... J'ai beau être matinal, j'ai mal..."
2826,False,"Il vient par ici<Indent/>!"
2827,False,"Qu'est-ce qu'il est chou<Indent/>!"
2828,False,"Ha ha ha, il est pris au piège<Indent/>!"
2829,False,"Pas question de le laisser filer<Indent/>!"
2830,False,"Tu ferais mieux de te rendre."
2831,False,"Gros œufs, gros trésors<Indent/>!"
2832,False,"Cette sale bande d'envahisseurs..."
2833,False,"Nos repas doivent être irréprochables."
2834,False,"Voir notre clientèle satisfaite, c'est ma raison d'être<Indent/>!"
2835,False,"Allons jeter un œil aux animations sur scène..."
2836,False,"C'était époustouflant<Indent/>!"
2837,False,"Et si j'allais voir quelques duels..."
2838,False,"Palpitant<Indent/>! Mon cœur bat à cent à l'heure, maintenant<Indent/>!"
2839,False,"Allons voir si la course bat son plein..."
2840,False,"Les chocobos sont décidément des créatures majestueuses."
2841,False,"Boum<Indent/>! Prenez un gros boum<Indent/>!"
2842,False,"Boum<Indent/>! Boum<Indent/>! Ça va chauffer<Indent/>!"
2843,False,"Reste sur tes gardes<Indent/>! Il est encore tout près..."
2844,False,"フウウ、この一服のために生きてるぜ。"
2845,False,"未成年のくせに、止めろっても聞きやしねえ。"
2846,False,"げええ。"
2847,False,"寒いよりよかろ、あったまるから飲めや。"
2848,False,"オイオイ、未成年に酒飲ませちゃだめだろ。"
2849,False,"あそこに闇の賭博場があるらしいぜ。"
2850,False,"おいおい、やばいんじゃないか。"
2851,False,"Montrez-leur de quoi vous êtes capables<Indent/>!"
2852,False,"Ô Halone..."
2853,False,"Achevez-les<Indent/>!"
2854,False,"Sales hérétiques<Indent/>!"
2855,False,"Vous êtes le meilleur, Sire Grinnaux<Indent/>!"
2856,False,"Punissez-les<Indent/>!"
2857,False,"Par ici, vite<Indent/>!"
2858,False,"Fé<SoftHyphen/>li<SoftHyphen/>ci<SoftHyphen/>ta<SoftHyphen/>tions！"
2859,False,"Quelle belle dé<SoftHyphen/>mon<SoftHyphen/>stra<SoftHyphen/>tion de force<Indent/>!"
2860,False,"Je vais rouiller à force de rester ici..."
2861,False,"L'élégance est mon credo."
2862,False,"J'ai hâte d'essayer mon masque<Indent/>!"
2863,False,"C'est vraiment une belle armure<Indent/>!"
2864,False,"On a eu chaud..."
2865,False,"Cette défaite est trop embarrassante..."
2866,False,"J'ai cru qu'on allait y rester..."
2867,False,"La prochaine sera la bonne<Indent/>!"
2868,False,"En tout cas, mon armure est la plus élégante."
2869,False,"Que Halone nous protège..."
2870,False,"Hors d'ici, gens d'en bas<Indent/>! Ces terres appartiennent aux Vundu<Indent/>!"
2871,False,"Bon sang, ils sont coriaces<Indent/>!"
2872,False,"Presque<Indent/>!"
2873,False,"Prenez ça<Indent/>!"
2874,False,"La flamme qui animait ceux qui ont tout quitté pour suivre les Héritiers n'est pas éteinte."
2875,False,"C'est vrai que sans leur aide, Ishgard serait réduite en cendres à l'heure qu'il est..."
2876,False,"Les Héritiers ont sauvé notre pays. C'est à notre tour de les aider<Indent/>!"
2877,False,"Je remplace F'lhaminn en attendant qu'elle revienne."
2878,False,"Tu ne dois pas en abuser<Indent/>!"
2879,False,"GrraAahrr<Indent/>!"
2880,False,"GroOOaaAhr<Indent/>!"
2881,False,"Vous êtes prêts<Indent/>?
Que le spectacle commence<Indent/>!"
2882,False,"Voici la danse que m'a apprise F'lhaminn, le Joyau d'Ul'dah<Indent/>!"
2883,False,"Allez<Indent/>! Une autre pour la route<Indent/>!"
2884,False,"Merci, merciii<Indent/>!♪"
2885,False,"Sale garce<Indent/>!"
2886,False,"J'me vengerai<Indent/>!"
2887,False,"Tu perds rien pour attendre, merdeuse<Indent/>!"
2888,False,"Pardon, j'aimerais vous poser une question..."
2889,False,"Vous ne sauriez pas quelque chose, par hasarrrd<Indent/>?"
2890,False,"Ouah, la vache<Indent/>! M-mon dos..."
2891,False,"Comment ça se tient, ce truc<Indent/>?"
2892,False,"Mince<Indent/>! J'l'avais presque<Indent/>!"
2893,False,"Mais pouquoi qu'y mordent pas<Indent/>?<Indent/>..."
2894,False,"Ah, les Douze soient loués<Indent/>! Quelqu'un vient nous aider<Indent/>!"
2895,False,"C'est impossible<Indent/>!<Indent/>..."
2896,False,"Argh<Indent/>!"
2897,False,"Pas question de mourir comme ça<Indent/>!"
2898,False,"Merci<Indent/>!"
2899,False,"Vous m'avez sauvé<Indent/>!"
2900,False,"Maudits dragons..."
2901,False,"Prenez ça<Indent/>!"
2902,False,"Bon sang<Indent/>!"
2903,False,"Je me demande quel est le chemin le plus court pour rentrer..."
2904,False,"Attention aux éboulements<Indent/>!"
2905,False,"Le métier de mineur n'a pas l'air d'être de tout repos."
2906,False,"Bon courage pour les coups de pioche<Indent/>!"
2907,False,"Dix malms à pied, ça use, ça use<Indent/>!"
2908,False,"J'espère qu'on fait pas ça pour rien..."
2909,False,"J'aimerais pas tomber ici..."
2910,False,"Alors, il y a du minerai<Indent/>?"
2911,False,"Tzzt... Aucune anomalie détectée."
2912,False,"Patrouille en cours...
Patrouille en cours..."
2913,False,"Erreur 404<Indent/>!
Erreur 404<Indent/>!"
2914,False,"Bienvenue à Azys Lla<Indent/>!
Bienvenue à Azys Lla<Indent/>!"
2915,False,"Ne nous sous-estimez pas<Indent/>!"
2916,False,"Vous pouvez vous mettre votre astromancie où je pense<Indent/>!"
2917,False,"Et c'est reparti... Nouvelle journée, nouvelle chance<Indent/>!"
2918,False,"Pfff<Indent/>! Encore une longue journée qui s'achève..."
2919,False,"Allez, il est l'heure de rentrer maintenant<Indent/>!"
2920,False,"Bêêêêê..."
2921,False,"Bêê<Indent/>! Bêêê...<Indent/>!"
2922,False,"Il est déjà cette heure-là<Indent/>? Il faut que je me dépêche de rentrer préparer le dîner."
2923,False,"Pffou... J'suis claqué..."
2924,False,"Hmm<Indent/>? J'ai cru voir quelque chose bouger<Indent/>!"
2925,False,"Ça veut pas mordre aujourd'hui..."
2926,False,"Sortez de votre cachette, petits vers<Indent/>!"
2927,False,"YAH<Indent/>!"
2928,False,"WARH<Indent/>!"
2929,False,"RAARH<Indent/>!"
2930,False,"J-j'ai si froid<Indent/>!
Ouvrez-moi la porte<Indent/>!"
2931,False,"Tiens<Indent/>? Mais il manque quelqu'un<Indent/>?"
2932,False,"Il va falloir renforcer un peu ce toit..."
2933,False,"Dépêche-toi, ou l'patron va nous enguirlander<Indent/>!"
2934,False,"Il faut renforcer cette main, ou elle va s'écrouler<Indent/>!"
2935,False,"Au secours, je vais tombeeer<Indent/>!"
2936,False,"J'ai bien failli y rester..."
2937,False,"Rien à signaler à l'ouest<Indent/>!"
2938,False,"Zut<Indent/>! Je me suis pas réveillé<Indent/>!"
2939,False,"Aïe<Indent/>!! Je me suis tapé la main<Indent/>!"
2940,False,"Beuargh..."
2941,False,"Allez, bois, ça va te réchauffer<Indent/>!"
2942,False,"Il est bien trop jeune, enfin<Indent/>!"
2943,False,"Tu manques encore de con<SoftHyphen/>cen<SoftHyphen/>tra<SoftHyphen/>tion, ma fille..."
2944,False,"Je ne dois plus rater ma cible<Indent/>!"
2945,False,"Eh<Indent/>! Ne me fais pas peur comme ça<Indent/>!"
2946,False,"Pas un bruit<Indent/>!
Tu vas les faire fuir<Indent/>!"
2947,False,"Kssssss<Indent/>!!"
2948,False,"Je ne peux plus descendre, ksss<Indent/>!"
2949,False,"Coucou, tu veux voir ma bête<Indent/>?"
2950,False,"Ce chemin est dangereux, mais je vais faire attention."
2951,False,"Ouf..."
2952,False,"Vous m'avez sauvé<Indent/>!"
2953,False,"Euh... Excusez-moi..."
2954,False,"Quoi<Indent/>!?"
2955,False,"En continuant par là, on arrive à La Penne."
2956,False,"J'ai hâte d'aller chasser<Indent/>!"
2957,False,"Les hérétiques semblent mijoter quelque chose..."
2958,True,"Zzz..."
2959,True,"Zzz... Je veux dormir, kuppo..."
2960,False,"C'est tellement bon que je ne peux pas m'arrêter, kuppo<Indent/>!"
2961,True,"Zzz... J'ai trop mangé, kuppo<Indent/>!"
2962,False,"Toi aussi tu voles, kuppo<Indent/>?"
2963,False,"Je veille au grain<Indent/>!"
2964,False,"Pas envie d'bosser..."
2965,False,"Argh..."
2966,False,"Hé, ça va<Indent/>!?"
2967,False,"Brrr<Indent/>! Je suis glacée..."
2968,False,"Bon sang<Indent/>! Y a quoi là-dedans<Indent/>? Ça pèse une tonz<Indent/>!"
2969,False,"À la une... À la deux...
À la TROIIIIIS<Indent/>!"
2970,False,"Il y a un casino clandestin à l'intérieur de la carrière... Ça vous intéresse<Indent/>?"
2971,False,"C'est tentant, mais j'ai déjà à peine de quoi m'acheter à manger..."
2972,False,"Ma femme... Mes enfants... Tous morts... C'est pas juste<Indent/>! Hic<Indent/>!"
2973,False,"Ça va prendre du temps pour réparer tout ça..."
2974,False,"Je crois qu'on a tous les matériaux dont on a besoin..."
2975,False,"Donnez-moi ce que vous avez de mieux. Je me fiche du prix."
2976,False,"Je comprends pas... Le maraîcher devrait être ici..."
2977,False,"Ta carte serait pas à l'envers, par hasard<Indent/>?"
2978,False,"Méga quoi...<Indent/>? Parlez plus fort, je ne vous entends pas<Indent/>!"
2979,False,"Ça a l'air d'être dur pour les élèves du scolasticat, ces temps-ci..."
2980,False,"Raah<Indent/>! Je commence vraiment à me faire du mouron..."
2981,False,"Merci de respecter le silence pour éviter de perturber les fidèles."
2982,False,"Je suis désolée, mais je ne suis pas autorisée à vous dire ce qu'il y a derrière cette porte."
2983,False,"<If(LessThan(PlayerParameter(11),12))><If(LessThan(PlayerParameter(11),4))>Vous êtes le soleil de mes nuits, et la lumière de mes jours...<Else/>Le jaune vous va à ravir, très chère...</If><Else/><If(LessThan(PlayerParameter(11),17))>Vos parents ont donc pris toutes les étoiles du ciel pour les mettre dans vos yeux<Indent/>!<Else/>Vous êtes le soleil de mes nuits, et la lumière de mes jours...</If></If>"
2984,False,"Cette constellation est absolument magnifique..."
2985,False,"Je viens de faire une découverte ex<SoftHyphen/>cep<SoftHyphen/>tion<SoftHyphen/>nelle<Indent/>!"
2986,False,"Cette étoile brille si fort, c'est prodigieux..."
2987,False,"Il était vraiment gentil, mais si vous aviez vu son nez... On aurait dit un roc<Indent/>!"
2988,False,"À quelle heure vous avez dit que ça commençait<Indent/>?"
2989,False,"Le gentil Gobelin va se construire un vrai palace<Indent/>! Pssshh..."
2990,False,"Encore quelques minutes et le poisson sera cuit à point."
2991,False,"Pshh...<Indent/>! Les Gobelins ont besoin d'un grand atelier pour construire leurs machines<Indent/>!"
2992,False,"Bon, ben, y a plus qu'à s'mettre au travail<Indent/>!"
2993,False,"Ces sonnettes sont beaucoup plus compliquées à installer qu'on ne le dirait."
2994,False,"Rien de tel qu'une bonne pipe pour se détendre."
2995,False,"Dit comme ça, c'est très ambigu..."
2996,False,"Pfiou<Indent/>! Ça fait au moins vingt-huit jours qu'il est suspendu là-haut<Indent/>!"
2997,False,"Zzz..."
2998,False,"Je suis fatigué de creuser, toujours creuser, oui."
2999,False,"Je me demande ce qui est le pire... Les kikoo lol ou les ouin ouin<Indent/>?"
3000,False,"C'est terrible... Si les Miqo'tes continuent à les manger, il n'y aura bientôt plus de Lalafells en Éorzéa<Indent/>!"
3001,False,"Tu ne crois pas que les joueurs pré<SoftHyphen/>fé<SoftHyphen/>re<SoftHyphen/>raient une nouvelle emote, plutôt<Indent/>?"
3002,False,"À mon avis, on devrait ajouter de nouveaux meubles à la prochaine mise à jour."
3003,False,"On a vraiment besoin de ces 92 pages de notes de mise à jour<Indent/>?"
3004,False,"Je crois qu'il faut encore un peu ajuster les attributs de celui-ci..."
3005,False,"Doublons ses PV pour décourager les joueurs, ha ha<Indent/>!"
3006,False,"Qu'est-ce que tu penses de ça, plutôt<Indent/>?"
3007,False,"Impossible, beaucoup trop difficile pour les joueurs occasionnels<Indent/>!"
3008,False,"Tu as lu le dernier fil sur le forum<Indent/>? La discussion est animée<Indent/>!"
3009,False,"Bon, qu'est-ce qu'on fait pour le prochain événement saisonnier<Indent/>?"
3010,False,"C'est bizarre, j'ai l'impression qu'il en manque... Encore un coup d'un chasseur de mascottes<Indent/>?"
3011,False,"Vous avez de la chance, monsieur Yoshida est à son bureau<Indent/>!"
3012,False,"Quelle musique pour le prochain donjon... Plutôt jazz ou plutôt rock<Indent/>?"
3013,False,"♪～♪"
3014,False,"Les mascottes sont plus mignonnes les unes que les autres... Il me les faut toutes<Indent/>!"
3015,False,"Mon rêve<Indent/>: pouvoir un jour combattre en équipe avec mes mascottes<Indent/>!"
3016,False,"Euh... On peut pas, on a piscine<Indent/>!"
3017,False,"On connaît un coin sympa pour jouer à cache-cache."
3018,False,"Si vous ne vous calmez pas, je vais m'occuper de votre cas<Indent/>!"
3019,False,"Range ce doigt ou je te l'fourre là où je pense<Indent/>!"
3020,False,"Pour qui y s'prend, lui<Indent/>?"
3021,False,"T'as un problème<Indent/>?"
3022,False,"C'est vraiment mal fréquenté, ici..."
3023,False,"J'ai peur..."
3024,False,"Ne t'en fais pas, on est en sécurité ici."
3025,False,"Protège-moi..."
3026,False,"Ramassez-moi ces détritus<Indent/>!"
3027,False,"T'as pas un peu fini de nous les briser<Indent/>?"
3028,False,"Viens te battre pour voir<Indent/>!"
3029,False,"Tu vas voir ce que tu vas prendre<Indent/>!"
3030,False,"Ce poisson pané était incroyable<Indent/>!"
3031,False,"Tu es encore plus belle que les feux d'artifice<Indent/>!"
3032,False,"Et tu es merveilleux, mon petit apkallu vert des cascades<Indent/>!"
3033,False,"Ouille ouille ouille<Indent/>!"
3034,False,"Du sang, bon sang de bois<Indent/>! Il saigne<Indent/>!"
3035,False,"Ha ha ha<Indent/>!"
3036,False,"Hu hu hu<Indent/>!"
3037,False,"Pas mal<Indent/>! Tu trouves pas mon chaton<Indent/>?"
3038,False,"Tu parrrles..."
3039,False,"Tu seras toujours à moi, et rien qu'à moi<Indent/>!"
3040,False,"Wouhou<Indent/>!"
3041,False,"C'est la fêteuuuh<Indent/>! La fêêête<Indent/>!"
3042,False,"Mouah ha ha<Indent/>!"
3043,False,"Géniaaal<Indent/>!"
3044,False,"Tiens bon les vannes, et tiens bon les vents...♪"
3045,False,"Le plus important dans une bataille, c'est le nombre<Indent/>! L'union fait la force, comme on dit<Indent/>!"
3046,False,"Oh, oui<Indent/>! Avancez encore un peu, mes petits<Indent/>! Vous allez voir le piège que je vous ai tendu<Indent/>! Hihihi<Indent/>!♪"
3047,False,"La personnalité des deux adversaires est bien visible..."
3048,False,"Pour moi, le plus important, c'est la composition de mes troupes<Indent/>!"
3049,False,"C'est-à-dire<Indent/>?"
3050,False,"Je n'utilise que des membres du gang des légumes<Indent/>!"
3051,False,"Et ça marche<Indent/>?"
3052,False,"Tu m'as coûté tous mes PGS, alors tu n'as pas le droit de me décevoir, mon petit compagnon<Indent/>!"
3053,False,"Kappaaa<Indent/>!"
3054,False,"Enfin seuls<Indent/>!"
3055,False,"J'ai peur..."
3056,False,"J'irais bien piquer une tête<Indent/>!"
3057,False,"Je me demande à quelle heure ils tirent le feu d'artifice..."
3058,False,"Ces aventuriers sont tous plus beaux les uns que les autres<Indent/>!"
3059,False,"Alors, quand est-ce qu'on me change en monstre<Indent/>?"
3060,False,"J'en ai assez d'attendre que tu me transformes..."
3061,False,"Je vais prendre racine si j'attends plus longtemps<Indent/>!"
3062,False,"Pourquoi tu me transformes pas<Indent/>?"
3063,False,"Il est où mon gâteau<Indent/>?"
3064,False,"Bon, c'est pour aujourd'hui ou pour demain<Indent/>?"
3065,False,"On a touché le Cactpot<Indent/>!"
3066,False,"C'était presque trop facile<Indent/>!"
3067,False,"Sire Haurchefant... Vous nous manquez tellement..."
3068,False,"Tiens... Ça me fait plaisir que vous soyez venu<If(PlayerParameter(4))>e<Else/></If>."
3069,False,"Ma maison a brûlé... Que vais-je devenir<Indent/>!?"
3070,False,"Je protégerai Brouillasse<Indent/>!"
3071,False,"Quelle horreur..."
3072,False,"Arrête de chouiner<Indent/>! Tu dois te reprendre<Indent/>!"
3073,False,"Voyons s'il n'y a pas d'intrus..."
3074,False,"Ils sont bons, ces poissons<Indent/>! Ils sont bons<Indent/>!"
3075,False,"Je ne connais pas de meilleur pêcheur qu'Eenu Vanu<Indent/>!"
3076,False,"Je suis prêt. C'est quand tu veux."
3077,False,"Ah, c'est toi."
3078,False,"Même un pirate des cieux a besoin de souffler de temps en temps."
3079,False,"Je prends des mesures. Vous savez, pour suivre le vaisseau fantôme."
3080,False,"Les mesures sont un peu différentes de la dernière fois..."
3081,False,"Ce maudit vaisseau..."
3082,False,"Les rumeurs sont notre pain et notre beurre."
3083,False,"À quoi ça sert de m'emmener dans une auberge si c'est pour m'interdire de boire<Indent/>!?"
3084,False,"Bah<Indent/>! Y a rien ici."
3085,False,"J'adore quand un plan se déroule sans accroc<Indent/>!"
3086,False,"C'est vraiment une belle bête<Indent/>!"
3087,False,"Tiens<Indent/>? J'avais oublié d'utiliser un appât... Comment j'ai réussi à l'attraper, lui<Indent/>?"
3088,False,"J'ai attrapé quatre gros poissons<Indent/>!"
3089,False,"Bien joué<Indent/>! On va se régaler ce soir<Indent/>!"
3090,False,"Mmm<Indent/>! Ça sent bon<Indent/>!"
3091,False,""
3092,False,"Hé hé hé<Indent/>!"
3093,False,"Que la colère de la Conquérante s'abatte sur vous<Indent/>!"
3094,False,"Halone, donne-nous ta force<Indent/>!"
3095,False,"Meurs<Indent/>!"
3096,False,"Est-ce que ça va<Indent/>?"
3097,False,"Rassurez-vous, nous sommes là<Indent/>!"
3098,False,"Ça y est, c'est fini..."
3099,False,"Non, mais fais un peu plus attention aux passants, quand même<Indent/>!"
3100,False,"Il avance plus vite que je ne le croyais..."
3101,False,"Pshhh... Pshhh... Les gentils Gobelins auront bientôt leur bel atelier<Indent/>!"
3102,False,"Y a rien de mieux que de voir quelqu'un faire du beau travail."
3103,False,"Vous rendez-vous compte de la chance que vous avez de pouvoir vous marier à moi<Indent/>?"
3104,False,"Euh... oui, je crois..."
3105,False,"N'ai-je donc d'autre choix que d'accepter ce mariage arrangé par nos familles<Indent/>?"
3106,False,"Ce n'est rien... Je ne faisais que penser à mon avenir..."
3107,False,"Qu'est-ce qui vous arrive, Mad'moiselle<Indent/>? Vous en faites une triste mine."
3108,False,"Y a-t-il donc rien que j'puisse faire pour l'aider<Indent/>?"
3109,False,"Tous copains grâce au chapeau de Gobelin<Indent/>!"
3110,False,"Un chapeau de gobelin<Indent/>! Le petit Lalafell est aussi un gentil Gobelin<Indent/>!"
3111,False,"Je veux apprendre les technologies des Gobelins<Indent/>!"
3112,False,"Les gentils humains sont bienvenus parmi les Gobelins<Indent/>! Vive les échanges de con<SoftHyphen/>nais<SoftHyphen/>san<SoftHyphen/>ces<Indent/>!"
3113,False,"Je vois..."
3114,False,"Le grand jour est enfin arrivé, Maman<Indent/>!"
3115,False,"C'est un nouveau départ..."
3116,False,"Le dragon n'est toujours pas là<Indent/>?"
3117,False,"Vivement que ça commence<Indent/>!"
3118,False,"J'ai hâte de voir à quoi ça va ressembler<Indent/>!"
3119,False,"Yahou<Indent/>! Yaha<Indent/>!"
3120,False,"Notre troupe d'élite est au complet<Indent/>!"
3121,False,"Nous ne pouvons pas perdre<Indent/>!"
3122,False,"Ksss ksss... Je n'arrive pas à croire ce qu'a accompli Futé<Indent/>!"
3123,False,"Peut-être, mais le disciple ne serait rien sans le maître, ksss..."
3124,False,"Voilà, mission accomplie."
3125,False,"Très bien. Nous avons votre récompense, ksss<Indent/>!"
3126,False,"Si c'est encore ces œufs bizarres, vous pouvez vous les garder<Indent/>!"
3127,False,"J'ai des in<SoftHyphen/>for<SoftHyphen/>ma<SoftHyphen/>tions qui pourraient intéresser votre guilde."
3128,False,"Ksss<Indent/>? Dites-moi, je suis tout ouïe."
3129,False,"Ça alors, im<SoftHyphen/>pres<SoftHyphen/>sion<SoftHyphen/>nant."
3130,False,"Tiens<Indent/>!? Une statue de dragon, ici<Indent/>?"
3131,False,"C'est Futé qui a insisté, en signe de notre nouvelle amitié avec eux, ksss..."
3132,False,"Sacré Futé, il a vraiment accompli l'impossible<Indent/>!"
3133,False,"Voilà la poudre que vous avez demandée."
3134,False,"Les Égarés vous remercient, ksss<Indent/>!"
3135,False,"Pshhh... Pshhh... Le gentil Gobelin est ici pour la livraison de fusils."
3136,False,"Merci, ksss<Indent/>! Ne bougez pas, je vais chercher vos œufs de nanka."
3137,False,"J'ai une tâche plutôt coton à vous confier. Vous en sentez-vous capables<Indent/>?"
3138,False,"Tout dépend de ce que vous offrez en échange, ksss..."
3139,False,"Je suis un mentor, et mon rôle c'est d'aider les petits nouveaux comme toi<Indent/>!"
3140,False,"<If(LessThan(PlayerParameter(11),12))><If(LessThan(PlayerParameter(11),4))>Euh... Vous pouvez m'aider à grandir<Indent/>? Juste de quelques ilms...<Else/>J'ai tellement de questions... Par où commencer<Indent/>?</If><Else/><If(LessThan(PlayerParameter(11),17))>Dans ce cas-là... Vous pourriez me dépanner de quelques milliers de gils<Indent/>?<Else/>Euh... Vous pouvez m'aider à grandir<Indent/>? Juste de quelques ilms...</If></If>"
3141,False,"L'exercice final est tellement dur... Je crrrois que j'y arriverai jamais..."
3142,False,"Hé<Indent/>! Y a quelqu'un<Indent/>? V'nez m'aider<Indent/>! J-j'commence à avoir une crampe au mollet..."
3143,False,"J'ai hâte de jouer avec mes gosses ici<Indent/>! Ils ont vraiment besoin de prendre l'air<Indent/>!"
3144,False,"Dites, je peux faire des recherches avec vous<Indent/>?"
3145,False,"Pshhhoui<Indent/>!<Indent/>... Si les humains et les Gobelins travaillent main dans la main, ils pourront inventer de nouvelles technologies<Indent/>!"
3146,False,"Hé, Monsieur<Indent/>! Vous ne voudriez pas vous joindre à nos recherches scien<SoftHyphen/>ti<SoftHyphen/>fi<SoftHyphen/>ques<Indent/>?"
3147,False,"Euh... J'ai juste quelques bribes de con<SoftHyphen/>nais<SoftHyphen/>san<SoftHyphen/>ces en alchimie..."
3148,False,"Tous les types et niveaux de savoir sont les bienvenus ici<Indent/>! Et les gentils Gobelins offrent des chapeaux à tout le monde."
3149,False,"Tu sais ce qu'ils veulent faire de cet endroit<Indent/>?"
3150,False,"Ça dépend des prochains projets commerciaux de madame Rowena."
3151,False,"Cet endroit est si pittoresque. Je ne l'avais jamais vraiment visité..."
3152,False,"Je suis content qu'ça vous ait plu."
3153,False,"Cette journée était parfaite. Merci infiniment."
3154,False,"C'est votre vie qui s'rait parfaite si vous quittiez votre cage dorée<Indent/>!"
3155,False,"Hélas, je me dois d'obéir à mes parents."
3156,False,"J'en peux plus d'vous voir si triste..."
3157,False,"Rejoignez-moi à minuit dans le p'tit passage des Architectes. Je vous attendrai<Indent/>!"
3158,False,"Dois-je partir pour vivre...<Indent/>?"
3159,False,"Depuis toujours, je ne rêve que d'vous rendre heureuse."
3160,False,"Abdiquez votre nom et le manteau d'la nuit couvrira notre fuite<Indent/>!"
3161,True,"D... D'accord<Indent/>!"
3162,False,"Je dois prévenir mon maître au plus vite<Indent/>!"
3163,False,"Nous avons nos sept fruits et légumes... Il ne nous reste plus que la viande."
3164,False,"Et les petits gâteaux<Indent/>! On n'oublie pas les petits gâteaux<Indent/>!"
3165,False,"Eh ben, ça n'a pas traîné."
3166,False,"Dépêchez-vous d'aller à la prochaine étape<Indent/>!"
3167,False,"L'en<SoftHyphen/>traî<SoftHyphen/>ne<SoftHyphen/>ment n'est pas fini<Indent/>! Loin de là<Indent/>!"
3168,False,"Désolé... Frérot..."
3169,False,"Ah, cette défaite fait plus mal que n'importe quel coup..."
3170,False,"À l'attaque<Indent/>!"
3171,False,"Et paf<Indent/>! Dans les dents<Indent/>!"
3172,False,"N'espérez pas m'échapper<Indent/>!"
3173,False,"Saurez-vous éviter ma botte secrète<Indent/>? Hé hé hé<Indent/>!"
3174,False,"Qui n'a pas peur de ce qui se tapit dans l'ombre<Indent/>?"
3175,False,"Maintenant<Indent/>!"
3176,False,"Mes dagues frappent toujours leur cible<Indent/>!"
3177,False,"Incroyable..."
3178,False,"La lumière est-elle donc plus forte que l'ombre<Indent/>?<Indent/>..."
3179,False,"Quelle force<Indent/>!<Indent/>..."
3180,False,"Je vous attends de pied ferrrme<Indent/>!"
3181,False,"Jusqu'à ce que la merrr nous engloutisse tous<Indent/>!"
3182,False,"Raaarrrgh<Indent/>! Je suis échauffée, désorrrmais<Indent/>!"
3183,False,"Je vais vous balayer<Indent/>!"
3184,False,"Ma hache... peut même fendre la mer<Indent/>!"
3185,False,"Promettez-moi de mettre une bonne déculottée à celui qui vous attend plus loin."
3186,False,"Hé hé<Indent/>! Merci pour cette jolie dé<SoftHyphen/>mon<SoftHyphen/>stra<SoftHyphen/>tion de force."
3187,False,"黒渦は、
すべてを呑み込む！"
3188,False,"避けねば
大怪我では済まんぞ？"
3189,False,"でりゃあああああ！"
3190,False,"足下がガラ空きだ！"
3191,False,"多勢に無勢なのだ
卑怯とは言わせんぞ？"
3192,False,"これが海賊王の荒技よ！"
3193,False,"大砲用の火薬樽だ…
扱いには気を付けな！"
3194,False,"Ha<Indent/>! Quelle joie<Indent/>! Ce combat m'a rappelé le bon vieux temps<Indent/>!"
3195,False,"Vous n'êtes pas blessé au moins, Eynzahr<Indent/>? Vous vous en êtes vraiment donné à cœur joie..."
3196,False,"<If(LessThan(PlayerParameter(11),12))><If(LessThan(PlayerParameter(11),4))>Vous voyez quelque chose, vous<Indent/>?<Else/>Aucun vaisseau ennemi à l'horizon...</If><Else/><If(LessThan(PlayerParameter(11),17))>Le ciel est bien calme aujourd'hui...<Else/>Vous voyez quelque chose, vous<Indent/>?</If></If>"
3197,False,"Je fais le plein d'énergie avant de repartir à l'aventure."
3198,False,"À moi les trésors... d-des cieux... Hic<Indent/>!"
3199,False,"Tu viens me tenir compagnie<Indent/>?"
3200,False,"Bon, je te laisse. À plus<Indent/>!"
3201,False,"Des taches d'huile<Indent/>! Encore et toujours des taches d'huile<Indent/>!"
3202,False,"On y est presque<Indent/>! Dépêche-toi de descendre toutes ces caisses<Indent/>!"
3203,False,"Dis, c'est moi, ou on entend une voix dans l'escalier<Indent/>?"
3204,False,"J-je suis touché en plein cœur..."
3205,False,"Jet de bisous<Indent/>!"
3206,False,"Eh bien dites donc..."
3207,False,"Un manuel d'in<SoftHyphen/>tro<SoftHyphen/>duc<SoftHyphen/>tion à l'alchimie<Indent/>? Bizarre..."
3208,False,"J-j'ai c-confiance en m-moi<Indent/>!"
3209,False,"Il faut que j'arrête de trembler..."
3210,False,"Pour notre patrie et nos familles<Indent/>!"
3211,False,"Toutes ces années d'en<SoftHyphen/>traî<SoftHyphen/>ne<SoftHyphen/>ment vont enfin payer<Indent/>!"
3212,False,"Ta fin est proche, Nidhogg<Indent/>!"
3213,False,"Tu t'occupes bien de ma petite Raimille, d'accord<Indent/>?"
3214,False,"Ne t'inquiète pas, je la bichonne comme une reine<Indent/>!"
3215,False,"Cet aéronef est ma fierté et je tiens à ce qu'il soit toujours impeccable."
3216,False,"Parfait<Indent/>!  Nous sommes prêts à décoller à tout moment<Indent/>!"
3217,False,"C'est louche tout ça..."
3218,False,"Pssshhhh, y a quelqu'un<Indent/>?"
3219,False,"Le gentil Gobelin a quelque chose à dire à monsieur Cyr, pshhh<Indent/>!"
3220,False,"Les humains sont pro<SoftHyphen/>ba<SoftHyphen/>ble<SoftHyphen/>ment sortis... Pshhh..."
3221,False,"Pshhh... Les gentils Gobelins et les humains doivent construire un grand bâtiment pour faire la fête<Indent/>!"
3222,False,"Fiouu... Fait pas froid, ici<Indent/>!"
3223,False,"Pshhhla, la, la, la...♪
Un Gobelin qui travaille est un Gobelin heureux...♪"
3224,False,"Le monte-charge génial est en marche<Indent/>! Pshhh... Et tout au fond, c'est tout à l'envers<Indent/>!"
3225,False,"Pshhhmm... Maintenant, il faut bâtir un temple du génie gobintellectuel<Indent/>!"
3226,False,"Hmm... oui<Indent/>? Mais je suis couturier, voyez-vous<Indent/>?<Indent/>..."
3227,False,"Sale petite pimbèche<Indent/>! Comment ose-t-elle s'enfuir<Indent/>!?<Indent/>..."
3228,False,"Sire, elle est apparemment partie vers Idyllée avec... avec un gueu..."
3229,False,"Je ne tolèrerai pas un tel affront<Indent/>! Vous deux, ramenez-la-moi<Indent/>!"
3230,False,"Bien sûr<Indent/>! Vous en aurez pour votre argent<Indent/>!"
3231,False,"Ha ha ha, même pas mal<Indent/>!"
3232,False,"Je m'occupe des ennemis si jamais il en vient d'autres."
3233,False,"J-je vais vomir, kuppo..."
3234,False,"J'ai la tête qui touuuurne..."
3235,False,"Je ne comprends pas<Indent/>! J'ai pourtant tout ce dont on peut rêver<Indent/>!<Indent/>..."
3236,True,"Ce n'est pas votre faute, Sire..."
3237,False,"Rends-nous la fille, si tu ne veux pas que je te tire une <Emphasis>bulette</Emphasis> pour te faire <Emphasis>bobo</Emphasis><Indent/>!"
3238,False,"Plutôt mourir<Indent/>!!"
3239,False,"Qu'allons-nous faire sans argent<Indent/>?<Indent/>..."
3240,False,"Rentrons à la maison et racontons tout. Mère doit se faire un sang d'encre à notre sujet."
3241,False,"Tu as raison..."
3242,False,"Tu sais, cette gamine, eh ben, il paraît qu'elle pleure dans le parc tous les soirs..."
3243,False,"Non, ne dis pas ça<Indent/>!<Indent/>... Tout est de ma faute<Indent/>!<Indent/>..."
3244,False,"Papa et maman ne sont pas revenus... aujourd'hui non plus..."
3245,False,"Miii..."
3246,False,"Où est passé Mogzin, kuppo<Indent/>?"
3247,False,"Je me sens tellement bien, kuppo..."
3248,False,"Attention aux monstres qui rôdent près de l'esplanade, kuppo<Indent/>!"
3249,False,"C'est plus difficile que je pensais, kuppo..."
3250,False,"Un peu plus d'entrain, voyons<Indent/>!"
3251,False,"Douuucement... Voilà..."
3252,False,"Ça ne va pas<Indent/>! Plus droit, kuppo<Indent/>!"
3253,False,"À l'horizontale, kuppo<Indent/>! Ce n'est pourtant pas compliqué..."
3254,False,"Quelle chaleur agréable, kuppo..."
3255,False,"Allez, tous avec moi, kuppo<Indent/>!♪"
3256,False,"On a l'air malins comme ça..."
3257,False,"Les Mogs célestes dansent si bien<Indent/>!"
3258,False,"Je suis tout raplapla, kuppo..."
3259,False,"Laissez-moi... reprendre... mon souffle... kuppo<Indent/>!"
3260,False,"Partez devant, les amis. Continuez sans moi, kuppo."
3261,False,"Je n'ai plus la force de soulever quoi que ce soit, kuppo."
3262,False,"Ku... ppo<Indent/>! Ku... ppo<Indent/>!"
3263,False,"Une telle beauté, c'est un véritable miracle, kuppo..."
3264,False,"Le miracle, ce serait que tu te remettes au travail, kuppo<Indent/>!"
3265,False,"Je crois que je me suis tordu le pompon..."
3266,False,"On s'est fait avoir comme des bleus..."
3267,False,"Tu peux m'expliquer qu'est-ce qu'on fait ici au juste<Indent/>?"
3268,False,"Tu sais bien. C'est madame Rowena qui donne les ordres..."
3269,False,"Héhooo<Indent/>! T'as assez de matos là-haut<Indent/>?"
3270,False,"Euh... Un, deux, trois... Ouais<Indent/>! Mais je vais recompter les sacs, au cas où<Indent/>!"
3271,False,"Nous protégerons les Mogdernisateurs célestes coûte que coûte<Indent/>!"
3272,False,"Cette esplanade est si reposante... Je ne me lasse pas de la contempler."
3273,False,"Cette danse est si enivrante... Je ne me lasse pas de la regarder."
3274,False,"Je ne savais pas que les humains pouvaient être d'aussi bonne compagnie..."
3275,False,"Si on m'avait dit que je côtoierais un jour un dragon de cette façon..."
3276,False,""
3277,False,""
3278,False,"Où a bien pu passer ce fichu colis<Indent/>?"
3279,False,"Quand est-ce qu'on mange...<Indent/>?"
3280,False,"Eh, mais je te connais toi<Indent/>! Tu es... Tu es... J'ai oublié."
3281,False,"Voilà une tête qui me dit quelque chose..."
3282,False,"Psssh... Les chevaliers de l'Âge mûr ne sont toujours pas rentrés<Indent/>?"
3283,False,"La fête des étoiles bat son plein<Indent/>!☆ Venez nous donner un coup de main<Indent/>!♪"
3284,False,"La fête des étoiles a commencé<Indent/>! Venez nombreux nous aider<Indent/>!"
3285,False,"Nous recrutons des bénévoles pour la fête des étoiles<Indent/>!"
3286,False,"C'est bien, mon grand. T'as un meilleur coup de marteau qu'avant<Indent/>!"
3287,False,"Ces travaux avec les gentils humains... quelle aubaine<Indent/>! Idyllée aura un visage unique<Indent/>!"
3288,False,"Pourquoi pas... Quel domaine de compétences vous intéresse<Indent/>?"
3289,False,"Humpf... Il me donne un style inimitable ce masque, vous ne trouvez pas<Indent/>?"
3290,False,"La région ne manque pas d'eau. C'est idéal pour l'agriculture<Indent/>!"
3291,False,"Vous avez vu ces types bizarres avec leur coupe “banane”<Indent/>? Ils n'avaient pas l'air du coin. Je me demande ce qu'ils étaient venus faire ici..."
3292,False,"Notre atelier embauche, mais plus pour très longtemps<Indent/>! Manifestez-vous vite<Indent/>!"
3293,False,"Que les gens viennent<Indent/>! Qu'ils courent... qu'ils volent<Indent/>!!"
3294,False,"La gentille humaine là-bas n'a-t-elle jamais eu envie de travailler avec des Gobelins<Indent/>?"
3295,False,"Pourquoi ça n'arrive toujours qu'à moiiiii<Indent/>!?"
3296,False,"Vivement la fin des travaux, que les Gobelins disposent d'un bel endroit où conserver le fruit de leurs recherches<Indent/>!"
3297,False,"Vous ne manquerez jamais de rien. Je vous promets une vie d'opulence."
3298,False,"Sire, nous devrions aller procéder aux préparatifs pour la cérémonie..."
3299,False,"Attendez<Indent/>!"
3300,False,"Qui es-tu<Indent/>? Un mendiant<Indent/>? Du vent, nous n'avons rien pour toi<Indent/>!"
3301,False,"Mais... vous êtes celui qui a ensorcelé ma promise<Indent/>!"
3302,False,"Oui, et peu importe les obstacles, rien ne m'empêchera de protéger le bonheur de cette dame<Indent/>!"
3303,False,"Mêlez-vous de ce qui vous regarde<Indent/>! Nous, nous avons mieux à faire que d'écouter vos bêtises<Indent/>!"
3304,False,"C'est vrai que... avec vous, je ne souffrirai d'aucun besoin matériel."
3305,False,"Mais jamais vous ne pourrez m'offrir cette douce ivresse à laquelle j'ai goûté avec lui."
3306,False,"Votre seul moyen de me combler de joie est de nous laisser partir tous les deux. Je vous en prie<Indent/>!"
3307,False,"Si c'est ce que vous désirez... Faites d'elle la plus heureuse des femmes, et ne l'abandonnez jamais à un autre<Indent/>!"
3308,False,"Si j'apprends que vous vous en êtes séparé, j'irai moi-même la chercher."
3309,False,"J-je... vous le promets<Indent/>!"
3310,True,"Son sourire que j'ai tant aimé... n'illuminera jamais mes mornes journées."
3311,False,"Vous devriez encore vous reposer..."
3312,False,"Mon prochain aéronef<Indent/>? Je le veux plus rapide."
3313,False,"Je m'en occupe, Capitaine<Indent/>!"
3314,False,"Tout pour la vitesse, compris<Indent/>?"
3315,False,"... Toujours aussi tête brulée."
3316,False,"Personne ne peut rivaliser avec les Becs-rouges<Indent/>!"
3317,False,"Toujours dans le pétrin, hein<Indent/>?"
3318,False,"Je devrais être en train de travailler, mais... Je vous en pris, ne dites rien à Stacia<Indent/>!"
3319,False,"Je ne sais pas pourquoi, mais je me sens comme chez moi, dans cet endroit."
3320,False,"Il est temps de se remplir les poches..."
3321,False,"Quel rythme enjoué, j'y succomberais presque..."
3322,False,"On va tous les rendre dingue de nous<Indent/>!♪"
3323,False,"Je suis si heureuse que ça leur plaise<Indent/>!"
3324,False,"On va chanter encore plus pour rrrattraper le temps perdu<Indent/>!"
3325,False,"Une autre<Indent/>! On en veut encore<Indent/>!"
3326,False,"Vous êtes trop mignonnes dans vos nouveaux costumes<Indent/>!"
3327,False,"Pshhh... Pshhh... Pourvu qu'il aille bien..."
3328,False,"Voilà qui est intéressant<Indent/>! Pshhh... Les Gobelins futés ont recueilli des savoirs très in<SoftHyphen/>té<SoftHyphen/>res<SoftHyphen/>sants<Indent/>!"
3329,False,"Pshhh... Interdiction d'entrer<Indent/>!"
3330,False,"Pshhh... Cet endroit est le meilleur pour observer le paysage."
3331,False,"Quelle magnifique machinerie<Indent/>!"
3332,False,"Notre recrutement est terminé<Indent/>! Nous avons plein de camarades maintenant<Indent/>! Youpiii<Indent/>!"
3333,False,"Pshhh... Youpi<Indent/>! Youpshhhiii..."
3334,False,"Je n'ai jamais été aussi heureuse de toute ma vie. Pourvu que ça dure..."
3335,False,"Les légumes, c'est comme les enfants<Indent/>: il faut les élever avec amour<Indent/>!"
3336,False,"Euh, ouais..."
3337,False,"Miam miam<Indent/>! Ils sont bien mûrs, comme je les aime<Indent/>!"
3338,False,"Fiou<Indent/>! Aujourd'hui aussi, j'ai bien travaillé..."
3339,False,"Les Gobelins et les humains ont bâti cet édifice ensemble<Indent/>! Il est beau, n'est-ce pas<Indent/>? Pshhh..."
3340,False,"Bienvenue au Bord du gouffre<Indent/>!"
3341,False,"Hé hé<Indent/>! Ah ah<Indent/>! Oh oh oh<Indent/>!"
3342,False,"Ksss... Je ne peux plus m'arrêter de tourner<Indent/>!"
3343,False,"Venez danser avec nous, kuppo<Indent/>!♪"
3344,False,"Rien de mieux qu'une bonne binouze entre collègues après un boulot achevé<Indent/>!"
3345,False,"Y a pas à dire, Rowena est vraiment géniale."
3346,False,"J'ai tant à faire que c'est à peine si j'ai le temps de m'arrêter..."
3347,False,"Ah, vous voilà<Indent/>! Comme vous ne reveniez pas, je commençais à beaucoup m'inquiéter."
3348,False,"Pardon, Mère..."
3349,False,"Nous avons acheté des gâteaux, et il n'y avait plus assez de gils pour la viande..."
3350,False,"Je vois... Et c'est donc pour ça que vous vous morfondiez ici<Indent/>?"
3351,False,"Vous avez besoin de faire preuve de plus de perspicacité."
3352,False,"Que cela vous serve de leçon pour cette fois. D'accord<Indent/>?"
3353,False,"Oui, Mère<Indent/>!"
3354,False,"Promis<Indent/>!"
3355,False,"J'ai vraiment très froid... Rentrons à la maison. Tant pis pour le ragoût, il sera à base de légumes uniquement."
3356,False,"Allez<Indent/>! On fait la course<Indent/>!"
3357,False,"Je comprends pas ce qu'ils trouvent d'intéressant à ça, les garçons..."
3358,False,"Vite<Indent/>! Vite<Indent/>!"
3359,False,"M'sieur, vous devriez faire la course, vous aussi<Indent/>!"
3360,False,"M'dame, vous devriez faire la course, vous aussi<Indent/>!"
3361,False,"Les doigts dans le nez<Indent/>!"
3362,False,"À vos marques, prêts..."
3363,False,"Partez<Indent/>!"
3364,False,"Mouoooh<Indent/>!"
3365,False,"Argh, j'ai faim..."
3366,False,"J'ai encore du souffle<Indent/>!"
3367,False,"Trop fastoche<Indent/>!"
3368,False,"Allez, encore une fois<Indent/>!"
3369,False,"D'accord..."
3370,False,"Il commence à faire noir... On rentre<Indent/>?"
3371,False,"Il pleut<Indent/>! Mettons-nous à l'abri<Indent/>!"
3372,False,"On remet ça à la prochaine fois<Indent/>!"
3373,False,"Quel échec..."
3374,False,"Mouah ha ha<Indent/>! Cette explosion ne vous a laissé aucune chance<Indent/>!"
3375,False,"J'exige qu'on m'explique pourquoi il n'y a pas mon nom<Indent/>!"
3376,False,"Y a pas meilleur cavalier que moi, et je compte bien le prouver<Indent/>!"
3377,False,"A-arrête<Indent/>! C'est dangereux."
3378,False,"Quelle ardoise, il faut que je me refasse... Allez, un dernier ticket<Indent/>!"
3379,False,"Le Général est loin d'être laid, mais je ne pensais pas le trouver un jour si mignon..."
3380,False,"Avec l'Amirale miniature, je suis imbattable<Indent/>!"
3381,False,"Vous savez s'il existe une mascotte à l'effigie de maître A-Ruhn<Indent/>?"
3382,False,"Décidément, c'est pas ma journée... Bon, un dernier essai et après j'arrête."
3383,False,"Je suis trop impatiente<Indent/>! Allons-y<Indent/>!"
3384,False,"Malgré vingt ans d'abandon, l'état des lieux est plutôt bon<Indent/>!"
3385,False,"Vue d'ici, la statue de Rhalgr est vraiment im<SoftHyphen/>pres<SoftHyphen/>sion<SoftHyphen/>nante<Indent/>!"
3386,False,"Voici la chapelle principale<Indent/>!"
3387,False,"Seuls les combattants peuvent aller plus loin. Fin de la visite guidée..."
3388,False,"Feu<Indent/>! Feu<Indent/>!"
3389,False,"Continuez de tirer<Indent/>!"
3390,False,"Il faut protéger cette position coûte que coûte<Indent/>!"
3391,False,"Où sont passés ces étrangers fauteurs de troubles<Indent/>!?"
3392,False,"Il faut les attraper<Indent/>!"
3393,False,"Où sont-ils<Indent/>!?<Indent/>..."
3394,False,"Ça a l'air louche par là..."
3395,False,"Ça va<Indent/>?<Indent/>..."
3396,False,"La blessure est profonde..."
3397,False,"Vite<Indent/>! Allez aider le capitaine<Indent/>!"
3398,False,"Hmph<Indent/>!"
3399,False,"Yaaah<Indent/>!"
3400,False,"Je vais vous montrer<Indent/>!"
3401,False,"Prends ça<Indent/>!"
3402,False,"Évite ça, pour voir<Indent/>!"
3403,False,"Aïe<Indent/>!"
3404,False,"C'est quoi, à votre avis<Indent/>?"
3405,False,"C'est un lézard ailé<Indent/>!"
3406,False,"Vous avez entendu<Indent/>? Il parle<Indent/>!"
3407,False,"Restez sur vos gardes, on ne sait rien de cette dimension."
3408,False,"Où peut bien se trouver ce fameux Deltastice<Indent/>?"
3409,False,"Bizarre, je ne vois aucun chemin..."
3410,False,"Là, cette partie du sol a l'air mobile<Indent/>!"
3411,False,"Tous dans le cercle<Indent/>!"
3412,False,"On grimpe<Indent/>!"
3413,False,"Les festivités commencent à partir d'ici<Indent/>!"
3414,False,"Là-bas... C'est un vérifiniveau<Indent/>?"
3415,False,"On le démolit, c'est ça<Indent/>?"
3416,False,"Sa forme est un peu différente par rapport à ceux de tout à l'heure..."
3417,False,"... C'est quoi ce cube<Indent/>?"
3418,False,"Bizarre, bizarre..."
3419,False,"Hé hé, c'est mon heure de gloire<Indent/>!"
3420,False,"L'analyse est lancée<Indent/>! Encore un peu de patience<Indent/>!"
3421,False,"C'est quoi ça<Indent/>? Une sorte de téléporteur<Indent/>?"
3422,False,"Il n'y a qu'une façon de le savoir."
3423,False,"Quand faut y aller..."
3424,False,"Vous ne pouvez pas me battre<Indent/>!"
3425,False,"Heu<SoftHyphen/>reu<SoftHyphen/>se<SoftHyphen/>ment qu'on a les paris clandestins pour arrondir notre salaire<Indent/>!"
3426,False,"Boucle-la<Indent/>! Tu veux nous faire arrêter, ou quoi<Indent/>!?"
3427,False,"Il faut... d'abord s'occuper... des Impériaux..."
3428,False,"Des secours<Indent/>!?<Indent/>..."
3429,False,"Ça va aller... Mes camarades, par contre..."
3430,False,"Arrggh... Non, pas comme ça..."
3431,False,"Pas de statue suspecte en vue..."
3432,False,"Golems, petits golems..."
3433,False,"Aucune trace de notre golem..."
3434,False,"On va jeter un œil autour d'ici."
3435,False,"Hé, attends-moi<Indent/>!"
3436,False,"Ils nous ont grillé la politesse... On les suit<Indent/>?"
3437,False,"Pourquoi taper si fort, kuppo<Indent/>?"
3438,False,"Mon pompon est tout aplati, kuppo..."
3439,False,"J'ai beau être matinal, j'ai mal, kuppo..."
3440,False,"C'est donc ça que cherchent les golems..."
3441,False,"La comète est en train de dévier de sa trajectoire<Indent/>!?"
3442,False,"Plus que trois..."
3443,False,"Au bateau-mère, vite<Indent/>!"
3444,False,"Vous avez vérifié la cargaison<Indent/>?"
3445,False,"Hé hé, j'ai hâte de découvrir la suite<Indent/>!"
3446,False,"Oh non, un comité d'accueil..."
3447,False,"Leur forme est très... rafraîchissante."
3448,False,"Ça va charcler dans les ventilos<Indent/>!"
3449,False,"Tadaaa<Indent/>!"
3450,False,"Voilà le téléporteur suivant<Indent/>!"
3451,False,"Hiii<Indent/>! P-p-pitiéééé<Indent/>!<Indent/>..."
3452,False,"N-non, p-pas ça..."
3453,False,"C'est reparti pour un tour de manège<Indent/>!"
3454,False,"Vous n'hésitez jamais à plonger dans l'inconnu..."
3455,False,"Que veux-tu, on est humains<Indent/>!"
3456,False,"On devrait peut-être renforcer le châssis..."
3457,False,"Il nous faudrait des roulements plus solides pour les roues."
3458,False,"Une attaque ennemie<Indent/>!?"
3459,False,"J'ai entendu un bruit suspect..."
3460,False,"Ce gros œuf droit devant nous... Vous croyez que c'est le Deltastice<Indent/>?"
3461,False,"Deux vérifiniveaux pour le prix d'un... Ça doit être l'ultime épreuve."
3462,False,"Faites-en de la chair à pâté<Indent/>!"
3463,False,"Bande de nazes<Indent/>!"
3464,False,"Vous attendez quoi<Indent/>!?"
3465,False,"Tranchez-<If(PlayerParameter(4))>la<Else/>le</If> en deux<Indent/>!"
3466,False,"Saloperie<Indent/>!"
3467,False,"Tu vas crever, ouais<Indent/>!?"
3468,False,"Veuillez accepter ce modeste présent pour votre aide..."
3469,False,"Au-au nom des kami, qu'est-il arrivé<Indent/>!?"
3470,False,"Des intruuus<Indent/>!?"
3471,False,"Pas question d'abandonner miam miam<Indent/>!"
3472,False,"Pas voler nouuurrituuure<Indent/>!"
3473,False,"Huuumain<If(PlayerParameter(4))>e<Else/></If> devenir à manger aussi<Indent/>!"
3474,False,"Attention, c'est dangereux par lààà."
3475,False,"Et je coupe, coupe, coupe..."
3476,False,"C'est occupé<Indent/>!"
3477,False,"Je joue à cache-cache perché<Indent/>!"
3478,False,"C'est plus confortable que de se cacher dans un carton."
3479,False,"Bouh<Indent/>!"
3480,False,"Approchez, approchez<Indent/>! Bibelots et souvenirs à prix cassés<Indent/>!"
3481,False,"Vous emporterez bien chez vous un peu de l'esprit de Hingashi<Indent/>?"
3482,False,"Le gentilhomme cambrioleur  a encore frappé<Indent/>!"
3483,False,"Cette jarre... C'est une pièce unique, n'est-ce pas<Indent/>?"
3484,False,"Encore des avis de recherche..."
3485,False,"Mais que fait le Sekiseigumi<Indent/>?"
3486,False,"Je ferais bien tomber le bas..."
3487,False,"Tais-toi et masse<Indent/>!"
3488,False,"Je n'ai jamais vu des trapèzes aussi bien ciselés..."
3489,False,"Je commence à avoir chaud..."
3490,False,"Viens donc, hé, banane<Indent/>!"
3491,False,"Je vais te défriser la moustache<Indent/>!"
3492,False,"J'adore les duels inoffensifs<Indent/>!"
3493,False,"Bravoure<Indent/>!"
3494,False,"Gloire<Indent/>!"
3495,False,"Bonté<Indent/>!"
3496,False,"Tu t'es <If(PlayerParameter(4))>perdue<Else/>perdu</If>, <If(PlayerParameter(4))>étrangère<Else/>étranger</If><Indent/>?"
3497,False,"Sandales pas chères<Indent/>! <Emphasis>Geta</Emphasis> ou <Emphasis>waraji</Emphasis>, faites votre choix<Indent/>!"
3498,False,"(mâche)... Qu'est-che que tu lis<Indent/>?"
3499,False,"Le thé vert, c'est vraiment ma tasse de thé, ho ho ho..."
3500,False,"Ne faites qu'un avec votre lame<Indent/>!"
3501,False,"Je préfère les <Emphasis>dango</Emphasis> aux fleurs."
3502,False,"Je vole au vent<Indent/>!"
3503,False,"C'est qui que tu traites d'ivrogne<Indent/>!?"
3504,False,"Mon petit-fils a été admis dans le Sekiseigumi<Indent/>!"
3505,False,"En sushis, c'est encore meilleur."
3506,False,"Le riz, c'est la vie<Indent/>!"
3507,False,"Vous aimez le théâtre<Indent/>? Moi, j'adore ça<Indent/>!"
3508,False,"Ces mar<SoftHyphen/>chan<SoftHyphen/>di<SoftHyphen/>ses m'ont l'air en règle."
3509,False,"Ne vous inquiétez pas, votre bateau arrivera sous peu."
3510,False,"Halte-là<Indent/>!"
3511,False,"Tu es fait comme un rat<Indent/>!"
3512,False,"Je vous souhaite un agréable séjour à Kugane."
3513,False,"Trop beau..."
3514,False,"Venez admirer les nouveaux talents de notre troupe<Indent/>!"
3515,False,"On va voir, dis<Indent/>?"
3516,False,"(J'ai entendu de drôles de rumeurs au sujet du château...)"
3517,False,"Mon mari rentre à des heures tardives, ces temps-ci. Je le soupçonne de passer ses nuits à Sanjo Hanamachi..."
3518,False,"Bienvenue au Bazar de Rubis."
3519,False,"On ne livrera jamais à temps à ce rythme-là<Indent/>!"
3520,False,"Ç-ça vous dérange si je pose ça quelque part<Indent/>?"
3521,False,"Va savoir pourquoi, j'ai envie de faire trempette dans les sources de Bokaisen..."
3522,False,"Polir, lustrer, frotter<Indent/>!"
3523,False,"Argh... J'ai une crampe au mollet<Indent/>!"
3524,False,"Saké ferme, moussaillons<Indent/>!"
3525,False,"C'est normal si tu ne sens plus ton bras. C'est le métier qui rentre<Indent/>!"
3526,False,"C'est ça<Indent/>! J'aime quand tu cognes bien fort<Indent/>!"
3527,False,"Une lame n'est jamais trop aiguisée."
3528,False,"Ça sent le déluge de cubes..."
3529,False,"On reste concentrés jusqu'au bout<Indent/>!"
3530,False,"Ça passe ou ça casse<Indent/>!"
3531,False,"Si l'un de nous deux doit craquer, ce ne sera pas moi<Indent/>!"
3532,False,"Au moins, ton nom est facile à retenir."
3533,False,"La chasse a été bonne, aujourd'hui encorrre."
3534,False,"Ce serait plus facile avec une vrrraie cible..."
3535,False,"C'est tout un arrrt de monter la garde..."
3536,False,"Tu es le plus beau des canons..."
3537,False,"C'est fatigant de se dresser constamment sur sa queue. Ssss..."
3538,False,"Mon arc tire de travers... Serait-il cassé<Indent/>? Ssss..."
3539,False,"Tes mouvements sont trop prévisibles<Indent/>! Ssss..."
3540,False,"Rien n'échappe à mon regard. Ssss..."
3541,False,"J'ai une de ces flemmes..."
3542,False,"Bon, où est passé ce sacripant<Indent/>?"
3543,False,"Caftez pas à mon frère que je suis là, d'accord<Indent/>?"
3544,False,"Toujours rien... C'est pas mon jour de chance."
3545,False,"Cette terre rocailleuse est un cauchemar à cultiver..."
3546,False,"J'aimerais être aussi forte et résistante que ces plantes..."
3547,False,"Cet arak, c'est de la bonne<Indent/>!"
3548,False,"Ç-ça se discute..."
3549,False,"C'est fou, la quantité de crasse qu'il y a là-dedans."
3550,False,"Rassurer les civils, oui, mais comment<Indent/>?"
3551,False,"C'est donc ça, le fameux “Dais de la Comète”..."
3552,False,"Il est trop tôt pour se relâcher."
3553,False,"Ma lance a vécu, mais elle transperce toujours aussi bien."
3554,False,"Je dois continuer de me battre, aussi bien pour moi que pour Papin."
3555,False,"Le travail des champs est rude, mais je dois m'en accommoder."
3556,False,"Rappelez-vous<Indent/>: votre unique priorité est de revenir ici vivants<Indent/>!"
3557,False,"Nos chocobos sont en grande forme."
3558,False,"Je le savais, ma lame est tout émoussée<Indent/>!"
3559,False,"Ma botte secrète<Indent/>: fourche tournoyante<Indent/>!"
3560,False,"Peut-être que je ne bande pas assez mon arc..."
3561,False,"J'ai vu un Impérial s'enfuir par là."
3562,False,"Sommes-nous vraiment libres<Indent/>?"
3563,False,"Ça change du tord-boyaux que je m'envoie d'habitude<Indent/>!"
3564,False,"J'adorerais me reconvertir dans le spectacle..."
3565,False,"N'avez-vous jamais rêvé de changer le monde<Indent/>!?"
3566,False,"Aux chiottes l'Empire<Indent/>!"
3567,False,"Pfiou... Je savoure chaque seconde de répit."
3568,False,"Tu veux jouer les gros bras<Indent/>? OK, amène-toi<Indent/>!"
3569,False,"Urgh... J'ai la gerbe..."
3570,False,"Franchement, j'ai arrêté de compter les jours..."
3571,False,"Accroche-toi, l'ami, tu vas t'en sortir<Indent/>!"
3572,False,"Voilà qui devrait calmer sa douleurrr."
3573,False,"Il a l'air tellement paisible..."
3574,False,"La moindre seconde d'inattention peut être fatale<Indent/>! Est-ce clair<Indent/>?"
3575,False,"Cette statue m'a regardé de travers<Indent/>!"
3576,False,"Reste calme, Biggs, tu peux le faire<Indent/>!"
3577,False,"Bon, où est-ce qu'il s'est caché<Indent/>?"
3578,False,"Du riz, du miso, du saké... Rien de suspect a priori."
3579,False,"Hmm... L'odeur de soufre est par<SoftHyphen/>ti<SoftHyphen/>cu<SoftHyphen/>liè<SoftHyphen/>rement forte, ces temps-ci..."
3580,False,"Le Couvercle des enfers me fascine toujours autant..."
3581,False,"La mer est calme, le vent est frais et l'horizon est dégagé<Indent/>!"
3582,False,"Si je ne me trompe pas, c'est par ici qu'il a coulé..."
3583,False,"Tu es en territoire impérial, ici. Alors tu fais comme dans l'infanterie et tu te tires ailleurs<Indent/>! "
3584,False,"Toi..."
3585,False,"Fais demi-tour, c'est un ordre<Indent/>!"
3586,False,"Hé hé, ces poissons se négocient à prix d'or."
3587,False,"Hips<Indent/>! Bah... Pourquoi y a trois Motogoe et deux Inuoi<Indent/>?"
3588,False,"Jusqu'à quand tu comptes vérifier ces mar<SoftHyphen/>chan<SoftHyphen/>di<SoftHyphen/>ses<Indent/>!?"
3589,False,"Maman, j'ai peur..."
3590,False,"Personne n'entre là-dedans. Ce sont les ordres."
3591,False,"Personne ne fait d'aussi bonnes boulettes de riz que mon papa<Indent/>!"
3592,False,"Hé, mais... la coque est fissurée, ma parole<Indent/>!"
3593,False,"Mes trésors chériiiis..."
3594,False,"Tu en sais, des chooooses."
3595,False,"J'aime quand ça briiiille<Indent/>!"
3596,False,"Ne pensez à rien<Indent/>! Faites le vide dans votre esprit<Indent/>!"
3597,False,"Il serait temps que je me décide à lui parler..."
3598,False,"Tous les harpons sont rangés... C'est parfait<Indent/>!"
3599,False,"Fais-toi plaisir, c'est ma tournée<Indent/>!"
3600,False,"Et zut... Je vais encore passer pour un manche."
3601,False,"J'ai l'estomac dans les talons. Qu'est-ce que je vais bien pouvoir manger..."
3602,False,"De la viande<Indent/>? Miam, elle a l'air bien juteuse... (bave)"
3603,False,"De la citrouille<Indent/>? C'est bon pour la santé."
3604,False,"Du riz, ça cale bien l'estomac."
3605,False,"Du poisson<Indent/>? Hmm, je n'ai pas envie de m'embêter avec les arêtes..."
3606,False,"Et si je mélangeais tout ça dans un ragoût<Indent/>?"
3607,False,"Ne pars pas d'ici sans avoir goûté à mon lait<Indent/>!"
3608,False,"Je t'offre un deuxième panier pour un gil de plus<Indent/>!"
3609,False,"..."
3610,False,"Bêêê<Indent/>!"
3611,False,"..."
3612,False,"...<Indent/>?"
3613,False,"Le timbre du morin khuur est vraiment unique."
3614,False,"Je compte sur toi pour protéger les agneaux, d'accord<Indent/>?"
3615,False,"Ça c'est une gentille brebis pleine de bon lait.♪"
3616,False,"Il s'essouffle<Indent/>! Achève-le<Indent/>!"
3617,False,"Cambre les reins et rentre-lui dans le lard<Indent/>!"
3618,False,"Hou<Indent/>! Ha<Indent/>! (halète)"
3619,False,"Je devrais peut-être choisir un arc plus léger..."
3620,False,"Prêt à encaisser ta vingt-huitième défaite<Indent/>?"
3621,False,"La corde de mon arc est à deux doigts de lâcher..."
3622,False,"Tu es le soleil de mes nuits...♪"
3623,False,"Je suis née dans une caravane...♪"
3624,False,"Ooon n'est pas fatigués<Indent/>!"
3625,False,"Je serai... le plus grand guerrier... de la steppe..."
3626,False,"Bien, dressons le bilan de la dernière chasse."
3627,False,"J'en ai marre d'être un enfant<Indent/>!"
3628,False,"Oh, pauvre chou..."
3629,False,"Le premier qui tombe du rocher a perdu<Indent/>!"
3630,False,"Je n'aimerais pas me faire embrocher par cette lance..."
3631,False,"Bêêê, bêêê<Indent/>! Bê, bê bêêê<Indent/>!♪"
3632,False,"Bêêê..."
3633,False,"Préparez-vous à tout imprévu<Indent/>!"
3634,False,"La puissance de feu des canons anti-dragon est impressionannte<Indent/>!"
3635,False,"Les canons du Maelstrom ne sont pas en reste."
3636,False,"Ala Mhigo sera bientôt libre<Indent/>!"
3637,False,"Ils vont voir l'union des peuples éorzéens<Indent/>!"
3638,False,"Je ne vois pas très bien où tu veux en venir..."
3639,False,"Donc, on va continuer d'observer l'ennemi sans rien faire<Indent/>!?"
3640,False,"Tant que je ne pense pas à la douleur, ça va<Indent/>!"
3641,False,"Ça manque de souplesse<Indent/>! Ne réfléchis pas, laisse aller ton corps<Indent/>!"
3642,False,"C'est mieux<Indent/>! Continue comme ça<Indent/>!"
3643,False,"Rien à signaler<Indent/>!"
3644,False,"Mince, où est-ce que j'étais censé poser ça<Indent/>?"
3645,False,"Si le dos souffre, c'est que le riz pousse<Indent/>!♪"
3646,False,"Tant que les bêtes sauvages restent loin des rizières, il n'y a pas lieu de s'inquiéter."
3647,False,"Je dois garder la place du village propre pour quand mon petit-fils reviendra..."
3648,False,"Un, deux, trois. Un, deux, ciel<Indent/>!"
3649,False,"Qu'est-ce qu'il y a par là<Indent/>?"
3650,False,"Nous aussi, nous voulons nous battre<Indent/>!"
3651,False,"Putain d'Impériaux<Indent/>!"
3652,False,"Il faut bien se préparer<Indent/>!"
3653,False,"Nous sommes libres<Indent/>!"
3654,False,"Vous faites quoi après<Indent/>?"
3655,False,"Je vais éclater de l'Impérial<Indent/>!"
3656,False,"Ouaaah<Indent/>! J'ai trop la pétoche<Indent/>!<Indent/>..."
3657,False,"Ne vous relâchez pas<Indent/>!"
3658,False,"À vos ordres<Indent/>!"
3659,False,"À vos ordres<Indent/>!"
3660,False,"À vos ordres<Indent/>!"
3661,False,"Bien joué, Tchakha<Indent/>!"
3662,False,"Hé hé hé, l'en<SoftHyphen/>traî<SoftHyphen/>ne<SoftHyphen/>ment ça paie toujours<Indent/>!"
3663,False,"Ils sont pas très im<SoftHyphen/>pres<SoftHyphen/>sion<SoftHyphen/>nants, les re<SoftHyphen/>pré<SoftHyphen/>sen<SoftHyphen/>tants de l'ordre du Poing de Rhalgr..."
3664,False,"Ça cogne dur<Indent/>!"
3665,False,"Ils sont si forts que ça, les pugilistes d'Ul'dah<Indent/>?"
3666,False,"La rencontre avec les pugilistes va permettre aux moines de faire leurs preuves<Indent/>!"
3667,False,"Les moines ont pris cher<Indent/>!"
3668,False,"C'est ça l'ordre du Poing de Rhalgr<Indent/>? C'est censé être mieux qu'avant<Indent/>? J'ai honte pour eux<Indent/>!"
3669,False,"Pas question de perdre<Indent/>!"
3670,False,"Ça va aller<Indent/>! Ça va aller<Indent/>!"
3671,False,"Mon épée est bien entretenue<Indent/>!"
3672,False,"Tu as vu la tête des Impériaux<Indent/>? Ils faisaient presque pitié<Indent/>!"
3673,False,"J'ai bien envie de poursuivre notre marche en avant..."
3674,False,"Bravo<Indent/>! Il y a de quoi être fier<Indent/>!"
3675,False,"M'naago n'a rien, quel soulagement..."
3676,False,"Bah alors, ne pleure pas. C'est pas le moment de se relâcher<Indent/>!"
3677,False,"La soupe est prête<Indent/>? J'ai faim, moi."
3678,False,"Hmm, le bouillon n'est pas assez épais..."
3679,False,"Ouais, ça devrait être bon."
3680,False,"Préviens les autres qu'on passe à table."
3681,False,"Dis, ça te dérangerait de rajouter quelques épices dans le bouillon<Indent/>?"
3682,False,"Pas de problème, c'est comme si c'était fait<Indent/>!"
3683,False,"On aurait besoin d'un coup de main. L'un de vous deux est dispo<Indent/>?"
3684,False,"D-désolé les gars, on ne mange pas pendant le travail. C'est la règle."
3685,False,"Ils sont débordés... Tant pis, on va se débrouiller seuls<Indent/>!"
3686,False,"Nan, désolé<Indent/>! Au passage, t'aurais pas un truc à grignoter<Indent/>? On crève la dalle<Indent/>!"
3687,False,"C'est qui, eux<Indent/>!?"
3688,False,"Mes techniques... sont inefficaces<Indent/>!?"
3689,False,"Je suis malade... Ne t'approche pas, je vais finir par te contaminer<Indent/>!"
3690,False,"Et... Han<Indent/>!"
3691,False,"Pff, cette faim commence à me peser sur les nerfs..."
3692,False,"J-je peux te parler une minute<Indent/>?"
3693,False,"Ce n'est pas vraiment ce que j'appelle une belle vue..."
3694,False,"Esprits de la forêt... prêtez-moi vos pouvoirs..."
3695,False,"Il n'y a pas de meilleurs archers que les Gridaniens<Indent/>!"
3696,False,"Enfin l'occasion de montrer les talents de l'unité mhigoise<Indent/>!"
3697,False,"Ô Nald'Thal, bénissez-nous<Indent/>!"
3698,False,"La victoire est à nous<Indent/>!"
3699,False,"Je briserai la roche, s'il le faut<Indent/>!"
3700,False,"Pas question de perrrdre<Indent/>!"
3701,False,"Miom... C'est si bon que j'en ai les larmes aux yeux. (renifle)"
3702,False,"M'sieur, ça va pas<Indent/>? Vous avez mal<Indent/>?"
3703,False,"On commence sé<SoftHyphen/>rieu<SoftHyphen/>se<SoftHyphen/>ment à manquer de vivres..."
3704,False,"Faut pas que je regarde en bas..."
3705,False,"●わくわくしている男の子：元帝国基地：StmBdz993"
3706,False,"●そわそわしている老婆：元帝国基地：StmBdz993"
3707,False,"●わくわくしている男の子：ラジアタ：StmBdz993"
3708,False,"●そわそわしている老婆：ラジアタ：StmBdz993"
3709,False,"●わくわくしている男の子:：アラミゴ市街地：StmBdz994"
3710,False,"●そわそわしている老婆:：アラミゴ市街地：StmBdz994"
3711,False,"Les feux d'artifice, c'est trrrop bien<Indent/>!"
3712,False,"Comme c'est beau<Indent/>!"
3713,False,"Magnifique<Indent/>!"
3714,False,"Et boum et boum et boum<Indent/>!"
3715,False,"Qu'est-ce qu'on s'éclate<Indent/>!"
3716,False,"Vive les Feux de la Mort<Indent/>!"
3717,False,"J'ai l'impression qu'on me regarde..."
3718,False,"Quels muscles d'acier..."
3719,False,"Je vais vous donner de l'amour, moi<Indent/>!"
3720,False,"Je ne crois pas que nous soyons faits l'un pour l'autre..."
3721,False,"Bon, il est où, ce trésor<Indent/>?"
3722,False,"Et le feu d'arrrtifice, ça vient<Indent/>?"
3723,False,"C'est épuisant de rester sur la plage..."
3724,False,"Oh là là, je suis tout excitée<Indent/>!"
3725,False,"Un vrai feu d'artifice de muscles<Indent/>!"
3726,False,"Le feu d'artifice dans mon cœur, c'est toi, poupée<Indent/>!"
3727,False,"Pas mal, pas mal..."
3728,False,"Euh... T-tu es encore plus b-belle qu'un feu d'artifice..."
3729,False,"Regardez-moi ce bleu d'azurrr<Indent/>!"
3730,False,"On s'amuse comme des petites folles<Indent/>!"
3731,False,"Les produits qui viennent tout juste de sortir du fourrr ont l'air délicieux<Indent/>!"
3732,False,"Il est trop mignon le gros ours<Indent/>! Regarde<Indent/>! Il fait coucou avec ses pattes<Indent/>!"
3733,False,"Ils... Ils ont le ventre plein, j'espère..."
3734,False,"Nos ours vont vous en mettre plein la vue pendant la fête des étoiles<Indent/>! Venez profiter du spectacle<Indent/>!"
3735,False,"Rien à signa... Hum<Indent/>!? Non, c'est qu'une de mes mèches..."
3736,False,"J'en r'viens pas, même la roche se laisse pas faire sur cette foutue île<Indent/>!"
3737,False,"Tu l'as dit. Mais vu ce qu'on va se mettre dans les poches, on ferait mieux de pas trop se plaindre."
3738,False,"Ouais, bien sûr. On chasse quoi<Indent/>?"
3739,False,"Hmm... Des poissons<Indent/>?"
3740,False,"Hein<Indent/>!?"
3741,False,"Avec le sel du lac Seld, la fortune est à nous<Indent/>!"
3742,False,"L'étage est détruit, mais le sous-sol peut encore servir..."
3743,False,"Avant toute chose, il faut remettre l'équipement en état<Indent/>!"
3744,False,"Que dois-je faire<Indent/>?<Indent/>..."
3745,False,"Qu'est-ce que ça veut dire<Indent/>!?"
3746,False,"Maudites Qalyanas<Indent/>! Ssss..."
3747,False,"Vais-je mourir ici<Indent/>!?"
3748,False,"Baut... Au secours<Indent/>!"
3749,False,"Je ne vais pas me laisser faire<Indent/>!"
3750,False,"Ce n'est pas ma lance habituelle, mais peu imporrrte<Indent/>!"
3751,False,"Mais qu'est-ce qui se passe au juste<Indent/>!?"
3752,False,"Avoir peur<Indent/>! Gla gla gla..."
3753,False,"..."
3754,False,"Il faut absolument protéger ces gens<Indent/>!"
3755,False,"Vous ne fuirez pas, humains<Indent/>! Ssss..."
3756,False,"Aaaah... Lakshmi..."
3757,False,"On l'a échappé belle..."
3758,False,"Je ne pensais pas que je devrais un jour la vie à l'Exécutrice..."
3759,False,"Au nom des Anantas, je suis désolée. Ssss..."
3760,False,"Merci infiniment<Indent/>!"
3761,False,"Jamais je n'aurais imaginé voirrr une Primordial de mes propres yeux."
3762,False,"Ohéééé<Indent/>!"
3763,False,"Quoi de neeeeuf<Indent/>?"
3764,False,"Je pars à la chasse aux trésoooors. Qu'est-ce que je te rapporte, cette foooois<Indent/>?"
3765,False,"N'importe quoi, du moment que c'est vieux<Indent/>!"
3766,False,"Salut, saluuuut<Indent/>!"
3767,False,"J'ai fait place nette chez mooooi<Indent/>!"
3768,False,"Ooooh... Ça, c'est un objet bien vieux comme je les aaaaime<Indent/>!"
3769,False,"Il faut que je mette mon trésor bien en valeeeeur."
3770,False,"Je fais la queue pour déposer mon trésoooor."
3771,False,"Ah, encore une bonne journée <If(LessThan(PlayerParameter(11),12))><If(LessThan(PlayerParameter(11),4))>qui s'achève<Else/>qui commence</If><Else/><If(LessThan(PlayerParameter(11),17))>en perspective<Else/>qui s'achève</If></If><Indent/>!"
3772,False,"Que les kami nous protèèèègent..."
3773,False,"Ces jarres, c'est de l'aaaart<Indent/>!"
3774,False,"Ouah<Indent/>! Quelle jolie carapace<Indent/>!"
3775,False,"Quand est-ce qu'ils viennent jouer ici, les enfants de Namai<Indent/>?"
3776,False,"Ha ha<Indent/>! C'est moi l'plus fortiche<Indent/>!"
3777,False,"Enfin, je l'ai retrouvé<Indent/>! Il est à nous<Indent/>!"
3778,False,"(souffle)... J'ai bien travaillé aujourd'hui aussi..."
3779,False,"Bon, pour la suite... Hmm..."
3780,False,"Oh la vache<Indent/>! Ce débris pèse au moins une tonz<Indent/>!"
3781,False,"S'il vous plaît, apprenez-nous à nous battre, Dame Yugiri<Indent/>!"
3782,False,"C'est pas possible comme ça... Il nous faut plus de monde..."
3783,False,"Quinze... Seize..."
3784,False,"Au secours<Indent/>! Apportez une échelle<Indent/>!<Indent/>... Je commence à avoir une crampe au mollet..."
3785,False,"Non, mais pourquoi il m'ont filé un balai<Indent/>!? Franchement<Indent/>!"
3786,False,"Hé, tu veux bien vérifier ce qu'il y a dans la boîte<Indent/>?"
3787,False,"Ouais, je m'en charge."
3788,False,"Rien à signaler du côté de la Muni<Indent/>!"
3789,False,"J'ai le sentiment que Tsuranuki va me dire qu'il a faim..."
3790,False,"Ouais, tu ferais mieux d'emporter une boulette de riz."
3791,False,"Mais où est-ce qu'il est passé<Indent/>!?"
3792,False,"Bon, il est temps que je m'y mette<Indent/>!"
3793,False,"Hmm<Indent/>! Ça sent vraiment bon<Indent/>! Y a quoi dedans<Indent/>?"
3794,False,"Du tofu et des légumes<Indent/>! C'est une recette de famille."
3795,False,"Monsieur, Monsieur<Indent/>! Je t'ai apporté le médicament<Indent/>!"
3796,False,"Je t'ai pourtant dit de ne pas t'approcher de moi, imbécile<Indent/>!"
3797,False,"Et alors, y a assez de miso<Indent/>?<Indent/>..."
3798,False,"Attends, je vais vérifier..."
3799,False,"Mince, je ne sais plus quel pot c'est..."
3800,False,"Vite<Indent/>! Je sens que ça va me glisser des mains<Indent/>!"
3801,False,"Écaille ce misérable Veeeert<Indent/>!"
3802,False,"C'est ici que ça te gratte, mon tout beau<Indent/>?"
3803,False,"Je vais en avertir mon officier. Ssss..."
3804,False,"Chef, de nombreuses créatures dangereuses ont été repérées près de la route<Indent/>!"
3805,False,"Je vois. Dans ce cas, forme im<SoftHyphen/>mé<SoftHyphen/>dia<SoftHyphen/>te<SoftHyphen/>ment une unité pour les exterrrminer<Indent/>!"
3806,False,"Mes sœurs et moi sommes prêtes à partir en mission à tout moment. Ssss..."
3807,False,"Quelle mission on fait maintenant<Indent/>? J'aime pas trop l'odeur des marids, personnellement..."
3808,False,"Dites-moi votre prix, je suis prêt à tout ce que vous voudrez pour vos mues<Indent/>!"
3809,False,"On a assez de vivres en réserve<Indent/>? Ssss..."
3810,False,"Pas vrrraiment, non..."
3811,False,"À vos ordres<Indent/>!"
3812,False,"La vache<Indent/>! Qu'est-ce que ça mange, ces bestiaux<Indent/>!<Indent/>..."
3813,False,"Hmm, ce boulot manque vraiment pas de sel."
3814,False,"Arrgh... Mon dos me fait atrocement souffrir."
3815,False,"Je fusille du regard toutes les vilaines créatures qui s'approchent."
3816,False,"Ces travailleurs sont en sécurité avec nous, c'est moi qui te l'dis<Indent/>!"
3817,False,"Certes, mais le seigneur Lolorito est très exigeant pour ce qui est du goût."
3818,False,"Notre sel est de la meilleure qualité."
3819,False,"J'ai bien envie de commencer à vendre des aliments saumurés..."
3820,False,"Il nous faut mieux équiper nos ateliers si nous voulons améliorer notre rendement..."
3821,False,"Nous devons à tout prix utiliser nos fonds à bon escient."
3822,False,"Nous avons besoin de plus de bras, surtout. Tu ne crois pas<Indent/>?"
3823,False,"Je veux bien avoir mal au dos si c'est pour Ala Mhigo<Indent/>!"
3824,False,"Les clients du Bismarck méritent les meilleurs ingrédients, et c'est ici qu'on trouve le meilleur sel<Indent/>!"
3825,False,"Avec tout ce bon sel, je vais faire des jaloux à Gridania<Indent/>!"
3826,False,"Oh là là... Tout a l'air tellement bon, j'en ai l'eau à la bouche."
3827,False,"Ne partez pas sans un petit souvenir<Indent/>!"
3828,False,"Hmm, non. La facture est trop salée."
3829,False,"C'est ton père qui doit être content."
3830,False,"Tout le monde est drôlement occupé ces temps-ci."
3831,False,"Approchez, approchez<Indent/>! Venez goûter nos délices à la fleur de sel<Indent/>!"
3832,False,"Nous ga<SoftHyphen/>ran<SoftHyphen/>tis<SoftHyphen/>sons la qualité et la quantité<Indent/>!"
3833,False,"Maintenant que nos ateliers sont opérationnels, on va pouvoir songer à s'agrandir<Indent/>!"
3834,False,"Tant mieux, ça va donner un coup d'accélérateur à la production."
3835,False,"On recrute à tour de bras ces temps-ci<Indent/>!"
3836,False,"Pssst<Indent/>! Surtout dis à personne que je suis caché ici<Indent/>!"
3837,False,"Un Buduga n'a pas à présenter des excuses."
3838,False,"Tu as bonne mine, aujourd'hui."
3839,False,"T'es vraiment collante, toi..."
3840,False,"Ha<Indent/>!!! I-Ishibushi<Indent/>! Au secours<Indent/>! J'vais lâcher<Indent/>!"
3841,False,"Tu commences pas à fatiguer<Indent/>? On peut changer, si tu veux."
3842,False,"Eh ben, ça m'a l'air pas mal tout ça<Indent/>!"
3843,False,"Défense d'entrer. Les bâtiments menacent de s'effondrer au moindre coup de vent."
3844,False,"Ah oui, tiens, Pourquoi on ne ferait pas comme ça<Indent/>?"
3845,False,"Bon, la sonnette, c'est fait. Maintenant... (bâille)..."
3846,False,"Manger du riz, c'est bien... Mais en boire, c'est mieux... Hic<Indent/>!"
3847,False,"Mes camarades sont en train de déblayer la zone derrière cette porte."
3848,False,"Miam<Indent/>! Il est trop bon, ce riz<Indent/>!"
3849,False,"Ouaaah<Indent/>!"
3850,False,"Maman t'appelle. Arrête de jouer et rentre à la maison<Indent/>!"
3851,False,"Oui, oui, j'arrive."
3852,False,"Papa est vraiment fâché, tu sais."
3853,False,"J'm'en fiche<Indent/>! Je veux continuer de m'amuser<Indent/>!"
3854,False,"Je rentre sans toi, alors. Je t'aurai prévenu."
3855,False,"Je pose ça ici<Indent/>?"
3856,False,"Euh, oui. Merci."
3857,False,"J'ai hâte de voir quand ça sera terminé<Indent/>!"
3858,False,"Qu'est-ce qu'ils essaient de construire ici<Indent/>?<Indent/>..."
3859,False,"Bon, et ces planches, je les pose où alors<Indent/>?"
3860,False,"Attends, il faut que je vérifie..."
3861,False,"Mince, où est passé le registre<Indent/>?<Indent/>..."
3862,False,"Dépêche-toi... J'en peux plus..."
3863,False,"Les légumes dans le coin là, c'est pour quoi faire au juste<Indent/>?"
3864,False,"Je crois que ça suffira."
3865,False,"On devrait avoir assez d'épices."
3866,False,"D'accord, je le note."
3867,False,"Hmm... Ça ne fait pas beaucoup..."
3868,False,"Il me faudrait plus de légumes."
3869,False,"Je vais en informer Kozakura."
3870,False,"Ouf<Indent/>! Tout est là. Je vais pouvoir piquer un petit somme."
3871,False,"Il y a ce que Tsuranuki a demandé<Indent/>?"
3872,False,"Hmm<Indent/>? Maintenant que tu le dis, j'ai pas vérifié."
3873,False,"Mieux vaut être sûr, à mon avis."
3874,False,"Je vous ai apporté ce cadeaaaau."
3875,False,"Alors, ça moooord<Indent/>?"
3876,False,"Oui, regarde au bout de ma ligne<Indent/>!"
3877,False,"Je vais ferrer un beau poisson<Indent/>!"
3878,False,"Bravoooo<Indent/>!"
3879,False,"Vous êtes un excellent pêcheeeeur."
3880,False,"Allez, je vais en attraper un autre<Indent/>!"
3881,False,"Mince, j'ai été trop nerveux..."
3882,False,"Couraaaage<Indent/>! Vous aurez le prochain, j'en suis sûûûûr."
3883,False,"Hmm, d'après le plan, mon étal se trouvera juste là."
3884,False,"Vous manquez de bois<Indent/>?"
3885,False,"Ben, je dirais pas non à quelques planches de plus."
3886,False,"D'accord, on va vous préparer ça."
3887,False,"Il nous en faut aussi<Indent/>!"
3888,False,"Bon, il est temps de partir<Indent/>!"
3889,False,"Oui, je sais, je sais..."
3890,False,"Qu'est-ce que t'as à rester planté sur ce canapé<Indent/>?"
3891,False,"C'est juste que mes fesses sont si bien dessus..."
3892,False,"Même si c'est le cas, il faut que tu les en décolles<Indent/>!"
3893,False,"Donne-moi encore quelques minutes, s'il te plaît..."
3894,False,"Kwé<Indent/>!"
3895,False,"Nous manquons cruellement de personnel..."
3896,False,"Vous avez mal quelque part<Indent/>?"
3897,False,"Aeuurrgh... Je... je me sens mieux... je crois..."
3898,False,"On dirait que mon médicament a fait son effet."
3899,False,"Mission ou pas, reposez-vous bien."
3900,False,"J'ai... J'ai trop mal au bide..."
3901,False,"Ça, c'est parce que vous mangez tout ce que vous trouvez dans la nature."
3902,False,"La prochaine fois, je n'hésiterai pas à vous ouvrir la panse. Compris<Indent/>?"
3903,False,"Si seulement on avait une grue, ça nous simplifierait grandement la tâche..."
3904,False,"Ne bougez pas, on va vous hisser ça<Indent/>!"
3905,False,"On a trois sacs pleins à craquer<Indent/>!"
3906,False,"(snif)... (snif)... Ça sent l'humain par ici..."
3907,False,"Hiii<Indent/>!<Indent/>... J'aime pas les humains<Indent/>!"
3908,False,"Oh, non<Indent/>!<Indent/>..."
3909,False,"Quel pot de colle<Indent/>!"
3910,False,"Je te connais pas, toi. T'es nouveau<Indent/>?"
3911,False,"Oui<Indent/>! Je viens juste de faire ma métamorphose<Indent/>!"
3912,False,"Ah, je vois... Eh bien, t'es la première souris parmi nous."
3913,False,"Euh... Je suis une loutre, pas une souris<Indent/>!"
3914,False,"J'ai tellement envie de prier devant la shizume-ishi..."
3915,False,"Tu vas encore te faire gronder<Indent/>!"
3916,False,"Même pas peur<Indent/>! Je ferai une charge de sanglier<Indent/>!"
3917,False,"Hé là<Indent/>! Interdiction d'aller plus loin<Indent/>!"
3918,False,"Allez<Indent/>! Juste une fois... S'il te plaît<Indent/>!"
3919,False,"Tu veux que maître Genbu te punisse<Indent/>?"
3920,False,"Euh... D'accord... J'ai compris..."
3921,False,"Grouuuiiiin... Je me suis encore fait refouler..."
3922,False,"Je t'avais pourtant bien prévenu<Indent/>!"
3923,False,"Une petite visite au sanctuaire de temps en temps ne peut pas me faire de mal..."
3924,False,"Ça te dirait d'aller chasser ensemble<Indent/>?"
3925,False,"Je me sens libéré..."
3926,False,"Malgré les vives douleurs..."
3927,False,"Je te remercie d'avoir apaisé mon âme..."
3928,False,"Mais c'est parce que j'aime bien ta compagnie."
3929,False,"Toujours pas de ce médicament<Indent/>?"
3930,False,"Mal<SoftHyphen/>heu<SoftHyphen/>reu<SoftHyphen/>se<SoftHyphen/>ment non. Il est rare et bien cher, tu sais..."
3931,False,"Mais je ne pensais pas que ça t'intéresserait tant que ça."
3932,False,"Je ne faisais que demander, c'est tout."
3933,False,"Ça, c'est bon, c'est épongé..."
3934,False,"Ça, c'est bon, c'est réparé..."
3935,False,"Quand je t'ai quitté, tu n'étais encore qu'un enfant. Mais tu es un homme, maintenant<Indent/>!"
3936,False,"Maman. (snif)... Je croyais que je ne te reverrais jamais..."
3937,False,"Tu es revenu... envers et contre tout<Indent/>!"
3938,False,"Oh<Indent/>! J'imagine que tu es un nouveau Zuijû..."
3939,False,"Miaaaoouu<Indent/>!"
3940,False,"Euh, c'est juste un chat qui traînait dans le coin."
3941,False,"Chat alors<Indent/>!?"
3942,False,""
3943,False,""
3944,False,"L'Azim bukh, c'est aussi une façon de penser, en fait<Indent/>!"
3945,False,"Rien que de regarder, je me sens fébrile<Indent/>!"
3946,False,"C'est tout<Indent/>? J'peux en porter encore plus que ça<Indent/>!"
3947,False,"Hé hé, voilà qui promet."
3948,False,"Allez, on donne tout<Indent/>!"
3949,False,"Bravo<Indent/>! Chat, c'est de la chasse<Indent/>!"
3950,False,"N'oublie surtout pas de dépecer le Rathalos<Indent/>!"
3951,False,"L'Azim bukh, c'est la classe<Indent/>!"
3952,False,"J'ai besoin de repos..."
3953,False,"Je n'aurais jamais cru voir le jour où un Namazu tirerait à l'arc..."
3954,False,"J'ai hâte de devenir un bon cavalier<Indent/>!"
3955,False,"Miam, ça a l'air délicieux..."
3956,False,"Si tu y mets la nageoire, tu auras du bâton<Indent/>!"
3957,False,"Oyoyo<Indent/>!? Je n'ai touché à rien<Indent/>!"
3958,False,"Vraiment<Indent/>? Tu es sûr que tu ne mens pas<Indent/>?"
3959,False,"Mais oui, je ne faisais que regarder<Indent/>!"
3960,False,"Pourquoi tout le monde m'accuse toujours à tort...<Indent/>?"
3961,False,"Qui veut mes jolies cibles<Indent/>?"
3962,False,"Alors, c'est bientôt prêt<Indent/>?"
3963,False,"Il y a tellement à faire..."
3964,False,"Allez, encore un effort<Indent/>!"
3965,False,"Quand il faut descendre, il faut descendre."
3966,False,"Oyoyooo<Indent/>! Je ne peux paaas<Indent/>!"
3967,False,"Oh hisse<Indent/>! Oh hisse<Indent/>!"
3968,False,"Non, c'est par ici."
3969,False,"Puisque je te dis que c'est par là<Indent/>!"
3970,False,"Que se passe-t-il<Indent/>?"
3971,False,"Où est mon happi<Indent/>!?"
3972,False,"Il en reste<Indent/>?"
3973,False,"Et ça, c'est quoi<Indent/>?"
3974,False,"Oyoyo<Indent/>!?"
3975,False,"Visez bien le cœur de la cible<Indent/>!"
3976,False,"Rien de cassé<Indent/>?"
3977,False,"PFFFF<Indent/>!!! (inspire)... PFFFF<Indent/>!!!"
3978,False,"Chais pro-promis<Indent/>! (hips) C'est la dernière fois que j'fais tomber du miso<Indent/>! La dernière fois<Indent/>!"
3979,False,"Hmm... C'est encore un peu fade."
3980,False,"Où est-ce que j'ai mis ma sauce miso...<Indent/>?"
3981,False,"Fais bien attention à ce pot, d'accord<Indent/>? C'est ma meilleure soupe miso<Indent/>!"
3982,False,"Qu'est-ce qu'il y aura ici<Indent/>?"
3983,False,"Ta nourriture préférée<Indent/>!"
3984,False,"Bien, il y a tout ce qu'il faut<Indent/>!"
3985,False,"Si c'est entre ces poissons, je vais prendre... Hum, j'hésite."
3986,False,"J'ai des gargouillis tellement ça sent bon<Indent/>!"
3987,False,"Je me demande ce qui sera vendu ici."
3988,False,"Du saumon<Indent/>! Oh, j'espère que ce sera du saumon<Indent/>!"
3989,False,"Que ça<Indent/>!?"
3990,False,"En même temps, le saumon, c'est délicieux..."
3991,False,"Im<SoftHyphen/>pres<SoftHyphen/>sionnant. On croirait des vrais."
3992,False,"J'veux en manger<Indent/>! J'veux en manger<Indent/>!"
3993,False,"Pour ça faut de l'argent."
3994,False,"Un de chaque, s'il vous plaît<Indent/>!"
3995,False,"Q-quoi<Indent/>!? N-nan<Indent/>! Attendez<Indent/>! Elle a pas un sou, elle<Indent/>!"
3996,False,"Bon, d'accord. Arrête de pleurer. Je t'en paye un."
3997,False,"J'arrive pas à choisir, ils sont tous si mignons<Indent/>!"
3998,False,"Et voilà, tous vos légumes sont là."
3999,False,"Vous êtes sûr<Indent/>? Il manque les aubergines, non<Indent/>?"
4000,False,"Désolé. On n'en a pas récolté, aujourd'hui."
4001,False,"De la viande de hainag, ce serait super<Indent/>!"
4002,False,"Je leur demanderai."
4003,False,"Il est frais mon poisson<Indent/>! Il est frais<Indent/>!"
4004,False,"Y a l'embarras du choix, dis donc..."
4005,False,"Donner, c'est donner. Reprendre, c'est voler. Enfin, on peut s'arranger."
4006,False,"Venez nous prouver que vous êtes pas des poules mouillées<Indent/>!"
4007,False,"J-j'y serais bien allé... m-mais j'ai oublié mon bonnet<Indent/>!"
4008,False,"Mais bien sûr..."
4009,False,"Ne pas regarder en bas...
Ne pas regarder en bas..."
4010,False,"J'en peux plus... Prends-moi sur ton dos ou abandonne-moi ici<Indent/>!"
4011,False,"Fini l'échauf<SoftHyphen/>fe<SoftHyphen/>ment. Place aux choses sérieuses<Indent/>!"
4012,False,"Les pirates, ça lâche rien. La piraterie n'est jamais finiiie<Indent/>!"
4013,False,"Mamaaan..."
4014,False,"C'est ici que tout va se jouer..."
4015,False,"J'ai chu sous les yeux de ma douce...
Bouhouhou<Indent/>!"
4016,False,"Nooon<Indent/>! J'ai dit que j'me couperais les cheveux si j'tombaiiis<Indent/>!"
4017,False,"C'que vous êtes doué<If(PlayerParameter(4))>e<Else/></If><Indent/>!"
4018,False,"Ouaaaah<Indent/>!"
4019,False,"Vous ne voudriez pas me signer un petit autogrrraphe<Indent/>?"
4020,False,"Vive les Feux de la Mort<Indent/>!"
4021,False,"Ils cherchent des candidats pour “Pas dans l'tas”, le grand jeu de l'été<Indent/>!"
4022,False,"Et si on allait nager<Indent/>?"
4023,False,"Tu préfères pas regarder “Pas dans l'tas”<Indent/>?"
4024,False,"La mer sera encore là demain, mais pas le bidule géant qui baigne dedans..."
4025,False,"Pour avoir construit une telle structure, Gegeruju doit être un grand Roegadyn hyper musclé..."
4026,False,"Mes beaux biscoteaux n'ont pas le vertige, eux<Indent/>!"
4027,False,"J'ai décidément le plus beau slip de bain..."
4028,False,"Du vent<Indent/>! Les autres peuvent pas m'admirer si tu bloques la vue<Indent/>!"
4029,False,"Je n'ai fait qu'un faux pas... rien qu'un seul<Indent/>!"
4030,False,"Arrêtez de faire bouger la passerelle<Indent/>!"
4031,False,"Ils trouvent vraiment ça facile, les organisateurs...<Indent/>!?"
4032,False,"Hum... Suffit juste de trouver la bonne stratégie..."
4033,False,"La chute était pas si terrible..."
4034,False,"Bloup, bloup, bloup..."
4035,False,"Attention au coup de chaud... Pensez à vous rafraîchir<Indent/>!"
4036,False,"Kof<Indent/>!
Kof kof kof<Indent/>!"
4037,False,"Pfff, dis pas n'imporrrte quoi<Indent/>!"
4038,False,"Allez, allez<Indent/>! T'y es presque<Indent/>!"
4039,False,"La ligne d'arrivée est juste là<Indent/>!"
4040,False,"D'ici, on peut pas rater les gagnants..."
4041,False,"J'ai le cœur serré rien qu'à les regarder."
4042,False,"C'est beau de les voirrr tous se donner à fond comme ça<Indent/>!"
4043,False,"Chacun son tour<Indent/>!"
4044,False,"C'est une grosse commande. Ça va aller<Indent/>?"
4045,False,"Hmm... C'est à niveau, ça<Indent/>?"
4046,False,"C'est ça le bois qu'il fallait<Indent/>?"
4047,False,"Attends, je finis ça et je jette un coup d'œil."
4048,False,"On ne devrait pas tarder à recevoir nos nouveaux outils."
4049,False,"Bonne nouvelle<Indent/>! Je vais pouvoir mettre du cœur à l'ouvrage<Indent/>!"
4050,False,"Vous savez quand les nouveaux outils seront livrés<Indent/>?"
4051,False,"Ben en fait... Ce sera pas pour tout de suite..."
4052,False,"J'imagine que t'as entendu..."
4053,False,"Ouais, ouais... On fera ce qu'on peut avec ce qu'on a<Indent/>!"
4054,False,"Et plus c'est léger, mieux c'est."
4055,False,"Alors... quel bois je vais utiliser...<Indent/>?"
4056,False,"Allez, le pin, il y a que ça de vrai."
4057,False,"Et là, la poignée s'est cassée..."
4058,False,"Voyons voir..."
4059,False,"Rien à faire. Profitons-en pour se reposer."
4060,False,"Pfiou... J'ai pas la motivation, là..."
4061,False,"On a presque terminé les travaux ici."
4062,False,"Ah, ils sont vraiment bien faits ces tabourets."
4063,False,"Discuter toutes les deux dans la rue, comme ça... J'ai l'impression de nous revoir étant enfants..."
4064,False,"Oui, ça rappelle de bons souvenirs."
4065,False,"Les lanternes ont l'air de bien avancer<Indent/>!"
4066,False,"Il faudra bientôt s'occuper des cendres."
4067,False,"Alors, tu n'as pas trop perdu la main<Indent/>?"
4068,False,"Ah ah<Indent/>! Ça s'oublie pas<Indent/>!"
4069,False,"Parfait. Ça commence à prendre forme."
4070,False,"Allez. Oh hisse<Indent/>!"
4071,False,"J'en ai bavé, mais le résultat est là<Indent/>!"
4072,False,"J'ai vérifié, on n'a pas commandé de bois."
4073,False,"Ben, je dois les apporter où alors<Indent/>? C'est lourd ces machins."
4074,False,"Le Shazenkai vous avait dit quoi<Indent/>?"
4075,False,"Où peut-il bien être...<Indent/>?"
4076,False,"Ça risque d'être compliqué pour des personnes âgées."
4077,False,"Tout ce qui est en hauteur, c'est décidément pas pour moi..."
4078,False,"Le prochain qui sort une carte de sa manche va passer un sale quart d'heure."
4079,False,"J'ai encore raté le Méga Cactpot... Pas grave<Indent/>! La prochaine, c'est la bonne<Indent/>!"
4080,False,"À moi les jolis cadeaux<Indent/>!!!♪"
4081,False,"Nan<Indent/>! On va rrrégler nos comptes aux courses de chocobos, un point c'est tout<Indent/>!"
4082,False,"Puisque c'est comme ça, j'te défie à Trrriple Triade<Indent/>!"
4083,False,"Garde-frontières, ça doit pas êtrrre facile, mais il y a des limites au bon temps, non<Indent/>?"
4084,False,"Je crois en l'âme des cartes<Indent/>! Je suis imbattable<Indent/>!"
4085,False,"Lui, là<Indent/>? Si tu veux mon avis, tu te fais des idées."
4086,False,"Je jurerais avoir déjà vu cet homme masqué quelque part..."
4087,False,"Je me demande si la petite Abbelina a déjà essayé de faire l'ascension..."
4088,False,"Tous ces rochers... Ça me donne envie d'aller y planter ma pioche."
4089,False,"Mais ça brille, je ne peux pas me retenir<Indent/>! Ssss..."
4090,False,"Hi hi hi<Indent/>! Tous ces corps musclés et plein de sueur..."
4091,False,"Les enfants sont si joyeux...<Indent/>!"
4092,False,"Quelle fête...<Indent/>! Pas vrrrai, T'kebbe<Indent/>?"
4093,False,"J'adorrre les Feux de la Mort<Indent/>! Merci de nous avoir emmenés, Zhloe<Indent/>!"
4094,False,"D'accord. Et comment on va faire pour les matériaux<Indent/>?"
4095,False,"Bonjour. Comment avancent les travaux de votre côté<Indent/>?"
4096,False,"Plutôt bien, dans l'ensemble."
4097,False,"Hé oh<Indent/>! Tout va bien chez vous<Indent/>!?"
4098,False,"On en voit le bout<Indent/>!"
4099,False,"Tirez pas trop sur la corde non plus, hein<Indent/>!"
4100,False,"Hé hé... Tu vas le sentir dans les bras qu'il disait<Indent/>!"
4101,False,"Je peux mettre cette caisse avec les autres<Indent/>?"
4102,False,"Ah<Indent/>! Oui, s'il vous plaît<Indent/>!"
4103,False,"C'est parti."
4104,False,"J'ai une autre caisse pour vous."
4105,False,"Super. Attendez, je vais voir où vous pouvez la poser."
4106,False,"Prenez votre temps. Faudrait pas que vous vous emmêliez les pinceaux."
4107,False,"Toujours pas là... Mais qu'est-ce qu'il fait<Indent/>?"
4108,False,"Et... Et les remèdes<Indent/>?"
4109,False,"On manque de plantes médicinales."
4110,False,"Si seulement on en avait..."
4111,False,"Vous... Vous savez où elles poussent<Indent/>?"
4112,False,"Hnnngh..."
4113,False,"Graaarrrgh<Indent/>!"
4114,False,"Grrrrrr..."
4115,False,"Hmmm..."
4116,False,"Tss... La bidoche gelée, c'est pas mon truc..."
4117,False,"（★未使用／削除予定★）"
4118,False,"（★未使用／削除予定★）"
4119,False,"Ahh, un peu de chaleur... Je commençais à avoir les orrreilles congelées."
4120,False,"Gerolt fabrique les meilleures bouilloires. Ça, il n'y a pas doute."
4121,False,"Il va falloir déblayer toute cette neige avant qu'on puisse se mettre au travail."
4122,False,"Heu... et qui va s'y coller<Indent/>?"
4123,False,"Le froid, ça m'ouvre l'appétit. J'ai une de ces faims<Indent/>!"
4124,False,"Oui ben, attends que ce soit cuit quand même."
4125,False,"Serre-joints, tenailles, marteaux... Tous sont encore comme neufs<Indent/>! Ça c'est des outils de bonne facture<Indent/>!"
4126,False,"Même le puits a gelé. C'est dingue..."
4127,False,"C'est par où, Kogane-dori...<Indent/>? Ssss..."
4128,False,"Je t'aurai, Kageyamaaaa... Je t'auraaaai<Indent/>!"
4129,False,"Hmm... Si on veut cultiver du riz ici, il faudra ça, ça... ah et ça aussi..."
4130,False,"Je crois que mon dos gardera à jamais les séquelles de ces plantations..."
4131,False,"Le tout, c'est d'être rapide et précise... rapide... et précise..."
4132,False,"Saletés de cailloux... En plus, ils font mal quand on marche dessus<Indent/>!"
4133,False,"Ça avance<Indent/>?"
4134,False,"Couci-couça. C'est que c'est rempli de cailloux..."
4135,False,"Ah oui, c'est pas marrant, ça. Je vais te donner un coup de main."
4136,False,"Gare à vous les mauvaises herbes, j'arrive<Indent/>!"
4137,False,"Ah, il y a pas à dire. Je le trouve adorable<Indent/>!"
4138,False,"Bien, ça c'est bon. Maintenant, il me faut..."
4139,False,"C'est bien mon beau. Tu vois le travail qu'on arrive à abattre ensemble<Indent/>!?"
4140,False,"Parfait, la cuisson avance bien."
4141,False,"Il ne me reste plus qu'à donner un petit arrière-goût de... Hmm..."
4142,False,"Bon, quand est-ce qu'on plante du riz à saké<Indent/>!? Les réserves s'amenuisent<Indent/>!"
4143,False,"Encore quelques petits coups, et ces tenons seront enfoncés comme il faut."
4144,False,"Ah... On a une belle vue d'ici..."
4145,False,"Quel bois on devrait utiliser pour le toit...<Indent/>?"
4146,False,"Du keyaki, ça fera l'affaire."
4147,False,"Merci, je vais en chercher derrière."
4148,False,"Heu... Ça ressemble à quoi du keyaki...<Indent/>?"
4149,False,"Comment je vais hisser ça là-haut, moi...<Indent/>?"
4150,False,"Et voilà<Indent/>! C'est les dernières<Indent/>!"
4151,False,"Alors, vous allez bâtir quoi ici<Indent/>?"
4152,False,"On va en décortiquer du riz avec ces beaux pilons tout neufs."
4153,False,"Qu'est-ce que je vais lire ensuite..."
4154,False,"Hmmhmm... (marmonne)... Hmmm..."
4155,False,"Zzzz... ZZZZ... ZZhm<Indent/>!? H-hein<Indent/>?"
4156,False,"J'ai pas sommeil, j'ai pas sommeil, j'ai pas... sommeil, j'ai pas... szzzzZZZ..."
4157,False,"Regarde<Indent/>! Regarde comment il tourne, mon kazaguruma<Indent/>!"
4158,False,"Raconte-moi une histoire sur l'Occident<Indent/>! S'il te plaît<Indent/>!"
4159,False,"Qu'est-ce qu'elle est lourde cette caisse<Indent/>! Je vais le sentir passer demain..."
4160,False,"Je rêve ou ça plie...<Indent/>? Non c'est moi qui me fais des idées."
4161,False,"Ahh... On va devoir s'attaquer au toit, maintenant."
4162,False,"Les troncs sont bien fixés...<Indent/>? Il s'agirait pas que quelqu'un s'en prenne un sur la caboche."
4163,False,"Nous allons devoir donner le meilleur de nous-mêmes."
4164,False,"Et si je m'essayais à l'arc, tiens..."
4165,False,"La forme<Indent/>! Gnnn<Indent/>! ça...<Indent/>! Gnnn<Indent/>! s'entretient<Indent/>!!!"
4166,False,"Toujours travailler le bas du corps<Indent/>! Sans ça, les crapules nous fileront entre les doigts<Indent/>!"
4167,False,"On commence à avoir un bel arsenal."
4168,False,"Plie plus les genoux<Indent/>!"
4169,False,"J'en ferai part à Kozakura."
4170,False,"Je me demande si ça tiendra quand même..."
4171,False,"Ah, mince, plus de clous..."
4172,False,"Hé<Indent/>! Ouvrez-moi<Indent/>! Je vais lâcher<Indent/>!"
4173,False,"Un... Deux... Trois..."
4174,False,"... huit, neuf caisses... Mais où est la poudre noire qu'on avait demandée..."
4175,False,"Allez, je vais prendre la relève."
4176,False,"Ça marche<Indent/>! HAN<Indent/>! Laisse-moi encore... HAN<Indent/>! quelques minutes<Indent/>!"
4177,False,"Pfiou... Le plus dur est fait."
4178,False,"Ce sera bien plus joli une fois recouvert."
4179,False,"Hmm... Qu'est-ce qu'on pourrait faire, ici<Indent/>?"
4180,False,"J'accepte ma défaite<Indent/>!"
4181,False,"C'est trop dangereux par là. Je peux pas vous laisser passer..."
4182,False,"Vous comprenez pas, il me faut absolument ces herbes médicinales."
4183,False,"Dis, tu sais où est passé mon ami le loup<Indent/>?"
4184,False,"Le Lupin, tu veux dire<Indent/>? Je sais pas..."
4185,False,"La voie est trop bien gardée... Que faire<Indent/>?"
4186,False,"Bon, le temps d'une petite pause, et ce sera à notre tour de monter la garde au Kienkan<Indent/>!"
4187,False,"T'aurais pu le dire que t'avais pas besoin d'aide pour descendre... Satané chat..."
4188,False,"Miaou<Indent/>?"
4189,False,"Technique de clonage namazu<Indent/>!"
4190,False,"Montre-moi un peu ce pouvoir qui te rend si fier<Indent/>!"
4191,False,"Pas de problème<Indent/>! Je vais me transformer... en <Emphasis>toi</Emphasis><Indent/>!"
4192,False,"Alors<Indent/>? On dirait des jumeaux, pas vrai<Indent/>?"
4193,False,"Mais je suis une loutre, bon sang<Indent/>!!"
4194,False,"Laissez-moi vous décrire notre ancienne culture culinaire..."
4195,False,"La planète de toutes les possibilités, hein..."
4196,False,"Un coup... intéressant."
4197,False,"Faites attention à vos lanternes, vos fours, vos foyers<Indent/>! Prenez garde au feu<Indent/>!"
4198,False,"J'ai l'impression de me réveiller... après un long cauchemar..."
4199,False,"C'est dingue, c'est encore chaud<Indent/>!"
4200,False,"Ah ah, voilà<Indent/>! J'ai le bon rythme, maintenant<Indent/>!"
4201,False,"J'vois vraiment pas la différence..."
4202,False,"Cette chaleur, c'est trop bon... Je dormirais bien ici..."
4203,False,"Va pas te noyer dans le bain, quand même..."
4204,False,"C'est bien, mon beau."
4205,False,"Kwé<Indent/>! Kwé<Indent/>!"
4206,False,"Je suis pas mineur moi. Tu me rappelles ce que je fais là<Indent/>?"
4207,False,"Tais-toi, c'est pour le bien de l'expédition."
4208,False,"Mon rêve, ce serait... Hum..."
4209,False,"On a besoin de bras<Indent/>! Salaire garanti<Indent/>!"
4210,False,"T'as plus d'entrain qu'avant, dis donc."
4211,False,"Allez, encore une belle journée de boulot qui s'annonce<Indent/>!"
4212,False,"Enfin un turbin correct<Indent/>! T'peux compter sur moi<Indent/>!"
4213,False,"L'ambiance a changé sur la rue de la Perle."
4214,False,"Les livraisons se font plus régulières der<SoftHyphen/>niè<SoftHyphen/>re<SoftHyphen/>ment."
4215,False,"Et c'est tant mieux<Indent/>!"
4216,False,"J'ai enfin reçu un salaire<Indent/>! Ça faisait si longtemps<Indent/>!"
4217,False,"Rien de tel qu'une bonne sieste après le travail..."
4218,False,"C'est un jour nouveau<Indent/>!"
4219,False,"On va se donner à fond<Indent/>!"
4220,False,"Oui, on peut enfin respirer."
4221,False,"Les affaires ont l'air d'aller mieux."
4222,False,"Devine quoi<Indent/>! J'ai enfin du travail<Indent/>!"
4223,False,"Moi aussi<Indent/>! J'en reviens pas<Indent/>!"
4224,False,"C'est le calme plat, ici."
4225,False,"Et si on rentrait à Ala Mhigo<Indent/>?"
4226,False,"J'arrive même à faire des économies maintenant."
4227,False,"Rien ne se perd, vous savez<Indent/>!"
4228,False,"On pourrait revendre ce que jettent les gens."
4229,False,"C'est une idée à creuser."
4230,False,"Ah, c'est vrai qu'aujourd'hui, j'ai du travail. Je dois aider à transporter des mar<SoftHyphen/>chan<SoftHyphen/>di<SoftHyphen/>ses..."
4231,False,"Hmm... Et si je lui prenais sa gourmandise favorite<Indent/>?"
4232,False,"J'achète<Indent/>!"
4233,False,"On dirait que nos réfugiés ont meilleure mine, tiens."
4234,False,"Moi aussi, je veux jouer..."
4235,False,"J-j'ai bien cru que j'allais y passer..."
4236,False,"T'as meilleure mine, dis-moi<Indent/>!"
4237,False,"... Et c'est à toi que je le dois."
4238,False,"C'est vrai<Indent/>? Tant mieux alors, hé hé hé<Indent/>!"
4239,False,"Avec un tel galion, on peut être sûrs de retrouver Hien<Indent/>!"
4240,False,"Et comment on fait quand on n'a pas le pied marin<Indent/>?"
4241,False,"On nage..."
4242,False,"Ça y est<Indent/>? On est en Éorzéa<Indent/>? J'ai l'impression que ça fait une éternité qu'on est partis... "
4243,False,"Ah, ah<Indent/>! J-j'vais me noyer si j'tombe<Indent/>!"
4244,False,"Alors ça y est, les Buduga sont partis<Indent/>? "
4245,False,"Eh oui. Pour Kugane. Une fois là-bas, ils vont embarquer sur un bateau pour l'Occident, j'imagine."
4246,False,"Le seigneur Hien les a marqués à ce point..."
4247,False,"Leur dévotion fait presque peur, honnêtement."
4248,False,"Ça, c'est parce que j'ai mes four<SoftHyphen/>nis<SoftHyphen/>seurs à Ala Mhigo."
4249,False,"Pas banals vos produits..."
4250,False,"♪♪"
4251,False,"Une parodie de jeu de tir, foi de poulpe<Indent/>!"
4252,False,"À fond sur le champignon<Indent/>!"
4253,False,"Tout droit dans la zone de danger<Indent/>!"
4254,False,"Feu à volonté<Indent/>!"
4255,False,"J'ai dû me tromper quelque part..."
4256,False,"Je suis artisan, moi... Je suis un manuel, moi. Pas un intellectuel<Indent/>!"
4257,False,"Comment j'ai fini dans ce bourbier, déjà<Indent/>? J'ai sans doute mieux à faire de mon temps<Indent/>!"
4258,False,"Descends de là tout de suite<Indent/>!"
4259,False,"M'zhet Tia ne m'est d'aucune utilité... C'est moi qui fais tout le travail<Indent/>!"
4260,False,"Hi hi hi... Ils ont l'air si heureux<Indent/>!"
4261,False,"Les spriggans, c'est les petites boules de poils noires<Indent/>?"
4262,False,"A-do-rable<Indent/>!"
4263,False,"Guidez-moi, esprits de la sylve..."
4264,False,"Humains... terrifiants..."
4265,False,"Comme on se retrouve..."
4266,False,"Voilà qu'ils sont trois maintenant..."
4267,False,"Cette fois, tu vas voir non pas double, mais triple<Indent/>!"
4268,False,"Tant que je vois des loutres..."
4269,False,"Abracadabra<Indent/>!"
4270,False,"Alors, ça t'en bouche un coin, hein<Indent/>?"
4271,False,"Au moins, vous êtes cohérents<Indent/>!"
4272,False,"V-vous voulez participer
à la cérémonie avec moi<Indent/>?"
4273,False,"Oui, avec joie<Indent/>!"
4274,False,"Bien sûr<Indent/>!"
4275,False,"Papy<Indent/>! On y retourne<Indent/>?"
4276,False,"Alors, voyons voir..."
4277,False,"... Voilà qui est intéressant<Indent/>!"
4278,False,"Tu as été jeter un coup d'œil au tableau<Indent/>?"
4279,False,"Ah<Indent/>!"
4280,False,"Je t'attends ici."
4281,False,"Bon sang, où est-ce que je devais mettre ça..."
4282,False,"C'était pas ici<Indent/>?"
4283,False,"Ici, ça ira bien<Indent/>!"
4284,False,"Non, là-bas, finalement<Indent/>!"
4285,False,"Où est-ce que je vais mettre ça<Indent/>?"
4286,False,"Qu'est-ce qu'on pourrait aménager ensuite, ja<Indent/>?"
4287,False,"Bon, on va pas tarder à rentrer."
4288,False,"Hein<Indent/>!? Non, pas déjà..."
4289,False,"Voyons voir... Si les fruits et légumes vont là-bas, alors..."
4290,False,"Hmpf... C'est pas leur technologie magitek qui viendra à bout de nous."
4291,False,"On doit renforcer les défenses magiques autour du quartier général."
4292,False,"Oui, nous pourrions essuyer un assaut violent d'un instant à l'autre."
4293,False,"Envoyons les shinobi en patrouille."
4294,False,"Je vais faire de mon mieux."
4295,False,"L'eau de la mer de Rhotano est si transparente qu'on voit jusqu'au fond."
4296,False,"Ahh, j'aimerais voir ça de mes propres yeux, un jour..."
4297,False,"Il nous faut des soldats ici aussi..."
4298,False,"Laissez-nous faire<Indent/>!"
4299,False,"Nous mourrons pour protéger la frontière, s'il le faut<Indent/>!"
4300,False,"On va réduire les Impériaux en chair à pâté<Indent/>!"
4301,False,"J-j-j'ai mal... Argh<Indent/>!"
4302,False,"J'reviens des premières lignes... C'est... C'est l'enfer là-bas..."
4303,False,"Je suis battu... une deuxième fois..."
4304,False,"Ah, qu'est-ce que je donnerais pour un bon plat chaud..."
4305,False,"On a du trrravail à finir, d'abord<Indent/>!"
4306,False,"Ce que j'aimerais pouvoir prendre un bon bain<Indent/>!"
4307,False,"●仮設定"
4308,False,"Bon ben, je vais finir mes emplettes et rentrer."
4309,False,"Je vais peut-être en prendre un gobelet aussi alors..."
4310,False,"Ça en fait de la vieillerie..."
4311,False,"Délicieuse, cette cuvée."
4312,False,"Le chemin vers la richesse est semé d'embûches..."
4313,False,"Hé, vous avez pas honte<Indent/>!? Y a des chambres, pour ça<Indent/>!"
4314,False,"La prrrochaine partie est pour moi<Indent/>!"
4315,False,"Tu n'as aucune chance, petit chaton inoffensif<Indent/>!"
4316,False,"Je vais vous montrer comment on manie vraiment le marteau<Indent/>!"
4317,False,"Je ne pensais pas perdre comme ça..."
4318,False,"Une paire de numérales, un brelan de dragons... Oh et puis flûte, je pige rien à ce jeu<Indent/>!"
4319,False,"Et clac<Indent/>! Clac<Indent/>! J'adore le bruit des tuiles qui claquent sur la table<Indent/>!"
4320,False,"On est censé grimper là-haut<Indent/>?"
4321,False,"Ulalaaa<Indent/>!"
4322,False,"Génial<Indent/>!"
4323,False,"Mashaaa<Indent/>!"
4324,False,"Ouiii<Indent/>!"
4325,False,"Ulala, c'est toi la meilleure<Indent/>!"
4326,False,"Allez, allez<Indent/>!"
4327,False,"Narumiii<Indent/>!"
4328,False,"Elle m'a regardée<Indent/>!"
4329,False,"On est sauvés...<Indent/>?"
4330,False,"Le ciel...<Indent/>!"
4331,False,"Qu'est-ce qui se passe<Indent/>!?"
4332,False,"Don... Vauth... ry..."
4333,False,"Longue vie... Longue vie..."
4334,False,"Uguuh..."
4335,False,"Don Vauthry... Vous êtes si grand..."
4336,False,"Plus de méol..."
4337,False,"C'est supposé faire partie du spectacle, ça<Indent/>?"
4338,False,"Il se passe quelque chose..."
4339,False,"C'est vous qui avez invoqué ces choses<Indent/>!?"
4340,False,"Qu'est-ce que c'est que ce truc<Indent/>!!?"
4341,False,"La couronne est par là<Indent/>!"
4342,False,"Courez<Indent/>! Vous y êtes presque<Indent/>!"
4343,False,"Nous y voilà..."
4344,False,"La couronne est à nous."
4345,False,"Tout va bien, les Fuath n'ont plus l'air de vouloir se battre."
4346,False,"C'est... c'est vraiment fini<Indent/>?"
4347,False,"Ces illusions étaient plus vraies que nature..."
4348,False,"Bien joué<Indent/>! Je n'en espérais pas moins de toi."
4349,False,"Alisaie..."
4350,False,"Repose en paix, Tesleen..."
4351,False,"Un grand purgateur est mort... J'ai du mal à y croire."
4352,False,"Bien. Prends garde à ne jamais oublier cette peur."
4353,False,"Ce... Ce grand purgateur était vraiment <Emphasis>terrifiant</Emphasis>."
4354,False,"Et voilà que la nuit tombe à nouveau."
4355,False,"C'en est fini du grand purgateur de la forêt."
4356,False,"On a fait revenir la nuit<Indent/>!"
4357,False,"Enfin... On a réussi, Tesleen..."
4358,False,"On dirait que Ryne avait raison."
4359,False,"Quel soulagement<Indent/>!"
4360,False,"Ce purgateur avait vraiment une forme étrange..."
4361,False,"Tu n'as rien<Indent/>?"
4362,False,"Vauthry est tout près."
4363,False,"C'est le moment de vérité."
4364,False,"Plus aucune trace de purgateur à l'horizon."
4365,False,"Je peux ressentir une puissante lumière au-dessus de nous..."
4366,False,"Tout se passe comme prévu... Et maintenant, place à la meilleure partie."
4367,False,"Un purgateur qui a le pouvoir de rendre les autres encore plus dangereux... Il ne manquait plus que ça."
4368,False,"Nous ne devons pas faiblir<Indent/>!"
4369,False,"Nous ne céderons pas au désespoir<Indent/>!"
4370,False,"Restez sur vos gardes. C'est son territoire, ici."
4371,False,"Mais <Emphasis>où</Emphasis> est passé Emet-Selch<Indent/>?"
4372,False,"Nous y voilà, la fin du monde..."
4373,False,"Le dénouement de la vie elle-même..."
4374,False,"Vauthry me ferait presque de la peine..."
4375,False,"Ça y est, tous les grands purgateurs sont morts<Indent/>!"
4376,False,"Youhou les humains<Indent/>! Vous êtes oùùù<Indent/>?♪"
4377,False,"Qu'est-ce qu'on fait si on les retrouve<Indent/>?"
4378,False,"On les balance super loin, pardi<Indent/>!!!"
4379,False,"Bon alors, quand est-ce qu'ils arrivent...<Indent/>?"
4380,False,"Oh, non<Indent/>! J'ai peur<Indent/>!<Indent/>..."
4381,False,"Quelqu'un m'explique ce qu'il se passe<Indent/>?"
4382,False,"Je n'y comprends plus rien..."
4383,False,"Qu-qu'est-ce qu'il m'est arrivé<Indent/>?"
4384,False,"J'ai une de ces migraines..."
4385,False,"Don... Vauthry<Indent/>?"
4386,False,"C'était horrible..."
4387,False,"Est-ce que ça va<Indent/>?"
4388,False,"Zzz..."
4389,False,"(ronfle)..."
4390,False,"Zzz... Faut... prévenir... Zzz..."
4391,False,"Allez<Indent/>! Réveille-toi, bordel<Indent/>!"
4392,False,"Mais...<Indent/>! Mais pourquoi tout le monde pionce<Indent/>!?"
4393,False,"Respirez surtout pas cette satanée poudre<Indent/>!"
4394,False,"Regarde-moi ça<Indent/>!"
4395,False,"Bon, on devrait tenir un bout de temps, avec ça<Indent/>!"
4396,False,"Tout doux, ma belle."
4397,False,"(hic)... Je... J'crois que j'vais m'arrêter là pour (hic) ce soir<Indent/>!"
4398,False,"Et hop<Indent/>! On mélange<Indent/>!"
4399,False,"Mais vas-y, juste un petit verre<Indent/>!"
4400,False,"J'ai tellement de choses à faire..."
4401,False,"Hum... Je vois, je vois<Indent/>!"
4402,False,"Ah, cette bière est délicieuse<Indent/>!"
4403,False,"Lali-ho<Indent/>!"
4404,False,"La-la-lali-ho<Indent/>!!"
4405,False,"Oh hisse<Indent/>!"
4406,False,"Tout a l'air normal..."
4407,False,"J-j'ai le vertige..."
4408,False,"Ce filet est en parfait état<Indent/>!"
4409,False,"Allez, viens donc te rincer le gosier<Indent/>!"
4410,False,"Il me faut plus de prrrovisions<Indent/>!"
4411,False,"Vous avez tout ce qu'il vous faut<Indent/>?"
4412,False,"Oui, ça va, merrrci<Indent/>!"
4413,False,"Et hop<Indent/>!"
4414,False,"Finissez d'aborrrd d'aider<Indent/>!"
4415,False,"Je vais t'avoirrr<Indent/>!"
4416,False,"Hi hi hi<Indent/>!"
4417,False,"Ouaiiiis, je t'ai attrrrapée<Indent/>!"
4418,False,"C'est parrrce que j'ai été lentement exprès<Indent/>!"
4419,False,"Allez, hop, fini de jouer<Indent/>!"
4420,False,"Viens on joue au loup<Indent/>!"
4421,False,"D'accorrrd, mais ne pleure pas quand tu auras perdu<Indent/>!"
4422,False,"Hi hi, parrr ici<Indent/>!! "
4423,False,"C'est l'heure de la pitance<Indent/>!"
4424,False,"Mais qu'est-ce qui t'est arrivé<Indent/>?"
4425,False,"Ah, c'est bientôt prêt<Indent/>!"
4426,False,"Tu y crois, toi, à cette histoire<Indent/>?"
4427,False,"Bon, ça devrait tenir, maintenant<Indent/>!"
4428,False,"Une petite pièce, s'il vous plaît<Indent/>!"
4429,False,"Mamie<Indent/>! Raconte-moi encore comment c'était la nuit<Indent/>!"
4430,False,"Mon cousin m'a envoyé une lettre de Cristarium<Indent/>!"
4431,False,"Je rêve de devenir auto-suffisant un jour..."
4432,False,"Une fois que tu as commencé à parler, on ne t'arrête plus, toi<Indent/>!"
4433,False,"Pour le moment, les réserves sont suffisantes..."
4434,False,"Vous n'allez pas croire ce que j'ai vu pendant ma patrouille ce matin<Indent/>!"
4435,False,"Tu ne l'as pas oubliée, j'espère<Indent/>?"
4436,False,"Chut... J'essaie d'écouter la voix de la forêt<Indent/>!"
4437,False,"J'ai vu une immense forme blanche<Indent/>!"
4438,False,"J'adore la viande de cerf<Indent/>!"
4439,False,"Tout a l'air en place..."
4440,False,"Uimet m'a raconté quelque chose de très drôle ce matin<Indent/>!"
4441,False,"Ha ha, ça lui ressemble bien, tiens<Indent/>!"
4442,False,"Les pré<SoftHyphen/>pa<SoftHyphen/>ra<SoftHyphen/>tions pour le festival avancent bien<Indent/>?"
4443,False,"Lanille s'occupe de tout<Indent/>!"
4444,False,"Dans ce cas-là, il n'y a aucune inquiétude à avoir<Indent/>!"
4445,False,"Je ferais mieux de les recompter, juste pour être sûr."
4446,False,"Tu es adorable, oui oui<Indent/>!"
4447,False,"Y a rien qui brille, par ici, rien du tout<Indent/>!"
4448,False,"C'est... c'est un peu cher, non<Indent/>?"
4449,False,"Je vais nous avoir un bon prix, ne t'inquiète pas<Indent/>!"
4450,False,"Toi, tu restes ici, oui<Indent/>!"
4451,False,"Tiens<Indent/>? Mais... Où est-il<Indent/>?"
4452,False,"Je l'ai juste quitté des yeux une seule seconde, une seule, oui<Indent/>!"
4453,False,"Reviens ici<Indent/>!"
4454,False,"Mais, il a encore disparu, disparu, oui<Indent/>!"
4455,False,"Oh là là, c'est la tuile, oui<Indent/>!"
4456,False,"Ah<Indent/>! Te voilà, oui<Indent/>!"
4457,False,"Tu ne dois pas t'éloigner comme ça, non<Indent/>! Compris<Indent/>?"
4458,False,"Hum, tu as raison..."
4459,False,"J'ai l'impression d'avoir oublié quelque chose..."
4460,False,"Doucement, tout va bien<Indent/>!"
4461,False,"Ce paysage ne cessera jamais de m'émerveiller."
4462,False,"Qu'est-ce que je suis censé faire, maintenant..."
4463,False,"Des nouvelles croustillantes, oui oui<Indent/>!"
4464,False,"J'espère qu'il y a un trésor, ici, oui oui<Indent/>!"
4465,False,"Les purgateurs sont si près d'ici..."
4466,False,"On va devenir riches<Indent/>!!"
4467,False,"Oui, tout est là comme convenu."
4468,False,"Alors, prêt à reprendre le travail<Indent/>?"
4469,False,"Euh... Oui oui. Motivé comme jamais<Indent/>!"
4470,False,"Oulà, je peux sentir ton énergie d'ici dis donc."
4471,False,"Satanés Fuath..."
4472,False,"Tu sais, ma maîtresse était vraiment une femme fantastique..."
4473,False,"Ouh, quel délicieux champignon<Indent/>!"
4474,False,"Que dirait-tu de passer un marché avec moi<Indent/>?"
4475,False,"J'ai l'impression qu'ils ne sont pas aussi gros que d'habitude..."
4476,False,"Allez mes jolis<Indent/>!"
4477,False,"Hum... Difficile de choisir, ils m'ont tous les deux l'air délicieux<Indent/>!"
4478,False,"Intéressant, intéressant..."
4479,False,"Oh hisse<Indent/>!!!"
4480,False,"Oui oui, tenez tenez<Indent/>! Du calme<Indent/>!"
4481,False,"Venez on joue à quelque chose de drôle<Indent/>!"
4482,False,"Et si on jouait à se transformer<Indent/>?"
4483,False,"Ouaiiiis<Indent/>!"
4484,False,"Hi hi, vous n'allez pas en croire vos yeux<Indent/>!♪"
4485,False,"Hi hi hi, allez vas-y<Indent/>!"
4486,False,"C'est partiiii <Indent/>!"
4487,False,"Waouh<Indent/>!"
4488,False,"Grouiiik<Indent/>!"
4489,False,"Alors, alors<Indent/>? Génial, non<Indent/>?"
4490,False,"Bwahaha, c'est un porxie<Indent/>!"
4491,False,"Grouiiik<Indent/>!"
4492,False,"Bon, par contre je sais pas comment on annule le sortilège..."
4493,False,"Hi hi hi, c'est trop rigolo<Indent/>!"
4494,False,"Ah, reviens<Indent/>!"
4495,False,"Euh..."
4496,False,"C... castooooor<Indent/>!"
4497,False,"Graou<Indent/>! "
4498,False,"Ouiiiin<Indent/>!"
4499,False,"Graougraougraou<Indent/>!"
4500,False,"Hum, impossible de choisir quelle fleur lui va le mieux..."
4501,False,"Cette pomme est délicieuse<Indent/>!"
4502,False,"Ah, ça fait du bien de se reposer les ailes<Indent/>!"
4503,False,"Pose cette pomme et viens nous aider<Indent/>!"
4504,False,"Hop hop hop, au travail<Indent/>!"
4505,False,"C'est tout doux..."
4506,False,"Comment t'as fait pour monter jusqu'ici, toi<Indent/>?"
4507,False,"Je parie que je vais plus vite que toi<Indent/>!"
4508,False,"Waouh, t'es trop rapide<Indent/>! Encore<Indent/>!"
4509,False,"Hi hi, allez on recommence<Indent/>!"
4510,False,"Raaaah<Indent/>!! Tu m'auras pas cette fois<Indent/>!"
4511,False,"C'était sympa de jouer avec toi<Indent/>! À la prochaine<Indent/>!"
4512,False,"Tiens, prends ça, c'est cadeau<Indent/>!"
4513,False,"Hi hi hi, c'est si douuuux<Indent/>!"
4514,False,"Tu as toujours des idées rigolotes, toi<Indent/>!"
4515,False,"Allez hop<Indent/>!♪"
4516,False,"À manger... À manger... S'il vous plaît..."
4517,False,"Mais tu n'écoutes jamais ce qu'on te dit, aussi<Indent/>!"
4518,False,"J'espère avoir une belle prise<Indent/>!"
4519,False,"Oyez oyez, venez voir mes belles pièces<Indent/>!"
4520,False,"Je suis sûr qu'il y a un trésor par ici<Indent/>!"
4521,False,"Je me demande bien ce qui s'est passé..."
4522,False,"Alors... Est-ce que c'est sec...<Indent/>?"
4523,False,"J'espèrrre que tout va bien se passer..."
4524,False,"Hmmmm..."
4525,False,"Oh, une petite poule trrrop mignonne<Indent/>!"
4526,False,"J'espère que le feu n'est pas trop fort<Indent/>!"
4527,False,"Allez<Indent/>! Mets-lui sa pâtée<Indent/>!"
4528,False,"BIM<Indent/>! Une belle droite<Indent/>!"
4529,False,"C'est une question de jours avant qu'elle ne s'effondre..."
4530,False,"C'est pas brûlé au moins<Indent/>?"
4531,False,"Un jour, cette misère ne sera qu'un souvenir..."
4532,False,"À l'aide<Indent/>!!!"
4533,False,"Beuh, je me sens pas bien..."
4534,False,"Si j'entends quelque chose je te tiens au courant<Indent/>!"
4535,False,"J'adore la paperasse<Indent/>!!"
4536,False,"Je suis trop bien habillé, aujourd'hui<Indent/>!"
4537,False,"Ahhh, on est bien<Indent/>!"
4538,False,"Tu peux m'apporter un peu de vin<Indent/>?"
4539,False,"Tout de suite<Indent/>!"
4540,False,"Je pensais aller explorer un peu Les Racines..."
4541,False,"Mais rien que descendre d'un étage est déjà tellement excitant<Indent/>!"
4542,False,"Bon, je me suis assez promenée..."
4543,False,"Votre vin, Madame."
4544,False,"Roh, mais qu'elle me fatigue..."
4545,False,"Et puis après ça..."
4546,False,"Tout a l'air en ordre..."
4547,False,"Bon, trrrouvons quelque chose à faire, maintenant<Indent/>!"
4548,False,"Ah, aucun endrrroit ne vaut ce Salon<Indent/>!"
4549,False,"Et alors cet abruti a glissé et a descendu tous les escaliers sur le derrière<Indent/>! Haha, hilarant<Indent/>!!"
4550,False,"Y a rien de mal à se rincer le gosier de temps en temps<Indent/>!"
4551,False,"Passé la trentaine..."
4552,False,"Oui, je l'ai toujours dit<Indent/>!"
4553,False,"Hé hé hé, sacré Oboro<Indent/>!"
4554,False,"Hop là<Indent/>!"
4555,False,"Je vais refaire un tour, je crois..."
4556,False,"Je vous accompagne<Indent/>!"
4557,False,"Quelle vulgarité ces danseurs..."
4558,False,"Vous avez raison, Madame."
4559,False,"Il ne me semble pas vous avoir demandé votre avis..."
4560,False,"T-toutes mes excuses<Indent/>!"
4561,False,"Bon, je vais à la place de l'Éthérite."
4562,False,"Ces décorations sont magnifiques."
4563,False,"O-oui... Vous avez raison, Madame."
4564,False,"Désirez-vous quelque chose à boire<Indent/>?"
4565,False,"Tu vois bien que je suis occupé, non<Indent/>? Plus tard<Indent/>!"
4566,False,"Je me demande si ce client a soif..."
4567,False,"On n'a pas vendu beaucoup de cocktails ce soir..."
4568,False,"Il faut être patient<Indent/>!"
4569,False,"O-oui..."
4570,False,"J'espère qu'on va avoir un peu plus de clients ce soir..."
4571,False,"On va passer une bonne soirée<Indent/>!"
4572,False,"Mon fil s'est détendu..."
4573,False,"Tu vas voir mon beau, tes plumes vont briller<Indent/>!"
4574,False,"Tu aimes vraiment t'écouter parler, toi<Indent/>!"
4575,False,"Tiens, qu'est-ce que tu fais là, voyage<If(PlayerParameter(4))>use<Else/>ur</If><Indent/>?"
4576,False,"Moi aussi je veux me battre en prrremière ligne<Indent/>!"
4577,False,"J'espèrrre qu'il y en aura assez..."
4578,False,"Oulà, j'ai mal partout..."
4579,False,"Laisse-moi passer<Indent/>!"
4580,False,"J'ai l'impression d'avoir vu une ombrrre menaçante..."
4581,False,"Cette cabane ne va pas tenir debout encore longtemps..."
4582,False,"Patrouille terminée, rien à signaler<Indent/>!"
4583,False,"Merci<Indent/>! À bientôt<Indent/>!"
4584,False,"Ah, je ne sens plus mes jambes..."
4585,False,"Shhh, c'est bien mon beau<Indent/>!"
4586,False,"Mon arc est en parfait état<Indent/>!"
4587,False,"Ah... On a bien fait de venir se relaxer ici<Indent/>! Leurs sources sont fantastiques<Indent/>!"
4588,False,"Alors, elle est bonne<Indent/>?"
4589,False,"Oulà, quelle vilaine blessure<Indent/>!"
4590,False,"Il nous faut plus d'armes<Indent/>!"
4591,False,"Et on s'approche plus près du sol<Indent/>!"
4592,False,"Qu'est-ce qu'il te faut<Indent/>?"
4593,False,"Rrrien à signaler<Indent/>!"
4594,False,"Hé dis donc<Indent/>! On ne relâche pas sa garde<Indent/>!"
4595,False,"Qu'est-ce que je dois faire de ça<Indent/>?"
4596,False,"Tes ailes sont vraiment belles<Indent/>!"
4597,False,"Ahhh... Ahhh... Ahhh..."
4598,False,"C'est un vrai cauchemar..."
4599,False,"Q-que peut-on faire...<Indent/>!?"
4600,False,"Aaaah<Indent/>!"
4601,False,"Merci beaucoup<Indent/>!"
4602,False,"Tu m'accompagnes, n'est-ce pas<Indent/>?"
4603,False,"Là-bas, c'est La Rotonde<Indent/>!"
4604,False,"Oh qu'elles sont belles mes citrouilles<Indent/>!"
4605,False,"J'ai fini ce que tu m'avais demandé<Indent/>!"
4606,False,"Ah, bon trrravail<Indent/>!"
4607,False,"Tu peux passer à la suite<Indent/>!"
4608,False,"Au même endroit<Indent/>?"
4609,False,"Oui, merrrci<Indent/>!"
4610,False,"Je vois, je vois<Indent/>!"
4611,False,"Ils sont beaux, non<Indent/>?"
4612,False,"Ouh que j'ai mal au dos<Indent/>!"
4613,False,"Hmmm..."
4614,False,"Tu vas être tout propre<Indent/>!"
4615,False,"Fatigant est, le travail à la ferme<Indent/>!"
4616,False,"Il a l'air pas mal, celui-là..."
4617,False,"Alors, t'as trouvé quelque chose d'intéressant<Indent/>?"
4618,False,"Oui<Indent/>!!"
4619,False,"Hum, la récompense n'en vaut pas la chandelle..."
4620,False,"Quelle magnifique couleur."
4621,False,"Tiens, mais où est-elle passée<Indent/>?"
4622,False,"Bon sang, mais qu'est-ce que j'en ai fait<Indent/>!"
4623,False,"Je suis sûre de l'avoir vue quelque part par là<Indent/>!"
4624,False,"Ou alors par là<Indent/>?"
4625,False,"Raah, je ne me souviens plus<Indent/>!"
4626,False,"On s'en occupe<Indent/>!"
4627,False,"Alors, voyons voir ce qu'il y a d'écrit sur ce bon de commande..."
4628,False,"Et que pensez-vous de ça<Indent/>?"
4629,False,"Hum, voyons voir..."
4630,False,"Que faire, que faire..."
4631,False,"Tu as découvert quelque chose<Indent/>?"
4632,False,"Oh là là, je comprends rien..."
4633,False,"Mais où est passé ce livre<Indent/>?"
4634,False,"Je vais retourner vérifier de l'autre côté..."
4635,False,"Il n'a pas l'air d'être là."
4636,False,"Un petit tour de magie, et hop<Indent/>! Pas besoin d'échelle<Indent/>!"
4637,False,"Alors, comment avance ce petit travail que je vous ai demandé<Indent/>?"
4638,False,"Je suis surrr le point de m'y mettre<Indent/>!"
4639,False,"Ça va être encore long<Indent/>?"
4640,False,"Encorrre un peu de patience<Indent/>!"
4641,False,"Vous l'avez trouvé<Indent/>?"
4642,False,"Mal<SoftHyphen/>heu<SoftHyphen/>reu<SoftHyphen/>se<SoftHyphen/>ment, personne ne l'a vu..."
4643,False,"Le dosage est parfait<Indent/>!"
4644,False,"Repos<Indent/>!"
4645,False,"Plus de nerf, il faut<Indent/>!"
4646,False,"On a tout reçu."
4647,False,"Tout va bien<Indent/>?"
4648,False,"Oui, aucun souci<Indent/>!"
4649,False,"Appelle-moi si tu as un problème<Indent/>!"
4650,False,"D'accorrrd, merci<Indent/>!"
4651,False,"Euh, c'est super lourd..."
4652,False,"Hum..."
4653,False,"Oh non non non, j'ai trop le vertige pour ça<Indent/>!"
4654,False,"Ah non, ça c'est obligé<Indent/>!"
4655,False,"Oh<Indent/>! Mes premiers fruits<Indent/>!"
4656,False,"Bon, plus qu'à consigner tout ça<Indent/>!"
4657,False,"Rien à signaler."
4658,False,"Tout se passe bien, ici."
4659,False,"Je t'apporte une autre caisse<Indent/>!"
4660,False,"Mais je t'ai déjà dit cent fois qu'on en avait assez<Indent/>!"
4661,False,"Ah... Bon bah je repasserai alors<Indent/>!"
4662,False,"J'ai rien compris du tout, moi..."
4663,False,"Qu'est-ce qui est petit et marron<Indent/>?"
4664,False,"Oula<Indent/>!!!"
4665,False,"Vous en savez, des choses<Indent/>!"
4666,False,"Très belle, cette hache est<Indent/>!"
4667,False,"Venez voir mes armures<Indent/>!"
4668,False,"Quel magnifique collier<Indent/>!"
4669,False,"C'est parfait<Indent/>!"
4670,False,"Vous avez l'œil<Indent/>!"
4671,False,"Allez, du nerrrf<Indent/>!"
4672,False,"Hi hi, encore en trrrain de se faire disputer<Indent/>!"
4673,False,"Alors, on bouge<Indent/>?"
4674,False,"J'ai entendu une rumeur folle ce matin<Indent/>!"
4675,False,"Apportez-moi la surprise du chef<Indent/>! Non attendez..."
4676,False,"Non, rien à signaler."
4677,False,"Merci<Indent/>!"
4678,False,"Pas de problème<Indent/>!"
4679,False,"On dirait que tout va bien."
4680,False,"Vous manquez d'ambition les gars<Indent/>!"
4681,False,"Je vais faire les meilleures confitures de tout Norvrandt<Indent/>!"
4682,False,"Ma chambre est beaucoup trop petite..."
4683,False,"Waouh, c'est immense<Indent/>!"
4684,False,"Balayer, nettoyer..."
4685,False,"Merci pour
ces in<SoftHyphen/>for<SoftHyphen/>ma<SoftHyphen/>tions<Indent/>!"
4686,False,"On joue à cache-cache<Indent/>?"
4687,False,"LALI-HO<Indent/>!!!"
4688,False,"Tout va bien avec l'automate<Indent/>?"
4689,False,"Aucun problème<Indent/>!"
4690,False,"On a planté tout ça, mais est-ce que ça va vraiment pousser<Indent/>?"
4691,False,"Je suis venu assister à une pièce de théâtre."
4692,False,"Ça pourra faire un superbe souvenir<Indent/>!"
4693,False,"Il faut vite que je rattrape mon maître<Indent/>!"
4694,False,"La forêt nous regarde, tu sais..."
4695,False,"Waouh<Indent/>!!"
4696,False,"Un<If(PlayerParameter(4))>e<Else/></If> sssans-branchies, ccc'est plutôt rare par iccci..."
4697,False,"J'ai quelque chose à te demander..."
4698,False,"Il est bientôt l'heure d'aller chasser."
4699,False,"Sssans la marée, rien n'est plus pareil..."
4700,False,"Quel est ton point de vue scien<SoftHyphen/>ti<SoftHyphen/>fi<SoftHyphen/>que sur tout ceci<Indent/>?"
4701,False,"Je préfère attendre les résultats des recherches de l'Akadaemia Anydre avant de me prononcer."
4702,False,"Oh, mais que tu es mignon<If(PlayerParameter(4))>ne<Else/></If>, toi<Indent/>!"
4703,False,"Pourriez-vous m'enseigner ce que vous savez sur la théorie de la création<Indent/>?"
4704,False,"Tu as toujours des choses tellement in<SoftHyphen/>té<SoftHyphen/>res<SoftHyphen/>santes à dire<Indent/>!"
4705,False,"Nous voilà citoyens d'Amaurote<Indent/>!"
4706,False,"Je dois me rendre à une réunion très importante."
4707,False,"Tu es déjà en retard, de toute façon..."
4708,False,"Je me dépêche<Indent/>!"
4709,False,"Tu n'aurais pas une idée de concept<Indent/>?"
4710,False,"J'ai l'impression de te connaître..."
4711,False,"Mes recherches avancent bien<Indent/>!"
4712,False,"Bon, où est-ce que je vais mettre ça..."
4713,False,"C'est l'heure de faire le ménage<Indent/>!"
4714,False,"Encore plus fort que les Feux de la Mort<Indent/>!"
4715,False,"Regardez ce que j'ai trouvé<Indent/>!"
4716,False,"Cet endroit appartient au seigneur Gegeruju, en plus..."
4717,False,"Les pirates à la rescousse<Indent/>!"
4718,False,"Ça fait travailler les abdos<Indent/>!"
4719,False,"C'est bon pour les muscles<Indent/>!"
4720,False,"Il y a des débris dans la mer aussi..."
4721,False,"La fête de la Commémorrration, il n'y a que ça de vrai<Indent/>!"
4722,False,"C'est fatigant, mais on n'a pas le choix..."
4723,False,"Voyons voir ce qui reste..."
4724,False,"Surtout, ne pas oublier de trier<Indent/>!"
4725,False,"Je suis fatigué d'avoir tant creusé, fatigué, oui<Indent/>!"
4726,False,"Nooon<Indent/>!"
4727,False,"Relâche-toi un peu<Indent/>!"
4728,False,"Chut<Indent/>! Laisse-moi faire<Indent/>!"
4729,False,"Et tu sautes quand, au juste<Indent/>?"
4730,False,"La danse du bombo, c'est sur l'île, là-bas<Indent/>?"
4731,False,"J'en... j'en peux plus..."
4732,False,"On peut monter tout là-haut<Indent/>?"
4733,False,"Je me sens l'âme d'un pirate<Indent/>!"
4734,False,"C'est pas si mal de tomber..."
4735,False,"Comment on fait pour aller en haut<Indent/>!?"
4736,False,"Ça va être un jeu d'enfant pour moi<Indent/>!"
4737,False,"Encore un petit effort<Indent/>!"
4738,False,"Je regarde les par<SoftHyphen/>ti<SoftHyphen/>ci<SoftHyphen/>pants d'ici<Indent/>!"
4739,False,"Voir l'arrivée me fiche la trouille<Indent/>!"
4740,False,"Je suis de tout cœur avec toi<Indent/>!"
4741,False,"L'important, c'est de s'amuser<Indent/>!"
4742,False,"Toi aussi, tu ferais mieux d'y participer<Indent/>!"
4743,False,"On peut y aller que par en haut, on dirait."
4744,False,"Regarde<Indent/>! Il y a un toboggan<Indent/>!"
4745,False,"Hein, tu veux grimper là-haut<Indent/>? Ça a l'air difficile, tu trouves pas<Indent/>?"
4746,False,"Il y a un endroit sympa pour se relaxer, il paraît<Indent/>!"
4747,False,"Quelles belles cuisses<Indent/>!"
4748,False,"J'aime trop les muscles<Indent/>!"
4749,False,"Utilise-les pour monter tout en haut<Indent/>!"
4750,False,"Cette fois-ci, je vais y arriver<Indent/>!"
4751,False,"Ouaaah<Indent/>!<Indent/>... Ça remue<Indent/>!"
4752,False,"Dès... dès le début<Indent/>!"
4753,False,"Le passage caché serait par là<Indent/>?"
4754,False,"Je vais y arriver<Indent/>!"
4755,False,"Glouglouglouglou..."
4756,False,"Tu veux pas y aller avec moi<Indent/>?"
4757,False,"Allez<Indent/>! Hop<Indent/>!"
4758,False,"C'est trop sympa de danser tous ensemble<Indent/>!"
4759,False,"Il y a du poisson pané<Indent/>!"
4760,False,"On va manger sur la plage, alors<Indent/>?"
4761,False,"Le vent m'appelle<Indent/>! Je vais courir et sauter très haut<Indent/>!"
4762,False,"Vive les Feux de la Mort<Indent/>!"
4763,False,"Allez<Indent/>! Vas-y<Indent/>!"
4764,False,"Bravo<Indent/>! Tu as réussi<Indent/>!"
4765,False,"Tu m'épates vraiment, tu sais<Indent/>!"
4766,False,"Tu es mon idole, désormais<Indent/>!"
4767,False,"C'est pas la première fois, n'est-ce pas<Indent/>? En tout cas, bien joué<Indent/>!"
4768,False,"Je savais que tu y arriverais<Indent/>!"
4769,False,"J'ai toujours eu beaucoup d'admiration pour toi<Indent/>!"
4770,False,"Allez, tout le monde, du courage<Indent/>!"
4771,False,"Héhé<Indent/>! J'ai bien fait de venir ici<Indent/>!"
4772,False,"Voilà donc les fameux Feux de la Mort<Indent/>! C'est vraiment génial<Indent/>!"
4773,False,"Euuurgh... J'ai... le mal... de mer..."
4774,False,"L'équipement anti-chaleur a vraiment la classe<Indent/>! J'aimerais bien en fabriquer, moi aussi<Indent/>!"
4775,False,"Toutes ces filles excitées font fuir mes poissons."
4776,False,"Carvallain a attrapé le poisson que je voulais pêcher<Indent/>!"
4777,False,"Hahaha<Indent/>! Avec moi, c'est très facile d'arriver tout en haut<Indent/>!"
4778,False,"J'ai trop envie de la voir en maillot de bain... Je vais peut-être en acheter un identique..."
4779,False,"Fschuiii<Indent/>!"
4780,False,"Vite, vite<Indent/>! Fschuiii<Indent/>!"
4781,False,"Nettoyage immédiat<Indent/>! Fschuiii<Indent/>!"
4782,False,"La poussière ne passera pas<Indent/>! Fschuiii<Indent/>!"
4783,False,"Jusque dans les moindres recoins<Indent/>! Fschuiii<Indent/>!"
4784,False,"La saleté, c'est moche<Indent/>! Fschuiii<Indent/>!"
4785,False,"La propreté, c'est beau<Indent/>! Fschuiii<Indent/>!"
4786,False,"Le ménage, c'est la vie<Indent/>! Fschuiii<Indent/>!"
4787,False,"Tu imagines, si on réussit à s'en remettre<Indent/>?"
4788,False,"Assure-toi d'être toujours à la page sur les dernières avancées du projet de recon<SoftHyphen/>struc<SoftHyphen/>tion<Indent/>!"
4789,False,"Regardez-moi ce bon à rien... Derrière toi<Indent/>!"
4790,False,"Chef<Indent/>! Où je dois poser tout ça<Indent/>?"
4791,False,"Briardien avait raison. Une fois reconstruit, ce quartier fera un sujet parfait pour ma prochaine toile."
4792,False,"Ce ragoût est... comment dire... goûteux<Indent/>!"
4793,False,"Non mais quel idiot... Je t'ai dit en haut des escaliers<Indent/>!"
4794,False,"Chef<Indent/>! C'est bien par ici<Indent/>?"
4795,False,"Vous avez bien bossé<Indent/>! Maintenant, repos jusqu'à nouvel ordre."
4796,False,"Ne va pas tomber et te casser une jambe<Indent/>!"
4797,False,"Où est-il encore passé, bon sang...<Indent/>?"
4798,False,"Hein<Indent/>!? Comment je me suis retrouvé ici, moi<Indent/>?"
4799,False,"J'ai une de ces dalles<Indent/>! Je mangerais bien un peu de ragoût..."
4800,False,"Pas la peine de te mettre dans un état pareil, il finira bien par revenir..."
4801,False,"Monsieur, c'est terrible<Indent/>! Le petit nouveau a disparu<Indent/>!"
4802,False,"Il faut toujours rester concentré sur un chantier<Indent/>! Un seul moment d'inattention, et c'est le drame..."
4803,False,"Ouf, je suis soulagée qu'il ne te soit rien arrivé..."
4804,False,"Chef, je suis vraiment désolé<Indent/>! Je m'étais perdu..."
4805,False,"Je crois que le prochain ouvrage collectif est sur le point de commencer."
4806,False,"C'est le moment de montrer de quel bois on se chauffe<Indent/>!"
4807,False,"En avant, pour Halone<Indent/>!"
4808,False,"Pour Halone<Indent/>!"
4809,False,""
4810,False,"Wouah... On voit super loin d'ici."
4811,False,"Mais... qu'est-ce qui s'est passé<Indent/>?"
4812,False,"Essaie de voler<Indent/>! C'est encore plus im<SoftHyphen/>pres<SoftHyphen/>sion<SoftHyphen/>nant de là-haut<Indent/>!"
4813,False,"Ah ah<Indent/>! Regarde comme elles sont jolies<Indent/>!"
4814,False,"Zzz... Zzz... Zzz..."
4815,False,"(Fais pas de bruit<Indent/>! Elle dort<Indent/>!)"
4816,False,"Mais non<Indent/>! Tu peux pas te faire mal ici<Indent/>! Allez, saute<Indent/>!"
4817,False,"J-j'vais me faire mal si je me rate..."
4818,False,"Ça manque de fleurs par ici<Indent/>!"
4819,False,"Hop là<Indent/>!"
4820,False,"Hé hé, c'est mieux<Indent/>! Allons voir plus loin<Indent/>!"
4821,False,"Il est dingue cet endroit<Indent/>!"
4822,False,"Allez<Indent/>! Range ton bouquin et viens jouer avec nous<Indent/>!"
4823,False,"J-je finis ce chapitre, d'abord."
4824,False,"On devrait lui donner un coup de main en la poussant, hi hi hi.♪"
4825,False,"Vous avez vu comment il est beau cet arrrc-en-ciel<Indent/>!?"
4826,False,"J'en ai jamais vu d'aussi grrros<Indent/>!"
4827,False,"Vous crrroyez qu'on pourrait marcher dessus...<Indent/>?"
4828,False,"Vous croyez qu'on peut croquer un bout de la table<Indent/>?"
4829,False,"Je veux les mêmes à Cristarium<Indent/>!"
4830,False,"Haaaan<Indent/>! Il est troooop mignoooon<Indent/>!"
4831,False,"Gloups... Tout est fait en pâtisserrries<Indent/>!"
4832,False,"Hé<Indent/>! Tyr a dit pas touche<Indent/>! Dehors tu peux, mais pas dans le Lyhe Mheg<Indent/>!"
4833,False,"Ahhh... Ils seraient mille fois plus mignons en enfeuillés..."
4834,False,"CLANK... CLONK..."
4835,False,"CLONK... CLANK..."
4836,False,"Hmm, très intéressant..."
4837,False,"C'est délicieux..."
4838,False,"Quel chef-d'œuvre..."
4839,False,"Voilà un banquet dont je me souviendrai..."
4840,False,"Le chef est un véritable génie..."
4841,False,"Un grand merci au roi Tolthewil..."
4842,False,"Bienvenue..."
4843,False,"Je vous l'apporte tout de suite..."
4844,False,"Laissez-moi vous montrer mes talents de danseur<Indent/>!"
4845,False,"Où est passé le vice-commandant<Indent/>?"
4846,False,"À deux, c'est plus facile..."
4847,False,"Vraiment<Indent/>!? Vous êtes sûre<Indent/>?"
4848,False,"J'adore les concours de danse<Indent/>!"
4849,False,"Avec légèreté, surtout..."
4850,False,"Ah ah ah..."
4851,False,"Dansons à en perdre la tête<Indent/>!"
4852,False,"Je n'ai jamais été très doué..."
4853,False,"Doucement..."
4854,False,"Hi hi hi..."
4855,False,"Comme c'est beau..."
4856,False,"C'est un honneur de vous connaître..."
4857,False,"Ce bal est une vraie splendeur..."
4858,False,"Ça virevolte de partout<Indent/>!"
4859,False,"Quel spectacle..."
4860,False,"Amusons-nous..."
4861,False,"On nage en plein rêve..."
4862,False,"Je vous laisse mener la danse<Indent/>?"
4863,False,"Ces personnes, là-bas..."
4864,False,"Serait-ce les fameux..."
4865,False,"Sa Majesté n'est pas avec nous<Indent/>?"
4866,False,"Ouf<Indent/>! Toutes ces gesticulations m'ont épuisée..."
4867,False,"Si vous avez besoin de quelque chose, je suis à votre service..."
4868,False,"Allez, mange<Indent/>! Ton ventre va gonfler comme une montgolfière<Indent/>!"
4869,False,"N'est-ce pas<Indent/>!? Ça te dirait que je te transforme en arbuste pour voir ce que ça fait<Indent/>?♪"
4870,False,"Il est gros l'arbre qui y a là-bas, dis donc<Indent/>!"
4871,False,"V'nez<Indent/>! On peut se servir des champignons pour grimper<Indent/>!"
4872,False,"Ouais<Indent/>! Si ça se trouve, y a une carte au trésor tout en haut<Indent/>!"
4873,False,"Ça vous dit, on escalade l'arbre géant<Indent/>!?"
4874,False,"On est pas bien, là<Indent/>?"
4875,False,"En plus, on est tranquilles<Indent/>! Y a pas de Fuath<Indent/>! "
4876,False,"T'iras encore plus vite si je te pousse<Indent/>!♪"
4877,False,"Y... y tombe presque à pic votre toboggan..."
4878,False,"Ouf. Avec nos ailes, on pouvait pas les essayer avant."
4879,False,"C'était trop trop bien<Indent/>!"
4880,False,"V'nez, on y retourne<Indent/>!"
4881,False,"Le dernier arrivé est un Fuath<Indent/>!"
4882,False,"Faudrait un pont pour traverser la rivière... Ou un tunnel, carrément<Indent/>!"
4883,False,"Ouais<Indent/>! Avec plein de couleurs<Indent/>!"
4884,False,"Ici, faudrait des jeux grands comme ça<Indent/>!"
4885,False,"Et on pourrait monter dessus pour grimper dans le ciel<Indent/>!"
4886,False,"Oh oui<Indent/>! Ce serait parfait<Indent/>!"
4887,False,"Hmm... Manque quelque chose quand même<Indent/>!"
4888,False,"Moi j'aimerais bien voir les humains tomber ou glisser<Indent/>!"
4889,False,"On pourrait les faire jouer à la dînette<Indent/>!"
4890,False,"Oh oui<Indent/>! Avec plein de petits gâteaux<Indent/>!"
4891,False,"Et pourquoi pas... une maison en gâteau<Indent/>!"
4892,False,"T'adores les animaux toi, hein<Indent/>?"
4893,False,"Gardez le rythme, et tout ira bien<Indent/>!"
4894,False,"Coucou, <Split(<Highlight>ObjectParameter(1)</Highlight>, ,1)/><Indent/>! Ça fait plaisir de te voir<Indent/>!♪"
4895,False,"Amuse-toi bien<Indent/>!"
4896,False,"Les enfants adorent nos hamacs<Indent/>!"
4897,False,"Moi aussi j'aimerais bien dormir dedans."
4898,False,"C'est vrai que ça doit être amusant de se faire bercer<Indent/>!♪"
4899,False,"Et tellement relaxant..."
4900,False,"En avant, Entreprise<Indent/>!"
4901,False,"C'est qui, Entreprise<Indent/>?"
4902,False,"Chais pas trop. J'ai entendu ça dans le rêve de quelqu'un."
4903,False,"J'veux essayer aussi<Indent/>!"
4904,False,"En avant, Entreprise<Indent/>!"
4905,False,"C'est amusant<Indent/>!"
4906,False,"Hé hé hé<Indent/>! Ennnn avaaant<Indent/>!"
4907,False,"J'aime les fleurs. Elles sont jolies et sentent tellement bon."
4908,False,"Moi aussi, j'adore<Indent/>!♪"
4909,False,"Tu sais ce que c'est, ça<Indent/>?"
4910,False,"Un cochon blanc<Indent/>? Il ressemble un peu à ce truc qui porte un sac rouge à Lydha Lran."
4911,False,"On appelle ça un Mog."
4912,False,"Un Mog...<Indent/>? Pourquoi il a une boule accrochée sur la tête<Indent/>?"
4913,False,"Ça brille, en fait. Je crois qu'ils appellent ça un pompon."
4914,False,"Ah bon<Indent/>!? Ça brille<Indent/>!?"
4915,False,"... J'en veux un vrai<Indent/>!"
4916,False,"Tu crois qu'on pourrait en trouver un bleu comme ça<Indent/>?"
4917,False,"On a qu'à essayer d'en arracher un à un Mog<Indent/>!♪"
4918,False,"T'as raison<Indent/>! Et il nous en faut plein<Indent/>!"
4919,False,"La température a grimpé en flèche d'un seul coup..."
4920,False,"Alphinaud, Exarque, je vous laisse gérer la partie diplomatique<Indent/>!"
4921,False,"Ces pauvres balais vont avoir de la surface à nettoyer..."
4922,False,"Nous voilà enfin arrivés au moment des négociations."
4923,False,"Dis, An. Qu'est-ce qu'on devrait rajouter maintenant<Indent/>?"
4924,False,"Hmm... Je sais pas trop, et toi<Indent/>?"
4925,False,"Voyons voir..."
4926,False,"Pourquoi pas une énooorme brebis<Indent/>!?"
4927,False,"Comme ça, on pourra aussi faire une grande fontaine de lait<Indent/>!"
4928,False,"Qu'est-ce que t'en penses<Indent/>? Ce serait génial, hein<Indent/>?♪"
4929,False,"T'as toujours de bonnes idées, Tyr<Indent/>!"
4930,False,"Je vais inonder le Lyhe Mheg de mouton, et on pourra nager dans leur laine<Indent/>!"
4931,False,"Heu... O-on en reparle une autre fois, d'accord<Indent/>?"
4932,False,"Pourquoi pas une énooorme bête sauvage<Indent/>!?"
4933,False,"Comme ça, au moins, qui tu sais viendra pas nous embêter<Indent/>!"
4934,False,"D'ailleurs, c'est toi qui as créé des gâteaux à leur forme...<Indent/>?"
4935,False,"Heu... Je croyais que c'était toi..."
4936,False,"Ça me fait penser, on en voit souvent près de Lydha Lran depuis un moment..."
4937,False,""
4938,False,""
4939,False,"Surtout, pas de prrrécipitation..."
4940,False,"Attendons qu'il ait le dos tourrrné..."
4941,False,"Ça y est, il regarrrde de l'autre côté<Indent/>!"
4942,False,"Yaaaaah<Indent/>!!"
4943,False,"Saperrrlipopette<Indent/>! Notre deuxième talos n'est pas seul<Indent/>!"
4944,False,"Il va falloir être trrrès prudent..."
4945,False,"Quand vous voulez, <Split(<Highlight>ObjectParameter(1)</Highlight>, ,1)/><Indent/>!"
4946,False,"Que trrrépasse si je faiblis<Indent/>!"
4947,False,""
4948,False,""
4949,False,"Oh non, il m'a vu<Indent/>! Retraite<Indent/>! RETRRRAIIIITE<Indent/>!!"
4950,False,"J'adore le rouge, c'est une si jolie couleur<Indent/>!"
4951,False,"Quelles jolies décorations<Indent/>!"
4952,False,"Qu'est-ce que j'aimerais chanter sur cette scène<Indent/>!"
4953,False,"Je sens l'inspiration monter en moi..."
4954,False,"Ardeur et affection, tu parles... On a déjà assez de travail<Indent/>!"
4955,False,"C'est rare de voir une telle couleur à cette époque de l'année..."
4956,False,"Il ne faut pas s'en faire, ça ira mieux la prochaine fois<Indent/>!"
4957,False,"Allez, encore une fois<Indent/>!"
4958,False,"AAAAH<Indent/>!! AU SECOURRRS<Indent/>!!"
4959,False,"NOOON<Indent/>!! Je ne veux pas finir en mille morrrceaux<Indent/>!"
4960,False,"Ça y est, on l'a eu<Indent/>?"
4961,False,"Enfin un peu de calme."
4962,False,"Ne relâchez pas votre vigilance, nous sommes toujours en territoire ennemi. "
4963,False,"Je suis un expert des chantiers de grande échelle, et vous avez intérêt à bien m'écouter<Indent/>!"
4964,False,"Suivez nos in<SoftHyphen/>struc<SoftHyphen/>tions et tout se passera bien."
4965,False,"À vos ordres<Indent/>!"
4966,False,"Oui, Chef<Indent/>!"
4967,False,"On est avec vous<Indent/>!"
4968,False,"J'ai glissé<Indent/>! À l'aide<Indent/>!"
4969,False,"Où sont les matériaux, que je me mette au travail<Indent/>?"
4970,False,"À vos ordres<Indent/>!"
4971,False,"Nous devons utiliser avec soin les matériaux qui nous sont fournis par les artisans<Indent/>!"
4972,False,"Je dirais pas non à une étagère pour ranger tous mes outils..."
4973,False,"On va voir qui c'est qui lance le plus loin<Indent/>!"
4974,False,"Tu me battras pas<Indent/>!"
4975,False,"Wouah, des adultes<Indent/>! On se tire<Indent/>!"
4976,False,"On fait rien de mal, promis<Indent/>!"
4977,False,"Me voilà bon pour un lumbago..."
4978,False,"Oui, Chef<Indent/>!"
4979,False,"Il y a du travail pour moi<Indent/>?"
4980,False,"Voyons voir, où est-ce qu'il y a besoin de main-d'œuvre...<Indent/>?"
4981,False,"Dans ce cas, peut-être que..."
4982,False,"C'est pas bon de trop travailler, il faut aussi savoir se reposer."
4983,False,"Qu'est-ce qu'on se gèle, ici<Indent/>!"
4984,False,"Je pensais pourtant avoir posé ce clou ici..."
4985,False,"On a réussi à trouver assez de main d'œuvre, finalement<Indent/>?"
4986,False,"Ici, on a ce qu'il faut<Indent/>!"
4987,False,"On aurait bien besoin de quelques ressources sup<SoftHyphen/>plé<SoftHyphen/>men<SoftHyphen/>tai<SoftHyphen/>res."
4988,False,"Ces angles, ces lignes... Tout bonnement magnifique."
4989,False,"Vous pouvez me faire confiance<Indent/>!"
4990,False,"C'est beau de voir ce quartier renaître de ses cendres..."
4991,False,"Il reste encore beaucoup de travail, mais on va y arriver<Indent/>!"
4992,False,"Trop cool<Indent/>!"
4993,False,"Ouah, c'est super grand<Indent/>!"
4994,False,"De bons ingrédients nourrissants pour nos artisans fatigués<Indent/>!"
4995,False,"J'ai l'estomac dans les talons..."
4996,False,"Hmm, ça sent tellement bon..."
4997,False,"Ça fait du bien... J'étais frigorifié."
4998,False,"Ce grand projet ne fait que commencer<Indent/>!"
4999,False,"On ne vous décevra pas<Indent/>!"
5000,False,"Hé, là<Indent/>! Petits vauriens<Indent/>!"
5001,False,"Cette attente est in<SoftHyphen/>sup<SoftHyphen/>por<SoftHyphen/>ta<SoftHyphen/>ble... J'ai les nerfs en pelote<Indent/>!"
5002,False,"Un jour parrrfait pour naviguer<Indent/>!"
5003,False,"Faut bien quelqu'un pour tenirrr la barre, mais y a pas à dire, tous ces gens en train pêcher, ça donne envie..."
5004,False,"Profitez du voyage<Indent/>! Notre navire est entre de bonnes mains, je vous le garrrantis<Indent/>!"
5005,False,"Quel spectacle<Indent/>! Je ne m'en lasserrrai jamais..."
5006,False,"Ah... Il faut que je remplisse mon livre de bord."
5007,False,"Rohlala<Indent/>! Mon texte est tout penché. C'est ça d'admirer le paysage en écrivant..."
5008,False,"Toutes ces in<SoftHyphen/>for<SoftHyphen/>ma<SoftHyphen/>tions météorologiques, ça en prend de la place. Mais bon, c'est important aussi."
5009,False,"Nous allons croiser des poissons par bancs entiers<Indent/>!"
5010,False,"Je suis sur le navire. Que la pêche commence<Indent/>!"
5011,False,"Ça mord de partout<Indent/>!"
5012,False,"Hé<Indent/>! Vous me recevez<Indent/>!?"
5013,False,"Ces lueurs sont celles d'un courant spectral, aucun doute possible<Indent/>!"
5014,False,"Encore du fretin... Allez, hop<Indent/>! À la baille<Indent/>!"
5015,False,"On peut deviner sa prise suivant quand elle mord et avec quelle force elle tire sur la ligne."
5016,False,"C'est une course contre la montre, on ne peut pas se permettre de perdre du temps sur du fretin."
5017,False,"Ah ah<Indent/>! Les flotteurs ont à peine le temps de faire trempette<Indent/>!"
5018,False,"Quand ça tire peu, il faut un ferrage précis<Indent/>!"
5019,False,"Quand ça tire fort, il faut un ferrage puissant<Indent/>!"
5020,False,"Rien de tel qu'un amorçage quand on est pressé<Indent/>!"
5021,False,"Faut en profiter<Indent/>! Perds pas de temps<Indent/>!"
5022,False,"Certains appâts attirent les poissons plus rapidement que d'autres. Faut jouer là-dessus."
5023,False,"T'es au courant<Indent/>? Paraît que le quincaillier de bord vend des appâts pour ferrer les plus gros poissons..."
5024,False,"Pour attraper de grosses prises, la <Emphasis>patience</Emphasis> est la clef<Indent/>!"
5025,False,"J'aurais jamais assez de place pour ramener tout cette pêche<Indent/>!"
5026,False,"Regardez, regardez<Indent/>! On est dans les nuages<Indent/>!"
5027,False,"C'est tout doux<Indent/>! Et c'est encore plus grand que Kholusia<Indent/>!"
5028,False,"Venez, on joue à chat perché<Indent/>!"
5029,False,"Mais qu'est-ce que je fais là, moi<Indent/>? Moi<Indent/>? Hmm... Je suis qui, déjà...<Indent/>?"
5030,False,""
5031,False,"Oh là là<Indent/>! Oh là là là là <Indent/>!!! Tous ces gens dans <Emphasis>l'embarras</Emphasis><Indent/>!"
5032,False,"On pourrait vous arrêter pour trahison contre l'Empire<Indent/>! Vous voulez rejoindre vos amis dans les camps, c'est ça<Indent/>!!?"
5033,False,"J-j'suis pas une rebelle<Indent/>! Vous faites erreur<Indent/>!"
5034,False,"M-mon <Emphasis>aide</Emphasis> vous est in<SoftHyphen/>dis<SoftHyphen/>pen<SoftHyphen/>sa<SoftHyphen/>ble<Indent/>!? T-très bien, Votre Majesté<Indent/>!"
5035,False,"Prenez ça<Indent/>!"
5036,False,"Notre mission est accomplie, mais je ne sais pas quoi penser..."
5037,False,"C'est comme ça, on n'avait pas le choix."
5038,False,"Je crois que les derniers se sont enfuis..."
5039,False,"C'est fini...<Indent/>?"
5040,False,"Quel état de conservation incroyable, après tant d'années..."
5041,False,"On va enfin pouvoir commencer nos recherches tran<SoftHyphen/>quil<SoftHyphen/>le<SoftHyphen/>ment."
5042,False,"Fouuuilles enfin commencer<Indent/>!"
5043,False,"Qitari prier pour que fouille termine sans souuuci."
5044,False,"Louuuée soit protection d'Ox'Dalan."
5045,False,"Reconstruuuire stèle très jolie."
5046,False,"Qitari pouuuvoir compter sur moi<Indent/>!"
5047,False,"Quand stèle complète, encore plus pluuus jolie<Indent/>!"
5048,False,"Fouuuilles pas encore finies."
5049,False,"Qitari monter très joli campement, non<Indent/>?"
5050,False,"Hmm... <Split(<Highlight>ObjectParameter(1)</Highlight>, ,1)/> faire quoi ici<Indent/>?"
5051,False,"Kiiiiii<Indent/>!"
5052,False,"Vérifier carte des cavernes, important<Indent/>!"
5053,False,"Kii<Indent/>!♪"
5054,False,"Kii Kii venir jouer<Indent/>!"
5055,False,"Ah<Indent/>! Partir par là<Indent/>!"
5056,False,"Haa... Haa... Grand Serpent attendre<Indent/>!"
5057,False,"Ooh<Indent/>! Amuuulette très jolie<Indent/>!"
5058,False,"Fouilles pouuuvoir continuer<Indent/>!"
5059,False,"Qitari dire merci merci à peuple de Nuuuit<Indent/>!"
5060,False,"Trouuuver joli minerai dans caverne."
5061,False,"Qitari devoir étuuudier comment soigner malades..."
5062,False,"Mouuusse très importante, Qitari faire très attention..."
5063,False,"Grand Serpent aimer ça peut-être..."
5064,False,"Préparer bain pouuur malades<Indent/>!"
5065,False,"Grand Serpent sembler apprécier<Indent/>!"
5066,False,"Oh hisse<Indent/>! Oh hisse<Indent/>!"
5067,False,"Urgh..."
5068,False,"Haaa... Pluuus de force..."
5069,False,"Besoin de repos avant prochaine stèle..."
5070,False,"Loué soit Grand Serpent, enfin pouuuvoir prendre repos<Indent/>!"
5071,False,"Kiiii<Indent/>! Kiiiii<Indent/>!"
5072,False,"Jouuuer ensemble prochaine fois<Indent/>!"
5073,False,"Travail bientôt fini<Indent/>!"
5074,False,"Partir bientôt bientôt<Indent/>!"
5075,False,"Léguuumes donnés par amis de Serpentige vraiment délicieux<Indent/>!"
5076,False,"Fouilles pouuuvoir progresser<Indent/>!"
5077,False,"Kii<Indent/>!♪"
5078,False,"Kiiiiii<Indent/>!"
5079,False,"Kiiii Kiiiii<Indent/>!"
5080,False,"Kiii<Indent/>! Kiii<Indent/>! Kiii<Indent/>!"
5081,False,"Ces mar<SoftHyphen/>chan<SoftHyphen/>di<SoftHyphen/>ses n'ont pas encore été inspectées. Rapporte cette caisse là où tu l'as trouvée."
5082,False,"Qu'est-ce que je suis censé faire de ça<Indent/>?"
5083,False,"Sérieusement<Indent/>!?"
5084,False,"Argh... J'vais... j'vais mourir..."
5085,False,"J'connais<Indent/>! Tout, mais pas ça<Indent/>!"
5086,False,"C'est le mal de mer<Indent/>?"
5087,False,"Ce n'est pas une solution<Indent/>!"
5088,False,"Tu me fais honte..."
5089,False,"Bonne idée<Indent/>! Le médicament le fera dégobiller, et il se sentira mieux<Indent/>!"
5090,False,"J'ai un remède de la guilde des alchimistes, si tu veux."
5091,False,"J'aime bien son petit côté amer en bouche, moi..."
5092,False,"Regarrrdez-moi tout ce poisson... Ça donne l'eau à la bouche<Indent/>!"
5093,False,"Il arrive quand le gros bateau<Indent/>?"
5094,False,"Les artisans limséens sont arrivés<Indent/>!"
5095,False,"Quelle montagne de muscles<Indent/>!"
5096,False,"Au... Au secours<Indent/>!"
5097,False,"J'ai cru entendre une voix..."
5098,False,"Attends, je vais te sortir de là<Indent/>!"
5099,False,"Ces muscles, c'est juste de la décoration<Indent/>?"
5100,False,"Attention à ne pas tomber..."
5101,False,"Laissez-nous faire<Indent/>!"
5102,False,"On se débrouille comme des chefs<Indent/>!"
5103,False,"Que c'est lourd..."
5104,False,"Merci, c'était moins une<Indent/>!"
5105,False,"Fais attention la prochaine fois<Indent/>!"
5106,False,"On va faire passer l'eau par ici."
5107,False,"C'est comme si c'était fait<Indent/>!"
5108,False,"Oh non, me revoilà dans de beaux draps<Indent/>!"
5109,False,"Je vais plus tenir bien longtemps..."
5110,False,"Hmm<Indent/>? Encore la même voix<Indent/>?"
5111,False,"Encore toi<Indent/>!? Mais c'est pas possible..."
5112,False,"Veillez à respecter les plans à la lettre<Indent/>!"
5113,False,"Bien reçu, Chef<Indent/>!"
5114,False,"Alors, voyons voir cette recette..."
5115,False,"C'est tellement bon que je vais m'étouffer<Indent/>!"
5116,False,"C'est encore meilleur qu'avant<Indent/>!"
5117,False,"Miam miam<Indent/>!"
5118,False,"Et vlan<Indent/>! Et revlan<Indent/>!"
5119,False,"Bientôt le début de l'ouvrage collectif<Indent/>!"
5120,False,"C'est parti<Indent/>!"
5121,False,"Je vais vous montrer ce que je sais faire<Indent/>!"
5122,False,"Au boulot<Indent/>!"
5123,False,"Hâte que ça commence<Indent/>!"
5124,False,"Yaaah<Indent/>!!"
5125,False,"N'allez pas vous blesser, hein<Indent/>?"
5126,False,"Eh oh<Indent/>! On ne pousse pas<Indent/>!"
5127,False,"La recon<SoftHyphen/>struc<SoftHyphen/>tion reprend enfin<Indent/>!"
5128,False,"Pour la grande gloire de la sainte Cité<Indent/>!"
5129,False,"Pas besoin de bois, ramène-le où tu l'as trouvé<Indent/>!"
5130,False,"Ah bon<Indent/>? Excusez-moi..."
5131,False,"Et une<Indent/>! Et deux<Indent/>! Et trois<Indent/>!"
5132,False,"Bientôt le début de l'ouvrage collectif<Indent/>!"
5133,False,"C'est parti<Indent/>!"
5134,False,"Je vais vous montrer ce que je sais faire<Indent/>!"
5135,False,"Au boulot<Indent/>!"
5136,False,"Hâte que ça commence<Indent/>!"
5137,False,"Yaaah<Indent/>!!"
5138,False,"N'allez pas vous blesser, hein<Indent/>?"
5139,False,"Eh oh<Indent/>! On ne pousse pas<Indent/>!"
5140,False,"La recon<SoftHyphen/>struc<SoftHyphen/>tion reprend enfin<Indent/>!"
5141,False,"Tout se passe bien<Indent/>?"
5142,False,"C'est du bon travail<Indent/>!"
5143,False,"Ça a l'air d'avancer comme prévu<Indent/>!"
5144,False,"Cette fontaine va en jeter un max<Indent/>!"
5145,False,"Ça commence à prendre forme<Indent/>!"
5146,False,"Quel plaisir de travailler avec autant d'artisans d'exception<Indent/>!"
5147,False,"Merci de m'avoir sauvé une deuxième fois, hé hé<Indent/>!"
5148,False,"Fais en sorte qu'il n'y ait pas de troisième..."
5149,False,"La sculpture, c'est la vie<Indent/>!"
5150,False,"Ça pourrait faire un beau tableau..."
5151,False,"Une petite pause, ça fera pas de mal..."
5152,False,"Il y a de quoi courir sur cette allée..."
5153,False,"J'irais bien faire un petit somme..."
5154,False,"La sainte Cité va bientôt retrouver sa splendeur d'antan<Indent/>!"
5155,False,"À quoi on joue<Indent/>?"
5156,False,"On fait la course<Indent/>!"
5157,False,"C'est moi qui vais gagner<Indent/>!"
5158,False,"Reposez-vous un peu jusqu'à l'arrivée des matériaux<Indent/>!"
5159,False,"Bon travail, tout le monde<Indent/>!"
5160,False,"Un bon artisan, c'est tout dans les muscles<Indent/>!"
5161,False,"Voilà ce que j'appelle une pause<Indent/>!"
5162,False,"Tu n'es rien face à ma volonté, pierre<Indent/>!"
5163,False,"Attention à ne pas vous prendre les pieds dans les débris<Indent/>!"
5164,False,"Glisser sur des débris, ça peut faire très très mal<Indent/>!"
5165,False,"Ça va vraiment être magnifique..."
5166,False,"Bien compris<Indent/>!"
5167,False,"Bien reçu<Indent/>!"
5168,False,"Nous allons bâtir une place ici<Indent/>!"
5169,False,"Cette colonne a besoin d'un bon ravalement<Indent/>!"
5170,False,"Ouaiiiis<Indent/>!"
5171,False,"À vos ordres<Indent/>!"
5172,False,"Au travail<Indent/>!"
5173,False,"Je commence à avoir des crampes..."
5174,False,"Assure-toi qu'il y a assez de matériaux<Indent/>!"
5175,False,"Parfait, continue comme ça<Indent/>!"
5176,False,"C'est trop bien de sculpter<Indent/>!"
5177,False,"Ça va comme ça<Indent/>?"
5178,False,"Hmm... Je pense qu'on peut faire mieux."
5179,False,"On dirait que tout est en ordre..."
5180,False,"Voyons voir l'étape suivante..."
5181,False,"Il est temps d'immortaliser la recon<SoftHyphen/>struc<SoftHyphen/>tion<Indent/>!"
5182,False,"Si on s'activait un peu, on aurait moins froid..."
5183,False,"C'est que ça caille par ici<Indent/>!"
5184,False,"J'en peux plus..."
5185,False,"Une sieste et ça repart<Indent/>!"
5186,False,"On va bientôt s'attaquer aux bâtiments<Indent/>!"
5187,False,"D'ici là, reposez-vous bien<Indent/>!"
5188,False,"Un, deux<Indent/>! Un, deux<Indent/>!"
5189,False,"Tous en rythme<Indent/>!"
5190,False,"Tu ne l'emporteras pas au paradis, vieux débris<Indent/>!"
5191,False,"Tu vas te faire mal si tu continues comme ça..."
5192,False,"Attention aux éclats<Indent/>!"
5193,False,"Tu prends jamais de pause, toi<Indent/>?"
5194,False,"Et hop."
5195,False,"Pff... OK, on fait une pause."
5196,False,"Allez, du nerf<Indent/>! C'est pas en restant des loques que vous chasserez Garlemald<Indent/>!"
5197,False,"Qu'est-ce qu'on va bien pouvoir cuisiner avec ça, aujourd'hui...<Indent/>?"
5198,False,"Pas touche à nos matériaux sans ma permission, OK<Indent/>?"
5199,False,"Aucune voile suspecte en vue<Indent/>!"
5200,False,"Je dois continuer d'aller de l'avant... pour ma fille..."
5201,False,"Un peu de chaleur, ça fait du bien..."
5202,False,"Une aussi grande maison pour moi tout seul<Indent/>?"
5203,False,"Attention, ça glisse<Indent/>!"
5204,False,"Et si on faisait une petite tournée d'inspection<Indent/>?"
5205,False,"Rien de tel qu'une promenade dans le Diadème<Indent/>!"
5206,False,"Moi, j'ai besoin de souffler un peu..."
5207,False,"Bon, qu'est-ce qu'on fait maintenant<Indent/>?"
5208,False,"Puissiez-vous pousser malgré le froid..."
5209,False,"Ma famille me manque tellement..."
5210,False,"T'inquiète<Indent/>!"
5211,False,"Non, ça ne me pose pas de problème<Indent/>!"
5212,False,"Je ferai attention<Indent/>!"
5213,False,"C'est compris<Indent/>!"
5214,False,"Beau boulot<Indent/>!"
5215,False,"Change rien, c'est parfait<Indent/>!"
5216,False,"Tape bien au bon endroit<Indent/>!"
5217,False,"Quelle tâche ingrate..."
5218,False,"Je veux bien, mais les débris ne tiennent pas en place..."
5219,False,"Et moi, Chef<Indent/>? Et moi<Indent/>?"
5220,False,"Merci beaucoup<Indent/>!"
5221,False,"On les laisse s'occuper du chemin et on passe à la suite<Indent/>!"
5222,False,"Priorité à ces débris<Indent/>!"
5223,False,"Quelqu'un a vérifié qu'on avait suf<SoftHyphen/>fi<SoftHyphen/>sam<SoftHyphen/>ment de matériaux<Indent/>?"
5224,False,"Construire des maisons à la place de débris, quel bonheur<Indent/>!"
5225,False,"Euh, je crois..."
5226,False,"Je jette un œil au plan<Indent/>!"
5227,False,"Je m'y mets de ce pas<Indent/>!"
5228,False,"Ça a déjà autant progressé<Indent/>? Incroyable<Indent/>!"
5229,False,"Vivement qu'on s'installe<Indent/>!"
5230,False,"Par Halone, que c'est beau<Indent/>!"
5231,False,"Ça fait une sacrée pile, tout ça<Indent/>!"
5232,False,"Tous les matériaux sont en bon état<Indent/>?"
5233,False,"Plus solide tu meurs<Indent/>!"
5234,False,"Je ferai attention<Indent/>!"
5235,False,"Byregot l'Artisan veille sur moi<Indent/>!"
5236,False,"Tout va bien, là-haut<Indent/>?"
5237,False,"Vous avez tout transporté<Indent/>?"
5238,False,"Eh<Indent/>! Ça va<Indent/>?"
5239,False,"Et tu tapes, tapes, tapes... Aïe<Indent/>!"
5240,False,"Qu'est-ce que c'est haut..."
5241,False,"Oui<Indent/>!"
5242,False,"Voilà pour l'ébauche..."
5243,False,"Tout a l'air en ordre."
5244,False,"Ça commence à ressembler à quelque chose<Indent/>!"
5245,False,"Il y a une fissure dans cette pierre..."
5246,False,"Je vais me graver les plans dans la cervelle<Indent/>!"
5247,False,"Hé hé, merci beaucoup<Indent/>!"
5248,False,"Ramenez un maximum de matériaux pour tout le monde<Indent/>!"
5249,False,"Eh<Indent/>! Ça va<Indent/>?"
5250,False,"Et tu tapes, tapes, tapes... Aïe<Indent/>!"
5251,False,"Voilà pour la première couche..."
5252,False,"Il y en a un paquet<Indent/>!"
5253,False,"Traitez ces matériaux avec respect, ils le méritent<Indent/>!"
5254,False,"Le grain de cette pierre... Absolument parfait<Indent/>!"
5255,False,"Et ce n'est qu'une partie des dons que nous avons reçus<Indent/>!"
5256,False,"Comptez sur moi<Indent/>!"
5257,False,"J'habiterais bien là-dedans, moi<Indent/>!"
5258,False,"Pfff..."
5259,False,"Le projet avance à bon train, on dirait."
5260,False,"Euh, il se trouve que ces maisons sont pour nos réfugiés..."
5261,False,"Attendez<Indent/>! Qui êtes-vous, au juste<Indent/>?"
5262,False,"Tenez bon, c'est bientôt terminé<Indent/>!"
5263,False,"J'ai les mains engourdies<Indent/>!"
5264,False,"Et tu tapes, tapes, tapes... Aïe<Indent/>!"
5265,False,"D'accord<Indent/>!"
5266,False,"Je crois bien que je me suis surpassé..."
5267,False,"Quels progrès en si peu de temps<Indent/>! Bravo tout le monde<Indent/>!"
5268,False,"Vous avez bien bossé<Indent/>!"
5269,False,"Franchement, ça en jette<Indent/>!"
5270,False,"En plus, on s'est fait des potes<Indent/>!"
5271,False,"Victoiiiire<Indent/>!!"
5272,False,"Les loyers ne seront pas donnés, mais presque<Indent/>!"
5273,False,"Merciiii<Indent/>!!"
5274,False,"P-pardon..."
5275,False,"Faites attention où vous mettez les pieds<Indent/>!"
5276,False,"Que l'épée des templiers te terrasse<Indent/>!"
5277,False,"Ma noirceur aura raison de toi<Indent/>!"
5278,False,"Ces maisons sont pour les réfugiés de Brouillasse."
5279,False,"Ça a l'air douillet..."
5280,False,"Une nouvelle vie commence<Indent/>!"
5281,False,"Ce chocobo va apprécier sa retraite<Indent/>!"
5282,False,"Non, c'est pas pour toi<Indent/>!"
5283,False,"Miaou, miaou<Indent/>!♪"
5284,False,"Miaou<Indent/>!♪"
5285,False,"Mais que fait sire Jannequinard<Indent/>?"
5286,False,"Oui, Professeur<Indent/>!"
5287,False,"Révisons en l'attendant<Indent/>!"
5288,False,"Vous allez en apprendre plus sur la bénédiction des étoiles<Indent/>!"
5289,False,"Voilà vos paniers-repas<Indent/>!"
5290,False,"Merci, je les distribue tout de suite<Indent/>!"
5291,False,"Et alors<Indent/>? Toi aussi<Indent/>?"
5292,False,"Tu... Tu passes des commandes à Marcelloix<Indent/>?"
5293,False,"On engage en ce moment<Indent/>?"
5294,False,"Si vous voulez faire réparer quelque chose, faites appel à moi<Indent/>!"
5295,False,"D'accord, merci<Indent/>!"
5296,False,"Ouaaah<Indent/>! C'est moi qui suis tombé cette fois<Indent/>!"
5297,False,"Est-ce que ça va<Indent/>?"
5298,False,"À moi de te sauver, alors<Indent/>!"
5299,False,"M-merci<Indent/>!"
5300,False,"Oh non, j'ai glissé<Indent/>!"
5301,False,"Mais c'est pas possible<Indent/>!"
5302,False,"Votre total de points d'azur est de..."
5303,False,"Et moi, j'ai combien de points d'azur<Indent/>?"
5304,False,"Qu'est-ce qu'il fait, le monsieur là-bas<Indent/>?"
5305,False,"On dirait qu'il peint<Indent/>!"
5306,False,"Aïïïeeeuuuh<Indent/>!!"
5307,False,"Sire Haurchefant... Vous nous manquez tellement..."
5308,False,"Sire Haurchefant serait tellement heureux de voir Azurée..."
5309,False,"Groumpf..."
5310,False,"C'est triste d'être seul, pas vrai<Indent/>?"
5311,False,"Il faut que je me concentre..."
5312,False,"Comme c'est confortable<Indent/>!"
5313,False,"Quoi de neuf<Indent/>?"
5314,False,"Une maison avec du chauffage... Mon rêve est enfin devenu réalité<Indent/>!"
5315,False,"♪ Au clair de la luuune..."
5316,False,"Je vous en sers tout de suite<Indent/>!"
5317,False,"La vache, ça a l'air délicieux<Indent/>!"
5318,False,"J'ai froid aux oreilles, mais on s'est bien amusés<Indent/>!"
5319,False,"Ahhh... Ahhh... Faudra qu'on remette ça<Indent/>!"
5320,False,"Sauvés... Nous ne nous en serions pas sortis sans l'aide de chacun."
5321,False,"On y est presque. Plus qu'un petit effort."
5322,False,"Plus de cercle d'invocation en vue..."
5323,False,"Pourquoi avaient-ils tous une aura de Lumière...<Indent/>?"
5324,False,"Hmm... Il s'agit bel et bien de la même magie que celle de l'exarque..."
5325,False,"Ce fut un long détour, mais nous sommes arrivés en un seul morceau, c'est l'essentiel."
5326,False,"Urianger<Indent/>! Tu rangeras plus tard<Indent/>! Viens jouer avec nous<Indent/>!"
5327,False,"On fera le ménage à ta place<Indent/>! Promis juré<Indent/>! Hi hi hi..."
5328,False,"À l'assaut<Indent/>!"
5329,False,"Yahhh<Indent/>!!!"
5330,False,"Encaisse celui-là<Indent/>! Tu m'en diras des nouvelles<Indent/>!"
5331,False,"Vous relâchez pas, OK<Indent/>!?"
5332,False,"Qu'est-ce que tu dis de ça<Indent/>!?"
5333,False,"Vous croyez que je vais me laisser faire<Indent/>!?"
5334,False,"N'y compte même pas<Indent/>!"
5335,False,"C-c'est rrrien ça, ça va aller<Indent/>!"
5336,False,"Allez<Indent/>! Dans le mille<Indent/>!"
5337,False,"Les Ténèbres... doivent être exterminées..."
5338,False,"La paix... régnera... pour de bon..."
5339,False,"La Lumière... nous guide..."
5340,False,"Ce monde... doit être protégé... du mal..."
5341,False,"Envoyés du mal... préparez-vous à mourir..."
5342,False,"Que va-t-il nous arriver maintenant<Indent/>?"
5343,False,"Qui sait... Au moins nous sommes toujours en vie."
5344,False,"Au moins, il nous reste toujours cette vue magnifique pour nous apaiser."
5345,False,"Bon, c'est qui le coupable à la fin<Indent/>?"
5346,False,"Notre village est à jamais défiguré..."
5347,False,"Comment on va bien pouvoir régler ça<Indent/>?"
5348,False,"Les fauteurs de trouble doivent payer<Indent/>!"
5349,False,"Il serait temps de se mettre à table..."
5350,False,"Beau boulot<Indent/>!"
5351,False,"(cliquette) Récupération de débris terminée."
5352,False,"(cliquette) Récupération de matériaux terminée."
5353,False,"Jette ça dans le tas, je m'en occupe<Indent/>!"
5354,False,"Le premier qui roule sous la table a perdu<Indent/>!"
5355,False,"Même... pas... peur<Indent/>!"
5356,False,"(ronfle) Confortables, ces pavés..."
5357,False,"(ronfle) (ronfle)"
5358,False,"Parfait. Remplis-moi ces tonneaux-là."
5359,False,"Passe la seconde, on a soif<Indent/>!"
5360,False,"(cliquette) C'est parti."
5361,False,"(cliquette) Me revoici."
5362,False,"(cliquette) Je vous apporte à boire."
5363,False,"♪ Je pioche, je pioche, soir et matin. Je pioche, je suis un bon Nain<Indent/>!"
5364,False,"Le savoir-faire de Ronitt sera mien<Indent/>!"
5365,False,"Ronitt, il s'assoit comme ça<Indent/>!"
5366,False,"Faut souffrir pour avoir la classe<Indent/>!"
5367,False,"On bulle pas, on bosse autrement<Indent/>!"
5368,False,"Le cercle des fans de Ronitt est au complet<Indent/>!"
5369,False,"C'est l'heure de rendre hommage à notre idole<Indent/>!"
5370,False,"Attention, je commence<Indent/>: R<Indent/>!"
5371,False,"Je t'ai trouvé<Indent/>!"
5372,False,"Je suis sûr qu'elle ne me trouvera pas ici."
5373,False,"Allons chercher les autres<Indent/>!"
5374,False,"Hein<Indent/>!? Comment t'as fait pour me voir<Indent/>?"
5375,False,"Hi hi hi... Venez jouer avec nous<Indent/>!♪"
5376,False,"On vous attendait pour faire la fête<Indent/>!♪"
5377,False,"2P..."
5378,False,"C'était quoi, ça...<Indent/>?"
5379,False,"M-mais c'est quoi ces choses<Indent/>!?"
5380,False,"I-ils se laissent pas faire<Indent/>!"
5381,False,"●バトル前２B"
5382,False,"Je ne détecte plus d'ennemis."
5383,False,"Psst<Indent/>! Je trouve pas le truc..."
5384,False,"Le truc<Indent/>? Quel truc<Indent/>?"
5385,False,"Le machin, là, tu sais bien<Indent/>!"
5386,False,"Ah, le truc<Indent/>! T'as regardé au fond<Indent/>?"
5387,False,"J'y avais pas pensé<Indent/>! Merci machin<Indent/>!"
5388,False,"Grrr<Indent/>! Vilains Nains<Indent/>!"
5389,False,"Les barbes, c'est ringard<Indent/>!"
5390,False,"Alcoolos, pas beaux<Indent/>!"
5391,False,"Bon, par où commencer...<Indent/>?"
5392,False,"Voyons voir si cette pierre est encore utilisable..."
5393,False,"Comment je vais réparer un truc pareil, moi...<Indent/>?"
5394,False,"Attention à l'échafaudage<Indent/>!"
5395,False,"Ne surtout pas regarder en bas...Ne surtout pas regarder en bas..."
5396,False,"Bon, quand est-ce qu'elle arrive, cette nouvelle pierre<Indent/>?"
5397,False,"On touche au but<Indent/>!"
5398,False,"O<Indent/>!"
5399,False,"N<Indent/>!"
5400,False,"I<Indent/>!"
5401,False,"Deux T<Indent/>!"
5402,False,"Ronitt est le plus jeune de l'équipe<Indent/>!"
5403,False,"Et Karutt et Regitt, alors<Indent/>?"
5404,False,"Je sais que Regitt a trois ans de plus que Karutt."
5405,False,"Et moi, qu'Ozogg a un an de moins que Karutt."
5406,False,"Sachant qu'Ozogg a cinq ans de plus que Ronitt, ça voudrait dire..."
5407,False,"Donnez-moi du travail, s'il vous plaît<Indent/>!"
5408,False,"C'est-à-dire que..."
5409,False,"Je voudrais me rendre utile pour Ishgard<Indent/>!"
5410,False,"Bon, d'accord... Je te préviens, on bosse dur<Indent/>!"
5411,False,"La plage, y a que ça de vrai<Indent/>!"
5412,False,"Moi, les requins ça m'fait pas peur<Indent/>!"
5413,False,"Ah<Indent/>! Au secours<Indent/>! Je suis tétanisée<Indent/>!"
5414,False,"J'ai bien fait de venir aux Feux de la Mort..."
5415,False,"Comme elle est mignonne cette petite<Indent/>!"
5416,False,"Classe le grand-frère<Indent/>! Ouaiiis<Indent/>!"
5417,False,"Je me demande si je pourrais faire pareil..."
5418,False,"C'est la guerre sur la plage aujourd'hui<Indent/>!"
5419,False,"Ah... Je voudrais devenirrr danseuse moi aussi..."
5420,False,"Si le requin se pointe, je l'arrêterai à la force de mes biscoteaux<Indent/>!"
5421,False,"Un combat à mort contre une créature des abysses, c'est la fête cette année<Indent/>!"
5422,False,"Pourquoi cette... chose a-t-elle des jambes<Indent/>?"
5423,False,"Oh là là<Indent/>! Il est trop chou<Indent/>!"
5424,False,"Danser pour sauver la plage du désastre, j'aime bien cette idée<Indent/>!"
5425,False,"Je prrrotégerais Majha grâce à cette danse<Indent/>!"
5426,False,"Plus on est de fous, plus on rit<Indent/>!"
5427,False,"Enfin en Il Mheg."
5428,False,"Mais aucune Pixie..."
5429,False,"Tout ce que je vois, ce sont des créatures toutes plus étranges les unes que les autres."
5430,False,"Mouais... Je sais pas si je devrais être en extase ou terrifié..."
5431,False,"Faisons un premier rapport avant de nous aventurer plus loin."
5432,False,"On a ce que vous nous aviez demandé."
5433,False,"Oh<Indent/>! Parfait parfait<Indent/>! Faites-moi voir ça<Indent/>!"
5434,False,"Oui hi hi<Indent/>! Le compte est bon en plus. Ni plus, ni moins. Excellent<Indent/>!"
5435,False,"Vous nous en voyez ravis. À une prochaine fois, peut-être."
5436,False,"Ouf... Ça s'est bien passé, cette fois..."
5437,False,"Ces échanges équitables, c'est pas bon pour le cœur..."
5438,False,"Tss, quelle perte de temps..."
5439,False,"Tu m'étonnes<Indent/>! Bon, d'accord, c'est bien ici qu'on échange ces pierres bizarres."
5440,False,"Mais ils auraient pu nous prévenir qu'il en fallait autant<Indent/>!"
5441,False,"On risque pas de se payer quoi que ce soit avec le peu qu'on a."
5442,False,"Va falloir en accumuler plus, et... se retaper le chemin..."
5443,False,"Je vois la sortie<Indent/>! Nous sommes sauvés, oui, sauvés<Indent/>!"
5444,False,"Merci pour votre aide, gentils voyageurs, grand merci<Indent/>!"
5445,False,"C'est la moindre des choses."
5446,False,"Je veux vous remercier comme il se doit<Indent/>! Accompagnez-moi, venez venez<Indent/>!"
5447,False,"Je vais vous offrir un bon repas, miam miam<Indent/>!"
5448,False,"Alors ça, c'est pas de refus<Indent/>!"
5449,False,"Oh oh<Indent/>! J'ai hâte de goûter à vos spécialités<Indent/>!"
5450,False,"Seul l'avenir nous le dira, ja..."
5451,False,"Les humains sont vraiment capables de faire ça<Indent/>!?"
5452,False,"Ils sont super balèzes<Indent/>!"
5453,False,"De L'Écume des cieux, je te dis<Indent/>!"
5454,False,"Et vous venez d'où<Indent/>?"
5455,False,"Je crois que je me suis paumé..."
5456,False,"Oui<Indent/>! Vous sauriez pas où est Ehll Tou<Indent/>?"
5457,False,"D'accord, merci<Indent/>!"
5458,False,"Vous cherchez quelque chose, Monsieur le dragonnet<Indent/>?"
5459,False,"Votre congénère aux doigts de fée<Indent/>? Juste en haut de l'escalier, là<Indent/>!"
5460,False,"Les requins ne viennent jamais si prrrès de la plage d'habitude..."
5461,False,"Le prochain gros lot est pour moi, j'en suis certaine<Indent/>!"
5462,False,"Mon “jeu de la Septième Aube” vaincra, hi hi<Indent/>!"
5463,False,"L'heure est venue d'évacuer ma frustration<Indent/>!"
5464,False,"Du calme, Ulala, ce n'est qu'un jeu..."
5465,False,"Qu'est-ce qu'il y a, Baderon<Indent/>? Tu n'aimes pas perdre<Indent/>?"
5466,False,"J'ai hâte d'essayer une autre attraction<Indent/>!"
5467,False,"Quel lieu immense<Indent/>!"
5468,False,"On va s'éclater<Indent/>!"
5469,False,"Allez, encore une toute petite fois, s'il te plaît..."
5470,False,"Et ça fait combien de petites fois depuis le début, hein<Indent/>?"
5471,False,"Les soldats aussi ont besoin de souffler de temps en temps<Indent/>!"
5472,False,"Par un temps comme ça, il faut faire attention aux coups de soleil."
5473,False,"Quand on rentrera au Coerthas, je devrais poursuivre mon en<SoftHyphen/>traî<SoftHyphen/>ne<SoftHyphen/>ment..."
5474,False,"Alors c'est ça, l'île de l'Éternel été..."
5475,False,"Aaaah<Indent/>! Il fait trop beau<Indent/>!"
5476,False,"J'veux pas rentrer à Ishgard<Indent/>!"
5477,False,"Qu'est-ce qu'il fait chaud<Indent/>! J'en peux plus de cette cotte de mailles..."
5478,False,"Alors Capitaine, elle est bonne<Indent/>?"
5479,False,"Vive les vacances<Indent/>!"
5480,False,"Écoutez-moi<Indent/>! Lambinez pas ou je m'occuperai de votre cas<Indent/>!"
5481,False,"Je sens plus mes bras..."
5482,False,"On va y arriver<Indent/>!"
5483,False,"Je m'en charge."
5484,False,"Laissez-moi le travail physique<Indent/>!"
5485,False,"Prends ça<Indent/>! Et ça<Indent/>!"
5486,False,"Stable sur la taille... Et on tape<Indent/>!"
5487,False,"Ce paysage m'inspire pro<SoftHyphen/>fon<SoftHyphen/>dé<SoftHyphen/>ment."
5488,False,"T'as de beaux bras, dis donc<Indent/>!"
5489,False,"On se concentre sur le même point<Indent/>!"
5490,False,"C'est comme ça qu'on fait<Indent/>!"
5491,False,"Aïe, je crois que j'ai une crampe..."
5492,False,"Alors, comment je m'en sors<Indent/>?"
5493,False,"Oui, Chef<Indent/>!"
5494,False,"Humpf<Indent/>!"
5495,False,"Tu t'es amélioré avec une pioche, dis donc."
5496,False,"Et si on passait au marteau<Indent/>?"
5497,False,"Chef, oui Chef<Indent/>!"
5498,False,"Merci bien<Indent/>!"
5499,False,"Et bam<Indent/>! Et crac<Indent/>!"
5500,False,"Yaaah<Indent/>!"
5501,False,"Laisse-moi te montrer."
5502,False,"Tu brandis le marteau comme ça... Et bam<Indent/>!"
5503,False,"Je vois, le secret est de prendre de l'élan<Indent/>!"
5504,False,"Il faut que je fasse une pause..."
5505,False,"Voyons voir comment ça avance..."
5506,False,"Je suis avec toi<Indent/>!"
5507,False,"Aïe, j'ai maaal<Indent/>! Je vais mouriiir<Indent/>!"
5508,False,"Tu as assez de matos<Indent/>?"
5509,False,"Alors, ça avance<Indent/>?"
5510,False,"Je crois que tu le tiens à l'envers..."
5511,False,"Ne pas oublier les vé<SoftHyphen/>ri<SoftHyphen/>fi<SoftHyphen/>ca<SoftHyphen/>tions..."
5512,False,"De quel curieux dialecte s'agit-il<Indent/>?"
5513,False,"Ça ira, Chef<Indent/>!"
5514,False,"Cet échafaudage m'a pas l'air solide..."
5515,False,"Tout se passe comme prévu, Chef<Indent/>!"
5516,False,"Ici, on va avoir besoin de..."
5517,False,"Je m'occupe de maintenir nos stocks à niveau<Indent/>!"
5518,False,"Ceux-ci pour les toits... Et ceux-là..."
5519,False,"En voilà de la bonne pierre<Indent/>!"
5520,False,"Voyons voir, de quoi on va avoir besoin...<Indent/>?"
5521,False,"On est dans les temps, parfait<Indent/>!"
5522,False,"Alors, qu'est-ce qu'il nous reste à faire<Indent/>?"
5523,False,"Toute ma technique de sculpteur, au service d'Ishgard<Indent/>!"
5524,False,"Voilà qui m'inspire une petite aquarelle..."
5525,False,"Je vais préparer un calendrier du chantier pour vous."
5526,False,"Rien d'autre que les meilleurs matériaux<Indent/>!"
5527,False,"T'as pas intérêt à laisser tomber ça en bas<Indent/>!"
5528,False,"Voilà pour le plancher..."
5529,False,"Trop facile, je pourrais le faire les yeux fer... AÏEUH<Indent/>!"
5530,False,"Il faut habituer ton œil à reconnaître les meilleurs matériaux<Indent/>!"
5531,False,"Réfléchis bien à l'ordre dans lequel on se sert de tout ça<Indent/>!"
5532,False,"Le moindre défaut omis pourrait nous coûter cher plus tard."
5533,False,"Je crois que ça suffira..."
5534,False,"Je vérifie mi<SoftHyphen/>nu<SoftHyphen/>tieu<SoftHyphen/>se<SoftHyphen/>ment<Indent/>!"
5535,False,"Je fais de mon mieux<Indent/>!"
5536,False,"Compris, Chef<Indent/>!"
5537,False,"On va avoir besoin de plus d'artisans..."
5538,False,"Attention aux doigts<Indent/>!"
5539,False,"T'es peut-être pas fait pour être charpentier..."
5540,False,"Doucement, on a tout le temps."
5541,False,"Pour bâtir une structure solide, chaque clou compte."
5542,False,"Cette fois, j'ai trouvé le tr... AAAÏÏÏEUUUH<Indent/>!!!"
5543,False,"Un petit coup comme ci, et hop<Indent/>!"
5544,False,"La minutie, c'est pas mon truc..."
5545,False,"Voilà un matériau de qualité<Indent/>!"
5546,False,"Quelle belle pierre<Indent/>!"
5547,False,"On va vraiment en avoir assez<Indent/>?"
5548,False,"Une telle minutie fait plaisir à voir..."
5549,False,"Je suis plutôt étourdi, donc il faut au moins ça<Indent/>!"
5550,False,"Y a pas mieux dans tout Éorzéa<Indent/>!"
5551,False,"Une, deux, trois... Pfiou, j'ai pas fini<Indent/>!"
5552,False,"Hop, on empile ça ici..."
5553,False,"Aucun problème<Indent/>!"
5554,False,"Oh, ça m'a l'air d'être du bon travail<Indent/>!"
5555,False,"Douuuucement, douuuucement..."
5556,False,"Pourquoi elle ne me regarde jamais...<Indent/>?"
5557,False,"Bon, je ne me ferai pas av... AAA-ÏÏÏ-EUUUH<Indent/>!!!"
5558,False,"Hé hé, pas mal, hein<Indent/>?"
5559,False,"Je martelle à la vitesse de la lumièèère<Indent/>!"
5560,False,"On se remplit bien l'estomac pour les prochains travaux<Indent/>!"
5561,False,"Allez, prenez des forces<Indent/>!"
5562,False,"Bonjour les courbatures demain..."
5563,False,"Faut bien digérer tout ce qu'on a avalé<Indent/>!"
5564,False,"Mgaaah!"
5565,False,"Yahaaah<Indent/>!"
5566,False,"Tout est dans les hanches... Yaaah<Indent/>!"
5567,False,"Je vais le faire savoir aux autres<Indent/>!"
5568,False,"Alors, à suivre au programme..."
5569,False,"Aaaah<Indent/>! Ooooh<Indent/>! Hmpffff<Indent/>!"
5570,False,"Bon, ça bouge pas d'un poil... Qu'est-ce que je fais mal<Indent/>?"
5571,False,"Mais pourquoi personne ne s'intéresse à moi<Indent/>?"
5572,False,"Ce marteau pèse une tonz<Indent/>!"
5573,False,"Oui, mes bras commencent à le sentir..."
5574,False,"Dis-moi pas que c'est pas vrai<Indent/>!?"
5575,False,"Le chef m'a donné l'ingrédient secret de son ragoût<Indent/>!"
5576,False,"Voilà mon prochain chef-d'œuvre<Indent/>!"
5577,False,"Ça va pas être du gâteau de restaurer un truc pareil..."
5578,False,"Fini la casse. Maintenant, on retape tout ça<Indent/>!"
5579,False,"Les dégâts sont plus importants que je pensais..."
5580,False,"Bon, je casse quoi, maintenant<Indent/>?"
5581,False,"On va vraiment réussir à restaurer ça<Indent/>?"
5582,False,"Vous êtes notre modèle à tous, Chef<Indent/>!"
5583,False,"Pas facile de trouver l'angle exact..."
5584,False,"Rien ne résiste à mes muscles<Indent/>!"
5585,False,"Hnggggh<Indent/>!"
5586,False,"Yahahaaa<Indent/>!"
5587,False,"Je suis la reine de la pioche<Indent/>!"
5588,False,"Prochaine étape<Indent/>!"
5589,False,"Je crois bien que tout y est<Indent/>!"
5590,False,"Tout a l'air en ordre..."
5591,False,"J'ai hâte de voir le résultat<Indent/>!"
5592,False,"C'est énorme<Indent/>!"
5593,False,"Je le sens bien."
5594,False,"Attention à ne pas tomber<Indent/>!"
5595,False,"C'est bien, continue comme ça."
5596,False,"L'éloge même de la beauté<Indent/>!"
5597,False,"C'est qu'on y prend goût..."
5598,False,"La sculpture, c'est mon dada<Indent/>!"
5599,False,"Bien sûr, Chef<Indent/>!"
5600,False,"Tout y est<Indent/>!"
5601,False,"Tiens<Indent/>? J'aurais juré qu'il en restait..."
5602,False,"Comme sur des roulettes<Indent/>!"
5603,False,"Où j'ai mis mes outils...<Indent/>?"
5604,False,"Voilà l'endroit parfait."
5605,False,"On a l'air dans les temps."
5606,False,"Alors<Indent/>?"
5607,False,"Allez, encore un petit effort<Indent/>!"
5608,False,"J'aurais bien besoin d'un bon massage dorsal..."
5609,False,"Si tu te crispais pas comme ça, aussi<Indent/>!"
5610,False,"Je vois que ça avance bien<Indent/>!"
5611,False,"Et voilà, c'est terminé<Indent/>!"
5612,False,"Je suis agré<SoftHyphen/>a<SoftHyphen/>ble<SoftHyphen/>ment surprise."
5613,False,"Ouah, la classe<Indent/>!"
5614,False,"C'est fini, là<Indent/>?"
5615,False,"C'est l'heure de la pause<Indent/>!"
5616,False,"Une sieste, et ça repart<Indent/>!"
5617,False,"Peut-être qu'avec un peu plus de muscles j'y arriverais...<Indent/>?"
5618,False,"Ton biceps<Indent/>! Il tremble<Indent/>!"
5619,False,"Ce mur a réussi à échapper aux dommages de la guerre..."
5620,False,"... Combien, à peu près<Indent/>?"
5621,False,"Il faut commander des pioches<Indent/>!"
5622,False,"Ces matériaux vont faire des merveilles<Indent/>!"
5623,False,"Il faudra que je fasse mon rapport quand j'aurai fini de compter."
5624,False,"... Hhhhhaaa<Indent/>! J'étais si concentré que j'en ai oublié de respirer..."
5625,False,"Je sens la passion créatrice s'enflammer au fond de moi<Indent/>!"
5626,False,"C'est le début d'une nouvelle toile<Indent/>!"
5627,False,"J'ai tellement hâte de voir le résultat<Indent/>!"
5628,False,"Reprenons notre souffle avant le test."
5629,False,"Oui, que diriez-vous d'un petit thé<Indent/>?"
5630,False,"Ils sont partis, c'est le moment<Indent/>!"
5631,False,"Kwé<Indent/>! Kwé<Indent/>!♪"
5632,False,"Kwééé..."
5633,False,"Pense à te reposer, quand même."
5634,False,"J'ai beau essayer, j'arrive pas à trouver le sommeil..."
5635,False,"L'avantage numérique bascule de plus en plus en faveur de l'Empire."
5636,False,"Les lourdes pertes qu'a subies l'unité de Xeven ne vont pas arranger les choses..."
5637,False,"Notre unique mission est la protection de cet avant-poste<Indent/>! Je me suis bien fait comprendre<Indent/>!?"
5638,False,"Comment va ta blessure<Indent/>?"
5639,False,"Je la sens déjà plus. Je peux y retour... Ghh...<Indent/>!"
5640,False,"C'est vraiment très beau<Indent/>!"
5641,False,"Nous aurions bien voulu rester plus longtemps..."
5642,False,"Tout ceci me rappelle tant de souvenirs..."
5643,False,"Nous devons nous hâter, maintenant."
5644,False,"Philestiaux n'aurait pas un travail à nous confier<Indent/>?"
5645,False,"Une mission de rrra<SoftHyphen/>vi<SoftHyphen/>tail<SoftHyphen/>le<SoftHyphen/>ment, par exemple<Indent/>!"
5646,False,"Et si on se remplissait la panse avant de parrrler boulot<Indent/>?"
5647,False,"Moi, j'ai plus qu'une envie, c'est de partir à l'aventure<Indent/>!"
5648,False,"Je retourne à Limsa Lominsa... Ma pauvre femme adorait y contempler la mer..."
5649,False,"Et si on utilisait cet escabeau<Indent/>?"
5650,False,"Aaah<Indent/>! Attends<Indent/>!"
5651,False,"Attention<Indent/>!"
5652,False,"Tu as vérifié s'il y a assez de matériaux<Indent/>?"
5653,False,"Tiens l'inventaire à jour, surtout."
5654,False,"Tu fais des merveilles avec un burin<Indent/>!"
5655,False,"Et moi, alors<Indent/>?"
5656,False,"Hé hé, merci<Indent/>!"
5657,False,"Je crois que ça ira, Chef<Indent/>!"
5658,False,"Hop, je mets ça ici..."
5659,False,"Comptez sur moi, Chef<Indent/>!"
5660,False,"Il faut qu'on termine ces escaliers le plus vite possible<Indent/>!"
5661,False,"On procède par ordre, compris<Indent/>?"
5662,False,"On va faire de notre mieux<Indent/>!"
5663,False,"Heu<SoftHyphen/>reu<SoftHyphen/>se<SoftHyphen/>ment qu'il restait encore quelques pierres intactes après la guerre."
5664,False,"Couper, placer, arranger..."
5665,False,"Alors, pas facile de dessiner une courbe avec ces pierres, hein<Indent/>?"
5666,False,"On est là pour apprendre, pas pour se baigner, je te rappelle<Indent/>!"
5667,False,"En effet<Indent/>! C'est compliqué, mais passionnant<Indent/>!"
5668,False,"Il va nous falloir du bon verre pour accommoder ce magnifique cadre de fenêtre..."
5669,False,"Quelles courbes magnifiques... On ne voit ça qu'à Ishgard<Indent/>!"
5670,False,"L'inclinaison de cette pente correspond exactement aux calculs de la chef<Indent/>!"
5671,False,"Hein<Indent/>!? Vraiment<Indent/>?"
5672,False,"Il paraît que <If(PlayerParameter(4))>l'héroïne<Else/>le héros</If> participe à l'effort de recon<SoftHyphen/>struc<SoftHyphen/>tion..."
5673,False,"Alors, comment trouvez-vous la Retraite de Givreglacé<Indent/>?"
5674,False,"C'est très confortable<Indent/>!"
5675,False,"Ah<Indent/>! J'ai oublié quelque chose<Indent/>!"
5676,False,"Chut<Indent/>! On joue à cache-cache<Indent/>!"
5677,False,"Hmmm... Où il est passé, lui...<Indent/>?"
5678,False,"Le capitaine pourrait répondre un peu plus poliment..."
5679,False,"Demandez mon poisson frais<Indent/>! Demandez mes épices<Indent/>!"
5680,False,"Pour ma prochaine commande à Maisenta..."
5681,False,"Qui veut goûter aux bons produits de la Sylve<Indent/>?"
5682,False,"On se gèle, ici... J'arrête pas de trembler..."
5683,False,"Produits uldiens, en exclusivité<Indent/>!"
5684,False,"Vous avez tous bien bossé<Indent/>! Bravo<Indent/>!"
5685,False,"On se repose jusqu'au prochain chantier<Indent/>!"
5686,False,"Aaaah, ce sentiment du travail accompli<Indent/>!"
5687,False,"Je crois que je suis plus musclé qu'avant..."
5688,False,"Les biceps ne mentent jamais<Indent/>!"
5689,False,"Je suis soulagée que tout se soit bien passé."
5690,False,"J'ai jamais autant sué que sur ce chantier."
5691,False,"Quelle beauté..."
5692,False,"Petits garnements<Indent/>!"
5693,False,"Descends tout de suite, c'est dangereux<Indent/>!"
5694,False,"En avant, Manacutter<Indent/>! Vuuuiiiiii<Indent/>!"
5695,False,"Les grands vont bientôt revenir<Indent/>!"
5696,False,"Pardon, pardon<Indent/>! On est désolés<Indent/>!"
5697,False,"Mets-toi bien ce mouvement dans la tête<Indent/>!"
5698,False,"J'ai le droit de ne pas me prononcer<Indent/>?"
5699,False,"Vous êtes toujours toute seule... Tout va bien<Indent/>?"
5700,False,"J'ai perdu mon mari pendant la guerre..."
5701,False,"Si je peux faire quoi que ce soit, n'hésitez pas<Indent/>!"
5702,False,"C'est trop aimable..."
5703,False,"Quoi<Indent/>!? Noooon<Indent/>!"
5704,False,"La voilà, l'annexe de la manufacture de Cielacier."
5705,False,"J'ai hâte de me mettre à travailler<Indent/>!"
5706,False,"Un chef-d'œuvre de plus<Indent/>!"
5707,False,"C'est peut-être sympa de vivre à Ishgard, après tout."
5708,False,"C'est ici qu'on crèche<Indent/>? Pas mal du tout<Indent/>!"
5709,False,"Faites-moi confiance pour cuisiner de bons repas<Indent/>!"
5710,False,"On est juste à côté de l'annexe de la manufacture, c'est pratique<Indent/>!"
5711,False,"<If(PlayerParameter(4))>Madame l'héroïne<Else/>Messire le héros</If> d'Ishgard<Indent/>! Je peux vous serrer la main<Indent/>?"
5712,False,"Voyons voir, qu'est-ce qui pourrait lui plaire...<Indent/>?"
5713,False,"Ouais, pas mal du tout<Indent/>!"
5714,False,"On devrait avoir assez de perforateurs éthéréens comme ça."
5715,False,"Ouf... Au revoir le gros requin, à nous la plage<Indent/>!"
5716,False,"Si le requin se pointe à nouveau, je te prrrotégerais, T'kebbe<Indent/>!"
5717,False,"T'es trrrop cool, Khlo-Khlo<Indent/>!"
5718,False,"Allons jouer dans l'eau<Indent/>!"
5719,False,"Les messagers et messagères de l'amour ne comptent pas leurs efforts."
5720,False,"Moi aussi, il faut que je me donne à fond<Indent/>!"
5721,False,"Un concert ici, ça me plairait bien."
5722,False,"Je pourrais chanter devant ma famille et mes amis<Indent/>!"
5723,False,"Parlons-en au sénéchal royal<Indent/>!"
5724,False,"C'est drôlement gai, cette année encorrre."
5725,False,"T'as vu les nouveaux habits des Églantines<Indent/>?"
5726,False,"Pendant leur concert<Indent/>? Oh oui<Indent/>! Les couturières de dame Lisette ont assuré<Indent/>!"
5727,False,"♪ Na na naaa..."
5728,False,"♪ La la laaa..."
5729,False,"♪ Ma ma maaa..."
5730,False,"Waouh, c'est les Églantines d'Ul'dah<Indent/>!"
5731,False,"Ce qu'elles sont belles<Indent/>!"
5732,False,"Profitez bien du spectacle, les enfants."
5733,False,"C'est l'heure de rentrer, mais on reviendra si vous voulez."
5734,False,"Oh oui, c'était génial<Indent/>!"
5735,False,"Carrément<Indent/>!"
5736,False,"Ulala et moi, on se ressemble drôlement<Indent/>!"
5737,False,"Maintenant que vous le dites..."
5738,False,"Le rouge vous va à toutes les deux, kupo<Indent/>!"
5739,False,"Ulala, regarde-moi<Indent/>!"
5740,False,"Narumi, je t'aaaime<Indent/>!"
5741,False,"Masha, ma déesse<Indent/>!"
5742,False,"Trop mimi, les tenues<Indent/>!"
5743,False,"Les Églantines pour la vie<Indent/>!"
5744,False,"J'espère qu'Elyne reviendra nous voirrr."
5745,False,"Et Kupka aussi<Indent/>!"
5746,False,"Il faut que je me dépêche de retrouver la forme pour aller voir les Églantines<Indent/>!"
5747,False,"C'est trop joli<Indent/>!"
5748,False,"La prochaine fois, j'aiderai madame Aldiytha à décorer<Indent/>!"
5749,False,"Oh<Indent/>! C'est eux dont tout le monde parle<Indent/>!"
5750,False,""
5751,False,""
5752,False,"Haaa... Haaaa... M-Misija... Est-elle...<Indent/>?"
5753,False,"Quelle est ta couronne préférée, ma petite<Indent/>?"
5754,False,"Celle avec les gros rubans<Indent/>!"
5755,False,"Restez bien concentrés<Indent/>!"
5756,False,"Elle s'affole... Je compte sur vous pour la maîtriser<Indent/>!"
5757,False,"Eh ben... Elle était bien excitée ma parole..."
5758,False,"Sus au gibier de potence<Indent/>!"
5759,False,"Il nous faut un coupable, on s'en sortira pas sinon..."
5760,False,"J'ai hâte qu'on attrape celui ou celle qui nous a mis dans la panade."
5761,False,"Il est temps d'en finir une fois pour toutes."
5762,False,"Après ça, on pourra enfin souffler."
5763,False,"Je suis pas un mauvais Nain..."
5764,False,"On ne sait plus où donner de la tête..."
5765,False,"Ce ne serait pas de refus<Indent/>!"
5766,False,"Nos nouveaux équipements sont très efficaces<Indent/>!"
5767,False,"Il y a vraiment une bonne ambiance à l'annexe..."
5768,False,"Vous avez l'air très occupés<Indent/>!"
5769,False,"Besoin d'un coup de main<Indent/>?"
5770,False,"Ah oui<Indent/>? Il faudra que je vérifie ça."
5771,False,"Cela fait plaisir à voir<Indent/>!"
5772,False,"Neillemard a une sacrée classe<Indent/>!"
5773,False,"Nimie est une vraie beauté<Indent/>!"
5774,False,"Moi, c'est Denys que je préfère..."
5775,False,"Bon, assez parlé. C'est l'heure de rentrer..."
5776,False,"Je suis contente d'être venue avec toi<Indent/>!"
5777,False,"Heu<SoftHyphen/>reu<SoftHyphen/>se<SoftHyphen/>ment que j'ai pu prendre des vacances<Indent/>!"
5778,False,"C'est encore plus animé que d'habitude<Indent/>!"
5779,False,"Tellement de volontaires se sont dévoués..."
5780,False,"Ces décorations, c'est moi qui les ai mises<Indent/>!"
5781,False,"Bravo, elles sont magnifiques<Indent/>!"
5782,False,"Regardez, voilà nos nouvelles recrues<Indent/>!"
5783,False,"Ça marche. Bienvenue, les gars."
5784,False,"Génial<Indent/>! Des petits nouveaux tout frais<Indent/>!"
5785,False,"La seule qui a droit à un traitement spécial ici, c'est la chef<Indent/>!"
5786,False,"On va vous montrer comment gagner du muscle<Indent/>! Ha ha ha<Indent/>!"
5787,False,"Et pas de traitement spécial, je vous prie. Nous sommes tous égaux ici."
5788,False,"Et... BAM<Indent/>!"
5789,False,"Pfiou... Je me suis ramollie entre les deux chantiers, moi..."
5790,False,"Fallait que mon premier boulot ce soit de démolir des rochers à coups de pioche..."
5791,False,"Hiiiyaaaa<Indent/>!"
5792,False,"Je veux peindre ce quartier dans son entièreté... sous tous ses angles..."
5793,False,"T'as pas perdu la main, on dirait<Indent/>!"
5794,False,"T'as déjà eu une pioche dans les mains<Indent/>?"
5795,False,"Aaaah, ça fait du bien de se remettre au boulot<Indent/>!"
5796,False,"Je dois reconnaître que c'est la première fois que j'effectue ce genre de besognes, Chef."
5797,False,"Observe bien comment je fais<Indent/>!"
5798,False,"Je n'en rate pas une miette."
5799,False,"Hé hé, c'est moi ou tu te donnes plus que d'habitude<Indent/>?"
5800,False,"Faut montrer l'exemple aux nouvelles recrues<Indent/>!"
5801,False,"Ça me revient. On lève la pioche, et on la laisse tomber. Fastoche<Indent/>!"
5802,False,"Huuhôôôôô<Indent/>!"
5803,False,"C'est dur comme de la... M'enfin, oui, forcément..."
5804,False,"Arrgghh<Indent/>! Quel est l'abruti qui a foutu ses gravats ici<Indent/>!"
5805,False,"Bah alors<Indent/>? C'est le stress ou la fatigue<Indent/>?"
5806,False,"Je comprends foutre rien à ce bon de commande..."
5807,False,"Ne serait-ce pas parce que vous le tenez à l'envers<Indent/>?"
5808,False,"Seize<Indent/>? J'étais sûr qu'on en avait dix-huit, pourtant..."
5809,False,"Faut que je pense à jeter un coup d'œil au panneau d'in<SoftHyphen/>for<SoftHyphen/>ma<SoftHyphen/>tions à l'occasion."
5810,False,"L'inventaire va pas se faire tout seul."
5811,False,"Hé<Indent/>! Là-haut<Indent/>! Tu montreras aux petits nouveaux comment on fait, quand t'auras le temps, OK<Indent/>!?"
5812,False,"C'est bien, gamin. Retiens l'importance d'un inventaire précis et à jour."
5813,False,"Comptez sur moi, Chef<Indent/>!"
5814,False,"Je ne l'oublierai pas, Chef."
5815,False,"Côté matos, ça va le faire. En termes de bras, par contre..."
5816,False,"Je m'en charge<Indent/>!"
5817,False,"Bien, pour ce qui est de la suite..."
5818,False,"Je m'en occupe tout de suite<Indent/>!"
5819,False,"On va manquer de matières premières, alors il va falloir en commander."
5820,False,"Dès que tu as fini, tu m'appelles, d'accord<Indent/>?"
5821,False,"Bien compris<Indent/>!"
5822,False,"Fais attention, bon sang<Indent/>!"
5823,False,"Faut rester concentré, sinon c'est l'accident assuré."
5824,False,"Et là, tu donnes un bon coup, bien sec<Indent/>! Ha<Indent/>! Putain, mon doigt<Indent/>!"
5825,False,"Houuu... Ça n'a pas dû faire du bien..."
5826,False,"Un petit clou par-ci, un petit clou par-là<Indent/>!"
5827,False,"C'est à niveau, ça<Indent/>?"
5828,False,"C'est parfait, continue comme ça<Indent/>!"
5829,False,"J'veux pas de clou tordu, c'est compris<Indent/>?"
5830,False,"Chef. Vous pensez que mes planches sont bien posées<Indent/>?"
5831,False,"De la finition de pro, ça<Indent/>!"
5832,False,"À vos ordres, Chef."
5833,False,"Ça, c'est de la sculpture d'avant-garde<Indent/>!"
5834,False,"Ça va aller, tu es sûr<Indent/>?"
5835,False,"Ça ne mange pas de pain de vérifier une fois de plus."
5836,False,"Un, deux, trois, quatre... Mince, j'ai perdu le compte<Indent/>!"
5837,False,"Au risque de me tromper, je pense que vous en étiez à quatre."
5838,False,"Je pense bien que oui<Indent/>!"
5839,False,"On a ce qu'il nous faut<Indent/>?"
5840,False,"Je devrais peut-être ramener deux trois caisses de plus, histoire d'être tranquille."
5841,False,"Vous mettez du cœur à l'ouvrage, dites donc<Indent/>!"
5842,False,"Pensez à vous reposer aussi, par contre."
5843,False,"On tient ça de vous, Chef<Indent/>!"
5844,False,"On aura de quoi faire avec ça<Indent/>! Heu<SoftHyphen/>reu<SoftHyphen/>se<SoftHyphen/>ment qu'on peut compter sur les dons<Indent/>!"
5845,False,"Merci pour votre considération, Chef."
5846,False,"Encore<Indent/>!?"
5847,False,"Je vais montrer aux nouveaux ce que c'est qu'un plancher à niveau<Indent/>!"
5848,False,"Faut toujours garder l'œil sur le clou, sinon... Aïe<Indent/>! Bordel de m...<Indent/>!"
5849,False,"J'ai mal pour vous..."
5850,False,"Mince... Je vais manquer de clou..."
5851,False,"Alors, à quoi on passe ensuite..."
5852,False,"T'as l'air de bien avancer."
5853,False,"Eh ben c'est pas mal, tout ça."
5854,False,"Bim bim bim et rebim<Indent/>!"
5855,False,"Sans vouloir me jeter des fleurs, c'est du beau boulot<Indent/>!"
5856,False,"Vous trouvez, Chef<Indent/>?"
5857,False,"Ça a l'air stable. Vous trouvez pas<Indent/>? J'ose pas imaginer la gueulante que je vais subir si mon tas de pierres s'écroule une seconde fois..."
5858,False,"La formation de ton binôme avance bien à ce que je vois."
5859,False,"Y a pas à dire, je préfère les tâches qui demandent de travailler en silence."
5860,False,"Moi, je te conseille de grimper dessus pour vérifier que tout est bien en place."
5861,False,"Grimper dessus... C'est noté."
5862,False,"Bonne idée. Je commençais justement à avoir un petit creux."
5863,False,"Et si on faisait bientôt une pause<Indent/>?"
5864,False,"Tu m'as l'air d'avoir plus d'endurance qu'avant."
5865,False,"N'oublie jamais, le plus important après la technique, c'est l'endurance<Indent/>!"
5866,False,"Je me suis mis à la muscu, ça doit être pour ça<Indent/>!"
5867,False,"Jetons encore un coup d'œil au plan..."
5868,False,"L'endurance. Bien compris, Chef<Indent/>!"
5869,False,"Mais fais attention, bon sang de bois<Indent/>!"
5870,False,"Elles sont de bonne qualité ces planches, dis donc<Indent/>!"
5871,False,"Bon, cette fois, j'espère que je vais pas me... AAAAH<Indent/>! Saloperie<Indent/>!"
5872,False,"J'espère que vous ne vous êtes pas fait trop mal cette fois."
5873,False,"♪ Pom popopooom..."
5874,False,"Je me demande qui viendra habiter dans celle-là."
5875,False,"Toi, t'auras bientôt plus besoin de moi."
5876,False,"Enfonce un clou après l'autre, et tout ira bien."
5877,False,"Ha ha, vous me flattez trop, Chef<Indent/>! C'est grâce à vous, ça<Indent/>!"
5878,False,"Hmm, on avance plus vite que je l'aurais cru."
5879,False,"Soyez certaine que je suivrai vos en<SoftHyphen/>sei<SoftHyphen/>gne<SoftHyphen/>ments à la lettre, Chef."
5880,False,"Bien sélectionner ses matériaux, ça s'apprend aussi."
5881,False,"Tout doucement... Avec légèreté..."
5882,False,"C'est dingue, j'arrive à juger la qualité de la pierre au premier coup d'œil maintenant<Indent/>!"
5883,False,"On a tout, là<Indent/>?"
5884,False,"Très bien, Chef."
5885,False,"Pas mal<Indent/>! Vous m'avez l'air plus doués pour la sculpture, vous deux<Indent/>!"
5886,False,"Ce qui est bien avec le burin, c'est que c'est plus facile à viser qu'un clou."
5887,False,"Je pense avoir la dextérité qu'il faut pour tailler la pierre."
5888,False,"C'est parti, mon kiki<Indent/>!"
5889,False,"Voilà<Indent/>! Si vous pouviez transporter tout ça, maintenant, s'il vous plaît<Indent/>!"
5890,False,"Ça se présente comment<Indent/>?"
5891,False,"Vérifie encore une fois. J'ai pas envie d'avoir à installer un deuxième échafaudage."
5892,False,"Hmm... Ça va me prendre encore un peu de temps pour restaurer tout ça."
5893,False,"Et si j'utilisais cet enduit que j'ai mis de côté<Indent/>? Ça rendrait bien."
5894,False,"J'ai fini la restauration<Indent/>! Je jette juste un dernier coup d'œil<Indent/>!"
5895,False,"Bien compris, Chef."
5896,False,"Tu veux une dé<SoftHyphen/>mon<SoftHyphen/>stra<SoftHyphen/>tion<Indent/>? Bon, OK. Ouvre grand les mirettes."
5897,False,"Le truc, c'est d'accompagner ton élan avec tout le corps. Comme ça<Indent/>!"
5898,False,"Je suis sûre que tu y arriveras avec assez d'en<SoftHyphen/>traî<SoftHyphen/>ne<SoftHyphen/>ment."
5899,False,"Rah, ça veut pas<Indent/>! C'est du métal ce truc, ou quoi<Indent/>!?"
5900,False,"Y en a toujours que pour lui. Moi aussi, je veux profiter des cours particuliers de la chef..."
5901,False,"Quelle puissance<Indent/>!"
5902,False,"Il fait enfin preuve de pédagogie<Indent/>! C'est merveilleux<Indent/>!"
5903,False,"Ce tas-là, il est pour moi tout seul<Indent/>!"
5904,False,"Faut te servir de tes hanches, aussi."
5905,False,"En effet. Vous êtes vraiment de bon conseil."
5906,False,"La pioche est mon amie... Non, qu'est-ce que disait la chef, déjà<Indent/>?"
5907,False,"Un coup pour Azurée, un coup pour la chef<Indent/>! Un coup pour Azurée, un coup pour la chef<Indent/>!"
5908,False,"Le professeur a fait autant de progrès que son apprenti<Indent/>!"
5909,False,"J'aimerais bien qu'on évalue mon travail, moi aussi..."
5910,False,"C'est bien<Indent/>! Continue comme ça<Indent/>!"
5911,False,"FuhôôôôÔÔÔ<Indent/>!!!"
5912,False,"Comment trouvez-vous que je m'en sors<Indent/>?"
5913,False,"Je me demande laquelle de nous deux cédera la première... Yaaah<Indent/>!"
5914,False,"Mmm<Indent/>! YAAAA<Indent/>!!!"
5915,False,"Déjà la dernière phase de la recon<SoftHyphen/>struc<SoftHyphen/>tion... Je dois en profiter au maximum<Indent/>!"
5916,False,"Un maître et son disciple. Ça fait plaisir à voir<Indent/>!"
5917,False,"Et dire qu'il perdait ré<SoftHyphen/>gu<SoftHyphen/>liè<SoftHyphen/>re<SoftHyphen/>ment son marteau, avant. Il en fait du chemin."
5918,False,"T'en fais pas. Je vais te montrer comment faire<Indent/>!"
5919,False,"Merci beaucoup, Maître."
5920,False,"Ton zèle me plaît, mais pense à te reposer aussi, OK<Indent/>?"
5921,False,"T'as la bosse des maths, toi. T'iras loin."
5922,False,"Chef<Indent/>! C'est de la bonne pierre, ça<Indent/>! Je les ai inspectées une par une<Indent/>!"
5923,False,"Je me sentirais plus à l'aise si je commandais quelques caisses de plus..."
5924,False,"J'ai fait le compte. Poutres, planches, pierres. Tout y est."
5925,False,"Le total devrait tomber juste, je viens de faire le compte<Indent/>!"
5926,False,"Merci bien, je vais pouvoir finir mon inventaire avec ça<Indent/>!"
5927,False,"Bien, tout ça, c'est fait. Je passerai devant le panneau d'in<SoftHyphen/>for<SoftHyphen/>ma<SoftHyphen/>tions tout à l'heure pour voir la suite."
5928,False,"Je note."
5929,False,"Tout m'a l'air prêt ici."
5930,False,"Oui, d'ici<Indent/>! Je peux déjà voir la toile terminée dans ma tête<Indent/>!"
5931,False,"J'ai hâte d'admirer son prochain tableau<Indent/>!"
5932,False,"Il est toujours en train de peindre le monsieur<Indent/>!"
5933,False,"Il doit aimer ça plus que tout au monde<Indent/>!"
5934,False,"Je n'en reviens pas<Indent/>!"
5935,False,"La persévérance, ça paie."
5936,False,"Regarde<Indent/>! J'arrive à éviter mes doigts, maintenant<Indent/>!"
5937,False,"Bravo, Maître."
5938,False,"Exactement<Indent/>!"
5939,False,"Tu t'en sors bien. Continue comme ça."
5940,False,"Vite et bien... C'est la clef..."
5941,False,"J'entends la chef, mais où est-ce qu'elle peut bien être<Indent/>?"
5942,False,"Chef. Vous pensez que mes planches sont bien posées<Indent/>?"
5943,False,"Hop hop hop<Indent/>!"
5944,False,"Je m'y mets dès que j'ai fini ici<Indent/>!"
5945,False,"Bref, voilà ce dont je voudrais que tu t'occupes ensuite."
5946,False,"Qu'il a grandi. Je pourrais bientôt le laisser enseigner tout seul."
5947,False,"Faut bien prendre soin de tous ces matériaux. C'est des dons, après tout."
5948,False,"Te contente pas de les compter. Vérifie aussi qu'elles soient pas abîmées."
5949,False,"Merci du conseil, Maître."
5950,False,"Va me falloir une pause, j'ai les mains gelées<Indent/>!"
5951,False,"On... a réussi<Indent/>?"
5952,False,"Elle tremble... C'est normal, ça<Indent/>?"
5953,False,"Et voilà un joli familier, bien cuit à point<Indent/>!"
5954,False,"Je ne savais pas que la crrréation de familier était un excercice aussi... physique<Indent/>!"
5955,False,"Hmm... Est-ce que c'est sec, tout ça<Indent/>?"
5956,False,"Tiens<Indent/>! Qu'est-ce qui vous amène à Azurée, aujourd'hui<Indent/>?"
5957,False,"Eh bien, je me suis dit que j'allais faire quelques emplettes à L'Abaque, figurez-vous<Indent/>!"
5958,False,"Vous vous rendez aux Contreforts<Indent/>? Permettez que je vous accompagne."
5959,False,"Un chevalier pour moi toute seule<Indent/>? Me voilà sous bonne escorte, dis donc<Indent/>!"
5960,False,"Les fourrures de la sainte Cité sont les plus chaudes du monde<Indent/>!"
5961,False,"Rrrréparation en tout geeenre<Indent/>! Donnez-moi vos outils à rafistoler ou vos vêtements à rapiécer<Indent/>!"
5962,False,"Hmm, je me laisserais bien tenter..."
5963,False,"J'ai tout ce qu'il vous faut<Indent/>! Bougez pas<Indent/>!"
5964,False,"Vous vendez des outils de teinture<Indent/>? J'aimerais bien m'y mettre."
5965,False,"C'est juste renversant... Faudrait que j'essaie d'écrire mes mémoires moi aussi, tiens..."
5966,False,"Aaaaargh<Indent/>! Je me suis démonté le genou sur leurs pavés à la noix de kupo<Indent/>!"
5967,False,"La chaleur m'a fait perdre le fil de mes pensées... De quoi parlait-on déjà<Indent/>?"
5968,False,"La vue de ce côté est pas mal non plus."
5969,False,""
5970,False,"Enfin une fabrique digne de notre talent<Indent/>!"
5971,False,"Nos vitraux vont envahir les étales d'Azurée en un rien de temps<Indent/>!"
5972,False,"Faites confiance à notre milice pour maintenir la paix et l'ordre à Azurée<Indent/>!"
5973,False,"Allez, c'est bientôt l'heure de la ronde."
5974,False,"Vous vous rendez compte<Indent/>? C'est notre nouveau chez nous<Indent/>!"
5975,False,"On sera bien à l'abri du froid là-dedans<Indent/>!"
5976,False,"(soupire)... Il en met du temps à rentrer..."
5977,False,"Je t'attendais pour partager le bon vin que j'ai acheté<Indent/>! Ça t'intéresse<Indent/>?"
5978,False,"Eh bien, qu'est-ce que tu fais toute seule dehors<Indent/>?"
5979,False,"Je suis trop contente qu'on puisse enfin habiter ensemble<Indent/>!"
5980,False,"Allez, viens. On va se mettre au chaud devant un bon feu."
5981,False,"Elle nous rejoint donc ici depuis l'orphelinat, comme convenu<Indent/>?"
5982,False,"Oui, comme une grande<Indent/>! Il faut qu'on lui prépare un accueil chaleureux<Indent/>!"
5983,False,"B-bienvenue chez nous... Euh, chez toi, je veux dire<Indent/>! Enfin..."
5984,False,"Ha ha ha, regarde ton papa. Il est tout gêné<Indent/>!"
5985,False,"Je suis contente de vous avoir pour nouveau papa et nouvelle maman<Indent/>!"
5986,False,"T'en as de la laine sur le dos toi, dis donc<Indent/>!"
5987,False,"Bêêêê<Indent/>!"
5988,False,"En tout cas, ça c'est ce que j'appelle un nid qu'a la classe<Indent/>!"
5989,False,"Parait que si on a le droit d'habiter ici, c'est grâce à Ehll Tou. Parce qu'elle a aidé les humains à bâtir leurs “maisons”<Indent/>!"
5990,False,"F-fais attention, tout de même<Indent/>! Il ne s'agirait pas d'y perdre une main..."
5991,False,"Le mieux pour débiter du bois rapidement, c'est de faire ça en rythme<Indent/>!"
5992,False,"Ces bains ont du succès, ma parole<Indent/>!"
5993,False,"On peut se baigner aussi, kuppo<Indent/>?"
5994,False,"C'est nous qui gérons l'inventaire des instruments pour le concert."
5995,False,"Belle bâtisse<Indent/>! Elle sert à quoi<Indent/>?"
5996,False,"À ce qu'il paraît, c'est là où logeront les invités étrangers en visite à Azurée."
5997,False,"Désolé, nous sommes encore en pleins travaux à l'intérieur."
5998,False,"J'espérais que vous pourriez me les vendre un peu moins cher..."
5999,False,"Approchez, approchez<Indent/>! Nous sommes d'ores et déjà ouverts<Indent/>!"
6000,False,"Que de chemin parcouru..."
6001,False,"La caserne de notre milice sort enfin de terre<Indent/>!"
6002,False,"Nous devrons d'abord terminer les travaux d'intérieurs, et la meubler, bien sûr."
6003,False,"Elle en impose<Indent/>! Quand est-ce qu'on emménage<Indent/>?"
6004,False,"Silence, ça pousse<Indent/>!"
6005,False,"<If(LessThan(PlayerParameter(11),12))><If(LessThan(PlayerParameter(11),4))>Bonsoir<Else/>Bonjour</If><Else/><If(LessThan(PlayerParameter(11),17))>Bonjour<Else/>Bonsoir</If></If>. Cette porte mène directement aux Contreforts."
6006,False,"Aaaaah, rien de tel pour détendre les muscles..."
6007,False,"Je me demande si on pourra passer par là quand tout sera fini..."
6008,False,"Bêêê...<Indent/>!"
6009,False,"Pauvre petit<Indent/>! Tu t'es perdu<Indent/>?"
6010,False,"Karakuku<Indent/>! Ohé<Indent/>!!!<Indent/>... Où a-t-il bien pu passer...<Indent/>?"
6011,False,"Ce bâtiment aura de l'importance, alors je veux du travail soigné."
6012,False,"Merci de m'avoir aidée à transporter mon fidèle partenaire jusqu'ici, soldat."
6013,False,"C'était votre dernière requête en tant que chef canonnière<Indent/>! Tout le plaisir est pour moi<Indent/>!"
6014,False,"Pourquoi ne pas lui chanter une berceuse. J'en connais une qui fonctionne à tous les coups<Indent/>!"
6015,False,"Il a beaucoup de mal à s'endormir der<SoftHyphen/>niè<SoftHyphen/>re<SoftHyphen/>ment. Je ne sais plus quoi faire."
6016,False,"Allons, allons. Rendons visite à Marcelloix. Il n'aura aucun mal à le réparer."
6017,False,"J'suis désolée, grand-père. J'ai cassé le jouet que tu m'as offert. (snif)..."
6018,False,"Je... J'réparais les vitraux, et mon pied a glissé<Indent/>!"
6019,False,"Lâche tout, je te rattrape<Indent/>!"
6020,False,"À mon tour, ensuite<Indent/>!"
6021,False,"Haaaa, j'adore ces leçons de danse<Indent/>!"
6022,False,"Ça fait un bail qu'on a pas joué ensemble..."
6023,False,"Je ne pensais pas qu'ils me trouveraient si rapidement..."
6024,False,"Allons chercher les deux qui manquent<Indent/>!"
6025,False,"J'ai gagné<Indent/>! Je t'ai trouvé<Indent/>!"
6026,False,"Urgh... Haah..."
6027,False,"Désolé, cet accès à l'étage est réservé au personnel soignant."
6028,False,"Oui, ma mie. Je pourrai bientôt rentrer chez nous."
6029,False,"Tu te sens mieux, mon chou<Indent/>?"
6030,False,"Vivement que je puisse remarcher. Je veux voir Azurée autrement qu'en fauteuil roulant, moi."
6031,False,"Où est-ce que j'ai fourré cette pommade<Indent/>?"
6032,False,"Bien, je vois que ça a réussi à trouver le sommeil."
6033,False,"Je suis content d'avoir pu vous revoir<Indent/>!"
6034,False,"Merci d'avoir vérifié<Indent/>!"
6035,False,"Bien, pourvu que ça dure<Indent/>!"
6036,False,"Rien à signaler jusqu'ici, Chef<Indent/>!"
6037,False,"Nous avons le bon compte de planches, et elles sont toutes en parfait état."
6038,False,"Euh... Il y a le compte, là<Indent/>?"
6039,False,"Encore beaucoup de choses au programme<Indent/>?"
6040,False,"La liste est encore longue."
6041,False,"Bon ben, autant bosser si tout le monde se fiche de moi..."
6042,False,"Passons à la suite."
6043,False,"Ça me tire dans le dos à force de rester à quatre pattes comme ça..."
6044,False,"D'accord."
6045,False,"On apprend vite quand on commence."
6046,False,"Après ça, la pause<Indent/>! La chef a dit que c'était important aussi<Indent/>!"
6047,False,"Tu t'en sors mieux que moi<Indent/>!"
6048,False,"J'ai la chance d'avoir un bon professeur."
6049,False,"C'est ce que j'appelle du travail de pro<Indent/>!"
6050,False,"Tu t'en sors très bien."
6051,False,"Vous trouvez ça comment, Chef<Indent/>?"
6052,False,"Chef<Indent/>! Vous pourrez venir à l'étage, pour juger comment je m'en sors<Indent/>!?"
6053,False,"J'essaie de faire ça soigneusement pour pas y perdre un doigt..."
6054,False,"Le moindre clou qui dépasse, je tape<Indent/>!"
6055,False,"C'est du travail soigné, ça. Y a pas un défaut dans la pose."
6056,False,"Oui, aucun retard à déplorer<Indent/>!"
6057,False,"Et sinon, ça avance bien<Indent/>?"
6058,False,"Pas la peine de m'espionner, je bosse dur<Indent/>!"
6059,False,"Parfait. Nous sommes dans les temps<Indent/>!"
6060,False,"Le tout, c'est d'être concentré sur ce qu'on fait..."
6061,False,"De vrais pro<SoftHyphen/>fes<SoftHyphen/>sion<SoftHyphen/>nels<Indent/>!"
6062,False,"Bientôt la fin des travaux... et le début des au revoir..."
6063,False,"Faudra qu'on se rassemble tous ici pour célébrer ça..."
6064,False,"Parfait<Indent/>!"
6065,False,"Finissons ça vite fait. J'ai hâte de me baigner, moi<Indent/>!"
6066,False,"Nous avons tout ce qu'il nous faut, je crois."
6067,False,"Prends garde de ne pas tomber<Indent/>!"
6068,False,"On en voit le bout, alors garde la pêche<Indent/>!"
6069,False,"Fiouu<Indent/>! C'est haut<Indent/>! Enfin, profond..."
6070,False,"Quand j'y pense, les chefs vont rentrer quand on aura fini les travaux..."
6071,False,"Je m'y applique, Chef<Indent/>!"
6072,False,"Eh ben ça m'a l'air de tenir debout, tout ça."
6073,False,"Ce sera la pièce maîtresse. Il faut qu'elle soit impec."
6074,False,"Décidément, vous savez tout faire<Indent/>!"
6075,False,"J'ai maaaaleuuuuuhhh<Indent/>! Pourquoi personne ne m'aide<Indent/>!? Bouhouhou<Indent/>!"
6076,False,"Non, mais<Indent/>! Partez pas comme ça<Indent/>! JE SOUFFRE<Indent/>!"
6077,False,"Encore toi<Indent/>? Pfff..."
6078,False,"Tout a l'air relié comme il faut..."
6079,False,"Si seulement on les avait placées en premier..."
6080,False,"La touche finale<Indent/>!"
6081,False,"Elles seront bientôt toutes connectées entre elles<Indent/>!"
6082,False,"Pratique à utiliser, mais à transporter, je vous raconte pas<Indent/>!"
6083,False,"Il va où ce fil, déjà<Indent/>?"
6084,False,"Qu'on vienne pas me dire que je fous rien après ça<Indent/>! Moi aussi, je bosse dur<Indent/>!"
6085,False,"Avec ça, Azurée aura tout d'une grande ville<Indent/>!"
6086,False,"Ma foi, je suis satisfait du résultat."
6087,False,"Ma muse me parle<Indent/>!"
6088,False,"J'suis fière de vous, les gars<Indent/>!"
6089,False,"Grâce à vous, c'est un chantier de plus qui se termine. Et quel chantier<Indent/>!"
6090,False,"Merci, vous avez tous donné le meilleur de vous-même<Indent/>!"
6091,False,"J'suis... J'suis si ému..."
6092,False,"Ouaaaais<Indent/>!!!"
6093,False,"Le physique l'a emporté sur la matière<Indent/>! Qu'on se le dise<Indent/>!"
6094,False,"Vous sentez que ça se dénoue<Indent/>?"
6095,False,"Trooop booon...<Indent/>!"
6096,False,"Aaaah, on cuit bien là."
6097,False,"Par Halone<Indent/>! Qu'elle est froide<Indent/>!"
6098,False,"Enchaîner chaud et froid, y a rien de mieux<Indent/>!"
6099,False,"Bordel, qu'il fait chaud... Mais un corps divin, ça se paie en sueur et en larmes<Indent/>!"
6100,False,"Le bar sera bientôt ouvert<Indent/>!"
6101,False,"Aaaah, un bain chaud et floconneux comme je l'aime..."
6102,False,"Aaaaah, ça réchauffe..."
6103,False,"Aaaah<Indent/>! Une p'tite boisson fraîche après un bain bien chaud. Ça requinque<Indent/>!"
6104,False,"Des ruines, ici<Indent/>? Sous terre<Indent/>?"
6105,False,"Ce cercle... Ce serait un ancien mécanisme magique<Indent/>?"
6106,False,"Lançons-nous à la poursuite de Misija dès que nous serons prêts<Indent/>!"
6107,False,"Bonne chance, <Split(<Highlight>ObjectParameter(1)</Highlight>, ,1)/><Indent/>!"
6108,False,"Nous assurons vos arrières<Indent/>!"
6109,False,"J'ai tout ce qu'il vous faut<Indent/>!"
6110,False,""
6111,False,""
6112,False,""
6113,False,""
6114,False,""
6115,False,""
6116,False,""
6117,False,""
6118,False,""
6119,False,""
6120,False,""
6121,False,""
6122,False,""
6123,False,""
6124,False,"Moi aussi je veux des cadeaux, kupo<Indent/>!"
6125,False,"Ce biscuit est pour moi, kupo<Indent/>!"
6126,False,"Tant de gaieté<Indent/>! J'adore ces festivités<Indent/>!"
6127,False,"Il y a plein de jeux<Indent/>! Je veux essayer la chasse aux Prœufs<Indent/>!"
6128,False,"Hi hi hi<Indent/>! Ces œufs seront bien cachés, juste ici<Indent/>!"
6129,False,"Quel délicieux parfum, kupo<Indent/>!"
6130,False,"Je veux des biscuits, kupo<Indent/>!"
6131,False,"Pffiou... J'ai le ventre plein, kupo<Indent/>!"
6132,False,"Tiamat va bien<Indent/>?"
6133,False,"On a réussi<Indent/>! Cela devrait aider Arenvald et Fordola..."
6134,False,"L'âme du véritable Bahamut va pouvoir reposer en paix."
6135,False,"Nous avons évité le pire, mais cela reste un coup dur pour les Amalj'aa..."
6136,False,"Je ne vois pas d'af<SoftHyphen/>fron<SoftHyphen/>te<SoftHyphen/>ments près de la tour."
6137,False,"Je ne m'attendais pas à voir les Kobolds débarrrquer<Indent/>!"
6138,False,"Regarde, V'kebbe<Indent/>! Un sorrrbet énorme<Indent/>!"
6139,False,"Ouah<Indent/>! En plus, il est tout mignon<Indent/>!"
6140,False,"Il est vrrraiment splendide... Et si on en emportait quelques-uns<Indent/>?"
6141,False,"Régalez-vous, les filles<Indent/>!"
6142,False,"Oh là là, le soleil tape si fort..."
6143,False,"Mettez-vous à l'ombre un moment, Sire Emmanellain<Indent/>!"
6144,False,"!!!"
6145,False,"..."
6146,False,"... Tu veux le bouffer, c'est ça<Indent/>?"
6147,False,"Face à nos gros muscles..."
6148,False,"... bien qu'ils soient de glace..."
6149,False,"... les bombardos trépassent<Indent/>!"
6150,False,"Plus personne n'est en train de se noyer, on dirait..."
6151,False,"Heu<SoftHyphen/>reu<SoftHyphen/>se<SoftHyphen/>ment..."
6152,False,"Allons, tout est bien qui finit bien<Indent/>!"
6153,False,"Trop bon, ce sorbet<Indent/>!"
6154,False,"Si doux et crrroquant à la fois<Indent/>!"
6155,False,"J'en ai encore des frissons partout<Indent/>!"
6156,False,"J'ai l'impression d'avoir chaud et froid en même temps..."
6157,False,"Y aurait pas eu comme un coup de bise glaciale, là<Indent/>?"
6158,False,"Ce dessert me rafraîchira le corps malgré la cotte de mailles<Indent/>! C'est Halone qui me l'a dit<Indent/>!"
6159,False,"Vous... Vous êtes sûre, Capitaine<Indent/>?"
6160,False,"J'aurais surtout besoin d'une bonne douche..."
6161,False,"Taisez-vous, on a enfin eu droit à une pause<Indent/>!"
6162,False,"Kwé<Indent/>!"
6163,False,"Le passé doit rester là où il est<Indent/>: derrière nous..."
6164,False,"Oui, soyons tourrrnés vers l'avenir<Indent/>!"
6165,False,"Moi aussi, je veux rejoindre le comité de libération nationale."
6166,False,"Je suis prêt à tout pour défendre cette ville."
6167,False,"La mer est si paisible... Je n'ai pas vu ça depuis longtemps."
6168,False,"Bienvenue à Azurée<Indent/>!"
6169,False,"Jolis mouvements<Indent/>!"
6170,False,"Ça donne envie de se trémousser<Indent/>!"
6171,False,"C'est la Grande Célébration d'Azurée<Indent/>!"
6172,False,"Y a plein de trucs à faire<Indent/>!"
6173,False,"Venez vous amuser<Indent/>!"
6174,False,"Après l'effort, le réconfort<Indent/>!"
6175,False,"Je n'ai jamais eu autant de fans<Indent/>!"
6176,False,"Ouah, comment il fait<Indent/>?"
6177,False,"Extraordinaire..."
6178,False,"Pourquoiiii<Indent/>?"
6179,False,"Reprends-toi, enfin<Indent/>!"
6180,False,"N'hésitez pas à participer<Indent/>!"
6181,False,"Les enfants vont adorer<Indent/>!"
6182,False,"On utilise que les meilleures pommes du Coerthas<Indent/>!"
6183,False,"Hmm, ça a l'air super bon<Indent/>!"
6184,False,"On devrait en acheter pour Lycelle et les autres<Indent/>!"
6185,False,"Il y a tant de variétés..."
6186,False,"Qui a envie d'une petite douceur<Indent/>?"
6187,False,"Je n'arrive pas à me décider<Indent/>!"
6188,False,"Une seule solution<Indent/>: tout goûter<Indent/>!"
6189,False,"Bien viser..."
6190,False,"Ouah, elle est trop forte<Indent/>!"
6191,False,"Encore, encore<Indent/>!"
6192,False,"C'est donc comme ça qu'on danse à l'étranger..."
6193,False,"Je veux essayer aussi<Indent/>!"
6194,False,"Une pomme d'amour douce et sucrée..."
6195,False,"Hmm, j'en ai l'eau à la bouche..."
6196,False,"Il y a un super festival<Indent/>!"
6197,False,"On devrait aller voir<Indent/>!"
6198,False,"Ouais, on va bien s'amuser<Indent/>!"
6199,False,"Ouiii<Indent/>!"
6200,False,"Miaou<Indent/>! Miaouuu<Indent/>!"
6201,False,"Rrrr..."
6202,False,"Miaou<Indent/>?"
6203,False,"Miaou miaou<Indent/>!♪"
6204,False,"Cet endroit a été construit pour le repos des artistes<Indent/>?"
6205,False,"Voulez-vous que je m'occupe de la décoration<Indent/>?"
6206,False,"Je vois déjà des vitraux inspirés de vos œuvres..."
6207,False,"Je me demande comment vont les chefs..."
6208,False,"C'est pas le moment de pleurer, elles nous ont confié Azurée<Indent/>!"
6209,False,"Je suis venue voir comment vous vous débrouillez<Indent/>!"
6210,False,"Chef<Indent/>! Vous êtes là<Indent/>!"
6211,False,"Je compte sur vous pour continuer comme ça<Indent/>!"
6212,False,"Cheeeeef<Indent/>! Vous nous avez tellement manqué<Indent/>!"
6213,False,"Il paraît qu'il y a même de quoi prendre des bains."
6214,False,"Vraiment<Indent/>!? Je me gèle, allons en prendre un<Indent/>!"
6215,False,"Ce quartier a tellement changé..."
6216,False,"C'est grâce aux efforts des artisans<Indent/>!"
6217,False,"Ce marteau a fait du bon travail<Indent/>!"
6218,False,"Bien sûr<Indent/>! C'est mon fidèle partenaire<Indent/>!"
6219,False,"Ouah<Indent/>! J'aimerais trop <If(PlayerParameter(4))>la<Else/>le</If> croiser<Indent/>!"
6220,False,"Il paraît que <If(PlayerParameter(4))>l'héroïne<Else/>le héros</If> d'Ishgard est de passage<Indent/>!"
6221,False,"Hop là<Indent/>!"
6222,False,"Wouhouuu<Indent/>!"
6223,False,"Impossible de décider..."
6224,False,"Hi hi<Indent/>! Tu es comme nous, maintenant<Indent/>!"
6225,False,"Où est cachée la peluche gagnante<Indent/>? À vous de trouver<Indent/>!"
6226,False,"Apportez-la au porcelet polisson<Indent/>!"
6227,False,"Ces cadeaux sont pour les artisans<Indent/>!"
6228,False,"Apportez-le à un artisan<Indent/>!"
6229,False,"Voilà des cadeaux pour les marchands<Indent/>!"
6230,False,"C'est pour un marchand, ne vous trompez pas<Indent/>!"
6231,True,"De jolis cadeaux pour les enfants<Indent/>!"
6232,False,"Les enfants seront ravis<Indent/>!"
6233,False,"Joli coup d'aiguille<Indent/>!"
6234,False,"C'est le moment d'utiliser vos petits muscles<Indent/>!"
6235,False,"Vite, à la place centrale<Indent/>!"
6236,False,"J'ai jamais vu autant de peluches<Indent/>!"
6237,True,"Encore<Indent/>! Encore des peluches<Indent/>!"
6238,False,"Faites-en le plus possible<Indent/>!"
6239,False,"Tout le monde est bienvenu<Indent/>!"
6240,False,"Cette bête est vraiment énorme<Indent/>!"
6241,False,"Les jolies cocottes<Indent/>!♪"
6242,False,"Allez, du calme ma belle."
6243,False,"Alors, ça pond<Indent/>?"
6244,False,"Bon... Ça je le mets ici. Ensuite, euh..."
6245,False,"Je vais faire un peu de ménage si je veux eviter les coups de bec..."
6246,False,"Je ne pensais pas pouvoir revoir ces rivages un jour..."
6247,False,"Tous ces adultes ensemble... Ça ne me dit rien de bon."
6248,False,"Oh là... J'ai failli tomber<Indent/>!"
6249,False,"C'est génial de pouvoir s'amuser comme ça à nouveau<Indent/>!"
6250,False,"Personne ne me remarquera ici<Indent/>!"
6251,False,"Ah dommage... J'étais pourtant sûr de mon coup."
6252,False,"Elle est avec Père..."
6253,False,"Veille bien sur lui."
6254,False,"On se retrouvera pour jouer tous ensemble, un jour..."
6255,False,"Je t'ai trouvé, grand frère<Indent/>!"
6256,False,"Dans ce cas on n'a qu'à continuer de jouer à quatre<Indent/>!"
6257,False,"Moi j'aime pas quand tu nous laisses tout seuls..."
6258,False,"Tu n'étais pas facile à dénicher dis donc<Indent/>!"
6259,False,"Quoi qu'il advienne, nous serons toujours une famille."
6260,False,"C'est elle la plus jeune, mais elle est drôlement douée à cache-cache."
6261,False,"Il ne reste plus qu'à trouver ta petite sœur."
6262,False,"Me voilà<Indent/>! Je t'ai apporté ton manteau."
6263,False,"Bon, on va profiter de la fête, maintenant<Indent/>?"
6264,False,"Oh, merci<Indent/>! Allons-y<Indent/>!"
6265,False,"Faites de votre mieux<Indent/>!"
6266,False,"Les charrettes sont ici<Indent/>!"
6267,True,"Attention, bien droit..."
6268,False,"Faites une bonne petite coupe à ce yak<Indent/>!"
6269,False,"J'ai le nez qui me chatouille..."
6270,True,"Je veux essayer, moi aussi<Indent/>!"
6271,False,"Il n'y a pas de cadeaux par ici<Indent/>!"
6272,False,"Inutile d'aller plus loin, c'est ici qu'on joue<Indent/>!"
6273,False,"Il n'y a rien de plus par ici, promis<Indent/>!"
6274,False,"Les renforts sont là, oui<Indent/>!"
6275,False,"Il y a un passage droit devant, oui, tout droit<Indent/>!"
6276,False,"Faites attention, très attention<Indent/>!"
6277,False,"Alors, je vais t'expliquer comment tout cela fonctionne..."
6278,False,"Incroyable..."
6279,False,"C'est le Dragon céleste..."
6280,False,"Quand je raconterai aux autres qu'une dragonne m'a sauvé..."
6281,False,"Quelle puissance incroyable<Indent/>!"
6282,False,"Vas-y, frrrérot<Indent/>!"
6283,False,"Fais-moi péter ce bombardo givré, oui<Indent/>!"
6284,False,"Quelle bataille d'anthologie<Indent/>!"
6285,False,"Courage<Indent/>!"
6286,False,"En avant<Indent/>!"
6287,False,"Les bombarrrdos ne passeront pas<Indent/>!"
6288,False,"Argh... Aaah..."
6289,False,"Garle... mald..."
6290,False,"Uuurgh..."
6291,False,"Il faut en guérir un maximum, et vite<Indent/>!"
6292,False,"Je vais vous soigner<Indent/>!"
6293,False,"Y en a marre des disputes..."
6294,False,"On cherche plus de bouc émissaire, alors<Indent/>?"
6295,False,"Je veux juste que tout s'arrange. Le reste, je m'en fiche."
6296,False,"Faudrait un miracle pour qu'on arrive à tous s'entendre..."
6297,False,"Si moi, j'suis coupable, alors j'te raconte pas les autres..."
6298,False,"Faut voir ce qu'on appelle une erreur..."
6299,False,"L'ennemi a disparu..."
6300,False,"Venez avec nous<Indent/>!"
6301,False,"Amusons-nous tous ensemble<Indent/>!"
6302,False,"Ouah, quelle surprise<Indent/>!"
6303,False,"Saurez-vous la trouver<Indent/>?"
6304,False,"Au porcelet polisson, vite<Indent/>!"
6305,False,"Vous ne voulez pas jouer<Indent/>?"
6306,False,"O-oooh...<Indent/>!"
6307,False,"B-bonne chance..."
6308,False,"L-le porcelet p-polisson vous attend..."
6309,False,"Vous... voulez bien jouer<Indent/>?"
6310,False,"Apportez la peluche gagnante au porcelet polisson<Indent/>!"
6311,False,"Allez, donnez-la au porcelet polisson<Indent/>!"
6312,False,"Le porcelet polisson vous attend<Indent/>!"
6313,False,"Vous êtes <If(PlayerParameter(4))>la bienvenue<Else/>le bienvenu</If><Indent/>!"
6314,False,"Ça ne vous dit pas<Indent/>?"
6315,False,"Venez vous amuser avec nous<Indent/>!"
6316,False,"Pourquoi ne pas essayer<Indent/>?"
6317,False,"Le Mog musculeux vous appelle<Indent/>!"
6318,False,"Le chocobo chatoyant vous appelle<Indent/>!"
6319,False,"Le porcelet polisson vous appelle<Indent/>!"
6320,False,"Essayez, ça ne coûte rien<Indent/>!"
6321,False,"Allez, amusez-vous avez nous<Indent/>!"
6322,False,"Plus on est de fous, plus on rit<Indent/>!"
6323,False,"Attendez-moiii<Indent/>!"
6324,False,"Allez, on y est presque<Indent/>!"
6325,False,"C'est la fêêêêteuuu<Indent/>!"
6326,False,"On est tous là<Indent/>?"
6327,False,"Il y a plein de monde<Indent/>!"
6328,False,"Quelle ambiance<Indent/>!"
6329,False,"J'adore ça<Indent/>!"
6330,False,"C'est tellement excitant<Indent/>!"
6331,False,"Haa... haa... Je dois reprendre mon souffle..."
6332,False,"Depuis le temps que j'attendais ça<Indent/>!"
6333,False,"Un bon coup d'éthérotondeuse, kupo<Indent/>!"
6334,False,"Le chocobo chatoyant raffole de tout ce qui est moelleux<Indent/>!"
6335,False,"Bon, maintenant qu'on est là, il va falloir tout donner pour libérer Bozja."
6336,False,"Yaaah<Indent/>!!!"
6337,False,"Où vont frapper les Impériaux ensuite<Indent/>?"
6338,False,"Écoutez bien, voilà notre prochaine mission..."
6339,False,"Alors c'est vous les renforts de la coalition<Indent/>? Nous sommes tous heureux de vous voir<Indent/>!"
6340,False,"Tant que ces aéronefs font leur patrouille habituelle, tout va bien..."
6341,False,"On va rentrer vivants, je te le promets<Indent/>!"
6342,False,""
6343,False,""
6344,False,""
6345,False,""
6346,False,""
6347,False,""
6348,False,""
6349,False,""
6350,False,""
6351,False,""
6352,False,"Allez, suis-moi<Indent/>!"
6353,False,"Il faut qu'on se dépêche<Indent/>! Au pas de course maintenant<Indent/>!"
6354,False,"Ici, faut monter<Indent/>!"
6355,False,"Voilà Les Rostres. Encore un petit effort<Indent/>!"
6356,False,"Viens, c'est par là<Indent/>!"
6357,False,"Argh... Ah... À l'aide...
Je vous en prie..."
6358,False,"Ouvre l'œil, <Split(<Highlight>ObjectParameter(1)</Highlight>, ,1)/>, et le bon<Indent/>!"
6359,False,"Il suffit que je ferme les yeux pour la revoir observer les mar<SoftHyphen/>chan<SoftHyphen/>di<SoftHyphen/>ses entassées pêle-mêle sur les échoppes. Elle adore ça."
6360,False,"Je ne la trouve pas... Où peut-elle être<Indent/>?"
6361,False,"Se serait-elle cachée dans un de ces coffres<Indent/>!? Non, quelle idée saugrenue..."
6362,False,"Où pouvez-vous bien être, Votre Majesté...<Indent/>?"
6363,False,"Par ici<Indent/>!"
6364,False,"À l'aide..."
6365,False,"J'ai si froid..."
6366,False,"P-pourquoi..."
6367,False,"Je veux rentrer chez moi..."
6368,False,"Merci pour ta lettre<Indent/>!"
6369,False,"Mais tout le plaisir est pour moi<Indent/>!"
6370,False,"Une lettre remplie de bonnes nouvelles... Je ne pouvais pas rêver plus beau cadeau."
6371,False,"Quel magnifique cadeau..."
6372,False,"Il te plaît<Indent/>? Tu peux pas savoir à quel point ça me fait plaisir<Indent/>!"
6373,False,"Ouaaah... Ils ont encore mis les petits plats dans les grands cette année<Indent/>!"
6374,False,"Grr... Graouuu..."
6375,False,"Il faut que je mesure les taux d'éther d'un autre poisson..."
6376,False,"On a de plus en plus d'analyses à faire."
6377,False,"Je... Ma peau... Elle me brûle... Ça fait si mal..."
6378,False,"Pour lui aussi, c'est trop tard...<Indent/>?"
6379,False,"Qu'est-ce... Qu'est-ce qu'on peut faire contre la toxine...<Indent/>!? Qu'est-ce qu'on peut faire<Indent/>!!?"
6380,False,"De l'eau... Je vous en prie... De l'eau..."
6381,False,"Adieu, jours heureux..."
6382,False,"Besoin d'une petite pause..."
6383,False,"Faites plaaace<Indent/>!!!"
6384,False,"Pas le temps, pas le teeemps<Indent/>!"
6385,False,"Prochaine livraison... Voyons..."
6386,False,"C'est reparti pour un touuur<Indent/>!"
6387,False,"Ouais<Indent/>! À fond les carottes<Indent/>!"
6388,False,"Euh, qu'est-ce que je dois faire, déjà...<Indent/>?"
6389,False,"Tiens<Indent/>? Est-ce que ce serait...<Indent/>?"
6390,False,"...<Indent/>?"
6391,False,"Utilise-la... Et ouvre la voie..."
6392,False,"Serait-ce mon imagination...<Indent/>?"
6393,False,"Ces individus sont les derniers... Tous les autres se reposent déjà..."
6394,False,"Ra-laaa... Raaa-laaa..."
6395,False,"Cet individu n'attend plus rien de la vie. Il requiert le repos éternel..."
6396,False,"Ra-laaa... Raaa-laaa..."
6397,False,"Depuis quand la frontière est fermée<Indent/>!?"
6398,False,"Vous plaisantez ou quoi<Indent/>!?"
6399,False,"On devrait avoir réussi à percer toutes les défenses de la tour..."
6400,False,"Pas de nouvelle invocation en vue pour le moment..."
6401,False,"Voir la foi des Arkasodaras détournée de manière aussi abjecte, ça me dégoûte..."
6402,False,"Cette attaque coordonnée des sœurs Magus, c'était quand même un sacré spectacle acrobatique<Indent/>!"
6403,False,"Voilà ce qui est né du désir de retrouver un Empire stable et puissant..."
6404,False,"Les Télophores ont déformé le souhait des Garlemaldais... Personne ne voudrait d'une telle abomination<Indent/>!"
6405,False,"Regardez ces capsules... Qu'y a-t-il à l'intérieur<Indent/>?"
6406,False,"Où sont Zenos et Fandaniel<Indent/>!?"
6407,False,"Combien de victimes ont été sacrifiées pour donner naissance à ce monstre<Indent/>?"
6408,False,"C'est le Primordial le plus hideux que j'ai pu voir..."
6409,False,"Il semble n'y avoirrr personne d'autre ici..."
6410,False,"Après ce qu'on a vu, pas facile de l'abattre..."
6411,False,"Je n'arrive pas à croire que ces bêtes sont en réalité des humains qui se sont transformés..."
6412,False,"Je ne peux m'empêcher de repenser à Amaurote..."
6413,False,"..."
6414,False,"Je peux ressentir la présence de Vrtra... Il continue de se battre dans les airs."
6415,False,"Les bêtes de l'apocalypse..."
6416,False,"Laissons Emet-Selch décider du sort d'Hermès."
6417,False,"Eh bien... Il nous aura fait courir."
6418,False,"Le plus dur est derrière nous... Enfin, j'espère."
6419,False,"Pas de relâchement, il est toujours là<Indent/>!"
6420,False,"Merci, Ysayle..."
6421,False,"Je peux toujours ressentir sa présence..."
6422,False,"Restez sur vos gardes<Indent/>!"
6423,False,"Ça commence à bien faire<Indent/>!"
6424,False,"À ce point-là, c'est de l'acharnement."
6425,False,"Malgrrré toute les douleurs, la vie vaut la peine d'être vécue<Indent/>!"
6426,False,"Ouah, je l'ai sentie passer, celle-là<Indent/>!"
6427,False,"Haa... Haa... Tout le monde va bien<Indent/>?"
6428,False,"Les sentiments qui nous lient nous donneront la force de relever ce défi..."
6429,False,"Notre décision est prise, nous ne reculerons pas<Indent/>!"
6430,False,"Pfiou..."
6431,False,"Toi comme moi, on a tout donné."
6432,False,"On est en trrrain d'écrire l'Histoire... En avant<Indent/>!"
6433,False,"Toutes ces peines... Météion porte un lourd fardeau."
6434,False,"Et dire que tout ça n'était qu'une infime partie de ce que Météion a enduré..."
6435,False,"Un puissant sentiment m'assaille, mais je ne saurais le décrire avec des mots..."
6436,False,"Elle peut nous montrer ce qu'elle veut, rien ne m'arrêtera<Indent/>!"
6437,False,"Choisir d'en finir après une vie bien remplie... Je n'avais jamais pensé à ce cas de figure."
6438,False,"J'ai déjà connu le désespoir. Quoi qu'il arrive, je ne me laisserai pas abattre."
6439,False,"Succomber suite à un terrible mal ou à une guerre sans merci, je peux comprendrrre. Mais ça..."
6440,False,"Ouiiiii<Indent/>!"
6441,False,"Allez vas-y<Indent/>!"
6442,False,"Cours<Indent/>! Plus vite<Indent/>!"
6443,False,"Allez courage<Indent/>! Nous devons protéger les habitants<Indent/>!"
6444,False,"Mrga... Accordez-nous votre puissance<Indent/>!"
6445,False,"Oui<Indent/>! Nous devons les sauver<Indent/>!"
6446,False,"Pourquoi... Quelle horreur..."
6447,False,"Uargh..."
6448,False,"Hah... Hah..."
6449,False,"Je... je suis sauvée...<Indent/>?"
6450,False,"Vous m'aurez pas, saloperies<Indent/>!"
6451,False,"Réponds<Indent/>! Allez, réponds...<Indent/>!"
6452,False,"Non<Indent/>! Je veux pas mourir<Indent/>!"
6453,False,"Ouaaah... Quelle aura im<SoftHyphen/>pres<SoftHyphen/>sion<SoftHyphen/>nante<Indent/>!"
6454,False,"Gluuuur..."
6455,False,"Hiii hiii<Indent/>!"
6456,False,"Ra-la est enfin venu jusqu'ici..."
6457,False,"Ra-la... Cet individu s'offre à toi... Efface son existence..."
6458,False,"Reviens, Ra-la... Mets fin à la vie vide de sens de cet individu..."
6459,False,"Le non-être sera la délivrance de l'Harmonie<Indent/>!"
6460,False,"Aidez notre Harmonie à trouver le sommeil, papillons d'or..."
6461,False,"Papillons d'or, guidez notre Harmonie vers le repos éternel..."
6462,False,"Vague éthérée en préparation... hips<Indent/>! Mettez-vous à l'écart<Indent/>!"
6463,False,"Hips<Indent/>! Attention, vague éthérée en approche<Indent/>!"
6464,False,"Kwah<Indent/>! Kwah<Indent/>!"
6465,False,"Voilà donc à quoi ressemble le sort Cage."
6466,False,"J'ai réussi... Incroyable, j'ai réussi<Indent/>!"
6467,False,"On a gagné, mais j'ai comme un mauvais pres<SoftHyphen/>sen<SoftHyphen/>ti<SoftHyphen/>ment..."
6468,False,"Cet environnement... Comment est-ce possible...<Indent/>?"
6469,False,"Il ne reste plus qu'à l'emprisonner."
6470,False,"Hespéros..."
6471,False,"Haaa... Haaa..."
6472,False,"Qui êtes-vous<Indent/>? N'approchez pas...<Indent/>!"
6473,False,"Il commence quand, ce défilé<Indent/>?"
6474,False,"Quel chic<Indent/>!"
6475,False,"Oh mes Dieux, ce sont elles<Indent/>!"
6476,False,"Bientôt, j'espère<Indent/>!"
6477,False,"J'adore cet ensemble<Indent/>!"
6478,False,"Trop belles<Indent/>!"
6479,False,"J'ai trop hâte de voir les Églantines<Indent/>!"
6480,False,"Ulala, c'est toi la plus jolie<Indent/>!!!"
6481,False,"C'est leur premier concert depuis si longtemps<Indent/>!"
6482,False,"Masha, je t'aaaime<Indent/>!!!"
6483,False,"Narumi<Indent/>!!! Narumi<Indent/>!!!"
6484,False,"Je veux exactement la même tenue<Indent/>!"
6485,False,"Ouaiiiis<Indent/>!"
6486,False,"La classe<Indent/>!"
6487,False,"Wouhouuu<Indent/>!"
6488,False,"Alors c'est parti<Indent/>!"
6489,False,"À bientôt, cher public<Indent/>! On vous aime<Indent/>!"
6490,False,"<If(LessThan(PlayerParameter(11),12))><If(LessThan(PlayerParameter(11),4))>Bonsoir<Else/>Bonjour</If><Else/><If(LessThan(PlayerParameter(11),17))>Bonjour<Else/>Bonsoir</If></If>, Ul'dah<Indent/>!♪"
6491,False,"Le concert vous a plu<Indent/>!?"
6492,False,"Vous êtes prrrêts à bouger avec nous<Indent/>?"
6493,False,"Alors rrrevenez nous voir<Indent/>!"
6494,False,"Kwah<Indent/>! Kwah<Indent/>!"
6495,False,"Wah<Indent/>! Wah<Indent/>!"
6496,False,"Kouh... Kouh..."
6497,False,"Ils ont l'air prêts tous les deux, alors j'y vais<Indent/>!"
6498,False,"Yaaah<Indent/>!"
6499,False,"Allez, encore une fois<Indent/>!"
6500,False,""
6501,False,"J'ai toujours aimé me balader en forêt..."
6502,False,"Mal<SoftHyphen/>heu<SoftHyphen/>reu<SoftHyphen/>se<SoftHyphen/>ment, on a pas le temps de traînasser<Indent/>!"
6503,False,"On continue tout droit<Indent/>!"
6504,False,"Il faut qu'on franchisse ce pont<Indent/>!"
6505,False,"Je dois me dépêcher..."
6506,False,"Qu-qui est là<Indent/>?"
6507,False,"Oh non, quelqu'un me suit<Indent/>!"
6508,False,"Ghyoooh... Ghiii..."
6509,False,"Oooh, il neige<Indent/>!"
6510,False,"C'est tout blanc et tout doux<Indent/>!"
6511,False,"Vous n'avez pas froid, tous les deux<Indent/>?"
6512,False,"Bête mystérieuse, montre-toi<Indent/>! Eh eh eh..."
6513,False,"C'est moi le plus beau<Indent/>!"
6514,False,"Kwé<Indent/>!"
6515,False,"C'est pas mal comme lieu de repos, ja."
6516,False,"Sérieusement... où est-ce qu'il est encore passé<Indent/>?"
6517,False,"Par ici, je vous prie<Indent/>!"
6518,False,"Grands Dieux... Et si nous avions affaire à un enlèvement<Indent/>!?"
6519,False,"Chuuut... Laisse-la dormir un petit peu."
6520,False,"Hiiihihiii<Indent/>!"
6521,False,"Il faut tout préparer<Indent/>!"
6522,False,"Le travail nous attend<Indent/>!"
6523,False,"C'est par ici que ça se passe<Indent/>!"
6524,False,"Un dernier tour pour la route<Indent/>!"
6525,False,"Hop, hop, hop<Indent/>!"
6526,False,"On s'active<Indent/>!"
6527,False,"Hmm hmm hmmmm...♪"
6528,False,"Pas de repos pour les Lopo<Indent/>!"
6529,False,"Hé, m'oubliez pas<Indent/>!"
6530,False,"Attendez-moi<Indent/>!"
6531,False,"J'ai... les pattes..."
6532,False,"En... compote..."
6533,False,"Elle avait l'air moins lourde, dans la vitrine..."
6534,False,"Tu fais un peu pitié..."
6535,False,"Ce sujet est fascinant... Il mérite d'être abordé à la prochaine réunion..."
6536,False,"Cherche plus d'in<SoftHyphen/>for<SoftHyphen/>ma<SoftHyphen/>tions sur l'auteur de ce traité, s'il te plaît."
6537,False,"À VOS ORDRES, MAÎTRESSE."
6538,False,"Je vous cherrrchais, les filles<Indent/>!"
6539,False,"Cette cliente en met du temps... Mes fleurrrs vont finir par se flétrir."
6540,False,"Certes, mais la méthode tra<SoftHyphen/>di<SoftHyphen/>tion<SoftHyphen/>nel<SoftHyphen/>le n'offre pas le même résultat..."
6541,False,"Qu'est-ce que je vais bien pouvoirrr manger au <If(LessThan(PlayerParameter(11),12))><If(LessThan(PlayerParameter(11),4))>dîner<Else/>petit-déjeuner</If><Else/><If(LessThan(PlayerParameter(11),17))>déjeuner<Else/>dîner</If></If><Indent/>?"
6542,False,"Je cherche des livres sur le troisième fléau..."
6543,False,"Ce n'est pas le livre que je cherche... Celui-là non plus..."
6544,False,"Ça dépasse mon budget... Mais ce serait si utile à mes recherches..."
6545,False,"Rien ne vaut une bonne tasse de café au Dernier Rempart<Indent/>!"
6546,False,"Un jour, je recevrai la marque des Preux. Je te le promets<Indent/>!"
6547,False,"Voyons si le compte est bon..."
6548,False,"Qu'est-ce qu'elles sont bavardes, les mamans..."
6549,False,"Qu'a-t-on fait de ce dossier<Indent/>?"
6550,False,"Trouvez-vous que le Conseil écoute suf<SoftHyphen/>fi<SoftHyphen/>sam<SoftHyphen/>ment les citoyens<Indent/>?"
6551,False,"Voilà en bref ce que j'ai pensé de cette conférence..."
6552,False,"Il devrait arriver d'une minute à l'autre... Ou presque..."
6553,False,"Ce n'est pas logique. Nous devrions remesurer."
6554,False,"Envoyez-moi ça, ça, et ça au Labyrinthos en priorité."
6555,False,"Avec tous les devoirs qu'on a reçus, j'aurais besoin d'un délai sup<SoftHyphen/>plé<SoftHyphen/>men<SoftHyphen/>tai<SoftHyphen/>re..."
6556,False,"T'es au courant pour la société de Khalzahl<Indent/>?"
6557,False,"Que cette paix dure pour toujours..."
6558,False,"Tu as tout acheté, hein<Indent/>? On peut enfin rentrer<Indent/>?"
6559,False,"Ne restez pas debout près de moi comme ça, là. Vous m'empêchez de me concentrer."
6560,False,"Bienvenue à Radz-at-Han, la capitale aux mille couleurs<Indent/>!"
6561,False,"Alors... une potion contre l'insomnie..."
6562,False,"Il faut produire plus de médicaments."
6563,False,"Que vont devenir les marchands de la région...<Indent/>?"
6564,False,"Je sais pas pourquoi, mais être ici me revigore..."
6565,False,"Les ventes sont vraiment mauvaises..."
6566,False,"C'est maintenant qu'il faut penser à renouveler notre système de commerce<Indent/>!"
6567,False,"Approchez approchez<Indent/>! J'ai de tout, du neuf du vieux, n'hésitez pas tout est en promotion<Indent/>!"
6568,False,"Les objets sont de bonne qualité, mais je n'ai pas vraiment les moyens..."
6569,False,"Les couleurs sont vraiment belles."
6570,False,"Voyons voir..."
6571,False,"Bon, en tout cas il y a assez d'eau."
6572,False,"Oui, c'est bon<Indent/>! Ah, non attends<Indent/>! Il manque un truc<Indent/>! C'est le dernier, promis<Indent/>!"
6573,False,"Par où commencer...<Indent/>?"
6574,False,"Tout ça est à destination de la Petite Sharlayan<Indent/>?"
6575,False,"Conservé... en parfait... état."
6576,False,"Nous devrions réexaminer ce spécimen."
6577,False,"Ces potirrrons ont déjà une bonne tête<Indent/>!"
6578,False,"Un vrai savant ne cesse jamais d'étudier, même pendant sa pause..."
6579,False,"Nous manquons cruellement de documentation..."
6580,False,"T'as du nouveau à propos du délai<Indent/>?"
6581,False,"Je ne détecte aucune irrégularité..."
6582,False,"Vérifiez une seconde fois, par mesure de sûreté."
6583,False,"N'y a-t-il donc pas moyen d'ouvrir de nouvelles routes commerciales<Indent/>?"
6584,False,"Doucement, c'est important de ne pas la faire tourner trop vite."
6585,False,"Je dois d'abord reprendre mon calme..."
6586,False,"Je dois m'entraîner pour le satrape<Indent/>!"
6587,False,"Un poste près du feu. C'est ça le bon plan."
6588,False,"Ne sous-estimez pas le froid, bien compris<Indent/>!? Ici, ce sera votre principal ennemi<Indent/>!"
6589,False,"Pfiou... Trimballer des caisses dans la neige, c'est une autre paire de manches..."
6590,False,"Hé toi<Indent/>! Vide ton sac<Indent/>!"
6591,False,"Y a plus de neige là-dessus<Indent/>? Pas envie que ma hallebarde rouille, moi..."
6592,False,"Argh... Aah..."
6593,False,"Vous avez tous rejoint l'autre monde... Pourquoi je dois encore rester là, moi, hein<Indent/>?"
6594,False,"On va tous finir gelés si ça continue..."
6595,False,"Snif... J'ai faim... Quand est-ce qu'on aura quelque chose à manger...<Indent/>?"
6596,False,"J'ai plus rien, en fait... J'ai tout perdu, bordel<Indent/>!"
6597,False,"Ma chérie... ma fille... Je..."
6598,False,"État du système, OK<Indent/>! Traitement des données, OK<Indent/>!"
6599,False,"Je vais annoncer la répartition des tâches<Indent/>!"
6600,False,"Euh... Qu'est-ce que je dois faire, déjà<Indent/>?"
6601,False,"Ne pas oublier que les derniers changements s'appliquent là aussi..."
6602,False,"C-c'est plus haut que ça en avait l'air..."
6603,False,"Toute la procédure est à revoir depuis le début..."
6604,False,"Mettons nos idées en commun pour trouver une solution<Indent/>!"
6605,False,"C'est l'heure de se retrousser les manches<Indent/>!"
6606,False,"Zzzz..."
6607,False,"Hmmm... Ça peut valoir le coup d'essayer..."
6608,False,"Au boulot, têtes de boulon<Indent/>! Je veux que ce lac brille comme un miroir<Indent/>!"
6609,False,"Allez, on termine ça aujourd'hui<Indent/>!"
6610,False,"Reçu cinq sur cinq<Indent/>!"
6611,False,"Je sens que la prochaine récolte sera excellente<Indent/>!"
6612,False,"Avec ça, on sera tranquilles pour un moment."
6613,False,"Comme ça briiille<Indent/>!"
6614,False,"Rien n'est plus beau que le cycle de la vie."
6615,False,"Je vais en cueillir encore quelques-unes."
6616,False,"Le repos fait partie du travail."
6617,False,"Voilà, c'est bien..."
6618,False,"Ce serait un bon endroit pour observer cette nouvelle créature aquatique..."
6619,False,"Tu travailles trop. Tu devrais te reposer un peu."
6620,False,"Ton exercice de vol était parfait, je suis fier de toi<Indent/>!"
6621,False,"Vu son poids et l'énergie nécessaire aux battements d'ailes, il devrait pouvoir voler sur de longues périodes."
6622,False,"Hmm... Mes pensées se sont égarées..."
6623,False,"La vacuité... la solution..."
6624,False,"Quels magnifiques vers... Ha ha ha..."
6625,False,"Analyse... Restauration jugée nécessaire..."
6626,False,"Il faut trouver un moyen d'écouler la soie invendue..."
6627,False,"Transportons les mar<SoftHyphen/>chan<SoftHyphen/>di<SoftHyphen/>ses jusqu'au quai."
6628,False,"Je devrais peut-être procéder à deux, trois ajustements..."
6629,False,"Je m'en passerais bien..."
6630,False,"Bien, les aliments à longue conservation sont tous à l'abri."
6631,False,"Je sens plus mes bras..."
6632,False,"Mais non, c'est dans ta tête<Indent/>!"
6633,False,"Oula... C'est beaucoup trop haut ici<Indent/>!"
6634,False,"Allez, à l'étage suivant..."
6635,False,"N'hésitez pas à me dire si vous avez besoin de quoi que ce soit, je ferai en sorte de vous le procurer."
6636,False,"Ne bougez pas, j'attends qu'on apporte mes quelques bagages."
6637,False,"C'est les derniers de la liste<Indent/>?"
6638,False,"Quand est-ce qu'il arrive, le prochain<Indent/>?"
6639,False,"Mais c'est passionnant, comme sujet de mémoirrre<Indent/>!"
6640,False,"Nous avons bien reçu votre formulaire d'entrée. Voici votre numéro de dossier."
6641,False,"Je m'achèterais bien un nouveau roman pour la route<Indent/>!"
6642,False,"Tu as vu ce comptoir<Indent/>? J'adore l'uniforme des employés<Indent/>!"
6643,False,"Je crois que j'ai besoin d'un petit remontant..."
6644,False,"Ça me fait vraiment plaisir de vous revoir<Indent/>!"
6645,False,"N'hésitez pas à revenir nous voir<Indent/>!"
6646,False,"Attention, c'est trrrès fragile<Indent/>!"
6647,False,"Mais le compte n'y est pas<Indent/>! Qui était chargé de vérifier<Indent/>?"
6648,False,"Vous me prévenez si vous trouvez des nuisibles, c'est clair<Indent/>?"
6649,False,"Fiou... Je prendrais bien une pause<Indent/>!"
6650,False,"Pour t'aider dans tes expériences, je parie<Indent/>?"
6651,False,"Aaahhhh..."
6652,False,"Oups, j'ai justement une affairrre à régler..."
6653,False,"Notez bien d'en recommander auprès du même fournisseur."
6654,False,"Pshhh... C'est juste un fruit, promis juré craché<Indent/>!"
6655,False,"Je ne connais pas cette variété. Et vous affirmez qu'il est comestible<Indent/>?"
6656,False,"Zéro danger<Indent/>! Donc si l'humain pouvait signer cette au<SoftHyphen/>to<SoftHyphen/>ri<SoftHyphen/>sa<SoftHyphen/>tion..."
6657,False,"Pshhh... Les gentils Gobelins ne mentent presque jamais<Indent/>!"
6658,False,"Je vais me faire plaisir avec ces fruits..."
6659,False,"Ils ont tous l'air si juteux... J'hésite..."
6660,False,"Qui veut de mes délicieux fruits frais<Indent/>? Approchez<Indent/>!"
6661,False,"J'ai la dalle... On va casser la croûte<Indent/>?"
6662,False,"Allons à la cafèt'. C'est pas ce qu'il y a de meilleur, mais ça dépanne."
6663,False,"Comme ça sent booon<Indent/>!"
6664,False,"Dépose ça dans l'entrepôt."
6665,False,"Euh... Le numéro deux, c'est ça<Indent/>?"
6666,False,"Soufflons un bon coup avant la prochaine patrouille."
6667,False,"Je suis tellement contente de pouvoir reprendre nos petites discussions comme ça..."
6668,False,"Quel soulagement de voir que tu vas bien<Indent/>!"
6669,False,"Merci beaucoup."
6670,False,"Merci à vous<Indent/>!"
6671,False,"Je dois me rendre à L'Aporie."
6672,False,"Puis-je voir votre au<SoftHyphen/>to<SoftHyphen/>ri<SoftHyphen/>sa<SoftHyphen/>tion<Indent/>?"
6673,False,"On m'a appelé pour ajuster la température."
6674,False,"L'idéal serait de l'accorder au taux d'humidité."
6675,False,"On va bientôt manquer d'engrais."
6676,False,"Préviens le responsable."
6677,False,"Comptez sur moâ<Indent/>!"
6678,False,"Ne peut-on pas épaissirrr la coque d'un ou deux ilms<Indent/>?"
6679,False,"Ça nécessiterait des matériaux sup<SoftHyphen/>plé<SoftHyphen/>men<SoftHyphen/>tai<SoftHyphen/>res..."
6680,False,"Et les ressources qu'on a commandées<Indent/>?"
6681,False,"Allez savoir où elles sont passées..."
6682,False,"Séparez-vous pour inspecter la zone."
6683,False,"J'IRAI PAR LÀ."
6684,False,"ET MOI, PAR LÀ-BAS."
6685,False,"Et moâ, par ici<Indent/>!"
6686,False,"La fin est un nouveau commencement."
6687,False,"Son tempérament semble assez stable."
6688,False,"Je vais tenter de la sortir de l'Anagnorisis."
6689,False,"Cette mousse continue de se développer sur sa tête."
6690,False,"C'est un cas de symbiose très intéressant..."
6691,False,"Je crois que c'est un signe d'affection."
6692,False,"Bip bip... Pshhh... Erreur 4014.
Échec de la restauration."
6693,False,"Systèmes endommagés.
Nouvelle tentative de restauration..."
6694,False,"Vous préférez emporter lesquelles en premier<Indent/>?"
6695,False,"Les carottes de la vivacité<Indent/>! Et on en croque une ou deux pour aller plus vite<Indent/>!"
6696,False,"Les carottes du tonus<Indent/>! Une bouchée, et on soulèvera ces caisses d'une seule patte<Indent/>!"
6697,False,"Qu'est-ce que les humains aiment manger<Indent/>?"
6698,False,"Euh..."
6699,False,"Sûrement des carottes..."
6700,False,"Que donne le contrôle de la qualité de l'eau<Indent/>?"
6701,False,"Apparence, OK<Indent/>!"
6702,False,"Gloups... Goût, OK<Indent/>!"
6703,False,"Odeur, OK<Indent/>!"
6704,False,"Ça avance, ce projet<Indent/>?"
6705,False,"Disons plutôt que ça recule."
6706,False,"Trop de soucis à régler..."
6707,False,"Ne t'en fais pas. Il a pro<SoftHyphen/>ba<SoftHyphen/>ble<SoftHyphen/>ment trouvé refuge autre part, voilà tout..."
6708,False,"Snif... Huhu... Papa..."
6709,False,"Dis-moi où tu as mal..."
6710,False,"Mon... aïe<Indent/>! Mon bras... Ça fait des jours qu'il me fait mal..."
6711,False,"Oh non<Indent/>! Attention<Indent/>!"
6712,False,"Ouaaaaah<Indent/>!!!!"
6713,False,"Qu'est-ce qu'on fait pour les stocks de nourriture<Indent/>?"
6714,False,"Nous n'avons pas le choix, vendons-les à la ville."
6715,False,"On devrait demander à la pro<SoftHyphen/>prié<SoftHyphen/>taire du meyhane."
6716,False,"Voilà le chargement demandé, Patron<Indent/>!"
6717,False,"Celui-ci est pour le bateau suivant, triple andouille<Indent/>! Va le remettre à sa place."
6718,False,"Euh... Je suis censé transporter tout ça en une fois<Indent/>?"
6719,False,"Va chercher du renfort. Je reste pour surveiller la cargaison."
6720,False,"Faites que ce fichu contrôle soit enfin terminé..."
6721,False,"C'est bon, je peux emporter cette caisse<Indent/>?"
6722,False,"CONTRÔLE DES DOCUMENTS EN COURS. VEUILLEZ PATIENTER."
6723,False,"C'est bon, je peux récupérer cette cargaison<Indent/>?"
6724,False,"Pas encore. On n'a pas terminé de vérifier son contenu."
6725,False,"Ah, je vous cherchais<Indent/>! Auriez-vous l'obligeance de me rendre un service<Indent/>?"
6726,False,"Naturrrellement, Madame. Que puis-je pour vous<Indent/>?"
6727,False,"Tu vas au Dernier Rempart<Indent/>? J'en reviens, justement<Indent/>!"
6728,False,"Membre du Conseil ou non, on ne change pas les vieilles habitudes<Indent/>!"
6729,False,"CONDITION DE CETTE ÉTAGÈRE<Indent/>: EXCELLENTE<Indent/>!"
6730,False,"Les stocks devraient tenir encore quelque temps..."
6731,False,"Je vous apporte des matériaux<Indent/>!"
6732,False,"Merci<Indent/>! Mais ça, ça va là-bas<Indent/>!"
6733,False,"Tout va bien pour le moment."
6734,False,"Où est-ce que je dois apporter cette caisse<Indent/>?"
6735,False,"À la soierie, s'il vous plaît."
6736,False,"Autre chose à transporter<Indent/>?"
6737,False,"Ça, ça... Ah, et puis ça aussi<Indent/>!"
6738,False,"J'ai apporté ce que vous aviez demandé."
6739,False,"Ah, merci bien<Indent/>!"
6740,False,"J'emporte lequel, cette fois<Indent/>?"
6741,False,"Celui-ci, je vous prie."
6742,False,"T'en as encore pour longtemps<Indent/>?"
6743,False,"Je n'y peux rien, il n'y a pas pile-poil ce que je veux..."
6744,False,"Faudra se réapprovisionner en céréales..."
6745,False,"On arrive déjà à court de fourrage<Indent/>?"
6746,False,"Est-ce que mon colis est arrivé<Indent/>?"
6747,False,"Toujours pas, non."
6748,False,"Pfff... Compris, je repasserai plus tard."
6749,False,"Vous n'avez rien contre les maux de ventre<Indent/>?"
6750,False,"Désolée, on est en rupture de stock."
6751,False,"Je peux avoir plus de matériaux<Indent/>?"
6752,False,"Déjà<Indent/>? Tiens, en espérant que ça suffira cette fois."
6753,False,"T'as compris un truc au dernier cours, toi<Indent/>?"
6754,False,"Non, j'étais largué..."
6755,False,"Je m'en doutais. On est foutus..."
6756,False,"Bon allez, je vais au Creuset de l'Al-Kimiya<Indent/>!"
6757,False,"Passe-leur le bonjour pour moi<Indent/>!"
6758,False,"Bip bip... Pshhh... Rien à signaler. Base en parfait état."
6759,False,"Tiens<Indent/>? Qu'étais-je venu faire ici, déjà<Indent/>?"
6760,False,"Aaah... Ma conscience dérive... Je sens qu'elle s'évapore..."
6761,False,"Tu vas quelque part<Indent/>?"
6762,False,"Je vais au bureau des créations voir un concept dont je veux m'inspirer."
6763,False,"Que vas-tu encore cultiver, cette fois<Indent/>!?"
6764,False,"Mon plus grand chef-d'œuvre<Indent/>!!!"
6765,False,"J'ai ramené plus de peinture<Indent/>!"
6766,False,"Urgh... Vêtements, j'aime pas ça<Indent/>!"
6767,False,"Petits petits hippos... Protéger..."
6768,False,"Écoute, essaie au moins de les garder un moment. Tu vas t'y habituer<Indent/>!"
6769,False,"Je vous ai dit d'arrêter de me suivre<Indent/>!"
6770,False,"Par ici<Indent/>! Hé oh<Indent/>!"
6771,False,"Allez-y, utilisez le canon à plasma magitek<Indent/>!"
6772,False,"C'est fini, il faut battre en retraite<Indent/>!"
6773,False,"Quel honneur<Indent/>! Il m'a parlé<Indent/>! Je n'en reviens pas<Indent/>!"
6774,False,"Par les Douze<Indent/>! Alphinaud Leveilleur en chair et en os<Indent/>! Je n'en crois pas mes yeux<Indent/>!"
6775,False,"Personne<Indent/>? J'y vais<Indent/>!"
6776,False,"J'ai les doigts tout engourdis..."
6777,False,"Faut pas que je traîne ici..."
6778,False,"Nous sommes ennemis<Indent/>! N'approchez pas<Indent/>!"
6779,False,"Hein<Indent/>!?"
6780,False,"Je crois que je l'ai semé<If(PlayerParameter(4))>e<Else/></If>."
6781,False,"Ici aussi, la voie est bloquée..."
6782,False,"Je rentre, j'irai pas au camp<Indent/>!!"
6783,False,"J'ai dû rêver..."
6784,False,"Il y a quelqu'un, là-bas<Indent/>!?"
6785,False,"C-c'est pas vrai<Indent/>!?"
6786,False,"Personne ne m'a suivie, j'espère..."
6787,False,"I-il y a quelqu'un<Indent/>?"
6788,False,"Ça doit être mon imagination... Ou alors une créature qui passait par là..."
6789,False,"Aaah... Je suis... à bout de souffle..."
6790,False,"Les monstres se tiennent au loin... Pourvu que ça dure<Indent/>!"
6791,False,"J'ai vraiment réussi à m'échapper incognito<Indent/>? La chance<Indent/>!"
6792,False,"Il faut absolument que j'arrive à informer les autres."
6793,False,"Encore un peu..."
6794,False,"Allez, j'y suis presque<Indent/>! Encore quelques foulées..."
6795,False,"Par ici<Indent/>!"
6796,False,"Maman<Indent/>! Tiens bon<Indent/>!"
6797,False,"Vite, il faut sauver ma maman<Indent/>!"
6798,False,"On y est presque<Indent/>!"
6799,False,"D'abord il faut passer la colline."
6800,False,"Puis rejoindre la route..."
6801,False,"Il suffit de suivre le chemin jusqu'à la gare maintenant, c'est ça<Indent/>?"
6802,False,"Haaa... Haaa... Pas facile de courir dans la poudreuse<Indent/>!"
6803,False,"Faisons attention aux créatures aux alentours..."
6804,False,"C'est ça la gare dont Jullus nous a parlé<Indent/>?"
6805,False,"............"
6806,False,"Qu'est-ce que tu r'gardes, toi<Indent/>!?"
6807,False,"Hein<Indent/>!?"
6808,False,"Heiiiiin<Indent/>!?"
6809,False,"Revendons vite c'te camelote et allons boire un coup<Indent/>!"
6810,False,"Hm<Indent/>? J'entends des choses<Indent/>?"
6811,False,"Continuons de le suivre en gardant nos distances."
6812,False,"Le chemin est étroit, soyons prudent<If(PlayerParameter(4))>e<Else/></If>s."
6813,False,"Voilà sûrement un de ses complices<Indent/>!"
6814,False,"Les rues de Radz-at-Han sont si colorées<Indent/>!"
6815,False,"Nous devons trouver une preuve pour aider cette pauvre femme."
6816,False,"xoxo..."
6817,False,"Mais qu'est-ce qui se passe... Où est le satrape<Indent/>!?"
6818,False,"Je les ai vues<Indent/>! Des horribles créatures<Indent/>!"
6819,False,"Est-ce que... tout le monde va bien<Indent/>?"
6820,False,"J'ai réussi à m'enfuir... Mais je ne comprends rien à ce qui s'est passé..."
6821,False,"Il vaudrait mieux attendre les ordres du satrape..."
6822,False,"Voilà ce qui me tracasse..."
6823,False,"En effet, je n'y avais jamais pensé sous cet angle..."
6824,False,"Ça m'inquiète tellement<Indent/>!"
6825,False,"Des fois, il faut savoir prendre de la hauteur<Indent/>!"
6826,False,"Non, écoutez-moi plutôt. En prenant le problème à l'envers..."
6827,False,"Ne vous en faites pas<Indent/>! Vos calculs sont bons, j'en suis sûr<Indent/>!"
6828,False,"Miaou<Indent/>!"
6829,False,"Miaaah<Indent/>? Miaou miaaah<Indent/>!"
6830,False,"Ou-hou-ha-ha<Indent/>!"
6831,False,"Ou-hou...<Indent/>?"
6832,False,"Bip... Bip..."
6833,False,"Réévaluation de la situation..."
6834,False,"Biiip... Bzzzt<Indent/>!"
6835,False,""
6836,False,"Je pense que ça ira comme ça..."
6837,False,"Tu es vraiment sûr de toi<Indent/>?"
6838,False,"Qu'est-ce que ça pousse<Indent/>!"
6839,False,"Si le goût suit, c'est du tout bon<Indent/>!"
6840,False,"J'adore ces fixés sous verre<Indent/>!"
6841,False,"Quelle délicatesse dans le trait<Indent/>!"
6842,False,"Chance moyenne, hein..."
6843,False,"Qu'est-ce qui était écrit, exactement<Indent/>?"
6844,False,"Ouah, pas mal du tout<Indent/>!"
6845,False,"Il paraît que je dois me lâcher au combat<Indent/>!"
6846,False,"C'est l'année du lapin, c'est ça<Indent/>?"
6847,False,"Les coutumes orientales sont pas<SoftHyphen/>sion<SoftHyphen/>nan<SoftHyphen/>tes..."
6848,False,"On va bien s'amuser<Indent/>!♪"
6849,False,"C'est au moins la cinquième fois que tu essayes<Indent/>!"
6850,False,"Toujours pas de chance..."
6851,False,"Moi aussi, j'ai envie de tirer un omikuji..."
6852,False,"À partir d'aujourd'hui, on sera les meilleures amies<Indent/>!"
6853,False,"Il ne faut pas prendre les omikuji à la lettre..."
6854,False,"Tout le monde a l'air de bien s'amuser."
6855,False,"Hmm... Ca ira pour l'as<SoftHyphen/>sai<SoftHyphen/>son<SoftHyphen/>ne<SoftHyphen/>ment<Indent/>?"
6856,False,"Alors<Indent/>? On se sent mieux, hein<Indent/>!"
6857,False,"Hé<Indent/>! T'as déjà mangé<Indent/>?"
6858,False,"Les affaires marchent bien ces derniers temps."
6859,False,"Ça fait plaisir à entendre<Indent/>!"
6860,False,"Il faut que je m'en occupe aussi..."
6861,False,"Est-ce que je devrais tous les rentrer dans le garage<Indent/>?"
6862,False,"Salut<Indent/>!"
6863,False,"Ohé<Indent/>! Ça roule<Indent/>?"
6864,False,"Coucou<Indent/>!"
6865,False,"Que va-t-on faire des bâtiments inutilisés...<Indent/>?"
6866,False,"C'est Trna qui décide de tout<Indent/>!"
6867,False,"Ah bon<Indent/>? Je lui demanderai alors<Indent/>!"
6868,False,"Allez, ouvre grand<Indent/>! Et mâche bien<Indent/>!"
6869,False,"Il va falloir bien tout nettoyer ici..."
6870,False,"Là... Voilà... Repose-toi maintenant."
6871,False,"On a trouvé tout le trésor<Indent/>?"
6872,False,"C'est quoi, cet endroit<Indent/>?"
6873,False,"Une pièce cachée, hein..."
6874,False,"Une sentinelle puissante pour garder la salle du trésor... C'est noté<Indent/>!"
6875,False,"J'ai amené des brochettes de hamsa<Indent/>!"
6876,False,"Il compte manger ça à lui tout seul<Indent/>!?"
6877,False,"Moi j'veux du poisson, pas du hamsa<Indent/>!"
6878,False,"Tu as toutes les pièces qu'il te faut<Indent/>?"
6879,False,"Et comme ça... Est-ce que ça marche<Indent/>?"
6880,False,"Attention<Indent/>! Oh<Indent/>!"
6881,False,"Vite, vite<Indent/>! Je vais être en retard pour ma livraison<Indent/>!"
6882,False,"Tout va bien, merci<Indent/>!"
6883,False,"Le plus dur est à venir..."
6884,False,"Fé<SoftHyphen/>li<SoftHyphen/>ci<SoftHyphen/>ta<SoftHyphen/>tions<Indent/>!"
6885,False,"Vous êtes <If(PlayerParameter(4))>im<SoftHyphen/>prrres<SoftHyphen/>sion<SoftHyphen/>nante<Else/>im<SoftHyphen/>prrres<SoftHyphen/>sion<SoftHyphen/>nant</If><Indent/>!"
6886,False,"Bien joué<Indent/>!"
6887,False,"Dur de trouver le bon rythme..."
6888,False,"Je ne perdrai pas<Indent/>!"
6889,False,"Oh là là, je vais tomber<Indent/>!"
6890,False,"J'y suis presque<Indent/>!"
6891,False,"Je n'aban<SoftHyphen/>don<SoftHyphen/>ne<SoftHyphen/>rai pas après êtrrre arrivée si loin..."
6892,False,"A-allez, je peux le faire..."
6893,False,"C'est par ici pour le parcours<Indent/>!"
6894,False,"Venez vous essayer au nouveau parcours<Indent/>!"
6895,False,"C'est par ici pour le nouveau parcours<Indent/>!"
6896,False,"Glou glou..."
6897,False,"J-je dois le sauver<Indent/>!"
6898,False,"Je suis tombée, mais c'est superrr agréable ici..."
6899,False,"En avant, Porom<Indent/>!"
6900,False,"D'accord<Indent/>!"
6901,False,"Qu'est-ce qu'on fait<Indent/>?"
6902,False,"On essaie le nouveau parcours<Indent/>!"
6903,False,"Ça a l'air drôle<Indent/>!"
6904,False,"C-c'est trop dur pour nous..."
6905,False,"Tu te débrouilles pas mal<Indent/>!"
6906,False,"Je vais te montrer ce que je sais faire<Indent/>!"
6907,False,"Ouais<Indent/>! Allez<Indent/>!"
6908,False,"Vous êtes tous les deux supers<Indent/>!"
6909,False,"Regardez un peu ces muscles<Indent/>!"
6910,False,"Mes muscles sont heureux aujourd'hui encore<Indent/>!"
6911,False,"Je sens un regard passionné... Allez-y, observez mes muscles<Indent/>!"
6912,False,"Quels beaux muscles..."
6913,False,"J'essaierai le parrrcours quand je serai grande<Indent/>!"
6914,False,"Moi aussi, moi aussi<Indent/>!"
6915,False,"Hihi, bon courrrage à vous deux."
6916,False,"Je vais vous montrrrer ce que vaut le Maelstrom<Indent/>!"
6917,False,"Je ne dois pas faire honte aux Immortels..."
6918,False,"Un membre des Deux Vipères ne peut pas abandonner...<Indent/>!"
6919,False,"Graou graou<Indent/>!"
6920,False,"Alors, comment c'était de fabriquer des bombes avec des humains<Indent/>?"
6921,False,"Héhé... C'était une super expérience, oui..."
6922,False,"Fiou, quelle chaleur... J'ai envie d'une boisson fraîche."
6923,False,"Ces bombes à eau sont jolies..."
6924,False,"Oh, il y a d'autres animations que le parcours..."
6925,False,"Kupopo... Tout le monde s'amuse, kupo<Indent/>!"
6926,False,"C'est Ba Go là-bas... Il est venu s'amuser<Indent/>?"
6927,False,"On se motive... Prêt à participer, je suis<Indent/>!"
6928,False,"Fsshhh... Pourquoi les humains sssautent sssans nager<Indent/>?"
6929,False,"Ce parcous n'a rien de compliqué.
Je vais vite le terminer."
6930,False,"Celui-ci a beaucoup appris avec la con<SoftHyphen/>struc<SoftHyphen/>tion de ce parcours<Indent/>!"
6931,False,"Je ne suis encore jamais allé au Gold Saucer."
6932,False,"Elle est sympa, cette tenue."
6933,False,"Venez faire un tour au Gold Saucer<Indent/>!"
6934,False,"Un, deux, trois..."
6935,False,"Oh, quelle jolie tenue<Indent/>!"
6936,False,"Ça a l'air amusant<Indent/>!"
6937,False,"E-euh, non, je..."
6938,False,"C'est génial<Indent/>!"
6939,False,"Clic clic, être où<Indent/>?"
6940,False,"Vous cherchez un lieu pour un rencard<Indent/>!?"
6941,False,"Oh, intéressant..."
6942,False,"Ce type..."
6943,False,"Moi qui ai pris la peine de l'inviter..."
6944,False,"J'en ai assez d'attendre<Indent/>!"
6945,False,"J'ai reçu une lettre de défi disant d'attendre ici..."
6946,False,"Mais il n'y a personne..."
6947,False,"C'était sûrement une mauvaise farce..."
6948,False,"Un régal pour les mirettes<Indent/>!"
6949,False,"Gagner plein de clic clic<Indent/>!"
6950,False,"Il doit bien y avoir des flans délicieux quelque part..."
6951,False,"Fais gaffe à toi, c'est tout ce que je peux dire. Pour le reste, t'es libre<Indent/>!"
6952,False,"O-oui<Indent/>!"
6953,False,"Il y a tant d'endroits que j'aimerais visiter."
6954,False,"Ah, rien de tel qu'un bon bain après avoir sué comme un... Hein<Indent/>!?"
6955,False,"Ça alors, l'éléphant porte-bonheur<Indent/>! C'est mon jour de chance<Indent/>!"
6956,False,"Regarde, c'est l'éléphant porte-bonheur<Indent/>!"
6957,False,"Je sens qu'on va remplir un contrat d'élite aujourd'hui<Indent/>!"
6958,False,"M-mais... Pincez-moi, je rêve<Indent/>!"
6959,False,"L'éléphant porte-bonheur<Indent/>! Ici, à Empyrée<Indent/>! Incroyable<Indent/>!"
6960,False,"C'est le moment ou jamais de tenter notrrre chance au Cactpot<Indent/>!"
6961,False,"Vite, en rrroute pour le Gold Saucer<Indent/>!"
6962,False,"Est-ce qu'on aurait relevé le défi des Dieux<Indent/>?"
6963,False,"Rentrons à Omphalos."
6964,False,"Je suis heureuse que nous puissions rentrer ensemble."
6965,False,"Moi aussi, ma mie."
6966,False,"J'ai aidé à la création du nouveau costume<Indent/>!"
6967,False,"C'est vrai<Indent/>!? Formidable<Indent/>!"
6968,False,"Regardez<Indent/>! Un poisson rarissime<Indent/>!"
6969,False,"Essayons de trouver de jolis coquillages<Indent/>!"
6970,False,"Ah, les douceurs du farniente..."
6971,False,"Voilà un bon petit coin de pêche."
6972,False,"Bip... Ne pas attendre avant de consommer<Indent/>!"
6973,False,"Vérification du taux de remplissage des tasses lors du prochain passage. Pshhh..."
6974,False,"Bip bip... Vérification des commandes en cours..."
6975,False,"Bip... Préparatifs pour l'accueil des prochains clients terminés."
6976,False,"Bip... Transmission des commandes en cours..."
6977,False,"Quel appétit<Indent/>! Ça fait plaisir à voir<Indent/>!"
6978,False,"En attente de nouveaux visiteurs... Pshhh..."
6979,False,"Je vais devoir leur expliquer comment ça marche<Indent/>!"
6980,False,"Lalala...♪"
6981,False,"À vous les studios<Indent/>!"
6982,False,"Ils m'ont posé un lapin ou quoi<Indent/>?"
6983,False,"Des ins<SoftHyphen/>crip<SoftHyphen/>tions empreintes d'espoir... Et si moi aussi..."
6984,False,"Hm..."
6985,False,"Hein<Indent/>!?"
6986,False,"Maouh<Indent/>!"
6987,False,"Ouh<Indent/>!"
6988,False,"C'est par ici."
6989,False,"Allez, du nerf<Indent/>!"
6990,False,"Je peux aller jouer<Indent/>?"
6991,False,"La vue du balcon est splendide<Indent/>!"
6992,False,"Il y a de quoi manger, n'hésitez pas<Indent/>!"
6993,False,"Voilà le champ de citrouilles<Indent/>!"
6994,False,"On repose en paix, plus loin..."
6995,False,"Vous préférez quoi, urne ou cercueil<Indent/>?"
6996,False,"Oh, <If(PlayerParameter(4))>une invitée<Else/>un invité</If><Indent/>?"
6997,False,"Héhé<Indent/>! Ici, champ<Indent/>!"
6998,False,"Amusez-vous bien<Indent/>!"
6999,False,"Oh..."
7000,False,"..."
7001,False,"Miaou<Indent/>!"
7002,False,"Ouh ouh<Indent/>!"
7003,False,"Je rêve<Indent/>!?"
7004,False,"J'ai eu si peur..."
7005,False,"Je peux le faire, moi aussi<Indent/>?"
7006,False,"Du flan à la citrouille... Ça doit être délicieux<Indent/>!"
7007,False,"Ouf... Ça aurait pu mal tourner à tout moment."
7008,False,"Cette créature... Elle n'était vraiment pas comme les autres."
7009,False,"Ça y est<Indent/>? On a gagné<Indent/>?"
7010,False,"Se transformer en plein concert, c'est une super idée<Indent/>!"
7011,False,"Je suis d'accord<Indent/>!"
7012,False,"C'est im<SoftHyphen/>pres<SoftHyphen/>sion<SoftHyphen/>nant..."
7013,False,"Je présume que cet environnement est l'œuvre du grand geôlier..."
7014,False,"Pfiou, un peu plus et on arrivait trop tard."
7015,False,"La capture s'est bien passée. Heu<SoftHyphen/>reu<SoftHyphen/>se<SoftHyphen/>ment, car ce n'était pas gagné."
7016,False,"J'y crois pas, on a réussi<Indent/>!"
7017,False,"Il est temps d'en finir..."
7018,False,"Je perçois une présence très puissante..."
7019,False,"Quel sinistre édifice..."
7020,False,"Au début, j'ai cru que j'avais la berlue..."
7021,False,"Quel cadeau je peux ramener pour maman...<Indent/>?"
7022,False,"Hmmm..."
7023,False,"Ah, je sais<Indent/>! Quelque chose qu'on pourra manger tous en famille<Indent/>!"
7024,False,"Hi hi... Comme un bon gros gâteau<Indent/>!"
7025,False,"Et un jus de carotte, un<Indent/>! Pshhh..."
7026,False,"Est-ce qu'elles peuvent vraiment voler...<Indent/>?"
7027,False,"Mimmimiiii<Indent/>!♪"
7028,False,"Mii<Indent/>! Mimiiii<Indent/>!♪"
7029,False,"Mimi... Mimimi<Indent/>?"
7030,False,"Il y a erreur, c'est au tour des gars du Front de s'en servir..."
7031,False,"On n'a même pas pu discuter..."
7032,False,"Le sommet est proche, ne trainons pas."
7033,False,"Ysayle, vous... Non, rien. Continuons notre route."
7034,False,"Ne vous relâchez pas, ce n'est pas terminé."
7035,False,"Mon ami<If(PlayerParameter(4))>e<Else/></If>, tu n'es pas <If(PlayerParameter(4))>blessée<Else/>blessé</If><Indent/>?"
7036,False,"Arrêtons l'Archevêque et mettons fin à tout ça..."
7037,False,"C'est bien ici que je dois poser l'engrais<Indent/>?"
7038,False,"Non, ce chargement est pour les gars de la Fédération."
7039,False,"J'apporte l'engrais<Indent/>!"
7040,False,"Tu ne dois parler de cet endroit à personne."
7041,False,"Cet endroit est parfait pour une séance de débat, n'est-ce pas<Indent/>?"
7042,False,"Oui, et nous avons toute la vie devant nous pour argumenter<Indent/>!"
7043,False,"Très bien, par quel sujet commence-t-on<Indent/>?"
7044,False,"Je n'en ai jamais vu de pareil<Indent/>!"
7045,False,"Et si je piquais une petite tête<Indent/>?"
7046,False,"Nous devons les élever avec le plus grand soin..."
7047,False,"Leur enveloppe corporelle est tellement adorable..."
7048,False,"Qu'est-ce que l'existence...<Indent/>? Pshhh..."
7049,False,"Bip... Quel arbre gigantesque..."
7050,False,"Il symbolise la vie et l'univers... Les feuilles sont les individus, unis par le tronc, l'espace..."
7051,False,"Comme nous... Si différents, mais si semblables... Pshhh..."
7052,False,"Petite coquine<Indent/>!"
7053,False,"Peut-être que même sans la bénédiction de Ra-la..."
7054,False,"On ne peut pas sacrifier la productivité..."
7055,False,"Oui, tu as raison..."
7056,False,"Essayons de trouver un juste milieu."
7057,False,"Bip... Température extérieure stabilisée..."
7058,False,"Intéressant... Continuons notre analyse. Pshhh..."
7059,False,"J'avais oublié la sensation que procurent les émotions..."
7060,False,"Bip... Est-ce ce que les humains appellent... la “tran<SoftHyphen/>quil<SoftHyphen/>li<SoftHyphen/>té”<Indent/>?"
7061,False,"Ajout du terme “sylvothérapie” à la base de données... Pshhh..."
7062,False,"C'est comme si c'était fait<Indent/>!"
7063,False,"Hein<Indent/>!? Vous allez finir par me rendre chèvre<Indent/>!"
7064,False,"Ah, l'insouciance de la jeunesse..."
7065,False,"Des produits élyséens cultivés de mes propres mains<Indent/>!"
7066,False,"Attends-moi<Indent/>!"
7067,False,"Bip... Signes vitaux stables... Je prévois une croissance optimale."
7068,False,"(baille) Oyoyo<Indent/>!? C'est quoi, cet endroit<Indent/>?"
7069,False,"... Le monde des profondeurs<Indent/>?"
7070,False,"Impossible, c'est sûrement un rêve..."
7071,False,"Ouah<Indent/>! Qui sont ces créatures<Indent/>!?"
7072,False,"On a faim<Indent/>! On a faim<Indent/>!"
7073,False,"Triple ration pour moi<Indent/>!"
7074,False,"Mimimi<Indent/>!♪"
7075,False,"Mimiii<Indent/>!♪"
7076,False,"Mi<Indent/>! (bloup)"
7077,False,"J'ai coâmme un coup de fatigue..."
7078,False,"Si seulement j'avais le temps de jeter un œil à tous ces rayons<Indent/>!"
7079,False,"Autant chercher une aiguille dans une botte de foin..."
7080,False,"L'éther est tellement dense ici... C'est proprement incroyable<Indent/>!"
7081,False,"Nous voilà au plus près de la mer des étoiles..."
7082,False,"Minfilia...<Indent/>!"
7083,False,"Voilà une épreuve que je n'oublierai pas de sitôt..."
7084,False,"J'ai fait tout ce que j'ai pu... Était-ce suffisant<Indent/>?"
7085,False,"Les Ixali se sont battus jusqu'au bout..."
7086,False,"Hihi<Indent/>! Allez, parle-nous<Indent/>!"
7087,False,"Il est tout gêné<Indent/>! Trop mignon<Indent/>!"
7088,False,"Tu aimes les fleurs<Indent/>?"
7089,False,"Kwéééé<Indent/>!"
7090,False,"C'est fort, un dragon d'Orient<Indent/>?"
7091,False,"Youpi<Indent/>! Youpi<Indent/>!"
7092,False,"Ouaiiiis<Indent/>!"
7093,False,"Mais c'est bon, ça<Indent/>!"
7094,False,"J'ajoute ça à ma liste<Indent/>!"
7095,False,"Quelle ambiance<Indent/>!"
7096,False,"J'en grignoterais bien un bout..."
7097,False,"C'est la classe<Indent/>!"
7098,False,"Trop mignon<Indent/>!"
7099,False,"Tout le monde est prêt<Indent/>?"
7100,False,"Et si je rajoutais... cet ingrédient<Indent/>!"
7101,False,"Il manque une part, non<Indent/>?"
7102,False,"Tout se déroule comme prévu<Indent/>!"
7103,False,"Le résultat est trop mignon<Indent/>!"
7104,False,"Et maintenant, la cerise sur la carotte..."
7105,False,""
7106,False,"J'aimerais bien faire un tour..."
7107,False,"Où est passé mon assistant<Indent/>?"
7108,False,"On a tout ce qu'il faut ici<Indent/>!"
7109,False,"Et voilà<Indent/>!!"
7110,False,"C-c'est quoi ce bidule<Indent/>!?"
7111,False,"U-un serpent a bondi de mon œuf<Indent/>!"
7112,False,"Oh non... Un Sylphe a volé mon Prrrœuf..."
7113,False,"Le Prœuf que je comptais offrir est tombé dans la rivière à cause des Sylphes..."
7114,False,"Les farces des Sylphes m'ont donné une de ces frousses<Indent/>!"
7115,False,"J'ai pu me concentrrrer sur la collecte de données pendant le combat."
7116,False,"Merrrci, <Split(<Highlight>ObjectParameter(1)</Highlight>, ,1)/><Indent/>!"
7117,False,""
7118,False,""
7119,False,"Je me sens un peu patraque. Auriez-vous des rafraichissements à me proposer<Indent/>?"
7120,False,"Madame Rowena, c'est un honneur de vous recevoir parmi nous."
7121,False,"Quelle beauté<Indent/>! Vous marinez chez vos harengs<Indent/>?"
7122,False,"C-cet homme là-bas est drôlement musculeux..."
7123,False,"Huh huh, voilà une personnalité qui partage mon amour du gluant..."
7124,False,"Intéressant comme la lumière sublime les matériaux naturels..."
7125,False,"Un Mog en guise de grappin<Indent/>!? Mais c'est de la barbarie, kupo<Indent/>!"
7126,False,"Faut que j'picole un coup, sinon ça va pas le faire..."
7127,False,"Ah, la fortune... Qui n'en a jamais rêvé<Indent/>?"
7128,False,"Peut-être que la liste des lots en jeu intéresserait nos lecteurs...<Indent/>?"
7129,False,"Ta maman est là, regarrrde<Indent/>!"
7130,False,"Merci Monsieur, vous êtes un saint<Indent/>!"
7131,False,"Cette personne nous a aidés à retrouver votre enfant."
7132,False,"Une tenue aux couleurs de l'Éternel été, ce serait vraiment pas mal<Indent/>!"
7133,False,"Nous venons chercher de l'inspiration pour la Tarufacture<Indent/>!"
7134,False,"La couleur de la mer est différente mais tout aussi belle qu'à Thavnair<Indent/>!"
7135,False,"Khloe a l'air en pleine forrrme, tant mieux<Indent/>!"
7136,False,"Le Héros de la Morrrt en jette<Indent/>! Puisque je te le dis, T'kebbe<Indent/>!"
7137,False,"Tu as dû avoir vachement peurrr, quand même..."
7138,False,"Maître Wawalago est toujours aussi motivé<Indent/>!"
7139,False,"Il paraît qu'il y a des poissons rares dans le coin..."
7140,False,"Kwékwé<Indent/>!"
7141,False,""
7142,False,"Aïe<Indent/>! Ouille<Indent/>! Argh<Indent/>!"
7143,False,"Encore un tout petit effort, Sire Emmanellain<Indent/>!"
7144,False,"Eh ben alors, le poudré<Indent/>? On a du mal à grimper<Indent/>?"
7145,False,"Allez, juste un petit coup de pouce du hasard, quoi..."
7146,False,"Étrange, ce coup de froid soudain... Trop de sorbet, peut-être<Indent/>?"
7147,False,"On m'a dit qu'un pâtissier de grand talent était venu bronzer ici..."
7148,False,"C'est vraiment l'éclate totale sur les plages d'Ætherys<Indent/>!"
7149,False,"Si seulement on pouvait avoir les mêmes sur la lune..."
7150,False,"On risque de se retrouver à court de bombes très bientôt..."
7151,False,"Hihihi... Pas d'inquiétude, j'en ai ramené une tonz, oh ouiii, une tonz<Indent/>!"
7152,False,"Urrrgh... Il faut que je me donne plus à fond<Indent/>!"
7153,False,"Courrrage, grand frère<Indent/>!"
7154,False,"C'est dans la poche, Patron<Indent/>!"
7155,False,"Délicieux<Indent/>!"
7156,False,"Pas le moment de se déconcentrer<Indent/>!"
7157,False,"Vous faites pas de bile<Indent/>!"
7158,False,"On a tous bu trois bouteilles d'eau chacun<Indent/>!"
7159,False,"J'ai envie d'aller aux gogues..."
7160,False,"C'est trop d'émotions d'un coup pour moi<Indent/>!"
7161,False,"Un pied devant l'autre, comme on dit chez nous<Indent/>!"
7162,False,"Ça pète de partout, dites donc<Indent/>!"
7163,False,"Attention à ne pas dérrraper<Indent/>!"
7164,False,"Si vous voulez voir le mémorial, laissez-vous glisser le long de ce toboggan<Indent/>!"
7165,False,"Blourp... Glourp..."
7166,False,"Aaaah... Ça fait tellement du bien..."
7167,False,"Allez... Un peu de courage, que diable..."
7168,False,"Arrête de faire semblant de te noyer, tu vas déranger le Héros de la Mort pour rien<Indent/>!"
7169,False,"Ça va le faire, ça va le faire... Enfin, j'espère..."
7170,False,"Fais attention à ne pas tomber cette fois, mon loulou<Indent/>!"
7171,False,"L'heure de ta revanche a sonné<Indent/>!"
7172,False,"Tant que le Hérrros de la Mort est là, nous sommes en sécurité<Indent/>!"
7173,False,"Vous croyez que le requin va revenir<Indent/>?"
7174,False,"Oh non, parle pas de malheur<Indent/>!"
7175,False,"Un requin sur pattes, c'est vrai que ça fait peur..."
7176,False,"Ça a l'air sympa là-bas, à côté de l'attraction..."
7177,False,"Tu crois<Indent/>? Allons voir ça de plus près<Indent/>!"
7178,False,"Bienvenue à vous<Indent/>!"
7179,False,"On dirait que vous avez fait ça toute votrrre vie<Indent/>!"
7180,False,"Quelle classe<Indent/>!"
7181,False,"Tout de même, ce costume..."
7182,False,"Jamais de la vie je ne mettrai un truc pareil<Indent/>!"
7183,False,"Je jette un œil à “Pas dans l'tas” entre deux fournées de desserts..."
7184,False,"Je... J'ai envie de le caresser..."
7185,False,"Il n'y a donc pas qu'en Éorzéa que les animaux mignons ont la cote."
7186,False,"Apparemment, je vais devenir rrriche cette année."
7187,False,"J'aimerais pouvoir en dire autant..."
7188,False,"Qu'est-ce qu'une créature aussi puissante fait ici<Indent/>?"
7189,False,"Il était costaud, celui-là<Indent/>!"
7190,False,"Encore un général de Golbez..."
7191,False,"Le “maître de l'eau”, hein... Il n'a pas volé son nom."
7192,False,"Leur porte du néant est aussi grande que prévu."
7193,False,"Je ne vois aucune trace de ma sœur..."
7194,False,"Aidons-les à distribuer les Prœufs<Indent/>!"
7195,False,"Et si on décorrrait les Prœufs avec des motifs de tomberrys<Indent/>?"
7196,False,"Bonne idée<Indent/>! Je vais essayer aussi."
7197,False,"J'aimerais prêter main-forte aux organisateurs..."
7198,False,"Qu'est-ce que tu voudrais faire<Indent/>?"
7199,False,"Je peux décider par moi-même<Indent/>?"
7200,False,"Tu veux pas essayer de construire une machine<Indent/>?"
7201,False,"Hm... Pourquoi pas..."
7202,False,"La cuisine, ça t'intéresse<Indent/>?"
7203,False,"Hmm... Je sais pas, mais j'aime bien manger en tout cas<Indent/>!"
7204,False,"Viens peindre avec nous<Indent/>!"
7205,False,"Hmm... Je sais pas... Je suis pas très doué..."
7206,False,"Tu as un physique de radio<Indent/>! Tu veux essayer<Indent/>?"
7207,False,"Oh oui<Indent/>! Ça a l'air bigrement amusant<Indent/>!"
7208,False,"Et toi, c'est quoi ton rêve<Indent/>!?"
7209,False,"Il y a tant de stations à essayer<Indent/>!!"
7210,False,"Moi aussi je veux un maillot jaune... Comment tu l'as eu<Indent/>?"
7211,False,"Mon rêve..."
7212,False,"C'est d'avoir un uniforme comme le vôtre<Indent/>!"
7213,False,"C'est de ne jamais m'arrêter de manger<Indent/>!"
7214,False,"C'est de m'amuser comme un petit fou<Indent/>!"
7215,False,"Ah bon...<Indent/>?"
7216,False,"Je vais réfléchir encore un peu à quel rêve réaliser<Indent/>!"
7217,False,"J'ai découvert mon rêve et j'ai rejoint les Ateliers Dreaming<Indent/>!"
7218,False,"Hmm... Ça suffira pas..."
7219,False,"Bonjour<Indent/>!"
7220,False,"Héhé... Et si je m'introduisais chez les Thorne ?
Il y a sûrement un scoop à faire..."
7221,False,"L'histoire de la dynastie Thorne est si profonde..."
7222,False,"J'aurais tant aimé montrer cela à Claudia !"
7223,False,"Ce festival n'est pas si désagréable, finalement."
7224,False,"Ouaah, trop beau !"
7225,False,"Chère par<SoftHyphen/>ti<SoftHyphen/>ci<SoftHyphen/>pants, chères participantes ! Cette année..."
7226,False,"Nous allons vous distribuer de magnifiques éventails !"
7227,False,"Nous vous demandons simplement encore un peu de patience !"
7228,False,"Cher public, voici la “danse des princesses” !"
7229,False,"Allez, dansons tous ensemble !"
7230,False,"Et n'oubliez pas de récupérer votre éventail !"
7231,False,"Cette tenue met en valeur leurs mouvements gracieux... C'est bien vu !"
7232,False,"Oooh, quelle danse adorable !"
7233,False,"Tu crois que j'arriverais à la danser, moi aussi ?"
7234,False,"Bien sûr. Prends ton temps et observe bien leur chorégraphie."
7235,False,"Quel genre d'éventail cela peut être ?"
7236,False,"Il m'en faut un absolument !"
7237,False,"Quel spectacle vont proposer les Églantines cette année ?"
7238,False,"Quelle grâce ! Quelle élégance !"
7239,False,"Ça me donne envie de danser !"
7240,False,"Bravo les Églantines, vous êtes les meilleures !"
7241,False,"Non ! Ce serait... un flan d'un nouveau genre !?"
7242,False,"Je veux qu'il m'apprenne sa meilleure recette de flan<Indent/>!"
7243,False,""
7244,False,"Au fait, cette famille d'ours blancs tenait absolument à vous encourager<Indent/>!"
7245,False,"Vous me flattez, mon bon monsieur<Indent/>!"
7246,False,"Je percerai le secret de sa viscosité<Indent/>!"
7247,False,"La personne qui a conçu ce square ne manque pas d'ingéniosité."
7248,False,"Les humains ont des idées effrayantes, kupo..."
7249,False,"Je crois que vous avez mal compris, kupo..."
7250,False,"J-je ne sais pas comment vous remercier<Indent/>!"
7251,False,"Oh<Indent/>! Depuis quand un tel endroit existe<Indent/>?"
7252,False,"C'est quoi le titre de la chanson<Indent/>!?"
7253,False,"Merci<Indent/>!!"
7254,False,"Je me demande de quoi ils vont parler maintenant<Indent/>!"
7255,False,"Mais qu'est-ce qu'il fait...<Indent/>?"
7256,False,"Désolé pour le retard<Indent/>!"
7257,False,"J'allais prendre racine comme cette carotte<Indent/>!"
7258,False,"Pardon, pardon<Indent/>! Bon, on y va<Indent/>?"
7259,False,"Je vais y arriver<Indent/>!"
7260,False,"Par le pouvoir des piraaaates<Indent/>!"
7261,False,"Relâche-toi un peu<Indent/>!"
7262,False,"Aloha<Indent/>!"
7263,False,"... Ta mer te manque, c'est ça<Indent/>?"
7264,False,"..."
7265,False,"Pas question que je tombe maintenant..."
7266,False,"Un cadavre vivant... Ça fait peur..."
7267,False,"J'en ai encore la chair de poule..."
7268,False,"Pas de temps à perdre, continuons notre route<Indent/>!"
7269,False,"Un véritable démon, par les Douze..."
7270,False,"Enfin un peu de répit..."
7271,False,"Difficile de faire plus sauvage comme volatile<Indent/>!"
7272,False,"Et voilà, épreuve réussie<Indent/>!"
7273,False,"Tout le monde au donjon<Indent/>!"
7274,False,"Seigneur Hien<Indent/>!"
7275,False,"J'ai pas dit mon dernier mot<Indent/>!"
7276,False,"La salle de contrôle..."
7277,False,"Ça n'en finira donc jamais<Indent/>!?"
7278,False,"Quel monstre... Il avait l'air au paradis..."
7279,False,"Attention, j'ai un mauvais pres<SoftHyphen/>sen<SoftHyphen/>ti<SoftHyphen/>ment..."
7280,False,"Tu ne peux plus nous échapper, Zenos<Indent/>!"
7281,False,"Il y a aussi des grands qui font pas peur..."
7282,False,"Bien sûr<Indent/>! Le monde est si vaste<Indent/>!"
7283,False,"J'aimerais bien partir à l'aventure..."
7284,False,"Attention, tu vas tomber<Indent/>!"
7285,False,"Je viens tout juste d'entrer à l'intendance."
7286,False,"J'essaie de faire marcher le commerce local."
7287,False,"Cette brise est si agréable..."
7288,False,"Regarder les étoiles est si reposant..."
7289,False,"Entre un bon curry épicé et une danse entraînante, mon cœur balance<Indent/>!"
7290,False,"Alors, la meilleure façon d'apprécier un curry authentique, c'est de..."
7291,False,"Je me demande si on devrait développer notre commerce d'épices..."
7292,False,"Il y a quelque chose que tu aurais envie de manger<Indent/>?"
7293,False,"Oui, oui<Indent/>! Ça, s'il vous plaît<Indent/>!"
7294,False,"Qu'est-ce que le futur peut bien nous réserver...<Indent/>?"
7295,False,"Les re<SoftHyphen/>pré<SoftHyphen/>sen<SoftHyphen/>tants de la délégation ne devraient plus tarder..."
7296,False,"Comme c'est gentil<Indent/>! Je vais t'aider, d'accord<Indent/>?"
7297,False,"Aujourd'hui, c'est moi qui cuisine pour papa<Indent/>!"
7298,False,"Il va falloir te reposer, maintenant."
7299,False,"J'espère que le remède fera effet..."
7300,False,"C'est de l'éther qu'on voit jaillir là-bas<Indent/>?"
7301,False,"Je suppose que cette source est reliée à l'océan par des nappes souterraines..."
7302,False,"Dommage, ça aurait fait un bon curry pour le meyhane de Mehryde..."
7303,False,"On s'est à peine échauffés..."
7304,False,"J'ai entendu dire..."
7305,False,"J'ai entendu dire à la radio..."
7306,False,"Qu'on distribue des biscuits pour la Veillée des saints<Indent/>!"
7307,False,"On va se régaler<Indent/>!"
7308,False,"Ouais<Indent/>!"
7309,False,"Oh, c'est ce dont ils parlaient à la guilde..."
7310,False,"J-j'ai peur..."
7311,False,"Ça sent la créature du néant, par ici..."
7312,False,"C'est peut-être juste une impression<Indent/>?"
7313,False,"Ici, pendant la Veillée des saints..."
7314,False,"Il faut tirer les choses au clair<Indent/>!"
7315,False,"Il paraît qu'en offrant des biscuits..."
7316,False,"J'ai peur, mais j'ai aussi envie d'essayer..."
7317,False,"Oui, moi aussi..."
7318,False,""
7319,False,"Quel spectacle étrange..."
7320,False,"Je suis sûr que mes frères adoreraient."
7321,False,"Ces fameux “monstres” n'étaient qu'une partie du spectacle..."
7322,False,"Papa a l'air de bien s'amuser<Indent/>!"
7323,False,"Moi aussi, je veux recevoir des biscuits<Indent/>!"
7324,False,"De bons repas bien chauds..."
7325,False,"L'estimation des dégâts n'arrête pas de grimper..."
7326,False,"Je me prends à rêver d'énergies renouvelables..."
7327,False,"Nos réserves de céruleum se sont stabilisées, récemment."
7328,False,"T'as eu quoi comme cadeaux<Indent/>?"
7329,False,"Allons jouer ensemble<Indent/>!"
7330,False,"Le fameux renne de la fête des étoiles est de retour<Indent/>!"
7331,False,"Tout plein de cadeaux, waouh<Indent/>!"
7332,False,"Si j'étais riche... Moi aussi j'en achèterais autant<Indent/>!"
7333,False,"Je me demande si les Planeurs d'Ehcatl aimeraient cette fête..."
7334,False,"Comment l'approcher<Indent/>? Hmm..."
7335,False,"Elle est là pour la fête... ou pour ma tête<Indent/>?"
7336,False,"D'où vient ce document, déjà<Indent/>?"
7337,False,"Tiens<Indent/>? Que se passe-t-il<Indent/>?"
7338,False,"Encore un petit effort<Indent/>!"
7339,False,"Vrrraiment passionnant..."
7340,False,"Ah, tu m'as fait peurrr<Indent/>!"
7341,False,"J-je travaille sé<SoftHyphen/>rieu<SoftHyphen/>se<SoftHyphen/>ment, c'est jurrré<Indent/>!"
7342,False,"Pense à prendre une pause bientôt<Indent/>! Je te donnerai un coup de main après."
7343,False,"Approchez<Indent/>! Vos cadeaux vous attendent<Indent/>!"
7344,False,"Ne te rrretiens pas, fonce<Indent/>!"
7345,False,"Si je reçois un cadeau, faudra que je le note dans mon jourrrnal<Indent/>!"
7346,False,"Tant de messages de gratitude, c'est si beau..."
7347,False,"Je devrais écrire plus souvent à ceux qui me sont chers..."
7348,False,"Alors, comment ça se présente<Indent/>?"
7349,False,"De nombreux geôliers sont toujours inconscients."
7350,False,"La barrière est de nouveau intacte."
7351,False,"Quand je pense qu'Athéna a aménagé ce laboratoire à notre insu..."
7352,False,"S'il n'y avait que ça..."
7353,False,"Tout est prêt<Indent/>! On est au complet<Indent/>?"
7354,False,"On joue à cache-cache<Indent/>?"
7355,False,"Hihihi<Indent/>! J'espère avoir trouvé une bonne cachette..."
7356,False,"Grand-frêre connaît toutes nos ruses<Indent/>!"
7357,False,"Après cache-cache, on va à la plage tous ensemble<Indent/>!"
7358,False,"J'espère qu'on restera jusqu'au soir. Je voudrais m'endormir en regardant les étoiles..."
7359,False,"Je me demande combien ça fait en gils, cette montagne de trésors..."
7360,False,"Eh bien, Arenvald ne rrrigole plus sur le champ de bataille<Indent/>!"
7361,False,"La créature que nous venons d'affronter... Était-elle humaine auparavant<Indent/>?"
7362,False,"Quel panorama à couper le souffle<Indent/>!"
7363,False,"Alphinaud..."
7364,False,"Un dragon telle une brume... Hmm..."
7365,False,"À mon avis, la présence de ce dragon dans des vestiges allagois n'est pas due au hasard..."
7366,False,"Nous sommes parvenus à stopper leur offensive... mais à quel prix<Indent/>?"
7367,False,"Ça y est, elles sont rentrées chez leur maman<Indent/>?"
7368,False,"La coordination de nos ennemis était tout de même remarquable..."
7369,False,"J'adore la radio loporrite<Indent/>!"
7370,False,"Moi aussi<Indent/>! Mais une courrrse dans l'espace<Indent/>? C'est délirant<Indent/>!"
7371,False,"Zzz... Ngh...<Indent/>? Ça y est<Indent/>? La course commence<Indent/>?"
7372,False,"Ouah, c'est trop bon<Indent/>! Notre auditeur n'avait pas menti<Indent/>!"
7373,False,"Il n'a pas réussi à arrêter son ami<Indent/>?"
7374,False,"L'âme de Durante était si éblouissante..."
7375,False,"Le destin est parfois cruel..."
7376,False,"Quelle victoire vide de sens..."
7377,False,"Il faut qu'on partage tous ces retours<Indent/>!"
7378,False,"Je m'en charge... Et voilà, c'est envoyé<Indent/>!"
7379,False,"Même endommagé, ce pont dégage quelque chose..."
7380,False,"Ouhou-ha<Indent/>!"
7381,False,"Certaines parties sont renforcées avec du bois."
7382,False,"Le vent marin est si vivifiant..."
7383,False,"Ouhou haha<Indent/>!"
7384,False,"Aaah, Ætherys..."
7385,False,"Ta beauté est sans pareille..."
7386,False,"Excuse-moi, j'étais perdu dans mes pensées."
7387,False,"J'ai hâte que Le Lien d'Oschon retrouve toute sa superbe."
7388,True,"Hin hin hin... Bienvenue au Parc-aux-Errants<Indent/>!"
7389,True,"Pénétrez dans un monde de cauchemars<Indent/>!"
7390,True,"Hin hin... hin... Il n'y a aucune issue..."
7391,True,"Alors... vous vous amusez bien<Indent/>?"
7392,True,"Jouons, jouons... Jusqu'à ce qu'on disparaisse tous..."
7393,True,"Et si vous rapportiez d'horribles souvenirs à vos amis<Indent/>?"
7394,True,"Tournicoti... Tournicoton..."
7395,True,"Vous êtes perdus, mes petits anges<Indent/>? Vous ne pourrez plus jamais rentrer chez vous<Indent/>!"
7396,True,"Attention aux caries, hihi<Indent/>!"
7397,True,"Vous reprendrez bien un peu de sucre<Indent/>? Hi hi..."
7398,False,"Seigneur Golbez<Indent/>!"
7399,False,"Oh, et le seigneur Durante<Indent/>!"
7400,False,"C'est le seigneur Golbez<Indent/>! Nous sommes sauvés<Indent/>!"
7401,False,"Notre héros est de retour<Indent/>!"
7402,False,"Kappappaaa !"
7403,False,"Bah, le Señor Pampa a quand même plus de classe... !"
7404,False,"... Un dîner, pour m'excuser<Indent/>?"
7405,False,"Ai-je vraiment le choix<Indent/>?"
7406,False,"Si je dois l'inviter, c'est maintenant ou jamais<Indent/>!"
7407,False,"Allez... Un peu de courage, bon sang<Indent/>!"
7408,False,"Oh là là, j'ai le cœur qui va exploser..."
7409,False,"C'est une messagère de l'amour pur jus ou j'm'y connais pas<Indent/>!"
7410,False,"Emilie est vraiment super, pas vrai<Indent/>?"
7411,False,"Kappa<Indent/>! Mon pote<Indent/>!"
7412,False,"Moi qui ne faisais que passer au détour de mes voyages... Quelle surprise de te trouver ici."
7413,False,"Je suis rassuré de constater que tu te portes à merveille, au même titre que la bénédiction des Douze."
7414,False,"À bientôt, mon <If(PlayerParameter(4))>amie<Else/>ami</If>. Au plaisir de te recroiser, ici ou ailleurs."
7415,False,"Alors, tu en as trouvé<Indent/>?"
7416,False,"Merci à tous d'être venus<Indent/>!"
7417,False,"J'espère que vous passez tous un bon moment<Indent/>!"
7418,False,"Le clou du spectacle commence bientôt <Indent/>!"
7419,False,"La fête des demoiselles est loin d'être finie<Indent/>!"
7420,False,"Vous allez voirrr, c'est incroyable<Indent/>!"
7421,False,"Et n'oubliez pas d'applaudir bien forrrt<Indent/>!"
7422,False,"Woaaah<Indent/>! Ulala<Indent/>!!!"
7423,False,"Elles sont trop adorables<Indent/>!"
7424,False,"J'adorrre leur énergie<Indent/>! Wou hou<Indent/>!"
7425,False,"On dirait des guimauves sur pattes<Indent/>!"
7426,False,"Argh...<Indent/>! J'étais à deux doigts de choper la couronne<Indent/>!"
7427,False,"La prrrochaine fois sera la bonne<Indent/>!"
7428,False,"Wou<Indent/>! Wou hou<Indent/>!"
7429,False,"Peg, peg<Indent/>!"
7430,False,"Oh, c'est vrai<Indent/>! La chasse aux Prœufs a commencé<Indent/>!"
7431,False,"Un, deux<Indent/>! Trois et quatre<Indent/>!"
7432,False,"Vous vous débrouillez super bien<Indent/>!"
7433,False,"Sympa<Indent/>! Ça me change de la danse des yols<Indent/>!"
7434,False,"C'est aussi une danseuse émérite<Indent/>!"
7435,False,""
7436,False,"Grrrrr..."
7437,True,"Rrrhooon..."
7438,True,"Pchiouuuu..."
7439,False,"Ouais<Indent/>! Enfin libéré, délivré<Indent/>!"
7440,False,"Cachez-vous, ja<Indent/>!"
7441,False,"Il a l'intention de nous semer<Indent/>?"
7442,False,"Faut que je fasse gaffe à pas être suivi..."
7443,False,"Hop, une p'tite pause pour brouiller les pistes<Indent/>!"
7444,False,"Je jurerais qu'on me suit..."
7445,False,"Vous<Indent/>! Je vous reconnais<Indent/>!"
7446,False,"J'ai tellement faim, ja..."
7447,False,"Ça a l'air délicieux, mais aucune idée de comment ça se prépare..."
7448,False,"On peut demander, tu ne crrrois pas<Indent/>?"
7449,False,"Suivons-le<Indent/>!"
7450,False,"Au fait, pourquoi ils ont pas relâché les autres...<Indent/>?"
7451,False,"Bah, j'ai de la veine, c'est tout<Indent/>!"
7452,False,"Héhé, comme prévu, ils sont tous planqués<Indent/>!"
7453,False,"Ce n'est pas le couteau le plus aiguisé du tiroir..."
7454,False,"Toi...<Indent/>! Tu n'es PAS Chirwagur<Indent/>! Qui alors<Indent/>?"
7455,False,"Loué soit le GRAND SERPENT<Indent/>!"
7456,False,"Cette TERRE appartient à Chirwagur<Indent/>!"
7457,False,"DISPARAIS<Indent/>!"
7458,False,"Enfin arrivé, ja<Indent/>!"
7459,False,"Hmm...<Indent/>?"
7460,False,"..."
7461,False,"Ouaaah<Indent/>!!"
7462,False,"...<Indent/>!"
7463,False,"Bordel, on m'espionne<Indent/>! Cassos<Indent/>!"
7464,False,"Comment j'ai pu me faire avoir comme ça...<Indent/>?"
7465,False,"J'y crois pas, c'étaient des alliés de la princesse<Indent/>?"
7466,False,"Dans quel plan foireux je me suis fourré, moi...<Indent/>?"
7467,False,"Ça a bougé ou bien...<Indent/>?"
7468,False,"Pff, ça partait pourtant pas si mal..."
7469,False,"Jusqu'ici tout va bien..."
7470,False,"Il m'avait dit “devant la planque” pour la récompense..."
7471,False,"Ce Hoobigo de malheur est toujours pas là<Indent/>?"
7472,False,"L'<If(PlayerParameter(4))>alliée<Else/>allié</If> de la princesse...<Indent/>!  Ça se présente mal, ja<Indent/>!"
7473,False,"C'était quoi, ce bruit<Indent/>!?"
7474,False,"Je me fais des idées...<Indent/>?"
7475,False,"Faut que je me dépêche ou le chef va me passer un savon, ja<Indent/>!"
7476,False,"Hein<Indent/>!?"
7477,False,"J'ai rêvé...<Indent/>?"
7478,False,"Allons par ici<Indent/>!"
7479,False,"Suis-moi<Indent/>!"
7480,False,"Éther de feu détecté<Indent/>!"
7481,False,"C'est bon, c'est bon<Indent/>!"
7482,False,"Il paraît que le bateau est arrivé au large."
7483,False,"On va bientôt pouvoir embarquer, ja."
7484,False,"Nos tacos à la viande épicée, bien sûr<Indent/>!"
7485,False,"Vous me recommanderiez quoi<Indent/>?"
7486,False,"Ça se passe bien à la Légion de l'Aurore<Indent/>?"
7487,False,"Il y a des hauts et des bas, mais c'est très enrichissant."
7488,False,"La cuisine de mon village me manque..."
7489,False,"Dommage qu'on en soit si éloignés, ja..."
7490,False,"Mamook va encore faire des siennes<Indent/>?"
7491,False,"Va savoir..."
7492,False,"Je voudrais renouveler mon intérieur..."
7493,False,"Quel genre de meubles conviendrait, ja<Indent/>?"
7494,False,"Bssshh...<Indent/>! C'est génial, ça<Indent/>!"
7495,False,"Hum... Je vais peut-être me laisser tenter..."
7496,False,"Entre les deux, mon cœur balance<Indent/>!"
7497,False,"Ces fruits ont l'air tout aussi délicieux<Indent/>!"
7498,False,"Nos fruits ont été fraîchement récoltés<Indent/>!"
7499,False,"Il est temps d'essayer ce nouvel appât..."
7500,False,"Les tacos de Tiisol sont très épicés... mais tout aussi délicieux<Indent/>!"
7501,False,"Je ne sais pas quels ingrédients choisir, il y a tellement de possibilités<Indent/>!"
7502,False,"Ouah<Indent/>! J'ai la bouche en feu<Indent/>!!"
7503,False,"C'est douloureux... Mais c'est si bon<Indent/>!"
7504,False,"Je préfère les épices douces..."
7505,False,"Hum... J'adore ces odeurs<Indent/>!"
7506,False,"C'est bientôt prêt<Indent/>!"
7507,False,"Moi, c'est les tacos de Tiisol que je préfère<Indent/>!"
7508,False,"Ceux de Xbalyav Ty'e sont bien aussi, ja."
7509,False,"L'alcool se marie si bien avec les tacos<Indent/>!"
7510,False,"Un petit verre, et tous mes soucis s'envolent, ja<Indent/>!"
7511,False,"L'entretien, c'est vital..."
7512,False,"L'acoustique doit être parfaite<Indent/>!"
7513,False,"Huuuum..."
7514,False,"C'est bien, mon petit, c'est bien<Indent/>!"
7515,False,"Hum hum<Indent/>!"
7516,False,"Régale-toi mon bichon<Indent/>!"
7517,False,"Parfait. Ce ballon est opérationnel."
7518,False,"Aucune avarie à signaler..."
7519,False,"Haaaaaaaaaa<Indent/>!!!"
7520,False,"Tiens<Indent/>!"
7521,False,"Belle feinte<Indent/>! Continuez comme ça<Indent/>!"
7522,False,"Belle maîtrise de l'épée..."
7523,False,"Oui, bien joué<Indent/>!"
7524,False,"Chaque coup doit être décisif<Indent/>!"
7525,False,"Yaaaaaaaahhh<Indent/>!!"
7526,False,"Reste ferme sur tes appuis<Indent/>!"
7527,False,"Ha<Indent/>! Yah<Indent/>!"
7528,False,"Utilise tout ton corps, pas juste tes bras<Indent/>!"
7529,False,"Prends ça<Indent/>!!"
7530,False,"Restez concentrés en toute circonstance<Indent/>!"
7531,False,"À vos ordres<Indent/>!"
7532,False,"On se fait un petit duel tout à l'heure<Indent/>?"
7533,False,"Si tu veux... Mais t'as pas intérêt à retenir tes coups<Indent/>!"
7534,False,"Laissez-moi souffler un coup..."
7535,False,"J'ai mal aux épaules en ce moment..."
7536,False,"Tu as essayé d'aller te faire masser<Indent/>?"
7537,False,"Poussez, mes petits<Indent/>!"
7538,False,"Ces tomates ont l'air juteuses à souhait<Indent/>!"
7539,False,"La la lala la<Indent/>!"
7540,False,"C'est magnifique<Indent/>! Quel talent<Indent/>!"
7541,False,"Mon neveu a été surpris en voyant la mer pour la première fois<Indent/>!"
7542,False,"Il faut avouer que les vagues sont parfois im<SoftHyphen/>prrres<SoftHyphen/>sion<SoftHyphen/>nantes..."
7543,False,"Hum..."
7544,False,"C'était pas ici, les biscuits “Angélique”...<Indent/>?"
7545,False,"Ici, les prédictions d'avenir tapent toujours dans le mille<Indent/>!"
7546,False,"J'ai un peu peur... mais ma currriosité est la plus forte<Indent/>!"
7547,False,"Alors, mon avenir sera-t-il radieux... ou nuageux<Indent/>?"
7548,False,"Hé hé hé... À partir de maintenant, ça va ventiler comme jamais<Indent/>!"
7549,False,"Personne ne monte une fileuse mieux que moi<Indent/>!"
7550,False,"Un peu plus de force de propulsion, et le tour sera joué..."
7551,False,"J'ai trop bu... Zzzz..."
7552,False,"Saloperie de machine<Indent/>! Rends-moi mon fric, raclure<Indent/>!"
7553,False,"Extasiez-vous devant mon génie, bande d'incultes..."
7554,False,"Allez, montre-moi un peu comment tu roules<Indent/>!"
7555,False,"Si seulement je savais ce que j'ai envie de boire..."
7556,False,"Quand est-ce que l'Arcadion va enfin rouvrir ses portes<Indent/>?"
7557,False,"L'Arcadion a enfin rouvert<Indent/>! C'est pas trop tôt<Indent/>!"
7558,False,"Pas avant la fin de nos projets expansionnistes, il faut croirrre..."
7559,False,"Va pas nous faire une crrrise cardiaque non plus, hein<Indent/>?"
7560,False,"Je peux enfin me soûler tran<SoftHyphen/>quil<SoftHyphen/>le<SoftHyphen/>ment..."
7561,False,"Tu as entendu la nouvelle rumeur...<Indent/>?"
7562,False,"Le nouvel animal qui fait “graou graou”<Indent/>? Je sais pas quoi en penser..."
7563,False,"L'autre jour, au boulot..."
7564,False,"Sérieux<Indent/>!? Ouah, c'est chaud..."
7565,False,"Pitié<Indent/>! Je ferai tout ce que vous voudrrrez<Indent/>!"
7566,False,"Rends l'argent tout de suite<Indent/>!"
7567,False,"On est petits mais costauds, alors te fous pas de nous<Indent/>!"
7568,False,"Chez nous, vous quintuplerez votre mise, promis juré<Indent/>!"
7569,False,"Euh... Vous êtes sûre<Indent/>?"
7570,False,"Chuis pas bourré<Indent/>! Hips... Pas du tout<Indent/>!"
7571,False,"Ah, cette bonne odeur d'électrope en fusion dans le moteur..."
7572,False,"Quelle vue magnifique..."
7573,False,"Dis-moi ma petite, as-tu goûté le nouveau plat miraculeux issu du quatrième étage<Indent/>?"
7574,False,"Le biosteak<Indent/>? Euh... Oui, c'était... comestible..."
7575,False,"Eh les filles, ça vous dirait pas d'aller visiter un autre étage<Indent/>?"
7576,False,"Ouais, pourquoi pas celui de la “nature ar<SoftHyphen/>ti<SoftHyphen/>fi<SoftHyphen/>cielle”<Indent/>?"
7577,False,"Je peux voir le contrat, s'il vous plaît<Indent/>?"
7578,False,"B-bien sûr<Indent/>! Vous avez des lunettes pour encre invisible<Indent/>?"
7579,False,"Au suivant, je vous prie<Indent/>!"
7580,False,"Que puis-je faire pour vous aujourd'hui<Indent/>?"
7581,False,"J'arrive<Indent/>!"
7582,False,"Le bureau des ins<SoftHyphen/>crip<SoftHyphen/>tions est à l'étage du dessous."
7583,False,"J'aurais besoin d'une au<SoftHyphen/>to<SoftHyphen/>ri<SoftHyphen/>sa<SoftHyphen/>tion pour l'ascenseurrr, dans ce cas..."
7584,False,"Alors, où est l'accueil des demandeurs d'emploi...<Indent/>?"
7585,False,"Pourrrtant, il me semblait bien que le bureau des déménagements était ici..."
7586,False,"Demandons à l'accueil."
7587,False,"Et voilà, en retard, comme d'habitude..."
7588,False,"Désolée<Indent/>! J'ai dû régler un truc juste avant de sortir..."
7589,False,"Mais pourquoi<Indent/>? Si on habite tous les deux ici, on pourra se voir plus souvent..."
7590,False,"Je sais, mais... pour une raison qui m'échappe, je n'aime pas cet endroit..."
7591,False,"Comment puis-je vous aider<Indent/>?"
7592,False,""
7593,False,"Bon alors, ça y est<Indent/>? C'est enfin mon tour<Indent/>? Pfff..."
7594,False,"Zzz..."
7595,False,"J'espère qu'on saura me renseigner cor<SoftHyphen/>rec<SoftHyphen/>te<SoftHyphen/>ment au sujet de ce travail..."
7596,False,"Qu'est-ce que je pourrais bien faire d'autre comme boulot...<Indent/>?"
7597,False,"Ça se passe bien en ce moment<Indent/>?"
7598,False,"Oui et non... Beaucoup de gens semblent anxieux..."
7599,False,"Kunuk est si charmant..."
7600,False,"Le gentil Mobelin doit vérifier la réserve<Indent/>!"
7601,False,"Bssshhhhmmm... Mieux vaut manger les fruits et les herbes avant qu'ils pourrissent."
7602,False,"Les légumes, les céréales et les épices devraient être bons enkore quelques jours."
7603,False,"Comme c'est agréable de siroter son café sur un banc<Indent/>! "
7604,False,"Profiter à fond de chaque pause, c'est ce que je sais faire de mieux<Indent/>!"
7605,False,"Laisse-moi tranquille, je viens de me faire arnaquer comme jamais..."
7606,False,"Rrrr... Zzzz..."
7607,False,"Le ciel est si beau..."
7608,False,"Et le vent, si doux..."
7609,False,"Vous avez entendu<Indent/>? Il paraît que des étrangers se sont introduits dans le dôme<Indent/>!"
7610,False,"V-vrrraiment<Indent/>!?"
7611,False,"Franchement, je pourrais boire encore des litres<Indent/>!"
7612,False,"Il faut passer le fil par ici..."
7613,False,"Allez, courage<Indent/>! C'est bientôt la pause<Indent/>!"
7614,False,"Rrrkt<Indent/>!"
7615,False,"Pffft<Indent/>!♪"
7616,False,"Rrrkt... pffft<Indent/>!"
7617,False,"Pffft<Indent/>! Pffft<Indent/>!♪"
7618,False,"Pft pft pft<Indent/>!"
7619,False,"Rkt<Indent/>!♪"
7620,False,"Pfiiit<Indent/>!"
7621,False,"Thfffu<Indent/>!"
7622,False,"C'est bon, mon grand<Indent/>?"
7623,False,"T'as la fourrure toute douce<Indent/>!"
7624,False,"Ça risque de gêner les négociations, cette histoire..."
7625,False,"Aaah, quel délice<Indent/>!"
7626,False,"Rien de plus relaxant qu'un délicieux café."
7627,False,"Ça sent super bon jusqu'ici<Indent/>!"
7628,False,"Voici la prochaine ressource que je voudrais exporter..."
7629,False,"Hmm, je vois..."
7630,False,"C'est très populaire<Indent/>! Vous voulez goûter<Indent/>?"
7631,False,"Vous me faites une petite réduction<Indent/>?"
7632,False,"Pffft<Indent/>!"
7633,False,"Pft pft  pffft<Indent/>!♪"
7634,False,"Rkt<Indent/>!♪"
7635,False,"Alors, ça, ça va là."
7636,False,"Il faut bien laisser sécher les grains."
7637,False,"Hop hop, il est fort comme j'aime<Indent/>!"
7638,False,"Quel arôme... Je ne m'en lasse pas<Indent/>!"
7639,False,"J'attends tran<SoftHyphen/>quil<SoftHyphen/>le<SoftHyphen/>ment la cargaison, moi<Indent/>!"
7640,False,"Je dois faire bien attention à ne pas les abîmer<Indent/>!"
7641,False,"Regardez-moi tous ces grains<Indent/>!"
7642,False,"C'est une bonne récolte<Indent/>!"
7643,False,"C'est bon, tu as assez mangé<Indent/>?"
7644,False,"Oui<Indent/>! En plus, il y a du thé maté, donc c'est parfait."
7645,False,"Hop hop, les plants sont en bonne santé<Indent/>!"
7646,False,"Je ne vois aucun insecte sur les feuilles."
7647,False,"Hop hop, bonne idée<Indent/>! Je vais m'occuper des préparatifs<Indent/>!"
7648,False,"Il y a plein de mar<SoftHyphen/>chan<SoftHyphen/>di<SoftHyphen/>ses de qualité<Indent/>!"
7649,False,"Le Mobelin est im<SoftHyphen/>pres<SoftHyphen/>sion<SoftHyphen/>né<Indent/>!"
7650,False,"Qu'est-ce que tu dirais d'organiser un ras<SoftHyphen/>sem<SoftHyphen/>ble<SoftHyphen/>ment de marchands ambulants<Indent/>?"
7651,False,"Je peux pas vous le faire moins cher que ça<Indent/>!"
7652,False,"Il est si doux en bouche<Indent/>!"
7653,False,"Il est bon, cet alcool, hein<Indent/>?"
7654,False,"C'est ça dont les Pelupelu raffolent..."
7655,False,"Vraiment<Indent/>? Ça<Indent/>?"
7656,False,"Allez, là<Indent/>! Baissez enqore un peu le prix, s'il vous plaît<Indent/>!"
7657,False,"Hah..."
7658,False,"Rien de tel pour soulager la fatigue après un long voyage<Indent/>!"
7659,False,"Même la peau du visage sous le masque du Mobelin est toute douce<Indent/>!"
7660,False,"Je ne connais rien de meilleur qu'un verre de mezcal juste après un bain chaud."
7661,False,"Ça a l'air délicieux<Indent/>!"
7662,False,"C'est du mezcal. Je trouve ça EXCELLENT."
7663,False,"C'est une SPÉCIALITÉ pelupelu<Indent/>?"
7664,False,"Oh que oui<Indent/>! Puis un bon VERRE d'alcool après une dure journée de labeur, y a que ça de vrai<Indent/>!"
7665,False,"On l'a bien MÉRITÉE, cette pause<Indent/>!"
7666,False,"La FRESQUE avance bien<Indent/>?"
7667,False,"Oui, tout se passe SANS problème<Indent/>!"
7668,False,"J'suis crevé..."
7669,False,"En voilà un sacré bolide..."
7670,False,"Alors, comment se passe ton boulot dans la Gardienne<Indent/>?"
7671,False,"On dirait qu'il en manque... Je vais vérifier dans l'entrepôt."
7672,False,"Jusqu'ici, le compte est bon."
7673,False,"Je me suis fait un encas. On partage<Indent/>?"
7674,False,"C'est vrai, je peux t'en piquer<Indent/>? Merci, t'es le meilleur<Indent/>!"
7675,False,"Promis, on retourne au boulot dès qu'on a fini."
7676,False,"Pas de problème. Profitez bien de votre pause<Indent/>!"
7677,False,"Comment ça se présente<Indent/>?"
7678,False,"À première vue, aucun problème à signaler."
7679,False,"Touchons du bois<Indent/>! Toute la ville dépend de ce dispositif..."
7680,False,"Je crois que cet endroit sera parfait pour moi."
7681,False,"Qu'est-ce que tu comptes fabriquer, d'ailleurs<Indent/>?"
7682,False,"J'hésite encore."
7683,False,"Ça te ressemble pas, dis donc. Je suis prête à te donner des idées, si tu veux<Indent/>!"
7684,False,"Bien, voyons... Est-ce que je pose ça là<Indent/>?"
7685,False,"Euh, dis... C'est bien cette boîte-là, hein<Indent/>?"
7686,False,"Non, tu te trrrompes<Indent/>! Vérifie un peu l'étiquette."
7687,False,"Ah, bon<Indent/>!? T'es sûre<Indent/>?"
7688,False,"Il y a aussi un registrrre dans la réserve. Tu ferais bien d'y jeter un œil."
7689,False,"La pêche au gros est une affaire de patience, hou<Indent/>!"
7690,False,"Voyons si ça mord par ici, hou hou<Indent/>!"
7691,False,"J'aimerais tant attraper un gros poisson."
7692,False,"Hoooum... Mieux vaut que j'essaie autre part."
7693,False,"Je sens qu'il y a des poissons par ici<Indent/>!"
7694,False,"Hou, hou<Indent/>! Attention, attention<Indent/>!"
7695,False,"Non... ça ne mord pas ici non plus."
7696,False,"Hou, hou... J'ai pris un gros poisson ici, avant<Indent/>!"
7697,False,"Toujours rien... Je me demande ce qui va pas."
7698,False,"Je vais réessayer un peu plus tard, hou."
7699,False,"Hou, alors, ça mord<Indent/>?"
7700,False,"Zzz... zzz<Indent/>!"
7701,False,"On dirait bien que non."
7702,False,"Ça se passe bien<Indent/>?"
7703,False,"Hou, oui<Indent/>! Très très bien même<Indent/>!"
7704,False,"Ça ne m'étonne pas, hou<Indent/>!"
7705,False,"Je vais continuer encore un peu."
7706,False,"Bien, moi, je vais retourner voir les poissons séchés."
7707,False,"Hou, je crois qu'il est temps d'aller récupérer les poissons<Indent/>!"
7708,False,"Ils poussent bien, hou<Indent/>!"
7709,False,"Quelle belle couleur ils ont<Indent/>!"
7710,False,"La qualité de l'eau est parfaite, hou<Indent/>!"
7711,False,"La profondeur semble idéale aussi."
7712,False,"Si tout se passe bien, nous n'aurons plus de pénurie de roseaux<Indent/>!"
7713,False,"Hou, oui<Indent/>! Ils poussent avec vigueur<Indent/>!"
7714,False,"Où est-ce que je les ai mis, hou<Indent/>?"
7715,False,"Dans celui-là<Indent/>?"
7716,False,"Ah, non..."
7717,False,"Tu as trouvé les outils d'entretien<Indent/>?"
7718,False,"Hou, un peu de patience<Indent/>!"
7719,False,"Tiens, c'est ça, hein<Indent/>? Prends-les<Indent/>!"
7720,False,"Hou, merci beaucoup<Indent/>!"
7721,False,"Hou hou, qu'est-ce que tu voulais me dire<Indent/>?"
7722,False,"J'aimerais vous en parler..."
7723,False,"Mais je sais pas s'il est éveillé ou s'il dort, lui, hou<Indent/>!"
7724,False,"Dans ce cas-là, je reviendrai plus tard."
7725,False,"Hou, alors<Indent/>? Il s'est réveillé<Indent/>?"
7726,False,"Hooou... J'ai trop sommeil... Je vais faire un petit dodo."
7727,False,"Hou<Indent/>! C'est l'heure d'aller travailler<Indent/>!"
7728,False,"D'accord. Donne-moi une minute et j'y vais."
7729,False,"Et donc, le meilleur piège pour attraper des poissons..."
7730,False,"Ce que tu racontes est intéressant, mais tu ferais pas mieux d'aller travailler<Indent/>?"
7731,False,"Hooou<Indent/>! J'avais presque oublié<Indent/>!"
7732,False,"Je file<Indent/>!"
7733,False,"Tiens, moi aussi, je vais me remettre au boulot, hou<Indent/>!"
7734,False,"Le Mobelin a une question urgente<Indent/>! Ses kamarades savent où sont les pierres brillantes<Indent/>?"
7735,False,"Bssshhhraaah<Indent/>! Il ferait bien de mieux gérer ses matériaux<Indent/>!"
7736,False,"La Mobeline se souvient avoir échangé la vieille qaisse. Les pierres sont sans doute dans la qaisse jaune."
7737,False,"Bssshhhouaaah<Indent/>! Merci, merci beaukoup<Indent/>! Il va chercher la kaisse<Indent/>!"
7738,False,"Bssshhhaaah<Indent/>! Le brave Mobelin l'a trouvée<Indent/>! La kaisse jaune avec les pierres précieuses<Indent/>!"
7739,False,"Il fait beaukoup de bruit, franchement<Indent/>!"
7740,False,"Oui<Indent/>! Ça arriverait pas, si le Mobelin rangeait mieux ses matériaux et ses qaisses<Indent/>!"
7741,False,"Avek ça, il va pouvoir demander à la main-du-pot de se mettre au travail<Indent/>!"
7742,False,"Allez, qourage<Indent/>! La gentille Mobeline est de tout qœur avec la brave main-du-pot<Indent/>!"
7743,False,"Merci<Indent/>! J'ai presque fini<Indent/>!"
7744,False,"La konsommation de minerai est très importante<Indent/>! Les Mobelins aimeraient vite en avoir davantage<Indent/>!"
7745,False,"La Mobeline l'a entendu de la bouche d'un humain<Indent/>! La qouleur dorée est très populaire<Indent/>!"
7746,False,"Bssshhhouoooh<Indent/>! Le brave Mobelin va devenir très kostaud<Indent/>!"
7747,False,"Exactement<Indent/>! On va tous les deux travailler nos corps comme des objets d'artisanat<Indent/>!"
7748,False,"Cette poterie verrrdâtre aux reflets rouges est magnifique<Indent/>!"
7749,False,"Bssshhhoh<Indent/>! La Mobeline a qompris<Indent/>! Elle va s'en charger pour la qliente<Indent/>!"
7750,False,"Hou, voyons, voyons... Qu'est-ce que je vais attraper aujourd'hui<Indent/>?"
7751,False,"J'aime bien aller sur la rive, mais le jour de la tempête, c'était très dangereux, ja<Indent/>!"
7752,False,"Ouais, j'ai eu les chocottes quand j'ai vu que la rivière débordait."
7753,False,"La caisse rectangulaire dont tu parlais est drôlement lourde, dis donc<Indent/>?"
7754,False,"Espèce de crétin<Indent/>! Je t'ai pourtant bien dit que tu devais rapporter une caisse carrée, pas une rectangulaire<Indent/>!"
7755,False,"Flûte<Indent/>! J'y retourne, alors<Indent/>!"
7756,False,"Mon fils a vraiment du mal à maîtriser les sorts de vent."
7757,False,"Où est-ce qu'on va pouvoir faire affaire la prochaine fois<Indent/>? Hop hop, t'en penses quoi<Indent/>?"
7758,False,"Bssshhhaaah<Indent/>! Le pauvre Mobelin va tomber<Indent/>!"
7759,False,"C'est pas haut<Indent/>! Il aura pas mal<Indent/>! Qu'il se laisse tomber<Indent/>!"
7760,False,"Bssshhh... Non<Indent/>! Il a trop peur<Indent/>! Et il a une krampe au mollet<Indent/>!"
7761,False,"Il serait peut-être temps de renouveler les cargos..."
7762,False,"Alooors, la livraison d'aujourd'hui..."
7763,False,"Que donne le contrôle de sécurité<Indent/>?"
7764,False,"Morceaux d'électrope surchargés en électricité... zéro. Tout m'a l'air en ordre."
7765,False,"Où vont les pierres brutes, déjà<Indent/>?"
7766,False,"Au rez-de-chaussée, pour le contrôle des impuretés."
7767,False,"C'est fastidieux, mais c'est comme ça..."
7768,False,"Mince, je sais plus si j'ai paramétré la bonne destination..."
7769,False,"Quantité<Indent/>: OK. Destination programmée... Voyons voir..."
7770,False,"Une amie à moi est devenue ex<SoftHyphen/>ter<SoftHyphen/>mi<SoftHyphen/>na<SoftHyphen/>tri<SoftHyphen/>ce."
7771,False,"La chance<Indent/>! Moi, j'ai pas le niveau pourrr postuler."
7772,False,"Toutes les ressources destinées à la Gardienne sont là<Indent/>?"
7773,False,"Pas tout à fait. On vient de faire une belle trouvaille à la Rive noyée."
7774,False,"C'est qui, les jolies poulettes à leur mémère<Indent/>?"
7775,False,"Le transformateur élémentaire a l'air opérationnel..."
7776,False,"Je sens que la récolte va être bonne<Indent/>!"
7777,False,"On attend qu'ils grandissent un peu plus, puis on met un filet anti-insectes<Indent/>?"
7778,False,"C'est noté<Indent/>! Je t'installe ça quand tu veux."
7779,False,"Je vois, on va devoir réduire l'humidité..."
7780,False,"Sans oublier de protéger les cultures contre les nuisibles<Indent/>! Surtout les puluches..."
7781,False,"C'est bon, personne ne me suit..."
7782,False,"J'ai cru voir quelqu'un<Indent/>!"
7783,False,"Bien... Allons-y<Indent/>!"
7784,False,"Pfiou<Indent/>! J'ai bien avancé<Indent/>!"
7785,False,"Hmm<Indent/>? J'ai cru voir quelque chose bouger..."
7786,False,"... C'était peut-être mon imagination."
7787,False,"Han<Indent/>! Tu es avec <Emphasis>elle</Emphasis><Indent/>!"
7788,False,"La carte indique cet endroit."
7789,True,"Accrochez-vous aux ballons<Indent/>! Ils vous guideront jusqu'au Manoir sans fin..."
7790,False,"On manque autant de vivres que de bras..."
7791,False,"Rien n'est plus précieux que la paix..."
7792,False,"Allons rencontrer Sa Majesté<Indent/>!"
7793,False,"J-je crois que j'ai le trac..."
7794,False,"De ses souvenirs naîtra la reine qui nous guidera..."
7795,False,"Une reine pour l'éternité... Un héritage en or<Indent/>!"
7796,False,"C'est trop tard, il n'y a nulle part où fuir..."
7797,False,"N'abandonnez pas<Indent/>! Réfugiez-vous au château<Indent/>!"
7798,False,"Aujourd'hui encore, la barrière magique de la Gardienne de l'Éternité est si belle..."
7799,False,"Est-ce que l'avenir sera synonyme d'espoir...<Indent/>?"
7800,False,"Tu as entendu la rumeur à propos de Sa Majesté Sphene<Indent/>?"
7801,False,"Ah, comme quoi ses souvenirs d'avant-guerre auraient été conservés<Indent/>?"
7802,False,"Ici aussi, ils savent y faire pour fêter la Commémoration<Indent/>!"
7803,False,"Ce n'est pas désagréable de visiter les autres cités, une fois de temps en temps."
7804,False,"On a bien fait de venirrr<Indent/>!"
7805,False,"Oui, le feu d'artifice était ex<SoftHyphen/>cep<SoftHyphen/>tion<SoftHyphen/>nel..."
7806,False,"Comment se passent tes aventurrres<Indent/>? Tu t'amuses bien<Indent/>?"
7807,False,"Et comment<Indent/>! D'ailleurs, pas plus tard que l'autre jourrr..."
7808,False,"Je dois admettre que Sicard a bien rempli sa part du travail... pour une fois."
7809,False,"Allez, comme je suis bon prince, je vais lui rapporter un petit souvenir."
7810,False,"Je suis sûr qu'il en sera ravi<Indent/>!"
7811,False,"On va où, après<Indent/>?"
7812,False,"D'abord, on se pose encore un peu ici. Ensuite..."
7813,False,"Tu as pu voir le feu d'artifice, depuis ton bateau<Indent/>?"
7814,False,"Oui, et c'était magnifique<Indent/>! Avec mes collègues, on était tous bouche bée<Indent/>!"
7815,False,"C'était un beau spectacle. Il a donné le sourire à tout le monde."
7816,False,"Une banane... ?"
7817,False,"Quel goût cela a-t-il ?"
7818,False,"Suis-moi un instant."
7819,False,"Je vois..."
7820,False,"Cette fumée..."
7821,False,"Papa, regarde<Indent/>!"
7822,False,"Attention, tu vas te faire mal<Indent/>!"
7823,False,"On commence par aller où<Indent/>?"
7824,False,"Hmm, j'hésite..."
7825,False,"J'ai envie de manger une glace<Indent/>!"
7826,False,"Que diriez-vous de mes délicieux biscuits<Indent/>?"
7827,False,"J'en prendrais bien trois boîtes..."
7828,False,"Tu retentes ta chance au quiz<Indent/>?"
7829,False,"Oui, je compte bien avoir tout bon<Indent/>!"
7830,False,"C'est vachement beau<Indent/>!"
7831,False,"Y a un type qui a plongé dans l'eau après avoir gagné un pari..."
7832,False,"Ah bon<Indent/>!? Moi il faudrait plutôt que je <Emphasis>perde</Emphasis> un pari<Indent/>!"
7833,False,"Je suis si heureux de t'avoir retrouvée..."
7834,False,"Qui veut mes belles statuettes de Mica le mu<Indent/>?"
7835,False,"Il y a si longtemps qu'on n'avait pas discuté ensemble, comme ça..."
7836,False,"Il faut dire qu'on était toujours occupés..."
7837,False,"Ah, ça me rend nostalgique..."
7838,False,"Quelle belle vue<Indent/>!"
7839,False,"Je pourrais passer ma journée ici..."
7840,False,"Je te recommande la médicothèque Daguéréo<Indent/>!"
7841,False,"D'accord, j'irai y faire un tour."
7842,False,"C'est tellement agréable<Indent/>!"
7843,False,"Je me souviens de notre rencontre comme si c'était hier..."
7844,False,"Je me demande si on a le droit de nager, là-bas..."
7845,False,"Friandises en tous genres<Indent/>! Demandeeez<Indent/>!"
7846,False,"J'ai cru que vous m'aviez abandonné..."
7847,False,"Oh, pardonne-nous..."
7848,False,"À partir de maintenant, on reste toujours ensemble."
7849,False,"Là, je trébuche, et puis je dévale toute la côte en rebondissant comme un ballon..."
7850,False,"Hmm, le choix est difficile..."
7851,False,"Ne poussez pas<Indent/>! Il y aura de la place pour tout le monde<Indent/>!"
7852,False,"J'ai hâte de monter<Indent/>!"
7853,False,"Quel endroit merveilleux<Indent/>!"
7854,False,"Oh oui..."
7855,False,"Maman<Indent/>! On va manger une glace<Indent/>?"
7856,False,"Dis, Papa..."
7857,False,"Pas maintenant, je suis occupée... Demande à ton père<Indent/>!"
7858,False,"Attends, j'ai besoin de me concentrer... Demande plutôt à ta mère<Indent/>!"
7859,False,"Il paraît qu'on peut toucher les animaux, ici<Indent/>!"
7860,False,"Euh, fais attention, d'accord<Indent/>?"
7861,False,"Haha, les doigts dans le nez<Indent/>!"
7862,False,"Il y a aussi des spécimens rares de végétaux, et puis..."
7863,False,"Tu as éveillé ma curiosité<Indent/>!"
7864,False,"Je veux que ce moment ne s'arrête jamais..."
7865,False,"Ah, si la lecture était la seule nourriture de l'âme..."
7866,False,"Hein<Indent/>!? Où elle est passée<Indent/>?"
7867,False,"Tiens<Indent/>? J'aurais juré qu'il était parti par ici..."
7868,False,"Allez, faut garder le rythme<Indent/>!"
7869,False,"On faiblit pas<Indent/>!"
7870,False,"On peut aller jusqu'à mille<Indent/>!"
7871,False,"Euh, moi j'ai peur d'avoir le vertige..."
7872,False,"Le château devait être si im<SoftHyphen/>pres<SoftHyphen/>sion<SoftHyphen/>nant, à l'époque..."
7873,False,"Il paraît qu'il y avait plein d'animaux différents, autrefois<Indent/>!"
7874,False,"Elle s'est endormie dans le sauna, ou quoi<Indent/>!?"
7875,False,"Ah, ça fait un bien fou<Indent/>!"
7876,False,"Désolée pour le retard<Indent/>!"
7877,False,"Il paraît qu'il vaut mieux faire une pause de temps en temps."
7878,False,"Et voilà, j'y retourne<Indent/>!"
7879,False,"Je commence à avoir besoin de souffler..."
7880,False,"Fraise, ou chocolat-menthe<Indent/>?"
7881,False,"Le match de tout à l'heure était incroyable<Indent/>!"
7882,False,"Moi aussi, je commence à avoir envie d'une glace..."
7883,False,"Tu as encore le temps d'aller en acheter une<Indent/>!"
7884,False,"Qu'est-ce que tu as pensé du dernier match<Indent/>?"
7885,False,"Un vol<Indent/>! On se demande ce que fait l'arbitrage vidéo<Indent/>!"
7886,False,"Il y a une rencontre à suivre en particulier<Indent/>?"
7887,False,"Oui, la troisième<Indent/>! Le retour de la revanche<Indent/>!"
7888,False,"Ah, j'ai pu m'installer à ma place favorite<Indent/>!"
7889,False,"Ah, si je pouvais plutôt être au milieu de l'arène..."
7890,False,"Beuh<Indent/>! Beuh<Indent/>!"
7891,False,"Mwoooh<Indent/>!"
7892,False,"Beuuuh<Indent/>! Beuh<Indent/>!"
7893,False,"Ouah, t'es couvert de puces<Indent/>!"
7894,False,"Je vais te brosser un peu plus tard, d'accord<Indent/>?"
7895,False,"La récolte s'annonce bien<Indent/>!"
7896,False,"J'aimerais bien acheter des bracelets d'artisans mobelins..."
7897,False,"Oh, tu dois forcément pouvoir en trouver."
7898,False,"Le secret avec les rrraquettes de cactus, c'est de bien les faire revenir<Indent/>!"
7899,False,"Hmmm, ça m'a l'air succulent<Indent/>!"
7900,False,"Le saligaud, il m'a arnaqué<Indent/>!"
7901,False,"Tu devrrrais aller en parler à la milice."
7902,False,"Pas question de rentrer aux sources de Sheshenewezi... Hic<Indent/>!"
7903,False,"Hips<Indent/>! On trime... Tous les jours..."
7904,False,"Hmgn... J'reprendrai bien un p'tit verre<Indent/>! Hic<Indent/>!"
7905,False,"Et là... Bam<Indent/>! Un rroneek... Hips<Indent/>! Grand comme une montagne<Indent/>!"
7906,False,"Qu'est-ce que tu racontes<Indent/>!?"
7907,False,"C'est un marchand à Tuliyollal qui m'en a parrrlé..."
7908,False,"Oui, mais d'après les Pelupelu..."
7909,False,"Puis là, ma femme, elle m'dit..."
7910,False,"Tu m'agaces avec tes scènes de ménage."
7911,False,"Il manque peut-être un peu de bois<Indent/>?"
7912,False,"Y a pas de bébêtes dans le coin, hein<Indent/>?"
7913,False,"Et hop<Indent/>! Une bonne popoto pour le dîner<Indent/>!"
7914,False,"La récolte a été bonne cette saison<Indent/>!"
7915,False,"J'ai changé la date des semis pour voir."
7916,False,"Il nous faut de la viande pour le ragoût..."
7917,False,"Rho... Je viens à peine de rentrer de la chasse<Indent/>!"
7918,False,"Mince, j'ai plus de tabac<Indent/>!"
7919,False,"Moi non plus, j'suis à sec."
7920,False,"Mon fils m'a dit qu'il voulait travailler aux sources de Sheshenewezi."
7921,False,"Et tu lui as répondu quoi<Indent/>?"
7922,False,"J'espère que c'est sec..."
7923,False,"Hmmm... Jolie mélodie<Indent/>!"
7924,False,"Je pourrais rrrester l'écouter toute la journée<Indent/>!"
7925,False,"Si on allait faire un tourrr au lac<Indent/>?"
7926,False,"Oh oui<Indent/>! Un petit tour en barrrque<Indent/>! Ce serait chouette<Indent/>!"
7927,False,"Allez<Indent/>! Faites que ça morrrde<Indent/>!"
7928,False,"Quel vent agrrréable<Indent/>!"
7929,False,"Allez les petits poissons<Indent/>!"
7930,False,"T'as bien mérité une pause<Indent/>!"
7931,False,"Mwoh<Indent/>!"
7932,False,"Arrête de me piquer mon boulot<Indent/>!"
7933,False,"T'es si mauvais que j'ai pas pu m'en empêcher<Indent/>!"
7934,False,"Ouais<Indent/>! Une bagarre<Indent/>!"
7935,False,"Du calme, les gars..."
7936,False,"Défends-toi<Indent/>!"
7937,False,"Paraît qu'ils vont construire une autre tour de forage."
7938,False,"Ça va encorrre embaucher à tour de bras<Indent/>!"
7939,False,""
7940,False,"Notre arène est un digne parc pour les princes du combat<Indent/>!"
7941,False,"Moi aussi, j'ai révisé avant de venir<Indent/>!"
7942,False,"C'est comme ça qu'il faut encourager<Indent/>?"
7943,False,"♪ Tous ensemble on chanteraaa<Indent/>!"
7944,False,"J'ai envie de faire trempette dans les bains..."
7945,False,"Miam<Indent/>!"
7946,False,"C'est-à-dire que nous changeons ré<SoftHyphen/>gu<SoftHyphen/>liè<SoftHyphen/>re<SoftHyphen/>ment nos produits, et..."
7947,False,"Oh non<Indent/>! Vous n'en avez déjà plus<Indent/>!?"
7948,False,"Je suis vraiment tête en l'air..."
7949,False,"Aaaah<Indent/>! C'est le pieeed<Indent/>!"
7950,False,"Une petite glace n'a jamais fait de mal à personne..."
7951,False,"Tu en as déjà mangé une à l'arène<Indent/>!"
7952,False,"Oui, mais ici ils ont des parfums spéciaux<Indent/>!"
7953,False,"C'est bon, j'ai compris..."
7954,False,"Hihihi<Indent/>!"
7955,False,"Que ça fait du bien..."
7956,False,"Euh, c'est un peu profond pour une Milalla..."
7957,False,"Oryaaaah !"
7958,False,"Nuoooooh !"
7959,False,"Vise la jugulaire ! La jugulaire !"
7960,False,"Quel match !"
7961,False,"Mords-lui la tête !"
7962,False,"Ensuite, comme ça... Voiiiilà..."
7963,False,"Hmmm ! Succulente, cette banane !"
7964,False,"Allez ! Moi aussi, je veux goûter ! Donne-moi un bout !"
7965,False,"Cette brise est très agréable... Hmmm..."
7966,False,"Rrrrooon..."
7967,False,"J'hésite où aller pour ma prochaine chasse..."
7968,False,"Pourquoi pas près du tsoly ?"
7969,False,"Moi aussi, un jour, je pourrai raconter mes histoires au jardin du Firmament..."
7970,False,"Ce sera pas facile, mais tu vas y arriver."
7971,False,"T'as entendu ? Les Pisteurs br'aax ont ramené une grosse prise, aujourd'hui !"
7972,False,"Ils font notre fierté à tous !"
7973,False,"Dis, tu as entendu les dernières directives de notre chef ?"
7974,False,"Oui, ja. C'est bien beau, mais..."
7975,False,"Cela fait des lustres que nos réserves sont vides, ja !"
7976,False,"Ainsi, les livraisons ne suffisent plus..."
7977,False,"Tu es BLESSÉ<Indent/>?"
7978,False,"Non, je CROIS que ça va..."
7979,False,"Mais qu'est-ce qu'il s'est PASSÉ<Indent/>!?"
7980,False,"Tiens BON<Indent/>!"
7981,False,"Aïe... J'ai MAL<Indent/>!"
7982,False,"Le SCEAU de Valigarmanda... Il a été rompu<Indent/>!?"
7983,False,"Ta blessure n'est pas très PROFONDE, heureusement<Indent/>!"
7984,False,"C'est quoi cette OMBRE immense<Indent/>?"
7985,False,"J'ai envie d'aller voir le château<Indent/>!"
7986,False,"D'accord, mais on se repose un peu avant..."
7987,False,"On peut y aller en taxi aérien<Indent/>?"
7988,False,"Hé, on fait la course<Indent/>?"
7989,False,"Contre toi<Indent/>? T'es trop lent, l'escargot<Indent/>!"
7990,False,"T'as aucune chance<Indent/>!"
7991,False,"Je vais gagner<Indent/>! Même contre vous, <If(PlayerParameter(4))>Madame<Else/>Monsieur</If><Indent/>!"
7992,False,"Si tu veux te ridiculiser..."
7993,False,"C'est ce qu'on va voir<Indent/>!"
7994,False,"C'est moi qui juge l'arrivée<Indent/>!"
7995,False,"Et moi, je donne le départ<Indent/>!"
7996,False,"À vos marques..."
7997,False,"Prêts..."
7998,False,"Partez<Indent/>!!!"
7999,False,"Ouaaaaiiiis<Indent/>!!!"
8000,False,"J'ai gagnééé<Indent/>!!!"
8001,False,"Bravo ! Bonne réponse !"
8002,False,"Ne vous inquiétez pas, je vais vous donner un indice !"
8003,False,"On va encore être à court de lots..."
8004,False,"On va visiter la ville !"
8005,False,"Ne vous battez pas !"
8006,False,"Non, on va manger d'abord !"
8007,False,"J'ai tiré mon omikuji, mais... j-j'ai trop peur du résultat pour le regarder !"
8008,False,"Tu vas te décider à le lire, oui !?"
8009,False,"Papa, tu as entendu ? On peut gagner des porte-bonheurs !"
8010,False,"Oui, ça vaut le coup d'essayer tous les deux."
8011,False,"Hmmm..."
8012,False,"Pas facile, comme question !"
8013,False,"Un dernier coup d'œil autour avant d'appeler mon contact..."
8014,False,"Je sens une présence toute proche..."
8015,False,"Mieux vaut presser le pas."
8016,False,"Je me sens toujours observé..."
8017,False,"Peut-être est-ce mon imagination<Indent/>?"
8018,False,""
8019,False,"Je ne devrais plus rien craindre, ici..."
8020,False,"Voilà, j'ai chargé la marchandise. Il ne reste plus qu'à récupérer l'autre part..."
8021,False,"J'ignore ce que vous me voulez, mais je suis occupé."
8022,False,"Alors c'est ça, la Veillée des saints... Très intéressant."
8023,False,"Ça donne des idées pour nos propres festivités."
8024,False,"Oui, quand on rentrera, il va falloir en parler avec tout le monde<Indent/>!"
8025,False,"Ces décorations sont magnifiques, tu ne trouves pas<Indent/>?"
8026,False,"Oh oui<Indent/>! Nous pourrions peut-être fabriquer des costumes assortis<Indent/>?"
8027,False,"Voilà qui va donner un superrrbe article<Indent/>!"
8028,False,"Je me demande si j'ai vu tout ce qu'il y avait à découvrirrr..."
8029,False,"Cette personne m'a l'air trop louche..."
8030,False,"Moi aussi, je vais devoir faire un effort pour gagner des gourmandises..."
8031,False,"Paparlequin est trop classe<Indent/>!"
8032,False,"Je devrais songer à un menu spécial citrouille..."
8033,False,"Le spectacle va bientôt commencer<Indent/>!"
8034,False,"Mince, j'ai perdu mon porte-monnaie..."
8035,False,"..."
8036,False,"(halète)..."
8037,False,"Bravo, Monsieur<Indent/>!"
8038,False,"Ouah, il a vraiment réussi à gagner<Indent/>!"
8039,False,"Je pensais pas que t'en étais capable<Indent/>!"
8040,False,"Haha<Indent/>! Et je peux encore m'améliorer<Indent/>!"
8041,False,"Merci d'avoir joué avec nous, <If(PlayerParameter(4))>Madame<Else/>Monsieur</If><Indent/>!"
8042,False,"Mon copain se fait tout le temps du souci pourrr rien..."
8043,False,"Oublie-le un peu, aujourd'hui on s'amuse entre copines<Indent/>!"
8044,False,"Et donc je disais que..."
8045,False,"Oh là là, mais c'est com<SoftHyphen/>plè<SoftHyphen/>te<SoftHyphen/>ment maboule<Indent/>!"
8046,False,"Respire un bon coup, ça ira mieux<Indent/>!"
8047,False,"Les sentinelles... Bon sang, qu'est-ce qui leur prend<Indent/>!?"
8048,False,"T'as pas trrrop mal<Indent/>?"
8049,False,"C'est un cauchemar... C'est un cauchemaaaar<Indent/>!!"
8050,False,"Tout était normal, et deux secondes après, c'était l'enfer..."
8051,False,"Ça va<Indent/>!? Accroche-toi<Indent/>!"
8052,False,"Pitié, que quelqu'un nous vienne en aide..."
8053,False,"Et dire que ça devait être mon jour de chance... N'importe quoi<Indent/>!"
8054,False,"T'es encore vivante, donc c'est bien ton jour de chance<Indent/>!"
8055,False,"Eh, mais qu'est-ce que... J'ai pas bu tant que ça, pourtant..."
8056,False,"Les sentinelles ne font qu'obéirrr aux ordres. Ce qui signifie que..."
8057,False,"Que notre propre armée nous attaque<Indent/>!? Non mais tu délires, là<Indent/>!"
8058,False,"Bouge pas d'ici, je vais chercher un médecin<Indent/>!"
8059,False,"Rassure-toi, tout va bien se passer<Indent/>!"
8060,False,"Les sentinelles se sont rebellées au huitième étage aussi..."
8061,False,"Ça veut dire que c'est le chaos dans toute la tour<Indent/>!?"
8062,False,"Maman<Indent/>? Maman<Indent/>!?"
8063,False,"Ma famille... Tout le monde va bien, ja<Indent/>?"
8064,False,"Ah..."
8065,False,"Ça va<Indent/>? Reste avec moi<Indent/>!"
8066,False,"Les dégâts... C'est affreux, ja..."
8067,False,"Nous devons... protéger... les habitants<Indent/>!"
8068,False,"Papa... Maman... Ouiiin<Indent/>!"
8069,False,"Ne m'abandonnez pas, ja..."
8070,False,"Qu'est-ce qu'il se passe<Indent/>?"
8071,False,"Pourquoi... C'est si soudain..."
8072,False,"Aidez-moi<Indent/>!"
8073,False,"J'ai mal..."
8074,False,"Urgh..."
8075,False,"Qui ose nous attaquer..."
8076,False,"Le prrrochain spectacle va bientôt commencer<Indent/>!"
8077,False,"Moi, j'ai pas l'sens du rrrythme..."
8078,False,"T'as entendu<Indent/>? Allons voir<Indent/>!"
8079,False,"Plus un seul billet... C'est bien ma veine, ça..."
8080,False,"Je voudrais rester ici pour toujours..."
8081,False,"Ce serait plus sympa devant un bon match..."
8082,False,"Vivement que ça commence<Indent/>!"
8083,False,"Et toi, quel est ton combattant préféré<Indent/>?"
8084,False,"Difficile de faire son choix..."
8085,False,"Le machin bleu a l'air plutôt bon..."
8086,False,"Hmm..."
8087,False,"Vous avez choisi<Indent/>?"
8088,False,"Pas encore<Indent/>!"
8089,False,"Houf<Indent/>! Heu<SoftHyphen/>reu<SoftHyphen/>se<SoftHyphen/>ment que l'éthérite n'a pas été endommagée par la tempête."
8090,False,"Le plancher était abîmé, et mon pied est passé à travers à cause de ça, hou<Indent/>!"
8091,False,"Que désirez-vous<Indent/>?"
8092,False,"Deux tacos au poisson, s'il vous plaît."
8093,False,"Très bien."
8094,False,"Tacos au poisson pour deux personnes<Indent/>!"
8095,False,"Ça marche<Indent/>!"
8096,False,"Et hop<Indent/>! Et hop<Indent/>!"
8097,False,"Ha ha ha ha<Indent/>!"
8098,False,"Je ne peux plus me passer de ce goût inimitable, ja<Indent/>!"
8099,False,"Hou<Indent/>! Et rien de tel qu'un bon petit verre pour aller avec<Indent/>!"
8100,False,"Prends le temps de bien mâcher, ja<Indent/>!"
8101,False,"Miam miam miam miam<Indent/>!"
8102,False,"Glou glou glou..."
8103,False,"Huum... Huum..."
8104,False,"Hum, hum<Indent/>!"
8105,False,"Hum, huum..."
8106,False,"Huuum..."
8107,False,"Voyons voir l'état de cette arme..."
8108,False,"Acceptable."
8109,False,"Que me voulez-vous, ja ?"
8110,False,"Arrêtez de me suivre, ja..."
8111,False,"Quel pot de colle, ja !"
8112,False,"Vous ne pouvez pas aller voir ailleurs si j'y suis, ja ?"
8113,False,"On joue au loup<Indent/>? C'est toi qui fais le loup d'abord<Indent/>!"
8114,False,"D'accord, tu vas voir<Indent/>!"
8115,False,"T'es prêt<Indent/>? Attention..."
8116,False,"C'est parti<Indent/>!"
8117,False,"Hé hé<Indent/>! J'ai gagné<Indent/>!"
8118,False,"Aaaah j'ai pas pu t'attraper<Indent/>!"
8119,False,"Encore<Indent/>! Je t'aurai cette fois-ci<Indent/>!"
8120,False,"C'est reparti... Prêt<Indent/>?"
8121,False,"Prends ça<Indent/>!"
8122,False,"Mais<Indent/>!? Qu'est-ce que tu fais<Indent/>?"
8123,False,"C'est pas désagréable<Indent/>!"
8124,False,"Je suis trempé jusqu'aux os<Indent/>!"
8125,False,"Et moi donc<Indent/>!"
8126,False,"Il faut courir pour sécher nos vêtements<Indent/>!"
8127,False,"Hein<Indent/>? Attends<Indent/>! C'est n'importe quoi<Indent/>!"
8128,False,"Ils sont vraiment rapides<Indent/>!"
8129,False,"Alors<Indent/>? C'est sec, non<Indent/>?"
8130,False,"Haa... Tu es vraiment... in<SoftHyphen/>cor<SoftHyphen/>ri<SoftHyphen/>gi<SoftHyphen/>ble..."
8131,False,"C'est bien... Je compte sur toi la prochaine fois aussi<Indent/>!"
8132,False,"Graarrr..."
8133,False,"J'ai trop tardé à rassembler la commande..."
8134,False,"La boutique à livrer est dans le coin..."
8135,False,"Navré pour le retard<Indent/>! J'ai eu un imprévu..."
8136,False,"Bssshh... Faisons de la place en attendant..."
8137,False,"Oh<Indent/>! Enfin<Indent/>! Bssshh... Ici, ici<Indent/>!"
8138,False,"Pas de soucis<Indent/>! Merci pour la livraison<Indent/>! Bssshh..."
8139,False,"Voyons si je peux attraper quelque chose ici<Indent/>!"
8140,False,"Pourquoi, pourquoi<Indent/>? Le Mobelin veut savoir pourquoi son kamarade koupe de l'herbe<Indent/>!"
8141,False,"Bssshhhéhéhé<Indent/>! C'est pour faire pousser des herbes médicinales chez lui<Indent/>!"
8142,False,"Kwé... Kwé kwé<Indent/>!"
8143,False,"Tous ces éclairs... C'est effrayant..."
8144,False,"Ici aussi, la foudre a toujours été dangereuse, n'est-ce pas<Indent/>?"
8145,False,"Ah, oui. Heu<SoftHyphen/>reu<SoftHyphen/>se<SoftHyphen/>ment, la barrière magique est là pour nous protéger."
8146,False,"Grâce à elle, on peut mener nos activités normalement<Indent/>!"
8147,False,"Rah, j'y étais presque<Indent/>!"
8148,False,"Vous y arriverez la prochaine fois<Indent/>!"
8149,False,"On a pas la même définition de “presque”, je crois<Indent/>!"
8150,False,"Allez, je vais tenter ma chance<Indent/>!"
8151,False,"Y a quand même beaucoup de bombes..."
8152,False,"Je vous en prie, soyez prudente<Indent/>!"
8153,False,"En voilà une tour impresionnante<Indent/>!"
8154,False,"Bon, il va falloir que je suive les in<SoftHyphen/>struc<SoftHyphen/>tions sur la carte..."
8155,False,"Ouah, ça brille<Indent/>! Et ça a l'airrr délicieux<Indent/>!"
8156,False,"J'ai bien fait de venirrr<Indent/>! L'été ne commence vraiment qu'avec les Feux de la Mort, pour moi<Indent/>!"
8157,False,"Mia<Indent/>!?"
8158,False,"Attention, ne tombe pas<Indent/>!"
8159,False,"Mais où est-ce qu'il est passé<Indent/>!?"
8160,False,"Je n'ai qu'une envie, déguster un délicieux flan frais<Indent/>!♪"
8161,False,"Mange cette glace, ça va te faire du bien<Indent/>!"
8162,False,"Bravo, Madame<Indent/>!"
8163,False,"Prenez l'ascenseur pour monter sur le toit<Indent/>!"
8164,False,""
8165,False,"Ce festival nous donnera sûrement plein d'idées, miaou<Indent/>!"
8166,False,"Notre île a besoin de ce genre d'événement<Indent/>!"
8167,False,"J'ai jamais vu un insecte aussi balèze<Indent/>!"
8168,False,"Le groupe de Thancred nous a devancés<Indent/>!"
8169,False,"J'espère que tout va bien du côté d'Alisaie et Erenville..."
8170,False,"Quelle force<Indent/>! J'imagine qu'il faut au moins ça pour devenir arbitre royal."
8171,False,"Combattre en ravivant la mémoire des tombes... C'est original."
8172,False,"C'était un sacré adversaire. Mais je me suis bien débrouillée, non<Indent/>?"
8173,False,"Quel endroit étrange..."
8174,False,"Nous devons nous être avancés très pro<SoftHyphen/>fon<SoftHyphen/>dé<SoftHyphen/>ment, maintenant."
8175,False,"Cette couleur, ce serait..."
8176,False,"L'atmosphère semble différente..."
8177,False,"La fusion entrrre un être humain et un animal<Indent/>?"
8178,False,"Allez, en route<Indent/>!"
8179,False,"Nous devons voir l'intérieur du dôme<Indent/>!"
8180,False,"Cet officier était à moitié humain, à moitié serpent."
8181,False,"La situation est sous contrrrôle..."
8182,False,"Tu perds rien pour attendre, Zoraal Ja<Indent/>!"
8183,False,"Transformer des humains en vulgaires cobayes... C'est im<SoftHyphen/>par<SoftHyphen/>don<SoftHyphen/>na<SoftHyphen/>ble<Indent/>!"
8184,False,"Dépêchons-nous, le sommet n'est plus très loin<Indent/>!"
8185,False,"On ne sait pas ce que Sphene nous prépare... Restons sur nos gardes."
8186,False,"Tous ces précieux souvenirs... Pourquoi les effacer<Indent/>?"
8187,False,"Sans ses souvenirs, quel être va-t-elle devenir<Indent/>?"
8188,False,"C'était un combat éprouvant..."
8189,False,"O-on a réussi...<Indent/>!?"
8190,False,"C'est tout...<Indent/>?"
8191,False,"Je comprends pourquoi on l'appelait la “calamité incarnée”."
8192,False,"Lamaty'i s'est bien battue. Elle n'a pas du tout tremblé."
8193,False,"Le prince Zoraal Ja nous a offert une dé<SoftHyphen/>mon<SoftHyphen/>stra<SoftHyphen/>tion de ses talents."
8194,False,"Tout le monde va bien. C'est presque un miracle..."
8195,False,"Mon pauvre frère..."
8196,False,"C'est enfin fini..."
8197,False,"Vouloir surpasser son père au point d'en arriver là..."
8198,False,"C'est tellement triste..."
8199,False,"Ton idéal n'était qu'une illusion, Zoraal Ja..."
8200,False,"Au tour de Zoraal Ja de ne plus être qu'un corps sans âme..."
8201,False,"Il aura été féroce jusqu'au bout..."
8202,False,"Sphene..."
8203,False,"Cette créature, c'était... Oh non..."
8204,False,"MAGNIFIQUE."
8205,False,"Hah... Hah..."
8206,False,"Ce serait... ici ?"
8207,False,"Qu'est-ce que tu m'veux, toi<Indent/>!?"
8208,False,"Miaou<Indent/>! Miaouuu<Indent/>!"
8209,False,"Mia-miaou<Indent/>! Miaou<Indent/>!"
8210,False,"Miaou, miaou..."
8211,False,"Miaouuu..."
8212,False,"Miaou<Indent/>!♪ Miaouuu<Indent/>!♪"
8213,False,"Les blessés sont par ici<Indent/>!"
8214,False,"Mais que font les renforts<Indent/>!?"
8215,False,"Encore des sentinelles...<Indent/>!?"
8216,False,"Laissez faire les membres d'Oblivion, on s'en occupe<Indent/>!"
8217,False,"Ils sont pas beaux et fringants, nos alpagas<Indent/>?"
8218,False,"Hop hop<Indent/>! Aujourd'hui aussi, on travaille dur<Indent/>!"
8219,False,"Au moins ici, on est à l'abri si on se fait envahir<Indent/>!"
8220,False,"On garde l'œil ouvert<Indent/>!"
8221,False,"Hmm, pas trop abîmé..."
8222,False,"C'est éreintant comme boulot..."
8223,False,"Celui-là est encore utilisable<Indent/>!"
8224,False,"J'ai tellement sommeil..."
8225,False,"Pas le temps de souffler..."
8226,False,"J'ai cru que j'allais mourir..."
8227,False,"Cahciua..."
8228,False,"Reste plus qu'à analyser les données..."
8229,False,"Ces armes ont l'air résistantes..."
8230,False,"On a toujours besoin de plus de matériel..."
8231,False,"Voyons voir ce qu'il me reste à fabriquer..."
8232,False,"Faut graver un circuit magique sur cet appareil<Indent/>!"
8233,False,"Quelle ignominie...<Indent/>!"
8234,False,"À nous de faire de notre mieux..."
8235,False,"On va avoir besoin de matériaux<Indent/>!"
8236,False,"Oui<Indent/>? Tu veux jouer<Indent/>?"
8237,False,"Hé<Indent/>! Me crache pas dessus<Indent/>!"
8238,False,"J'suis innocent, j'vous dis<Indent/>!
Sortez-moi de là<Indent/>!"
8239,False,"Mon pauvre gamin attend à la maison<Indent/>! Il va crever de faim si je rentre pas<Indent/>!"
8240,False,"Silence<Indent/>! Je m'entends même plus rrréfléchir<Indent/>!"
8241,False,"Et un gamin<Indent/>!? Elle est bien bonne, celle-là<Indent/>!"
8242,False,"Grrr...<Indent/>! J'te jure que c'est vrai<Indent/>!"
8243,False,"Qu'est-ce qui vous ferait plaisir<Indent/>? Vous n'avez qu'à demander<Indent/>!"
8244,False,"Euh... Le nouveau Motodrone A9, mais de taille réduite<Indent/>!"
8245,False,"Un quatre-rrroues, c'est quand même plus confortable..."
8246,False,"Un deux-rrroues, c'est quand même plus classe..."
8247,False,"J'ai envie de changer de burrreau chez moi<Indent/>!"
8248,False,"Bonne idée<Indent/>! Prends-en un avec une chaise, cette fois<Indent/>!"
8249,False,"Qu'est-ce que tu me conseilles, beauté<Indent/>?"
8250,False,"Et ces sièges teeeellement moelleux<Indent/>!"
8251,False,"C'est environ cent fois meilleur qu'à la maison, ici<Indent/>!"
8252,False,"Ça doit être ça, le bonheur..."
8253,False,"Notre cocktail saisonnier, le “Dragueur à deux balles”, ça vous dit<Indent/>?"
8254,False,"Ces gobelets sont tellement pratiques<Indent/>!"
8255,False,"Et toujours chauds grâce au pouvoir de l'électrope<Indent/>!"
8256,False,"Voyons voir les actualités..."
8257,False,"L'autre jour, j'ai failli rentrer dans un mur avec le cargo de livraison..."
8258,False,"Dommage, t'aurais pu te faire virer et enfin trouver un meilleur boulot..."
8259,False,"Vous avez pas envie d'aller vous dégourdir les pattes dehors<Indent/>?"
8260,False,"Ouais, ouais... Et si tu me payais un café pour te faire pardonner<Indent/>?"
8261,False,"J'ai une question à propos des réserves d'âmes..."
8262,False,"C'est sympa ici, mais on se fait un peu chier..."
8263,False,"Bah vas-y, trouve-nous un truc à faire, toi qui es si malin<Indent/>!"
8264,False,"Voilà le lieu de livraison, je suppose..."
8265,False,"Eh, regardez-le, il a l'air tout paumé..."
8266,False,"Ouais, il doit s'être gouré de chemin..."
8267,False,"Eh, M'sieur<Indent/>!"
8268,False,"Euh... oui<Indent/>?"
8269,False,"Vous avez b'soin d'aide, nan<Indent/>? V'nez, on va vous montrer l'chemin<Indent/>!"
8270,False,"Hein<Indent/>!? N-non merci, ça va aller<Indent/>! Aaaah<Indent/>!!"
8271,False,"Bwahaha<Indent/>! Tu l'as fait fuir, abruti<Indent/>!"
8272,False,"Essaie de mieux t'exprimer, la prochaine fois..."
8273,False,"Maman... J'ai peur..."
8274,False,"Mais qu'est-ce qu'il fabrique, cet ascenseur...<Indent/>?"
8275,False,"Alors, reprenons les règles depuis le début..."
8276,False,"Parfois, il faut savoir forcer le destin..."
8277,False,"Zut, je sais même plus où j'ai rendez-vous, moi..."
8278,False,"Tiens, c'est bizarre... Il n'est pourtant jamais en retard..."
8279,False,"Eh, le beau gosse, là<Indent/>! Oui, toi<Indent/>!"
8280,False,"Hein<Indent/>!? Euh... On se serait pas déjà rencontrés quelque part<Indent/>?"
8281,False,"Laisse tomber<Indent/>! Ça te dirait de transpirer avec moi en roulant jusqu'au bout de la nuit<Indent/>?"
8282,False,"Euh... Je suis déjà allé à la gym aujourd'hui, et surtout, j'ai autre chose de prévu. Désolé..."
8283,False,"Et voilà, encore raté... Mais je dois pas me laisser abattre pour autant<Indent/>!"
8284,False,"Désolé pour le retard<Indent/>! On me proposait d'aller à la gym, mais j'ai déjà donné pour aujourd'hui, hé hé<Indent/>!"
8285,False,"Ah bon<Indent/>? Tu es sûr que c'était pas du sport en chambre<Indent/>?"
8286,False,"Ouvre bien grand tes oreilles..."
8287,False,"Ta destinée est des plus intrigantes, dis-moi..."
8288,False,"Les étoiles sont avec toi<Indent/>! Un chemin lumineux s'ouvre devant toi<Indent/>!"
8289,False,"Oooh, incroyable<Indent/>! C'est un destin bien rare qui t'attend<Indent/>!"
8290,False,"Hélas, c'est la catastrophe absolue<Indent/>! Tu dois chambouler ton existence de fond en comble..."
8291,False,"Alors<Indent/>? Alors alors<Indent/>? Qu'en est-il<Indent/>!?"
8292,False,"Ah, voilà qui est encourageant<Indent/>! La chance va enfin me sourire<Indent/>!"
8293,False,"C'est vrai<Indent/>!? Mais qu'est-ce qui m'attend exactement<Indent/>?"
8294,False,"Oh non, encore<Indent/>!? C'est une malédiction, ma parole..."
8295,False,"Plus qu'à tuer le temps en attendant le départ<Indent/>!"
8296,False,"Pas de problème avec le chargement, a priori..."
8297,False,"Il y a une tonne de boulot pour demain..."
8298,False,"Je suis crevé rien que d'y penser..."
8299,False,"Rien de tel que de boire un bon café à l'air libre..."
8300,False,"Ça fait du bien de se bouger un peu<Indent/>!"
8301,False,"Plus le temps passe, plus il est en retard..."
8302,False,"Mouais... Au lieu de marcher, essaie plutôt de courir la prochaine fois."
8303,False,"Désolé, je suis venu aussi vite que j'ai pu<Indent/>!"
8304,False,"Un petit combat de l'Arcadion en vidéo, ça te branche<Indent/>?"
8305,False,"Bon, qu'est-ce qu'on fait<Indent/>?"
8306,False,"Je l'ai pas vu depuis un bail..."
8307,False,"Ah, te voilà, toi<Indent/>! Où est-ce que t'étais passé<Indent/>?"
8308,False,"Il est peut-être très occupé..."
8309,False,"Salut les aminches, ça faisait longtemps<Indent/>!"
8310,False,"Figure-toi que je bossais comme un mulet. Il paraît qu'on dit “cruncher”, de nos jours..."
8311,False,"Tu t'es blessée au travail<Indent/>!? Ça va aller<Indent/>?"
8312,False,"Mais oui, c'est juste un petit bobo<Indent/>! Pas de quoi effrayer une ex<SoftHyphen/>ter<SoftHyphen/>mi<SoftHyphen/>na<SoftHyphen/>tri<SoftHyphen/>ce comme moi<Indent/>!"
8313,False,"Et si on s'achetait des vêtements pour se changer les idées<Indent/>?"
8314,False,"Oh moi, tu sais, je suis toujours partante pour du lèche-vitrines<Indent/>!"
8315,False,"Pour bien faire son travail, il faut..."
8316,False,"Euh... Ne pas avoir envie d'exterminer ses collègues jusqu'au dernier<Indent/>?"
8317,False,"La promenade, y a que ça de vrai<Indent/>!"
8318,False,"Et maintenant, une petite pause bien méritée..."
8319,False,"Hé hé... Ils sont vraiment comme des poissons dans l'eau<Indent/>!"
8320,False,"Une bonne toilette pour une bonne santé, hou<Indent/>!"
8321,False,"Prrrt<Indent/>!♪"
8322,False,"Bienvenue, bienvenue !"
8323,False,"Examiner les ins<SoftHyphen/>tal<SoftHyphen/>la<SoftHyphen/>tions, c'est très important aussi !"
8324,False,"Je médite... pour augmenter... mon énergie... magique... Zzzzz..."
8325,False,"Prrrt prrt<Indent/>!♪"
8326,False,""
8327,False,"Ce clown était trop marrant<Indent/>!"
8328,False,"Changer une citrouille en chien<Indent/>! Il est fort<Indent/>!"
8329,False,"Ouaf<Indent/>! Ouaf<Indent/>!"
8330,False,"Oh, le joli caillou<Indent/>! Y a de quoi se faire un peu de blé..."
8331,False,"Par où, déjà... Ah oui, à droite. Euh, non, à gauche<Indent/>!"
8332,False,"Hop, vé<SoftHyphen/>ri<SoftHyphen/>fi<SoftHyphen/>ca<SoftHyphen/>tion au cas où..."
8333,False,"Là-bas, ce sont des ruines...<Indent/>?"
8334,False,"Peux-tu m'enseigner comment on repousse les monstres, hou ?"
8335,False,"Il faut concentrer ta magie de vent sur ton bec et la faire éclater, hou."
8336,False,"Hou hou, je vois ! Ça permet d'effrayer les créatures ! Merci !"
8337,False,"Comment faire pour protéger les visiteurs, hou ?"
8338,False,"Tout d'abord, les mettre à l'abri des monstres. Ensuite, n'oublie pas que tu peux compter sur ton binôme !"
8339,False,"Prrr... prrrzzz..."
8340,False,"De quoi a-t-on encore besoin... ?"
8341,False,"On a des couvertures, des pommades, des lanternes..."
8342,False,"Parfait parfait, ça devrait suffire."
8343,False,"J'ai hâte de découvrrrir les coutumes des Hanu Hanu !"
8344,False,"Je me demande quelle différence y a-t-il entre leurrr mode de vie et le nôtre."
8345,False,"Tiens, mon grand, du bon miam miam !"
8346,False,"Hihiii, hiii<Indent/>!"
8347,False,"Brrrrr...<Indent/>!"
8348,False,"OHOKALIY !!"
8349,False,"OHOKALIY !"
8350,False,"O-Ohokaliy !"
8351,False,"Bienvenue à La Fournée !"
8352,False,"J'ai très envie de voir les artisans à l'œuvre !"
8353,False,"Il paraît que l'on peut acheter leurs créations ensuite !"
8354,False,"Isainne<Indent/>! Tu es venue me rendre visite avec ta famille, c'est gentil<Indent/>!"
8355,False,"Ouah<Indent/>! Il y a plein de cadeaux<Indent/>!"
8356,False,"Grâce à vos médicaments, je suis enfin guéri."
8357,False,"Nous ne vous remercierons jamais assez."
8358,False,"Il y a des fleurs et des jouets<Indent/>!"
8359,False,"Quand on aura fini de manger, on ira les voir de plus près<Indent/>!"
8360,False,"Laissez-vous tenter par le charme des jouets en bois<Indent/>!"
8361,False,"Ces plantes ont été chouchoutées par mes meilleurs botanistes."
8362,False,"Ha ha, tant mieux<Indent/>!"
8363,False,"C'est délicieux<Indent/>!"
8364,False,"Je me régale<Indent/>!"
8365,False,"Oh, c'est Geva avec ses enfants<Indent/>!"
8366,False,"Il n'y a pas de honte à avoir, Sylphie."
8367,False,"Vouloir acheter des biscuits, ça n'est pas trop infantile<Indent/>?"
8368,False,"Allez, mangeons ensemble<Indent/>!"
8369,False,"J-je vais aller passer commande<Indent/>!"
8370,False,"Ne vous en faites pas, je vous offre le kinderpunsch."
8371,False,"Un petit verre pour se réchauffer<Indent/>?"
8372,False,"Vous vous entendez bien avec les chocobos<Indent/>?"
8373,False,"C'est bon<Indent/>!"
8374,False,"C'est trop bon<Indent/>!"
8375,False,"Vous voulez pas faire une trêve pour la fête des étoiles<Indent/>?"
8376,False,"Un peu de retenue, Leih<Indent/>!"
8377,False,"Quel rrrabat-joie<Indent/>!"
8378,False,"Les chocobos aussi aiment faire la fête, on dirait<Indent/>!"
8379,False,"Ça me rappelle la chorale<Indent/>!"
8380,False,"♪ Kwé kwéé<Indent/>!"
8381,False,"Ouah, un chocobo qui chante<Indent/>!"
8382,False,"On ne vend que des objets mogs ici<Indent/>!?"
8383,False,"Kwé, Kwé Kwéé<Indent/>!"
8384,False,"Quelle exubérance<Indent/>!"
8385,False,"Décidément, on ne se refait pas..."
8386,False,"Je sens déjà me venir l'inspiration d'une nouvelle chanson<Indent/>!"
8387,False,"Oué<Indent/>! Ouééééé<Indent/>!"
8388,False,"Bien dit, Rudy<Indent/>! L'événement de cette année est une réussite<Indent/>!"
8389,False,"Bienvenue au marché des étoiles<Indent/>!"
8390,False,"J'en peindrais presque une fresque<Indent/>!"
8391,False,"Ho ho ho<Indent/>! Tout le monde a l'air de bien s'amuser<Indent/>!"
8392,False,"C'est dommage, mais c'est l'heure de rentrer, ja."
8393,False,"C'est bon, Papa, on peut y aller ! C'était chouette, hein ?"
8394,False,"Flûte, mes cadeaux souvenirs ! Ils doivent encore être dans la chambre..."
8395,False,"Tu es sûr que tu n'oublies rien d'autre, ja ? Je vais venir avec toi..."
8396,False,"Oui, c'était sympa... Nous reviendrons... J'espère."
8397,False,"La cuisine locale est franchement pas mal !"
8398,False,"J'ai trop hâte de goûter au prochain<Indent/>!"
8399,False,"La courbure de ce parapluie lui donne un côté unique<Indent/>!"
8400,False,"Cette borrrdure dorée, c'est d'un chic<Indent/>!"
8401,False,"Les motifs sont festifs à souhait. J'aime<Indent/>!"
8402,False,"Le grain du bois est mis en valeur. C'est du travail de pro."
8403,False,"Ces élégants parapluies titillent ma fibre créatrice..."
8404,False,"J'en veux un qui s'accorde avec mon style<Indent/>!"
8405,False,"●イースター：00924_01：ラニエット"
8406,False,"Ce parapluie a une drôle de forme... mais un peu d'audace ne fait pas de mal, si<Indent/>?"
8407,False,"Mais oui<Indent/>! Il vous va à ravir."
8408,False,"Kwé, kwé<Indent/>?"
8409,False,""
8410,False,"Des “paraplœufs”... Il fallait y penser."
8411,False,"À quand un parapluie cocottes<Indent/>?"
8412,False,"Ces parapluies ovoïdes ont le mérite d'égayer notre belle cité."
8413,False,"Lieutenant, et si on allait en demander un, nous aussi<Indent/>?"
8414,False,"Peut-être qu'on pourrait fabrrriquer les mêmes tout en métal..."
8415,False,"Bienvenue... Kurou-Morou... qui sait tout<Indent/>!"
8416,False,"J'ai... Fou..."
8417,False,"J'ai... Ermite..."
8418,False,"Explorateurs... d'Adou..."
8419,False,"... carte magique... aventures<Indent/>?"
8420,False,"... Zauko... surveille Bas Jeuno..."
8421,False,"Quand j'étais jeune fille... mon bien-aimé... fontaine..."
8422,False,"... ren<SoftHyphen/>sei<SoftHyphen/>gne<SoftHyphen/>ments... monstres...
... Big Brother..."
8423,False,"... Holla... Dem... Mea...
... Vahzl... 1000..."
8424,False,"Oh là là... Tant de fleurs<Indent/>!"
8425,False,"Hmpf<Indent/>! Moi aussi, j'mérite un p'tit bouquet<Indent/>!"
8426,False,"Je me demande si dame Kan-E-Senna aime les roses..."
8427,False,"Je ne pensais jamais revoir ces roses... Elles sont magnifiques<Indent/>!"
8428,False,"J-je... refuse de me donner en spectacle devant des inconnus<Indent/>!"
8429,False,"Allons, mon cher mari... Tes joues sont encore plus rouges que ces fleurs<Indent/>!"
8430,False,"Finalement, je suis resté un peu plus longtemps que prévu. C'est bien, aussi, de savoir prendre son temps !"
8431,False,"C'est un cadeau du ministère de la Raison !"
8432,False,"Le monument est à l'effigie de Kixaihih... Splendide !"
8433,False,"Permettez-moi de vous faire une dé<SoftHyphen/>mon<SoftHyphen/>stra<SoftHyphen/>tion, hou."
8434,False,"Gâteaux de roseau ! Délicieux gâteaux de roseau !♪"
8435,False,"Tu m'as l'air en forme, toi !"
8436,False,"Tu as encore faim ? Quel glouton, celui-là !"
8437,False,"Hmm hmm hmmmm...♪"
8438,False,"Je vois, la sécurité des clients avant tout, hou ! Merci du conseil !"
8439,False,"Et donc, hou, pour utiliser la magie du vent..."
8440,False,"Aaaah... C'est si bien de pouvoir prendre son temps, et laisser ses soucis de côté..."
8441,False,"Ça brille de partout<Indent/>!"
8442,False,"Regarde, cet arbre est immense<Indent/>!"
8443,False,"On y va<Indent/>!"
8444,False,"Rendez-vous à notre prochain concert<Indent/>!"
8445,False,"Nous sommes les Églantines<Indent/>!"
8446,False,"Vous avez été un public extra<Indent/>!"
8447,False,"Tout le monde est en forrrme<Indent/>?"
8448,False,"À bientôt<Indent/>!♪"
8449,False,"Me voilà, rien que pour vous<Indent/>!"
8450,False,"À très vite, mes amours<Indent/>!"
8451,False,"Oh, j'ai aperçu des chocobos<Indent/>!"
8452,False,"Qui monte sur scène, maintenant<Indent/>?"
8453,False,"Ulalaaa<Indent/>! Je t'aiiime<Indent/>!"
8454,False,"Ça va bientôt commencer."
8455,False,"Narumiii<Indent/>! Tu es la meilleuuure<Indent/>!"
8456,False,"J'ai tellement hâte..."
8457,False,"Masha, ma chatte préférée<Indent/>!"
8458,False,"J'étais comme hypnotisée<Indent/>!"
8459,False,"Priiince<Indent/>! Par iciii<Indent/>!"
8460,False,"Moi aussi<Indent/>! J'ai trouvé mon prince charmant<Indent/>!"
8461,False,"Vive le Prince sénéchal<Indent/>!"
8462,False,"Encore, encore<Indent/>!"
8463,False,"Hou houuuu<Indent/>!"
8464,False,"Il paraît qu'on pourra monter sur des punutiy !"
8465,False,"Oui, j'ai hâte de visiter les hauteurs !"
8466,False,"La Mobeline va guider les voyageurs. Par ici la visite !"
8467,False,"♪ La la laaa..."
8468,False,"Voilà donc comment on fait la fête, sur cette planète..."
8469,False,"Pfiou<Indent/>! On y est arrivé<Indent/>!"
8470,False,"Tout va bien, mais... j'ai encore le cœur qui palpite<Indent/>!"
8471,False,"Tural vidraal... “Ceux qui règnent sur la terre”. Un nom bien approprié, en effet."
8472,False,"Rhaaa là là... On a eu chaud aux fesses<Indent/>!"
8473,False,"Comment ont-ils rrréussi à maintenir ce monstre scellé aussi longtemps<Indent/>?"
8474,False,"J'ai ressenti les secousses depuis ma cachette en hauteur, ja<Indent/>!"
8475,False,"“Chance moyenne”<Indent/>! Pas si mal..."
8476,False,"Pourvu que cette année se passe bien<Indent/>!"
8477,False,"Admirrrez donc nos magnifiques chevaux<Indent/>!"
8478,False,"Leur robe est si soyeuse..."
8479,False,"Oyoyo<Indent/>! J'aimerais bien en monter un..."
8480,False,"Tu vas d'abord avoir besoin d'un escabeau<Indent/>!"
8481,False,"Serait-ce l'année de la licorne<Indent/>?"
8482,False,"Du cheval, enfin<Indent/>! Quel manque de culture..."
8483,False,"Quelle mer splendide..."
8484,False,"Il doit y avoir de nombreux poissons parmi tous ces récifs<Indent/>!"
8485,False,"Et pas que des quus, à mon avis<Indent/>!"
8486,False,"C'est... un Troll<Indent/>!?"
8487,False,"Non, un Yok Huy, si je dis pas de bêtises."
8488,False,"Ils n'en ont pas l'air mais ils sont très gentils, comme les Mamool Ja<Indent/>!"
8489,False,"Les Mobelins habitent dans des sortes de pots géants, on dirait..."
8490,False,"Ça me rappelle une chose..."
8491,False,"Les hommes-bêtes qui vivaient dans une cité souterraine de Vana'diel..."
8492,False,"Tu veux faire quoi avec tous ces crocs de tigre<Indent/>?"
8493,False,"Je me suis dit qu'ils pourraient nous servir de monnaie d'échange..."
8494,False,"Je vous en prie, hou, prenez votre temps."
8495,False,"Quelle force !"
8496,False,"Ce n'est pas le genre de choses que l'on peut voir dans la Shaaloani !"
8497,False,"Alors comme ça, vous venez du Xak Tural ?"
8498,False,"Oui, nous étions currrieux de voir comment les gens vivaient ici."
8499,False,"Toutes ces étendues d'eau qui parcourent la région, c'est très rafraîchissant !"
8500,False,"Un jour, notre heure viendra..."
8501,False,"Les Homoncules seront en haut de l'affiche."
8502,False,"Notre succès sera inarrêtable<Indent/>!"
8503,False,""
8504,False,""
8505,False,""
8506,False,""
8507,False,""
8508,False,""
8509,False,""
8510,False,""
8511,False,""
8512,False,""
8513,False,""
8514,False,""
8515,False,""
8516,False,""
8517,False,""
8518,False,""
8519,False,""
8520,False,""
8521,False,""
8522,False,""
8523,False,""
8524,False,"Une terrible tempête magnétique s'approche<Indent/>!"
8525,False,"J'espère qu'elle ne va pas trop perturber nos opérations..."
8526,False,"Nous devrions nous préparer au pire..."
8527,False,"Il paraît qu'une tempête magnétique se rapproche."
8528,False,"J'espère qu'il n'y aura pas trop de dégâts..."
8529,False,"La tempête magnétique a provoqué des dégâts considérables<Indent/>! Il faut se dépêcher de tout réparer."
8530,False,"Bien joué, tout le monde<Indent/>!"
8531,False,"Mission accomplie<Indent/>! On peut tout remballer<Indent/>!"
8532,False,"L'état d'alerte a été levé<Indent/>! Merci pour votre aide<Indent/>!"
8533,False,"On a réussi à réparer le nécessaire. Il ne reste plus qu'à ranger ce qui traîne<Indent/>!"
8534,False,"J'ai l'impression que l'état d'alerte a été levé. On s'occupe du reste, merci pour le coup de main<Indent/>!"
8535,False,"Pfiou, c'est la fin de l'alerte rouge<Indent/>! Il ne reste plus qu'à faire un dernier effort pour que tout soit comme avant."
8536,False,"Pour le matériel, c'est par ici que ça se passe<Indent/>!"
8537,False,"Une terrible tempête magnétique s'approche<Indent/>!"
8538,False,"Nos équipements de mesure risquent d'être endommagés..."
8539,False,"Il faut se préparer au pire<Indent/>!"
8540,False,"Il faut récupérer les drones et collecter l'éther évacué du sous-sol de toute urgence<Indent/>!"
8541,False,"Le flux d'éther souterrain est perturbé<Indent/>!?"
8542,False,"Cette tempête magnétique est-elle à l'origine des perturbations que nous avons enregistrées<Indent/>?"
8543,False,"Où est passé ce fichu drone...<Indent/>?"
8544,False,"Je ne le vois nulle part..."
8545,False,"Groupe de météorites en approche<Indent/>!"
8546,False,"Les ins<SoftHyphen/>tal<SoftHyphen/>la<SoftHyphen/>tions et le matériel risquent d'être endommagés..."
8547,False,"Il faut protéger les équipements essentiels avant tout<Indent/>!"
8548,False,"Ramassons les débris de météorites en vitesse<Indent/>!"
8549,False,"Groupe de météorites en approche<Indent/>!"
8550,False,"Je me demande si on peut en tirer quelque chose<Indent/>?"
8551,False,"Agissons avec diligence contre cette menace<Indent/>!"
8552,False,"Il semble qu'un groupe de météorites se rapproche de nous."
8553,False,"Sous la surface, on est bien tranquilles<Indent/>!"
8554,False,"Fuite de gaz détectée dans les souterrains<Indent/>! Nous avons besoin d'aide<Indent/>!"
8555,False,"Bien joué, tout le monde<Indent/>!"
8556,False,"Mission accomplie<Indent/>! On peut tout remballer<Indent/>!"
8557,False,"L'état d'alerte a été levé<Indent/>! Merci pour votre aide<Indent/>!"
8558,False,"Nuage de spores en cours de formation<Indent/>!"
8559,False,"On risque de ne plus rien voir<Indent/>!"
8560,False,"Restons calmes et tout se passera bien<Indent/>!"
8561,False,"Une espèce mutante... Allez mener l'enquête et ramenez des analyses<Indent/>!"
8562,False,"Nuage de spores en cours de formation<Indent/>!"
8563,False,"Il faut l'empêcher de grossir, sinon..."
8564,False,"On risque vite de se retrouver envahis<Indent/>!"
8565,False,"C'est une conséquence du nuage de spores... Attention aux champignons mutants<Indent/>!"
8566,False,"Si tu vois des matériaux qui t'intéressent, n'hésite pas à te servir<Indent/>!"
8567,False,"Merci, j'ai besoin d'emporter deux trois trucs au camp de base."
8568,False,"Voilà pour les réserves de remèdes."
8569,False,"Quoique, il reste encore un peu de place..."
8570,False,"Merrrci pour cette escapade, hihi<Indent/>!"
8571,False,"Tsk... Le portrait craché de sa mère..."
8572,False,"Heu<SoftHyphen/>reu<SoftHyphen/>se<SoftHyphen/>ment, tout est bien qui finit bien."
8573,False,"Les feux d'artifice sont toujours aussi magnifiques<Indent/>!"
8574,False,"On reviendra l'année prrrochaine<Indent/>!"
8575,False,"C'est toujours un plaisirrr de rendre service."
8576,False,"Au fait, besoin d'antidotes<Indent/>? J'en ai prrréparé quelques-uns, au cas où."
8577,False,"Heu<SoftHyphen/>reu<SoftHyphen/>se<SoftHyphen/>ment que tu es là..."
8578,False,"Toujours un exemple pour nous tous<Indent/>!"
8579,False,"On n'est jamais trop prudent."
8580,False,"J-je vais le faire<Indent/>! M-même pas peur<Indent/>!"
8581,False,"Vas-y, je te regarde..."
8582,False,"On va piquer une tête dans la piscine<Indent/>?"
8583,False,"..."
8584,False,"Du calme, du calme<Indent/>!"
8585,False,"Je veux aller aux toboggans<Indent/>!"
8586,False,"Je veux monter dans un canon<Indent/>!"
8587,False,"Ne me pousse pas, d'accord<Indent/>? Surtout, ne me pousse pas<Indent/>!"
8588,False,"“Pousse-moi très fort”, j'ai bien compris<Indent/>!"
8589,False,"Rhaaa<Indent/>! Lance-toi, bon sang<Indent/>!"
8590,False,"Bloup... Bloup..."
8591,False,"Ouh<Indent/>! Il a fait un plat monumental<Indent/>!"
8592,False,"Ha<Indent/>! C'est moi le meilleur plongeur<Indent/>!"
8593,False,"Impossible de ne pas se trémousser sur cette musique<Indent/>!"
8594,False,"Intéressant... Très intéressant..."
8595,False,"Il est temps de faire une petite pause<Indent/>!"
8596,False,"Que Llymlaen veille sur vous<Indent/>!"
8597,False,"Je veux un élixir<Indent/>!"
8598,False,"Peut-être en prenant de l'élan<Indent/>?"
8599,False,"On fait un concours de plongeon<Indent/>?"
8600,False,"Aaaah... Je pourrais rester comme ça toute la jourrrnée..."
8601,False,"Encore une fois<Indent/>!"
8602,False,"Per<SoftHyphen/>son<SoftHyphen/>nel<SoftHyphen/>le<SoftHyphen/>ment, je suis crevé..."
8603,False,"Mes ancêtres me regardent<Indent/>!"
8604,False,"On garde le cap... pour l'instant."
8605,False,"Je ne vais faire qu'une bouchée de tous ces joueurs classés<Indent/>!"
8606,False,"Eh bien, Monseigneur, c'est rare de vous voir à ce point enthousiaste."
8607,False,"Ce Señor Pampa... je me demande bien à quoi ressemble son habitat naturel."
8608,False,"Hum... C'est un déguisement..."
8609,False,"L'ennemi est redoutable... Malgré tout, la victoire sera mienne<Indent/>!"
8610,False,"Bshhh... Roundrox a hâte de gagner tout plein de lots<Indent/>!"
8611,False,"C'est fou comme il est bon. Et sans tricher en plus<Indent/>!"
8612,False,"Ce Mont Corel, c'est de la gnognotte à gravir. J'ai encore moins sué que pour buter Téton<Indent/>!"
8613,False,"Ce gigantesque pampa me donne le vertige rien qu'à le regarder..."
8614,False,"Je verrais bien les Homoncules se produire sur cette scène..."
8615,False,"Où t'étais, Maman<Indent/>!?"
8616,False,"Désolée mon chéri, tu as dû avoir si peur..."
8617,False,"L'imporrrtant, c'est que vous soyez réunis."
8618,False,"Vous allez voir c'que vous allez voir<Indent/>!"
8619,False,"Je vais choisir une cible plus petite<Indent/>!"
8620,False,"C'est parti<Indent/>!"
8621,False,"Bordel... Je manque d'en<SoftHyphen/>traî<SoftHyphen/>ne<SoftHyphen/>ment<Indent/>!"
8622,False,"Merci d'avoir attendu."
8623,False,"Servez-vous, je vous en prie."
8624,False,"Je pourrais en boire des litres<Indent/>!"
8625,False,"Ah<Indent/>! Et un peu de ça aussi<Indent/>!"
8626,False,"Je veux des bonbons<Indent/>!"
8627,False,"J'hésite, ja... Qu'est-ce que tu me conseilles<Indent/>?"
8628,False,"Ce qui est dans les cagettes vient d'être cueilli, si ça peut t'aider."
8629,False,"C'est quand même mieux de pouvoir manger un bout entre deux rondes."
8630,False,"Tu l'as dit, ja<Indent/>! C'est que ça creuse, de crapahuter dans la jungle<Indent/>!"
8631,False,"Par quoi je commence<Indent/>!?"
8632,False,"Du calme. La nourriture ne va pas s'envoler, ja."
8633,False,"Je peux en commander plus, si tu veux."
8634,False,"Peut-être qu'on devrait en rapporter une corbeille à Iq Br'aax<Indent/>?"
8635,False,"Les fruits d'ici sont juteux comme je les aime<Indent/>!"
8636,False,"Je n'avais jamais pensé à utiliser la magie de cette façon, ja."
8637,False,"Ces lumières ont quelque chose de réconfortant, je trouve."
8638,False,"Ça a l'air trop bon<Indent/>! J'ai envie de tout bâfrer d'un coup<Indent/>!"
8639,False,"Prends quand même le temps de savourer, ja..."
8640,False,"Ouiiii, c'est bien, ma grande..."
8641,False,"Tu es fatiguée, ma belle<Indent/>? Repose-toi bien, ja."
8642,False,"Grrrrzzz..."
8643,False,"Alors c'est ici que commence l'exploration du cosmos..."
8644,False,"Je vais documenter nos aventures un maximum<Indent/>!"
8645,False,"Allez, on s'étire avant de partir au turbin<Indent/>!"
8646,False,"Et un, et deux<Indent/>! Et trois, et quatre<Indent/>!"
8647,False,"Et un, et deux<Indent/>! Et un, et deux<Indent/>!"
8648,False,"Alors, voyons ce qui m'attend pour aujourd'hui..."
8649,False,"On est vraiment sur la lune, c'est fou..."
8650,False,"C'est le début d'une grande aventure<Indent/>!"
8651,False,"J'ai tellement hâte d'explorer le cosmos<Indent/>! Mon cœur s'emballe déjà rien qu'en y pensant<Indent/>!"
8652,False,"Il faut se donner à fond pour que ce projet soit un succès<Indent/>!"
8653,False,"Oh oui<Indent/>! Je suis remonté à bloc, tu peux compter sur moi<Indent/>!"
8654,False,"Que vais-je bien pouvoir faire<Indent/>?"
8655,False,"Voilà de bien belles photos<Indent/>!"
8656,False,"C'est bien, vous tous<Indent/>! Continuez comme ça<Indent/>!"
8657,False,"Attention avec l'aspirateur, d'accord<Indent/>?"
8658,False,"Cassez les rochers qui se trouvent sur le chemin pour dégager la zone<Indent/>!"
8659,False,"Pas de souci<Indent/>!"
8660,False,"Ce fichu rocher me donne du fil à retordre..."
8661,False,"Bon sang... Qu'est-ce que c'est dur<Indent/>!"
8662,False,"Oui, chef<Indent/>!"
8663,False,"Et voilà la fameuse station sélénienne<Indent/>!"
8664,False,"Laissez-moi immortaliser cette réussite en photo<Indent/>!"
8665,False,"Trois... Deux... Un... Dites “ouistiti”<Indent/>!"
8666,False,"C'est parfait<Indent/>!"
8667,False,"Hourra<Indent/>!"
8668,False,"On a fait de jolis progrès... C'est grâce aux efforts de tout le monde<Indent/>!"
8669,False,"Il faut que je prenne un petit cliché en souvenir maintenant que la station est terminée<Indent/>!"
8670,False,"Pfiou<Indent/>! On a bien bossé<Indent/>!"
8671,False,"Ils ont mis du gravier dans la pâte ou alors c'est le goût normal de cette chose<Indent/>?"
8672,False,"Il faut être minutieux quand on inspecte<Indent/>!"
8673,False,"Les travaux avancent bien<Indent/>! Continuons comme ça<Indent/>!"
8674,False,"Hmmm... Le mini-ouvrier cosmique fonctionne comme prévu."
8675,False,"Ouf, ça se manipule plus facilement que je ne le croyais."
8676,False,"Par ici, s'il vous plaît<Indent/>!"
8677,False,"S'il vous plaît<Indent/>!"
8678,False,"Quantités<Indent/>: OK<Indent/>! Qualité<Indent/>: OK<Indent/>!"
8679,False,"La cosmo-navette est terminée<Indent/>!"
8680,False,"J'espère qu'on pourra vite avoir des plats chauds à disposition..."
8681,False,"Le projet d'exploration cosmique avance à grands pas<Indent/>!"
8682,False,"Oui, les ins<SoftHyphen/>tal<SoftHyphen/>la<SoftHyphen/>tions poussent à droite et à gauche<Indent/>!"
8683,False,"Tu as déjà été jeter un coup d'œil aux nouvelles con<SoftHyphen/>struc<SoftHyphen/>tions<Indent/>?"
8684,False,"Oh oui<Indent/>! Elles sont incroyables<Indent/>!"
8685,False,"Une bonne tasse de café après le travail, y a que ça de vrai. Et sur la lune, c'est encore meilleur<Indent/>!"
8686,False,"Ah là là<Indent/>! Je ne sais plus où donner de la tête<Indent/>!"
8687,False,"On progresse comme prévu, alors pas de pré<SoftHyphen/>ci<SoftHyphen/>pi<SoftHyphen/>ta<SoftHyphen/>tion<Indent/>! La sécurité avant tout<Indent/>!"
8688,False,"Attention aux jointures<Indent/>!"
8689,False,"C'est ma chance<Indent/>! Vite, une photo<Indent/>!"
8690,False,"Parfait<Indent/>! Passons à l'étape suivante<Indent/>!"
8691,False,"Elles sont vraiment pratiques, ces petites machines..."
8692,False,"Un cosmoport<Indent/>! Je n'en crois pas mes yeux<Indent/>!"
8693,False,"Bien<Indent/>! Prenons un petit cliché souvenir<Indent/>!"
8694,False,"N'oublie pas de vérifier la mise au point avant<Indent/>!"
8695,False,"Tiens... Il nous manque quelqu'un..."
8696,False,"Où est donc passé cet automate<Indent/>?"
8697,False,"Je suis épuisé..."
8698,False,"C'est le moment de montrer mes talents d'artisan<Indent/>!"
8699,False,"Faut rester droit... Tout droit..."
8700,False,"Un hangar, maintenant<Indent/>! Décidément, on n'arrête pas le progrès<Indent/>!"
8701,False,"Terminez-moi ces tâches au plus vite, et on pourra poursuivre notre exploration !"
8702,False,"Encore une victoire pour le projet d'exploration cosmique<Indent/>!"
8703,False,"Alors... Où en sommes-nous dans le planning<Indent/>?"
8704,False,"Les fournitures venues de la surface sont bien arrivées..."
8705,False,"Les repas remplissent l'estomac, mais question goût, il y a encore des progrès à faire..."
8706,False,"Le développement avance bien, n'est-ce pas<Indent/>?"
8707,False,"La station et les habitations sont devenues bien plus pratiques<Indent/>!"
8708,False,"Les artisans peuvent vraiment réaliser des miracles<Indent/>!"
8709,False,"Le rythme et la qualité de la production ne font que s'améliorer<Indent/>!"
8710,False,"Pour un tas de boulons, t'es un sacré partenaire<Indent/>!"
8711,False,"Je vais tellement bien le polir qu'on pourra voir nos reflets sur la carrosserie<Indent/>!"
8712,False,"Et voilà<Indent/>! C'est parfait<Indent/>!"
8713,False,"Il va falloir bientôt se ravitailler en carburant."
8714,False,"La station sélénienne est devenue bien pratique<Indent/>!"
8715,False,"Il paraît qu'il y a même des distributeurs automatiques de boissons<Indent/>! J'ai hâte de voir ça<Indent/>!"
8716,False,"Maintenant que l'approvisionnement en eau s'est stabilisé..."
8717,False,"Tu vas pouvoir agrémenter ton sagepain de soupe, par exemple<Indent/>?"
8718,False,"Saperlipopette<Indent/>! Le campement gamma est terminé<Indent/>!"
8719,False,"Cette station hydropurificatrice est de toute beauté<Indent/>!"
8720,False,"Sapristi<Indent/>! Le cosmoport bêta est terminé<Indent/>!"
8721,False,"Les pilotes vétérans ont trop la classe..."
8722,False,"Oh oui, je te comprends<Indent/>!"
8723,False,"Pourvu qu'on se coltine pas de sagepain sur la prochaine planète..."
8724,False,"Les travaux sur la lune touchent bientôt à leur fin."
8725,False,"Encore un petit effort<Indent/>!"
8726,False,"Vous avez vu ce qui se passe, dehors<Indent/>?"
8727,False,"Oui... Je me demande si ces champignons sont comestibles."
8728,False,"La station sélénienne a tellement changé<Indent/>! Quelle beauté<Indent/>!"
8729,False,"Pfiou... On a réussi<Indent/>!"
8730,False,"J'espère que l'exploration du prochain astre se déroulera aussi bien<Indent/>!"
8731,False,"Oooh... Rien ne vaut un bon plat bien chaud<Indent/>!"
8732,False,"Venu directement de notre planète, en plus<Indent/>!"
8733,False,"Moi, j'aime bien le sagepain aussi<Indent/>!"
8734,False,"Où va-t-on aller pour la suite<Indent/>?"
8735,False,"J'ai bien hâte de le découvrir<Indent/>!"
8736,False,"Le projet d'exploration de la surface lunaire est terminé<Indent/>!"
8737,False,"Je compte sur toi pour la suite,  mon joli tas de boulons<Indent/>!"
8738,False,"Tu vas briller plus fort qu'une étoile au firmament<Indent/>!"
8739,False,"Ces machines sont trop belles... J'adorerais en piloter une<Indent/>!"
8740,False,"Personne en vue<Indent/>? Je peux bien m'installer dans le cockpit pour voir<Indent/>?"
8741,False,"Ohé<Indent/>! Du balai<Indent/>!"
8742,False,"Descends de là<Indent/>! C'est pas un jouet, tu sais<Indent/>!"
8743,False,"Il y a des trucs que tu veux ramener<Indent/>?"
8744,False,"Oui. Laisse-moi faire le tri..."
8745,False,"Hum... Où est-ce que je dois poser ça<Indent/>?"
8746,False,"D'accord, c'est un goût bien de chez nous... Mais c'est justement pour ça que je voulais voyager, moi<Indent/>!"
8747,False,"Ne fais pas le difficile<Indent/>! Et puis... c'est très nutritif, après tout<Indent/>!"
8748,False,"Vous, là<Indent/>! Vous avez un peu de temps à m'accorder<Indent/>?"
8749,False,"Euh... Eh bien... On a du travail qui nous attend..."
8750,False,"Un collègue de l'académie de magie devrait bientôt nous rejoindre ici."
8751,False,"En voilà, une excellente nouvelle<Indent/>!"
8752,False,"La cosmo-navette fonctionne par<SoftHyphen/>fai<SoftHyphen/>te<SoftHyphen/>ment. Tout se déroule selon nos prévisions<Indent/>!"
8753,False,"Ouais<Indent/>! Rien ne pourra nous arrêter<Indent/>!"
8754,False,"J'espère qu'on a assez de ressources..."
8755,False,"C'est bon, tu peux passer à l'endroit suivant<Indent/>!"
8756,False,"Entendu<Indent/>!"
8757,False,"C'est du bon travail, bravo<Indent/>!"
8758,False,"Un seul ouvrier cosmique sera-t-il suffisant...<Indent/>?"
8759,False,"En avant pour les préparatifs de la prochaine excavation<Indent/>!"
8760,False,"À vos ordres<Indent/>!"
8761,False,"Nous ferons de notre mieux<Indent/>!"
8762,False,"Nous voilà dans notre zone de travail<Indent/>!"
8763,False,"À vos ordres<Indent/>!"
8764,False,"Nous ferons de notre mieux<Indent/>!"
8765,False,"Cette vidéo devrait convenir au quartier général..."
8766,False,"Le travail avance bien un peu partout<Indent/>!"
8767,False,"Travailler sur la lune, c'est pas de tout repos..."
8768,False,"Pfiou... Où est-ce que je pose ça<Indent/>?"
8769,False,"Et plus on ira loin, plus ça risque de se corser<Indent/>!"
8770,False,"Il paraît qu'on va construire un ascenseur géant ici..."
8771,False,"C'est malheureusement pas pour tout de suite..."
8772,False,"J'ai hâte de voir le rrrésultat<Indent/>!"
8773,False,"Je sens qu'on touche au but..."
8774,False,"Les entrailles de la lune seront bientôt à nous<Indent/>!"
8775,False,"Ça, c'est ce que j'appelle de l'explorrration spatiale<Indent/>!"
8776,False,"Voyons voir ce traitement des sols..."
8777,False,"Ça couvre une de ces distances, quand même..."
8778,False,"Rien à dire, du vrai travail de pro<Indent/>!"
8779,False,"Et zou<Indent/>! Aussi vite qu'un vaisseau spatial<Indent/>!"
8780,False,"Ah, voilà les nouveaux matériaux..."
8781,False,"À moins que ce soit ceux-là<Indent/>?"
8782,False,"Par ici pour retourner à la station<Indent/>!"
8783,False,"Une autre demande d'inspection vient d'arriver..."
8784,False,"Tous les indicateurs de communication sont au vert<Indent/>!"
8785,False,"Il ne faudrait pas que ça tombe en panne maintenant..."
8786,False,"Les carottes sont toutes là<Indent/>!"
8787,False,"De même pour les sagepains<Indent/>!"
8788,False,"Et maintenant, le transport de ressources..."
8789,False,"C'est moi qui conduis<Indent/>!"
8790,False,"Sois prudent sur la route<Indent/>!"
8791,False,"Vu l'environnement où on se trouve..."
8792,False,"En effet, mieux vaut se tenir prêts à bouger si nécessaire."
8793,False,"Toutes les ressources sont là<Indent/>?"
8794,False,"Bien rangées et prêtes au départ<Indent/>!"
8795,False,"Hé hé, personne ne me trouvera ici..."
8796,False,"Urgh... Je range ça où<Indent/>?"
8797,False,"Laisse-moi vérifier..."
8798,False,"Et un et deux et trois et quatre..."
8799,False,"Et cinq et six et sept et huit..."
8800,False,"Rien de tel qu'une cosmo-navette pour faciliter les déplacements<Indent/>!"
8801,False,"Nos efforts ont été récompensés<Indent/>!"
8802,False,"Faut que ça brille<Indent/>!"
8803,False,"Blip blop, blop blip..."
8804,False,"Réservoir<Indent/>: OK<Indent/>! Équipement<Indent/>: OK<Indent/>!"
8805,False,"Je pense que les objectifs d'approvisionnement seront atteints sans problème<Indent/>!"
8806,False,"Pfiou... Respirons un peu."
8807,False,"Veuillez déposer cette boîte par-là, s'il vous plaît<Indent/>!"
8808,False,"J'aimerais pouvoir montrer tout ça à ma famille restée à la surface<Indent/>!"
8809,False,"C'est l'heure de la pause<Indent/>!"
8810,False,"Au sujet des ressources aux alentourrrs..."
8811,False,"Le Loporrite du jour<Indent/>!"
8812,False,"Ça va cartonner, ce projet<Indent/>!"
8813,False,"Il faut immortaliser cette scène d'excavation !"
8814,False,"Je crois qu'on ne va pas pouvoir en charrrger plus..."
8815,False,"Oui, on va devoir faire un autre chargement."
8816,False,"Démolitiooooon !"
8817,False,"Voilà, continuez comme ça !"
8818,False,"Qualité au poil !"
8819,False,"Il nous reste du temps sur le planning ?"
8820,False,"Je crois qu'on en a assez."
8821,False,"L'inspection se déroule sans accroc !"
8822,False,"Franchement, c'est vraiment un beau tunnel ! Et je m'y connais !"
8823,False,"Certes, mais tu pourrais jeter ton gobelet et reprendre cette caisse, un peu ?"
8824,False,"Tu comptes creuser jusqu'au fond, hein ?"
8825,False,"Et donc, le prochain transport est prévu..."
8826,False,"On dirait qu'il en manque..."
8827,False,"Le compte y est ?"
8828,False,"Concernant l'avancée de l'excavation..."
8829,False,"Cassez ! Cassez tout !"
8830,False,"Bip bip bip !"
8831,False,"Alors voici vos prochaines missions..."
8832,False,"Type, quantité..."
8833,False,"Faites bien attention en montant ou en descendant des charges lourdes !"
8834,False,"Youpiii ! Le tunnel est fini !"
8835,False,"Ouaiiiis<Indent/>! Youpiii<Indent/>!"
8836,False,"Youpidouuuu<Indent/>!"
8837,False,"Poum poum pidouuu<Indent/>!"
8838,False,"Le compte y est..."
8839,False,"Par ici pour remonter à la surface<Indent/>!"
8840,False,"Remontez à la surface<Indent/>!"
8841,False,"Surfacez à la remonte<Indent/>!"
8842,False,"Vous savez ce que contient le nouvel approvisionnement, mis à part du sagepain<Indent/>?"
8843,False,"Il paraît qu'on aura droit à de nouveaux types de carottes<Indent/>!"
8844,False,"De quoi parles-tu au juste<Indent/>?"
8845,False,"Un O.V.N.I.<Indent/>! Je vous jure que j'en ai vu un<Indent/>!"
8846,False,"Mumukko me cherche<Indent/>? Aïe, aïe, pas maintenant... J'ai encore du pain sur la planche, moi<Indent/>!"
8847,False,"Voyons voir combien de temps il me reste pour passer commande..."
8848,False,"Ohé<Indent/>! On t'appelle<Indent/>!"
8849,False,"Encore cinq minutes, pitié..."
8850,False,"Niveau consommation de carburant, on a des progrès à faire..."
8851,False,"Ne joue pas les rabat-joie<Indent/>!"
8852,False,"Il faudrait lui installer une fonction de téléportation..."
8853,False,"Vous l'avez vu démarrer<Indent/>? Comment c'est trrrop classe<Indent/>!"
8854,False,"Hep là<Indent/>! Au boulot, et fissa<Indent/>!"
8855,False,"Qu'est-ce que je vais prendre aujourd'hui...<Indent/>?"
8856,False,"Les Loporrites sont trop mimi<Indent/>! J'adore leurs petites patounes<Indent/>!"
8857,False,"T'es déjà monté dans une de nos machines<Indent/>?"
8858,False,"Non, ça ne me tente pas trop..."
8859,False,"Une petite salade, ou de la soupe... Ça nous changerait un peu, non<Indent/>?"
8860,False,"J'ai emballé tout plein de carottes<Indent/>!"
8861,False,"O-où vais-je bien pouvoir déposer ça<Indent/>?"
8862,False,"Un instant, s'il vous plaît<Indent/>!"
8863,False,"Aujourd'hui, j'ai envie de... Hmmm... "
8864,False,"J'ai réfléchi à la suite du projet, et..."
8865,False,"Les conditions météorologiques sont parfois étranges ici..."
8866,False,"La vue d'ici est superbe<Indent/>!"
8867,False,"On se rend compte à quel point l'espace est immense<Indent/>!"
8868,False,"Aaah... Je suis détendu<Indent/>! Détendu, dé-ten-du<Indent/>!"
8869,False,"Moi aussi, j'avais bien besoin d'une petite pause<Indent/>!"
8870,False,"Woooh<Indent/>!"
8871,False,"Quel as<SoftHyphen/>sai<SoftHyphen/>son<SoftHyphen/>ne<SoftHyphen/>ment pour les carottes, alors<Indent/>?"
8872,False,"Non, mais... c'est pas si mauvais..."
8873,False,"Allez, avoue que tu détestes ça<Indent/>!"
8874,False,"Les données d'observation sont prometteuses."
8875,False,"C'est une nouvelle saveur<Indent/>?"
8876,False,"Je l'ai baptisée “mélange sélénien”<Indent/>! Qu'en dis-tu<Indent/>?"
8877,False,"Hmmm... C'est pas mauvais du tout<Indent/>!"
8878,False,"Rhaaa... Je te dis que j'ai pas perdu ma tablette<Indent/>! Elle est juste quelque part dans ma chambre, j'en suis certain<Indent/>!"
8879,False,"(soupire) Je vais remplir un formulaire de perte, au cas où..."
8880,False,"Les distributeurs proposent de nouveaux produits<Indent/>!"
8881,False,"Moi aussi, j'suis pilote<Indent/>!"
8882,False,"Attention, tu risques de te faire pincer très fort<Indent/>!"
8883,False,"Pardooon<Indent/>!"
8884,False,"On est tout bon !"
8885,False,"On est tout bon !"
8886,False,"On est tout bon !"
8887,False,"Tu as ta tablette avec toi<Indent/>?"
8888,False,"Héhé<Indent/>! Pour qui tu me prends, évidemment que je l'ai pr..."
8889,False,"Euh... Je reviens dans une seconde<Indent/>!"
8890,False,"En tout cas, ça brûle bien !"
8891,False,"Y en a pas un pour rattraper l'autre... J'vous jure<Indent/>!"
8892,False,"Ça y est ! L'ascenseur nadiral..."
8893,False,"Une tonz de carottes... C'est bon<Indent/>!"
8894,False,"Une montagne de sagepain... C'est bon<Indent/>!"
8895,False,"Personne ne vous gêne, vous deux<Indent/>?"
8896,False,"Quel paysage enchanteur..."
8897,False,"Il paraît qu'il y a des sables mouvants de l'autre côté."
8898,False,"Je préférerais que les drones s'occupent de les explorrrer..."
8899,False,"La batterie est en parfaite santé."
8900,False,"Attention où vous mettez les pieds<Indent/>!"
8901,False,"Pas une seule barre de réseau dans le coin<Indent/>!"
8902,False,"On va bientôt manquer de carottes... Demande-leur d'en envoyer plus<Indent/>!"
8903,False,"Miam, je me lasserai jamais de ce croquant<Indent/>!"
8904,False,"Quel message je fais passer à la base<Indent/>?"
8905,False,"Oui<Indent/>! Plus de carottes<Indent/>!"
8906,False,"Tu crois qu'ils livrent aussi loin<Indent/>?"
8907,False,"Nous disions donc... Une caisse de sagepain..."
8908,False,"Des carottes<Indent/>! Toujours des carottes<Indent/>!"
8909,False,"Il faut arrêter de penser avec son estomac<Indent/>!"
8910,False,"J'aimerais bien essayer, moi aussi..."
8911,False,"Le travail, c'est la santé, et inversement<Indent/>!"
8912,False,"Ne surtout pas regarder en bas..."
8913,False,"Je m'en sors pas mal du tout<Indent/>!"
8914,False,"Comme. Un. Chef<Indent/>!"
8915,False,"Dorénavant, tu seras chargé des soudures."
8916,False,"Il faut décrire précisément ce paysage dans nos registres."
8917,False,"Je me demande comment des plantes arrivent à pousser ici..."
8918,False,"Au moins, elles ne manquent pas de lumière..."
8919,False,"Ça fera un bon souvenir."
8920,False,"Youhou<Indent/>!"
8921,False,"Photo souvenir<Indent/>!"
8922,False,"Et tu tapotes, tapotes, tapotes..."
8923,False,"Des révisions régulières pour la tranquilité de l'esprit."
8924,False,"Voyons voir ces échan<SoftHyphen/>til<SoftHyphen/>lons..."
8925,False,"Il paraît que des inspecteurs d'Ætherys vont bientôt nous rrrendre visite."
8926,False,"Voyons voir la destination de ces mar<SoftHyphen/>chan<SoftHyphen/>di<SoftHyphen/>ses..."
8927,False,"On ne devrait pas tarder davantage."
8928,False,"Plus que... cinq minutes..."
8929,False,"Ne viens pas te plaindre si Mumukko te trouve<Indent/>!"
8930,False,"J'espère que la cosmo-navette ne va pas me décoiffer<Indent/>!"
8931,False,"On avait emporté du gel pour les cheveux<Indent/>?"
8932,False,"Toujours prendre les préparatifs au sérieux<Indent/>!"
8933,False,"Un, deux<Indent/>! Un, deux<Indent/>!"
8934,False,"La base est par ici<Indent/>!"
8935,False,"Par ici, par ici<Indent/>!"
8936,False,"Je me demande comment ça se passe pour l'équipe restée sur la lune."
8937,False,"On doit faire de notre mieux pour explorer le secteur<Indent/>!"
8938,False,"Ça va être coton d'explorer les profondeurs du gouffre..."
8939,False,"En cas d'urgence, il faudra..."
8940,False,"Vérification des niveaux d'énergie..."
8941,False,"Rien à signaler<Indent/>!"
8942,False,"L'énergie est au plus bas<Indent/>! Du sagepain, vite<Indent/>!"
8943,False,"Euh, d'accord... Merci<Indent/>!?"
8944,False,"Voici les prochains matériaux à transporter."
8945,False,"Notre base s'est vraiment embellie<Indent/>!"
8946,False,"À propos des développements à venir..."
8947,False,"Hein<Indent/>? Qu'est-ce que j'en ai fait...<Indent/>?"
8948,False,"Je dois attendre encore longtemps, comme ça<Indent/>?"
8949,False,"L'autre jour, j'ai confondu des petits morrrceaux de verre avec des bonbons..."
8950,False,"S'il le faut, je peux porter une centaine de carottes à moi tout seul<Indent/>!"
8951,False,"Les mécanos cosmiques sont tellement puissants<Indent/>!"
8952,False,"Même une tonz de carottes ne leur fait pas peur<Indent/>!"
8953,False,"Je vais bien finir par m'habituer au goût..."
8954,False,"Inutile de te faire violence comme ça..."
8955,False,"Quand est-ce que nos com<SoftHyphen/>bi<SoftHyphen/>nai<SoftHyphen/>sons seront améliorées<Indent/>?"
8956,False,"C'est bientôt mon tourrr, mais j'ai une de ces flemmes..."
8957,False,"Il est par là, j'en suis sûr<Indent/>!"
8958,False,"Juste une petite seconde, je vais le trouver<Indent/>!"
8959,False,"... Toujours pas<Indent/>?"
8960,False,"Oh non, pas encore..."
8961,False,"Je pose ça où<Indent/>?"
8962,False,"Attends, je vais te dire..."
8963,False,"Il faut bien trier tout ce que nous envoie la lune<Indent/>!"
8964,False,"Je crois que je vais me reconvertir en déménageur..."
8965,False,"Avec tes gros biceps, c'est une bonne idée<Indent/>!"
8966,False,"On va pouvoir faire quelques vols d'essai."
8967,False,"Je vais planifier ça..."
8968,False,"La maintenance est aussi terminée..."
8969,False,"Vous pouvez me l'apporter jusqu'au module d'habitation<Indent/>?"
8970,False,"Pas de problème<Indent/>!"
8971,False,"Il nous faut davantage de matériel..."
8972,False,"J'en fais la demande<Indent/>!"
8973,False,"Cette planète est riche en verre mais pauvre en nourriture..."
8974,False,"On a donc encore besoin du ra<SoftHyphen/>vi<SoftHyphen/>tail<SoftHyphen/>le<SoftHyphen/>ment de la lune."
8975,False,"Vivement qu'on soit autonomes."
8976,False,"C'est la liste que tu voulais<Indent/>?"
8977,False,"Hum... Oui, parfait."
8978,False,"Il est donc possible de dater la formation des roches..."
8979,False,"Prenons le temps d'analyser les données."
8980,False,"C'est absolument nécessaire<Indent/>!"
8981,False,"Parlons-en à Phasingway."
8982,False,"C'est bon pour la santé<Indent/>!"
8983,False,"C'est marrant ces boules de verre<Indent/>!"
8984,False,"La façon dont elles se forment est fascinante."
8985,False,"Cette planète est aussi pas<SoftHyphen/>sion<SoftHyphen/>nan<SoftHyphen/>te pour les météorologues."
8986,False,"On doit commencer à chercher la prochaine planète..."
8987,False,"Oui, c'est ce qu'on nous a dit."
8988,False,"On nous a demandé de développer des trucs en fibre de verre..."
8989,False,"Il y a sûrement de nombreuses utilisations possibles<Indent/>!"
8990,False,"C'est quoi déjà, notre ordre de mission<Indent/>?"
8991,False,"Je vais demander à Mumukko."
8992,False,"Hum... Impossible de m'en souvenir..."
8993,False,"Avec ça, on peut cuisiner plein de plats différents<Indent/>!"
8994,False,"Un four en verre de qualité<Indent/>!"
8995,False,"Depuis quelque temps, je bois plus que du jus de carottes..."
8996,False,"On a remarqué... Une vraie Loporrite en herbe<Indent/>!"
8997,False,"Tes orrreilles ont pas commencé à pousser un peu<Indent/>?"
8998,False,"Le verre de Phaenna est tout bonnement ex<SoftHyphen/>traor<SoftHyphen/>di<SoftHyphen/>nai<SoftHyphen/>re<Indent/>!"
8999,False,"Je me demande quelles autres merveilles nous attendent sur la prochaine planète..."
9000,False,"Comment accélerer le processus<Indent/>?"
9001,False,"En améliorant la diffusion de l'agent refroidissant<Indent/>!"
9002,False,"C'est trop chaud..."
9003,False,"On va lui refroidir les idées<Indent/>!"
9004,False,"Je ne dirais pas non à quelques drones sup<SoftHyphen/>plé<SoftHyphen/>men<SoftHyphen/>tai<SoftHyphen/>res..."
9005,False,"C'est trop loin<Indent/>!"
9006,False,"Si seulement on était un ou deux ilms plus grands..."
9007,False,"Bon, on se rentre <Indent/>?"
9008,False,"N-non... Attends..."
9009,False,"Qui veut mes carottes d'amélioration des performances<Indent/>?"
9010,False,"Le transport numéro sept ne devrait plus tarder."
9011,False,"Ça ne sent pas bon... Il va falloir s'en occuper à la base."
9012,False,"Et comme sur la lune... Interdit de monter à bord<Indent/>!"
9013,False,"Hum... J'ai pas confiance..."
9014,False,"Je m'absente juste deux minutes. Ne touche à rien, d'accord<Indent/>?"
9015,False,"Oui, oui<Indent/>! Ne t'inquiète pas<Indent/>!"
9016,False,"Hihihi... À tout de suite<Indent/>!"
9017,False,"J'ai toujours rêvé de piloter un de ces engins..."
9018,False,"Hé<Indent/>!!!"
9019,False,"J'ai dit bas les pattes<Indent/>!!"
9020,False,"Ouah, il y a des boutons partout<Indent/>!"
9021,False,"Les commandes ne sont pas adaptées aux Loporrites<Indent/>! C'est dangereux, bon sang<Indent/>!"
9022,False,"Pardon... Mais ces robots sont si majestueux... C'est plus fort que moi<Indent/>!"
9023,False,"C'est le moment de faire la maintenance des drones."
9024,False,"Pas de souci<Indent/>!"
9025,False,"On peut passer à l'étape des vols d'essai."
9026,False,"Bonne chance<Indent/>!"
9027,False,"Rien à signaler<Indent/>!"
9028,False,"Avec cette gravité im<SoftHyphen/>pré<SoftHyphen/>vi<SoftHyphen/>si<SoftHyphen/>ble, une maintenance régulière s'impose."
9029,False,"... Ma foi, celui-là n'a pas l'air trop amoché."
9030,False,"Voyons s'il vole bien..."
9031,False,"Fonce, petit drone<Indent/>!"
9032,False,"Parfait, il répond au doigt et à l'œil."
9033,False,"Notre nouvelle machine en jette, tu ne trouves pas<Indent/>?"
9034,False,"... Souviens-toi<Indent/>: on touche avec les yeux seulement."
9035,False,"Je dois m'absenter. Pas de bêtises pendant que j'ai le dos tourné, hein<Indent/>?"
9036,False,"Oh oui<Indent/>! C'est la classe dans l'espace<Indent/>!"
9037,False,"Je serai sage comme un lapin en cage<Indent/>! À plus tard<Indent/>!"
9038,False,"... Et demain, on rase gratis<Indent/>!"
9039,False,"Ah, j'en étais sûr<Indent/>!"
9040,False,"Tu avais promis de rester sage<Indent/>!"
9041,False,"Hé hé<Indent/>! Qu'est-ce qu'on se sent puissant, là-dedans<Indent/>!"
9042,False,"Qu'est-ce que... La portière est bloquée<Indent/>! À l'aide<Indent/>!!!"
9043,False,"Tout va bien, la qualité des sols est bonne<Indent/>!"
9044,False,"Au besoin, on pourra demander l'aide d'une machine..."
9045,False,"Je me demande quel modèle sera déployé<Indent/>!"
9046,False,"Une mission spéciale... C'est excitant<Indent/>!"
9047,False,"Les mécanos cosmiques sont im<SoftHyphen/>pres<SoftHyphen/>sion<SoftHyphen/>nants<Indent/>!"
9048,False,"Hors de question qu'on se laisse remplacer par des robots<Indent/>!"
9049,False,"Bon boulot<Indent/>!"
9050,False,"C'était un vrai tour de force<Indent/>!"
9051,False,"Cet environnement semble favoriser la mul<SoftHyphen/>ti<SoftHyphen/>pli<SoftHyphen/>ca<SoftHyphen/>tion des excroissances fongiques..."
9052,False,"On déploie une machine pour nous débarrasser de tout ça<Indent/>?"
9053,False,"Lesquelles sont disponibles ac<SoftHyphen/>tu<SoftHyphen/>el<SoftHyphen/>le<SoftHyphen/>ment<Indent/>?"
9054,False,"On va vous exterminer tout ça en un rien de temps<Indent/>!"
9055,False,"Les machines, c'est pratique, mais ça ne peut pas tout faire à notre place<Indent/>!"
9056,False,"Je me charge de la piétaille<Indent/>!"
9057,False,"Excellent travail<Indent/>! Merci beaucoup<Indent/>!"
9058,False,"J'espère devenir pilote un jour..."
9059,False,"Ah il faut s'enregistrer... Hum... Je sais pas trrrop..."
9060,False,"Où est-ce que se cache Calyx<Indent/>!?"
9061,False,"Shale et les autres ne devraient pas tarder à nous rejoindre."
9062,False,"Nous nous attendions à un piège... et nous n'avons pas été déçus<Indent/>!"
9063,False,"En haut aussi, on a besoin de monde<Indent/>!"
9064,False,"En haut aussi, on a besoin de monde<Indent/>!"
9065,False,""
9066,False,""
9067,False,"Merci d'avoir exaucé mon souhait..."
9068,False,"Oué<Indent/>! Ouééééé<Indent/>!"
9069,False,"L'événement de cette année est une réussite, pas vrai, Rudy<Indent/>?"
9070,False,"Laissez-vous tenter par le charme des jouets en bois<Indent/>!"
9071,False,"Ces plantes ont été chouchoutées par mes meilleurs botanistes."
9072,False,"Un petit verre pour se réchauffer<Indent/>?"
9073,False,"Vous vous entendez bien avec les chocobos<Indent/>?"
9074,False,"C'est bon<Indent/>!"
9075,False,"C'est trop bon<Indent/>!"
9076,False,"Et une chasse heureuse de plus au compteur, une<Indent/>!"
9077,False,"N'oublie pas de le dépecer avant de partir, c'est un cadeau de la nature<Indent/>!"
9078,False,"Vraiment<Indent/>? Oh, merci Isainne<Indent/>!"
9079,False,"J'ai un cadeau pour toi aussi, Kamlito<Indent/>!"
9080,False,"On repassera au stand de kinderpunsch."
9081,False,"Hmm, c'est chaud mais c'est délicieux<Indent/>!"
9082,False,"J'ai trop envie de goûter les autres recettes<Indent/>!"
9083,False,"Tiens, Geva est encore venue en famille."
9084,False,"Tu devrais goûter à nos nouvelles recettes de kinderpunsch, toi aussi."
9085,False,"Tu as vu, grande sœur<Indent/>? Ces disciples du saint ressemblent à des peluches<Indent/>!"
9086,False,"Oui, et le petit grignote un gâteau<Indent/>!"
9087,False,"Oh, tu as l'embarras du choix."
9088,False,"Qu'est-ce que je pourrais rapporter à mon papa comme souvenir<Indent/>?"
9089,False,"À toi de jouer, Blitzen."
9090,False,"Mwuuuoooooooooh<Indent/>!"
9091,False,"Incroyable<Indent/>!"
9092,False,"Ça brillait de partout<Indent/>!"
9093,False,"C'est vrai<Indent/>? Il faut qu'on y goûte<Indent/>!"
9094,False,"Allons-y avant qu'il n'en reste plus<Indent/>!"
9095,False,"Ils ont une recette uldienne aussi."
9096,False,"C'est un peu trop tape-à-l'œil pour moi..."
9097,False,"Cette tenue rouge t'irait bien, à mon avis."
9098,False,"Un marché temporaire, c'est le piépied<Indent/>!"
9099,False,"Peut-être que je devrais moi aussi proposer des jus de fruit chauds, ja<Indent/>?"
9100,False,"Ça valait le coup de faire le déplacement."
9101,False,"Et si on allait boire du kinderpunsch, nous aussi<Indent/>?"
9102,False,"Oui, elles font du bien par où elles passent."
9103,False,"Quelle délicate attention que ces boissons chaudes."
9104,False,"On arrive à la meilleure période de l'année<Indent/>!"
9105,False,"<If(PlayerParameter(4))>Une gentille dame<Else/>Un gentil monsieur</If> m'a servi cette boisson chaude<Indent/>!"
9106,False,"Oh<Indent/>! Tu en as de la chance<Indent/>!"
9107,False,"Et si on allait acheter à manger toutes les trois<Indent/>?"
9108,False,"Bienvenue au marché des étoiles<Indent/>!"
9109,False,"Ho ho ho<Indent/>! La fête sera grandiose ou ne sera pas<Indent/>!"
9110,False,"Snourf, snourf... Meuh...iaou<Indent/>!"
9111,False,"Alors, ce petit échantillon de cuisine turalienne, ja<Indent/>?"
9112,False,"Un régal<Indent/>! Vous n'avez plus qu'à ouvrir votre propre chalet<Indent/>!"
9113,False,"Oh, votre chat a réagi du “tacos tac”<Indent/>!"
9114,False,"J'aurais peut-être dû inviter quelqu'un..."
9115,False,"J'en ai repris une tasse<Indent/>!"
9116,False,"Tu veux une autre part, ma douce ?"
9117,False,"T-tu es sûr que je peux... ? Eh bien, dans ce cas..."
9118,False,"Quel gâteau devrais-je choisir pour offrir une part à Kupka Kupp ?"
9119,False,"Kwéééé<Indent/>!♪"
9120,False,"Il y a même un gâteau à notre effigie, kupo !"
9121,False,"Tous ces beaux gâteaux titillent ma fibre créative !"
9122,False,"En voilà, des recettes originales !"
9123,False,"T'en manges pas, Curious Gorge ?"
9124,False,"Pas besoin. Être avec toi suffit à m'rendre heureux !"
9125,False,"Ce serait chouette que les gens de Werlyt puissent en manger aussi !"
9126,False,"Je vais préparer de quoi en emporter."
9127,False,"Je sècherai tes larmes si tu veux, alors mange tranquille."
9128,False,"C'est si boooon  ! J'en pleure de joie  !"
9129,False,"C'est intéressant, comme composition..."
9130,False,"C'est donc ça, le fleuron de la cuisine gridanienne  !"
9131,False,""
9132,False,""
9133,False,""
9134,False,""
9135,False,"Pfiou..."
9136,False,"Encore un EFFORT."
9137,False,"Il ne faut pas laisser la NEIGE s'entasser."
9138,False,"Déblayer, ça tient CHAUD."
9139,False,"La neige, c'est LOURD..."
9140,False,"Tu peux le FAIRE<Indent/>!"
9141,False,"Je crois avoir TROUVÉ quelque chose..."
9142,False,"Il va falloir dégager la NEIGE autour."
9143,False,"Pose ça dans le FOND."
9144,False,"Bien COMPRIS."
9145,False,"Bon BOULOT<Indent/>! Repose-toi un peu, d'accord<Indent/>?"
9146,False,"J'ai encore de l'ÉNERGIE à revendre, mais tu as raison. Faisons une pause."
9147,False,"On a besoin de plus de Yok Huy pour nous AIDER..."
9148,False,"Je vais recruter mes AMIS au pied de la montagne."
9149,False,"Après l'effort, le RÉCONFORT<Indent/>!"
9150,False,"Évite de trop BOIRE, quand même<Indent/>!"
9151,False,"On a BESOIN de se réapprovisionner..."
9152,False,"Il faut acheter le nécessaire au VILLAGE."
9153,False,"C'est ici qu'on taille les PIERRES<Indent/>!"
9154,False,"L'AUTEL est enfin restauré<Indent/>! J'espère que la cérémonie va marcher..."
9155,False,"Les esprits des neiges ont l'air de bien s'AMUSER."
9156,False,"Je dois préparer le REPAS<Indent/>!"
9157,False,"On doit TRANSPORTER le maïs jusqu'à la distillerie."
9158,False,"Après le travail, j'irai JOUER avec les esprits<Indent/>!"
9159,False,"J'espère qu'on a assez de MAÏS."
9160,False,"Il faut y mettre de l'AMOUR<Indent/>!"
9161,False,"C'est à couper le SOUFFLE."
9162,False,"On a fait du bon BOULOT."
9163,False,"Allez<Indent/>! Viens jouer<Indent/>!"
9164,False,"D'accord, mais pas trop LONGTEMPS."
9165,False,"Cet esprit ne parle pas<Indent/>!"
9166,False,"C'est juste un bonhomme de NEIGE<Indent/>!"
9167,False,"Ensuite, il faut APPUYER ici..."
9168,False,"Des campanules de glace<Indent/>!"
9169,False,"Elles sont si jolies<Indent/>!"
9170,False,"MAGNIFIQUE."
9171,False,"Hop hop<Indent/>! C'est du beau travail<Indent/>!"
9172,False,"N-n'ayez pas peur<Indent/>! Nous ne sommes qu'une troupe de saltimbanques facétieux."
9173,False,"Pas touche, j'suis farouche<Indent/>!"
9174,False,"Groaaaah<Indent/>!"
9175,False,"Fini la pause, on retourne s'amuser<Indent/>!"
9176,False,"Ouah<Indent/>! On dirait presque un vrai monstre<Indent/>!"
9177,False,"On va pas se faire mordre<Indent/>?"
9178,False,"Il est tout mou et gluant<Indent/>! Beurk<Indent/>!"
9179,False,"Ah, c'est juste un déguisement<Indent/>! Vous m'avez foutu une sacrée trouille..."
9180,False,"Quelle récolte abondante<Indent/>! Ces cucurbitacées sont magnifiques<Indent/>!"
9181,False,"Nos efforts ont été récompensés<Indent/>!"
9182,False,"Hum... Rien à signaler, apparemment."
9183,False,"On peut toujours compter sur le Cirque intercontinental pour mettre l'ambiance<Indent/>!"
9184,False,"Hé hé hé... Ici, je peux porter un masque sans attirer l'attention<Indent/>!"
9185,False,"Je peux ressembler au patron si je mets une citrouille sur ma tête<Indent/>?"
9186,False,"Arrêtez de me touiller comme ça<Indent/>!"
9187,False,"Je vais cer<SoftHyphen/>tai<SoftHyphen/>ne<SoftHyphen/>ment ajouter un ravissant costume de citrouille à ma collection<Indent/>!"
9188,False,"<Split(<Highlight>ObjectParameter(1)</Highlight>, ,1)/>, vous savez quoi<Indent/>?"
9189,False,"Nous venons de croiser un poisson-chat sur pattes<Indent/>!"
9190,False,"Ça veut dire que les poissons-chats sont des hommes-bêtes dans ce coin<Indent/>?"
9191,False,"En tout cas, ils sont absolument adorables<Indent/>!"
9192,False,"... Ah bon, tu trouves<Indent/>?"
9193,False,"<Split(<Highlight>ObjectParameter(1)</Highlight>, ,1)/>, vous voilà<Indent/>!"
9194,False,"Traverser cette zone est un véritable parcours du combattant, n'est-ce pas<Indent/>?"
9195,False,"Dis, ton équipement, ça va aller<Indent/>? Il risque de finir tout rouillé, non<Indent/>?"
9196,False,"Eh non, car j'ai pensé à tout<Indent/>! Mon armure résiste très bien à la paralysie<Indent/>!"
9197,False,"<Split(<Highlight>ObjectParameter(1)</Highlight>, ,1)/>, regarde<Indent/>!"
9198,False,"Quel paysage de fou<Indent/>!"
9199,False,"Je me demande ce que <If(PlayerParameter(4))>ma<Else/>mon</If> <Emphasis>pote</Emphasis> dirait en voyant ça..."
9200,False,"Son sang d'aventuri<If(PlayerParameter(4))>ère<Else/>er</If> ne ferait qu'un tour, bien sûr<Indent/>!"
9201,False,"Dartorgor est avec nous<Indent/>?"
9202,False,"Oui, tant qu'on se SOUVIENDRA d'elle."
9203,False,"Youpi<Indent/>! Youpi<Indent/>!"
9204,False,"J'ai la TÊTE qui tourne..."
9205,False,"Nous devons inspecter nos dispositifs de contre-mesure."
9206,False,"Il va falloir mettre en route notre fameux système !"
9207,False,"Des préparatifs sont nécessaires."
9208,False,"Essayons de réfléchir à un plan de secours !"
9209,False,"Il vaut mieux se préparer au pire."
9210,False,"Nous devons rappeler à chacun d'assurer sa sécurité avant tout."
9211,False,"L'orage a causé des dégâts considérables... Il faut vite fournir les ressources nécessaires !"
9212,False,"Oh là là, quel orage... J'espère que les paratonnerres vont tenir !"
9213,False,"Les courants glaciaux ont fait des dégâts... Je compte sur votre aide !"
9214,False,"Les environs de la Croisée opalescente ont gelé..."
9215,False,"Les résidus de verre s'accumulent au fond du gouffre..."
9216,False,"Et voilà, les pluies de verre ont causé un accident..."
9217,False,"Bravo tout le monde, vous avez bien travaillé !"
9218,False,"Les réparations sont en bonne voie... Nous allons nous charger du reste."
9219,False,"Un violent orage est annoncé !"
9220,False,"Un violent orage est annoncé !"
9221,False,"Des fortes baisses de températures sont prévues !"
9222,False,"Des fortes baisses de températures sont prévues !"
9223,False,"Des pluies de verre sont en approche ! Et elles vont arriver très vite !"
9224,False,"Des pluies de verre sont en approche ! Et elles vont arriver très vite !"
9225,False,"Ça risque de faire des dégâts sur nos appareils..."
9226,False,"Si ça arrive jusqu'ici, on est mal..."
9227,False,"Il vaut mieux se méfier des baisses de température dans la grotte."
9228,False,"Je crains que la chute de la température ne cause des pannes électriques..."
9229,False,"Avec un vent aussi violent, il va y avoir des dégâts dans le fond du gouffre..."
9230,False,"Attention à ne pas glisser à cause de la poussière de verre !"
9231,False,"Apportez vos matériaux par ici !"
9232,False,"Une fois de plus, mission accomplie ! Il est temps de se retirer !"
9233,False,"On dirait que l'alerte a été levée. On va se charger du reste !"
9234,False,"L'alerte rouge est à présent levée ! Merci pour votre soutien !"
9235,False,"Ouf, l'alerte est enfin levée... Bon, plus qu'à ranger tout ce bazar !"
9236,False,"Merci d'avoir fait le déplacement ! C'est par ici pour livrer les matériaux de réparation !"
9237,False,"La réparation des machines, c'est ici que ça se passe ! Et pour livrer vos matériaux, c'est par là !"
9238,False,"... Et voilà !"
9239,False,"Nous avons besoin de votre aide pour des tâches situées au niveau des hauteurs !"
9240,False,"Ah, des renforts ! On compte sur vous pour aider là-haut !"
9241,False,"Laissez-nous faire, on s'occupe de cet endroit !"
9242,False,"Allez aider aux hauteurs est !"
9243,False,"C'est le moment parfait pour tester notre nouveau système !"
9244,False,"Espérons que les données récoltées seront in<SoftHyphen/>té<SoftHyphen/>res<SoftHyphen/>santes..."
9245,False,"On devrait pouvoir utiliser les ressources de cet endroit."
9246,False,"Aidez-nous à récupérer les fragments de verre !"
9247,False,"O-ouuh, il commence à faire frisquet..."
9248,False,"Tu peux faire une pause, tu sais ?"
9249,False,"Faites bien attention où vous mettez les pieds !"
9250,False,"Oups, j'ai failli me casser la figure !"
9251,False,"Attention à ne pas vous blesser..."
9252,False,"Nous comptons sur vous pour cueillir des plantes et récolter des échan<SoftHyphen/>til<SoftHyphen/>lons issus des sols !"
9253,False,"Ho ho, voilà qui n'est pas commun..."
9254,False,"Bien, le rem<SoftHyphen/>pla<SoftHyphen/>ce<SoftHyphen/>ment des pièces avance !"
9255,False,"L'équipe pour la livraison d'huile, par ici je vous prie !"
9256,False,"On va enfin pouvoir les essayer !"
9257,False,"L'équipe de collecte des débris, par ici s'il vous plaît !"
9258,False,"Nos réservoirs vont bientôt être pleins !"
9259,False,"Pour le moment, on va rassembler les débris ici !"
9260,False,"Poursuivons nos efforts pour la capture des usurpoissons et l'inspection de la qualité de l'eau !"
9261,False,"Alors, que vaut la qualité de cette eau ? Hmm... Je vois."
9262,False,"Nous devons également analyser les usurpoissons cachés dans les profondeurs."
9263,False,"Il va nous falloir des matériaux de rechange..."
9264,False,"Nous devrions pouvoir nous en servir comme ressources."
9265,False,"Cette pluie de verre est par<SoftHyphen/>ti<SoftHyphen/>cu<SoftHyphen/>liè<SoftHyphen/>rement virulente..."
9266,False,"Nos filtres à poussière de verre sont peut-être bouchés !?"
9267,False,"Voici donc Phaenna<Indent/>!"
9268,False,"Tant de nouveaux paysages à immortaliser<Indent/>!"
9269,False,"N'oubliez pas de faire quelques échauf<SoftHyphen/>fe<SoftHyphen/>ments avant de crapahuter<Indent/>!"
9270,False,"Un, deux<Indent/>! Un, deux<Indent/>!"
9271,False,"Un, deux... Un, deux..."
9272,False,"Consultons le programme..."
9273,False,"Prendre tout plein de photos et les envoyer à nos amis sur la lune<Indent/>!"
9274,False,"Il est temps de démarrer l'exploration de cette nouvelle planète<Indent/>!"
9275,False,"Il faut se motiver<Indent/>!"
9276,False,"Ne partons pas le ventre vide<Indent/>!"
9277,False,"Quels bâtiments construire en premier<Indent/>?"
9278,False,"Un explorateur bien nourri en vaut cent<Indent/>!"
9279,False,"Je vais polir ta carlingue jusqu'à ce que je puisse me voir dedans<Indent/>!"
9280,False,"C'est le moment de tout bien nettoyer<Indent/>!"
9281,False,"Que faire d'autre...<Indent/>?"
9282,False,"Je peux pas m'arrêter de mitrailler<Indent/>!"
9283,False,"Faisons tous de notre mieux<Indent/>!"
9284,False,"Oui<Indent/>!"
9285,False,"Tout se déroule comme prévu. Continuons comme ça<Indent/>!"
9286,False,"Rapidité et efficacité<Indent/>!"
9287,False,"Je vais vous les aspirer, moi, ces débris de verre<Indent/>!"
9288,False,"Argh<Indent/>! Le sol est plus dur que je l'imaginais<Indent/>!"
9289,False,"Pour le pilotage, vous pouvez compter sur moi<Indent/>!"
9290,False,"Par ici, par ici<Indent/>!"
9291,False,"C'est par là<Indent/>!"
9292,False,"La station Souffleverre est devenue encore plus pratique<Indent/>!"
9293,False,"Une photo<Indent/>! Une photo<Indent/>!"
9294,False,"On a terminé<Indent/>!"
9295,False,"Ouaaais<Indent/>!"
9296,False,"Bien... Dites “ouistiti”<Indent/>!"
9297,False,"Hmmm... On a bien bossé<Indent/>!"
9298,False,"Vous êtes super fort en photo<Indent/>!"
9299,False,"C'est un grand pas pour l'humanité<Indent/>!"
9300,False,"Maintenant, on peut souffler un peu."
9301,False,"Rien ne vaut de passer du bon temps avec son engin préféré<Indent/>!"
9302,False,"Bon courage tout le monde<Indent/>!"
9303,False,"Même une scène ordinaire peut devenir un superbe cliché<Indent/>!"
9304,False,"Les inspections quotidiennes sont cruciales<Indent/>!"
9305,False,"Attention, ces ressources sont précieuses<Indent/>! Alors, manipulez-les avec précaution."
9306,False,"Tout est vérifié, aucune anomalie en vue<Indent/>!"
9307,False,"Les ouvriers cosmiques sont toujours plein d'énergie<Indent/>!"
9308,False,"Si seulement les autres pouvaient en prendre soin autant que moi..."
9309,False,"Compte tenu du coût du transport, c'est comme si je manipulais des lingots d'or."
9310,False,"Woah<Indent/>! Des cosmo-navettes, ici aussi<Indent/>!"
9311,False,"Trois, deuuux, un<Indent/>!"
9312,False,"Ne bougez plus<Indent/>!"
9313,False,"On est trop près pour prendre une bonne photo."
9314,False,"La priorité est aux matières premières, le ra<SoftHyphen/>vi<SoftHyphen/>tail<SoftHyphen/>le<SoftHyphen/>ment en ingrédients peut attendre."
9315,False,"On peut pas au moins se partager les carottes<Indent/>?"
9316,False,"Tu es toujours aussi clinquant, mon fier partenaire<Indent/>!"
9317,False,"Il faut bien vérifier les petites pièces..."
9318,False,"Pas de problème ici<Indent/>!"
9319,False,"Eh ben, eh ben<Indent/>! Ça travaille dur<Indent/>!"
9320,False,"Et maintenant, le module d'habitation, version Phaenna<Indent/>!"
9321,False,"Il va falloir encore repousser le ra<SoftHyphen/>vi<SoftHyphen/>tail<SoftHyphen/>le<SoftHyphen/>ment en ingrédients..."
9322,False,"C'est parti pour un régime au sagepain..."
9323,False,"Ah<Indent/>! Encore une poupée fugueuse<Indent/>! Où est-elle passée<Indent/>?"
9324,False,"Ohé<Indent/>! Où es-tu<Indent/>?"
9325,False,"Rhooo<Indent/>! Retourne au travail, tout de suite<Indent/>!"
9326,False,"Moi, c'est Dodorian<Indent/>!"
9327,False,"Regardez-moi ces belles ins<SoftHyphen/>tal<SoftHyphen/>la<SoftHyphen/>tions<Indent/>!"
9328,False,"Tout ce verre coloré à perte de vue... J'ai envie de croquer dedans à pleines dents<Indent/>!"
9329,False,"Euh... Tu devrais faire un saut à l'infirmerie d'abord<Indent/>!"
9330,False,"Pfiou<Indent/>! On peut dire que je me suis surpassé<Indent/>!"
9331,False,"Doucement, mais sûrement..."
9332,False,"C'est l'occasion de montrer ce que je sais faire<Indent/>!"
9333,False,"Et voilà notre nouveau hangar à machines<Indent/>!"
9334,False,"Rien à dire, c'est du beau boulot<Indent/>!"
9335,False,"Euh... Oui..."
9336,False,"Mon royaume pour un repas chaud..."
9337,False,"Notre base d'opérations en jette pas mal à présent<Indent/>!"
9338,False,"Oui, les ins<SoftHyphen/>tal<SoftHyphen/>la<SoftHyphen/>tions se multiplient."
9339,False,"Profitons d'un moment de calme pour réparer le nécessaire."
9340,False,"Je me demande si ça se recharge cor<SoftHyphen/>rec<SoftHyphen/>te<SoftHyphen/>ment..."
9341,False,"La pointe d'une foreuse doit être bien solide pour fonctionner cor<SoftHyphen/>rec<SoftHyphen/>te<SoftHyphen/>ment."
9342,False,"Merci d'être toujours opérationnel<Indent/>!"
9343,False,"On frotte, on frotte<Indent/>!"
9344,False,"C'est tout propre<Indent/>!"
9345,False,"Je vais tout aspirer bien comme il faut<Indent/>!"
9346,False,"Yaaaah<Indent/>! Allez, creeeuuuse<Indent/>!"
9347,False,"En voilà une base d'opérations qui a de l'allure<Indent/>!"
9348,False,"Puisque c'est comme ça, j'vais en toucher deux mots à Mumukko<Indent/>!"
9349,False,"Le régime exclusif au sagepain n'a pas l'air de l'affecter, elle."
9350,False,"Le souci du détail, c'est la marque des grands artisans<Indent/>!"
9351,False,"Un moment d'inattention et on se loupe, c'est certain."
9352,False,"Pfiou... Quelle pression<Indent/>!"
9353,False,"Le hangar est encore plus incroyable à présent<Indent/>!"
9354,False,"Une saveur extraterrestre... Littéralement<Indent/>!"
9355,False,"Tu pourrais goûter à un usurpoisson, toi<Indent/>?"
9356,False,"Le cosmoport est merveilleux<Indent/>!"
9357,False,"Un peu de poisson d'élevage de temps en temps, ça fait du bien<Indent/>!"
9358,False,"Oh oui<Indent/>!"
9359,False,"J'ai cru que j'avais perdu le sens du goût à jamais..."
9360,False,"J'ai vu un arrivage de la lune se poser il n'y a pas longtemps."
9361,False,"C'est pas vrai<Indent/>! Un ra<SoftHyphen/>vi<SoftHyphen/>tail<SoftHyphen/>le<SoftHyphen/>ment en aliments<Indent/>!? Pitié, pourvu qu'il y ait autre chose que du sagepain..."
9362,False,"Les lames n'ont pas l'air émoussées."
9363,False,"La recharge est terminée<Indent/>!"
9364,False,"Les débris de verre sont entassés..."
9365,False,"Et voilà<Indent/>! La station Souffleverre est terminée<Indent/>!"
9366,False,"L'exploration de notre première exoplanète touche à sa fin<Indent/>!"
9367,False,"Ça n'a pas été facile, mais c'est un lieu fascinant."
9368,False,"Un repas bien chaud... Y a rien de mieux<Indent/>!"
9369,False,"C'est pas une raison pour manger comme un porc non plus<Indent/>!"
9370,False,"Je me suis trop habituée au sagepain..."
9371,False,"Prendre le temps de profiter de son repas, c'est idéal."
9372,False,"Oui, surtout après s'être enfilé du sagepain debout entre deux tâches pendant un bail<Indent/>!"
9373,False,"Et voilà<Indent/>! Le dernier chantier est terminé et le Stellascope a été installé."
9374,False,"Super boulot, encore une fois, mon cher partenaire<Indent/>!"
9375,False,"Allez, on va les lustrer bien comme il faut avant de partir pour une nouvelle planète<Indent/>!"
9376,False,"Ça brille de partout<Indent/>!"
9377,False,"Je veux trouver l'angle parfait avant de prendre un cliché."
9378,False,"On dirait qu'il nous manque des ressources. Il faut que je passe commande aux équipes sur la lune."
9379,False,"Même si le paysage autour de nous a bien changé, le goût reste le même..."
9380,False,"Le réseau n'est pas terrible ici non plus..."
9381,False,"Nous devons pourrrsuivre nos mesures sur l'effet des anomalies gravitationnelles !"
9382,False,"C'est mon coin préféré de tout Oizys !"
9383,False,"Attends, je me recoiffe les moustaches d'abord !"
9384,False,"Je me sens comme ir<SoftHyphen/>ré<SoftHyphen/>mé<SoftHyphen/>dia<SoftHyphen/>ble<SoftHyphen/>ment attirée..."
9385,False,"Les matériaux sont bien arrivés, j'espère ?"
9386,False,"Toutes ces anomalies autour, ça m'angoisse..."
9387,False,"T'en fais pas, elles ne vont pas t'absorber !"
9388,False,"C'est quand on verra un Loporrite flotter qu'il faudrrra qu'on commence à s'inquiéter..."
9389,False,"Aah, enfin un peu de repos !"
9390,False,"Prendre une pause de temps en temps, c'est important !"
9391,False,"On y est presque !"
9392,False,"Tu as bien avancé, on dirait."
9393,False,"Voilà les matériaux demandés."
9394,False,"Hein ? Mais ce sont les mêmes que ceux que j'ai apportés !"
9395,False,"Oups ! On dirait qu'il y a eu double réservation de la requête..."
9396,False,"Dylise a l'air bien occupée..."
9397,False,"C'est vrai, mais elle n'a rien perdu de son entrain !"
9398,False,"Attention à ne pas trébucher !"
9399,False,"Il manque un point de ralliement pour les glaneurs..."
9400,False,"Normalement, le compte est bon."
9401,False,"Tu as entendu parler de notre prochaine mission<Indent/>?"
9402,False,"Pas mal, la vue."
9403,False,"Il faudrait ajouter une protection contre le sable."
9404,False,"C'est noté. Tu veux aussi que je vérifie l'état des pneus<Indent/>?"
9405,False,"Alors, comment sont les nouvelles machines<Indent/>?"
9406,False,"J'ai envie de m'envoler et de virevolter dans les airs<Indent/>!"
9407,False,"Euh, pourriez-vous m'en dire plus<Indent/>?"
9408,False,"Plus que les dernières vé<SoftHyphen/>ri<SoftHyphen/>fi<SoftHyphen/>ca<SoftHyphen/>tions et ce sera terminé."
9409,False,"Alors, pour la prochaine maintenance..."
9410,False,"Ce fichu sable s'infiltre vraiment partout..."
9411,False,"La machine a tenu bon<Indent/>?"
9412,False,"Le vol d'essai s'est superbement passé<Indent/>!"
9413,False,"Ceux de l'académie de magie devraient nous aider pour les analyses."
9414,False,"Pas besoin de leur demander deux fois à mon avis<Indent/>!"
9415,False,"Vous pensez qu'ils vont finir par ouvrir un déparrrtement d'astrologie<Indent/>?"
9416,False,"Moi, quand j'examine une bécane, c'est jamais à moitié."
9417,False,"Je suis calée de chez calée<Indent/>!"
9418,False,"Mange autant que tu peux, tu l'as bien mérité<Indent/>!"
9419,False,"(halète) (halète) La prochaine fois, je prendrai l'ascenseurrr..."
9420,False,"Le décor est tout bonnement époustouflant."
9421,False,"Une prise de vue ne suffit pas<Indent/>! Il m'en faut plein<Indent/>!"
9422,False,"Comment se portent les ouvriers cosmiques ?"
9423,False,"Ils sont prêts à être déployés à tout moment !"
9424,False,"Il faut dire que leur temps de mise en route est assez long..."
9425,False,"Hmm. Elles ressemblent <Emphasis>vraiment</Emphasis> à des plantes carnivores..."
9426,False,"Il faut qu'on note l'évolution de l'état des végétaux aussi !"
9427,False,"Pense bien à couvrir toutes tes boissons !"
9428,False,"Et donc, nos provisions pour l'inspection de la zone côtière sont..."
9429,False,"On nous a assigné notre prochaine mission !"
9430,False,"Ah, c'est pas trop tôt !"
9431,False,"Je me demande quelle sera notre prochaine tâche... ?"
9432,False,"Vous pouvez m'amener à la station ? Je vous paie trois carottes !"
9433,False,"Tu n'aurais pas une monnaie plus... conventionnelle ?"
9434,False,"Vérifions si cet étang peut être utilisé pour la pisciculture..."
9435,False,"C'est important de mesurer ré<SoftHyphen/>gu<SoftHyphen/>liè<SoftHyphen/>re<SoftHyphen/>ment la qualité de l'eau."
9436,False,"Je parie que ça grrrouille de poissons là-dedans !"
9437,False,"Voyons ce que donne l'analyse..."
9438,False,"Matériaux, OK !"
9439,False,"Nettoyage, OK !"
9440,False,"Je me demande quelle est la composition de ces minerais noirs..."
9441,False,"Va-t-on avoir assez de matériaux<Indent/>?"
9442,False,"Un, deux, trois, quatre cylindres..."
9443,False,"Ça avance bien, continuez comme ça<Indent/>!"
9444,False,"Raaaarrrrh<Indent/>!!!"
9445,False,"Montez, je vous prie<Indent/>!"
9446,False,"Il faut vraiment que je porte ça jusqu'en haut...<Indent/>?"
9447,False,"Plus qu'une volée de marches<Indent/>! On se motive<Indent/>!"
9448,False,"Il y a encore tout un côté à construire."
9449,False,"La base a quand même bien évolué depuis notre arrivée<Indent/>!"
9450,False,"Faudra aussi que je jette un œil côté ouest."
9451,False,"Nos architectes et bâtisseurs ont carburé comme jamais<Indent/>!"
9452,False,"J'espère qu'il ne manque rien."
9453,False,"Le mieux, ça reste de tout recompter à la main."
9454,False,"Dépêchez-vous, on doit encore s'occuper de la seconde tour."
9455,False,"J'ai bientôt terminé mes soudures<Indent/>!"
9456,False,"Moi de même<Indent/>!"
9457,False,"Y a pas d'heure pour siroter un latte à la carotte<Indent/>!"
9458,False,"Un bon latte à la carotte, y a que ça de vrai<Indent/>!"
9459,False,"Rah, y a jamais ce que je veux<Indent/>!"
9460,False,"J'irais bien faire un tour sur le Bâtiment ombré."
9461,False,"La vue doit être imprenable de là-bas."
9462,False,"Prendre ou ne pas prendre l'ascenseur, telle est la question..."
9463,False,"Ces automates ont un bon coup de main."
9464,False,"Une soudure nette et sans bavure<Indent/>!"
9465,False,"Ces anomalies ont quelque chose de presque mystique."
9466,False,"J'ai décidé d'immortaliser la station à chaque étape de sa con<SoftHyphen/>struc<SoftHyphen/>tion."
9467,False,"De quoi avez-vous besoin en priorité<Indent/>?"
9468,False,"J'imagine bien un ancien culte autour de cette structure cristalline..."
9469,False,"Le comité entend agrandir la station en construisant autour des vestiges."
9470,False,"Un sacré défi technique..."
9471,False,"Rien n'est trrrop difficile pour notre fine équipe<Indent/>!"
9472,False,"Elle va où, cette caisse...<Indent/>?"
9473,False,"Il paraît qu'ils testent de nouvelles recettes en laboratoirrre<Indent/>!"
9474,False,"Tu crois qu'ils vont tenir compte du goût, cette fois<Indent/>?"
9475,False,"Toute cette ef<SoftHyphen/>fer<SoftHyphen/>ves<SoftHyphen/>cence, ça fait de beaux souvenirs."
9476,False,"Tu vas pouvoir nous rapporter tout ça<Indent/>?"
9477,False,"Hé<Indent/>! Est-ce que je vous ai déjà déçus une seule fois<Indent/>?"
9478,False,"Les glaneurs m'impressionneront toujours."
9479,False,"Chaque morceau de la structure est énorme..."
9480,False,"Je me demande comment ce truc a pu arriver là..."
9481,False,"Même avec les données d'analyse, je ne suis pas plus avancé..."
9482,False,"C'est ce que j'appelle avoir l'embarras du choix..."
9483,False,"Allez, laisse-moi piocher du matos pour personnaliser mon attirail<Indent/>!"
9484,False,"Pas question<Indent/>! Le comité a rejeté ta requête, alors oublie."
9485,False,"Mon pèse-personne débloque, sûrement à cause des anomalies gravitationnelles..."
9486,False,"C'est fou comme ça brrrille<Indent/>!"
9487,False,"On croirait voir un immense joyau."
9488,False,"Si on interprète les données de cette façon..."
9489,False,"Ah oui, je vois. Intéressant..."
9490,False,"(ronfle) (ronfle)"
9491,False,"Tu n'aurais pas vu Commandingway<Indent/>?"
9492,False,"Euh, non. Pourquoi<Indent/>?"
9493,False,"Je t'ai demandé une inspection <Emphasis>rapide</Emphasis>..."
9494,False,"À quoi servait ce cristal, exactement<Indent/>?"
9495,False,"Je crois qu'il s'agissait d'un terminal de données pour toute la planète."
9496,False,"Ça ne va pas être une mince affaire de l'analyser..."
9497,False,"Peut-être, mais on a pas le choix. Au boulot<Indent/>!"
9498,False,"Il faudrait qu'on se réunisse pour discuter des prochaines analyses."
9499,False,"Bon courage pour caler ça dans l'emploi du temps de Dylise..."
9500,False,"Regardez-moi<Indent/>! J'peux faire des pompes à l'infini<Indent/>!"
9501,False,"Génial..."
9502,False,"Les com<SoftHyphen/>bi<SoftHyphen/>nai<SoftHyphen/>sons ne sont pas faites pour crrrâner<Indent/>!"
9503,False,"Qu'est-ce que c'est que cet endroit ?"
9504,False,"Difficile à dire. On manque encore de données."
9505,False,"Alleeeeez !"
9506,False,"Faites attention à bien viser avec la pioche !"
9507,False,"Admirez donc cette super puissance équivalente à cent carottes !"
9508,False,"Je... Je veux une combinaison cosmo-alimentée, moi aussi..."
9509,False,"Je vais envoyer une demande de renforrrts."
9510,False,"Effectuez votre tâche avec la plus grande précaution !"
9511,False,"Avec précaution, hein... Vaut peut-être mieux pas que j'y touche, alors ?"
9512,False,"Hmm..."
9513,False,"Enregistrer des données, ça me va bien."
9514,False,"Il devrait y avoirrr des matériaux exploitables dans le coin..."
9515,False,"Faites attention lorsque vous touchez le cristal !"
9516,False,"Encore une porte ?"
9517,False,"Par ici !"
9518,False,"Ça alors... Quelle découverte incroyable !!"
9519,False,"Alors, de quoi d'autrrre a-t-on besoin..."
9520,False,"C'est absolument fascinant..."
9521,False,"Quelle eau limpide... C'est peut-être dû à l'influence des minéraux ?"
9522,False,"Il est d'une couleur exquise, dont la splendeur est comparable à celle de mes propres pupilles !"
9523,False,"... Mais encore ?"
9524,False,"Ça va bientôt être l'heure de se mettre au boulot, je pense."
9525,False,"Veuillez passer par ici !"
9526,False,"Si on ajuste le poids de la combi, c'est parfait pour la muscu !"
9527,False,"Quelle musculature parfaite !"
9528,False,"Si vous êtes perdus, levez la main !"
9529,False,"Ils veulent construire une cosmo-navette ici ?"
9530,False,"Oui, il comptent prioriser l'exploration des profondeurs."
9531,False,"Faites bien gaffe à ne pas marcher sur des cailloux ou des débris !"
9532,False,"Vous avez besoin d'une unité d'activation ? Entendu."
9533,False,"C'est par là !"
9534,False,"Qui aurait cru qu'il y avait un endroit si vaste sous terre ?"
9535,False,"Ça m'a l'air bon !"
9536,False,"On lâche rien !"
9537,False,"Pour vous motiver, je vous offrirai trois carottes en récompense !"
9538,False,"Dire que ces vestiges dormaient sous terre depuis tout ce temps..."
9539,False,"Je vois. Merci pour votre rapporrrt !"
9540,False,"Je n'aurais jamais imaginé un jour siroter un café dans des ruines antiques..."
9541,False,"Enregistrement en cours..."
9542,False,"Je me demande comment ça fonctionne ?"
9543,False,"C'est joli !"
9544,False,"Oizys porte bien son nom !"
9545,False,"Ce nouveau paysage titille mon âme de photographe !"
9546,False,"Allez, allez ! On s'échauffe ! Il faut vous maintenir en forme, même si vous n'êtes que des automates !"
9547,False,"Une, deux ! Une, deux !"
9548,False,"Une, deux... Une, deux..."
9549,False,"Commençons par établir un planning..."
9550,False,"Gardons-en une trace..."
9551,False,"Pour sûr, c'est une planète pas comme les autres !"
9552,False,"C'est l'heure de montrer ce que nos nouvelles com<SoftHyphen/>bi<SoftHyphen/>nai<SoftHyphen/>sons peuvent faire !"
9553,False,"Le plus important, c'est de se remplir le ventre..."
9554,False,"Je me demande à quoi va ressembler notre station, cette fois."
9555,False,"Je croyais qu'il était prévu d'améliorer le goût de nos repas ?"
9556,False,"Saleté de sable ! Je ne m'avouerai pas vaincu !"
9557,False,"On va te faire briller comme jamais !"
9558,False,"Je me demande ce qu'ils vont construire de beau ?"
9559,False,"Rien à faire, je ne peux plus m'arrêter !!"
9560,False,"Allez tout le monde, courage !"
9561,False,"Oui, chef !"
9562,False,"Tout se passe comme prévu ! Continuez comme ça !"
9563,False,"Je veux voir de l'efficacité et du travail bien fait !"
9564,False,"En toute modestie, c'est un ouvrage remarquable."
9565,False,"Moi, le travail minutieux, ça me va aussi."
9566,False,"Voilà, comme ça..."
9567,False,"Avec précision... et minutie..."
9568,False,"C'est pas des anomalies gravitationnelles qui vont me faire peur !"
9569,False,"Par ici tout le monde !"
9570,False,"Par ici, par ici !"
9571,False,"Les modules d'habitation sont enfin prêts !"
9572,False,"Attention, le petit oiseau va sortir !"
9573,False,"On a terminé !"
9574,False,"Ouaaaiiis !"
9575,False,"Jusqu'ici, on a réussi à ne pas prendre de retard sur le planning..."
9576,False,"Faut croire qu'on se débrouille pas si mal !"
9577,False,"Oizyyys !"
9578,False,"Allez, dites “Oizys” !"
9579,False,"Avec les modules d'habitation terminés, on peut prendre un repos digne de ce nom."
9580,False,"C'est qu'on finit par s'habituer à ces étranges maisons !"
9581,False,"Rien ne vaut ce moment, quand on est seul avec sa machine après un dur labeur."
9582,False,"Ne vous en faites pas, cette passerelle est par<SoftHyphen/>fai<SoftHyphen/>te<SoftHyphen/>ment stable !"
9583,False,"Quelle habileté !"
9584,False,"On doit à tout prix éviter d'être à court de jus..."
9585,False,"J'espère que vous vous plairrrez ici..."
9586,False,"Où est donc passé ce module...<Indent/>?"
9587,False,"Sers-toi plutôt du mien."
9588,False,"Personne ne veut me faire la courte échelle<Indent/>?"
9589,False,"Ça devrait tenir le coup, je pense."
9590,False,"Juste encore un peu, à mon avis."
9591,False,"Compris<Indent/>!"
9592,False,"Les meilleures carottes sont celles qu'on mange en secret<Indent/>!"
9593,False,"Ça reste entre nous, hihi<Indent/>!"
9594,False,"Concernant la production actuelle d'électricité..."
9595,False,"La clef, ce sont les entretiens réguliers."
9596,False,"C'est bien, les choses avancent<Indent/>!"
9597,False,"Courage, les gars, on tient le bon bout<Indent/>!"
9598,False,"Prenez garde à ne pas vous blesser<Indent/>!"
9599,False,"Le diable est dans les détails."
9600,False,"Héhé... Je suis vraiment un crack pistolet en main."
9601,False,"M'est avis que c'est du bel ouvrage."
9602,False,"J'essaie d'avoir la main sûre..."
9603,False,"Je dois me concentrer, un faux mouvement est vite arrivé."
9604,False,"Rah, il en manque encore un..."
9605,False,"Où est-il est passé cette fois<Indent/>!?"
9606,False,"Hé, toi<Indent/>! Travaille, espèce de tire-au-flanc<Indent/>!"
9607,False,"Mode veille activé..."
9608,False,"À nous l'autonomie<Indent/>!"
9609,False,"C'est parfait, restez comme ça<Indent/>!"
9610,False,"Tu me mets en valeur, hein<Indent/>!"
9611,False,"Tout le monde sourit<Indent/>!"
9612,False,"Avoir de l'eau potable à volonté, ça change la vie."
9613,False,"On va pouvoir s'offrir des pauses-café dignes de ce nom."
9614,False,"J'aime prendre de la hauteur."
9615,False,"Je tartinerais bien quelque chose sur cette tranche de pain..."
9616,False,"Les Loporrites ont de la pâte de carottes en stock..."
9617,False,"Et aussi de la confiture de carottes<Indent/>!"
9618,False,"Il faut profiter du temps libre pour entretenir le matériel."
9619,False,"Bien, les batteries sont toutes chargées."
9620,False,"Je craignais que la tête de forage soit émoussée, mais ça va."
9621,False,"Vérifions les tâches qu'il reste à accomplir."
9622,False,"Frotter, lustrer, astiquer<Indent/>!"
9623,False,"Aucun grain de poussière ne m'échappera<Indent/>!"
9624,False,"Contrôler sa foreuse, c'est tout un art<Indent/>!"
9625,False,"Je peux porter deux aspirateurs sans problème avec cette combinaison<Indent/>!"
9626,False,"Il faut y aller doucement pour ne pas tout casser."
9627,False,"La combinaison fait les trois quarts du travail<Indent/>!"
9628,False,"Notre station s'est refait une beauté<Indent/>!"
9629,False,"On a réussi à agrandir la base sans toucher aux vestiges."
9630,False,"C'était un sacré casse-tête."
9631,False,"J'vais te doucher ça, moi<Indent/>!"
9632,False,"Avec la combi, c'est un jeu d'enfants<Indent/>!"
9633,False,"Merci à nos alchimistes d'avoir mis au point ce produit<Indent/>!"
9634,False,"L'euèdre est propre comme un sou neuf<Indent/>!"
9635,False,"Ce gros cristal tout encrassé a retrouvé du lustre<Indent/>!"
9636,False,"Ça tombe bien, j'adore le vert<Indent/>!"
9637,False,"Admirez notre cosmoport flambant neuf<Indent/>!"
9638,False,"Au départ, j'avais peur que la gravité ruine tous nos plans."
9639,False,"Finalement, on s'en sort plutôt bien."
9640,False,"On nous a dit de rester en attente jusqu'à nouvel ordre..."
9641,False,"On pourrait aider les chercheurs à trier les échan<SoftHyphen/>til<SoftHyphen/>lons."
9642,False,"Ça devrait bien nous occuper, déjà."
9643,False,"À force de s'en servir, on finit par s'attacher à son équipement."
9644,False,"Ce sont des joujoux très fiables, à condition de bien les entretenir."
9645,False,"Ils n'ont pas fini de nous rendre service."
9646,False,"Notre station s'agrandit encore<Indent/>!"
9647,False,"L'équipe de recherche nous demande de ces trucs..."
9648,False,"Je te jure, ça dépasse le cadre de la simple con<SoftHyphen/>struc<SoftHyphen/>tion."
9649,False,"J'ai hâte de lire les communiqués de l'équipe de recherche."
9650,False,"Oui, je suis curieuse de savoir sur quoi elle travaille exactement."
9651,False,"♪ Tous en rythme pour la danse de la joie<Indent/>!"
9652,False,"Trop bon<Indent/>! (se goinfre) Miam... Ugh<Indent/>! (tousse)"
9653,False,"Hé ho, t'étouffe pas, hein<Indent/>!"
9654,False,"Il va finir par croquer l'assiette..."
9655,False,"Merci à vous, les p'tits potes, vous avez fait du bon boulot. "
9656,False,"Je nous donne un vingt sur vingt<Indent/>!"
9657,False,"On assure grave<Indent/>!"
9658,False,"Je t'avais prévenu que ça allait mal finir<Indent/>!"
9659,False,"D-désolé<Indent/>! C'est mon côté passionné de belles mécaniques..."
9660,False,"Han<Indent/>! Han<Indent/>! Han<Indent/>! Han<Indent/>!"
9661,False,"Nouveau record en vue<Indent/>!"
9662,False,"C'est le grand luxe<Indent/>!"
9663,False,"Est-ce qu'on a bien rechargé toutes ces bonbonnes<Indent/>?"
9664,False,"... Ce n'est pas urgent. Laissez-moi en parler à madame Mumukko."
9665,False,"Tous les atolls forestiers se ressemblent... Je ne sais même plus sur lequel je suis..."
9666,False,"Voyons où je dois me rendre ensuite..."
9667,False,"T'avise pas de nous la faire à l'enverrrs, Wihuwte. Je t'ai à l'œil."
9668,False,"Ce bâtard a osé se servir des Éternels contre nous<Indent/>!"
9669,False,"Mes compatriotes... Je vengerai votre mémoire..."
9670,False,"Quoi qu'il arrive, il faut continuer d'avancer."
9671,False,"Il est allé puiser dans les pires souvenirs des Alexandrins..."
9672,False,"Encore une dé<SoftHyphen/>mon<SoftHyphen/>stra<SoftHyphen/>tion de cruauté..."
9673,False,"Ce maudit Calyx va nous le payer<Indent/>!"
9674,False,"Allez, il faut en finirrr à présent."
9675,False,"Tu as perdu, Calyx<Indent/>!"
9676,False,"Bien joué, tout le monde<Indent/>!"
9677,False,"C'est vraiment terminé<Indent/>? J'ai comme un doute..."
9678,False,"J'ai un mauvais pres<SoftHyphen/>sen<SoftHyphen/>ti<SoftHyphen/>ment..."
9679,False,"C'est le moment ou jamais de détruire l'ordinateur<Indent/>!"
9680,False,"Maintenant, Calyx n'a plus aucun atout dans sa manche."
9681,False,"Un Primordial... Qui l'aurait crrru..."
9682,False,"Même moins nombreux, on continuera de s'accrocher."
9683,False,"Dès lors qu'on a des mar<SoftHyphen/>chan<SoftHyphen/>di<SoftHyphen/>ses, il faut les surveiller."
9684,False,"Bon sang... Je ne réalise toujours pas ce qu'il s'est passé..."
9685,False,"Rien à signaler pour l'instant."
9686,False,"Geode..."
9687,False,"Je dois livrer ce fusil à Genolt."
9688,False,"J'ai pas les mots..."
9689,False,"J'aurais bien besoin d'un petit tour en salle de repos, moi..."
9690,False,"C'est dans ces moments-là qu'il faut se montrer fort..."
9691,False,"Je dois commander du matériel auprès du gouvernement."
9692,False,"Le combat continuera... pour Geode..."
9693,False,"Je travaille sur un nouveau modèle de circuit magique hautement sécurisé."
9694,False,"Le détecteur souterrain réagit... Il y a quelque chose d'enfoui ici<Indent/>!"
9695,False,"Je me demande s'il reste encore des morceaux de phaennite à récupérer..."
9696,False,"Même sur Phaenna, l'esprit des explorateurs cosmiques ne flanchera pas<Indent/>!"
9697,False,"Une in<SoftHyphen/>ter<SoftHyphen/>ven<SoftHyphen/>tion mécanique... J'ai le trac..."
9698,False,"Je gère la cosmoforeuse, vous en faites pas pour moi<Indent/>!"
9699,False,"Où se trouve cette fameuse phaennite<Indent/>?"
9700,False,"Bon boulot<Indent/>!"
9701,False,"Ce pilote fait du super travail, c'est indéniable<Indent/>!"
9702,False,"Des sortes de cristaux de verre poussent un peu partout..."
9703,False,"Cette planète est vraiment très étrange..."
9704,False,"Laissez-moi faire<Indent/>! Les in<SoftHyphen/>ter<SoftHyphen/>ven<SoftHyphen/>tions mécaniques, je m'y connais<Indent/>!"
9705,False,"Une mission dans les grottes, hein..."
9706,False,"Il faut ajuster la puissance et hop<Indent/>! Ça aspire d'un coup<Indent/>!"
9707,False,"Je ne savais pas que le cosmoaspirateur était si puissant<Indent/>!"
9708,False,"Excellent boulot<Indent/>! Merci<Indent/>!"
9709,False,"La déblayeuse cosmique est vraiment trop classe<Indent/>!"
9710,False,"Les fragments de cristaux corrompus, c'est par là<Indent/>!"
9711,False,"On doit passer ces matériaux à l'analyseur de terrain."
9712,False,"Fracassez ces énormes cristaux corrompus avec votre robot<Indent/>!"
9713,False,"Le Super carotto-canon est plus puissant que je l'imaginais<Indent/>!"
9714,False,"Les cendres d'excroissances fongiques, c'est par ici<Indent/>!"
9715,False,"L'analyseur de terrain va nous aider à débusquer ces mycoses."
9716,False,"Pulvérisez ces gi<SoftHyphen/>gan<SoftHyphen/>tesques excroissances fongiques avec votre engin<Indent/>!"
9717,False,"La ruée tranchante est très efficace<Indent/>!"
9718,False,"Par ici<Indent/>! Venez déposer les morceaux de phaennite<Indent/>!"
9719,False,"L'analyseur de terrain fonctionne normalement sur cette planète."
9720,False,"Une fois que vous avez accumulé suf<SoftHyphen/>fi<SoftHyphen/>sam<SoftHyphen/>ment d'énergie, utilisez votre rayon extracteur dans les sables mouvants."
9721,False,"Aspirez les charges ioniques pour alimenter le rayon extracteur<Indent/>!"
9722,False,"Déposez ici les éclats de verre que vous avez aspirrrés<Indent/>!"
9723,False,"Allez mon petit analyseur, trouve-moi des amas de verre<Indent/>!"
9724,False,"Détruisez les amas de verre à l'aide de la déblayeuse<Indent/>!"
9725,False,"Voilà la fameuse Ruée plasma... Quelle puissance incroyable<Indent/>!"
9726,False,"Ces racines vigoureuses me font oublier les Prœufs..."
9727,False,"Ho... Hoo... Les lunettes ont un succès fou<Indent/>!"
9728,False,"Les monstres ne faisaient pas le poids<Indent/>!"
9729,False,"Détends-toi, on est juste là pourrr s'amuser<Indent/>!"
9730,False,"Pfff... Ça obscurcit ma vision<Indent/>!"
9731,False,"Il faut parfois savoir changer de style<Indent/>!"
9732,False,"Ha ha ha<Indent/>! Elles te vont bien<Indent/>!"
9733,False,"Les Milalla défendent Tréno depuis très longtemps..."
9734,False,"Le dôme nous protège con<SoftHyphen/>ve<SoftHyphen/>na<SoftHyphen/>ble<SoftHyphen/>ment de l'éther de foudre... pour l'instant..."
9735,False,"S'il y a des blessés parmi la population, il faut les soigner im<SoftHyphen/>mé<SoftHyphen/>dia<SoftHyphen/>te<SoftHyphen/>ment<Indent/>!"
9736,False,"C'est bien calme, tout à coup... J'espèrrre que les habitants sont tous sains et saufs..."
9737,False,"Kiii, kiii<Indent/>!♪"
9738,False,"Kiii, kwiiih<Indent/>!"
9739,False,"Ces loutres choutes sont vraiment trop adorables<Indent/>!"
9740,False,"Tu veux être ami avec moi<Indent/>? C'est trop gentil<Indent/>!"
9741,False,"Leur petit air trrrognon me donne de nouvelles idées pour mes produits<Indent/>!"
9742,False,"Hmmm, voilà donc une de ces fameuses loutres choutes."
9743,False,"Elles attirent la clientèle pour lever des fonds afin de prrrotéger leur habitat naturel..."
9744,False,"Hmmm... si on allait faire un tour au salon<Indent/>? Le menu spécial m'intrigue..."
9745,False,"On peut jouer un peu avec les loutres, pas vrrrai<Indent/>?"
9746,False,"Oooh... Ces petits yeux tout ronds sont trop craquants<Indent/>!"
9747,False,"Enfin, peu importe... Où est le flan en forme de loutre<Indent/>? On m'a promis du flan<Indent/>!"
9748,False,"Oh, trop mignon<Indent/>!"
9749,False,"Quoi<Indent/>? Tu parles de moi...<Indent/>? "
9750,False,"Tiens bon, je t'en prie<Indent/>!"
9751,False,"Aïe aïe aïe..."
9752,False,"Comme elles ont bien fleuri..."
9753,False,"P-pas de panique<Indent/>! Je gère<Indent/>!"
9754,False,"Euh... t'en es bien sûr<Indent/>!?"
9755,False,"Les monstres... Ils sont partis<Indent/>?"
9756,False,"C'est bon, on peut se remettre au boulot<Indent/>!"
9757,False,"Des étrangers nous ont rendu visite<Indent/>!"
9758,False,"Ce bon goût de potion après la bataille, miam<Indent/>!"
9759,False,"On reste cachés jusqu'à ce que ça passe, en gros<Indent/>?"
9760,False,"Ouaiiis, on a gagné<Indent/>! Place à la fête<Indent/>!"
9761,False,"Ça faisait combien d'années qu'on avait pas eu d'invités<Indent/>?"
9762,False,"Plus c'est acide, plus ça fait du bien par où ça passe<Indent/>!"
9763,False,"Tout en se préparant au pire, je suppose..."
9764,False,"Pourquoi pas une grande parade, hein<Indent/>?"
9765,False,"Ici commence le grand nettoyage<Indent/>!"
9766,False,"Eh, on est copains<Indent/>! Ne me mords pas, d'accord<Indent/>?"
9767,False,"J'ai tellement envie de participer à un tournoi de jeu de cartes<Indent/>!"
9768,False,"Zut, où sont les douze restantes..."
9769,False,"Kwiih..."
9770,False,"Kwiiih<Indent/>!"
9771,False,"Ces loutres possèdent un charme étrange..."
9772,False,"Son petit costume lui va à ravir<Indent/>!"
9773,False,"Hmmm... Intéressante, cette tenue. Elle a été faite sur mesure<Indent/>?"
9774,False,"Je ne savais pas qu'elles pouvaient se déplacer sur leurs pattes arrière..."
9775,False,"Bonne idée<Indent/>! Moi aussi, ça m'intéresse. Sûrement une déformation pro<SoftHyphen/>fes<SoftHyphen/>sion<SoftHyphen/>nelle, hé hé..."
9776,False,"Bon... Que fait-on, Mesdames<Indent/>?"
9777,False,"J'adore cette tenue<Indent/>!"
9778,False,"Ouah<Indent/>! Je ne m'attendais pas à ça<Indent/>!"
9779,False,"C'est un nouvel ami<Indent/>!"
9780,False,"Ouhouhou<Indent/>!"
9781,False,"Yeeeaaah<Indent/>! C'est la fête<Indent/>!"
9782,False,"Cette ville est une source d'inspiration<Indent/>!"
9783,False,"Te voilà encore tout douillet aujourd'hui<Indent/>!"
9784,False,"Avec moi, rien n'est impossible<Indent/>!"
9785,False,"Pourra-t-on éter<SoftHyphen/>nel<SoftHyphen/>le<SoftHyphen/>ment protéger cette cité...<Indent/>?"
9786,False,"Voilà qui va faire travailler nos muscles<Indent/>!"
9787,False,"Et réduire en miettes tous ces débris<Indent/>!"
9788,False,"Surtout pour nous pousser à travailler<Indent/>!"
9789,False,"Les potions de Lumull sont sacrément efficaces<Indent/>!"
9790,False,"Pas de problème<Indent/>! Laisse-moi faire<Indent/>!"
9791,False,"Restons vigilants<Indent/>!"
9792,False,"L'environnement d'Oizys semble très instable..."
9793,False,"Nous devons être parés à toute éventualité."
9794,False,"Les cas échéant, nous devons être prêts à agir."
9795,False,"... Je te dis ça d'après les résultats obtenus sur Oizys."
9796,False,"Ah oui<Indent/>? Attends que je les retrouve..."
9797,False,"Le matériel s'est mis à flotter<Indent/>!? Il nous faut des générateurs de gravité."
9798,False,"Si la mer vient jusqu'à nous, c'est l'occasion de récolter des matériaux rares<Indent/>!"
9799,False,"On nous a signalé un accident de transport... Il faut intervenir<Indent/>!"
9800,False,"Il faut qu'on s'occupe des problèmes causés par les chutes de pierres<Indent/>!"
9801,False,"C'est vrai, ce qu'on dit à propos du seigneur Casque Sombre<Indent/>!?"
9802,False,"Oui. D'après l'article, son créateur va venir nous rendre visite."
9803,False,"Quel formidable travail d'équipe<Indent/>!"
9804,False,"La restauration touche à sa fin... Nous allons nous charger des derniers détails<Indent/>!"
9805,False,"Nous avons constaté des signes d'anomalies gravitationnelles<Indent/>!"
9806,False,"On nous a signalé que la mer s'est mise à flotter<Indent/>!"
9807,False,"On a détecté une chute de la pression atmosphérique de rang maman bombo<Indent/>!"
9808,False,"On a détecté une chute de la pression atmosphérique de rang maman bombo<Indent/>!"
9809,False,"J'aimerais trop le rencontrer..."
9810,False,"Vous avez dépassé votre quota d'heures de travail<Indent/>!"
9811,False,"Ça signifie que la gravité est encore plus instable que prévu<Indent/>?"
9812,False,"C'est ce qu'on appelle une “tempête de bulles”..."
9813,False,"J'espère que ça ne va pas trop perturber nos livraisons..."
9814,False,"Selon la direction du vent, ça risque de provoquer des chutes de pierres."
9815,False,"Mettez-vous au repos im<SoftHyphen/>mé<SoftHyphen/>dia<SoftHyphen/>te<SoftHyphen/>ment<Indent/>!"
9816,False,"C'est vraiment madame Mumukko qui a instauré cette règle...<Indent/>?"
9817,False,"Quelle pagaille<Indent/>! Il faut récupérer notre matériel avant qu'il s'envole<Indent/>!"
9818,False,"Les livraisons c'est par ici<Indent/>!"
9819,False,"Le calibrage a l'air correct<Indent/>!"
9820,False,"Pfiou<Indent/>! On est arrivé juste à temps<Indent/>!"
9821,False,"Faites attention aux anomalies gravitationnelles dans le coin<Indent/>!"
9822,False,"Je compte sur vous pour nous réapprovisionner<Indent/>!"
9823,False,"Un, deux, trois... Le compte est bon<Indent/>!"
9824,False,"C'était pas du gâteau, mais on s'en est sortis<Indent/>! Allez vous reposer."
9825,False,"L'alerte a été levée. Je me charge des dernières formalités<Indent/>!"
9826,False,"Fin de l'alerte<Indent/>! Merci à tous pour votre aide<Indent/>!"
9827,False,"Pfiou... C'est terminé. Maintenant il va falloir ranger le matériel."
9828,False,"Quels végétaux incroyables<Indent/>! Je compte sur vous pour en ramener le plus possible<Indent/>!"
9829,False,"Tout a poussé d'un coup à l'arrivée de la tempête de bulles<Indent/>!"
9830,False,"Ces plantes absorbent l'humidité à une vitesse ahurissante<Indent/>!"
9831,False,"Vous tombez bien<Indent/>! Aidez-nous à récolter des matériaux rares<Indent/>!"
9832,False,"Toutes ces ressources précieuses sont venues du fond des eaux."
9833,False,"La mer n'est pas épargnée par les caprices de la gravité..."
9834,False,"Toute cette eau qui flotte dans le ciel<Indent/>!"
9835,False,"On a perdu tout notre stock de nouilles cosmiques<Indent/>! On doit se réapprovisionner<Indent/>!"
9836,False,"Il faut se dépêcher de tout réparer..."
9837,False,"Je compte sur vous pour récupérer les vestiges tombés à l'eau<Indent/>!"
9838,False,"Les vents sont parfois violents, c'est pas de chance..."
9839,False,"Et après avoir repêché les artéfacts, pensez à les nettoyer<Indent/>!"
9840,False,"On a besoin de vous pour nous aider à concasser les pierres<Indent/>!"
9841,False,"Ouah... Je vais bientôt avoir besoin de lames de rechange."
9842,False,"Je me charrrge de pulvériser ces rochers<Indent/>!"
9843,False,"Si vous trouvez des pierres bleues, ramenez-les-nous<Indent/>!"
9844,False,"On manque cruellement de matériel médical pour soigner les blessés<Indent/>!"
9845,False,"Il y a des ressources utiles dans le coin<Indent/>!"
9846,False,"Ces plantes semblent avoir des propriétés médicinales..."
9847,False,"Monsieur Godbert s'est encore surrrpassé cette année<Indent/>!"
9848,False,"Oui, mais... Les chats..."
9849,False,"Les par<SoftHyphen/>ti<SoftHyphen/>ci<SoftHyphen/>pants au prochain ouvrage collectif sont priés de se rendre sur le toit<Indent/>!"
9850,False,"Les par<SoftHyphen/>ti<SoftHyphen/>ci<SoftHyphen/>pants au prochain ouvrage collectif sont priés de se rendre sur le toit<Indent/>!"
9851,False,"Les par<SoftHyphen/>ti<SoftHyphen/>ci<SoftHyphen/>pants au prrrochain ouvrage collectif sont priés de se rendre sur le toit<Indent/>!"
9852,False,"Au moins, tout n'est pas parti en fumée..."
9853,False,"Pas de temps à perdre<Indent/>! On nettoie les débris et on retape ça vite fait<Indent/>!"
9854,False,"J'aime quand tu parles comme ça<Indent/>!"
9855,False,"Te voilà enfin, mon petit bout de chou<Indent/>!"
9856,False,"Gwaaa<Indent/>!"
9857,False,"Où est-ce que tu te caches, mon gros dodo...<Indent/>?"
9858,False,"Alors, on veut embarquer sur la caravane flottante mog<Indent/>?"
9859,False,"..."
9860,False,"D'accorrrd, mais vous échangerez vos places après."
9861,False,"C'est moi qui m'assois devant<Indent/>!"
9862,False,"Viens, on fait un tourrr de caravane flottante<Indent/>!"
9863,False,"Rentrrre bien la tête quand tu plonges."
9864,False,"Rien de tel qu'une petite partie de pêche de temps en temps<Indent/>!"
9865,False,"Sire, n'oubliez pas de vous reposer."
9866,False,"On parie que j'attrape plus de poiscaille<Indent/>?"
9867,False,"Je vais essayer<Indent/>!"
9868,False,"N'ayez crainte, je veille sur vous<Indent/>!"
9869,False,"Rien à signaler pour l'instant."
9870,False,"J'ai envie de danser, kupo<Indent/>!"
9871,False,"Peut-être qu'avec de l'élan..."
9872,False,"Cette fois, j'arriverai à passer en face<Indent/>!"
9873,False,"... Et celui qui plonge dans le plus petit cercle a gagné<Indent/>!"
9874,False,"Je veux rester ici pour toujourrrs..."
9875,False,"Le perdant paie sa tournée<Indent/>!"
9876,False,"À mon tour de plonger<Indent/>!"
9877,False,"Concentration...<Indent/>!"
9878,False,"Rah<Indent/>! J'y étais presque<Indent/>!"
9879,False,"Quelle pose on prend cette fois-ci<Indent/>?"
9880,False,"Euh... Et si on prenait plutôt une... pause<Indent/>?"
9881,False,"Tenez, buvez tant que c'est frais."
9882,False,"Puis-je vous offrir un rafraîchissement<Indent/>?"
9883,False,"Trop bon<Indent/>! Remettez-m'en un<Indent/>!"
9884,False,"Puisque c'est si gentiment demandé..."
9885,False,"J'espère que les anomalies n'empêcheront pas nos machines de fonctionner..."
9886,False,"Les mesures de gravité sont toujours inconstantes par ici..."
9887,False,"Des véhicules magitek reconditionnés<Indent/>? J'ai hâte de les voir à l'œuvre<Indent/>!"
9888,False,"On va stabiliser ces anomalies gravitationnelles en moins de deux<Indent/>!"
9889,False,"Les poils de ma queue sont drrroits comme des pics... Un effet de la gravité<Indent/>?"
9890,False,"J'aime comme ces sphères croquent sous la dent<Indent/>!"
9891,False,"Je commence à maîtriser le cosmomarteau-piqueur<Indent/>!"
9892,False,"Les anomalies n'ont qu'à bien se tenir<Indent/>!"
9893,False,"C'est la matriarche de toutes les sphères gravité<Indent/>!"
9894,False,"Ouuh... Les poils de mes orrreilles me démangent..."
9895,False,"Il en faudra plus pour m'abattre<Indent/>!"
9896,False,"Ouah, les véhicules magitek en jettent vraiment<Indent/>!"
9897,False,"Je referais pas ça tous les jours<Indent/>!"
9898,False,"Merci à tous pour votre aide<Indent/>!"
9899,False,"Comment on va récupérer les pierres-Lévitation enfouies<Indent/>?"
9900,False,"Elles vont peut-être flotter hors de terre comme des grandes<Indent/>?"
9901,False,"J'espère que le pilote sera moins casse-cou, cette fois-ci..."
9902,False,"Après la phaennite, cette fois on a droit aux pierres-Lévitation..."
9903,False,"La machine devrait déjà être arrivée..."
9904,False,"Un jour, je maîtriserai tous les gadgets du projet<Indent/>!"
9905,False,"Doucement... Tout doucement..."
9906,False,"À chaque fois que j'en aspire une, il y en a deux qui sortent de nulle part<Indent/>!"
9907,False,"Alimentez les analyseurs de terrain pour assister les machines<Indent/>!"
9908,False,"Déposez vos pierres-Lévitation ici<Indent/>!"
9909,False,"Je n'ai jamais vu autant de pierres léviter en même temps..."
9910,False,"Les analyseurs de terrain vont repérer les pierres qui lévitent plus haut<Indent/>!"
9911,False,"Préparez-vous à activer vos super lasers extracteurs<Indent/>!"
9912,False,"C'est pas un scoop, mais heureusement qu'on a nos machines<Indent/>!"
9913,False,"Est-ce que je deviendrai pilote un jour<Indent/>?"
9914,False,"Magnifique trrravail<Indent/>! Mille mercis à toutes et à tous<Indent/>!"
9915,False,"Si des pierres recommencent à flotter, on fera encore appel à vous<Indent/>!"
9916,False,"Et hop-là<Indent/>! Et hop-là<Indent/>!"
9917,False,"Continue comme ça<Indent/>!"
9918,False,"Bientôt un nouveau record<Indent/>!"
9919,False,"Cette émotion... Je veux la partager, kupo<Indent/>!"
9920,False,"Enfin au sommet, kupo..."
9921,False,"On peut enfin travailler en toute sérénité..."
9922,False,"Tous ensemble, tous ensemble, ouais, ouais<Indent/>!"
9923,False,"Graaah<Indent/>! J'ai encore glissé..."
9924,False,"Il serait temps que tu regardes où tu mets les pieds..."
9925,False,"On s'en est sortis tant bien que mal..."
9926,False,"Heu<SoftHyphen/>reu<SoftHyphen/>se<SoftHyphen/>ment qu'on avait des alliés fortiches à nos côtés<Indent/>!"
9927,False,"Cette année encore, les fruits sont juteux à souhait<Indent/>!"
9928,False,"Vivement le prochain arrivage<Indent/>!"
9929,False,"Pfiou... On a mérité une petite pause..."
9930,False,"J'aimerais bien une tasse de thé..."
9931,False,"Ouah<Indent/>! J'adore cette nouvelle création<Indent/>!"
9932,False,"Regardez mes belles porcelaines<Indent/>!"
9933,False,"Et voilà, tout est prêt<Indent/>!"
9934,False,"Bienvenue<Indent/>! Profitez des meilleurs prix<Indent/>!"
9935,False,"Hum... Donc j'aurais besoin de commander..."
9936,False,"Ça te dit pas de venir chez moi<Indent/>? J'ai du bon thé<Indent/>!"
9937,False,"C'est vrai<Indent/>? Je m'occupe d'apporter du miel, alors<Indent/>!"
9938,False,"Dans ma jeunesse, j'aurais gravi ces escaliers avec facilité..."
9939,False,"Ouah<Indent/>! Voilà qu'ils se montrent en ville, maintenant<Indent/>!?"
9940,False,"On a vraiment évité la catastrophe de peu..."
9941,False,"Heu<SoftHyphen/>reu<SoftHyphen/>se<SoftHyphen/>ment qu'on a cette potion..."
9942,False,"Chaque fois que je la bois, j'ai l'impression de revivre<Indent/>!"
9943,False,"Laissez-nous la base du cristal et continuez sur l'échafaudage supérieur<Indent/>!"
9944,False,"Laissez-nous la base du cristal et continuez sur l'échafaudage supérieur<Indent/>!"
9945,False,"Laissez-nous la base du cristal et continuez sur l'échafaudage supérieur<Indent/>!"
9946,False,"Laissez-nous la base du cristal et continuez sur l'échafaudage supérieur<Indent/>!"
9947,False,"Le marché des étoiles est ouvert ! Venez donc y faire un tour !"
9948,False,"Un festival dédié aux enfants... Nous devrions songer à proposer un équivalent à la sainte Cité."
9949,False,"J'aiderai aux préparatifs, bien sûr !"
9950,False,"Scrogneugneu... Voilà donc à quoi ressemble la fête des étoiles. C'est plutôt pas mal."
9951,False,"Je dois absolument étudier cet événement et en faire un rapport complet !"
9952,False,"L'ambiance est plutôt sympa, ici. J'aurais préféré voir la Veillée des saints, mais bon..."
9953,False,"Sans déconner... Ce drôle de machin blanc, c'est de la neige ?"
9954,False,"C'est quoi ce truc ? Ça se mange ?"
9955,False,"Nous avons sûrement beaucoup de leçons à tirer d'un festival populaire comme celui-ci."
9956,False,"“Et voici le saint de Nymeia, la coqueluche des enfants” ! Hé hé, ça sonne pas mal..."
9957,False,"Quelle excellente idée d'organiser une fête pour les enfants ! Il y a tant d'en<SoftHyphen/>sei<SoftHyphen/>gne<SoftHyphen/>ments que nous pouvons tirer de la culture des autres pays."
9958,False,"Je suis heureux d'avoir pu voir à quoi ressemble une autre fête que notre procession d'Ihih'hana, hou !"
9959,False,"Toutes ces illuminations... C'est pas le genre de chose qu'on peut voir au Tural."
9960,False,"Tu veux qu'on s'en inspire pour décorer temporairement l'intérieur du train ?"
9961,False,"M-moi j'veux bien, hein... M-mais vous avez pas froid, vous ?"
9962,False,"O-ouh, ce froid qui vous mord la peau... C'est à vous faire regretter le climat aride de la Shaaloani..."
9963,False,"Jetez donc un œil aux belles créations des membres de notre guilde !"
9964,False,"J'aurais tellement aimé voir le traîneau du disciple !"
9965,False,"Moi, j'aurais plutôt voulu aider à le fabriquer !"
9966,False,"Trouver le temps de sortir en famille avec toutes nos commandes... Notre maître m'impressionne<Indent/>!"
9967,False,"Je continue de distribuer du kinderpunsch gratuitement, pour le plaisir des petits et des grands !"
9968,False,"Je te sers un petit kinderpunsch limséen ?"
9969,False,"Vous vous entendez bien avec les chocobos<Indent/>?"
9970,False,"C'est trop bon, le kinderpunsch !"
9971,False,"On essaiera un autre parfum après, hein ?"
9972,False,"Oué, ouéé, ouééééé<Indent/>!♪"
9973,False,"Eh bien, t'as l'air en forme, mon petit Rudy !"
9974,False,"Quel joli traîneau !"
9975,False,"On peut vraiment monter dessus ?"
9976,False,"On a fabriqué un traîneau avec le saint de Nymeia ! C'est com<SoftHyphen/>plè<SoftHyphen/>te<SoftHyphen/>ment fou !"
9977,False,"Moi, j'ai fait le revêtement du siège avec l'aide de la dame de la guilde des tanneurs."
9978,False,"Incroyable ! J'aurais tellement aimé participer !"
9979,False,"Faut absolument que mes copains voient ce traîneau, eux aussi !"
9980,False,"Partir à l'aventure et parcourir le monde en traîneau, ça peut être sympa aussi..."
9981,False,"Ça, c'est un beau navire<Indent/>!"
9982,False,"Gegeruju ne se refuse rien."
9983,False,"Hmm... Mets ça sur mon ardoise..."
9984,False,"Tu as de quoi payer ta conso, j'espère."
9985,False,"Ça, mon p'tit Hodge, c'est ce que j'appelle des vacances<Indent/>! Aaah, ça fait du bien<Indent/>!"
9986,False,"... Évitez de trop vous exciter alors que vous manquez de sommeil."
9987,False,"Ce paysage me rend un peu nostalgique..."
9988,False,"Moi aussi... C'est rare que nous puissions nous détendrrre ainsi..."
9989,False,"Des costumes d'ours<Indent/>? C'est la mode, en ce moment, c'est ça<Indent/>?"
9990,False,"Youpi<Indent/>!"
9991,False,"Ha ha ha<Indent/>! Je t'ai trouvé<Indent/>!"
9992,False,"Chuuut..."
9993,False,"Oh<Indent/>! Ils ne me trouveront jamais si je me déguise en décoration<Indent/>!"
9994,False,"Peut-être qu'il est dans un cercueil<Indent/>?"
9995,False,"Mais où est-ce qu'il est<Indent/>!?"
9996,False,"Hé hé hé... Vous m'échapperez pas<Indent/>!"
9997,False,"Je vais utiliser un sort d'illusion pour parfaire ma dissimulation<Indent/>!"
9998,False,"Dans ce cas, je vais compter en premier<Indent/>!"
9999,False,"Je veux chercher, moi aussi, après<Indent/>!"
10000,False,"Hi hi hi..."
10001,False,"Capitaine<Indent/>? Vous êtes là...<Indent/>?"
10002,False,"Il se trouve sûrement par ici<Indent/>!"
10003,False,"Sicard<Indent/>! Je sais que t'es là, Sicard<Indent/>!"
10004,False,"Hé hé, c'est pas un aristo comme toi qui va réussir à m'trouver<Indent/>!"
10005,False,"Azami ne doit pas être allée bien loin<Indent/>!"
10006,False,"Je suis sûre qu'il ne pensera jamais à me chercher ici<Indent/>!"
10007,False,"Vous êtes vraiment en train de vous cacher, là<Indent/>?"
10008,False,"J'aimerais tellement que les collègues d'Oblivion voient ça<Indent/>!"
10009,False,"Il s'en passe des choses, hors de l'enceinte du dôme..."
10010,False,"J'ai l'impression qu'un puluche a élu domicile par ici... S'il croit que je vais le laisser salir ma ville<Indent/>!"
10011,False,"Donnez-vous-en à cœur joie<Indent/>!"
10012,False,"On a plein de chouettes récompenses en stock<Indent/>!"
10013,False,"Et n'oubliez pas que frapper avec justesse reste le meilleur moyen de maximiser son score<Indent/>!"
10014,False,"Si seulement mes doigts n'avaient pas glissé à ce moment-là..."
10015,False,"Pas question de rentrer tant qu'on a pas vaincu le grrros pas beau<Indent/>!"
10016,False,"On va se faire grrronder par maman..."
10017,False,"Tous ces mots partout m'ont mis la tête sens dessus dessous...<Indent/>!"
10018,False,"Ce n'est rien, allons<Indent/>! On peut toujours essayer encore une fois."
10019,False,"J'ai une crampe au doigt...<Indent/>!"
10020,False,"Venez faire la fête avec nous<Indent/>!"
10021,False,"Hé hé hé... Devine ce qu'il y a derrière cette porte<Indent/>?"
10022,False,"Joue avec moi<Indent/>!"
10023,False,"Bouh<Indent/>!"
10024,False,"Si vous tombez, vous risquez de devoir rester ici pour toujours..."
10025,False,"Qui est là<Indent/>? Qui<Indent/>!?"
10026,False,"Hi hi hi... Hin hin hin<Indent/>!"
10027,False,"Approchez, approchez<Indent/>!"
10028,False,"Ronron... Miaou."
10029,False,"M-miaou...<Indent/>?"
10030,False,"Montez dans un mécano cosmique pour vous rendre au sommet de l'Écosystème central<Indent/>!"
10031,False,"C'est par ici pour redescendre<Indent/>!"
10032,False,"Venez là pour remonter sur un mécano cosmique<Indent/>!"
10033,False,"L'ouvrage collectif va bientôt débuter. Encore un peu de patience<Indent/>!"
10034,False,"C'est notre espoir, notre Gadalaaar<Indent/>!♪"
10035,False,"Mi-femme mi-bête, Mihli la belle～♪"
10036,False,"Tant que le Général du Serpent de Feu Gadalar est avec nous, la capitale restera hors de danger<Indent/>!"
10037,False,"Quelle horreur... Le Général du Serpent de Feu Gadalar manque à l'appel..."
10038,False,"V-vous voulez bien me servir de c-cobaye<Indent/>?"
10039,False,"J-j'espère que mon g-grand frère va bien..."
10040,False,"La victoire risque de se jouer au nombre d'aventuriers présents..."
10041,False,"Loués soient les valeureux aventuriers<Indent/>!"
10042,False,"Oui, c'est ce que je comptais faire, même si la forêt l'a com<SoftHyphen/>plè<SoftHyphen/>te<SoftHyphen/>ment recouverrrte."
10043,False,"Tu viendrrras visiter la tombe de maman avec moi, après<Indent/>?"
10044,False,"Moi aussi j'aimerrrais bien jouer d'un instrument<Indent/>!"
10045,False,"C'est une bonne idée<Indent/>! Tu pourras faire écouter tes musiques à Nimuili et Bathu, comme ça<Indent/>! "
10046,False,"J'suis sûre que ça leur fera super plaisir<Indent/>!"
10047,False,"J'aime bien cette ambiance de fête, moi."
10048,False,"Et ce petit vent de l'ouest est très agrrréable."
10049,False,"Bon, qu'est-ce qu'on fait, maintenant<Indent/>?"
10050,False,"On invite Nhagi et Nimuili à venir se promener avec nous<Indent/>?"
10051,False,""
10052,False,""
10053,False,""
10054,False,""
10055,False,""
10056,False,""
10057,False,""
10058,False,""
10059,False,"Ça risque d'être intéressant..."
10060,False,"Je vous conseille de rester sur vos gardes."
10061,False,"Donnez l'ordre de repli aux travailleurs les plus éloignés<Indent/>!"
10062,False,"C'est une augmentation rapide du nombre de micro-organismes qui provoque les nombreuses défaillances<Indent/>!"
10063,False,"Alerte rouge<Indent/>! Ondée lumineuse en approche<Indent/>! Tous les effectifs sur le terrain<Indent/>!"
10064,False,"À toutes les unités<Indent/>! Carbonisez-moi ces champignons séléniens<Indent/>!"
10065,False,"On dirait que même les Loporrites ne sont pas épargnés par ces brises de pétales..."
10066,False,"Il paraît qu'avec la prolifération de ces micro-organismes, les Loporrites peuvent com<SoftHyphen/>plè<SoftHyphen/>te<SoftHyphen/>ment perdre la tête..."
10067,False,"Merci beaucoup pour votre aide<Indent/>!"
10068,False,"Les réparations sont en bonne voie... Nous allons nous charger du reste."
10069,False,"Nous avons détecté des signes d'ondée lumineuse<Indent/>!"
10070,False,"Ondée lumineuse en approche<Indent/>!"
10071,False,"Une brise de pétales est en train de se lever<Indent/>!"
10072,False,"Une brise de pétales est en train de se lever<Indent/>!"
10073,False,"Il va falloir s'attendre à ce que la végétation devienne incrontrôlable<Indent/>!"
10074,False,"Une lumière qui stimule la croissance des plantes..."
10075,False,"Un protocole de sécurité visant à purger la planète de tout corps étranger..."
10076,False,"C'est joli, pourtant... Dommage que ça fasse com<SoftHyphen/>plè<SoftHyphen/>te<SoftHyphen/>ment disjoncter nos appareils."
10077,False,"Mission accomplie<Indent/>! Il est temps de se retirer<Indent/>!"
10078,False,"La situation est désormais sous contrôle<Indent/>!"
10079,False,"Nous nous occupons du reste<Indent/>!"
10080,False,"Pfiou... Encore un brin de rangement et ce sera bon..."
10081,False,"Les provisions par ici, s'il vous plaît<Indent/>!"
10082,False,"Procédez à l'éradication des plantes d'Oizys<Indent/>!"
10083,False,"On s'occupe de cette zone<Indent/>!"
10084,False,"On ne pourra sans doute plus utiliser de lance-flammes à partir d'ici."
10085,False,"Prenez garde aux épines<Indent/>!"
10086,False,"Nous devons analyser cette eau brillante. J'aurais besoin que vous nous en rameniez quelques échan<SoftHyphen/>til<SoftHyphen/>lons, s'il vous plaît."
10087,False,"Il a quelque chose de bizarre, cet étang<Indent/>?"
10088,False,"Si nous découvrons d'où vient cet éclat, ça fera sûrement avancer nos recherches<Indent/>!"
10089,False,"L'équipe des brûleurs de champignons, par ici<Indent/>! Nous comptons sur vous pour le ra<SoftHyphen/>vi<SoftHyphen/>tail<SoftHyphen/>le<SoftHyphen/>ment<Indent/>!"
10090,False,"On aura bientôt fini de ce côté<Indent/>!"
10091,False,"On va avoir besoin de plus de combustible si on veut tout brûler."
10092,False,"Je vous confie la récupération des fruits à minerais rares<Indent/>! On prend aussi tout ce qui est matériel de forage."
10093,False,"On va déterrer ce qu'il y a là-dessous<Indent/>!"
10094,False,"Il serait peut-être temps de changer les lames..."
10095,False,"Pour ceux qui sont déjà sortis du sol, vous n'avez qu'à les ramasser directement<Indent/>!"
10096,False,"Les mécanos, c'est ici<Indent/>! On a besoin de vous pour aider à la livraison de matériaux<Indent/>!"
10097,False,"Le circuit a sauté..."
10098,False,"On a besoin de davantage de matériaux<Indent/>! Apportez-nous ça le plus vite possible<Indent/>!"
10099,False,"Iciii<Indent/>! Les provisions doivent être déposées iciii<Indent/>!"
10100,False,"Regardez-moi ce triste spectacle... Apportez-moi vite de quoi les faire dégriser<Indent/>!"
10101,False,"R'gardez un peu... not' nouvelle daaanse, hic<Indent/>! "
10102,False,"Et hop lààà<Indent/>!"
10103,False,"Et on daaanse<Indent/>! Et on daaanse<Indent/>!"
10104,False,"Je m'éclaaate<Indent/>! Ah... J'ai oublié la suite..."
10105,False,"Urgh... Je me sens pas... très bien..."
10106,False,"Oh là là<Indent/>! Tout va bien<Indent/>?"
10107,False,"Ben alors, qu'est-ce qui vous arrive<Indent/>?"
10108,False,"Ils ont l'air de s'amuser, mais je crois qu'il faut les arrêter quand même..."
10109,False,"L'équipe des réparateurs de drones<Indent/>! Par ici<Indent/>! Et faites gaffe aux courts-circuits<Indent/>!"
10110,False,"Il va nous falloir tout un tas de petites pièces..."
10111,False,"Ramenez les drones que vous avez récupérés ici, pour l'instant<Indent/>!"
10112,False,"Récupérez les spores et les échan<SoftHyphen/>til<SoftHyphen/>lons<Indent/>!"
10113,False,"On s'occupe de récolter les spores<Indent/>!"
10114,False,"Faites en sorte de récupérer les échan<SoftHyphen/>til<SoftHyphen/>lons sur les plus petits spécimens, s'il vous plaît<Indent/>!"
10115,False,"Les collecteurs d'échan<SoftHyphen/>til<SoftHyphen/>lons, avancez<Indent/>! C'est au fond<Indent/>!"
10116,False,"Euh... Qu'est-ce que... j'étais en train de faire...<Indent/>?"
10117,False,"On s'est bien amusés, quand même..."
10118,False,"J'me sens super bien<Indent/>! Allez, au boulot<Indent/>!"
10119,False,"Hé hé<Indent/>! Je vais continuer à tout donner, moi<Indent/>!"
10120,False,"Ressaisis-toi, enfin<Indent/>! Il faut qu'on reprenne l'exploration<Indent/>!"
10121,False,"J'ai l'impression de voir encore des carottes danser derrière mes paupières..."
10122,False,"C'est parti<Indent/>!♪"
10123,False,"Hé hé hé... Youpi<Indent/>!"
10124,False,"J'ai besoin d'une petite pause, là..."
10125,False,"Ces néo-tacos proposent un parfait mélange entre tradition et modernité<Indent/>! "
10126,False,"Ha ha, bien dit<Indent/>!"
10127,False,"Bienvenue au marché des étoiles<Indent/>!"
10128,False,"Ça me rappelle les forêts de mon pays natal..."
10129,False,"La prochaine livraison sera grosse comment<Indent/>?"
10130,False,"Attends, je regarde..."
10131,False,"Faudra aussi vérifier qu'il reste de la place dans les entrepôts."
10132,False,"Je ne me lasse pas de ce paysage."
10133,False,"À ce rythme, il va nous falloir un deuxième Galacticway."
10134,False,"J'avoue... On pourrait transporter le double de matériel."
10135,False,"J'espère qu'on nous a livré de la bonne bouffe<Indent/>!"
10136,False,"De la bonne bouffe<Indent/>? De Sharlayan<Indent/>? Tu rrrêves..."
10137,False,"La la laaa～♪"
10138,False,"Et les nouvelles fonctions que j'ai demandées, elles sont où<Indent/>?"
10139,False,"Elles arrivent<Indent/>! Enfin, c'est ce qu'on m'a dit..."
10140,False,"Il serait temps de passer une nouvelle commande, moi j'dis<Indent/>!"
10141,False,"Puisque la maintenance est terminée, c'est reparti pour un tour<Indent/>!"
10142,False,"Encore un petit effort et on y est<Indent/>!"
10143,False,"Les tests aériens ont été réussis avec brio<Indent/>!"
10144,False,"On dirait bien que tout est fin prêt<Indent/>!"
10145,False,"Ces tenues améliorées devraient surtout permettre d'aller plus vite, pas vrai<Indent/>?"
10146,False,"Mais non<Indent/>! Tout ce que je veux, c'est plus d'options<Indent/>!"
10147,False,"Vous feriez surtout mieux de travailler votre technique..."
10148,False,"J'ai cru comprendre qu'on avait enfin un excédent d'énergie<Indent/>?"
10149,False,"Si tu veux mon avis, c'est pas trop tôt<Indent/>!"
10150,False,"Il faut qu'on prenne des mesurrres contre les brises de pétales<Indent/>!"
10151,False,"Sur le plan de l'apport énergétique, cette planète est sécurisée<Indent/>!"
10152,False,"C'est pas sur Oizys qu'on aurait pu dire ça aussi rapidement..."
10153,False,"Les données restent stables, c'est déjà ça..."
10154,False,"Voyons voir ce que donne la circulation aujourd'hui..."
10155,False,"Passer trop de temps devant un écran, c'est mauvais pour les yeux<Indent/>!"
10156,False,"Cette planète n'a rien à voir avec Oizys."
10157,False,"Je me demande à quoi ressemblent ses régions les plus reculées."
10158,False,"La météo aussi vaut le détourrr à ce qu'il paraît."
10159,False,"Apparemment, il y aurait une tour bizarre dans les environs<Indent/>!"
10160,False,"Est-ce qu'on peut y accéder<Indent/>?"
10161,False,"Vérifiez les bulletins d'information, ils devraient en parler."
10162,False,"Encore un décor à immortaliser."
10163,False,"D'abord se remplir la panse, ensuite travailler<Indent/>!"
10164,False,"Pensez à vous reposer<Indent/>!"
10165,False,"Le programme des poupées Barnabaigneur est contagieux, on dirait..."
10166,False,"Je crois que je n'ai jamais respiré un air aussi sain."
10167,False,"Ils ont besoin de renforts à la Pousse épanouie."
10168,False,"Je veux bien y aller, mais est-ce qu'on a une requête officielle<Indent/>?"
10169,False,"Voyons les dernièrrres annonces..."
10170,False,"Tu crois qu'on arrivera à atteindre la grande tour au loin<Indent/>?"
10171,False,"Je ne sais pas, mais on va essayer<Indent/>!"
10172,False,"Les sols de cette planète ont une teinte vraiment unique."
10173,False,"Tu arrives à différencier les nuances de marron<Indent/>?"
10174,False,"Ça fait du bien, une petite pause<Indent/>!"
10175,False,"Une petite pause, ça fait du bien<Indent/>!"
10176,False,"Je n'ai plus envie de bouger d'ici..."
10177,False,"Vous avez une minute<Indent/>?"
10178,False,"M-Madame Mumukko<Indent/>!? Encore deux secondes et je suis à vous<Indent/>!"
10179,False,"C'est fou à quel point la civilisation des pionniers était avancée<Indent/>!"
10180,False,"Je me demande bien où ils sont tous passés..."
10181,False,"Même s'ils s'étaient éteints, on aurait dû retrouver des traces de leur présence..."
10182,False,"La station commence à être vraiment bien équipée."
10183,False,"Il faut reconnaître que le projet est piloté de main de maîtrrre<Indent/>!"
10184,False,"Je te dépose ça devant ton module d'habitation<Indent/>?"
10185,False,"On a raccordé la tour à la station, mais est-ce que ça va suffire<Indent/>?"
10186,False,"Idéalement, il nous faudrait encore plus de puissance de calcul."
10187,False,"Peut-être qu'en jouant sur la compression des données..."
10188,False,"C'est rare de vous voir en pause, Madame Mumukko..."
10189,False,"Ça arrive. D'ailleurs, j'en profite pour vous rappeler que j'attends toujours votre rapport."
10190,False,"A-ah<Indent/>! Euh oui, je... je m'en occupe juste après<Indent/>!"
10191,False,"Quelques flexions pour rester en forme<Indent/>!"
10192,False,"De quoi réveiller le corps et l'esprit<Indent/>!"
10193,False,"Autant qu'un jus de carotte bien frais<Indent/>!"
10194,False,"Les équipes des tours ont le droit de travailler sans relâche, elles..."
10195,False,"BIP BIP<Indent/>! Pas d'excuses, au repos<Indent/>!"
10196,False,"BIP BIP<Indent/>! C'est l'heure de la sieste<Indent/>!"
10197,False,"Attention, j'enregistre<Indent/>!"
10198,False,"(ronfle) Oh non... pas encore du sagepain... (ronfle)"
10199,False,"Et c'est alorrrs qu'une brise de pétale s'est levée<Indent/>! Woooush<Indent/>!"
10200,False,"Ouah<Indent/>! Ça devait être trop beau à voir<Indent/>!"
10201,False,"Apparemment, Namingway a eu un nouvel éclair de génie..."
10202,False,"Cette confiture de carotte est sucrée juste ce qu'il faut<Indent/>!"
10203,False,"Enfin, on a trouvé la bonne recette."
10204,False,"Ta nouvelle tablette te plaît<Indent/>?"
10205,False,"Euh... Je te dirai ça une fois que je l'aurai retrouvée..."
10206,False,"Ah là là... Je t'avais pourtant conseillé d'activer la fonction de localisation."
10207,False,"C'est joli, ces racines fluorescentes..."
10208,False,"Tu crois que la planète est en train de revenir à son état d'antan<Indent/>?"
10209,False,"Ça, c'est une racine en bonne santé<Indent/>!"
10210,False,"Brille, brille, petite racine..."
10211,False,"La colonne lumineuse au centre de la tour m'interpelle..."
10212,False,"On est justement en trrrain de mesurer l'énergie qu'elle recèle."
10213,False,"Sans oublier les relevés sur le reste de l'atoll forestier."
10214,False,"On va avoir du boulot, je le sens<Indent/>!"
10215,False,"À quoi peut bien servir cette tour<Indent/>?"
10216,False,"Il n'y a visiblement plus une goutte d'éther dans ces racines..."
10217,False,"Nos solutions alchimiques expérimentales vont fonctionner, tu crrrois<Indent/>?"
10218,False,"Le jet est bizarrement faible... Faut que je change la batterie<Indent/>?"
10219,False,"C'est peut-être ta buse qui est bouchée."
10220,False,"J'espère que le liquide va bien pénétrer<Indent/>!"
10221,False,"Allez, revis<Indent/>!"
10222,False,"Aspergez bien chaque racine qui dépasse<Indent/>!"
10223,False,"La végétation est vraiment dense."
10224,False,"On dirait qu'une gigantesque cité sommeille ici..."
10225,False,"Est-ce qu'il serait temps d'utiliser nos engins en cours de développement<Indent/>?"
10226,False,"Si les arbres ont tant poussé, c'est à cause de la con<SoftHyphen/>cen<SoftHyphen/>tra<SoftHyphen/>tion en éther."
10227,False,"Cet endroit me file une pêche d'enfer<Indent/>!"
10228,False,"Cela devrait suffire."
10229,False,"Clang<Indent/>! Clang<Indent/>! J'deviens marteau<Indent/>!"
10230,False,"On va traverser ici, tout droit<Indent/>!"
10231,False,"Cette tour n'est pas comme les autres..."
10232,False,"Elle est com<SoftHyphen/>plè<SoftHyphen/>te<SoftHyphen/>ment recouverte par une sorte de lierre."
10233,False,"On dirait que les mesures d'énergie n'étaient pas correctes."
10234,False,"Je me demande si chaque tour avait un rôle bien particulier."
10235,False,"En tout ça, j'ai l'impression qu'on obtient une réaction à l'ajout de minerai."
10236,False,"Il faudrait quelle taille, exactement<Indent/>?"
10237,False,"Tant que c'est transportable, ça ira<Indent/>!"
10238,False,"On reste attentif pendant les travaux, merci<Indent/>!"
10239,False,"Gnnn... C'est dur comme du béton<Indent/>!"
10240,False,"Rien ne résiste à ma foreuse<Indent/>!"
10241,False,"Je me demande si l'eau est si claire grâce aux plantes aquatiques..."
10242,False,"Et, à propos de l'équilibre dans l'approvisionnement de minerai..."
10243,False,"S'il faut de l'huile de coude, je suis toujours prêt à donner un coup de main<Indent/>!"
10244,False,"Tout m'a l'air en ordre..."
10245,False,"C'est com<SoftHyphen/>plè<SoftHyphen/>te<SoftHyphen/>ment bloqué... Que fait-on<Indent/>?"
10246,False,"J'aimerais bien pouvoir avancer."
10247,False,"Attention avec les vestiges des pionniers<Indent/>!"
10248,False,"Qu'est-ce qui se cache tout au fond...<Indent/>?"
10249,False,"Pouvoir contrôler ainsi la croissance des végétaux... Les pionniers étaient très avancés<Indent/>!"
10250,False,"Donnons-nous à fond, cher partenaire<Indent/>!"
10251,False,"Vu comme il fait sombre, il vaut mieux avancer avec précaution."
10252,False,"Excellent<Indent/>! On avance bien<Indent/>!"
10253,False,"Je vais forer un gros morceau<Indent/>!"
10254,False,"Ah là là... Ta machine a totalement surchauffé..."
10255,False,"Oh nooon<Indent/>! Ma foreuse adoréééeee..."
10256,False,"Concentrez-vous et augmentez la puissance<Indent/>!"
10257,False,"Agagagagagagaga..."
10258,False,"J'ai l'impression que le haut de la tour est relié avec le reste."
10259,False,"Et là... Ma fidèle foreuse a tout transpercé<Indent/>!"
10260,False,"Tant que ce n'est que du minerai... Attention à ne pas abîmer les ruines<Indent/>!"
10261,False,"Il va falloir inspecter cette zone mi<SoftHyphen/>nu<SoftHyphen/>tieu<SoftHyphen/>se<SoftHyphen/>ment."
10262,False,"Ce qui signifie que la relation entre chaque tour est..."
10263,False,"Une fois que cet endroit aura été restauré..."
10264,False,"Ce matériau correspond par<SoftHyphen/>fai<SoftHyphen/>te<SoftHyphen/>ment à notre taille<Indent/>!"
10265,False,"Ah oui, c'est tout pile<Indent/>!"
10266,False,"Amenez ça au pourtour extérieur, s'il vous plaît<Indent/>!"
10267,False,"On attaque enfin les choses sérieuses<Indent/>!"
10268,False,"Pas question de m'arrêter tant que mon réservoir n'est pas vide<Indent/>!"
10269,False,"Cette saveur de carotte, hmm... Quel délice<Indent/>!"
10270,False,"Tant de données... Je ne sais pas où donner de la tête<Indent/>!"
10271,False,"C'est la dernière ligne droite<Indent/>! Pas question de flancher maintenant<Indent/>!"
10272,False,"Rhooooooh<Indent/>!"
10273,False,"Il faut débloquer les routes vers les autres structures."
10274,False,"Il reste encore beaucoup de boulot..."
10275,False,"Les con<SoftHyphen/>struc<SoftHyphen/>tions semblent continuer jusqu'à l'horizon... Quelle incroyable cité<Indent/>!"
10276,False,"Ce motif ressemble étrangement à la planète vue de l'espace."
10277,False,"Est-ce une repré<SoftHyphen/>sen<SoftHyphen/>ta<SoftHyphen/>tion du cosmos par les pionniers<Indent/>?"
10278,False,"Ici, c'est la planète Auxesia<Indent/>!"
10279,False,"Ces nouveaux paysages ne demandent qu'à être photographiés<Indent/>!"
10280,False,"Pour travailler en toute sécurité, il faut d'abord bien s'échauffer<Indent/>!"
10281,False,"Et un, et deux<Indent/>! Et un, et deux<Indent/>!"
10282,False,"Un<Indent/>! Deux<Indent/>! Un<Indent/>! Deux<Indent/>!"
10283,False,"D'abord, je dois vérifier à nouveau le planning..."
10284,False,"Remplir des rapports, c'est une part importante du travail de scien<SoftHyphen/>ti<SoftHyphen/>fi<SoftHyphen/>que<Indent/>!"
10285,False,"Trop bon<Indent/>!"
10286,False,"Est-ce que la nouvelle confiture de carotte te plaît<Indent/>?"
10287,False,"Je pourrais dévorer un pot entier à la cuiller<Indent/>!"
10288,False,"Cet endroit est vraiment différent des autres planètes que nous avons visitées..."
10289,False,"Le pain n'a plus du tout le même goût qu'avant<Indent/>!"
10290,False,"Tout est propre, prêt à partir en mission<Indent/>!"
10291,False,"Une base bien propre, c'est essentiel<Indent/>!"
10292,False,"Qu'est-ce que ça va donner<Indent/>? Je me le demande..."
10293,False,"Je ne peux plus m'arrêter de prendre des clichés<Indent/>!"
10294,False,"Allez tout le monde<Indent/>! Tous ensemble, on peut y arriver<Indent/>!"
10295,False,"Tiens, tiens... Encore<Indent/>? Où est-il passé, bon sang...<Indent/>!"
10296,False,"Oui, Chef<Indent/>!"
10297,False,"Nos progrès sont encourageants<Indent/>! Continuez<Indent/>!"
10298,False,"Ne confondez pas vitesse et pré<SoftHyphen/>ci<SoftHyphen/>pi<SoftHyphen/>ta<SoftHyphen/>tion<Indent/>!"
10299,False,"Des finitions qui conviennent même à un perfectionniste comme moi<Indent/>!"
10300,False,"Il faut faire attention au moindre détail."
10301,False,"Ça... doit aller là<Indent/>!"
10302,False,"Doucement... Doucement...<Indent/>!"
10303,False,"Ayez confiance en notre technique<Indent/>!"
10304,False,"Par ici<Indent/>!"
10305,False,"Par ici, par ici<Indent/>!"
10306,False,"Les modules d'habitation..."
10307,False,"Dites “ouistiti”<Indent/>!"
10308,False,"... sont enfin terminés<Indent/>!"
10309,False,"Hourra<Indent/>!"
10310,False,"Tout s'est déroulé comme prévu."
10311,False,"Nos équipes ont bien progressé<Indent/>!"
10312,False,"Ouaaais<Indent/>!"
10313,False,"Allez, je prends une photo<Indent/>!"
10314,False,"Nous sommes devenus des véritables nomades du cosmos."
10315,False,"Je suis capable de préparer mes valises en temps record, maintenant."
10316,False,"C'est toujours un plaisir de trinquer avec toi<Indent/>!"
10317,False,"Oh là là, que j'ai hâte<Indent/>!"
10318,False,"C'est bien, continuez comme ça<Indent/>! On a presque fini<Indent/>!"
10319,False,"Sécurité avant tout<Indent/>! Faites attention quand vous travaillez<Indent/>!"
10320,False,"On se concentre et on fait attention aux détails<Indent/>!"
10321,False,"Hé hé hé... Je m'en sors plutôt bien<Indent/>!"
10322,False,"C'est le moment de montrer à tout le monde ce que je sais faire<Indent/>!"
10323,False,"Bon, allez... Faut que je me concentre..."
10324,False,"Ça demande une précision incroyable<Indent/>!"
10325,False,"Cette installation est très importante<Indent/>!"
10326,False,"Allez, on garde le rythme, les gars<Indent/>!"
10327,False,"Enfin finiii<Indent/>!"
10328,False,"Fais attention à mon bon profil<Indent/>!"
10329,False,"Vas-y, prends la pose<Indent/>!"
10330,False,"Jusqu'ici, tout va bien..."
10331,False,"Mais c'est à partir de maintenant que les problèmes vont commencer..."
10332,False,"Tu trouves pas que c'est encore meilleur, quand on boit ici<Indent/>?"
10333,False,"J'ai hâte de me remplir le ventre après le travail<Indent/>! Ça faisait longtemps que j'avais pas ressenti ça..."
10334,False,"C'est vrai que c'était bien sec, quand même..."
10335,False,"Incroyable ce qu'un tout petit peu de confiture peut accomplir<Indent/>!"
10336,False,"Même quand on a l'habitude, il ne faut jamais négliger l'entretien."
10337,False,"On devrait garder un œil sur l'état de la batterie..."
10338,False,"Parce que ça a voyagé jusqu'ici avec nous, quand même..."
10339,False,"Tout est propre, tout est net<Indent/>!"
10340,False,"Observons soigneusement la suite des opérations..."
10341,False,"Yaaaaah<Indent/>!"
10342,False,"La boue est in<SoftHyphen/>croya<SoftHyphen/>ble<SoftHyphen/>ment coriace<Indent/>!"
10343,False,"Mais heureusement, avec ma combinaison cosmo-alimentée..."
10344,False,"C'est du gâteau<Indent/>!"
10345,False,"Tout est tellement plus facile avec la combinaison<Indent/>!♪"
10346,False,"La station du Havre forestier..."
10347,False,"Elle est si belle, maintenant<Indent/>!"
10348,False,"Maintenant, on a tout ce qu'il nous faut, en tout cas."
10349,False,"On peut enfin se reposer tran<SoftHyphen/>quil<SoftHyphen/>le<SoftHyphen/>ment<Indent/>!"
10350,False,"Profitons du calme pour faire ta maintenance<Indent/>!"
10351,False,"Hum... Ça m'a l'air pas mal, tout ça."
10352,False,"Faisons un petit vol d'essai<Indent/>!"
10353,False,"Allez, hop<Indent/>!"
10354,False,"C'est bien mon petit, papa est fier de toi<Indent/>!"
10355,False,"Je ne peux vraiment pas m'en passer<Indent/>!"
10356,False,"Décidément, c'est ton péché mignon<Indent/>!"
10357,False,"Ne va pas faire une indigestion<Indent/>!"
10358,False,"Pas d'oxydation à cause des formules alchimiques..."
10359,False,"Les batteries sont chargées<Indent/>!"
10360,False,"Ce matériel demande un entretien journalier<Indent/>!"
10361,False,"Il est temps que je reparte en mission avec mon fidèle destrier..."
10362,False,"Où est-il passé<Indent/>?"
10363,False,"Saperlipopette<Indent/>! C'est pas moment de tirer au flanc<Indent/>!"
10364,False,"Encore cinq minutes..."
10365,False,"Pas de fuites ici non plus..."
10366,False,"Le cosmoport..."
10367,False,"... a été amélioré<Indent/>!"
10368,False,"La station se fond dans le décor<Indent/>!"
10369,False,"J'adore toute cette verdure."
10370,False,"J'ai l'impression d'être de retour dans le Labyrinthos."
10371,False,"C'est un peu comme un deuxième chez-nous."
10372,False,"Et en plus on est pas dépaysés en matière de nourriture<Indent/>!"
10373,False,"Les hangars..."
10374,False,"... ont été agrandis<Indent/>!"
10375,False,"On a encore créé de nouveaux mécanos cosmiques."
10376,False,"J'ai hâte de voir ce qu'ils ont sous le capot<Indent/>!"
10377,False,"Dans l'espace, on y danse<Indent/>! On y danse<Indent/>!♪"
10378,False,"Tous les jours, on en apprend un peu plus sur les pionniers."
10379,False,"J'espère qu'on va arriver à réactiver leurs ins<SoftHyphen/>tal<SoftHyphen/>la<SoftHyphen/>tions."
10380,False,"Miam miam<Indent/>! Rien de tel qu'un plat bien chaud<Indent/>!"
10381,False,"Arrête de te bâfrer comme ça<Indent/>!"
10382,False,"Je reprendrais bien une tartine à la confiture de carottes..."
10383,False,"Qu'est-ce qu'on va découvrir une fois les systèmes réactivés<Indent/>?"
10384,False,"Va savoir... Une carte stellaire comme celle de l'euèdre<Indent/>?"
10385,False,"Rien de tel qu'un petit polissage après une dure mission<Indent/>!"
10386,False,"Lustrer<Indent/>!"
10387,False,"Frotter<Indent/>!"
10388,False,"Dansons pour fêter le succès de cette entreprise<Indent/>!♪"
10389,False,"L'Écosystème central a été réactivé avec succès<Indent/>!"
10390,False,"J'étais sûr qu'on pouvait avoir confiance en Dylise<Indent/>!"
10391,False,"Notre travail est terminé, on dirait..."
10392,False,"Malgré toutes les difficultés, c'était super fun<Indent/>!"
10393,False,"Comment ça, “terminé”<Indent/>? Il reste une tonz de recherches à faire<Indent/>!"
10394,False,"... Et maintenant<Indent/>?"
10395,False,"Je pourrais retourner à l'université, mais j'ai encore tellement à apprendre ici..."
10396,False,"Je suis plutôt un loup solitaire..."
10397,False,"On vient avec toi<Indent/>!"
10398,False,"Un pour tous, tous pour un<Indent/>!"
10399,False,"Voici un dhalmel de l'espace<Indent/>! Quelle classe, pas vrai<Indent/>?"
10400,False,"Je me répète, mais... reste à l'écart, ils peuvent être dangereux<Indent/>! Compris<Indent/>?"
10401,False,"Bon, le devoir m'appelle... Sois prudent, d'accord<Indent/>?"
10402,False,"Les dhalmels de l'espace, c'est les meilleurs<Indent/>!"
10403,False,"Mais ouiii, fais-moi confiance<Indent/>!"
10404,False,"Preums pour en monter un tout de suite, hé hé hé<Indent/>!"
10405,False,"Et voilà, j'en étais sûr<Indent/>!"
10406,False,"Descends de là tout de suite, petit chenapan<Indent/>!"
10407,False,"En avant toute<Indent/>! CHAAARGEEEZ<Indent/>!"
10408,False,"Bwééé<Indent/>!"
10409,False,"On ne monte pas sur les dhalmels<Indent/>! Compris<Indent/>?"
10410,False,"Pourquoi ne pas suivre une formation de pilote, dans ce cas<Indent/>?"
10411,False,"Ce ne sera pas une partie de plaisir, mais si c'est la seule solution..."
10412,False,"P-pardon<Indent/>! J'avais tellement envie de le chevaucher..."
10413,False,"J-je peux<Indent/>!? V-vraiment<Indent/>!?"
10414,False,"Ouaaaiiis<Indent/>!! Je vais devenir le meilleur pilote de la galaxie<Indent/>!"
10415,False,"Cela dit, avoir un peu de compagnie en dehors des machines, ça me fera pas de mal..."
10416,False,""
10417,False,""
10418,False,""
10419,False,""
10420,False,""
10421,False,""
10422,False,""
10423,False,""
10424,False,""
10425,False,""
10426,False,""
10427,False,""
10428,False,"La créature respire encore..."
10429,False,"On dirait qu'il n'a plus envie de se battre. Ouf !"
10430,False,"Ne t'en fais pas, je le surveille de près."
10431,False,"Nous n'avons plus qu'à refermer la fissure."
10432,False,"Ce monstre n'en a sûrement plus pourrr longtemps..."
10433,False,"Nous avons fini par l'avoir."
10434,False,"Parvenir ainsi à percer le néant..."
10435,False,"Reste bien derrière moi !"
10436,False,"Ils déboulent les uns après les autres !"
10437,False,"Je m'occupe de cette zone !"
10438,False,"N'ayez crainte, je vous protégerai !"
10439,False,"Tant mieux si tu n'as rien !"
10440,False,"Ça y est, c'est la fin des carottes !"
10441,False,"Urianger, mon sauveur !"
10442,False,"J'ai vu aucune créature du néant par ici !"
10443,False,"L'ouvrage collectif, c'est par ici<Indent/>!"
10444,False,"Avec plaisir<Indent/>! On adore aider<Indent/>!"
10445,False,"Les herbes médicinales que nous vous avons rapportées vous conviennent<Indent/>?"
10446,False,"Oui, c'est parfait. Merci encore<Indent/>!"
10447,False,"A-a-atchoum<Indent/>!! Décidément, ce pollen de malheur..."
10448,False,"Ça va aller<Indent/>? Il va falloir traiter cette allerrrgie..."
10449,False,"Les pionniers étaient vraiment des génies..."
10450,False,"L'atmosphère devient pesante... J'ai un mauvais pres<SoftHyphen/>sen<SoftHyphen/>ti<SoftHyphen/>ment..."
10451,False,"Aujourd'hui comme hier, j'arrive à la rescousse<Indent/>!"
10452,False,"En avant, véhicules magitek<Indent/>! Je vous soutiens de tout mon cœur<Indent/>!"
10453,False,"En voilà une qui est toxique ou je ne m'y connais pas..."
10454,False,"Saleté de pollen... Brûlez-moi toutes ces mauvaises herbes<Indent/>!"
10455,False,"Les véhicules magitek sont plus forts que ces en<SoftHyphen/>com<SoftHyphen/>bran<SoftHyphen/>tes racines<Indent/>!"
10456,False,"Voilà, on continue comme ça<Indent/>!"
10457,False,"Pour repérer les plantes cachées, fiez-vous aux analyseurs de terrain<Indent/>!"
10458,False,"Par ici les cendrrres<Indent/>!"
10459,False,"A-a-atchoum<Indent/>!! J'en peux plus de ce pollen<Indent/>!"
10460,False,"J'ai les narrrines en feu...<Indent/>!"
10461,False,"Allons, c'est rien<Indent/>! Juste un peu de pol... Atchoum<Indent/>!!"
10462,False,"Les analyseurs de terrain vont nous aider à stopper leur croissance<Indent/>!"
10463,False,"Avis aux assistants<Indent/>! Ramenez les cendrrres dès que possible<Indent/>!"
10464,False,"Voilà qui complique le travail<Indent/>!"
10465,False,"Les véhicules magitek, c'est vraiment le top du top<Indent/>!"
10466,False,"Pfiou... Une bonne chose de faite<Indent/>!"
10467,False,"Et une in<SoftHyphen/>ter<SoftHyphen/>ven<SoftHyphen/>tion mécanique de plus..."
10468,False,"Je respire enfin<Indent/>! À pleins poumons<Indent/>!"
10469,False,"Heu<SoftHyphen/>reu<SoftHyphen/>se<SoftHyphen/>ment que certains maîtrisent le pilotage..."
10470,False,"Sans doute<Indent/>!"
10471,False,"Ce sont les pionniers qui ont cultivé ces végétaux<Indent/>?"
10472,False,"Si je comprends bien... il faut qu'on fertilise tout<Indent/>?"
10473,False,"L'aventure continue plus que jamais sur Auxesia<Indent/>!"
10474,False,"Intervention mécanique, taïauuut<Indent/>!"
10475,False,"On sera bientôt à court de produit alchimique..."
10476,False,"Attention à ne pas gâcher trop de formule<Indent/>!"
10477,False,"Qu'est-ce que ça marche bien, dites donc<Indent/>!"
10478,False,"Gardez l'œil sur les ra<SoftHyphen/>vi<SoftHyphen/>tail<SoftHyphen/>le<SoftHyphen/>ments aériens<Indent/>!"
10479,False,"On vous préviendra dès que les drones seront arrivés<Indent/>!"
10480,False,"Il nous faut davantage de formule au plus vite<Indent/>!"
10481,False,"Remplissez à bloc vos cartouches de formule<Indent/>!"
10482,False,"Ravitaillez votre stock de formules par ici<Indent/>!"
10483,False,"Si vous êtes à court de formule, nous avons la solution<Indent/>!"
10484,False,""
10485,False,""
10486,False,""
10487,False,"Sans les véhicules magitek, on serait sacrément dans la mouise<Indent/>!"
10488,False,"C'est pas trop mal ce boulot, finalement..."
10489,False,"Si nous avons pu apporter notre soutien à cette planète, tant mieux..."
10490,False,"Espérons que la végétation évolue désormais dans la bonne direction<Indent/>!"
10491,False,"Pfiou<Indent/>! Après tout cet effort, je suis épuisée<Indent/>!"
10492,False,"Je te prrrotègerai si des monstres attaquent, t'inquiète pas<Indent/>!"
10493,False,"Toute cette verdure est reposante<Indent/>!"
10494,False,"Il y a une autre caisse à charger après celle-là."
10495,False,"C'est pas trop de matos pour une simple expédition<Indent/>!?"
10496,False,"Ouah<Indent/>! Ces arbres sont biscornus<Indent/>!"
10497,False,"Ça, c'est ce que j'appelle de la confiture thérapeutique<Indent/>!"
10498,False,"Tu peux porter une autre caisse<Indent/>?"
10499,False,"P-pas de problème<Indent/>!"
10500,False,"Allez, les gars<Indent/>! Au boulot<Indent/>!"
10501,False,"C'est parti<Indent/>!"
10502,False,"C'est parti<Indent/>!"
10503,False,"C'est parti<Indent/>!"
10504,False,"Hm...<Indent/>?"
10505,False,"Barnabaigneur est venu pour superviser les travaux<Indent/>?"
10506,False,"Dis “carotte” pour la photo<Indent/>!"
10507,False,"Il est temps de planter aussi des carottes sur Auxesia<Indent/>!"
10508,False,"Je me demande quel goût elles auront..."
10509,False,"C'est vrai que chaque planète leur donne une saveur par<SoftHyphen/>ti<SoftHyphen/>cu<SoftHyphen/>liè<SoftHyphen/>re<Indent/>!"
10510,False,"C'est mon endroit préféré pour boire du latte à la carotte<Indent/>!"
10511,False,"Ouah<Indent/>! C'est délicieux<Indent/>!"
10512,False,"C'est sûrement grâce à la confiture de carottes."
10513,False,"On est enfin arrivées à te faire manger du sagepain<Indent/>!"
10514,False,"On a enfin atteint le rythme de croisière."
10515,False,"L'exploration, c'est toujours chaotique au début."
10516,False,"Je ne suis pas près de tomber à cours de spécimens<Indent/>!"
10517,False,"Auxesia est vraiment le paradis des botanistes."
10518,False,"Oui, il y a de nouvelles espèces à chaque coin de rue<Indent/>!"
10519,False,"Grâce à l'humidité d'Auxesia, ma peau est bien hydratée<Indent/>!"
10520,False,"C'est vrai que mon poil n'a jamais été aussi soyeux..."
10521,False,"J'ai hâte de voir le résultat<Indent/>!"
10522,False,"Un<Indent/>! Deux<Indent/>! Faisons tous de notre mieux<Indent/>!"
10523,False,"Il faut que j'immortalise ce spectacle éblouissant<Indent/>!"
10524,False,"La Pousse épanouie..."
10525,False,"... est restaurée<Indent/>!"
10526,False,"On peut voir l'énergie affluer<Indent/>!"
10527,False,"Nous avons désormais accès..."
10528,False,"... au reste de l'atoll forestier<Indent/>!"
10529,False,"Qu'est-ce qu'on aperçoit autour de ce bâtiment<Indent/>?"
10530,False,"C'est le moment de prendre une photo<Indent/>!"
10531,False,"La Pousse fleurie..."
10532,False,"... est restaurée<Indent/>!"
10533,False,"Ces drones vont pouvoir fendre les airs à nouveau<Indent/>?"
10534,False,"Comptez sur nous pour les réparer<Indent/>!"
10535,False,"On a fait pousser..."
10536,False,"... tout un pont<Indent/>!"
10537,False,"Je me demande à quoi sert cette tour..."
10538,False,"Souriez<Indent/>! Un rayon de lumière perce les ténèbres<Indent/>!"
10539,False,"La Pousse vivace..."
10540,False,"... est restaurée<Indent/>!"
10541,False,"... Zzz... Zzz... Quelle chaleur rassurante..."
10542,False,"Mwa ha ha ha ha<Indent/>! Cette planète n'a qu'à bien se tenir<Indent/>!"
10543,False,"Quel décor bucolique<Indent/>!"
10544,False,"Pfiou<Indent/>! C'était moins une<Indent/>!"
10545,False,"Je sais tout à présent..."
10546,False,"Je t'ai déjà dit de ne pas grimper ici<Indent/>!!"
10547,False,"J'ai bien mérité une petite pause, non<Indent/>?"
10548,False,"Tu connais une autre glaneuse tentée par l'exploration spatiale<Indent/>?"
10549,False,"Oui, elle est orrriginaire du Tural."
10550,False,"Cette bête... Elle est à toi<Indent/>?"
10551,False,"Ouah, j'ai peur... Les dresseurs ne sont pas monnaie courante, par ici."
10552,False,"Oh la jolie bête... Tu veux bien me la vendre<Indent/>? Donne-moi un prix<Indent/>!"
10553,False,"Ah... un<If(PlayerParameter(4))>e<Else/></If> <If(PlayerParameter(4))>dresseuse<Else/>dresseur</If><Indent/>!"
10554,False,"Gardez bien votre bête près de vous, compris<Indent/>?"
10555,False,"Quelle magnifique créature<Indent/>!"
10556,False,"Ouah... Je n'avais jamais vu de <If(PlayerParameter(4))>dresseuse<Else/>dresseur</If> avec sa bête avant<Indent/>!"
10557,False,"J'ai l'impression qu'on croise de plus en plus de gens accompagnés de bêtes ces derniers temps."
10558,False,"Avec un compagnon pareil à ses côtés, même les pirrrates doivent se tenir à carreau<Indent/>!"
10559,False,"Il faut que ça morde coûte que coûte<Indent/>!"
10560,False,"J'ai promis à Nidhana de lui rapporter du poisson de la Noscea<Indent/>!"
10561,False,"Cet engin va être bien pratique sur Auxesia."
10562,False,"C'est le moment de tester notre équipement anti-chaleur<Indent/>!"
10563,False,"Quelle mélodie magnifique... Elle sera parfaite, kwé."
