key,0,1,2,3,4,5,6,7,8,9,10,11,12,13,14,15,16,17,18,19,20,21,22,23,24,25,26,27
#,,,,,,,,,,,,,,,,,,,,,,,,,,,,
int32,byte,byte,bit&01,uint16,byte,uint16,bit&02,uint16,uint16,uint16,uint16,uint16,uint16,uint16,uint16,uint16,uint16,str,str,str,str,str,str,str,str,str,str,str
0,0,0,False,0,0,0,False,0,0,0,0,0,0,0,0,0,0,"","","","","","","","","","",""
1,0,0,False,0,0,0,False,0,0,0,0,0,0,0,0,0,0,"","","","","","","","","","",""
2,0,0,False,0,0,0,False,0,0,0,0,0,0,0,0,0,0,"","","","","","","","","","",""
3,0,0,False,0,0,0,False,0,0,0,0,0,0,0,0,0,0,"","","","","","","","","","",""
4,0,0,False,0,0,0,False,0,0,0,0,0,0,0,0,0,0,"","","","","","","","","","",""
5,0,0,False,0,0,0,False,0,0,0,0,0,0,0,0,0,0,"","","","","","","","","","",""
6,0,0,False,0,0,0,False,0,0,0,0,0,0,0,0,0,0,"","","","","","","","","","",""
7,0,0,False,0,0,0,False,0,0,0,0,0,0,0,0,0,0,"","","","","","","","","","",""
8,0,0,False,0,0,0,False,0,0,0,0,0,0,0,0,0,0,"","","","","","","","","","",""
9,0,0,False,0,0,0,False,0,0,0,0,0,0,0,0,0,0,"","","","","","","","","","",""
10,0,0,False,0,0,0,False,0,0,0,0,0,0,0,0,0,0,"","","","","","","","","","",""
11,0,0,False,0,0,0,False,0,0,0,0,0,0,0,0,0,0,"","","","","","","","","","",""
12,0,0,False,0,0,0,False,0,0,0,0,0,0,0,0,0,0,"","","","","","","","","","",""
13,0,0,False,0,0,0,False,0,0,0,0,0,0,0,0,0,0,"","","","","","","","","","",""
14,0,0,False,0,0,0,False,0,0,0,0,0,0,0,0,0,0,"","","","","","","","","","",""
15,3,0,False,0,0,0,False,0,0,0,0,0,0,0,0,0,0,"必要MGP：<Format(IntegerParameter(1),FF022C)/>MGP","やる","やる(無料券)","キャンセル","","","","","","",""
16,2,0,False,0,2,764,False,0,0,0,0,0,0,0,0,0,0,"Acheter un billet de Mini Cactpot pour <Value>IntegerParameter(1)</Value> PGS<Indent/>?
[PGS possédés<Indent/>: <Format(IntegerParameter(2),FF05021D0103)/>]","Oui","Non","","","","","","","",""
17,1,0,False,44,2,0,False,0,0,0,0,0,0,0,0,0,0,"Je regrette, mais vous n'avez pas assez de points du Gold Saucer pour acheter un billet. Allez voir l'agent de change, de l'autre côté du comptoir, il s'occupera de vous.","","","","","","","","","",""
18,1,0,False,45,2,0,False,0,0,0,0,0,0,0,0,0,0,"Je suis désolé, mais vous avez déjà tenté votre chance trois fois aujourd'hui. Prenez votre mal en patience et revenez me voir demain.","","","","","","","","","",""
19,1,0,False,16,2,764,False,0,0,0,0,0,0,0,0,0,0,"Aujourd'hui, c'est le <Format(IntegerParameter(3),FF05021D0103)/><If(LessThanOrEqualTo(IntegerParameter(3),1))>er<Else/>e</If> tirage du Mini Cactpot. <If(LessThan(PlayerParameter(11),12))><If(LessThan(PlayerParameter(11),4))>Allez-vous décrocher le gros lot<Indent/>?<Else/>La chance vous sourira-t-elle<Indent/>?</If><Else/><If(LessThan(PlayerParameter(11),17))>Ce nombre vous portera-t-il bonheur<Indent/>?<Else/>Allez-vous décrocher le gros lot<Indent/>?</If></If> Il n'y a qu'une seule façon de le savoir<Indent/>!","","","","","","","","","",""
20,1,0,False,21,2,764,False,0,0,0,0,0,0,0,0,0,0,"Par les Douze, c'est une catastrophe<Indent/>! Je venais à peine de recueillir un pauvre petit poussin chocobo perdu et sans défense, quand des Gobelins sont venus nous chercher des noises<Indent/>!","","","","","","","","","",""
21,1,0,False,158,2,0,False,0,0,0,0,0,0,0,0,0,0,"Ils ont mis le bazar avec leurs bombes et le poussin était com<SoftHyphen/>plè<SoftHyphen/>te<SoftHyphen/>ment affolé... Du coup, il s'est enfui au sommet du Mont Corel. S'il vous plaît, ramenez-le sain et sauf<Indent/>!","","","","","","","","","",""
22,1,0,False,23,2,764,False,0,0,0,0,0,0,0,0,0,0,"Vous avez fait preuve d'une vaillance exemplaire, c'était beau à voir<Indent/>! Mal<SoftHyphen/>heu<SoftHyphen/>reu<SoftHyphen/>se<SoftHyphen/>ment, le poussin chocobo est toujours coincé au sommet du Mont Corel... Faites vite avant qu'il ne lui arrive malheur<Indent/>!","","","","","","","","","",""
23,2,0,False,0,2,764,False,0,0,0,0,0,0,0,0,0,0,"Voulez-vous réessayer<Indent/>?","Oui","Non","","","","","","","",""
24,1,0,False,0,2,764,False,0,0,0,0,0,0,0,0,0,0,"Merci beaucoup d'avoir sauvé la vie du poussin<Indent/>! Autant vous prévenir tout de suite, il ne tient pas en place et ça ne m'étonnerait pas qu'il se retrouve dans le même pétrin très bientôt. Si jamais cela arrivait, j'espère que nous pourrons compter sur votre aide à nouveau<Indent/>!","","","","","","","","","",""
25,1,0,False,140,2,0,False,0,0,0,0,0,0,0,0,0,0,"Dites, pourriez-vous me rendre un service<Indent/>? J'ai besoin d'un<If(PlayerParameter(4))>e aventurière<Else/> aventurier</If> chevronné<If(PlayerParameter(4))>e<Else/></If> comme vous pour livrer la commande sans se faire repérer par les voleurs. Faites bien attention surtout, il est ex<SoftHyphen/>trê<SoftHyphen/>me<SoftHyphen/>ment fragile<Indent/>!","","","","","","","","","",""
26,1,0,False,143,2,0,False,0,0,0,0,0,0,0,0,0,0,"Dites, pourriez-vous me rendre un service<Indent/>? J'ai besoin d'un<If(PlayerParameter(4))>e aventurière<Else/> aventurier</If> chevronné<If(PlayerParameter(4))>e<Else/></If> comme vous pour livrer la commande sans se faire repérer par les voleurs. Faites bien attention surtout, il est ex<SoftHyphen/>trê<SoftHyphen/>me<SoftHyphen/>ment fragile<Indent/>!","","","","","","","","","",""
27,1,0,False,28,2,764,False,0,0,0,0,0,0,0,0,0,0,"À l'aide, à l'aide<Indent/>! Je venais à peine de recueillir un poussin chocobo égaré et sans défense, quand des Gobelins sont venus nous jouer un sale tour<Indent/>!","","","","","","","","","",""
28,1,0,False,159,2,0,False,0,0,0,0,0,0,0,0,0,0,"Ils ont fait exploser plein de vilaines bombes et à cause d'eux, le poussin a eu la peur de sa courte vie... Du coup, il est allé se réfugier sur la tête de Coloso et n'arrive plus à descendre<Indent/>! Je vous en prie, allez l'aider avant qu'il finisse comme une crêpe<Indent/>!","","","","","","","","","",""
29,1,0,False,30,2,764,False,0,0,0,0,0,0,0,0,0,0,"Il n'y a pas à dire, vous êtes vraiment très courageu<If(PlayerParameter(4))>se<Else/>x</If>, mais le poussin est toujours coincé sur la tête de Coloso<Indent/>! Dépêchez-vous avant qu'il ne soit trop tard<Indent/>!","","","","","","","","","",""
30,2,0,False,0,2,764,False,0,0,0,0,0,0,0,0,0,0,"Voulez-vous réessayer<Indent/>?","Oui","Non","","","","","","","",""
31,1,0,False,0,2,764,False,0,0,0,0,0,0,0,0,0,0,"Merci infiniment<Indent/>! Grâce à vous, le poussin est hors de danger. Le problème, c'est qu'il a la bougeotte et ça ne me sur<SoftHyphen/>pren<SoftHyphen/>drait pas s'il se retrouvait à nouveau dans une situation difficile... N'hésitez pas à repasser de temps à autre, on ne sait jamais<Indent/>!","","","","","","","","","",""
32,1,0,False,0,2,764,False,0,0,0,0,0,0,0,0,0,0,"Votre sac est si plein que je n'arrive pas à ranger votre lot. Faites un peu de place et revenez me voir.","","","","","","","","","",""
33,1,0,True,100,2,764,False,0,0,0,0,0,0,0,0,0,0,"Vous êtes en possession d'un billet de Méga Cactpot, vous dites<Indent/>? Très bien. Voyons voir combien de bons numéros vous avez...","","","","","","","","","",""
34,1,0,False,35,2,764,False,0,0,0,0,0,0,0,0,0,0,"Tiens, tiens... Vous m'avez l'air d'être quelqu'un de talentueux, et je ne dis pas ça tous les jourrrs, croyez-moi. Ça vous dirait de prendre une leçon de danse<Indent/>?","","","","","","","","","",""
35,1,0,False,37,2,0,False,0,0,0,0,0,0,0,0,0,0,"Pour ce faire, il vous suffit de monter sur la scène et d'imiter les mouvements de mes danseurs étoiles. Je serais currrieuse de voir si vous êtes capable de faire un sans-faute<Indent/>!","","","","","","","","","",""
36,2,0,False,0,2,764,False,0,0,0,0,0,0,0,0,0,0,"Voulez-vous aller sur la scène<Indent/>?","Oui","Non","","","","","","","",""
37,1,7,False,277,2,0,False,0,0,0,0,0,0,0,0,0,0,"Les danseurs exécutent quatre emotes à la suite. Observez bien leurs mouvements et utilisez les mêmes emotes après eux. Vous pouvez vous servir de la barre de raccourcis spéciale.","","","","","","","","","",""
38,1,0,False,39,2,764,False,0,0,0,0,0,0,0,0,0,0,"Il s'agit d'un bonus qui s'améliore au fur et à mesure que le nombre de par<SoftHyphen/>ti<SoftHyphen/>ci<SoftHyphen/>pants augmente. Voilà pourquoi vous avez tout intérêt à convaincre vos amis de jouer avec vous<Indent/>!","","","","","","","","","",""
39,1,7,False,40,0,0,False,0,0,0,0,0,0,0,0,0,0,"Le bonus de par<SoftHyphen/>ti<SoftHyphen/>ci<SoftHyphen/>pa<SoftHyphen/>tion est divisé en 7 rangs. Plus le nombre de par<SoftHyphen/>ti<SoftHyphen/>ci<SoftHyphen/>pants au Méga Cactpot augmente, plus le rang s'élève et accroît la quantité de PGS reçus en récompense.","","","","","","","","","",""
40,1,7,False,105,0,0,False,0,0,0,0,0,0,0,0,0,0,"Il est possible de consulter l'état du bonus à tout moment en s'adressant à la courtière et en choisissant l'option “Voir l'état du bonus de par<SoftHyphen/>ti<SoftHyphen/>ci<SoftHyphen/>pa<SoftHyphen/>tion”.","","","","","","","","","",""
41,1,7,False,42,0,0,False,0,0,0,0,0,0,0,0,0,0,"Les résultats sont annoncés une fois par semaine, le <If(NotEqual(PlayerParameter(83),0))><Switch(PlayerParameter(83))><Case(1)><ResetTime>1607</ResetTime><Switch(TopLevelParameter(220))><Case(1)>dimanche</Case><Case(2)>lundi</Case><Case(3)>mardi</Case><Case(4)>mercredi</Case><Case(5)>jeudi</Case><Case(6)>vendredi</Case><Case(7)>samedi</Case></Switch> à <If(TopLevelParameter(218))><Switch(TopLevelParameter(218))><Case(1)>1</Case><Case(2)>2</Case><Case(3)>3</Case><Case(4)>4</Case><Case(5)>5</Case><Case(6)>6</Case><Case(7)>7</Case><Case(8)>8</Case><Case(9)>9</Case><Case(10)>10</Case><Case(11)>11</Case><Case(12)>12</Case><Case(13)>13</Case><Case(14)>14</Case><Case(15)>15</Case><Case(16)>16</Case><Case(17)>17</Case><Case(18)>18</Case><Case(19)>19</Case><Case(20)>20</Case><Case(21)>21</Case><Case(22)>22</Case><Case(23)>23</Case></Switch><Else/>0</If>h</Case><Case(2)><ResetTime>0C01</ResetTime><Switch(TopLevelParameter(220))><Case(1)>dimanche</Case><Case(2)>lundi</Case><Case(3)>mardi</Case><Case(4)>mercredi</Case><Case(5)>jeudi</Case><Case(6)>vendredi</Case><Case(7)>samedi</Case></Switch> à <If(TopLevelParameter(218))><Switch(TopLevelParameter(218))><Case(1)>1</Case><Case(2)>2</Case><Case(3)>3</Case><Case(4)>4</Case><Case(5)>5</Case><Case(6)>6</Case><Case(7)>7</Case><Case(8)>8</Case><Case(9)>9</Case><Case(10)>10</Case><Case(11)>11</Case><Case(12)>12</Case><Case(13)>13</Case><Case(14)>14</Case><Case(15)>15</Case><Case(16)>16</Case><Case(17)>17</Case><Case(18)>18</Case><Case(19)>19</Case><Case(20)>20</Case><Case(21)>21</Case><Case(22)>22</Case><Case(23)>23</Case></Switch><Else/>0</If>h</Case><Case(3)><ResetTime>0501</ResetTime><Switch(TopLevelParameter(220))><Case(1)>dimanche</Case><Case(2)>lundi</Case><Case(3)>mardi</Case><Case(4)>mercredi</Case><Case(5)>jeudi</Case><Case(6)>vendredi</Case><Case(7)>samedi</Case></Switch> à <If(TopLevelParameter(218))><Switch(TopLevelParameter(218))><Case(1)>1</Case><Case(2)>2</Case><Case(3)>3</Case><Case(4)>4</Case><Case(5)>5</Case><Case(6)>6</Case><Case(7)>7</Case><Case(8)>8</Case><Case(9)>9</Case><Case(10)>10</Case><Case(11)>11</Case><Case(12)>12</Case><Case(13)>13</Case><Case(14)>14</Case><Case(15)>15</Case><Case(16)>16</Case><Case(17)>17</Case><Case(18)>18</Case><Case(19)>19</Case><Case(20)>20</Case><Case(21)>21</Case><Case(22)>22</Case><Case(23)>23</Case></Switch><Else/>0</If>h</Case><Case(4)><ResetTime>1307</ResetTime><Switch(TopLevelParameter(220))><Case(1)>dimanche</Case><Case(2)>lundi</Case><Case(3)>mardi</Case><Case(4)>mercredi</Case><Case(5)>jeudi</Case><Case(6)>vendredi</Case><Case(7)>samedi</Case></Switch> à <If(TopLevelParameter(218))><Switch(TopLevelParameter(218))><Case(1)>1</Case><Case(2)>2</Case><Case(3)>3</Case><Case(4)>4</Case><Case(5)>5</Case><Case(6)>6</Case><Case(7)>7</Case><Case(8)>8</Case><Case(9)>9</Case><Case(10)>10</Case><Case(11)>11</Case><Case(12)>12</Case><Case(13)>13</Case><Case(14)>14</Case><Case(15)>15</Case><Case(16)>16</Case><Case(17)>17</Case><Case(18)>18</Case><Case(19)>19</Case><Case(20)>20</Case><Case(21)>21</Case><Case(22)>22</Case><Case(23)>23</Case></Switch><Else/>0</If>h</Case><Case(5)></Case><Case(6)></Case><Case(7)><ResetTime>0C01</ResetTime><Switch(TopLevelParameter(220))><Case(1)>dimanche</Case><Case(2)>lundi</Case><Case(3)>mardi</Case><Case(4)>mercredi</Case><Case(5)>jeudi</Case><Case(6)>vendredi</Case><Case(7)>samedi</Case></Switch> à <If(TopLevelParameter(218))><Switch(TopLevelParameter(218))><Case(1)>1</Case><Case(2)>2</Case><Case(3)>3</Case><Case(4)>4</Case><Case(5)>5</Case><Case(6)>6</Case><Case(7)>7</Case><Case(8)>8</Case><Case(9)>9</Case><Case(10)>10</Case><Case(11)>11</Case><Case(12)>12</Case><Case(13)>13</Case><Case(14)>14</Case><Case(15)>15</Case><Case(16)>16</Case><Case(17)>17</Case><Case(18)>18</Case><Case(19)>19</Case><Case(20)>20</Case><Case(21)>21</Case><Case(22)>22</Case><Case(23)>23</Case></Switch><Else/>0</If>h</Case></Switch><Else/><ResetTime>1607</ResetTime><Switch(TopLevelParameter(220))><Case(1)>dimanche</Case><Case(2)>lundi</Case><Case(3)>mardi</Case><Case(4)>mercredi</Case><Case(5)>jeudi</Case><Case(6)>vendredi</Case><Case(7)>samedi</Case></Switch> à <If(TopLevelParameter(218))><Switch(TopLevelParameter(218))><Case(1)>1</Case><Case(2)>2</Case><Case(3)>3</Case><Case(4)>4</Case><Case(5)>5</Case><Case(6)>6</Case><Case(7)>7</Case><Case(8)>8</Case><Case(9)>9</Case><Case(10)>10</Case><Case(11)>11</Case><Case(12)>12</Case><Case(13)>13</Case><Case(14)>14</Case><Case(15)>15</Case><Case(16)>16</Case><Case(17)>17</Case><Case(18)>18</Case><Case(19)>19</Case><Case(20)>20</Case><Case(21)>21</Case><Case(22)>22</Case><Case(23)>23</Case></Switch><Else/>0</If>h</If> (temps réel).","","","","","","","","","",""
42,1,7,False,0,0,0,False,0,0,0,0,0,0,0,0,0,0,"Vous pouvez retirer votre récompense jusqu'au <If(NotEqual(PlayerParameter(83),0))><Switch(PlayerParameter(83))><Case(1)><ResetTime>1607</ResetTime><Switch(TopLevelParameter(220))><Case(1)>dimanche</Case><Case(2)>lundi</Case><Case(3)>mardi</Case><Case(4)>mercredi</Case><Case(5)>jeudi</Case><Case(6)>vendredi</Case><Case(7)>samedi</Case></Switch> suivant à <If(TopLevelParameter(218))><Switch(TopLevelParameter(218))><Case(1)>1</Case><Case(2)>2</Case><Case(3)>3</Case><Case(4)>4</Case><Case(5)>5</Case><Case(6)>6</Case><Case(7)>7</Case><Case(8)>8</Case><Case(9)>9</Case><Case(10)>10</Case><Case(11)>11</Case><Case(12)>12</Case><Case(13)>13</Case><Case(14)>14</Case><Case(15)>15</Case><Case(16)>16</Case><Case(17)>17</Case><Case(18)>18</Case><Case(19)>19</Case><Case(20)>20</Case><Case(21)>21</Case><Case(22)>22</Case><Case(23)>23</Case></Switch><Else/>0</If>h</Case><Case(2)><ResetTime>0C01</ResetTime><Switch(TopLevelParameter(220))><Case(1)>dimanche</Case><Case(2)>lundi</Case><Case(3)>mardi</Case><Case(4)>mercredi</Case><Case(5)>jeudi</Case><Case(6)>vendredi</Case><Case(7)>samedi</Case></Switch> suivant à <If(TopLevelParameter(218))><Switch(TopLevelParameter(218))><Case(1)>1</Case><Case(2)>2</Case><Case(3)>3</Case><Case(4)>4</Case><Case(5)>5</Case><Case(6)>6</Case><Case(7)>7</Case><Case(8)>8</Case><Case(9)>9</Case><Case(10)>10</Case><Case(11)>11</Case><Case(12)>12</Case><Case(13)>13</Case><Case(14)>14</Case><Case(15)>15</Case><Case(16)>16</Case><Case(17)>17</Case><Case(18)>18</Case><Case(19)>19</Case><Case(20)>20</Case><Case(21)>21</Case><Case(22)>22</Case><Case(23)>23</Case></Switch><Else/>0</If>h</Case><Case(3)><ResetTime>0501</ResetTime><Switch(TopLevelParameter(220))><Case(1)>dimanche</Case><Case(2)>lundi</Case><Case(3)>mardi</Case><Case(4)>mercredi</Case><Case(5)>jeudi</Case><Case(6)>vendredi</Case><Case(7)>samedi</Case></Switch> suivant à <If(TopLevelParameter(218))><Switch(TopLevelParameter(218))><Case(1)>1</Case><Case(2)>2</Case><Case(3)>3</Case><Case(4)>4</Case><Case(5)>5</Case><Case(6)>6</Case><Case(7)>7</Case><Case(8)>8</Case><Case(9)>9</Case><Case(10)>10</Case><Case(11)>11</Case><Case(12)>12</Case><Case(13)>13</Case><Case(14)>14</Case><Case(15)>15</Case><Case(16)>16</Case><Case(17)>17</Case><Case(18)>18</Case><Case(19)>19</Case><Case(20)>20</Case><Case(21)>21</Case><Case(22)>22</Case><Case(23)>23</Case></Switch><Else/>0</If>h</Case><Case(4)><ResetTime>1307</ResetTime><Switch(TopLevelParameter(220))><Case(1)>dimanche</Case><Case(2)>lundi</Case><Case(3)>mardi</Case><Case(4)>mercredi</Case><Case(5)>jeudi</Case><Case(6)>vendredi</Case><Case(7)>samedi</Case></Switch> suivant à <If(TopLevelParameter(218))><Switch(TopLevelParameter(218))><Case(1)>1</Case><Case(2)>2</Case><Case(3)>3</Case><Case(4)>4</Case><Case(5)>5</Case><Case(6)>6</Case><Case(7)>7</Case><Case(8)>8</Case><Case(9)>9</Case><Case(10)>10</Case><Case(11)>11</Case><Case(12)>12</Case><Case(13)>13</Case><Case(14)>14</Case><Case(15)>15</Case><Case(16)>16</Case><Case(17)>17</Case><Case(18)>18</Case><Case(19)>19</Case><Case(20)>20</Case><Case(21)>21</Case><Case(22)>22</Case><Case(23)>23</Case></Switch><Else/>0</If>h</Case><Case(5)></Case><Case(6)></Case><Case(7)><ResetTime>0C01</ResetTime><Switch(TopLevelParameter(220))><Case(1)>dimanche</Case><Case(2)>lundi</Case><Case(3)>mardi</Case><Case(4)>mercredi</Case><Case(5)>jeudi</Case><Case(6)>vendredi</Case><Case(7)>samedi</Case></Switch> suivant à <If(TopLevelParameter(218))><Switch(TopLevelParameter(218))><Case(1)>1</Case><Case(2)>2</Case><Case(3)>3</Case><Case(4)>4</Case><Case(5)>5</Case><Case(6)>6</Case><Case(7)>7</Case><Case(8)>8</Case><Case(9)>9</Case><Case(10)>10</Case><Case(11)>11</Case><Case(12)>12</Case><Case(13)>13</Case><Case(14)>14</Case><Case(15)>15</Case><Case(16)>16</Case><Case(17)>17</Case><Case(18)>18</Case><Case(19)>19</Case><Case(20)>20</Case><Case(21)>21</Case><Case(22)>22</Case><Case(23)>23</Case></Switch><Else/>0</If>h</Case></Switch><Else/><ResetTime>1607</ResetTime><Switch(TopLevelParameter(220))><Case(1)>dimanche</Case><Case(2)>lundi</Case><Case(3)>mardi</Case><Case(4)>mercredi</Case><Case(5)>jeudi</Case><Case(6)>vendredi</Case><Case(7)>samedi</Case></Switch> suivant à <If(TopLevelParameter(218))><Switch(TopLevelParameter(218))><Case(1)>1</Case><Case(2)>2</Case><Case(3)>3</Case><Case(4)>4</Case><Case(5)>5</Case><Case(6)>6</Case><Case(7)>7</Case><Case(8)>8</Case><Case(9)>9</Case><Case(10)>10</Case><Case(11)>11</Case><Case(12)>12</Case><Case(13)>13</Case><Case(14)>14</Case><Case(15)>15</Case><Case(16)>16</Case><Case(17)>17</Case><Case(18)>18</Case><Case(19)>19</Case><Case(20)>20</Case><Case(21)>21</Case><Case(22)>22</Case><Case(23)>23</Case></Switch><Else/>0</If>h</If> (temps réel). Attention toutefois à ne pas dépasser ce délai, sans quoi vous ne pourrez plus exiger vos gains.","","","","","","","","","",""
43,1,7,False,0,0,0,False,0,0,0,0,0,0,0,0,0,0,"Les résultats sont annoncés une fois par semaine, le <If(NotEqual(PlayerParameter(83),0))><Switch(PlayerParameter(83))><Case(1)><ResetTime>1607</ResetTime><Switch(TopLevelParameter(220))><Case(1)>dimanche</Case><Case(2)>lundi</Case><Case(3)>mardi</Case><Case(4)>mercredi</Case><Case(5)>jeudi</Case><Case(6)>vendredi</Case><Case(7)>samedi</Case></Switch> à <If(TopLevelParameter(218))><Switch(TopLevelParameter(218))><Case(1)>1</Case><Case(2)>2</Case><Case(3)>3</Case><Case(4)>4</Case><Case(5)>5</Case><Case(6)>6</Case><Case(7)>7</Case><Case(8)>8</Case><Case(9)>9</Case><Case(10)>10</Case><Case(11)>11</Case><Case(12)>12</Case><Case(13)>13</Case><Case(14)>14</Case><Case(15)>15</Case><Case(16)>16</Case><Case(17)>17</Case><Case(18)>18</Case><Case(19)>19</Case><Case(20)>20</Case><Case(21)>21</Case><Case(22)>22</Case><Case(23)>23</Case></Switch><Else/>0</If>h</Case><Case(2)><ResetTime>0C01</ResetTime><Switch(TopLevelParameter(220))><Case(1)>dimanche</Case><Case(2)>lundi</Case><Case(3)>mardi</Case><Case(4)>mercredi</Case><Case(5)>jeudi</Case><Case(6)>vendredi</Case><Case(7)>samedi</Case></Switch> à <If(TopLevelParameter(218))><Switch(TopLevelParameter(218))><Case(1)>1</Case><Case(2)>2</Case><Case(3)>3</Case><Case(4)>4</Case><Case(5)>5</Case><Case(6)>6</Case><Case(7)>7</Case><Case(8)>8</Case><Case(9)>9</Case><Case(10)>10</Case><Case(11)>11</Case><Case(12)>12</Case><Case(13)>13</Case><Case(14)>14</Case><Case(15)>15</Case><Case(16)>16</Case><Case(17)>17</Case><Case(18)>18</Case><Case(19)>19</Case><Case(20)>20</Case><Case(21)>21</Case><Case(22)>22</Case><Case(23)>23</Case></Switch><Else/>0</If>h</Case><Case(3)><ResetTime>0501</ResetTime><Switch(TopLevelParameter(220))><Case(1)>dimanche</Case><Case(2)>lundi</Case><Case(3)>mardi</Case><Case(4)>mercredi</Case><Case(5)>jeudi</Case><Case(6)>vendredi</Case><Case(7)>samedi</Case></Switch> à <If(TopLevelParameter(218))><Switch(TopLevelParameter(218))><Case(1)>1</Case><Case(2)>2</Case><Case(3)>3</Case><Case(4)>4</Case><Case(5)>5</Case><Case(6)>6</Case><Case(7)>7</Case><Case(8)>8</Case><Case(9)>9</Case><Case(10)>10</Case><Case(11)>11</Case><Case(12)>12</Case><Case(13)>13</Case><Case(14)>14</Case><Case(15)>15</Case><Case(16)>16</Case><Case(17)>17</Case><Case(18)>18</Case><Case(19)>19</Case><Case(20)>20</Case><Case(21)>21</Case><Case(22)>22</Case><Case(23)>23</Case></Switch><Else/>0</If>h</Case><Case(4)><ResetTime>1307</ResetTime><Switch(TopLevelParameter(220))><Case(1)>dimanche</Case><Case(2)>lundi</Case><Case(3)>mardi</Case><Case(4)>mercredi</Case><Case(5)>jeudi</Case><Case(6)>vendredi</Case><Case(7)>samedi</Case></Switch> à <If(TopLevelParameter(218))><Switch(TopLevelParameter(218))><Case(1)>1</Case><Case(2)>2</Case><Case(3)>3</Case><Case(4)>4</Case><Case(5)>5</Case><Case(6)>6</Case><Case(7)>7</Case><Case(8)>8</Case><Case(9)>9</Case><Case(10)>10</Case><Case(11)>11</Case><Case(12)>12</Case><Case(13)>13</Case><Case(14)>14</Case><Case(15)>15</Case><Case(16)>16</Case><Case(17)>17</Case><Case(18)>18</Case><Case(19)>19</Case><Case(20)>20</Case><Case(21)>21</Case><Case(22)>22</Case><Case(23)>23</Case></Switch><Else/>0</If>h</Case><Case(5)></Case><Case(6)></Case><Case(7)><ResetTime>0C01</ResetTime><Switch(TopLevelParameter(220))><Case(1)>dimanche</Case><Case(2)>lundi</Case><Case(3)>mardi</Case><Case(4)>mercredi</Case><Case(5)>jeudi</Case><Case(6)>vendredi</Case><Case(7)>samedi</Case></Switch> à <If(TopLevelParameter(218))><Switch(TopLevelParameter(218))><Case(1)>1</Case><Case(2)>2</Case><Case(3)>3</Case><Case(4)>4</Case><Case(5)>5</Case><Case(6)>6</Case><Case(7)>7</Case><Case(8)>8</Case><Case(9)>9</Case><Case(10)>10</Case><Case(11)>11</Case><Case(12)>12</Case><Case(13)>13</Case><Case(14)>14</Case><Case(15)>15</Case><Case(16)>16</Case><Case(17)>17</Case><Case(18)>18</Case><Case(19)>19</Case><Case(20)>20</Case><Case(21)>21</Case><Case(22)>22</Case><Case(23)>23</Case></Switch><Else/>0</If>h</Case></Switch><Else/><ResetTime>1607</ResetTime><Switch(TopLevelParameter(220))><Case(1)>dimanche</Case><Case(2)>lundi</Case><Case(3)>mardi</Case><Case(4)>mercredi</Case><Case(5)>jeudi</Case><Case(6)>vendredi</Case><Case(7)>samedi</Case></Switch> à <If(TopLevelParameter(218))><Switch(TopLevelParameter(218))><Case(1)>1</Case><Case(2)>2</Case><Case(3)>3</Case><Case(4)>4</Case><Case(5)>5</Case><Case(6)>6</Case><Case(7)>7</Case><Case(8)>8</Case><Case(9)>9</Case><Case(10)>10</Case><Case(11)>11</Case><Case(12)>12</Case><Case(13)>13</Case><Case(14)>14</Case><Case(15)>15</Case><Case(16)>16</Case><Case(17)>17</Case><Case(18)>18</Case><Case(19)>19</Case><Case(20)>20</Case><Case(21)>21</Case><Case(22)>22</Case><Case(23)>23</Case></Switch><Else/>0</If>h</If> (temps réel).","","","","","","","","","",""
44,1,7,False,0,0,0,False,0,0,0,0,0,0,0,0,0,0,"Un billet de Mini Cactpot coûte <Value>IntegerParameter(1)</Value> PGS.","","","","","","","","","",""
45,1,7,False,0,0,0,False,0,0,0,0,0,0,0,0,0,0,"Le Mini Cactpot est disponible trois fois par jour à partir de <ResetTime>01</ResetTime><If(TopLevelParameter(218))><Switch(TopLevelParameter(218))><Case(1)>1</Case><Case(2)>2</Case><Case(3)>3</Case><Case(4)>4</Case><Case(5)>5</Case><Case(6)>6</Case><Case(7)>7</Case><Case(8)>8</Case><Case(9)>9</Case><Case(10)>10</Case><Case(11)>11</Case><Case(12)>12</Case><Case(13)>13</Case><Case(14)>14</Case><Case(15)>15</Case><Case(16)>16</Case><Case(17)>17</Case><Case(18)>18</Case><Case(19)>19</Case><Case(20)>20</Case><Case(21)>21</Case><Case(22)>22</Case><Case(23)>23</Case></Switch><Else/>0</If>h (temps réel).","","","","","","","","","",""
46,1,0,False,0,2,764,False,0,0,0,0,0,0,0,0,0,0,"Bravo, vous avez remporté le <Value>IntegerParameter(1)</Value>e prix<Indent/>! Puisque vous êtes venu<If(PlayerParameter(4))>e<Else/></If> retirer vos gains rapidement, nous avons également ajouté une prime de célérité. J'espère de tout cœur que vous aurez encore plus de chance la semaine prochaine<Indent/>!","","","","","","","","","",""
47,1,0,False,0,2,764,False,0,0,0,0,0,0,0,0,0,0,"Toutes mes félicitations, <If(PlayerParameter(4))>Mademoiselle<Else/>Messire</If><Indent/>! Vous avez remporté le premier prix<Indent/>! Voici votre <SheetFr(Item,12,IntegerParameter(1),1,1)/> et vos points du Gold Saucer. Ah oui, comme vous êtes venu<If(PlayerParameter(4))>e<Else/></If> retirer vos gains rapidement, nous avons également ajouté un bonus de célérité.
Voilà qui devrait vous permettre de profiter de notre éta<SoftHyphen/>blis<SoftHyphen/>se<SoftHyphen/>ment comme il se doit.","","","","","","","","","",""
48,1,0,False,0,2,764,False,0,0,0,0,0,0,0,0,0,0,"Je suis vraiment confuse, mais la période d'exigibilité des gains a expiré... Tout ce que je peux faire pour vous ac<SoftHyphen/>tu<SoftHyphen/>el<SoftHyphen/>le<SoftHyphen/>ment, c'est vous débarrasser de votre billet et vous conseiller d'être un peu plus rapide la prochaine fois. Encore désolée...","","","","","","","","","",""
49,2,0,False,0,0,0,False,0,0,0,0,0,0,0,0,0,0,"","","","","","","","","","",""
50,1,0,False,51,2,764,False,0,0,0,0,0,0,0,0,0,0,"Un ignoble imp a pénétré en douce dans le Gold Saucer et a pris mon apparence<Indent/>!  Il a sûrement dû en faire voir de toutes les couleurs aux autres clients<Indent/>!","","","","","","","","","",""
51,1,0,False,163,2,0,False,0,0,0,0,0,0,0,0,0,0,"Je compte sur toi pour m'observer soigneusement et mettre cette sale bête à découvert<Indent/>! Pour ce faire, jette cette boule puante sur son déguisement, ça lui apprendra<Indent/>! Et fais bien attention à ne pas te tromper, d'accord<Indent/>? Les autres chasseurs risqueraient de le prendre mal...","","","","","","","","","",""
52,0,0,False,0,0,0,False,0,0,0,0,0,0,0,0,0,0,"","","","","","","","","","",""
53,1,0,False,0,2,764,False,0,0,0,0,0,0,0,0,0,0,"Ouf, heureusement que tu étais là<Indent/>! Tu as réussi à renvoyer l'imp dans sa tanière, mais je ne doute pas qu'un de ses congénères tentera de nous refaire une mauvaise blague très bientôt. J'espère que tu seras dans les parages à ce moment-là<Indent/>!","","","","","","","","","",""
54,1,0,False,0,2,764,False,0,0,0,0,0,0,0,0,0,0,"Tu n'as pas réussi à démasquer notre imp-osteur<Indent/>? Quel dommage... Ce sera pour la prochaine fois.","","","","","","","","","",""
55,1,0,False,0,2,0,False,0,0,0,0,0,0,0,0,0,0,"Pouaaah, qu'est-ce que ça sent mauvais<Indent/>! Je vois qu'on ne peut pas te berner aussi facilement, toi<Indent/>! Dis, tu veux bien me laisser partir si je te donne une récompense<Indent/>? Je te promets que je ne recommencerai plus<Indent/>! ","","","","","","","","","",""
56,1,0,False,0,2,0,False,0,0,0,0,0,0,0,0,0,0,"Allez, à la revoyu... Euh, à jaaamais, je voulais dire<Indent/>! Hi hi hi hi<Indent/>!","","","","","","","","","",""
57,1,0,False,0,2,764,False,0,0,0,0,0,0,0,0,0,0,"Beeerk<Indent/>! (tousse) Mais qu'est-ce que c'est que cette horreur<Indent/>!?","","","","","","","","","",""
58,1,0,False,0,2,764,False,0,0,0,0,0,0,0,0,0,0,"... Hmm, je sens comme une odeur étrange...","","","","","","","","","",""
59,1,0,False,0,2,764,False,0,0,0,0,0,0,0,0,0,0,"Eh, oh<Indent/>! Je suis venu ici pour m'amuser, pas pour être la cible de tes gamineries<Indent/>!","","","","","","","","","",""
60,1,0,False,0,2,764,False,0,0,0,0,0,0,0,0,0,0,"Encore<Indent/>!? Je commence à en avoir par-dessus la tête de ces lanceurs de boules puantes<Indent/>!","","","","","","","","","",""
61,1,0,False,0,2,764,False,0,0,0,0,0,0,0,0,0,0,"Non mais, on ne t'a jamais dit que c'était pas bien d'embêter les inconnus<Indent/>?","","","","","","","","","",""
62,1,0,False,0,2,764,False,0,0,0,0,0,0,0,0,0,0,"Quelle horreur<Indent/>! Je te préviens, ce n'est pas comme ça que tu risques d'attirer mon attention<Indent/>!","","","","","","","","","",""
63,1,0,False,0,2,764,False,0,0,0,0,0,0,0,0,0,0,"Pouah<Indent/>! Mais qu'est-ce qui te prend<Indent/>!?","","","","","","","","","",""
64,1,0,False,0,2,764,False,0,0,0,0,0,0,0,0,0,0,"(tousse) Tu peux aller faire ça ailleurs, s'il te plaît<Indent/>!?","","","","","","","","","",""
65,1,0,False,0,2,764,False,0,0,0,0,0,0,0,0,0,0,"(tousse) Mal élevé<If(PlayerParameter(4))>e<Else/></If>, va<Indent/>!","","","","","","","","","",""
66,1,0,False,0,2,764,False,0,0,0,0,0,0,0,0,0,0,"Beurk<Indent/>! Ils laissent entrer de drôles de zouaves au Gold Saucer, quand même<Indent/>!","","","","","","","","","",""
67,1,0,False,0,2,764,False,0,0,0,0,0,0,0,0,0,0,"(tousse) Qu'est-ce qui se passe ici<Indent/>? Une attraction spéciale capable de tuer les mouches en plein vol<Indent/>?","","","","","","","","","",""
68,1,0,False,0,2,764,False,0,0,0,0,0,0,0,0,0,0,"Mais ça empeste ici<Indent/>! On se croirait dans une étable<Indent/>! Je vais me plaindre à la direction<Indent/>!","","","","","","","","","",""
69,1,0,False,0,2,764,False,0,0,0,0,0,0,0,0,0,0,"Par les Douze, mon nez<Indent/>!","","","","","","","","","",""
70,1,0,False,0,2,764,False,0,0,0,0,0,0,0,0,0,0,"Quelle infection<Indent/>! C'est comme ça qu'on accueille les clients au Gold Saucer<Indent/>?","","","","","","","","","",""
71,1,0,False,72,2,764,False,0,0,0,0,0,0,0,0,0,0,"Je devais livrer ce vase à un client du Gold Saucer, mais je me suis fait surprendre en chemin par une bande de voleurs sans foi ni loi...","","","","","","","","","",""
72,1,0,False,80,2,0,False,0,0,0,0,0,0,0,0,0,0,"Vous m'avez l'air d'être un<If(PlayerParameter(4))>e aventurière<Else/> aventurier</If> aguerri<If(PlayerParameter(4))>e<Else/></If>, puis-je vous demander un service<Indent/>? Si vous pouviez livrer la commande sans vous faire repérer par les voleurs, vous me sauveriez vraiment la mise... Faites attention car le contenu est ex<SoftHyphen/>trê<SoftHyphen/>me<SoftHyphen/>ment fragile<Indent/>!","","","","","","","","","",""
73,1,0,False,0,2,764,False,0,0,0,0,0,0,0,0,0,0,"Vous avez réussi à effectuer la livraison<Indent/>? Je savais que je pouvais compter sur vous<Indent/>! J'espère que nous pourrons collaborer à nouveau<Indent/>!","","","","","","","","","",""
74,1,0,False,0,2,764,False,0,0,0,0,0,0,0,0,0,0,"Laissez-moi vous dire que ces voleurs ne font pas dans la dentelle. Si vous vous faites repérer, la marchandise ne fera pas long feu. Prenez bien garde à ne pas entrer dans leur champ de vision<Indent/>!","","","","","","","","","",""
75,1,0,False,76,2,0,False,0,0,0,0,0,0,0,0,0,0,"Les voleurs sont venus vous mettre des bâtons dans les roues, n'est-ce pas<Indent/>? Ne vous inquiétez pas, j'ai d'autres vases à disposition.","","","","","","","","","",""
76,2,0,False,0,2,764,False,0,0,0,0,0,0,0,0,0,0,"Souhaitez-vous retenter ce JACTA<Indent/>?","Oui","Non","","","","","","","",""
77,1,0,False,0,2,764,False,0,0,0,0,0,0,0,0,0,0,"Merci beaucoup, aventuri<If(PlayerParameter(4))>ère<Else/>er</If>. Il n'y a pas à dire, vous avancez à pas de loup<Indent/>!","","","","","","","","","",""
78,1,0,False,0,2,764,False,0,0,0,0,0,0,0,0,0,0,"Comme je suis contente de récupérer ce beau vase<Indent/>! Merci infiniment pour tous vos efforrrts, aventuri<If(PlayerParameter(4))>ère<Else/>er</If><Indent/>!","","","","","","","","","",""
79,1,0,False,0,2,764,False,0,0,0,0,0,0,0,0,0,0,"C'est bien le vase que j'ai commandé, n'est-ce pas<Indent/>? Ça n'a pas dû être une partie de plaisir de le transporter jusqu'ici. Un grand merci à vous<Indent/>!","","","","","","","","","",""
80,2,0,False,97,2,764,False,0,0,0,0,0,0,0,0,0,0,"Souhaitez-vous participer à ce JACTA<Indent/>?","Oui","Non","","","","","","","",""
81,1,0,False,82,2,0,False,0,0,0,0,0,0,0,0,0,0,"Sachez également que vous recevrez un bonus spécial si vous vous présentez à notre comptoir juste après le tirage.","","","","","","","","","",""
82,1,0,False,130,2,0,False,0,0,0,0,0,0,0,0,0,0,"Le contenu de cette prime de célérité sera dévoilé en même temps que le numéro gagnant.","","","","","","","","","",""
83,1,7,False,105,0,0,False,0,0,0,0,0,0,0,0,0,0,"Le bonus de célérité est octroyé aux par<SoftHyphen/>ti<SoftHyphen/>ci<SoftHyphen/>pants se présentant au comptoir du Méga Cactpot dans une limite de <Value>IntegerParameter(3)</Value> heure<If(LessThanOrEqualTo(IntegerParameter(3),1))><Else/>s</If> (temps réel) après le tirage au sort.","","","","","","","","","",""
84,0,0,False,0,0,0,False,0,0,0,0,0,0,0,0,0,0,"","","","","","","","","","",""
85,0,0,False,0,0,0,False,0,0,0,0,0,0,0,0,0,0,"","","","","","","","","","",""
86,0,0,False,0,0,0,False,0,0,0,0,0,0,0,0,0,0,"","","","","","","","","","",""
87,0,0,False,0,0,0,False,0,0,0,0,0,0,0,0,0,0,"","","","","","","","","","",""
88,0,0,False,0,0,0,False,0,0,0,0,0,0,0,0,0,0,"","","","","","","","","","",""
89,1,0,False,90,2,764,False,0,0,0,0,0,0,0,0,0,0,"Maître Typhon s'apprête à soulever toute la poussière du Gold Saucer avec sa respiration foudroyante<Indent/>! Serez-vous capable de prévoir la direction de son souffle pour ne pas vous faire éjecter à l'autre bout du bâtiment<Indent/>?","","","","","","","","","",""
90,1,0,False,276,2,0,False,0,0,0,0,0,0,0,0,0,0,"Vous pensez pouvoir relever le défi, aventuri<If(PlayerParameter(4))>ère<Else/>er</If><Indent/>? Dans ce cas, montez sur scène et montrez-nous ce que vous savez faire<Indent/>! Mais je vous préviens... Si jamais la tornade vous emporte, votre coupe de cheveux en sera toute chamboulée<Indent/>!","","","","","","","","","",""
91,1,0,False,92,2,764,False,0,0,0,0,0,0,0,0,0,0,"Maître Typhon vous en fait voir de toutes les couleurs<Indent/>? Ne perdez pas espoir<Indent/>! Remontez im<SoftHyphen/>mé<SoftHyphen/>dia<SoftHyphen/>te<SoftHyphen/>ment sur scène et prouvez-lui que vous êtes in<SoftHyphen/>é<SoftHyphen/>bran<SoftHyphen/>la<SoftHyphen/>ble<Indent/>!","","","","","","","","","",""
92,2,0,False,0,2,0,False,0,0,0,0,0,0,0,0,0,0,"Voulez-vous monter sur scène<Indent/>?","Oui","Non","","","","","","","",""
93,1,0,False,0,2,0,False,0,0,0,0,0,0,0,0,0,0,"Vous êtes venu<If(PlayerParameter(4))>e<Else/></If> admirer la puissance fulgurante du souffle de maître Typhon<Indent/>? C'est un bon début, mais n'hésitez pas à l'affronter lorsque vous vous sentirez d'attaque<Indent/>!","","","","","","","","","",""
94,1,0,False,0,2,764,False,0,0,0,0,0,0,0,0,0,0,"Alors, qu'est-ce que ça fait d'avoir les lèvres gercées pour les quinze prochains jours<Indent/>? Quoi qu'il en soit, au Gold Saucer, il n'y a pas de meilleure preuve de témérité<Indent/>!","","","","","","","","","",""
95,1,0,False,36,2,764,False,0,0,0,0,0,0,0,0,0,0,"Vous voulez remonter surrr scène<Indent/>? Décidez-vous vite, ça va bientôt commencer<Indent/>! ","","","","","","","","","",""
96,0,0,False,0,0,0,False,0,0,0,0,0,0,0,0,0,0,"","","","","","","","","","",""
97,1,0,False,0,2,764,False,0,0,0,0,0,0,0,0,0,0,"J'ai marqué sur votre carte l'emplacement du des<SoftHyphen/>ti<SoftHyphen/>na<SoftHyphen/>tai<SoftHyphen/>re. Je vous en prie, apportez-lui sa commande dès que possible, sinon je risque de me retrouver au chômage... Bonne chance<Indent/>!","","","","","","","","","",""
98,1,0,False,0,2,764,False,0,0,0,0,0,0,0,0,0,0,"<Unknown60>0203</Unknown60>Fé<SoftHyphen/>li<SoftHyphen/>ci<SoftHyphen/>ta<SoftHyphen/>tions<Indent/>! Vous avez touché le gros lot<Indent/>!
Tenez, voici vos <Format(IntegerParameter(1),FF05021D0103)/> points du Gold Saucer. En espérant vous revoir demain<Indent/>!","","","","","","","","","",""
99,1,0,False,0,2,764,False,0,0,0,0,0,0,0,0,0,0,"<If(LessThan(PlayerParameter(11),12))><If(LessThan(PlayerParameter(11),4))>Merci d'avoir participé. En espérant vous revoir bientôt à mon guichet.<Else/>Vous n'avez pas décroché le gros lot, mais c'est toujours mieux que rien. Au plaisir de vous revoir bientôt.</If><Else/><If(LessThan(PlayerParameter(11),17))>La fortune sourit aux audacieux, à ce qu'on dit. Peut-être que vous aurez plus de chance demain<Indent/>? En attendant, je vous souhaite une excellente journée.<Else/>Merci d'avoir participé. En espérant vous revoir bientôt à mon guichet.</If></If>","","","","","","","","","",""
100,1,7,False,134,0,0,False,0,0,0,0,0,0,0,0,0,0,"Votre billet étant éligible pour la prime de célérité, le nombre de PGS reçus a augmenté.","","","","","","","","","",""
101,1,0,False,105,2,764,False,0,0,0,0,0,0,0,0,0,0,"<If(LessThan(PlayerParameter(11),12))><If(LessThan(PlayerParameter(11),4))>Mon petit doigt me dit que le <Value>IntegerParameter(1)</Value><If(LessThanOrEqualTo(IntegerParameter(1),1))>er<Else/>e</If> tirage du Méga Cactpot sera mé-mo-rable. Je vous conseille vivement d'y participer.<Else/>Bienvenue au comptoir du Méga Cactpot. Dites-moi, en quoi puis-je vous aider<Indent/>?</If><Else/><If(LessThan(PlayerParameter(11),17))>Vous n'avez pas encore acheté votre billet pour le tirage de la semaine<Indent/>? Mais qu'attendez-vous<Indent/>!?<Else/>Mon petit doigt me dit que le <Value>IntegerParameter(1)</Value><If(LessThanOrEqualTo(IntegerParameter(1),1))>er<Else/>e</If> tirage du Méga Cactpot sera mé-mo-rable. Je vous conseille vivement d'y participer.</If></If>","","","","","","","","","",""
102,1,0,False,105,2,764,False,0,0,0,0,0,0,0,0,0,0,"En quoi puis-je vous être utile<Indent/>?","","","","","","","","","",""
103,1,0,False,0,2,764,False,0,0,0,0,0,0,0,0,0,0,"Vous avez un billet de Méga Cactpot<Indent/>? Dans ce cas, adressez-vous à l'hôtesse sur votre gauche. C'est elle qui s'occupe de remettre les gains aux gagnants.","","","","","","","","","",""
104,1,0,False,0,2,764,False,0,0,0,0,0,0,0,0,0,0,"Vous avez un billet gagnant<Indent/>? Toutes mes fé... Flûte<Indent/>! Le délai de réclamation des gains a expiré. Je suis désolée, mais la seule chose que je puisse faire pour vous ac<SoftHyphen/>tu<SoftHyphen/>el<SoftHyphen/>le<SoftHyphen/>ment, c'est vous débarasser de votre ancien billet et vous en proposer un nouveau.","","","","","","","","","",""
105,5,0,False,0,2,0,False,0,0,0,0,0,0,0,0,0,0,"Que voulez-vous faire<Indent/>?","Participer au Méga Cactpot","Voir l'état du bonus de par<SoftHyphen/>ti<SoftHyphen/>ci<SoftHyphen/>pa<SoftHyphen/>tion","Afficher l'historique des vainqueurs","En savoir plus sur le Méga Cactpot","En savoir plus sur le bonus de par<SoftHyphen/>ti<SoftHyphen/>ci<SoftHyphen/>pa<SoftHyphen/>tion","Rien en particulier","","","",""
106,8,0,False,137,2,764,False,0,0,0,0,0,0,0,0,0,0,"","","","","","","","","","",""
107,7,0,False,105,2,764,False,0,0,0,0,0,0,0,0,0,0,"","","","","","","","","","",""
108,1,0,False,128,2,764,False,0,0,0,0,0,0,0,0,0,0,"Tout d'abord, sachez que votre premier billet de la semaine vous coûtera <Value>IntegerParameter(1)</Value> points du Gold Saucer. Pour ce qui est du principe, il est on ne peut plus simple. Tout ce que vous avez à faire, c'est de choisir quatre chiffres<Indent/>: un pour les milliers, les centaines, les dizaines et les unités, ce qui formera un numéro.","","","","","","","","","",""
109,6,0,False,105,2,764,False,0,0,0,0,0,0,0,0,0,0,"","","","","","","","","","",""
110,1,0,False,105,2,764,False,0,0,0,0,0,0,0,0,0,0,"Personne n'a encore décroché le premier prix. Qui sait, peut-être que vous serez <If(PlayerParameter(4))>la première<Else/>le premier</If> à inscrire votre nom au palmarès<Indent/>? C'est en tout cas tout le mal que je vous souhaite.","","","","","","","","","",""
111,1,0,False,0,2,764,False,0,0,0,0,0,0,0,0,0,0,"Vous désirez participer au Méga Cactpot<Indent/>? Dans ce cas, allez voir la courtière sur votre droite et achetez un billet.","","","","","","","","","",""
112,1,0,False,43,2,764,False,0,0,0,0,0,0,0,0,0,0,"Vous voulez retirer votre prix<Indent/>? La patience n'est pas votre fort, on dirait. Hi hi hi<Indent/>! Attendez que le tirage au sort ait lieu et revenez me voir. D'accord<Indent/>?","","","","","","","","","",""
113,1,0,False,134,2,764,False,0,0,0,0,0,0,0,0,0,0,"Vous êtes en possession d'un billet de Méga Cactpot, vous dites<Indent/>? Très bien. Voyons voir combien de bons numéros vous avez...","","","","","","","","","",""
114,1,0,False,0,0,0,False,0,0,0,0,0,0,0,0,0,0,"<If(LessThan(PlayerParameter(11),12))><If(LessThan(PlayerParameter(11),4))>Je suis à votre serrrvice pour vous conseiller et inscrire votre chocobo aux courses du Gold Saucer.<Else/>Si vous voulez inscrire votre chocobo à une course ou me poser des questions à ce sujet, n'hésitez pas, je suis là pourrr ça<Indent/>!</If><Else/><If(LessThan(PlayerParameter(11),17))>Vous voulez inscrire votre chocobo à une course<Indent/>? Ne cherchez pas plus loin, je suis la perrrsonne qu'il vous faut<Indent/>!<Else/>Je suis à votre serrrvice pour vous conseiller et inscrire votre chocobo aux courses du Gold Saucer.</If></If>","","","","","","","","","",""
115,1,0,False,0,0,0,False,0,0,0,0,0,0,0,0,0,0,"Vous avez parlé à Katering, vous dites<Indent/>? C'est étrrrange, je pensais qu'elle vous remettrait un certificat de jeune chocobo... Vous feriez mieux de retourner au ranch de Brancharquée et de lui parler à nouveau, elle a peut-être oublié.","","","","","","","","","",""
116,2,0,False,0,0,0,False,0,0,0,0,0,0,0,0,0,0,"Annuler l'inscription à la course<Indent/>?","Oui","Non","","","","","","","",""
117,1,0,False,0,0,0,False,0,0,0,0,0,0,0,0,0,0,"L'inscription a été annulée.","","","","","","","","","",""
118,10,0,False,0,2,764,False,0,0,0,0,0,0,0,0,0,0,"Que voulez-vous faire<Indent/>?","Participer à une course","Demander des ren<SoftHyphen/>sei<SoftHyphen/>gne<SoftHyphen/>ments","Rien en particulier","","","","","","",""
119,10,0,False,0,2,764,False,120,121,122,281,282,283,284,285,118,0,"Que demandez-vous<Indent/>?","Que sont les courses de chocobos<Indent/>?","Comment enregistrer un chocobo de course<Indent/>?","Comment s'inscrire à une course<Indent/>?","Que sont les catégories<Indent/>?","Que sont les objets de course<Indent/>?","Quels sont les différents objets de course<Indent/>?","Que sont les aptitudes de course<Indent/>?","En quoi la météo influe-t-elle sur la course<Indent/>?","Retour",""
120,1,0,True,286,2,764,False,0,0,0,0,0,0,0,0,0,0,"Les courses de chocobos sont de loin l'attraction la plus populairrre du Gold Saucer des Manderville. Il s'agit d'une épreuve sportive où les par<SoftHyphen/>ti<SoftHyphen/>ci<SoftHyphen/>pants s'affrontent en quête de gloire et de fortune.","","","","","","","","","",""
121,1,0,True,287,2,764,False,0,0,0,0,0,0,0,0,0,0,"Le règlement de notre éta<SoftHyphen/>blis<SoftHyphen/>se<SoftHyphen/>ment est très strict, et seuls les chocobos qui ont reçu une forrrmation nécessaire sont autorisés à concourir sur le circuit.","","","","","","","","","",""
122,1,0,True,289,2,764,False,0,0,0,0,0,0,0,0,0,0,"C'est très simple, il suffit de vous inscrire à mon guichet. Nos courses sont classées en différentes catégorrries, qui indiquent le degré de compétition que vous pouvez attendre.","","","","","","","","","",""
123,1,0,False,0,0,0,False,0,0,0,0,0,0,0,0,0,0,"Vous devez d'abord enregistrer votre chocobo pour participer aux courrrses. Adressez-vous donc à la dresseuse à ma gauche, c'est elle qui s'occupe des formalités administratives.","","","","","","","","","",""
124,1,0,False,0,0,0,False,0,0,0,0,0,0,0,0,0,0,"Si vous voulez faire une course avec vos camarades, il faut que vous demandiez à votre chef d'équipe d'effectuer l'inscrrription pour vous.","Annuler","","","","","","","","",""
125,11,0,False,0,0,0,False,0,0,0,0,0,0,0,0,0,0,"Choix de la course","Course normale","Challenges de performance","Course d'ap<SoftHyphen/>pren<SoftHyphen/>tis<SoftHyphen/>sage","Retour","","","","","",""
126,12,0,False,0,0,0,False,0,0,0,0,0,0,0,0,0,0,"Choix de la course","Course aléatoire","Retour","","","","","","","",""
127,1,0,False,0,0,0,False,0,0,0,0,0,0,0,0,0,0,"Votre inscription est validée. Vous êtes enregistré<If(PlayerParameter(4))>e<Else/></If> dans la course “<Sheet(GoldSaucerTextData,IntegerParameter(2),0)/>” de la <Unknown2F>FF1C022818FF13476F6C645361756365725465787444617461E8020103</Unknown2F>. Veuillez rrrester dans le square des chocobos en attendant que les préparatifs soient terminés.","","","","","","","","","",""
128,1,0,False,129,2,0,False,0,0,0,0,0,0,0,0,0,0,"Nous tirerons au sort un numéro de notre côté, et nous le comparerons avec le vôtre pour déterminer votre récompense. Plus vous aurez de chiffres en commun avec le nôtre, de la colonne des unités vers celle des milliers, plus la récompense sera conséquente.","","","","","","","","","",""
129,1,0,False,81,2,764,False,0,0,0,0,0,0,0,0,0,0,"D'ailleurs, je vous invite chaudement à venir au comptoir pour assister au tirage. Non seulement vous pourrez vivre cet instant magique avec les autres par<SoftHyphen/>ti<SoftHyphen/>ci<SoftHyphen/>pants, mais en plus vous aurez le plaisir d'entendre Dame Fortune annoncer les chiffres gagnants en direct.","","","","","","","","","",""
130,1,0,False,131,2,0,False,0,0,0,0,0,0,0,0,0,0,"Bon, ça a l'air un peu compliqué dit comme ça, mais vous verrez qu'il n'en est rien. Contentez-vous de croiser les doigts et d'apporter votre billet à l'hôtesse sur votre gauche une fois le tirage effectué.

Juste une dernière chose avant de vous laisser<Indent/>: si d'aventure vous touchez le gros lot, sachez qu'un cadeau spécial vous sera également remis.","","","","","","","","","",""
131,1,7,False,132,2,0,False,0,0,0,0,0,0,0,0,0,0,"Il est possible d'acheter jusqu'à trois billets de Méga Cactpot par semaine.
Les résultats sont annoncés le <If(NotEqual(PlayerParameter(83),0))><Switch(PlayerParameter(83))><Case(1)><ResetTime>1607</ResetTime><Switch(TopLevelParameter(220))><Case(1)>dimanche</Case><Case(2)>lundi</Case><Case(3)>mardi</Case><Case(4)>mercredi</Case><Case(5)>jeudi</Case><Case(6)>vendredi</Case><Case(7)>samedi</Case></Switch> à <If(TopLevelParameter(218))><Switch(TopLevelParameter(218))><Case(1)>1</Case><Case(2)>2</Case><Case(3)>3</Case><Case(4)>4</Case><Case(5)>5</Case><Case(6)>6</Case><Case(7)>7</Case><Case(8)>8</Case><Case(9)>9</Case><Case(10)>10</Case><Case(11)>11</Case><Case(12)>12</Case><Case(13)>13</Case><Case(14)>14</Case><Case(15)>15</Case><Case(16)>16</Case><Case(17)>17</Case><Case(18)>18</Case><Case(19)>19</Case><Case(20)>20</Case><Case(21)>21</Case><Case(22)>22</Case><Case(23)>23</Case></Switch><Else/>0</If>h</Case><Case(2)><ResetTime>0C01</ResetTime><Switch(TopLevelParameter(220))><Case(1)>dimanche</Case><Case(2)>lundi</Case><Case(3)>mardi</Case><Case(4)>mercredi</Case><Case(5)>jeudi</Case><Case(6)>vendredi</Case><Case(7)>samedi</Case></Switch> à <If(TopLevelParameter(218))><Switch(TopLevelParameter(218))><Case(1)>1</Case><Case(2)>2</Case><Case(3)>3</Case><Case(4)>4</Case><Case(5)>5</Case><Case(6)>6</Case><Case(7)>7</Case><Case(8)>8</Case><Case(9)>9</Case><Case(10)>10</Case><Case(11)>11</Case><Case(12)>12</Case><Case(13)>13</Case><Case(14)>14</Case><Case(15)>15</Case><Case(16)>16</Case><Case(17)>17</Case><Case(18)>18</Case><Case(19)>19</Case><Case(20)>20</Case><Case(21)>21</Case><Case(22)>22</Case><Case(23)>23</Case></Switch><Else/>0</If>h</Case><Case(3)><ResetTime>0501</ResetTime><Switch(TopLevelParameter(220))><Case(1)>dimanche</Case><Case(2)>lundi</Case><Case(3)>mardi</Case><Case(4)>mercredi</Case><Case(5)>jeudi</Case><Case(6)>vendredi</Case><Case(7)>samedi</Case></Switch> à <If(TopLevelParameter(218))><Switch(TopLevelParameter(218))><Case(1)>1</Case><Case(2)>2</Case><Case(3)>3</Case><Case(4)>4</Case><Case(5)>5</Case><Case(6)>6</Case><Case(7)>7</Case><Case(8)>8</Case><Case(9)>9</Case><Case(10)>10</Case><Case(11)>11</Case><Case(12)>12</Case><Case(13)>13</Case><Case(14)>14</Case><Case(15)>15</Case><Case(16)>16</Case><Case(17)>17</Case><Case(18)>18</Case><Case(19)>19</Case><Case(20)>20</Case><Case(21)>21</Case><Case(22)>22</Case><Case(23)>23</Case></Switch><Else/>0</If>h</Case><Case(4)><ResetTime>1307</ResetTime><Switch(TopLevelParameter(220))><Case(1)>dimanche</Case><Case(2)>lundi</Case><Case(3)>mardi</Case><Case(4)>mercredi</Case><Case(5)>jeudi</Case><Case(6)>vendredi</Case><Case(7)>samedi</Case></Switch> à <If(TopLevelParameter(218))><Switch(TopLevelParameter(218))><Case(1)>1</Case><Case(2)>2</Case><Case(3)>3</Case><Case(4)>4</Case><Case(5)>5</Case><Case(6)>6</Case><Case(7)>7</Case><Case(8)>8</Case><Case(9)>9</Case><Case(10)>10</Case><Case(11)>11</Case><Case(12)>12</Case><Case(13)>13</Case><Case(14)>14</Case><Case(15)>15</Case><Case(16)>16</Case><Case(17)>17</Case><Case(18)>18</Case><Case(19)>19</Case><Case(20)>20</Case><Case(21)>21</Case><Case(22)>22</Case><Case(23)>23</Case></Switch><Else/>0</If>h</Case><Case(5)></Case><Case(6)></Case><Case(7)><ResetTime>0C01</ResetTime><Switch(TopLevelParameter(220))><Case(1)>dimanche</Case><Case(2)>lundi</Case><Case(3)>mardi</Case><Case(4)>mercredi</Case><Case(5)>jeudi</Case><Case(6)>vendredi</Case><Case(7)>samedi</Case></Switch> à <If(TopLevelParameter(218))><Switch(TopLevelParameter(218))><Case(1)>1</Case><Case(2)>2</Case><Case(3)>3</Case><Case(4)>4</Case><Case(5)>5</Case><Case(6)>6</Case><Case(7)>7</Case><Case(8)>8</Case><Case(9)>9</Case><Case(10)>10</Case><Case(11)>11</Case><Case(12)>12</Case><Case(13)>13</Case><Case(14)>14</Case><Case(15)>15</Case><Case(16)>16</Case><Case(17)>17</Case><Case(18)>18</Case><Case(19)>19</Case><Case(20)>20</Case><Case(21)>21</Case><Case(22)>22</Case><Case(23)>23</Case></Switch><Else/>0</If>h</Case></Switch><Else/><ResetTime>1607</ResetTime><Switch(TopLevelParameter(220))><Case(1)>dimanche</Case><Case(2)>lundi</Case><Case(3)>mardi</Case><Case(4)>mercredi</Case><Case(5)>jeudi</Case><Case(6)>vendredi</Case><Case(7)>samedi</Case></Switch> à <If(TopLevelParameter(218))><Switch(TopLevelParameter(218))><Case(1)>1</Case><Case(2)>2</Case><Case(3)>3</Case><Case(4)>4</Case><Case(5)>5</Case><Case(6)>6</Case><Case(7)>7</Case><Case(8)>8</Case><Case(9)>9</Case><Case(10)>10</Case><Case(11)>11</Case><Case(12)>12</Case><Case(13)>13</Case><Case(14)>14</Case><Case(15)>15</Case><Case(16)>16</Case><Case(17)>17</Case><Case(18)>18</Case><Case(19)>19</Case><Case(20)>20</Case><Case(21)>21</Case><Case(22)>22</Case><Case(23)>23</Case></Switch><Else/>0</If>h</If> (temps réel).","","","","","","","","","",""
132,1,7,False,133,2,0,False,0,0,0,0,0,0,0,0,0,0,"Les gains peuvent être retirés jusqu'au <If(NotEqual(PlayerParameter(83),0))><Switch(PlayerParameter(83))><Case(1)><ResetTime>1607</ResetTime><Switch(TopLevelParameter(220))><Case(1)>dimanche</Case><Case(2)>lundi</Case><Case(3)>mardi</Case><Case(4)>mercredi</Case><Case(5)>jeudi</Case><Case(6)>vendredi</Case><Case(7)>samedi</Case></Switch> suivant à <If(TopLevelParameter(218))><Switch(TopLevelParameter(218))><Case(1)>1</Case><Case(2)>2</Case><Case(3)>3</Case><Case(4)>4</Case><Case(5)>5</Case><Case(6)>6</Case><Case(7)>7</Case><Case(8)>8</Case><Case(9)>9</Case><Case(10)>10</Case><Case(11)>11</Case><Case(12)>12</Case><Case(13)>13</Case><Case(14)>14</Case><Case(15)>15</Case><Case(16)>16</Case><Case(17)>17</Case><Case(18)>18</Case><Case(19)>19</Case><Case(20)>20</Case><Case(21)>21</Case><Case(22)>22</Case><Case(23)>23</Case></Switch><Else/>0</If>h</Case><Case(2)><ResetTime>0C01</ResetTime><Switch(TopLevelParameter(220))><Case(1)>dimanche</Case><Case(2)>lundi</Case><Case(3)>mardi</Case><Case(4)>mercredi</Case><Case(5)>jeudi</Case><Case(6)>vendredi</Case><Case(7)>samedi</Case></Switch> suivant à <If(TopLevelParameter(218))><Switch(TopLevelParameter(218))><Case(1)>1</Case><Case(2)>2</Case><Case(3)>3</Case><Case(4)>4</Case><Case(5)>5</Case><Case(6)>6</Case><Case(7)>7</Case><Case(8)>8</Case><Case(9)>9</Case><Case(10)>10</Case><Case(11)>11</Case><Case(12)>12</Case><Case(13)>13</Case><Case(14)>14</Case><Case(15)>15</Case><Case(16)>16</Case><Case(17)>17</Case><Case(18)>18</Case><Case(19)>19</Case><Case(20)>20</Case><Case(21)>21</Case><Case(22)>22</Case><Case(23)>23</Case></Switch><Else/>0</If>h</Case><Case(3)><ResetTime>0501</ResetTime><Switch(TopLevelParameter(220))><Case(1)>dimanche</Case><Case(2)>lundi</Case><Case(3)>mardi</Case><Case(4)>mercredi</Case><Case(5)>jeudi</Case><Case(6)>vendredi</Case><Case(7)>samedi</Case></Switch> suivant à <If(TopLevelParameter(218))><Switch(TopLevelParameter(218))><Case(1)>1</Case><Case(2)>2</Case><Case(3)>3</Case><Case(4)>4</Case><Case(5)>5</Case><Case(6)>6</Case><Case(7)>7</Case><Case(8)>8</Case><Case(9)>9</Case><Case(10)>10</Case><Case(11)>11</Case><Case(12)>12</Case><Case(13)>13</Case><Case(14)>14</Case><Case(15)>15</Case><Case(16)>16</Case><Case(17)>17</Case><Case(18)>18</Case><Case(19)>19</Case><Case(20)>20</Case><Case(21)>21</Case><Case(22)>22</Case><Case(23)>23</Case></Switch><Else/>0</If>h</Case><Case(4)><ResetTime>1307</ResetTime><Switch(TopLevelParameter(220))><Case(1)>dimanche</Case><Case(2)>lundi</Case><Case(3)>mardi</Case><Case(4)>mercredi</Case><Case(5)>jeudi</Case><Case(6)>vendredi</Case><Case(7)>samedi</Case></Switch> suivant à <If(TopLevelParameter(218))><Switch(TopLevelParameter(218))><Case(1)>1</Case><Case(2)>2</Case><Case(3)>3</Case><Case(4)>4</Case><Case(5)>5</Case><Case(6)>6</Case><Case(7)>7</Case><Case(8)>8</Case><Case(9)>9</Case><Case(10)>10</Case><Case(11)>11</Case><Case(12)>12</Case><Case(13)>13</Case><Case(14)>14</Case><Case(15)>15</Case><Case(16)>16</Case><Case(17)>17</Case><Case(18)>18</Case><Case(19)>19</Case><Case(20)>20</Case><Case(21)>21</Case><Case(22)>22</Case><Case(23)>23</Case></Switch><Else/>0</If>h</Case><Case(5)></Case><Case(6)></Case><Case(7)><ResetTime>0C01</ResetTime><Switch(TopLevelParameter(220))><Case(1)>dimanche</Case><Case(2)>lundi</Case><Case(3)>mardi</Case><Case(4)>mercredi</Case><Case(5)>jeudi</Case><Case(6)>vendredi</Case><Case(7)>samedi</Case></Switch> suivant à <If(TopLevelParameter(218))><Switch(TopLevelParameter(218))><Case(1)>1</Case><Case(2)>2</Case><Case(3)>3</Case><Case(4)>4</Case><Case(5)>5</Case><Case(6)>6</Case><Case(7)>7</Case><Case(8)>8</Case><Case(9)>9</Case><Case(10)>10</Case><Case(11)>11</Case><Case(12)>12</Case><Case(13)>13</Case><Case(14)>14</Case><Case(15)>15</Case><Case(16)>16</Case><Case(17)>17</Case><Case(18)>18</Case><Case(19)>19</Case><Case(20)>20</Case><Case(21)>21</Case><Case(22)>22</Case><Case(23)>23</Case></Switch><Else/>0</If>h</Case></Switch><Else/><ResetTime>1607</ResetTime><Switch(TopLevelParameter(220))><Case(1)>dimanche</Case><Case(2)>lundi</Case><Case(3)>mardi</Case><Case(4)>mercredi</Case><Case(5)>jeudi</Case><Case(6)>vendredi</Case><Case(7)>samedi</Case></Switch> suivant à <If(TopLevelParameter(218))><Switch(TopLevelParameter(218))><Case(1)>1</Case><Case(2)>2</Case><Case(3)>3</Case><Case(4)>4</Case><Case(5)>5</Case><Case(6)>6</Case><Case(7)>7</Case><Case(8)>8</Case><Case(9)>9</Case><Case(10)>10</Case><Case(11)>11</Case><Case(12)>12</Case><Case(13)>13</Case><Case(14)>14</Case><Case(15)>15</Case><Case(16)>16</Case><Case(17)>17</Case><Case(18)>18</Case><Case(19)>19</Case><Case(20)>20</Case><Case(21)>21</Case><Case(22)>22</Case><Case(23)>23</Case></Switch><Else/>0</If>h</If> (temps réel).","","","","","","","","","",""
133,1,7,False,83,2,0,False,0,0,0,0,0,0,0,0,0,0,"Notez que si vous ne vous présentez pas au comptoir avant cette échéance, vous ne pourrez pas récupérer votre récompense spéciale ni vos PGS.","","","","","","","","","",""
134,9,0,False,0,2,764,False,0,0,0,0,0,0,0,0,0,0,"","","","","","","","","","",""
135,1,0,False,0,2,764,False,0,0,0,0,0,0,0,0,0,0,"Bravo, vous avez remporté le <Value>IntegerParameter(1)</Value>e prix<Indent/>! Tenez, voici vos points du Gold Saucer. À la semaine prochaine, j'espère<Indent/>!","","","","","","","","","",""
136,1,0,False,0,2,764,False,0,0,0,0,0,0,0,0,0,0,"Toutes mes félicitations, <If(PlayerParameter(4))>Mademoiselle<Else/>Messire</If><Indent/>! Vous avez remporté le premier prix<Indent/>! Voici vos points du Gold Saucer ainsi que la récompense réservée aux grands vainqueurs, à savoir <SheetFr(Item,1,IntegerParameter(1),1,1)/>.","","","","","","","","","",""
137,1,0,False,41,2,764,False,0,0,0,0,0,0,0,0,0,0,"Voilà qui est fait. <If(LessThan(PlayerParameter(11),12))><If(LessThan(PlayerParameter(11),4))>N'oubliez pas de venir assister au tirage des numéros gagnants<Indent/>; ce serait vraiment idiot de passer à côté de la prime de célérité si jamais vous faites partie des heureux élus<Indent/>!<Else/>Il ne vous reste plus qu'à prier Nymeia pour qu'elle vous accorde sa bénédiction.</If><Else/><If(LessThan(PlayerParameter(11),17))>Il ne vous reste plus qu'à patienter jusqu'au grand tirage.<Else/>N'oubliez pas de venir assister au tirage des numéros gagnants<Indent/>; ce serait vraiment idiot de passer à côté de la prime de célérité si jamais vous faites partie des heureux élus<Indent/>!</If></If>","","","","","","","","","",""
138,2,0,False,0,0,0,False,0,0,0,0,0,0,0,0,0,0,"Voulez-vous utiliser la boule puante<Indent/>?","Oui","Non","","","","","","","",""
139,1,0,False,25,2,764,False,0,0,0,0,0,0,0,0,0,0,"Je devais livrer ces vases à des clients du Gold Saucer, mais je me suis fait surprendre en chemin par une bande de voleurs sans foi ni loi...","","","","","","","","","",""
140,2,0,False,141,2,0,False,0,0,0,0,0,0,0,0,0,0,"Souhaitez-vous participer à ce JACTA<Indent/>?","Oui","Non","","","","","","","",""
141,1,0,False,0,2,764,False,0,0,0,0,0,0,0,0,0,0,"J'ai marqué sur votre carte l'emplacement des deux des<SoftHyphen/>ti<SoftHyphen/>na<SoftHyphen/>tai<SoftHyphen/>res. Je vous en prie, apportez-leur la commande dès que possible, ou je risque de me retrouver au chômage... Bonne chance<Indent/>!","","","","","","","","","",""
142,1,0,False,26,2,764,False,0,0,0,0,0,0,0,0,0,0,"Je devais livrer ces vases à des clients du Gold Saucer, mais je me suis fait surprendre en chemin par une bande de voleurs sans foi ni loi...","","","","","","","","","",""
143,2,0,False,144,2,0,False,0,0,0,0,0,0,0,0,0,0,"Souhaitez-vous participer à ce JACTA<Indent/>?","Oui","Non","","","","","","","",""
144,1,0,False,0,2,764,False,0,0,0,0,0,0,0,0,0,0,"J'ai marqué sur votre carte l'emplacement des trois des<SoftHyphen/>ti<SoftHyphen/>na<SoftHyphen/>tai<SoftHyphen/>res. Je vous en prie, apportez-leur la commande dès que possible, ou je risque de me retrouver au chômage... Bonne chance<Indent/>!","","","","","","","","","",""
145,1,0,False,0,0,0,False,0,0,0,0,0,0,0,0,0,0,"<If(PlayerParameter(4))>Une danseuse<Else/>Un danseur</If> digne de ce nom doit garder son sang-froid. Souvenez-vous-en lorsque vous serez sur scène.","","","","","","","","","",""
146,1,0,False,0,0,0,False,0,0,0,0,0,0,0,0,0,0,"Ce n'est pas une partie de plaisir de mémoriser quatre mouvements si différents, n'est-ce pas<Indent/>?","","","","","","","","","",""
147,1,0,False,0,0,0,False,0,0,0,0,0,0,0,0,0,0,"Observation et con<SoftHyphen/>cen<SoftHyphen/>tra<SoftHyphen/>tion sont les maîtres mots pour quiconque veut devenir <If(PlayerParameter(4))>danseuse<Else/>danseur</If> étoile.","","","","","","","","","",""
148,1,0,False,0,0,0,False,0,0,0,0,0,0,0,0,0,0,"Vous m'avez l'air d'avoir la constitution parfaite pour devenir <If(PlayerParameter(4))>danseuse<Else/>danseur</If>. J'ai hâte de vous voir en action<Indent/>!","","","","","","","","","",""
149,1,0,False,0,0,0,False,0,0,0,0,0,0,0,0,0,0,"Avec grrrâce et souplesse, s'il vous plaît... La danse est un art noble.","","","","","","","","","",""
150,1,0,False,0,0,0,False,0,0,0,0,0,0,0,0,0,0,"Ne devriez-vous pas être en train de pratiquer au lieu de me parrrler<Indent/>? Allons, un peu de con<SoftHyphen/>cen<SoftHyphen/>tra<SoftHyphen/>tion, je vous prie<Indent/>!","","","","","","","","","",""
151,1,0,False,0,0,0,False,0,0,0,0,0,0,0,0,0,0,"Chaque chorégraphie a un sens qui ne se découvre qu'au fil des mouvements. Voilà le principe essentiel de l'art de la danse.","","","","","","","","","",""
152,1,0,False,0,0,0,False,0,0,0,0,0,0,0,0,0,0,"Et un, et deux, et trois, et quatre<Indent/>! Un peu d'entrain, que diable<Indent/>!","","","","","","","","","",""
153,1,0,False,0,0,0,False,0,0,0,0,0,0,0,0,0,0,"Lorsque vous dansez, tous vos sens doivent être en éveil. Buvez un café de plus tous les matins et le résultat se fera rapidement sentir<Indent/>!","","","","","","","","","",""
154,1,0,False,0,0,0,False,0,0,0,0,0,0,0,0,0,0,"Un pas chassé, puis un coupé... Euh, excusez-moi, ça vous dérangerait de me laisser faire mes exercices tran<SoftHyphen/>quil<SoftHyphen/>le<SoftHyphen/>ment<Indent/>?","","","","","","","","","",""
155,1,0,False,0,0,0,False,0,0,0,0,0,0,0,0,0,0,"J'ai inventé un nouveau style de danse<Indent/>! À moi la gloire et la fortune<Indent/>!","","","","","","","","","",""
156,1,0,False,0,0,0,False,0,0,0,0,0,0,0,0,0,0,"La danse, c'est l'art de faire passer des émotions avec son corps. Voilà pourquoi il ne faut surtout pas oublier d'y prendre du plaisir<Indent/>!","","","","","","","","","",""
157,2,0,False,0,0,0,False,0,0,0,0,0,0,0,0,0,0,"Les frais d'entrée pour cette course sont de <Value>IntegerParameter(1)</Value> PGS. Continuer<Indent/>?
[PGS possédés<Indent/>: <Format(IntegerParameter(2),FF05021D0103)/>]","Oui","Non","","","","","","","",""
158,2,0,False,0,2,0,False,0,0,0,0,0,0,0,0,0,0,"Souhaitez-vous participer à ce JACTA<Indent/>?","Oui","Non","","","","","","","",""
159,2,0,False,0,2,0,False,0,0,0,0,0,0,0,0,0,0,"Souhaitez-vous participer à ce JACTA<Indent/>?","Oui","Non","","","","","","","",""
160,1,0,False,0,2,764,False,0,0,0,0,0,0,0,0,0,0,"Les boissons du Gold Saucer sont un vrai régal pour les papilles. Elles sont comme un doux rêve dont on ne se réveille jamais et qui fond sur la langue...","","","","","","","","","",""
161,1,0,False,0,2,764,False,0,0,0,0,0,0,0,0,0,0,"Grâce au grand Godbert, j'ai compris ce que ça voulait dire d'avoir un cœur “gros comme ça”. Le sien est au moins aussi gros que cette statue<Indent/>!","","","","","","","","","",""
162,1,0,False,0,2,0,False,0,0,0,0,0,0,0,0,0,0,"Qu'est-ce que je fais<Indent/>? Mais je travaille, parrrdi... En quoi consiste mon travail<Indent/>? Ça, c'est un secret<Indent/>!","","","","","","","","","",""
163,2,0,False,0,2,0,False,0,0,0,0,0,0,0,0,0,0,"Souhaitez-vous participer à ce JACTA<Indent/>?","Oui","Non","","","","","","","",""
164,1,0,False,165,2,764,False,0,0,0,0,0,0,0,0,0,0,"Zut de flûte... Je n'arrive pas à croire qu'un imp ait osé prendre mon apparence<Indent/>!","","","","","","","","","",""
165,1,0,False,163,2,0,False,0,0,0,0,0,0,0,0,0,0,"Observe-moi soigneusement et va débusquer cette sale bête<Indent/>! Pour ce faire, jette cette boule puante sur son déguisement, ça lui apprendra<Indent/>! Et fais bien attention à ne pas te tromper, d'accord<Indent/>? Les autres chasseurs risqueraient de le prendre mal...","","","","","","","","","",""
166,1,0,False,167,2,764,False,0,0,0,0,0,0,0,0,0,0,"J'ai un service à te demander, aventuri<If(PlayerParameter(4))>ère<Else/>er</If>. On m'a dit qu'un imp aux pouvoirs mystérieux aurait pris mon apparence...","","","","","","","","","",""
167,1,0,False,163,2,0,False,0,0,0,0,0,0,0,0,0,0,"Voilà ce que tu vas faire<Indent/>: examine bien les chasseurs qui me ressemblent et lorsque tu penseras avoir trouvé mon sosie parfait, jette-lui cette boule puante au visage. Il ne s'en remettra pas<Indent/>!","","","","","","","","","",""
168,1,0,False,169,2,764,False,0,0,0,0,0,0,0,0,0,0,"Dis, tu peux m'aider<Indent/>? J'ai été chargé de régler son compte à l'imp qui s'est introduit ici, mais il a eu l'ingénieuse idée de prendre mon apparence pour brouiller les pistes.","","","","","","","","","",""
169,1,0,False,163,2,0,False,0,0,0,0,0,0,0,0,0,0,"D'abord, observe-moi bien<Indent/>! Ensuite, prends cette boule puante et lorsque tu auras trouvé mon sosie parfait, n'hésite pas à la lui jeter en pleine figure<Indent/>! ","","","","","","","","","",""
170,1,0,False,171,2,764,False,0,0,0,0,0,0,0,0,0,0,"Salut, aventuri<If(PlayerParameter(4))>ère<Else/>er</If><Indent/>! Dis-moi, tu n'aurais pas croisé quelqu'un qui me ressemble comme deux gouttes d'eau, par hasard<Indent/>? Figure-toi que c'est un imp qui a pris mon apparence pour tenter de m'échapper<Indent/>!","","","","","","","","","",""
171,1,0,False,163,2,0,False,0,0,0,0,0,0,0,0,0,0,"Mais les imps, comme tout le monde d'ailleurs, détestent les boules puantes. Trouve mon sosie parfait parmi les autres clients et parfume-le un coup, ça révélera sa vraie nature<Indent/>!","","","","","","","","","",""
172,1,0,False,173,2,764,False,0,0,0,0,0,0,0,0,0,0,"Je suis un peu embêtée... On m'a demandé de mettre hors d'état de nuire un imp qui embêtait les clients du Gold Saucer, mais il n'a rien trouvé de mieux à faire que de prendre mon apparence.","","","","","","","","","",""
173,1,0,False,163,2,0,False,0,0,0,0,0,0,0,0,0,0,"Quel mufle<Indent/>! Maintenant, de charmants jeunes hommes qui auraient pu tomber amoureux de moi vont s'éprendre de mon sosie<Indent/>! Quand tu l'auras retrouvé, fais-lui passer l'envie de recommencer avec cette boule puante, d'accord<Indent/>?","","","","","","","","","",""
174,1,0,False,175,2,764,False,0,0,0,0,0,0,0,0,0,0,"Aventuri<If(PlayerParameter(4))>ère<Else/>er</If>, c'est affreux<Indent/>! Un horrible imp a pris mon apparence et se promène dans les allées du Gold Saucer<Indent/>! Il faut l'empêcher de faire des siennes aussi vite que possible<Indent/>!","","","","","","","","","",""
175,1,0,False,163,2,0,False,0,0,0,0,0,0,0,0,0,0,"Heu<SoftHyphen/>reu<SoftHyphen/>se<SoftHyphen/>ment, j'ai une boule puante qui te permettra de mettre au grand jour sa véritable identité<Indent/>! Vite, va trouver mon sosie<Indent/>!","","","","","","","","","",""
176,1,0,False,177,2,764,False,0,0,0,0,0,0,0,0,0,0,"Un imp a eu un coup de foudre en me voyant et il a décidé de prendre mon apparence pour que je sois toujours auprès de lui<Indent/>! Tu me diras, c'est pas comme s'il avait une quelconque chance...","","","","","","","","","",""
177,1,0,False,163,2,0,False,0,0,0,0,0,0,0,0,0,0,"Il a peut-être cru que j'en serais flattée mais c'est plutôt tout l'inverse<Indent/>! Envoie cette boule puante au visage de mon sosie parfait pour lui faire payer son effronterie<Indent/>!","","","","","","","","","",""
178,1,0,False,179,2,764,False,0,0,0,0,0,0,0,0,0,0,"Mais pourquoi il a fallu que ça tombe sur moi, hein<Indent/>? Pourquoi ces imps de malheur s'en prennent toujours à moi d'une manière ou d'une autre<Indent/>?","","","","","","","","","",""
179,1,0,False,163,2,0,False,0,0,0,0,0,0,0,0,0,0,"Cette fois, l'un d'entre eux est même allé jusqu'à prendre mon apparence<Indent/>! Lorsque tu l'auras retrouvé, embaume-le avec cette boule puante, ça lui apprendra<Indent/>!","","","","","","","","","",""
180,1,0,False,181,2,764,False,0,0,0,0,0,0,0,0,0,0,"Désolée de vous déranger, aventuri<If(PlayerParameter(4))>ère<Else/>er</If>, mais j'aurais un service à vous demander... C'est à propos d'un méchant imp qui a eu l'idée saugrenue de prendre mon apparence.","","","","","","","","","",""
181,1,0,False,163,2,0,False,0,0,0,0,0,0,0,0,0,0,"Il me ressemble comme deux gouttes d'eau, c'est pourquoi il vous suffira de bien m'observer pour le débusquer. Ensuite, jetez-lui dessus cette boule puante pour lui apprendre les bonnes manières.","","","","","","","","","",""
182,1,0,False,183,2,764,False,0,0,0,0,0,0,0,0,0,0,"Eh, tu ne m'aurais pas déjà vu quelque part<Indent/>? Je veux parler de ce maudit imp qui a pris mon apparence, évidemment... Rien que d'y penser, ça me rend malade<Indent/>!","","","","","","","","","",""
183,1,0,False,163,2,0,False,0,0,0,0,0,0,0,0,0,0,"J'ai toujours eu du mal à me regarder dans un miroir, alors si tu pouvais te charger de cette affaire, ça m'arrangerait beaucoup... Quand tu auras retrouvé mon sosie parfait, jette-lui cette boule puante à la figure et la sale bête devrait se montrer d'elle-même.","","","","","","","","","",""
184,1,0,False,185,2,764,False,0,0,0,0,0,0,0,0,0,0,"Par les Douze, qu'est-ce que je vais devenir... Depuis qu'un imp de malheur a pris mon apparence, j'ai envie de m'enfouir sous la surface de la terre...","","","","","","","","","",""
185,1,0,False,163,2,0,False,0,0,0,0,0,0,0,0,0,0,"Il faut absolument que tu me sortes de ce pétrin, aventuri<If(PlayerParameter(4))>ère<Else/>er</If><Indent/>! Prends cette boule puante et envoie-la sur mon sosie parfait une fois que tu l'auras retrouvé. Ça devrait donner le tournis à l'imp qui se cache derrière<Indent/>!","","","","","","","","","",""
186,1,0,False,187,2,764,False,0,0,0,0,0,0,0,0,0,0,"J'ai du travail pour vous, aventuri<If(PlayerParameter(4))>ère<Else/>er</If>. Saviez-vous que les imps étaient capables de prendre l'apparence d'une tierce personne<Indent/>? Eh bien, vous avez devant vous la victime de ce méfait.","","","","","","","","","",""
187,1,0,False,163,2,0,False,0,0,0,0,0,0,0,0,0,0,"Cela me gêne quelque peu de vous demander une chose pareille, mais auriez-vous l'obligeance de lui jeter dessus cette... Oh, je n'ose pas prononcer ces mots dégoûtants... Cette capsule nauséabonde, disais-je donc<Indent/>? Vous seriez bien aimable. Il me ressemble comme deux gouttes d'eau, je suis sûr que vous le retrouverez sans problème.","","","","","","","","","",""
188,1,0,False,189,2,764,False,0,0,0,0,0,0,0,0,0,0,"Zut de flûte<Indent/>! Quel est l'imbécile qui a laissé entrer cet imp au Gold Saucer<Indent/>!? Il a pris mon apparence et qui sait ce qu'il va faire maintenant en se faisant passer pour moi<Indent/>!","","","","","","","","","",""
189,1,0,False,163,2,0,False,0,0,0,0,0,0,0,0,0,0,"Toi, là<Indent/>! Prends cette boule puante et balance-la à la trogne de mon sosie parfait dès que tu l'auras retrouvé<Indent/>! Fais attention à ne pas parfumer quelqu'un d'autre, il pourrait mal le prendre<Indent/>!","","","","","","","","","",""
190,1,0,False,191,2,764,False,0,0,0,0,0,0,0,0,0,0,"Je suis vraiment pas fier de moi, tu sais... J'ai été chargé de débarrasser le Gold Saucer d'un imp et quand je me suis retrouvé face à lui, j'ai crié comme une petite fille et je me suis enfui en courant... Pour se moquer de moi, il a même pris mon apparence...","","","","","","","","","",""
191,1,0,False,163,2,0,False,0,0,0,0,0,0,0,0,0,0,"S'il te plaît, aventuri<If(PlayerParameter(4))>ère<Else/>er</If>, tu dois m'aider<Indent/>! Si tu jettes cette boule puante à la figure de mon sosie parfait, ça m'aiderait à reprendre goût à la vie, je t'assure<Indent/>!","","","","","","","","","",""
192,1,0,False,193,2,764,False,0,0,0,0,0,0,0,0,0,0,"Tu connais pas la dernière<Indent/>? Un petit sagouin d'imp a trouvé intelligent de prendre mon apparence pour faire des farces dans le Gold Saucerrr<Indent/>!","","","","","","","","","",""
193,1,0,False,163,2,0,False,0,0,0,0,0,0,0,0,0,0,"Observe-moi bien et lorsque tu auras retrouvé mon sosie parfait, envoie-lui cette boule puante pour lui apprendre le rrrespect<Indent/>!","","","","","","","","","",""
194,1,0,False,195,2,764,False,0,0,0,0,0,0,0,0,0,0,"Dis donc, tu n'aurais pas crrroisé une Miqo'te qui me ressemble comme deux gouttes d'eau, par hasard<Indent/>? En fait, c'est un méchant imp qui a pris mon apparence...","","","","","","","","","",""
195,1,0,False,163,2,0,False,0,0,0,0,0,0,0,0,0,0,"Ce serait vraiment superrr si tu pouvais nous débarrasser de lui<Indent/>! Pour ça, il va falloir que tu jettes cette boule puante sur mon sosie. Je compte sur toi<Indent/>!","","","","","","","","","",""
196,1,0,False,197,2,764,False,0,0,0,0,0,0,0,0,0,0,"Oh non, qu'est-ce que je vais devenirrr<Indent/>!? Un imp a décidé de prendre l'apparence d'un client du Gold Saucer pour jouer des mauvais tours, et il a fallu que ça tombe sur moi...","","","","","","","","","",""
197,1,0,False,163,2,0,False,0,0,0,0,0,0,0,0,0,0,"S'il te plaît, tu veux bien lui jeter cette boule puante au visage pour lui faire passer l'envie de faire des siennes<Indent/>? Observe-moi at<SoftHyphen/>ten<SoftHyphen/>ti<SoftHyphen/>ve<SoftHyphen/>ment et lorsque tu auras retrouvé mon sosie parrrfait, vise bien surtout<Indent/>!","","","","","","","","","",""
198,1,0,False,199,2,764,False,0,0,0,0,0,0,0,0,0,0,"Quelle bande de sans-gêne, ces imps... Ils se croient vraiment tout perrrmis<Indent/>! Tiens, pas plus tard que tout à l'heure, l'un d'entre eux a pris mon apparence, c'est dire...","","","","","","","","","",""
199,1,0,False,163,2,0,False,0,0,0,0,0,0,0,0,0,0,"J'imagine que tu as d'autres Miqo'tes à fouetter, mais tu veux bien prendre cette boule puante et la lancer au visage de mon sosie pour faire fuirrr cette sale bête<Indent/>? Je le ferais bien moi-même mais j'ai comme un petit coup de fatigue, là...","","","","","","","","","",""
200,1,0,False,201,2,764,False,0,0,0,0,0,0,0,0,0,0,"Aventuri<If(PlayerParameter(4))>ère<Else/>er</If>, j'ai besoin de ton aide<Indent/>! Un imp a pris mon apparence et se fait passer pour moi auprès des autres clients<Indent/>! Tu veux bien m'aider à le retrouver<Indent/>?","","","","","","","","","",""
201,1,0,False,163,2,0,False,0,0,0,0,0,0,0,0,0,0,"Prends cette boule puante et dès que tu seras certain<If(PlayerParameter(4))>e<Else/></If> de te trouver en face de mon sosie parfait, parrrfume-le un bon coup<Indent/>! Après une torture pareille, j'espère bien que l'imp y réfléchira à deux fois avant de venir nous embêter<Indent/>!","","","","","","","","","",""
202,1,0,False,203,2,764,False,0,0,0,0,0,0,0,0,0,0,"On m'avait chargée de mettre hors d'état de nuire un imp qui s'était introduit dans l'enceinte du parc d'attractions, mais à peine m'a-t-il aperçue qu'il a pris mon apparence pour s'enfuir aussitôt.","","","","","","","","","",""
203,1,0,False,163,2,0,False,0,0,0,0,0,0,0,0,0,0,"Tu veux bien le retrouver pour moi<Indent/>? Si tu lances cette boule puante sur mon sosie parfait, l'imp devrait prendre ses jambes à son cou. Attention à ne pas te tromper d'Élézenne, toutefois...","","","","","","","","","",""
204,1,0,False,205,2,764,False,0,0,0,0,0,0,0,0,0,0,"J'étais en train de poursuivre un imp dans le Gold Saucer quand tout à coup, une Élézenne belle comme le jour est apparue devant mes yeux<Indent/>! Il m'a tout de même fallu quelques secondes avant de comprendre que l'imp avait pris mon apparence<Indent/>!","","","","","","","","","",""
205,1,0,False,163,2,0,False,0,0,0,0,0,0,0,0,0,0,"Je sais que ce n'est pas très élégant, mais tu veux bien retrouver cette créature de rêve et lui lancer dessus cette boule puante<Indent/>? Mais non, pas moi<Indent/>! Je te parle de mon sosie, voyons<Indent/>!","","","","","","","","","",""
206,1,0,False,207,2,764,False,0,0,0,0,0,0,0,0,0,0,"Je poursuivais un imp quand tout à coup, il a eu l'idée saugrenue de se transformer... pour prendre mon apparence, rien que ça<Indent/>! Je sais que je suis canon, mais je préférerais que ce soit un beau jeune homme qui me le fasse savoir, pas un imp...","","","","","","","","","",""
207,1,0,False,163,2,0,False,0,0,0,0,0,0,0,0,0,0,"Vous voulez bien le retrouver et lui jeter cette boule puante au visage<Indent/>? Ça lui apprendra à se tenir devant les dames<Indent/>! Maintenant, dépêchez-vous de retrouver mon sosie parfait<Indent/>!","","","","","","","","","",""
208,1,0,False,209,2,764,False,0,0,0,0,0,0,0,0,0,0,"Ces saletés d'imps sont vraiment impossibles<Indent/>! Pas plus tard que tout à l'heure, l'un d'entre eux a décidé de prendre mon apparence pour me faire une mauvaise blague<Indent/>!","","","","","","","","","",""
209,1,0,False,163,2,0,False,0,0,0,0,0,0,0,0,0,0,"Aventuri<If(PlayerParameter(4))>ère<Else/>er</If>, il n'y a pas une seconde à perdre<Indent/>! Retrouve mon sosie parfait dans la foule du Gold Saucer et parfume-le avec une bonne boule puante des familles<Indent/>! Avec ça, on ne devrait pas revoir cet imp pendant au moins un moment<Indent/>!","","","","","","","","","",""
210,1,0,False,211,2,764,False,0,0,0,0,0,0,0,0,0,0,"Je viens de comprendre pourquoi les gens me regardent bizarrement depuis tout à l'heure... Un imp a profité du fait que j'avais le dos tourné pour prendre mon apparence<Indent/>!","","","","","","","","","",""
211,1,0,False,163,2,0,False,0,0,0,0,0,0,0,0,0,0,"Tiens, puisque tu es là, prends cette boule puante et lorsque tu auras retrouvé mon sosie parfait, balance-la-lui en pleine poire<Indent/>! Ça devrait lui dégager les narines, hé hé hé...","","","","","","","","","",""
212,1,0,False,213,2,764,False,0,0,0,0,0,0,0,0,0,0,"Sale petit imp de... Ah, il me met hors de moi<Indent/>! Aventuri<If(PlayerParameter(4))>ère<Else/>er</If>, un imp a pris mon apparence et est en train de faire des siennes dans le parc d'attractions. Tu dois m'aider à le retrouver<Indent/>!","","","","","","","","","",""
213,1,0,False,163,2,0,False,0,0,0,0,0,0,0,0,0,0,"Tu vas devoir trouver mon sosie parfait et lui jeter dessus cette boule puante. Ça ne devrait pas être trop difficile, car des costauds comme moi, laisse-moi te dire que j'en connais pas beaucoup<Indent/>! ","","","","","","","","","",""
214,1,0,False,215,2,764,False,0,0,0,0,0,0,0,0,0,0,"Ce matin, je me regardais longuement dans le miroir, comme souvent me diras-tu, et je me disais que j'étais vraiment beau. Pourquoi je te raconte ça<Indent/>? Figure-toi qu'un imp semble avoir eu la même pensée en me voyant, puisqu'il a décidé de prendre mon apparence.","","","","","","","","","",""
215,1,0,False,163,2,0,False,0,0,0,0,0,0,0,0,0,0,"Je ne te cacherai pas que l'idée qu'il existe un autre être aussi beau que moi, qui plus est mon sosie, m'est in<SoftHyphen/>sup<SoftHyphen/>por<SoftHyphen/>ta<SoftHyphen/>ble. Prends donc cette boule puante et retrouve cet imposteur parmi les clients du Gold Saucer pour la lui lancer à la face, ça me permettra de dormir tranquille.","","","","","","","","","",""
216,1,0,False,217,2,764,False,0,0,0,0,0,0,0,0,0,0,"Tu savais que certains imps étaient capables de prendre l'apparence d'humains<Indent/>? Je suis justement tombé nez à nez avec l'un d'entre eux tout à l'heure et ça n'a pas loupé, dis donc<Indent/>! Inutile de te préciser qu'il va falloir le mettre hors d'état de nuire au plus vite.","","","","","","","","","",""
217,1,0,False,163,2,0,False,0,0,0,0,0,0,0,0,0,0,"Il y a pas mal de gaillards qui me ressemblent dans le coin, alors voilà ce que tu vas faire<Indent/>: après m'avoir bien observé, tu vas retrouver mon sosie parfait et lui balancer cette boule puante<Indent/>! Tu peux compter sur elle pour lui ôter l'envie de se déguiser<Indent/>!","","","","","","","","","",""
218,1,0,False,219,2,764,False,0,0,0,0,0,0,0,0,0,0,"Tu ne saurais pas où je pourrais acheter du produit anti-imps<Indent/>? J'en ai vraiment assez que l'un d'entre eux prenne mon apparence à chaque fois, par les Douze...","","","","","","","","","",""
219,1,0,False,163,2,0,False,0,0,0,0,0,0,0,0,0,0,"En attendant le produit miracle, prends cette boule puante et lorsque tu auras retrouvé mon sosie parfait dans toute cette foule, fais-lui respirer ses vapeurs un bon coup. Il ne s'en remettra pas de sitôt<Indent/>!","","","","","","","","","",""
220,1,0,False,221,2,764,False,0,0,0,0,0,0,0,0,0,0,"Je m'apprêtais à étrangler cet imp de malheur, quand tout à coup, il a pris mon apparence<Indent/>! Évidemment, c'était tout de suite plus difficile...","","","","","","","","","",""
221,1,0,False,163,2,0,False,0,0,0,0,0,0,0,0,0,0,"Heu<SoftHyphen/>reu<SoftHyphen/>se<SoftHyphen/>ment, je vais te donner une boule puante qui te permettra de lui donner une bonne leçon<Indent/>! Observe-moi bien et lance-la ensuite sur mon sosie parfait lorsque tu l'auras retrouvé, d'accord<Indent/>?","","","","","","","","","",""
222,1,0,False,223,2,764,False,0,0,0,0,0,0,0,0,0,0,"... Maudit imp<Indent/>! Si je l'attrape, je ne réponds plus de rien<Indent/>! Aventuri<If(PlayerParameter(4))>ère<Else/>er</If>, un imp a pris mon apparence<Indent/>! Tu vas m'aider à le débusquer, pas vrai<Indent/>?","","","","","","","","","",""
223,1,0,False,163,2,0,False,0,0,0,0,0,0,0,0,0,0,"Une boule puante dans sa tronche, ça devrait le calmer un moment<Indent/>! Regarde-moi bien et quand tu seras en face de mon sosie parfait, vas-y de toutes tes forces<Indent/>!","","","","","","","","","",""
224,1,0,False,225,2,764,False,0,0,0,0,0,0,0,0,0,0,"C'est affreux, affreux, je te dis<Indent/>! Un ignoble imp a pris mon apparence et escroque les autres clients du Gold Saucer<Indent/>! S'il te plaît, il faut que tu m'aides, ou je pourrai dire adieu à mes économies<Indent/>!","","","","","","","","","",""
225,1,0,False,163,2,0,False,0,0,0,0,0,0,0,0,0,0,"Il faut absolument que tu retrouves au plus vite mon sosie parfait au sein de la foule<Indent/>! Ensuite, utilise cette boule puante pour lui dégager le nez, ça devrait être suf<SoftHyphen/>fi<SoftHyphen/>sam<SoftHyphen/>ment efficace<Indent/>!","","","","","","","","","",""
226,1,0,False,0,2,764,False,0,0,0,0,0,0,0,0,0,0,"(tousse) Berk<Indent/>! Je ne savais pas qu'il y avait des attractions aussi malodorantes au Gold Saucer<Indent/>!","","","","","","","","","",""
227,1,0,False,0,2,764,False,0,0,0,0,0,0,0,0,0,0,"Oh là là, qu'est-ce que tu sens mauvais, toi alorrrs<Indent/>!","","","","","","","","","",""
228,1,0,False,0,2,764,False,0,0,0,0,0,0,0,0,0,0,"Quelle horreur<Indent/>! Je ne sais pas si je rrremettrai les pieds ici de sitôt...","","","","","","","","","",""
229,1,0,False,0,2,764,False,0,0,0,0,0,0,0,0,0,0,"Quelle odeurrr immonde<Indent/>! Dis donc, ce ne serait pas toi, ce fameux imp<Indent/>? Va-t'en tout de suite ou j'appelle les autres chasseurs<Indent/>!","","","","","","","","","",""
230,1,0,False,0,2,764,False,0,0,0,0,0,0,0,0,0,0,"(tousse) Je te conseille de changer de parrrfum, et vite...","","","","","","","","","",""
231,1,0,False,0,2,764,False,0,0,0,0,0,0,0,0,0,0,"Mais qu'est-ce qui te prend<Indent/>!? Si c'est une blague, elle n'est pas drrrôle du tout<Indent/>!","","","","","","","","","",""
232,1,0,False,0,2,764,False,0,0,0,0,0,0,0,0,0,0,"Oh, comme c'est original<Indent/>! Mal<SoftHyphen/>heu<SoftHyphen/>reu<SoftHyphen/>se<SoftHyphen/>ment, j'ai le nez bouché<Indent/>!","","","","","","","","","",""
233,1,0,False,0,2,764,False,0,0,0,0,0,0,0,0,0,0,"(tousse) Arrête ça tout de suite, tout le monde nous regarde<Indent/>!","","","","","","","","","",""
234,1,0,False,0,2,764,False,0,0,0,0,0,0,0,0,0,0,"Eh, je ne vous ai rien fait<Indent/>! Allez sentir mauvais ailleurs<Indent/>!","","","","","","","","","",""
235,1,0,False,0,2,764,False,0,0,0,0,0,0,0,0,0,0,"Tu es venu<If(PlayerParameter(4))>e<Else/></If> pour me faire sentir ton nouveau parfum<Indent/>? Tu aurais mieux fait de rester chez toi<Indent/>!","","","","","","","","","",""
236,1,0,False,0,2,764,False,0,0,0,0,0,0,0,0,0,0,"(tousse) C'est ça, la nouvelle attraction<Indent/>? Pouah<Indent/>!","","","","","","","","","",""
237,1,0,False,0,2,764,False,0,0,0,0,0,0,0,0,0,0,"Tiens, une boule puante<Indent/>! Ça me rappelle ma tendre enfance<Indent/>!","","","","","","","","","",""
238,1,0,False,0,2,764,False,0,0,0,0,0,0,0,0,0,0,"Argh<Indent/>! L'odeur est immonde, mais ainsi va la vie au Gold Saucer, on ne sait jamais ce qui peut nous arriver<Indent/>!","","","","","","","","","",""
239,1,0,False,0,2,764,False,0,0,0,0,0,0,0,0,0,0,"Qu'est-ce que c'est<Indent/>? Ça sent pas bon en tout cas...","","","","","","","","","",""
240,1,0,False,0,2,764,False,0,0,0,0,0,0,0,0,0,0,"Au secours, je ne vois plus rien<Indent/>! Et je ferais mieux d'arrêter de respirer aussi...","","","","","","","","","",""
241,1,0,False,0,2,764,False,0,0,0,0,0,0,0,0,0,0,"Ça sent bizarre par ici... Tu as oublié de prendre ta douche ou quoi<Indent/>?","","","","","","","","","",""
242,1,0,False,0,2,764,False,0,0,0,0,0,0,0,0,0,0,"(tousse) C'est bien la première fois qu'on m'accueille avec une boule puante. Quel sens de l'humour, ces Manderville...","","","","","","","","","",""
243,1,0,False,0,2,764,False,0,0,0,0,0,0,0,0,0,0,"Beurk<Indent/>! Toi, dès que je t'ai vu<If(PlayerParameter(4))>e<Else/></If> arriver, j'ai senti que tu préparais un mauvais coup<Indent/>!","","","","","","","","","",""
244,1,0,False,0,2,764,False,0,0,0,0,0,0,0,0,0,0,"Je ne sais pas pourquoi, mais j'ai l'impression qu'on m'observe...","","","","","","","","","",""
245,1,0,False,0,2,764,False,0,0,0,0,0,0,0,0,0,0,"Qu'est-ce qu'il y a<Indent/>? J'ai un bouton sur le nez, peut-être<Indent/>?","","","","","","","","","",""
246,1,0,False,0,2,764,False,0,0,0,0,0,0,0,0,0,0,"Qu'est-ce qu'on se marre au Gold Saucer<Indent/>! Enfin, on se marrerait plus si on n'avait pas l'impression d'être observé en permanence...","","","","","","","","","",""
247,1,0,False,0,2,764,False,0,0,0,0,0,0,0,0,0,0,"Il n'y a pas que les aventures dans la vie, il y a aussi le Gold Saucer<Indent/>!","","","","","","","","","",""
248,1,0,False,0,2,764,False,0,0,0,0,0,0,0,0,0,0,"Mais pourquoi tout le monde me regarde comme ça<Indent/>!?","","","","","","","","","",""
249,1,0,False,0,2,764,False,0,0,0,0,0,0,0,0,0,0,"Je sais que je suis mignonne, mais ce n'est pas une raison pour rester la bouche ouverte...","","","","","","","","","",""
250,1,0,False,0,2,764,False,0,0,0,0,0,0,0,0,0,0,"Pourquoi tout le monde me regarde<Indent/>? C'est ma nouvelle coupe de cheveux, hein<Indent/>? J'en étais sûre...","","","","","","","","","",""
251,1,0,False,0,2,764,False,0,0,0,0,0,0,0,0,0,0,"Tu ne trouves pas que le temps passe trop vite au Gold Saucer<Indent/>?","","","","","","","","","",""
252,1,0,False,0,2,764,False,0,0,0,0,0,0,0,0,0,0,"Il paraît qu'un imp a pris l'apparence d'une chasseuse... Tu y crois, toi<Indent/>?","","","","","","","","","",""
253,1,0,False,0,2,764,False,0,0,0,0,0,0,0,0,0,0,"J'ai décidé de m'amuser comme une folle aujourd'hui, et peu importe ce qu'en pense mon mari<Indent/>!","","","","","","","","","",""
254,1,0,False,0,2,764,False,0,0,0,0,0,0,0,0,0,0,"Gold Saucer, mon amour<Indent/>! Tu es le plus beau des parcs d'attractions<Indent/>!","","","","","","","","","",""
255,1,0,False,0,2,764,False,0,0,0,0,0,0,0,0,0,0,"Je me suis mis sur mon trente-et-un, et voilà que tout le monde me regarde bizarrement...","","","","","","","","","",""
256,1,0,False,0,2,764,False,0,0,0,0,0,0,0,0,0,0,"J'ai l'impression que vous m'observez depuis un bon moment...","","","","","","","","","",""
257,1,0,False,0,2,764,False,0,0,0,0,0,0,0,0,0,0,"Cet endroit est vraiment incroyable... Y a pas à dire, les Manderville sont des génies<Indent/>!","","","","","","","","","",""
258,1,0,False,0,2,764,False,0,0,0,0,0,0,0,0,0,0,"On s'éclate comme des petits fous ici<Indent/>! Voyons voir, à quoi est-ce que je vais bien pouvoir jouer maintenant<Indent/>? Hmm...","","","","","","","","","",""
259,1,0,False,0,2,764,False,0,0,0,0,0,0,0,0,0,0,"Viens, on va s'amuser ensemble<Indent/>!","","","","","","","","","",""
260,1,0,False,0,2,764,False,0,0,0,0,0,0,0,0,0,0,"Pas le temps de s'ennuyer au Gold Saucerrr<Indent/>! Et toi, comment ça va<Indent/>?","","","","","","","","","",""
261,1,0,False,0,2,764,False,0,0,0,0,0,0,0,0,0,0,"Un imp a fait irruption dans le Gold Saucer<Indent/>? Mais que fait la sécurrrité<Indent/>?","","","","","","","","","",""
262,1,0,False,0,2,764,False,0,0,0,0,0,0,0,0,0,0,"J'ai comme l'impression qu'on me regarde, mais c'est peut-être aussi parce que j'ai un peu bu...","","","","","","","","","",""
263,1,0,False,0,2,764,False,0,0,0,0,0,0,0,0,0,0,"C'est moi ou tout le monde me regarrrde<Indent/>?","","","","","","","","","",""
264,1,0,False,0,2,764,False,0,0,0,0,0,0,0,0,0,0,"Qu'est-ce qu'on est bien ici, quand même... Je me sens tellement à l'aise qu'un imp pourrait prendre mon apparence et je ne m'en rendrais même pas compte<Indent/>!","","","","","","","","","",""
265,1,0,False,0,2,764,False,0,0,0,0,0,0,0,0,0,0,"J'ai le sentiment que tout le monde me dévisage depuis tout à l'heure, c'est flatteur et désagréable à la fois...","","","","","","","","","",""
266,1,0,False,0,2,764,False,0,0,0,0,0,0,0,0,0,0,"Je ne comprends pas pourquoi vous me regardez comme ça depuis tout à l'heure. Ma tenue est pourtant tout ce qu'il y a de plus banal.","","","","","","","","","",""
267,1,0,False,0,2,764,False,0,0,0,0,0,0,0,0,0,0,"Quoi, qu'est-ce qu'il y a encore<Indent/>? Depuis peu, tout le monde se bouscule pour m'observer... Maman, j'ai peur...","","","","","","","","","",""
268,1,0,False,0,2,764,False,0,0,0,0,0,0,0,0,0,0,"Le Gold Saucer ne manque pas d'attractions mais du coup, je ne sais toujours pas ce que je vais essayer en premier...","","","","","","","","","",""
269,1,0,False,0,2,764,False,0,0,0,0,0,0,0,0,0,0,"Ha ha ha<Indent/>! Je sais pas pourquoi, mais je rigole quand même<Indent/>! Ha ha ha<Indent/>!","","","","","","","","","",""
270,1,0,False,0,2,764,False,0,0,0,0,0,0,0,0,0,0,"Tu es au courant de ce qui se passe ici, toi<Indent/>? Tout le monde me regarde depuis tout à l'heure mais je ne sais pas pourquoi...","","","","","","","","","",""
271,1,0,False,0,2,764,False,0,0,0,0,0,0,0,0,0,0,"Si tout le monde me regarde comme ça, ça veut dire que mon charme produit enfin ses effets. C'est pas trop tôt<Indent/>!","","","","","","","","","",""
272,1,0,False,0,2,764,False,0,0,0,0,0,0,0,0,0,0,"Tu ne sens pas quelque chose de bizarre<Indent/>? Comme si une sorte de petite créature espiègle s'était introduite parmi nous<Indent/>?","","","","","","","","","",""
273,1,0,False,0,2,764,False,0,0,0,0,0,0,0,0,0,0,"Si jamais j'attrape cet imp de malheur, je vais lui en faire voir de toutes les couleurs<Indent/>!","","","","","","","","","",""
274,1,0,False,0,2,764,False,0,0,0,0,0,0,0,0,0,0,"Voilà donc le fameux Gold Saucer... À vrai dire, je m'attendais à mieux...","","","","","","","","","",""
275,1,0,False,0,2,764,False,0,0,0,0,0,0,0,0,0,0,"Je sais pourquoi vous me regardez tous<Indent/>! J'ai gagné au Méga Cactpot et vous êtes tous jaloux<Indent/>! Ha ha ha<Indent/>!","","","","","","","","","",""
276,2,0,False,0,2,764,False,0,0,0,0,0,0,0,0,0,0,"Souhaitez-vous participer à ce JACTA<Indent/>?","Oui","Non","","","","","","","",""
277,2,0,False,0,2,764,False,0,0,0,0,0,0,0,0,0,0,"Souhaitez-vous participer à ce JACTA<Indent/>?","Oui","Non","","","","","","","",""
278,1,0,False,0,2,764,False,0,0,0,0,0,0,0,0,0,0,"Oublions tous nos problèmes et amusons-nous<Indent/>!","","","","","","","","","",""
279,1,0,False,0,2,764,False,0,0,0,0,0,0,0,0,0,0,"Moi, un imp<Indent/>? Ses vêtements seraient un peu trop petits pour moi, tu ne crois pas<Indent/>?","","","","","","","","","",""
280,1,0,False,0,2,764,False,0,0,0,0,0,0,0,0,0,0,"Euh... J'ai fait quelque chose de mal pour être au centre de tous les regards depuis tout à l'heure<Indent/>?","","","","","","","","","",""
281,1,0,True,290,2,764,False,0,0,0,0,0,0,0,0,0,0,"Plus votre chocobo progresse, plus sa cote augmente et plus il peut concourir dans des courrrses de haut niveau. C'est aussi simple que ça<Indent/>!","","","","","","","","","",""
282,1,0,True,294,2,764,False,0,0,0,0,0,0,0,0,0,0,"S'il y a bien une chose que vous apprendrez avec l'expérience, c'est que la victoire ne revient pas toujourrrs au plus rapide. Bien souvent, c'est le jockey qui utilise le plus judicieusement les objets acquis durant la course qui franchit la ligne d'arrivée en tête.","","","","","","","","","",""
283,1,0,True,296,2,764,False,0,0,0,0,0,0,0,0,0,0,"Vous avez raison de vous intéresser aux objets de courrrse<Indent/>! Après tout, on dit bien que l'homme qui s'est préparé au combat l'a déjà à moitié gagné, pas vrai<Indent/>?","","","","","","","","","",""
284,1,0,True,306,2,764,False,0,0,0,0,0,0,0,0,0,0,"Tout comme les objets, les aptitudes de course peuvent procurer d'énormes avantages quand elles sont utilisées habilement.","","","","","","","","","",""
285,1,0,True,308,2,764,False,0,0,0,0,0,0,0,0,0,0,"Comme nos courses sont organisées en extérieur, elles sont de fait soumises aux caprices de la naturrre. Ce qui peut perturber certains chocobos peut en avantager d'autres.","","","","","","","","","",""
286,1,0,False,119,2,0,False,0,0,0,0,0,0,0,0,0,0,"Pour une somme modique, vous pouvez vous aussi ressentir l'adrénaline de la course... et peut-être la joie du trrriomphe<Indent/>!","","","","","","","","","",""
287,1,0,True,288,2,0,False,0,0,0,0,0,0,0,0,0,0,"En outre, il est interdit d'enregistrer plus d'un animal de course à la fois.","","","","","","","","","",""
288,1,0,True,293,2,0,False,0,0,0,0,0,0,0,0,0,0,"Par conséquent, si vous souhaitez changer de chocobo, vous devrez d'aborrrd mettre en retraite celui dont vous avez propriété avant de pouvoir inscrire le nouveau.","","","","","","","","","",""
289,1,0,False,119,2,0,False,0,0,0,0,0,0,0,0,0,0,"Lorsque vous vous inscrirez, je vous proposerai une sélection de courses adaptées au niveau de votre chocobo. Tout ce qu'il vous restera à faire ensuite, c'est choisirrr une catégorie et une course, et c'est tout<Indent/>!","","","","","","","","","",""
290,1,7,True,291,2,0,False,0,0,0,0,0,0,0,0,0,0,"Les catégories de courses auxquelles votre chocobo peut accéder évoluent en fonction de sa cote.","","","","","","","","","",""
291,1,7,True,292,2,0,False,0,0,0,0,0,0,0,0,0,0,"Une cote élevée vous permettra de participer à des courses remplies d'adrénaline dans les catégories supérieures. Notez toutefois que l'inverse est aussi vrai, car les chocobos dont la cote est trop élevée ne peuvent plus concourir dans les catégories les plus basses.","","","","","","","","","",""
292,1,7,False,119,2,0,False,0,0,0,0,0,0,0,0,0,0,"Pour voir la cote actuelle de votre chocobo de course, ouvrez la fenêtre <UIForeground>F201FA</UIForeground><UIGlow>F201FB</UIGlow>Gold Saucer<UIGlow>01</UIGlow><UIForeground>01</UIForeground> à partir de la rubrique <UIForeground>F201FA</UIForeground><UIGlow>F201FB</UIGlow>Personnage<UIGlow>01</UIGlow><UIForeground>01</UIForeground> du menu principal et sélectionnez l'option <UIForeground>F201FA</UIForeground><UIGlow>F201FB</UIGlow>Chocobo<UIGlow>01</UIGlow><UIForeground>01</UIForeground>.","","","","","","","","","",""
293,1,0,False,119,2,0,False,0,0,0,0,0,0,0,0,0,0,"Notez enfin que vous pourrez vous procurer des certificats de jeune chocobo auprrrès de la maquignonne du ranch de Brancharquée.","","","","","","","","","",""
294,1,0,True,295,2,0,False,0,0,0,0,0,0,0,0,0,0,"Ces objets sont enfermés dans des coffres au trésor disséminés à divers endrrroits sur les pistes. Gardez bien les yeux ouverts et utilisez-les à bon escient<Indent/>!","","","","","","","","","",""
295,1,7,False,119,2,0,False,0,0,0,0,0,0,0,0,0,0,"Les objets de course acquis sont ajoutés au<SoftHyphen/>to<SoftHyphen/>ma<SoftHyphen/>ti<SoftHyphen/>que<SoftHyphen/>ment dans la barre de raccourcis et s'utilisent de la même façon que les actions.","","","","","","","","","",""
296,1,7,True,297,2,0,False,0,0,0,0,0,0,0,0,0,0,"<UIForeground>F201F4</UIForeground><UIGlow>F201F5</UIGlow>Choco-potion<UIGlow>01</UIGlow><UIForeground>01</UIForeground>
Restaure 10% de l'énergie.",".","","","","","","","","",""
297,1,7,True,298,2,0,False,0,0,0,0,0,0,0,0,0,0,"<UIForeground>F201F4</UIForeground><UIGlow>F201F5</UIGlow>Potion de frénésie<UIGlow>01</UIGlow><UIForeground>01</UIForeground>
Empêche l'énergie de baisser pendant 10 secondes. Restaure un peu d'énergie si elle est à 0.","","","","","","","","","",""
298,1,7,True,299,2,0,False,0,0,0,0,0,0,0,0,0,0,"<UIForeground>F201F4</UIForeground><UIGlow>F201F5</UIGlow>Sandales de course<UIGlow>01</UIGlow><UIForeground>01</UIForeground>
Votre chocobo sprinte à vitesse maximale.","","","","","","","","","",""
299,1,7,True,300,2,0,False,0,0,0,0,0,0,0,0,0,0,"<UIForeground>F201F4</UIForeground><UIGlow>F201F5</UIGlow>Choco-éther<UIGlow>01</UIGlow><UIForeground>01</UIForeground>
Permet de réutiliser une aptitude déjà utilisée.","","","","","","","","","",""
300,1,7,True,301,2,0,False,0,0,0,0,0,0,0,0,0,0,"<UIForeground>F201F4</UIForeground><UIGlow>F201F5</UIGlow>Graviballe<UIGlow>01</UIGlow><UIForeground>01</UIForeground>
Inflige Pesanteur au chocobo situé devant le vôtre dans le classement.","","","","","","","","","",""
301,1,7,True,302,2,0,False,0,0,0,0,0,0,0,0,0,0,"<UIForeground>F201F4</UIForeground><UIGlow>F201F5</UIGlow>Eau de Bacchus<UIGlow>01</UIGlow><UIForeground>01</UIForeground>
Inflige Fébrilité au chocobo situé devant le vôtre dans le classement.","","","","","","","","","",""
302,1,7,True,303,2,0,False,0,0,0,0,0,0,0,0,0,0,"<UIForeground>F201F4</UIForeground><UIGlow>F201F5</UIGlow>Couronne de ronces<UIGlow>01</UIGlow><UIForeground>01</UIForeground>
Crée un champ de force autour du chocobo. Tout adversaire qui y pénètre perd de l'énergie.","","","","","","","","","",""
303,1,7,True,481,2,0,False,0,0,0,0,0,0,0,0,0,0,"<UIForeground>F201F4</UIForeground><UIGlow>F201F5</UIGlow>Nectar d'héroïsme<UIGlow>01</UIGlow><UIForeground>01</UIForeground>
Certaines ca<SoftHyphen/>rac<SoftHyphen/>té<SoftHyphen/>ris<SoftHyphen/>ti<SoftHyphen/>ques de votre chocobo sont renforcées pendant 15 secondes, et toutes les altérations d'état deviennent ineffectives.","","","","","","","","","",""
304,1,7,True,305,2,0,False,0,0,0,0,0,0,0,0,0,0,"<UIForeground>F201F4</UIForeground><UIGlow>F201F5</UIGlow>Choco-météores<UIGlow>01</UIGlow><UIForeground>01</UIForeground>
Une pluie de météores s'abat sur tous les chocobos situés devant le vôtre dans le classement.","","","","","","","","","",""
305,1,0,False,119,2,764,False,0,0,0,0,0,0,0,0,0,0,"Ne vous inquiétez pas, après quelques courrrses vous connaîtrez les effets de ces objets sur le bout des doigts.","","","","","","","","","",""
306,1,0,True,307,2,0,False,0,0,0,0,0,0,0,0,0,0,"Les aptitudes se divisent en deux types<Indent/>: il y a les temporaires, que vous pouvez utiliser pendant une durée limitée, et les passives, qui rrrestent actives pendant toute la durée de la course.","","","","","","","","","",""
307,1,0,False,119,2,0,False,0,0,0,0,0,0,0,0,0,0,"Celles qui accordent des avantages pendant une certaine durrrée ne peuvent être utilisées qu'une fois par course, aussi faites bien attention à ne pas les gaspiller inutilement.","","","","","","","","","",""
308,1,0,True,309,2,0,False,0,0,0,0,0,0,0,0,0,0,"En effet, les chocobos de course ont des gènes qui les rendent davantage vulnérables à certains types de temps. Ceux qui aiment la pluie et les orrrages sont dits “ombrophiles”, tandis que ceux qui aiment le soleil et la chaleur sont dits “héliophiles”.","","","","","","","","","",""
309,1,0,False,119,2,0,False,0,0,0,0,0,0,0,0,0,0,"Bien sûr, quand les chocobos concourent dans des conditions contraires à leurs préférences, leurs perforrrmances en pâtissent.","","","","","","","","","",""
310,1,0,True,316,2,764,False,0,0,0,0,0,0,0,0,0,0,"Maintenant que vous maîtrisez les prrrincipes fondamentaux, vous pouvez commencer à concourir dans les catégories réservées aux amateurs.","","","","","","","","","",""
311,0,0,False,0,0,0,False,0,0,0,0,0,0,0,0,0,0,"","","","","","","","","","",""
312,3,0,False,0,0,0,False,0,0,0,0,0,0,0,0,0,0,"挑戦には<Format(IntegerParameter(1),FF022C)/>MGPが必要です","","","","","","","","","",""
313,3,0,False,0,0,0,False,0,0,0,0,0,0,0,0,0,0,"挑戦には<Format(IntegerParameter(1),FF022C)/>MGPが必要です","","","","","","","","","",""
314,3,0,False,0,0,0,False,0,0,0,0,0,0,0,0,0,0,"挑戦には<Format(IntegerParameter(1),FF022C)/>MGPが必要です","","","","","","","","","",""
315,3,0,False,0,0,0,False,0,0,0,0,0,0,0,0,0,0,"挑戦には<Format(IntegerParameter(1),FF022C)/>MGPが必要です","","","","","","","","","",""
316,1,7,True,317,2,0,False,0,0,0,0,0,0,0,0,0,0,"Les catégories de course auxquelles votre animal peut accéder sont déterminées par sa <UIForeground>F201FA</UIForeground><UIGlow>F201FB</UIGlow>cote<UIGlow>01</UIGlow><UIForeground>01</UIForeground>. Plus cette valeur augmente, plus les courses proposées deviennent corsées et palpitantes.","","","","","","","","","",""
317,1,7,False,118,2,0,False,0,0,0,0,0,0,0,0,0,0,"Pour voir la cote actuelle de votre chocobo de course, ouvrez la fenêtre <UIForeground>F201FA</UIForeground><UIGlow>F201FB</UIGlow>Gold Saucer<UIGlow>01</UIGlow><UIForeground>01</UIForeground> à partir de la rubrique <UIForeground>F201FA</UIForeground><UIGlow>F201FB</UIGlow>Personnage<UIGlow>01</UIGlow><UIForeground>01</UIForeground> du menu principal et sélectionnez l'option <UIForeground>F201FA</UIForeground><UIGlow>F201FB</UIGlow>Chocobo<UIGlow>01</UIGlow><UIForeground>01</UIForeground>.","","","","","","","","","",""
318,1,0,False,319,2,764,False,0,0,0,0,0,0,0,0,0,0,"Tu veux que je te dise<Indent/>? Moi, le Gold Saucer, ça me rend agoraphobe. Non seulement la foule m'oppresse, mais un imp malfaisant a décidé de prendre mon apparence pour jouer un sale tour aux autres clients...","","","","","","","","","",""
319,1,0,False,163,2,0,False,0,0,0,0,0,0,0,0,0,0,"Prends cette boule puante, retrouve mon sosie et fais passer l'envie de recommencer à cet imp. Et vite si possible, parce que je commence à avoir des sueurs froides...","","","","","","","","","",""
320,1,0,False,321,2,764,False,0,0,0,0,0,0,0,0,0,0,"Ma copine est venue me dire tout à l'heure qu'un imp avait pris mon apparence... Tu le crois, ça<Indent/>? Du coup, comme elle est incapable de distinguer l'original de la copie, elle a décidé de ne plus me parler tant que cette affaire ne serait pas réglée...","","","","","","","","","",""
321,1,0,False,163,2,0,False,0,0,0,0,0,0,0,0,0,0,"Tu veux bien prendre cette boule puante et la jeter à la figure de mon sosie une fois que tu l'auras retrouvé<Indent/>? Ça me rendrait vraiment service, tu sais. Je ne veux pas me retrouver seul le soir...","","","","","","","","","",""
322,1,0,False,323,2,764,False,0,0,0,0,0,0,0,0,0,0,"Mais pourquoi personne ne veut me croire<Indent/>? Combien de fois devrai-je répéter qu'un imp a pris mon apparence et qu'il risque de s'en prendre aux autres clients<Indent/>? Ce que les gens peuvent être défiants, c'est incroyable...","","","","","","","","","",""
323,1,0,False,163,2,0,False,0,0,0,0,0,0,0,0,0,0,"Aventuri<If(PlayerParameter(4))>ère<Else/>er</If>, tu es mon seul espoir<Indent/>! Retrouve mon sosie parfait au milieu de cette foule et jette-lui cette boule puante au visage. Avec ça, ce satané imp ne fera plus de mal à personne<Indent/>!","","","","","","","","","",""
324,1,0,False,0,2,764,False,0,0,0,0,0,0,0,0,0,0,"(tousse) Quelle puanteur<Indent/>! Je vais de ce pas me plaindre à la direction<Indent/>!","","","","","","","","","",""
325,1,0,False,0,2,764,False,0,0,0,0,0,0,0,0,0,0,"Mais c'est infect<Indent/>! Comment un éta<SoftHyphen/>blis<SoftHyphen/>se<SoftHyphen/>ment aussi renommé peut-il traiter ses clients ainsi<Indent/>?","","","","","","","","","",""
326,1,0,False,0,2,764,False,0,0,0,0,0,0,0,0,0,0,"(tousse) C'est donc ça, la nouvelle attraction tant attendue<Indent/>? J'ai bien peur qu'il faille réviser quelques détails...","","","","","","","","","",""
327,1,0,False,0,2,764,False,0,0,0,0,0,0,0,0,0,0,"C'est raté<Indent/>? Tant pis, qu'est-ce que tu veux que je te dise... Essaye de faire mieux la prochaine fois<Indent/>!","","","","","","","","","",""
328,1,0,False,0,2,764,False,0,0,0,0,0,0,0,0,0,0,"Tu n'as pas retrouvé l'imp<Indent/>? Dommage... Il faut dire que ce n'était pas évident.","","","","","","","","","",""
329,1,0,False,0,2,764,False,0,0,0,0,0,0,0,0,0,0,"Ah là là, l'imp a réussi à s'enfuir... La prochaine fois, observe-moi un peu mieux.","","","","","","","","","",""
330,1,0,False,0,2,764,False,0,0,0,0,0,0,0,0,0,0,"Tu n'as pas réussi à débusquer ce maudit imp<Indent/>? Qu'importe, je le pourchasserai au bout du monde s'il le faut. À la revoyure<Indent/>!","","","","","","","","","",""
331,1,0,False,0,2,764,False,0,0,0,0,0,0,0,0,0,0,"Tu as échoué<Indent/>? Oh non... Tu aurais dû m'observer un peu plus longtemps, pardi<Indent/>! La prochaine fois, ne sois pas aussi timide, d'accord<Indent/>?","","","","","","","","","",""
332,1,0,False,0,2,764,False,0,0,0,0,0,0,0,0,0,0,"C'est dommage que tu n'aies pas retrouvé l'imp, mais mieux vaut ne plus y penser. Je m'excuserai pour toi auprès de l'innocente qui doit sentir très mauvais à l'heure qu'il est...","","","","","","","","","",""
333,1,0,False,0,2,764,False,0,0,0,0,0,0,0,0,0,0,"Tu t'es trompé<If(PlayerParameter(4))>e<Else/></If> de sosie<Indent/>? Aïe... Tant pis...","","","","","","","","","",""
334,1,0,False,0,2,764,False,0,0,0,0,0,0,0,0,0,0,"On dirait que l'imp a réussi à s'enfuir... Ce n'est pas grave, tu feras mieux la prochaine fois.","","","","","","","","","",""
335,1,0,False,0,2,764,False,0,0,0,0,0,0,0,0,0,0,"Vous avez échoué<Indent/>? Vous m'en voyez navrée... Mais je suis certaine que vous aurez l'occasion de retenter votre chance.","","","","","","","","","",""
336,1,0,False,0,2,764,False,0,0,0,0,0,0,0,0,0,0,"Si même un<If(PlayerParameter(4))>e aventurière<Else/> aventurier</If> comme toi n'arrive pas à débusquer cet imp, il ne me reste plus qu'à tenter de le retrouver tout seul la prochaine fois. À moins que tu penses pouvoir faire mieux<Indent/>?","","","","","","","","","",""
337,1,0,False,0,2,764,False,0,0,0,0,0,0,0,0,0,0,"Tu as laissé l'imp s'échapper<Indent/>? Dommage... J'aurais bien voulu t'aider, mais je n'avais vraiment pas confiance en moi.","","","","","","","","","",""
338,1,0,False,0,2,764,False,0,0,0,0,0,0,0,0,0,0,"Vous n'avez pas réussi à démasquer l'imp<Indent/>? Dommage... Enfin, ce n'est pas grave. Merci quand même<Indent/>!","","","","","","","","","",""
339,1,0,False,0,2,764,False,0,0,0,0,0,0,0,0,0,0,"Quoi, l'imp s'est enfui<Indent/>? Argh, je me vengerai<Indent/>!","","","","","","","","","",""
340,1,0,False,0,2,764,False,0,0,0,0,0,0,0,0,0,0,"Je ne t'en veux pas de n'avoir pas réussi à retrouver cet imp, mais ça me fait tout de même bizarre de savoir que j'ai un frère jumeau qui se balade dans la nature maintenant...","","","","","","","","","",""
341,1,0,False,0,2,764,False,0,0,0,0,0,0,0,0,0,0,"L'imp s'est échappé<Indent/>? Ne t'inquiète pas, je ne t'en veux pas. Ces sales bêtes ont toujours plus d'un tourrr dans leur sac<Indent/>!","","","","","","","","","",""
342,1,0,False,0,2,764,False,0,0,0,0,0,0,0,0,0,0,"Quel dommage que tu n'aies pas rrréussi à retrouver l'imp... D'un autre côté, il y avait tellement de sosies...","","","","","","","","","",""
343,1,0,False,0,2,764,False,0,0,0,0,0,0,0,0,0,0,"Je crois que nous allons devoir rrrenoncer à donner une correction à cet imp... De toute façon, je n'ai plus de boules puantes en stock.","","","","","","","","","",""
344,1,0,False,0,2,764,False,0,0,0,0,0,0,0,0,0,0,"C'est vraiment dommage... L'imp nous a roulé<If(PlayerParameter(4))>e<Else/></If>s dans la farrrine, il faut bien l'admettre<Indent/>!","","","","","","","","","",""
345,1,0,False,0,2,764,False,0,0,0,0,0,0,0,0,0,0,"On ne peut pas gagner à tous les coups, pas vrai<Indent/>? Tu feras mieux la prrrochaine fois<Indent/>!","","","","","","","","","",""
346,1,0,False,0,2,764,False,0,0,0,0,0,0,0,0,0,0,"Qu'il est rusé, cet imp<Indent/>! Mais il ne perd rien pour attendre...","","","","","","","","","",""
347,1,0,False,0,2,764,False,0,0,0,0,0,0,0,0,0,0,"Eh bien, moi qui pensais que ma beauté sans pareille serait suffisante pour que tu retrouves mon sosie sans problème... Tu es sûr<If(PlayerParameter(4))>e<Else/></If> que tu n'as pas besoin de lunettes<Indent/>?","","","","","","","","","",""
348,1,0,False,0,2,764,False,0,0,0,0,0,0,0,0,0,0,"Ne vous excusez pas, c'est de ma faute. J'aurais dû aller chez le coiffeur hier comme je l'avais prévu.","","","","","","","","","",""
349,1,0,False,0,2,764,False,0,0,0,0,0,0,0,0,0,0,"L'imp a été le plus fort cette fois... mais ce n'est que partie remise, pas vrai<Indent/>?","","","","","","","","","",""
350,1,0,False,0,2,764,False,0,0,0,0,0,0,0,0,0,0,"Dommage... En plus, je n'ai plus de boules puantes. Je crois que nous allons devoir abandonner la chasse à l'imp.","","","","","","","","","",""
351,1,0,False,0,2,764,False,0,0,0,0,0,0,0,0,0,0,"Hein<Indent/>!? L'imp s'est échappé<Indent/>? Si jamais je le retrouve, je lui ferai passer un sale quart d'heure, tu peux compter sur moi<Indent/>!","","","","","","","","","",""
352,1,0,False,0,2,764,False,0,0,0,0,0,0,0,0,0,0,"Quelle déception... Ma beauté ne serait donc pas une évidence pour tout le monde<Indent/>?","","","","","","","","","",""
353,1,0,False,0,2,764,False,0,0,0,0,0,0,0,0,0,0,"Tu as échoué<Indent/>? Tu m'en vois navré... Avec un tel nombre de sosies, il faut bien dire que ce n'était pas évident<Indent/>!","","","","","","","","","",""
354,1,0,False,0,2,764,False,0,0,0,0,0,0,0,0,0,0,"Tu n'as pas réussi à retrouver l'imp<Indent/>? Trop de sosies, pro<SoftHyphen/>ba<SoftHyphen/>ble<SoftHyphen/>ment...","","","","","","","","","",""
355,1,0,False,0,2,764,False,0,0,0,0,0,0,0,0,0,0,"Dommage, dommage... D'un autre côté, ça ne doit pas être évident de se retrouver au milieu de tout un tas de grands gaillards comme moi<Indent/>!","","","","","","","","","",""
356,1,0,False,0,2,764,False,0,0,0,0,0,0,0,0,0,0,"Dommage, il s'en est fallu de peu... Pas la peine de te faire de bile, je suis sûr que tu y arriveras la prochaine fois<Indent/>!","","","","","","","","","",""
357,1,0,False,0,2,764,False,0,0,0,0,0,0,0,0,0,0,"L'imp est dans la nature<Indent/>? Oh non, mon compte en banque<Indent/>!","","","","","","","","","",""
358,1,0,False,0,2,764,False,0,0,0,0,0,0,0,0,0,0,"L'imp a réussi à s'échapper<Indent/>? Mince... Désolé de ne pas avoir pu t'aider davantage...","","","","","","","","","",""
359,1,0,False,0,2,764,False,0,0,0,0,0,0,0,0,0,0,"Oh non, quel dommage<Indent/>! Ces satanés imps sont vraiment très malins...","","","","","","","","","",""
360,1,0,False,0,2,764,False,0,0,0,0,0,0,0,0,0,0,"Ça alors, je n'aurais jamais cru que tu échouerais... Enfin, le principal, c'est que tu aies essayé<Indent/>!","","","","","","","","","",""
361,1,0,False,0,2,764,False,0,0,0,0,0,0,0,0,0,0,"Ouf, on a évité la catastrophe de peu<Indent/>! Merci encore pour ton aide<Indent/>!","","","","","","","","","",""
362,1,0,False,0,2,764,False,0,0,0,0,0,0,0,0,0,0,"Bravo, tu es vraiment <If(PlayerParameter(4))>la meilleure<Else/>le meilleur</If><Indent/>! Honnêtement, c'était pas évident de s'y retrouver parmi tous ces sosies<Indent/>!","","","","","","","","","",""
363,1,0,False,0,2,764,False,0,0,0,0,0,0,0,0,0,0,"Merci beaucoup, aventuri<If(PlayerParameter(4))>ère<Else/>er</If><Indent/>! Grâce à toi, je vais pouvoir retourner m'amuser comme un petit fou<Indent/>!","","","","","","","","","",""
364,1,0,False,0,2,764,False,0,0,0,0,0,0,0,0,0,0,"Fé<SoftHyphen/>li<SoftHyphen/>ci<SoftHyphen/>ta<SoftHyphen/>tions, aventuri<If(PlayerParameter(4))>ère<Else/>er</If><Indent/>! Je savais que je pouvais compter sur toi<Indent/>!","","","","","","","","","",""
365,1,0,False,0,2,764,False,0,0,0,0,0,0,0,0,0,0,"Le Gold Saucer tout entier te doit une fière chandelle, aventuri<If(PlayerParameter(4))>ère<Else/>er</If><Indent/>! Quant à cet imp de malheur, ça lui apprendra<Indent/>!","","","","","","","","","",""
366,1,0,False,0,2,764,False,0,0,0,0,0,0,0,0,0,0,"Bien joué<Indent/>! Grâce à toi, il n'y en aura pas deux comme moi en Éorzéa, hi hi hi...","","","","","","","","","",""
367,1,0,False,0,2,764,False,0,0,0,0,0,0,0,0,0,0,"Bravo, aventuri<If(PlayerParameter(4))>ère<Else/>er</If><Indent/>! Qu'est-ce qu'on ferait sans toi<Indent/>?","","","","","","","","","",""
368,1,0,False,0,2,764,False,0,0,0,0,0,0,0,0,0,0,"Fé<SoftHyphen/>li<SoftHyphen/>ci<SoftHyphen/>ta<SoftHyphen/>tions<Indent/>! Ton sens de l'observation n'est plus à prouver, désormais<Indent/>!","","","","","","","","","",""
369,1,0,False,0,2,764,False,0,0,0,0,0,0,0,0,0,0,"Merci beaucoup, aventuri<If(PlayerParameter(4))>ère<Else/>er</If><Indent/>! Au moins, je sais que je pourrai faire appel à vous si cet imp revient m'embêter<Indent/>!","","","","","","","","","",""
370,1,0,False,0,2,764,False,0,0,0,0,0,0,0,0,0,0,"Un grand merci à toi, aventuri<If(PlayerParameter(4))>ère<Else/>er</If><Indent/>! Tu m'as reconnu comme pas deux<Indent/>!","","","","","","","","","",""
371,1,0,False,0,2,764,False,0,0,0,0,0,0,0,0,0,0,"Rien à dire, c'était du travail de pro<Indent/>! Merci beaucoup<Indent/>!","","","","","","","","","",""
372,1,0,False,0,2,764,False,0,0,0,0,0,0,0,0,0,0,"Vous avez réussi<Indent/>! Pourtant, c'était comme chercher une aiguille dans une botte de foin... Fé<SoftHyphen/>li<SoftHyphen/>ci<SoftHyphen/>ta<SoftHyphen/>tions<Indent/>!","","","","","","","","","",""
373,1,0,False,0,2,764,False,0,0,0,0,0,0,0,0,0,0,"Tu es <If(PlayerParameter(4))>la meilleure<Else/>le meilleur</If>, aventuri<If(PlayerParameter(4))>ère<Else/>er</If><Indent/>! Quant à cet imp, je lui aurais bien mis un coup de pied là où je pense, mais ce sera pour la prochaine fois<Indent/>!","","","","","","","","","",""
374,1,0,False,0,2,764,False,0,0,0,0,0,0,0,0,0,0,"Tu as réussi à démasquer ce petit coquin, bravo<Indent/>! Au moins, je n'aurai pas à me coltiner un frère jumeau pour le restant de mes jours...","","","","","","","","","",""
375,1,0,False,0,2,764,False,0,0,0,0,0,0,0,0,0,0,"Merrrci, aventuri<If(PlayerParameter(4))>ère<Else/>er</If><Indent/>! Je savais que je pouvais avoir confiance en toi. D'ailleurs, je te contacterai par linkperle si l'imp revient faire des siennes, d'accord<Indent/>?","","","","","","","","","",""
376,1,0,False,0,2,764,False,0,0,0,0,0,0,0,0,0,0,"Tu t'en es sorti<If(PlayerParameter(4))>e<Else/></If> comme un chef, aventuri<If(PlayerParameter(4))>ère<Else/>er</If><Indent/>! C'était pourrrtant pas évident avec toutes ces Miqo'tes qui me ressemblent<Indent/>!","","","","","","","","","",""
377,1,0,False,0,2,764,False,0,0,0,0,0,0,0,0,0,0,"Merrrci beaucoup, aventuri<If(PlayerParameter(4))>ère<Else/>er</If><Indent/>! J'espère vraiment que cet imp ne nous embêtera plus<Indent/>!","","","","","","","","","",""
378,1,0,False,0,2,764,False,0,0,0,0,0,0,0,0,0,0,"Tu as été absolument sensationnel<If(PlayerParameter(4))>le<Else/></If><Indent/>! Pendant un moment, j'ai cru que j'allais m'évanouir<Indent/>! Il faut vraiment que je dorme, moi...","","","","","","","","","",""
379,1,0,False,0,2,764,False,0,0,0,0,0,0,0,0,0,0,"Bravo, aventuri<If(PlayerParameter(4))>ère<Else/>er</If><Indent/>! Quant à ce maudit imp, j'espère que ça lui serrrvira de leçon<Indent/>! On peut toujours rêver...","","","","","","","","","",""
380,1,0,False,0,2,764,False,0,0,0,0,0,0,0,0,0,0,"Tu as été formidable, aventuri<If(PlayerParameter(4))>ère<Else/>er</If>. Un sens de l'observation pareil, ça ne se rencontre pas tous les jours<Indent/>!","","","","","","","","","",""
381,1,0,False,0,2,764,False,0,0,0,0,0,0,0,0,0,0,"Bravo, aventuri<If(PlayerParameter(4))>ère<Else/>er</If><Indent/>! Je vais donc rester la plus belle des plus belles pour l'éternité, et c'est très bien ainsi<Indent/>!","","","","","","","","","",""
382,1,0,False,0,2,764,False,0,0,0,0,0,0,0,0,0,0,"Ouf, nous sommes sauvés... Heu<SoftHyphen/>reu<SoftHyphen/>se<SoftHyphen/>ment que vous étiez là. Sinon, j'aurais été obligée de m'y coller moi-même...","","","","","","","","","",""
383,1,0,False,0,2,764,False,0,0,0,0,0,0,0,0,0,0,"Fé<SoftHyphen/>li<SoftHyphen/>ci<SoftHyphen/>ta<SoftHyphen/>tions, aventuri<If(PlayerParameter(4))>ère<Else/>er</If><Indent/>! C'en est fini de cette imp-osture<Indent/>!","","","","","","","","","",""
384,1,0,False,0,2,764,False,0,0,0,0,0,0,0,0,0,0,"Ah, cette mauvaise blague est enfin terminée<Indent/>! Merci infiniment, aventuri<If(PlayerParameter(4))>ère<Else/>er</If><Indent/>!","","","","","","","","","",""
385,1,0,False,0,2,764,False,0,0,0,0,0,0,0,0,0,0,"Bravo, aventuri<If(PlayerParameter(4))>ère<Else/>er</If><Indent/>! J'espère que cet imp n'osera plus jamais montrer sa sale trogne<Indent/>! Ni la mienne, d'ailleurs...","","","","","","","","","",""
386,1,0,False,0,2,764,False,0,0,0,0,0,0,0,0,0,0,"Je savais que tu me retrouverais sans problème<Indent/>! Ma beauté n'a d'égale que... ma beauté, quoi d'autre<Indent/>?","","","","","","","","","",""
387,1,0,False,0,2,764,False,0,0,0,0,0,0,0,0,0,0,"Tu es <If(PlayerParameter(4))>la plus forte<Else/>le plus fort</If>, aventuri<If(PlayerParameter(4))>ère<Else/>er</If><Indent/>! Retrouver mon sosie parfait au milieu de toute cette foule, il fallait le faire<Indent/>!","","","","","","","","","",""
388,1,0,False,0,2,764,False,0,0,0,0,0,0,0,0,0,0,"Merci beaucoup, aventuri<If(PlayerParameter(4))>ère<Else/>er</If><Indent/>! Que les Douze te protègent à jamais<Indent/>!","","","","","","","","","",""
389,1,0,False,0,2,764,False,0,0,0,0,0,0,0,0,0,0,"Eh bien, on dirait que tu t'en es sorti<If(PlayerParameter(4))>e<Else/></If> haut la main<Indent/>! Les gros baraqués n'ont pas l'air de t'effrayer le moins du monde. Tu iras loin, toi<Indent/>!","","","","","","","","","",""
390,1,0,False,0,2,764,False,0,0,0,0,0,0,0,0,0,0,"Pour un succès, c'est un sacré succès<Indent/>! Je n'ai même pas eu à bouger le petit doigt grâce à toi. Merci beaucoup<Indent/>!","","","","","","","","","",""
391,1,0,False,0,2,764,False,0,0,0,0,0,0,0,0,0,0,"Un grand merci, aventuri<If(PlayerParameter(4))>ère<Else/>er</If><Indent/>! Grâce à toi, je vais pouvoir continuer à économiser<Indent/>!","","","","","","","","","",""
392,1,0,False,0,2,764,False,0,0,0,0,0,0,0,0,0,0,"Super, merci beaucoup<Indent/>! Tu m'as même donné envie de trouver une solution à mon problème d'agoraphobie, dis donc<Indent/>!","","","","","","","","","",""
393,1,0,False,0,2,764,False,0,0,0,0,0,0,0,0,0,0,"Je vois qu'on peut te faire confiance, aventuri<If(PlayerParameter(4))>ère<Else/>er</If><Indent/>! Que les Douze t'octroient sagesse et vigueur pour le restant de tes jours<Indent/>!","","","","","","","","","",""
394,1,0,False,0,2,764,False,0,0,0,0,0,0,0,0,0,0,"Hourra, ce sale petit imp nous a enfin laissés tranquilles<Indent/>! Merci beaucoup, et si jamais tu as besoin de quoi que ce soit, n'hésite pas à faire appel à moi, d'accord<Indent/>?","","","","","","","","","",""
395,1,0,True,404,2,764,False,0,0,0,0,0,0,0,0,0,0,"Maintenant que votre chocobo est inscrit au registre, je vous suggère de commencer par le former aux prrrincipes de base des courses.","","","","","","","","","",""
396,1,0,True,397,2,764,False,0,0,0,0,0,0,0,0,0,0,"Comme vous le verrez, les courses sont divisées en différentes catégories. Je vais vous présenter brrrièvement celles auxquelles vous pourrez participer avec votre chocobo.","","","","","","","","","",""
397,1,0,True,398,2,0,False,0,0,0,0,0,0,0,0,0,0,"Il y a tout d'abord la catégorie débutants, qui est réservée aux animaux les moins ex<SoftHyphen/>pé<SoftHyphen/>ri<SoftHyphen/>men<SoftHyphen/>tés. Ces courses sont idéales pour se fairrre la main.","","","","","","","","","",""
398,1,0,True,399,2,0,False,0,0,0,0,0,0,0,0,0,0,"La catégorie dans laquelle vous pouvez concourir change en fonction de la cote de votre chocobo. Plus celle-ci est élevée, plus les jockeys que vous affronterez seront corrriaces.","","","","","","","","","",""
399,1,0,True,400,2,0,False,0,0,0,0,0,0,0,0,0,0,"Bien sûrrr, une catégorie élevée n'est pas uniquement synonyme de grande difficulté, mais aussi de récompenses in<SoftHyphen/>té<SoftHyphen/>res<SoftHyphen/>santes<Indent/>!","","","","","","","","","",""
400,1,7,False,0,2,0,False,0,0,0,0,0,0,0,0,0,0,"Vous pouvez relever les challenges de performance par l'intermédiaire de l'outil de mission.","","","","","","","","","",""
401,1,0,True,402,2,764,False,0,0,0,0,0,0,0,0,0,0,"Nous organisons des courses dans les principales régions d'Éorrrzéa. Vous pourrez concourir dans la forêt, le désert ou en bord de mer.","","","","","","","","","",""
402,1,0,True,403,2,0,False,0,0,0,0,0,0,0,0,0,0,"Les pistes sont de différentes longueurs et prrrésentent chacune des ca<SoftHyphen/>rac<SoftHyphen/>té<SoftHyphen/>ris<SoftHyphen/>ti<SoftHyphen/>ques propres à leur situation géographique.","","","","","","","","","",""
403,1,0,False,126,2,0,False,0,0,0,0,0,0,0,0,0,0,"Pour concourir au plus haut niveau, vous devrez apprendre à connaître chacune d'entre elles par cœurrr. Mais ne mettons pas la charrue avant les chocobos<Indent/>; contentez-vous de vous amuser pour l'instant.","","","","","","","","","",""
404,1,7,False,0,2,0,False,0,0,0,0,0,0,0,0,0,0,"Choisissez “Participer à une course” puis “Tutoriel” pour apprendre les rudiments des courses de chocobos.","","","","","","","","","",""
405,1,0,False,0,0,0,False,0,0,0,0,0,0,0,0,0,0,"C'est une évidence, mais vous devez d'aborrrd enregistrer un chocobo pour pouvoir participer aux courses. Adressez-vous donc à la dresseuse à ma gauche, c'est elle qui s'occupe de ces formalités.","","","","","","","","","",""
406,1,0,False,0,0,0,False,0,0,0,0,0,0,0,0,0,0,"Arrêtez de me coller aux basques<Indent/>! Vous ne voyez pas que je suis en train de danser<Indent/>?","","","","","","","","","",""
407,1,0,False,0,0,0,False,0,0,0,0,0,0,0,0,0,0,"J'ai fait tout le chemin depuis les terres d'Othard pour danser dans ce magnifique parc d'attraction<Indent/>!","","","","","","","","","",""
408,1,0,False,0,2,764,False,0,0,0,0,0,0,0,0,0,0,"<Unknown60>0203</Unknown60>Fé<SoftHyphen/>li<SoftHyphen/>ci<SoftHyphen/>ta<SoftHyphen/>tions<Indent/>! Vous avez touché le gros lot<Indent/>!
Tenez, voici vos <Format(IntegerParameter(1),FF05021D0103)/> points du Gold Saucer. Voulez-vous acheter un autre billet<Indent/>?","","","","","","","","","",""
409,1,0,False,0,2,764,False,0,0,0,0,0,0,0,0,0,0,"Vous n'avez pas décroché le gros lot, mais peut-être que vous aurez plus de chance la prochaine fois. D'ailleurs, voulez-vous acheter un autre billet<Indent/>?","","","","","","","","","",""
410,1,7,False,0,0,0,False,0,0,0,0,0,0,0,0,0,0,"Il faut posséder au moins trois mascottes pour pouvoir jouer au Choc des mascottes.","","","","","","","","","",""
411,14,0,False,0,0,0,False,412,0,414,416,0,0,0,0,0,0,"Choc des mascottes","Entraînement","Bataille simple","Tournoi","Guide de jeu","Annuler","","","","",""
412,15,0,False,411,0,0,False,0,0,0,0,0,0,0,0,0,0,"Entraînement","Retour","","","","","","","","",""
413,10,0,False,411,0,0,False,0,0,415,411,0,0,0,0,0,0,"Bataille simple","Contre un joueur (sans PR)","Contre un joueur (avec PR)","Contre l'ordinateur","Retour","","","","","",""
414,10,0,False,411,0,0,False,0,0,0,411,0,0,0,0,0,0,"Tournoi","Bataille de tournoi","Informations","Classement","Retour","","","","","",""
415,10,0,False,411,0,0,False,0,0,0,413,0,0,0,0,0,0,"Contre l'ordinateur","Facile","Normal","Brutal","Retour","","","","","",""
416,10,0,False,411,0,0,False,471,0,411,0,0,0,0,0,0,0,"Guide de jeu","Comment éditer la barre CdM","Comment jouer à CdM","Retour","","","","","","",""
417,0,0,False,0,0,0,False,0,0,0,0,0,0,0,0,0,0,"","","","","","","","","","",""
418,2,0,False,0,0,0,False,0,0,0,0,0,0,0,0,0,0,"<UIForeground>F201FA</UIForeground><UIGlow>F201FB</UIGlow>Choc des mascottes (CdM)<UIGlow>01</UIGlow><UIForeground>01</UIForeground>
Démontrez vos dons de stratège<Indent/>!

Jouer<Indent/>?","Oui","Non","","","","","","","",""
419,13,0,False,414,0,0,False,0,0,0,0,0,0,0,0,0,0,"<Value>IntegerParameter(1)</Value><If(Equal(IntegerParameter(1),1))>er<Else/>e</If> tournoi de CdM

Durée (temps réel)
Du <Time(IntegerParameter(2))/><Switch(TopLevelParameter(220))><Case(1)>dimanche</Case><Case(2)>lundi</Case><Case(3)>mardi</Case><Case(4)>mercredi</Case><Case(5)>jeudi</Case><Case(6)>vendredi</Case><Case(7)>samedi</Case></Switch> <Value>TopLevelParameter(219)</Value>.<Value>TopLevelParameter(221)</Value>.<Value>TopLevelParameter(222)</Value> (<If(TopLevelParameter(218))><Switch(TopLevelParameter(218))><Case(1)>1</Case><Case(2)>2</Case><Case(3)>3</Case><Case(4)>4</Case><Case(5)>5</Case><Case(6)>6</Case><Case(7)>7</Case><Case(8)>8</Case><Case(9)>9</Case><Case(10)>10</Case><Case(11)>11</Case><Case(12)>12</Case><Case(13)>13</Case><Case(14)>14</Case><Case(15)>15</Case><Case(16)>16</Case><Case(17)>17</Case><Case(18)>18</Case><Case(19)>19</Case><Case(20)>20</Case><Case(21)>21</Case><Case(22)>22</Case><Case(23)>23</Case></Switch><Else/>0</If>h)
  au <Time(IntegerParameter(3))/><Switch(TopLevelParameter(220))><Case(1)>dimanche</Case><Case(2)>lundi</Case><Case(3)>mardi</Case><Case(4)>mercredi</Case><Case(5)>jeudi</Case><Case(6)>vendredi</Case><Case(7)>samedi</Case></Switch> <Value>TopLevelParameter(219)</Value>.<Value>TopLevelParameter(221)</Value>.<Value>TopLevelParameter(222)</Value> (<If(TopLevelParameter(218))><Switch(TopLevelParameter(218))><Case(1)>1</Case><Case(2)>2</Case><Case(3)>3</Case><Case(4)>4</Case><Case(5)>5</Case><Case(6)>6</Case><Case(7)>7</Case><Case(8)>8</Case><Case(9)>9</Case><Case(10)>10</Case><Case(11)>11</Case><Case(12)>12</Case><Case(13)>13</Case><Case(14)>14</Case><Case(15)>15</Case><Case(16)>16</Case><Case(17)>17</Case><Case(18)>18</Case><Case(19)>19</Case><Case(20)>20</Case><Case(21)>21</Case><Case(22)>22</Case><Case(23)>23</Case></Switch><Else/>0</If>h)
Condition<Indent/>: <Sheet(MinionRules,IntegerParameter(4),1)/>
Règle<Indent/>: <Sheet(MinionRules,IntegerParameter(4),0)/>

","OK","","","","","","","","",""
420,13,0,False,414,0,0,False,0,0,0,0,0,0,0,0,0,0,"Il n'y a aucun tournoi en cours ac<SoftHyphen/>tu<SoftHyphen/>el<SoftHyphen/>le<SoftHyphen/>ment.

Le prochain aura lieu aux dates suivantes (temps réel)<Indent/>:
Du <Time(IntegerParameter(2))/><Switch(TopLevelParameter(220))><Case(1)>dimanche</Case><Case(2)>lundi</Case><Case(3)>mardi</Case><Case(4)>mercredi</Case><Case(5)>jeudi</Case><Case(6)>vendredi</Case><Case(7)>samedi</Case></Switch> <Value>TopLevelParameter(219)</Value>.<Value>TopLevelParameter(221)</Value>.<Value>TopLevelParameter(222)</Value> (<If(TopLevelParameter(218))><Switch(TopLevelParameter(218))><Case(1)>1</Case><Case(2)>2</Case><Case(3)>3</Case><Case(4)>4</Case><Case(5)>5</Case><Case(6)>6</Case><Case(7)>7</Case><Case(8)>8</Case><Case(9)>9</Case><Case(10)>10</Case><Case(11)>11</Case><Case(12)>12</Case><Case(13)>13</Case><Case(14)>14</Case><Case(15)>15</Case><Case(16)>16</Case><Case(17)>17</Case><Case(18)>18</Case><Case(19)>19</Case><Case(20)>20</Case><Case(21)>21</Case><Case(22)>22</Case><Case(23)>23</Case></Switch><Else/>0</If>h)
 au <Time(IntegerParameter(3))/><Switch(TopLevelParameter(220))><Case(1)>dimanche</Case><Case(2)>lundi</Case><Case(3)>mardi</Case><Case(4)>mercredi</Case><Case(5)>jeudi</Case><Case(6)>vendredi</Case><Case(7)>samedi</Case></Switch> <Value>TopLevelParameter(219)</Value>.<Value>TopLevelParameter(221)</Value>.<Value>TopLevelParameter(222)</Value> (<If(TopLevelParameter(218))><Switch(TopLevelParameter(218))><Case(1)>1</Case><Case(2)>2</Case><Case(3)>3</Case><Case(4)>4</Case><Case(5)>5</Case><Case(6)>6</Case><Case(7)>7</Case><Case(8)>8</Case><Case(9)>9</Case><Case(10)>10</Case><Case(11)>11</Case><Case(12)>12</Case><Case(13)>13</Case><Case(14)>14</Case><Case(15)>15</Case><Case(16)>16</Case><Case(17)>17</Case><Case(18)>18</Case><Case(19)>19</Case><Case(20)>20</Case><Case(21)>21</Case><Case(22)>22</Case><Case(23)>23</Case></Switch><Else/>0</If>h)
Condition<Indent/>: <Sheet(MinionRules,IntegerParameter(4),1)/>
Règle<Indent/>: <Sheet(MinionRules,IntegerParameter(4),0)/>

","OK","","","","","","","","",""
421,1,0,False,422,2,0,False,0,0,0,0,0,0,0,0,0,0,"Bienvenue au comptoir d'inscription des tournois de Choc des mascottes. En quoi puis-je vous aider<Indent/>?","","","","","","","","","",""
422,10,0,False,0,0,0,False,424,425,0,0,0,0,0,0,0,0,"Que voulez-vous faire<Indent/>?","Se renseigner sur le prochain tournoi","Demander des ex<SoftHyphen/>pli<SoftHyphen/>ca<SoftHyphen/>tions sur les tournois","Annuler","","","","","","",""
423,0,0,False,0,0,0,False,0,0,0,0,0,0,0,0,0,0,"","","","","","","","","","",""
424,1,0,True,454,2,764,False,0,0,0,0,0,0,0,0,0,0,"Pour le prochain et <Value>IntegerParameter(1)</Value><If(Equal(IntegerParameter(1),1))>er<Else/>e</If> tournoi de Choc des mascottes, <If(LessThanOrEqualTo(IntegerParameter(4),7))>la condition pour participer sera de <Sheet(MinionRules,IntegerParameter(4),1)/><Else/>il n'y aura pas de condition de par<SoftHyphen/>ti<SoftHyphen/>ci<SoftHyphen/>pa<SoftHyphen/>tion</If>. La règle appliquée sera celle de “<Sheet(MinionRules,IntegerParameter(4),0)/>”.","Retour","","","","","","","","",""
425,1,0,False,468,2,764,False,0,0,0,0,0,0,0,0,0,0,"Des tournois de Choc des mascottes sont ré<SoftHyphen/>gu<SoftHyphen/>liè<SoftHyphen/>re<SoftHyphen/>ment organisés au Gold Saucer.","","","","","","","","","",""
426,1,0,False,427,2,0,False,0,0,0,0,0,0,0,0,0,0,"Bienvenue au comptoir d'inscription des tournois de Choc des mascottes. Sachez que <Value>IntegerParameter(1)</Value><If(Equal(IntegerParameter(1),1))>er<Else/>e</If> tournoi est ac<SoftHyphen/>tu<SoftHyphen/>el<SoftHyphen/>le<SoftHyphen/>ment en cours.","","","","","","","","","",""
427,10,0,False,0,0,0,False,469,429,430,0,0,0,0,0,0,0,"Que voulez-vous faire<Indent/>?","S'inscrire au tournoi","Se renseigner sur le tournoi en cours","Demander des ex<SoftHyphen/>pli<SoftHyphen/>ca<SoftHyphen/>tions sur les tournois","Annuler","","","","","",""
428,2,0,False,427,2,764,False,0,0,0,0,0,0,0,0,0,0,"Voulez-vous vous inscrire au tournoi en cours<Indent/>?","Oui","Non","","","","","","","",""
429,1,0,True,462,2,764,False,0,0,0,0,0,0,0,0,0,0,"Pour le <Value>IntegerParameter(1)</Value><If(Equal(IntegerParameter(1),1))>er<Else/>e</If> tournoi de Choc des mascottes, <If(LessThanOrEqualTo(IntegerParameter(4),7))>la condition pour participer est de <Sheet(MinionRules,IntegerParameter(4),1)/><Else/>il n'y a pas de condition de par<SoftHyphen/>ti<SoftHyphen/>ci<SoftHyphen/>pa<SoftHyphen/>tion</If>. La règle appliquée est celle de “<Sheet(MinionRules,IntegerParameter(4),0)/>”.","Retour","","","","","","","","",""
430,1,0,True,467,0,764,False,0,0,0,0,0,0,0,0,0,0,"Des tournois de Choc des mascottes sont ré<SoftHyphen/>gu<SoftHyphen/>liè<SoftHyphen/>re<SoftHyphen/>ment organisés au Gold Saucer.","","","","","","","","","",""
431,1,0,True,432,0,0,False,0,0,0,0,0,0,0,0,0,0,"Le principe des tournois est simple<Indent/>: il s'agit d'affronter d'autres par<SoftHyphen/>ti<SoftHyphen/>ci<SoftHyphen/>pants et d'améliorer son score personnel pour se placer aussi haut que possible dans le classement.","","","","","","","","","",""
432,1,0,True,433,0,0,False,0,0,0,0,0,0,0,0,0,0,"Une fois inscrit<If(PlayerParameter(4))>e<Else/></If> à un tournoi, il vous suffit d'utiliser une borne de Choc des mascottes et de choisir l'option “Bataille de tournoi” pour participer. Remporter la victoire sur votre ennemi vous permettra de gagner des points.","","","","","","","","","",""
433,1,0,True,447,0,764,False,0,0,0,0,0,0,0,0,0,0,"Le nombre de batailles que vous pouvez faire est déterminé à chaque tournoi. Plus votre adversaire possède un nombre de points de rang (PR) élevé dans le classement, plus vous obtiendrez de points en le vainquant.","","","","","","","","","",""
434,1,0,False,427,0,0,False,0,0,0,0,0,0,0,0,0,0,"Vous êtes of<SoftHyphen/>fi<SoftHyphen/>ciel<SoftHyphen/>le<SoftHyphen/>ment inscrit<If(PlayerParameter(4))>e<Else/></If> au <Value>IntegerParameter(1)</Value><If(Equal(IntegerParameter(1),1))>er<Else/>e</If> tournoi de Choc des mascottes. Bon courage<Indent/>!","","","","","","","","","",""
435,1,0,False,427,0,0,False,0,0,0,0,0,0,0,0,0,0,"Oh<Indent/>! Mais vous êtes déjà inscrit<If(PlayerParameter(4))>e<Else/></If> au tournoi<Indent/>! Où aviez-vous la tête<Indent/>?","","","","","","","","","",""
436,1,0,False,427,0,0,False,0,0,0,0,0,0,0,0,0,0,"Je suis désolée, mais je n'ai pas pu vous inscrire au tournoi...","","","","","","","","","",""
437,1,0,False,427,0,0,False,0,0,0,0,0,0,0,0,0,0,"Je suis désolée, mais vous ne remplissez pas la condition requise pour participer au tournoi, qui est de <Sheet(MinionRules,IntegerParameter(2),1)/>.","","","","","","","","","",""
438,1,0,False,427,0,0,False,0,0,0,0,0,0,0,0,0,0,"Je suis désolée, mais vous devez d'abord avoir terminé la deuxième bataille d'en<SoftHyphen/>traî<SoftHyphen/>ne<SoftHyphen/>ment pour que je puisse vous inscrire.","","","","","","","","","",""
439,1,0,False,422,0,0,False,0,0,0,0,0,0,0,0,0,0,"Je crains que la période de remise des récompenses ne soit terminée. Je vous rappelle que les prix doivent être retirés avant le début du tournoi suivant.","","","","","","","","","",""
440,1,0,False,0,0,0,False,0,0,0,0,0,0,0,0,0,0,"Le <Value>IntegerParameter(1)</Value><If(Equal(IntegerParameter(1),1))>er<Else/>e</If> tournoi de Choc des mascottes est désormais terminé. Je vais vérifier votre classement final...","","","","","","","","","",""
441,1,0,False,444,0,0,False,0,0,0,0,0,0,0,0,0,0,"Fé<SoftHyphen/>li<SoftHyphen/>ci<SoftHyphen/>ta<SoftHyphen/>tions<Indent/>! <If(PlayerParameter(4))>Madame<Else/>Monsieur</If> <Split(<Highlight>ObjectParameter(1)</Highlight>, ,2)/>, vous avez obtenu la <Format(IntegerParameter(1),FF05021D0103)/><If(Equal(IntegerParameter(1),1))>er<Else/>e</If> place<Indent/>! Vous avez gagné <Format(IntegerParameter(3),FF05021D0103)/> point<If(LessThanOrEqualTo(IntegerParameter(3),1))><Else/>s</If> du Gold Saucer, dont un bonus de <Format(IntegerParameter(2),FF05021D0103)/> PGS.","","","","","","","","","",""
442,1,0,False,444,0,0,False,0,0,0,0,0,0,0,0,0,0,"Ah, quel dommage<Indent/>! Vous ne faites malheureusement pas partie des finalistes... Vous avez toutefois le droit à <Format(IntegerParameter(3),FF05021D0103)/> point<If(LessThanOrEqualTo(IntegerParameter(3),1))><Else/>s</If> du Gold Saucer en tant que lot de consolation.","","","","","","","","","",""
443,1,0,False,0,0,0,False,0,0,0,0,0,0,0,0,0,0,"Je n'ai malheureusement aucune récompense à vous remettre, mais je vous souhaite bonne chance pour la prochaine. J'espère que vous réussirez à faire partie des finalistes.","","","","","","","","","",""
444,2,0,False,0,0,0,False,0,0,0,0,0,0,0,0,0,0,"Obtenir votre récompense<Indent/>?","Oui","Non","","","","","","","",""
445,1,0,False,0,0,0,False,0,0,0,0,0,0,0,0,0,0,"Merci d'avoir participé au tournoi<Indent/>! J'espère que vous prendrez également part au prochain.","","","","","","","","","",""
446,1,7,False,0,0,0,False,0,0,0,0,0,0,0,0,0,0,"L'enregistrement à une bataille de Choc des mascottes est en cours. Veuillez attendre à l'intérieur du square des chocobos.","","","","","","","","","",""
447,1,0,True,448,0,0,False,0,0,0,0,0,0,0,0,0,0,"Une fois un tournoi terminé, tous les par<SoftHyphen/>ti<SoftHyphen/>ci<SoftHyphen/>pants sont classés sur la base de leurs scores respectifs.","","","","","","","","","",""
448,1,0,True,449,0,0,False,0,0,0,0,0,0,0,0,0,0,"Une place élevée signifie un plus grand nombre de points Gold Saucer reçus comme récompense. Vous pouvez vérifier votre score à tout moment sur le tableau du classement.","","","","","","","","","",""
449,1,0,True,450,0,0,False,0,0,0,0,0,0,0,0,0,0,"Les prix peuvent être retirés entre la fin du tournoi et le début du suivant. Passé ce délai, il sera trop tard.","","","","","","","","","",""
450,1,0,True,478,0,0,False,0,0,0,0,0,0,0,0,0,0,"Chaque tournoi fait l'objet d'une règle spéciale. Je vous conseille de me consulter pour la vérifier avant de décider de vous inscrire.","","","","","","","","","",""
451,1,7,False,422,0,0,False,0,0,0,0,0,0,0,0,0,0,"Du fait de mesures anti-accoutumance, vous ne pouvez pas obtenir de récompenses de tournoi ac<SoftHyphen/>tu<SoftHyphen/>el<SoftHyphen/>le<SoftHyphen/>ment.","","","","","","","","","",""
452,2,0,False,0,0,0,False,0,0,0,0,0,0,0,0,0,0,"Annuler votre par<SoftHyphen/>ti<SoftHyphen/>ci<SoftHyphen/>pa<SoftHyphen/>tion<Indent/>?","Oui","Non","","","","","","","",""
453,0,0,False,0,0,0,False,0,0,0,0,0,0,0,0,0,0,"","","","","","","","","","",""
454,1,7,False,422,2,0,False,0,0,0,0,0,0,0,0,0,0,"Le prochain tournoi aura lieu du <Time(IntegerParameter(2))/><Switch(TopLevelParameter(220))><Case(1)>dimanche</Case><Case(2)>lundi</Case><Case(3)>mardi</Case><Case(4)>mercredi</Case><Case(5)>jeudi</Case><Case(6)>vendredi</Case><Case(7)>samedi</Case></Switch> <Value>TopLevelParameter(219)</Value>.<Value>TopLevelParameter(221)</Value>.<Value>TopLevelParameter(222)</Value> à <If(TopLevelParameter(218))><Switch(TopLevelParameter(218))><Case(1)>1</Case><Case(2)>2</Case><Case(3)>3</Case><Case(4)>4</Case><Case(5)>5</Case><Case(6)>6</Case><Case(7)>7</Case><Case(8)>8</Case><Case(9)>9</Case><Case(10)>10</Case><Case(11)>11</Case><Case(12)>12</Case><Case(13)>13</Case><Case(14)>14</Case><Case(15)>15</Case><Case(16)>16</Case><Case(17)>17</Case><Case(18)>18</Case><Case(19)>19</Case><Case(20)>20</Case><Case(21)>21</Case><Case(22)>22</Case><Case(23)>23</Case></Switch><Else/>0</If>h au <Time(IntegerParameter(3))/><Switch(TopLevelParameter(220))><Case(1)>dimanche</Case><Case(2)>lundi</Case><Case(3)>mardi</Case><Case(4)>mercredi</Case><Case(5)>jeudi</Case><Case(6)>vendredi</Case><Case(7)>samedi</Case></Switch> <Value>TopLevelParameter(219)</Value>.<Value>TopLevelParameter(221)</Value>.<Value>TopLevelParameter(222)</Value> à <If(TopLevelParameter(218))><Switch(TopLevelParameter(218))><Case(1)>1</Case><Case(2)>2</Case><Case(3)>3</Case><Case(4)>4</Case><Case(5)>5</Case><Case(6)>6</Case><Case(7)>7</Case><Case(8)>8</Case><Case(9)>9</Case><Case(10)>10</Case><Case(11)>11</Case><Case(12)>12</Case><Case(13)>13</Case><Case(14)>14</Case><Case(15)>15</Case><Case(16)>16</Case><Case(17)>17</Case><Case(18)>18</Case><Case(19)>19</Case><Case(20)>20</Case><Case(21)>21</Case><Case(22)>22</Case><Case(23)>23</Case></Switch><Else/>0</If>h (temps réel).","","","","","","","","","",""
455,1,0,True,456,2,0,False,0,0,0,0,0,0,0,0,0,0,"Le principe des tournois est simple<Indent/>: il s'agit d'affronter d'autres par<SoftHyphen/>ti<SoftHyphen/>ci<SoftHyphen/>pants et d'améliorer son score personnel pour se placer aussi haut que possible dans le classement.","","","","","","","","","",""
456,1,0,True,457,2,0,False,0,0,0,0,0,0,0,0,0,0,"Une fois inscrit<If(PlayerParameter(4))>e<Else/></If> à un tournoi, il vous suffit d'utiliser une borne de Choc des mascottes et de choisir l'option “Bataille de tournoi” pour participer. Remporter la victoire sur votre ennemi vous permettra de gagner des points.","","","","","","","","","",""
457,1,0,True,458,2,764,False,0,0,0,0,0,0,0,0,0,0,"Le nombre de batailles que vous pouvez faire est déterminé à chaque tournoi. Plus votre adversaire possède un score élevé dans le classement, plus vous obtiendrez de points en le vainquant.","","","","","","","","","",""
458,1,0,True,459,2,0,False,0,0,0,0,0,0,0,0,0,0,"Une fois un tournoi terminé, tous les par<SoftHyphen/>ti<SoftHyphen/>ci<SoftHyphen/>pants sont classés sur la base de leurs scores respectifs.","","","","","","","","","",""
459,1,0,True,460,2,0,False,0,0,0,0,0,0,0,0,0,0,"Une place élevée signifie un plus grand nombre de points Gold Saucer reçus comme récompense. Vous pouvez vérifier votre score à tout moment sur le tableau du classement.","","","","","","","","","",""
460,1,0,True,461,2,0,False,0,0,0,0,0,0,0,0,0,0,"Les prix peuvent être retirés entre la fin du tournoi et le début du suivant. Passé ce délai, il sera trop tard.","","","","","","","","","",""
461,1,0,True,477,2,0,False,0,0,0,0,0,0,0,0,0,0,"Chaque tournoi fait l'objet d'une règle spéciale. Je vous conseille de me consulter pour la vérifier avant de décider de vous inscrire.","","","","","","","","","",""
462,1,7,False,427,2,0,False,0,0,0,0,0,0,0,0,0,0,"Le tournoi se tient jusqu'au <Time(IntegerParameter(3))/><Switch(TopLevelParameter(220))><Case(1)>dimanche</Case><Case(2)>lundi</Case><Case(3)>mardi</Case><Case(4)>mercredi</Case><Case(5)>jeudi</Case><Case(6)>vendredi</Case><Case(7)>samedi</Case></Switch> <Value>TopLevelParameter(219)</Value>.<Value>TopLevelParameter(221)</Value>.<Value>TopLevelParameter(222)</Value> à <If(TopLevelParameter(218))><Switch(TopLevelParameter(218))><Case(1)>1</Case><Case(2)>2</Case><Case(3)>3</Case><Case(4)>4</Case><Case(5)>5</Case><Case(6)>6</Case><Case(7)>7</Case><Case(8)>8</Case><Case(9)>9</Case><Case(10)>10</Case><Case(11)>11</Case><Case(12)>12</Case><Case(13)>13</Case><Case(14)>14</Case><Case(15)>15</Case><Case(16)>16</Case><Case(17)>17</Case><Case(18)>18</Case><Case(19)>19</Case><Case(20)>20</Case><Case(21)>21</Case><Case(22)>22</Case><Case(23)>23</Case></Switch><Else/>0</If>h (temps réel). Vous pouvez faire des batailles jusqu'à quinze minutes avant la fin.","","","","","","","","","",""
463,13,0,False,414,0,0,False,0,0,0,0,0,0,0,0,0,0,"Il n'y a aucun tournoi en cours ac<SoftHyphen/>tu<SoftHyphen/>el<SoftHyphen/>le<SoftHyphen/>ment.
Pour savoir quand a lieu le prochain, veuillez consulter la rubrique Informations.","OK","","","","","","","","",""
464,13,0,False,414,0,0,False,0,0,0,0,0,0,0,0,0,0,"Vous ne vous êtes pas inscrit<If(PlayerParameter(4))>e<Else/></If>.
Veuillez vous adresser à l'administratrice des tournois pour effectuer la procédure nécessaire.","OK","","","","","","","","",""
465,13,0,False,414,0,0,False,0,0,0,0,0,0,0,0,0,0,"Vous avez atteint le nombre maximum de batailles pour le tournoi en cours.","OK","","","","","","","","",""
466,0,0,False,0,0,0,False,0,0,0,0,0,0,0,0,0,0,"","","","","","","","","","",""
467,1,0,True,431,2,0,False,0,0,0,0,0,0,0,0,0,0,"Il est nécessaire d'avoir assimilé le déroulement du jeu afin de pouvoir participer à un tournoi de Choc des mascottes. Pour cela, il faut avoir réussi les deux premières batailles d'en<SoftHyphen/>traî<SoftHyphen/>ne<SoftHyphen/>ment.","","","","","","","","","",""
468,1,0,True,455,2,0,False,0,0,0,0,0,0,0,0,0,0,"Il est nécessaire d'avoir assimilé le déroulement du jeu afin de pouvoir participer à un tournoi de Choc des mascottes. Pour cela, il faut avoir réussi les deux premières batailles d'en<SoftHyphen/>traî<SoftHyphen/>ne<SoftHyphen/>ment.","","","","","","","","","",""
469,1,0,False,428,2,0,False,0,0,0,0,0,0,0,0,0,0,"Vous désirez participer au tournoi de Choc des mascottes<Indent/>? Dans ce cas, laissez-moi vous dire que la règle qui sera appliquée est celle de “<Sheet(MinionRules,IntegerParameter(2),0)/>”.","","","","","","","","","",""
470,1,0,False,0,2,0,False,0,0,0,0,0,0,0,0,0,0,"Je suis désolée, mais le tournoi va bientôt se terminer et les ins<SoftHyphen/>crip<SoftHyphen/>tions sont donc fermées. Veuillez patienter jusqu'au prochain.","","","","","","","","","",""
471,1,7,False,472,0,0,False,0,0,0,0,0,0,0,0,0,0,"Lors des batailles, vous pouvez invoquer vos mascottes par le biais des barres CdM.","","","","","","","","","",""
472,1,7,False,473,0,0,False,0,0,0,0,0,0,0,0,0,0,"Il est conseillé de vérifier et de bien choisir les mascottes que vous souhaitez utiliser avant de commencer une bataille. Pour cela, il suffit d'éditer les barres CdM.","","","","","","","","","",""
473,1,7,False,474,0,0,False,0,0,0,0,0,0,0,0,0,0,"Cela peut être fait à tout moment par le biais de la fenêtre du Gold Saucer ou de celle de l'encyclopédie des mascottes dans la section Personnage du menu principal.","","","","","","","","","",""
474,1,7,False,411,0,0,False,0,0,0,0,0,0,0,0,0,0,"Prenez bien en compte les forces et faiblesses de vos mascottes lorsque vous éditez vos barres CdM. C'est d'elles que dépend l'issue de votre prochaine bataille.","","","","","","","","","",""
475,3,0,False,0,0,0,False,0,0,0,0,0,0,0,0,0,0,"挑戦には<Format(IntegerParameter(1),FF022C)/>MGPが必要です","","","","","","","","","",""
476,3,0,False,0,0,0,False,0,0,0,0,0,0,0,0,0,0,"挑戦には<Format(IntegerParameter(1),FF022C)/>MGPが必要です","","","","","","","","","",""
477,1,7,False,422,2,0,False,0,0,0,0,0,0,0,0,0,0,"Si plusieurs joueurs obtiennent des scores identiques à la fin du tournoi, ils seront classés chronologiquement en fonction du moment où ils ont atteint cette valeur.","","","","","","","","","",""
478,1,7,False,427,0,0,False,0,0,0,0,0,0,0,0,0,0,"Si plusieurs joueurs obtiennent des scores identiques à la fin du tournoi, ils seront classés chronologiquement en fonction du moment où ils ont atteint cette valeur.","","","","","","","","","",""
479,0,0,False,0,0,0,False,0,0,0,0,0,0,0,0,0,0,"","","","","","","","","","",""
480,16,0,False,0,0,0,False,0,0,0,0,0,0,0,0,0,0,"Choix du challenge","Annuler","","","","","","","","",""
481,1,7,True,482,2,0,False,0,0,0,0,0,0,0,0,0,0,"<UIForeground>F201F4</UIForeground><UIGlow>F201F5</UIGlow>Toile d'araignée<UIGlow>01</UIGlow><UIForeground>01</UIForeground>
Empêche le chocobo placé directement derrière le vôtre d'utiliser des objets.","","","","","","","","","",""
482,1,7,True,304,2,0,False,0,0,0,0,0,0,0,0,0,0,"<UIForeground>F201F4</UIForeground><UIGlow>F201F5</UIGlow>Troc d'énergie<UIGlow>01</UIGlow><UIForeground>01</UIForeground>
Intervertit l'énergie de votre chocobo avec celle d'un de ceux placés devant.
Ne prend pas en compte les adversaires dont l'énergie est inférieure.","","","","","","","","","",""
483,1,0,False,485,2,0,False,0,0,0,0,0,0,0,0,0,0,"Votre chocobo a fait de grands progrès, d'après ce que je vois dans nos registres. Il est pro<SoftHyphen/>ba<SoftHyphen/>ble<SoftHyphen/>ment temps de le faire participer à un challenge de performance, à mon avis.","","","","","","","","","",""
484,1,7,False,125,2,0,False,0,0,0,0,0,0,0,0,0,0,"Impossible de commencer un challenge de performance en étant dans une équipe.","","","","","","","","","",""
485,1,0,False,486,2,0,False,0,0,0,0,0,0,0,0,0,0,"Un challenge de performance est une course lors de laquelle on se mesure à des adversaires particuliers. Notez bien que ce sont eux qu'il faut battre, et qu'il n'est donc pas nécessaire de finir premier pour cela.","","","","","","","","","",""
486,1,0,False,492,2,0,False,0,0,0,0,0,0,0,0,0,0,"Sachez d'ailleurs que vous recevrez un montant conséquent de PGS en récompense lorsque vous réussirez un challenge de performance pour la première fois. N'hésitez donc pas à relever ce genre de défi<Indent/>!","","","","","","","","","",""
487,1,7,False,480,2,0,False,0,0,0,0,0,0,0,0,0,0,"Choix impossible. La cote de votre chocobo n'est pas suf<SoftHyphen/>fi<SoftHyphen/>sam<SoftHyphen/>ment élevée.","","","","","","","","","",""
488,1,0,False,0,0,0,False,0,0,0,0,0,0,0,0,0,0,"Votre inscription est validée. Vous allez participer au <Unknown2F>FF1C022818FF13476F6C645361756365725465787444617461E8020103</Unknown2F> “<Sheet(ChocoboRaceChallenge,IntegerParameter(3),0)/>”. Veuillez rrrester dans le square des chocobos en attendant que les préparatifs soient terminés.","","","","","","","","","",""
489,1,0,False,105,2,764,False,0,0,0,0,0,0,0,0,0,0,"J'ai un très bon pres<SoftHyphen/>sen<SoftHyphen/>ti<SoftHyphen/>ment pour ce <Value>IntegerParameter(1)</Value><If(LessThanOrEqualTo(IntegerParameter(1),1))>er<Else/>e</If> tirage du Méga Cactpot. Ce serait dommage de ne pas en profiter... Surtout que vous pouvez encore acheter <Value>IntegerParameter(2)</Value> <If(LessThanOrEqualTo(IntegerParameter(2),1))>billet<Else/>billets</If> cette semaine<Indent/>!","","","","","","","","","",""
490,2,0,False,0,2,764,False,0,0,0,0,0,0,0,0,0,0,"Acheter un billet sup<SoftHyphen/>plé<SoftHyphen/>men<SoftHyphen/>tai<SoftHyphen/>re pour <Value>IntegerParameter(3)</Value> PGS<Indent/>?","Oui","Non","","","","","","","",""
491,2,0,False,0,2,764,True,0,0,0,0,0,0,0,0,0,0,"Récupérer vos autres lots<Indent/>?","Oui","Non","","","","","","","",""
492,1,7,False,0,2,0,False,0,0,0,0,0,0,0,0,0,0,"Vous pouvez participer aux challenges de performance en parlant à la responsable des ins<SoftHyphen/>crip<SoftHyphen/>tions.","","","","","","","","","",""
493,1,0,False,494,2,0,False,0,0,0,0,0,0,0,0,0,0,"Bienvenue à Haute voltige<Indent/>! Pour atteindre le point culminant de ce parcours, il vous faudra courir, bondir, plonger même<Indent/>! J'espère que vous n'avez pas peur du vide, sinon les précieux PGS pourraient bien vous échapper<Indent/>!","","","","","","","","","",""
494,1,0,False,497,2,0,False,0,0,0,0,0,0,0,0,0,0,"Peut-être le mot vertige vous est-il même inconnu. À ce compte-là, vous pourrez tenter de glaner des PGS bonus en ramassant les trophées pampas cachés dans les recoins les plus difficiles d'accès<Indent/>!","","","","","","","","","",""
495,2,0,False,0,2,0,False,0,0,0,0,0,0,0,0,0,0,"Se rendre sur le parcours<Indent/>?","Oui","Non","","","","","","","",""
496,1,0,False,0,0,0,False,0,0,0,0,0,0,0,0,0,0,"Pas trop fatigué<If(PlayerParameter(4))>e<Else/></If><Indent/>? Venez retenter votre chance quand vous voulez<Indent/>!","","","","","","","","","",""
497,1,7,False,495,2,0,False,0,0,0,0,0,0,0,0,0,0,"Pour jouer en équipe, tous les membres doivent se trouver dans le Gold Saucer et aucun d'entre eux ne doit ac<SoftHyphen/>tu<SoftHyphen/>el<SoftHyphen/>le<SoftHyphen/>ment participer à l'attraction.","","","","","","","","","",""
498,1,0,False,499,2,0,False,0,0,0,0,0,0,0,0,0,0,"Bienvenue à As de l'air<Indent/>! Cette fois, c'est votre con<SoftHyphen/>cen<SoftHyphen/>tra<SoftHyphen/>tion et votre vitesse d'exécution qui vont être mises à rude épreuve<Indent/>! Faites un carton sur les cibles pampa et vous pourrez rafler un max de PGS<Indent/>!","","","","","","","","","",""
499,1,0,False,502,2,0,False,0,0,0,0,0,0,0,0,0,0,"Mais attention, il ne s'agit pas de tirer au hasard comme <If(PlayerParameter(4))>une dégénérée<Else/>un dégénéré</If>... Évitez de toucher les bombos que vous rencontrerez, ou votre score va vite dégringoler<Indent/>! Alors, voulez-vous essayer<Indent/>?","","","","","","","","","",""
500,2,0,False,0,2,0,False,0,0,0,0,0,0,0,0,0,0,"Embarquer<Indent/>?","Oui","Non","","","","","","","",""
501,1,0,False,0,0,0,False,0,0,0,0,0,0,0,0,0,0,"Votre vol s'est-il bien passé<Indent/>? Si vous êtes en mal de loopings, n'hésitez pas à venir redécoller<Indent/>!","","","","","","","","","",""
502,1,7,False,500,2,0,False,0,0,0,0,0,0,0,0,0,0,"Il est impossible de participer à cette attraction en faisant partie d'une équipe.","","","","","","","","","",""
503,1,0,False,504,2,764,False,0,0,0,0,0,0,0,0,0,0,"En provenance directe de la pointe est des côtes d'Extrême-Orient, je vous présente le seul, l'unique, le mirobolant bretteur de légende reconverti dans le coupage de bambou, j'ai nommé... Yooojiiimbooo<Indent/>!!","","","","","","","","","",""
504,1,0,False,505,2,764,False,0,0,0,0,0,0,0,0,0,0,"Mon grand frère a décidé de tester les réflexes des visiteurs du Gold Saucer<Indent/>! Parviendrez-vous à ne pas vous faire éjecter de la scène afin d'empocher un gros tas d'espèces sonnantes et trébuchantes<Indent/>? Il ne tient qu'à vous de tenter votre chance<Indent/>!","","","","","","","","","",""
505,2,0,False,0,2,0,False,0,0,0,0,0,0,0,0,0,0,"Souhaitez-vous participer à ce JACTA<Indent/>?","Oui","Non","","","","","","","",""
506,1,0,False,507,2,0,False,0,0,0,0,0,0,0,0,0,0,"Qu'est-ce que vous faites ici<Indent/>? Ne me dites pas que vous avez les chocottes de confronter Yojimbo, ha ha<Indent/>! Allez, un peu de courage, il n'est pas trop tard pour remonter sur scène<Indent/>!","","","","","","","","","",""
507,2,0,False,0,2,0,False,0,0,0,0,0,0,0,0,0,0,"Voulez-vous remonter sur scène<Indent/>?","Oui","Non","","","","","","","",""
508,1,0,False,0,2,0,False,0,0,0,0,0,0,0,0,0,0,"Vous êtes venu<If(PlayerParameter(4))>e<Else/></If> admirer les attaques éclair de l'illustre bretteur Yojimbo<Indent/>? Ou peut-être avez-vous l'intention de relever son défi<Indent/>? Si tel est le cas, faites-moi signe la prochaine fois<Indent/>!","","","","","","","","","",""
509,1,0,False,0,0,764,False,0,0,0,0,0,0,0,0,0,0,"Hé hé, on dirait que la lame de Yojimbo a été trop rapide pour vous<Indent/>! Mais tout le monde a droit à une autre chance, alors n'hésitez pas à retenter la vôtre<Indent/>!","","","","","","","","","",""
510,0,0,False,0,0,0,False,0,0,0,0,0,0,0,0,0,0,"","","","","","","","","","",""
