key,0,1,2,3,4,5,6
#,Type,IconType,Image,TextType,Text[0],Text[1],Text[2]
int32,byte,byte,Image,byte,str,str,str
0,0,0,0,0,"","",""
1,0,0,150011,0,"","",""
2,0,0,150012,0,"","",""
3,0,0,0,0,"","",""
4,0,0,0,0,"","",""
5,1,1,150021,1,"Les personnages proposant des quêtes sont facilement reconnaissables grâce à l'icone en forme de <UIForeground>F201FA</UIForeground><UIGlow>F201FB</UIGlow>point d'exclamation<UIGlow>01</UIGlow><UIForeground>01</UIForeground> au-dessus de leur tête.

Faites un <UIForeground>F201FA</UIForeground><UIGlow>F201FB</UIGlow>clic droit<UIGlow>01</UIGlow><UIForeground>01</UIForeground> sur Ryssfloh pour lancer la quête.","Les personnages proposant des quêtes sont facilement reconnaissables grâce à l'icone en forme de <UIForeground>F201FA</UIForeground><UIGlow>F201FB</UIGlow>point d'exclamation<UIGlow>01</UIGlow><UIForeground>01</UIForeground> au-dessus de leur tête.

Faites un <UIForeground>F201FA</UIForeground><UIGlow>F201FB</UIGlow>clic droit<UIGlow>01</UIGlow><UIForeground>01</UIForeground> sur Bertennant pour lancer la quête.","Les personnages proposant des quêtes sont facilement reconnaissables grâce à l'icone en forme de <UIForeground>F201FA</UIForeground><UIGlow>F201FB</UIGlow>point d'exclamation<UIGlow>01</UIGlow><UIForeground>01</UIForeground> au-dessus de leur tête.

Faites un <UIForeground>F201FA</UIForeground><UIGlow>F201FB</UIGlow>clic droit<UIGlow>01</UIGlow><UIForeground>01</UIForeground> sur Wymond pour lancer la quête."
6,1,1,150022,1,"Les personnages proposant des quêtes sont facilement reconnaissables grâce à l'icone en forme de <UIForeground>F201FA</UIForeground><UIGlow>F201FB</UIGlow>point d'exclamation<UIGlow>01</UIGlow><UIForeground>01</UIForeground> au-dessus de leur tête.

Pour lancer la quête, ciblez Ryssfloh et pressez ensuite la touche <UIForeground>F201FA</UIForeground><UIGlow>F201FB</UIGlow>Confirmer<UIGlow>01</UIGlow><UIForeground>01</UIForeground>.","Les personnages proposant des quêtes sont facilement reconnaissables grâce à l'icone en forme de <UIForeground>F201FA</UIForeground><UIGlow>F201FB</UIGlow>point d'exclamation<UIGlow>01</UIGlow><UIForeground>01</UIForeground> au-dessus de leur tête.

Pour lancer la quête, ciblez Bertennant et pressez ensuite la touche <UIForeground>F201FA</UIForeground><UIGlow>F201FB</UIGlow>Confirmer<UIGlow>01</UIGlow><UIForeground>01</UIForeground>.","Les personnages proposant des quêtes sont facilement reconnaissables grâce à l'icone en forme de <UIForeground>F201FA</UIForeground><UIGlow>F201FB</UIGlow>point d'exclamation<UIGlow>01</UIGlow><UIForeground>01</UIForeground> au-dessus de leur tête.

Pour lancer la quête, ciblez Wymond et pressez ensuite la touche <UIForeground>F201FA</UIForeground><UIGlow>F201FB</UIGlow>Confirmer<UIGlow>01</UIGlow><UIForeground>01</UIForeground>."
7,0,0,0,0,"","",""
8,0,0,0,0,"","",""
9,0,0,0,0,"","",""
10,1,1,150121,0,"Lorsque vous lancez une quête, une fenêtre vous présentant brièvement son contenu ainsi que la récompense apparaît à l'écran.
Si cela vous intéresse et que vous vous sentez à la hauteur de la tâche, n'hésitez pas et cliquez sur <UIForeground>F201FA</UIForeground><UIGlow>F201FB</UIGlow>Accepter<UIGlow>01</UIGlow><UIForeground>01</UIForeground>.","",""
11,1,1,150121,0,"Lorsque vous lancez une quête, une fenêtre vous présentant brièvement son contenu ainsi que la récompense apparaît à l'écran.
Si cela vous intéresse et que vous vous sentez à la hauteur de la tâche, n'hésitez pas et sélectionnez <UIForeground>F201FA</UIForeground><UIGlow>F201FB</UIGlow>Accepter<UIGlow>01</UIGlow><UIForeground>01</UIForeground>.","",""
12,0,0,0,0,"","",""
13,0,0,0,0,"","",""
14,0,0,0,0,"","",""
15,1,1,150811,1,"Lorsque vous remplissez tous les objectifs d'une quête, vous recevez une <UIForeground>F201FA</UIForeground><UIGlow>F201FB</UIGlow>récompense<UIGlow>01</UIGlow><UIForeground>01</UIForeground>. Celle-ci peut prendre la forme de points d'expérience, de gils, ou encore d'objets.

Parlez à Baderon et accomplissez votre première quête<Indent/>!","Lorsque vous remplissez tous les objectifs d'une quête, vous recevez une <UIForeground>F201FA</UIForeground><UIGlow>F201FB</UIGlow>récompense<UIGlow>01</UIGlow><UIForeground>01</UIForeground>. Celle-ci peut prendre la forme de points d'expérience, de gils, ou encore d'objets.

Parlez à Miounne et accomplissez votre première quête<Indent/>!","Lorsque vous remplissez tous les objectifs d'une quête, vous recevez une <UIForeground>F201FA</UIForeground><UIGlow>F201FB</UIGlow>récompense<UIGlow>01</UIGlow><UIForeground>01</UIForeground>. Celle-ci peut prendre la forme de points d'expérience, de gils, ou encore d'objets.

Parlez à Momodi et accomplissez votre première quête<Indent/>!"
16,1,1,150812,1,"Lorsque vous remplissez tous les objectifs d'une quête, vous recevez une <UIForeground>F201FA</UIForeground><UIGlow>F201FB</UIGlow>récompense<UIGlow>01</UIGlow><UIForeground>01</UIForeground>. Celle-ci peut prendre la forme de points d'expérience, de gils, ou encore d'objets.

Parlez à Baderon et accomplissez votre première quête<Indent/>!","Lorsque vous remplissez tous les objectifs d'une quête, vous recevez une <UIForeground>F201FA</UIForeground><UIGlow>F201FB</UIGlow>récompense<UIGlow>01</UIGlow><UIForeground>01</UIForeground>. Celle-ci peut prendre la forme de points d'expérience, de gils, ou encore d'objets.

Parlez à Miounne et accomplissez votre première quête<Indent/>!","Lorsque vous remplissez tous les objectifs d'une quête, vous recevez une <UIForeground>F201FA</UIForeground><UIGlow>F201FB</UIGlow>récompense<UIGlow>01</UIGlow><UIForeground>01</UIForeground>. Celle-ci peut prendre la forme de points d'expérience, de gils, ou encore d'objets.

Parlez à Momodi et accomplissez votre première quête<Indent/>!"
17,0,0,0,0,"","",""
18,0,0,0,0,"","",""
19,0,0,0,0,"","",""
20,1,0,150141,0,"Le <UIForeground>F201FA</UIForeground><UIGlow>F201FB</UIGlow>menu principal<UIGlow>01</UIGlow><UIForeground>01</UIForeground> permet d'accéder rapidement aux fonctions les plus utilisées dans le jeu. L'option <UIForeground>F201FA</UIForeground><UIGlow>F201FB</UIGlow>Personnage<UIGlow>01</UIGlow><UIForeground>01</UIForeground>, par exemple, permet de voir diverses ca<SoftHyphen/>rac<SoftHyphen/>té<SoftHyphen/>ris<SoftHyphen/>ti<SoftHyphen/>ques de votre personnage ainsi que son équipement. L'option <UIForeground>F201FA</UIForeground><UIGlow>F201FB</UIGlow>Journal<UIGlow>01</UIGlow><UIForeground>01</UIForeground>, quant à elle, permet d'obtenir des in<SoftHyphen/>for<SoftHyphen/>ma<SoftHyphen/>tions relatives aux quêtes en cours ou achevées.","",""
21,1,0,150142,0,"Pour accéder aux différentes options de personnalisation, telles que l'attribution des touches, la configuration sonore et graphique, les macros ou encore l'ATH, ouvrez le menu <UIForeground>F201FA</UIForeground><UIGlow>F201FB</UIGlow>Système<UIGlow>01</UIGlow><UIForeground>01</UIForeground>. Si vous voulez revoir les fenêtres d'aide contextuelle, sélectionnez le menu <UIForeground>F201FA</UIForeground><UIGlow>F201FB</UIGlow>Tutoriel<UIGlow>01</UIGlow><UIForeground>01</UIForeground>.","",""
22,1,0,150143,0,"La progression dans le jeu est <UIForeground>F201FA</UIForeground><UIGlow>F201FB</UIGlow>au<SoftHyphen/>to<SoftHyphen/>ma<SoftHyphen/>ti<SoftHyphen/>que<SoftHyphen/>ment sauvegardée<UIGlow>01</UIGlow><UIForeground>01</UIForeground>. Il est, par conséquent, possible de quitter le jeu à tout moment. Cependant, afin de prévenir tout risque de corruption des données, il est recommandé de terminer une partie en utilisant l'option <UIForeground>F201FA</UIForeground><UIGlow>F201FB</UIGlow>Déconnexion<UIGlow>01</UIGlow><UIForeground>01</UIForeground> ou <UIForeground>F201FA</UIForeground><UIGlow>F201FB</UIGlow>Quitter le jeu<UIGlow>01</UIGlow><UIForeground>01</UIForeground> à partir du menu <UIForeground>F201FA</UIForeground><UIGlow>F201FB</UIGlow>Système<UIGlow>01</UIGlow><UIForeground>01</UIForeground>.","",""
23,0,0,0,0,"","",""
24,0,0,0,0,"","",""
25,1,0,150131,0,"Le sort <UIForeground>F201FA</UIForeground><UIGlow>F201FB</UIGlow>Rapatriement<UIGlow>01</UIGlow><UIForeground>01</UIForeground> vous permet de retourner im<SoftHyphen/>mé<SoftHyphen/>dia<SoftHyphen/>te<SoftHyphen/>ment à l'éthérite que vous avez enregistrée comme <UIForeground>F201FA</UIForeground><UIGlow>F201FB</UIGlow>point de retour<UIGlow>01</UIGlow><UIForeground>01</UIForeground>. Pour l'utiliser, cliquez sur l'icone <UIForeground>F201FA</UIForeground><UIGlow>F201FB</UIGlow>Déplacements<UIGlow>01</UIGlow><UIForeground>01</UIForeground> du menu principal et choisissez l'option “Rapatriement”.","",""
26,1,0,150132,0,"Vous ne pouvez enregistrer qu'une seule éthérite comme <UIForeground>F201FA</UIForeground><UIGlow>F201FB</UIGlow>point de retour<UIGlow>01</UIGlow><UIForeground>01</UIForeground>. Pour ce faire, effectuez un <UIForeground>F201FA</UIForeground><UIGlow>F201FB</UIGlow>clic droit<UIGlow>01</UIGlow><UIForeground>01</UIForeground> sur l'éthérite de votre choix.
Le sort Rapatriement ne consomme aucun PM, néanmoins un délai de <UIForeground>F201FA</UIForeground><UIGlow>F201FB</UIGlow>15 minutes<UIGlow>01</UIGlow><UIForeground>01</UIForeground> est nécessaire pour pouvoir le lancer de nouveau.","",""
27,1,0,150131,0,"Le sort <UIForeground>F201FA</UIForeground><UIGlow>F201FB</UIGlow>Rapatriement<UIGlow>01</UIGlow><UIForeground>01</UIForeground> vous permet de retourner im<SoftHyphen/>mé<SoftHyphen/>dia<SoftHyphen/>te<SoftHyphen/>ment à l'éthérite que vous avez enregistrée comme <UIForeground>F201FA</UIForeground><UIGlow>F201FB</UIGlow>point de retour<UIGlow>01</UIGlow><UIForeground>01</UIForeground>. Pour l'utiliser, ouvrez le menu principal et sélectionnez l'option “Rapatriement” à partir de la rubrique <UIForeground>F201FA</UIForeground><UIGlow>F201FB</UIGlow>Déplacements<UIGlow>01</UIGlow><UIForeground>01</UIForeground>.","",""
28,1,0,150133,0,"Vous ne pouvez enregistrer qu'une seule éthérite comme <UIForeground>F201FA</UIForeground><UIGlow>F201FB</UIGlow>point de retour<UIGlow>01</UIGlow><UIForeground>01</UIForeground>. Pour ce faire, <UIForeground>F201FA</UIForeground><UIGlow>F201FB</UIGlow>ciblez l'éthérite<UIGlow>01</UIGlow><UIForeground>01</UIForeground> de votre choix et pressez la touche <UIForeground>F201FA</UIForeground><UIGlow>F201FB</UIGlow>Confirmer<UIGlow>01</UIGlow><UIForeground>01</UIForeground>.
Le sort Rapatriement ne consomme aucun PM, néanmoins un délai de <UIForeground>F201FA</UIForeground><UIGlow>F201FB</UIGlow>15 minutes<UIGlow>01</UIGlow><UIForeground>01</UIForeground> est nécessaire pour pouvoir le lancer de nouveau.","",""
29,0,0,0,0,"","",""
30,1,1,150041,0,"Pour afficher la carte, cliquez sur l'icone <UIForeground>F201FA</UIForeground><UIGlow>F201FB</UIGlow>Déplacements<UIGlow>01</UIGlow><UIForeground>01</UIForeground> du menu principal et sélectionnez l'option “Carte”. Vous pouvez également appuyez sur la touche <UIForeground>F201FA</UIForeground><UIGlow>F201FB</UIGlow>M<UIGlow>01</UIGlow><UIForeground>01</UIForeground> du clavier.

Les objectifs de quête situés à proximité de votre personnage sont indiqués par des icones.","",""
31,1,1,150042,0,"Si vous vous êtes égaré(e) ou que vous avez oublié votre destination, vous pouvez visualiser l'endroit où vous devez vous rendre en cliquant sur l'objectif voulu dans la <UIForeground>F201FA</UIForeground><UIGlow>F201FB</UIGlow>liste des objectifs<UIGlow>01</UIGlow><UIForeground>01</UIForeground>.","",""
32,1,1,150041,0,"Pour afficher la carte, ouvrez le menu principal et sélectionnez l'option “Carte” à partir de la rubrique <UIForeground>F201FA</UIForeground><UIGlow>F201FB</UIGlow>Déplacements<UIGlow>01</UIGlow><UIForeground>01</UIForeground>.

Les objectifs de quête situés à proximité de votre personnage sont indiqués par des icones.","",""
33,1,1,150042,0,"Si vous vous êtes égaré(e) ou que vous avez oublié votre destination, vous pouvez voir l'endroit où vous devez vous rendre en sélectionnant l'objectif voulu dans la <UIForeground>F201FA</UIForeground><UIGlow>F201FB</UIGlow>liste des objectifs<UIGlow>01</UIGlow><UIForeground>01</UIForeground>, puis en pressant la touche <UIForeground>F201FA</UIForeground><UIGlow>F201FB</UIGlow>Confirmer<UIGlow>01</UIGlow><UIForeground>01</UIForeground>.","",""
34,0,0,0,0,"","",""
35,1,0,150181,0,"Pour gérer l'équipement de votre personnage, ouvrez la <UIForeground>F201FA</UIForeground><UIGlow>F201FB</UIGlow>fenêtre de personnage<UIGlow>01</UIGlow><UIForeground>01</UIForeground> à partir du menu principal (ou appuyez sur la touche <UIForeground>F201FA</UIForeground><UIGlow>F201FB</UIGlow>P<UIGlow>01</UIGlow><UIForeground>01</UIForeground> du clavier).","",""
36,1,0,150182,0,"Pour modifier votre équipement, commencez par sélectionner une case d'équipement dans la fenêtre de personnage. Choisissez ensuite l'objet voulu dans l'<UIForeground>F201FA</UIForeground><UIGlow>F201FB</UIGlow>arsenal<UIGlow>01</UIGlow><UIForeground>01</UIForeground> (ou l'<UIForeground>F201FA</UIForeground><UIGlow>F201FB</UIGlow>inventaire<UIGlow>01</UIGlow><UIForeground>01</UIForeground>) et utilisez l'option <UIForeground>F201FA</UIForeground><UIGlow>F201FB</UIGlow>Équiper<UIGlow>01</UIGlow><UIForeground>01</UIForeground> du sous-menu.","",""
37,1,0,150181,0,"Pour gérer l'équipement de votre personnage, ouvrez la <UIForeground>F201FA</UIForeground><UIGlow>F201FB</UIGlow>fenêtre de personnage<UIGlow>01</UIGlow><UIForeground>01</UIForeground> à partir du menu principal.","",""
38,0,0,0,0,"","",""
39,0,0,0,0,"","",""
40,1,0,150221,0,"Le service de <UIForeground>F201FA</UIForeground><UIGlow>F201FB</UIGlow>courrier mog<UIGlow>01</UIGlow><UIForeground>01</UIForeground> vous permet d'échanger des lettres, des objets, ou encore des gils avec les personnes enregistrées dans votre liste d'amis. Pour en profiter, il suffit de vous adresser aux <UIForeground>F201FA</UIForeground><UIGlow>F201FB</UIGlow>Mogs postiers<UIGlow>01</UIGlow><UIForeground>01</UIForeground> ou d'utiliser les <UIForeground>F201FA</UIForeground><UIGlow>F201FB</UIGlow>boîtes à lettres mog<UIGlow>01</UIGlow><UIForeground>01</UIForeground> que vous trouvez sur votre route.","",""
41,1,0,150222,0,"Pour envoyer une lettre, parlez à un Mog postier et cliquez sur le bouton <UIForeground>F201FA</UIForeground><UIGlow>F201FB</UIGlow>Nouvelle<UIGlow>01</UIGlow><UIForeground>01</UIForeground> à partir de la fenêtre <UIForeground>F201FA</UIForeground><UIGlow>F201FB</UIGlow>Courrier mog<UIGlow>01</UIGlow><UIForeground>01</UIForeground>.
Choisissez un des<SoftHyphen/>ti<SoftHyphen/>na<SoftHyphen/>tai<SoftHyphen/>re, saisissez un message, puis cliquez sur <UIForeground>F201FA</UIForeground><UIGlow>F201FB</UIGlow>Envoyer<UIGlow>01</UIGlow><UIForeground>01</UIForeground>. Vous pouvez également joindre des gils ou des objets à votre courrier.","",""
42,1,0,150222,0,"Pour envoyer une lettre, parlez à un Mog postier et sélectionnez <UIForeground>F201FA</UIForeground><UIGlow>F201FB</UIGlow>Nouvelle<UIGlow>01</UIGlow><UIForeground>01</UIForeground> à partir de la fenêtre <UIForeground>F201FA</UIForeground><UIGlow>F201FB</UIGlow>Courrier mog<UIGlow>01</UIGlow><UIForeground>01</UIForeground>.
Choisissez un des<SoftHyphen/>ti<SoftHyphen/>na<SoftHyphen/>tai<SoftHyphen/>re, saisissez un message, puis confirmez via l'icone <UIForeground>F201FA</UIForeground><UIGlow>F201FB</UIGlow>Envoyer<UIGlow>01</UIGlow><UIForeground>01</UIForeground>. Vous pouvez également joindre des gils ou des objets à votre courrier.","",""
43,0,0,0,0,"","",""
44,0,0,0,0,"","",""
45,1,0,150191,0,"Vous venez de vous harmoniser avec une <UIForeground>F201FA</UIForeground><UIGlow>F201FB</UIGlow>éthérite urbaine<UIGlow>01</UIGlow><UIForeground>01</UIForeground>. Vous pouvez désormais utiliser le <UIForeground>F201FA</UIForeground><UIGlow>F201FB</UIGlow>réseau de transport urbain éthéré<UIGlow>01</UIGlow><UIForeground>01</UIForeground> pour vous déplacer rapidement à travers la Cité.","",""
46,0,0,0,0,"","",""
47,0,0,0,0,"","",""
48,0,0,0,0,"","",""
49,0,0,0,0,"","",""
50,1,0,150151,0,"Vous avez appris le sort <UIForeground>F201FA</UIForeground><UIGlow>F201FB</UIGlow>Téléportation<UIGlow>01</UIGlow><UIForeground>01</UIForeground>. Vous pouvez désormais vous déplacer instantanément vers les éthérites avec lesquelles vous vous êtes harmonisé(e) en utilisant l'option “Téléportation” disponible à partir de la rubrique <UIForeground>F201FA</UIForeground><UIGlow>F201FB</UIGlow>Déplacements<UIGlow>01</UIGlow><UIForeground>01</UIForeground> du menu principal.","",""
51,1,0,150152,0,"Con<SoftHyphen/>trai<SoftHyphen/>re<SoftHyphen/>ment aux autres sorts, la téléportation ne consomme pas de PM. Il faut néanmoins s'acquitter d'une <UIForeground>F201FA</UIForeground><UIGlow>F201FB</UIGlow>somme modique en gils<UIGlow>01</UIGlow><UIForeground>01</UIForeground> auprès des gardiens de l'éthérite pour le maintien et la protection des cristaux. Cette somme varie en fonction de la distance à parcourir et de l'éloignement de l'éthérite.","",""
52,1,0,150153,0,"Enregistrer une éthérite comme <UIForeground>F201FA</UIForeground><UIGlow>F201FB</UIGlow>endroit favori<UIGlow>01</UIGlow><UIForeground>01</UIForeground> permet de réduire le nombre de gils nécessaires pour se téléporter jusqu'à elle.

Il est possible d'enregistrer <UIForeground>F201FA</UIForeground><UIGlow>F201FB</UIGlow>jusqu'à trois éthérites<UIGlow>01</UIGlow><UIForeground>01</UIForeground> à la fois.","",""
53,0,0,0,0,"","",""
54,0,0,0,0,"","",""
55,0,0,0,0,"","",""
56,0,0,0,0,"","",""
57,0,0,0,0,"","",""
58,0,0,0,0,"","",""
59,0,0,0,0,"","",""
60,1,1,150031,0,"Lorsque vous acceptez une quête, la <UIForeground>F201FA</UIForeground><UIGlow>F201FB</UIGlow>liste des objectifs<UIGlow>01</UIGlow><UIForeground>01</UIForeground> apparaît à droite de l'écran. Celle-ci vous permet de voir les titres des quêtes (jusqu'à 5) ainsi que les objectifs en cours pour chacune d'entre elles.","",""
61,1,1,150032,0,"En cliquant sur le titre d'une quête, vous pouvez afficher le <UIForeground>F201FA</UIForeground><UIGlow>F201FB</UIGlow>journal<UIGlow>01</UIGlow><UIForeground>01</UIForeground>. Ce dernier vous permet de vous remémorer les grandes lignes de l'histoire, de vérifier les objectifs en cours ainsi que les récompenses.","",""
62,1,1,150032,0,"En pressant la touche <UIForeground>F201FA</UIForeground><UIGlow>F201FB</UIGlow>Confirmer<UIGlow>01</UIGlow><UIForeground>01</UIForeground> après avoir sélectionné le titre d'une quête, vous pouvez afficher le <UIForeground>F201FA</UIForeground><UIGlow>F201FB</UIGlow>journal<UIGlow>01</UIGlow><UIForeground>01</UIForeground>. Ce dernier vous permet de vous remémorer les grandes lignes de l'histoire, de vérifier les objectifs en cours ainsi que les récompenses.","",""
63,0,0,0,0,"","",""
64,0,0,0,0,"","",""
65,1,1,150051,0,"Pour progresser dans cette quête, vous devez utiliser un <UIForeground>F201FA</UIForeground><UIGlow>F201FB</UIGlow>objet-clef<UIGlow>01</UIGlow><UIForeground>01</UIForeground>.
Pour cela, commencez par faire apparaître la fenêtre d'objets-clefs en faisant un clic droit sur la cible de votre choix. Sélectionnez l'objet désiré à l'aide d'un clic droit et validez l'option <UIForeground>F201FA</UIForeground><UIGlow>F201FB</UIGlow>Utiliser<UIGlow>01</UIGlow><UIForeground>01</UIForeground> du sous-menu.","",""
66,1,1,150051,0,"Pour progresser dans cette quête, vous devez utiliser un <UIForeground>F201FA</UIForeground><UIGlow>F201FB</UIGlow>objet-clef<UIGlow>01</UIGlow><UIForeground>01</UIForeground>.
Pour ce faire, sélectionnez la cible de votre choix, puis pressez la touche <UIForeground>F201FA</UIForeground><UIGlow>F201FB</UIGlow>Confirmer<UIGlow>01</UIGlow><UIForeground>01</UIForeground> pour faire apparaître la fenêtre d'objets-clefs. Choisissez ensuite l'objet désiré, puis validez l'option <UIForeground>F201FA</UIForeground><UIGlow>F201FB</UIGlow>Utiliser<UIGlow>01</UIGlow><UIForeground>01</UIForeground> du sous-menu.","",""
67,0,0,0,0,"","",""
68,0,0,0,0,"","",""
69,0,0,0,0,"","",""
70,1,1,150061,0,"Certaines quêtes demandent à ce que vous interagissiez avec un ou plusieurs objets afin de progresser. Pour ce faire, effectuez simplement un <UIForeground>F201FA</UIForeground><UIGlow>F201FB</UIGlow>clic droit<UIGlow>01</UIGlow><UIForeground>01</UIForeground> dessus.","",""
71,1,1,150061,0,"Certaines quêtes demandent à ce que vous interagissiez avec un ou plusieurs objets afin de progresser. Pour ce faire, ciblez simplement l'objet en question et pressez la touche <UIForeground>F201FA</UIForeground><UIGlow>F201FB</UIGlow>Confirmer<UIGlow>01</UIGlow><UIForeground>01</UIForeground>.","",""
72,0,0,0,0,"","",""
73,0,0,0,0,"","",""
74,0,0,0,0,"","",""
75,0,0,0,0,"","",""
76,0,0,0,0,"","",""
77,0,0,0,0,"","",""
78,0,0,0,0,"","",""
79,0,0,0,0,"","",""
80,1,1,150381,0,"Les <UIForeground>F201FA</UIForeground><UIGlow>F201FB</UIGlow>emotes<UIGlow>01</UIGlow><UIForeground>01</UIForeground> vous permettent d'exprimer des émotions à l'égard d'une personne ou d'une situation.

Pour utiliser cette fonctionnalité, ciblez un joueur (si nécessaire) et sélectionnez l'option “Emotes” disponible à partir de la rubrique <UIForeground>F201FA</UIForeground><UIGlow>F201FB</UIGlow>Communication<UIGlow>01</UIGlow><UIForeground>01</UIForeground> du menu principal.","",""
81,1,1,150382,1,"Ici, vous devez choisir la commande <UIForeground>F201FA</UIForeground><UIGlow>F201FB</UIGlow>S'agenouiller<UIGlow>01</UIGlow><UIForeground>01</UIForeground> après avoir ciblé <UIForeground>F201FA</UIForeground><UIGlow>F201FB</UIGlow>Rhoswen<UIGlow>01</UIGlow><UIForeground>01</UIForeground> pour accomplir l'objectif de quête.","Ici, vous devez choisir la commande <UIForeground>F201FA</UIForeground><UIGlow>F201FB</UIGlow>S'incliner<UIGlow>01</UIGlow><UIForeground>01</UIForeground> après avoir ciblé <UIForeground>F201FA</UIForeground><UIGlow>F201FB</UIGlow>Aunillie<UIGlow>01</UIGlow><UIForeground>01</UIForeground> pour accomplir l'objectif de quête.","Ici, vous devez choisir la commande <UIForeground>F201FA</UIForeground><UIGlow>F201FB</UIGlow>Accueillir<UIGlow>01</UIGlow><UIForeground>01</UIForeground> après avoir ciblé <UIForeground>F201FA</UIForeground><UIGlow>F201FB</UIGlow>Juliana<UIGlow>01</UIGlow><UIForeground>01</UIForeground> pour accomplir l'objectif de quête."
82,1,1,150383,0,"Si vous le désirez, vous pouvez également ajouter des emotes dans la barre de raccourcis. Pour ce faire, effectuez simplement un <UIForeground>F201FA</UIForeground><UIGlow>F201FB</UIGlow>glisser-déposer<UIGlow>01</UIGlow><UIForeground>01</UIForeground> de l'emote désirée à partir de la fenêtre d'emotes vers la barre de raccourcis. Notez qu'il est également possible d'ajouter des objets ou des macros.","",""
83,1,1,150382,1,"Ici, vous devez choisir la commande <UIForeground>F201FA</UIForeground><UIGlow>F201FB</UIGlow>S'agenouiller<UIGlow>01</UIGlow><UIForeground>01</UIForeground> après avoir ciblé <UIForeground>F201FA</UIForeground><UIGlow>F201FB</UIGlow>Rhoswen<UIGlow>01</UIGlow><UIForeground>01</UIForeground> pour accomplir l'objectif de quête.","Ici, vous devez choisir la commande <UIForeground>F201FA</UIForeground><UIGlow>F201FB</UIGlow>S'incliner<UIGlow>01</UIGlow><UIForeground>01</UIForeground> après avoir ciblé <UIForeground>F201FA</UIForeground><UIGlow>F201FB</UIGlow>Aunillie<UIGlow>01</UIGlow><UIForeground>01</UIForeground> pour accomplir l'objectif de quête.","Ici, vous devez choisir la commande <UIForeground>F201FA</UIForeground><UIGlow>F201FB</UIGlow>Accueillir<UIGlow>01</UIGlow><UIForeground>01</UIForeground> après avoir ciblé <UIForeground>F201FA</UIForeground><UIGlow>F201FB</UIGlow>Juliana<UIGlow>01</UIGlow><UIForeground>01</UIForeground> pour accomplir l'objectif de quête."
84,0,0,0,0,"","",""
85,0,0,0,0,"","",""
86,0,0,0,0,"","",""
87,0,0,0,0,"","",""
88,0,0,0,0,"","",""
89,0,0,0,0,"","",""
90,1,0,150161,0,"Lorsque votre barre de <UIForeground>F201FA</UIForeground><UIGlow>F201FB</UIGlow>points de vie<UIGlow>01</UIGlow><UIForeground>01</UIForeground> (PV) arrive à zéro, votre personnage tombe <UIForeground>F201FA</UIForeground><UIGlow>F201FB</UIGlow>inconscient<UIGlow>01</UIGlow><UIForeground>01</UIForeground>. Dès lors, deux choix s'offrent à vous<Indent/>: soit vous choisissez de retourner à l'éthérite que vous avez enregistrée comme <UIForeground>F201FA</UIForeground><UIGlow>F201FB</UIGlow>point de retour<UIGlow>01</UIGlow><UIForeground>01</UIForeground> (ou <UIForeground>F201FA</UIForeground><UIGlow>F201FB</UIGlow>point de départ<UIGlow>01</UIGlow><UIForeground>01</UIForeground> dans les instances), soit vous attendez qu'un joueur vous ranime à l'aide du sort <UIForeground>F201FA</UIForeground><UIGlow>F201FB</UIGlow>Vie<UIGlow>01</UIGlow><UIForeground>01</UIForeground>, par exemple.","",""
91,1,0,150162,0,"En plus de vous affaiblir momentanément, tomber inconscient <UIForeground>F201FA</UIForeground><UIGlow>F201FB</UIGlow>affecte la condition<UIGlow>01</UIGlow><UIForeground>01</UIForeground> de vos équipements. Lorsqu'une pièce d'équipement atteint 0 %, elle perd ses capacités.

N.B.<Indent/>: l'usure des équipements suite à un K.O. ne survient pas jusqu'au niveau 9 ou dans certaines instances.","",""
92,0,0,0,0,"","",""
93,0,0,0,0,"","",""
94,0,0,0,0,"","",""
95,0,0,0,0,"","",""
96,0,0,0,0,"","",""
97,0,0,0,0,"","",""
98,0,0,0,0,"","",""
99,0,0,0,0,"","",""
100,0,0,0,0,"","",""
101,0,0,0,0,"","",""
102,0,0,0,0,"","",""
103,0,0,0,0,"","",""
104,0,0,0,0,"","",""
105,1,0,150572,0,"Vous pouvez sortir d'un donjon à tout moment en sélectionnant l'option <UIForeground>F201FA</UIForeground><UIGlow>F201FB</UIGlow>Quitter<UIGlow>01</UIGlow><UIForeground>01</UIForeground> de l'outil de mission ou en utilisant le <UIForeground>F201FA</UIForeground><UIGlow>F201FB</UIGlow>portail d'éthérite<UIGlow>01</UIGlow><UIForeground>01</UIForeground> à l'entrée. Il est à noter toutefois que vos équipiers seront contraints de continuer sans vous.

Pensez à les prévenir avant de partir.","",""
106,1,0,150573,0,"Lorsque vous rencontrez un boss et commencez à l'attaquer, un message vous indiquant le temps restant avant la fermeture de la zone de combat s'affiche à l'écran.
Passé ce délai, <UIForeground>F201FA</UIForeground><UIGlow>F201FB</UIGlow>plus personne ne peut rejoindre ou quitter cette zone<UIGlow>01</UIGlow><UIForeground>01</UIForeground>.
Assurez-vous que tous les équipiers sont là avant d'engager la lutte.","",""
107,1,0,150574,0,"Si vous tombez inconscient(e) en cours de route, vous pouvez soit choisir de retourner à l'entrée du donjon, soit attendre qu'un équipier vous ressuscite.","",""
108,0,0,0,0,"","",""
109,0,0,0,0,"","",""
110,1,0,150111,0,"Le changement de classe s'effectue simplement en remplaçant l'équipement (arme ou outil) tenu dans la <UIForeground>F201FA</UIForeground><UIGlow>F201FB</UIGlow>main directrice<UIGlow>01</UIGlow><UIForeground>01</UIForeground> de votre personnage.","",""
111,1,0,150112,0,"Après avoir changé de classe, pensez à <UIForeground>F201FA</UIForeground><UIGlow>F201FB</UIGlow>enregistrer votre tenue<UIGlow>01</UIGlow><UIForeground>01</UIForeground><Indent/>!

Changer de tenue vous permettra de changer de classe sans avoir à reconfigurer chacune des cases d'équipement.","",""
112,0,0,0,0,"","",""
113,0,0,0,0,"","",""
114,0,0,0,0,"","",""
115,1,0,150101,0,"Vous avez désormais la possibilité de <UIForeground>F201FA</UIForeground><UIGlow>F201FB</UIGlow>changer de classe<UIGlow>01</UIGlow><UIForeground>01</UIForeground><Indent/>!

Accomplissez les quêtes proposées par les diverses guildes afin d'accéder à de nouvelles classes.","",""
116,1,0,150102,0,"En dehors des classes de combattants, il existe aussi des spé<SoftHyphen/>cia<SoftHyphen/>listes de la création d'objets, les <UIForeground>F201FA</UIForeground><UIGlow>F201FB</UIGlow>disciples de la main<UIGlow>01</UIGlow><UIForeground>01</UIForeground>, mais également des spé<SoftHyphen/>cia<SoftHyphen/>listes de la collecte et de la récolte, les <UIForeground>F201FA</UIForeground><UIGlow>F201FB</UIGlow>disciples de la terre<UIGlow>01</UIGlow><UIForeground>01</UIForeground>.

Maîtriser plusieurs classes est la marque des plus grands aventuriers.","",""
117,0,0,0,0,"","",""
118,0,0,0,0,"","",""
119,0,0,0,0,"","",""
120,1,1,150791,0,"Vous allez entrer dans une <UIForeground>F201FA</UIForeground><UIGlow>F201FB</UIGlow>instance de combat<UIGlow>01</UIGlow><UIForeground>01</UIForeground>.

Ces instances spéciales sont réservées aux combats importants, comme les af<SoftHyphen/>fron<SoftHyphen/>te<SoftHyphen/>ments contre les boss, ou les événements qui ont une influence sur le déroulement de l'histoire.","",""
121,1,1,150792,0,"La zone de combat est délimitée par une ligne rouge qui vous empêche de sortir de l'instance.

Vous la quittez au<SoftHyphen/>to<SoftHyphen/>ma<SoftHyphen/>ti<SoftHyphen/>que<SoftHyphen/>ment une fois que tous les objectifs sont remplis.","",""
122,0,0,0,0,"","",""
123,0,0,0,0,"","",""
124,0,0,0,0,"","",""
125,1,0,150801,0,"Les quêtes importantes, qui permettent de faire avancer la trame principale du jeu, se distinguent par leur <UIForeground>F201FA</UIForeground><UIGlow>F201FB</UIGlow>icone en forme de météore<UIGlow>01</UIGlow><UIForeground>01</UIForeground>.

Accomplissez-les pour découvrir les mystères qui entourent Éorzéa.","",""
126,1,0,150802,0,"Cet icone marqué d'un + indique une quête permettant d'accéder à une nouvelle mission instanciée ou fonction. Vous avez donc tout intérêt à l'accomplir pour pouvoir bénéficier de cet élément du jeu.","",""
127,0,0,0,0,"","",""
128,0,0,0,0,"","",""
129,0,0,0,0,"","",""
130,1,0,150891,0,"Certaines actions ne peuvent être apprises qu'en ac<SoftHyphen/>com<SoftHyphen/>plis<SoftHyphen/>sant des <UIForeground>F201FA</UIForeground><UIGlow>F201FB</UIGlow>quêtes de classe<UIGlow>01</UIGlow><UIForeground>01</UIForeground> spécifiques.

Par exemple, la technique d'arme de maître d'hast <UIForeground>F201FA</UIForeground><UIGlow>F201FB</UIGlow>Griffe perçante<UIGlow>01</UIGlow><UIForeground>01</UIForeground> s'obtient en effectuant la quête de classe de maître d'hast de niveau 15.","",""
131,0,0,0,0,"","",""
132,0,0,0,0,"","",""
133,0,0,0,0,"","",""
134,0,0,0,0,"","",""
135,1,0,150201,0,"Les échoppes vous permettent d'acheter et de vendre des objets. Pour acheter un objet, cliquez sur son nom dans la liste. Pour vendre quelque chose, glissez l'objet dont vous souhaitez vous séparer à partir de votre inventaire vers la fenêtre de l'échoppe, ou faites un clic droit dessus puis sélectionnez l'option <UIForeground>F201FA</UIForeground><UIGlow>F201FB</UIGlow>Vendre<UIGlow>01</UIGlow><UIForeground>01</UIForeground>.","",""
136,1,0,150202,0,"Si jamais vous vendez un objet par erreur, vous pouvez le récupérer en sélectionnant l'onglet <UIForeground>F201FA</UIForeground><UIGlow>F201FB</UIGlow>Racheter<UIGlow>01</UIGlow><UIForeground>01</UIForeground>.

Attention<Indent/>! Si vous vous déconnectez ou que vous quittez la zone dans laquelle l'échoppe se trouve, <UIForeground>F201FA</UIForeground><UIGlow>F201FB</UIGlow>vous ne pourrez plus le racheter<UIGlow>01</UIGlow><UIForeground>01</UIForeground>.","",""
137,1,0,150201,0,"Les échoppes vous permettent d'acheter et de vendre des objets. Pour acheter un objet dans la liste, mettez-le en surbrillance puis pressez la touche <UIForeground>F201FA</UIForeground><UIGlow>F201FB</UIGlow>Confirmer<UIGlow>01</UIGlow><UIForeground>01</UIForeground>. Pour vendre un objet, ouvrez la fenêtre d'inventaire ou l'arsenal, puis pressez <UIForeground>F201FA</UIForeground><UIGlow>F201FB</UIGlow>Confirmer<UIGlow>01</UIGlow><UIForeground>01</UIForeground>.","",""
138,0,0,0,0,"","",""
139,0,0,0,0,"","",""
140,0,0,0,0,"","",""
141,0,0,0,0,"","",""
142,0,0,0,0,"","",""
143,0,0,0,0,"","",""
144,0,0,0,0,"","",""
145,0,0,0,0,"","",""
146,0,0,0,0,"","",""
147,0,0,0,0,"","",""
148,0,0,0,0,"","",""
149,0,0,0,0,"","",""
150,1,0,150931,0,"Pour attaquer un ennemi, ciblez-le à l'aide d'un <UIForeground>F201FA</UIForeground><UIGlow>F201FB</UIGlow>clic droit<UIGlow>01</UIGlow><UIForeground>01</UIForeground>. Un icone circulaire indiquant que l'<UIForeground>F201FA</UIForeground><UIGlow>F201FB</UIGlow>attaque automatique<UIGlow>01</UIGlow><UIForeground>01</UIForeground> est activée apparaît alors au-dessus de sa plaque de nom.
Placez-vous à portée pour lui asséner des coups.","",""
151,1,0,150082,0,"La <UIForeground>F201FA</UIForeground><UIGlow>F201FB</UIGlow>barre de raccourcis<UIGlow>01</UIGlow><UIForeground>01</UIForeground>, située en bas de l'écran, permet d'exécuter diverses commandes utiles pendant le combat.
Pour lancer une action, cliquez simplement sur l'icone désiré ou appuyez sur la touche correspondant au raccourci indiqué en haut à gauche de la case.","",""
152,1,0,150083,0,"Il est à noter que l'utilisation de ces actions requiert un certain nombre de <UIForeground>F201FA</UIForeground><UIGlow>F201FB</UIGlow>points de magie<UIGlow>01</UIGlow><UIForeground>01</UIForeground> (PM). En outre, il est nécessaire d'attendre un certain temps avant de pouvoir les relancer. Pour connaître les effets d'une action, placez le curseur de la souris sur son icone.","",""
153,1,0,150084,0,"Les classes douées pour le combat à distance (élé<SoftHyphen/>men<SoftHyphen/>ta<SoftHyphen/>lis<SoftHyphen/>tes, occultistes, archers...) sont plus efficaces lorsqu'elles sont éloignées de leurs ennemis.
Pour connaître la portée et le rayon d'une action, placez le curseur de la souris sur l'icone dans la barre de raccourcis.","",""
154,0,0,0,0,"","",""
155,0,0,0,0,"","",""
156,0,0,0,0,"","",""
157,0,0,0,0,"","",""
158,0,0,0,0,"","",""
159,0,0,0,0,"","",""
160,1,0,151141,0,"FINAL FANTASY XIV permet de changer de classe ou de job en fonction de l'arme ou l'outil qui se trouve dans la main directrice du personnage. Pour éviter que les aventuriers initiés à plusieurs disciplines de combat ou d'artisanat manquent de place dans leur inventaire, un <UIForeground>F201FA</UIForeground><UIGlow>F201FB</UIGlow>coffre d'arsenal<UIGlow>01</UIGlow><UIForeground>01</UIForeground> leur a été attribué.","",""
161,1,0,151142,0,"Toutes les pièces d'équipement achetées ou trouvées sont au<SoftHyphen/>to<SoftHyphen/>ma<SoftHyphen/>ti<SoftHyphen/>que<SoftHyphen/>ment placées dans ce coffre, laissant l'inventaire libre pour les objets tels que les potions, les matériaux d'artisanat ou les plats.","",""
162,1,0,151143,0,"Pour accéder à l'arsenal et gérer vos pièces d'équipement, cliquez sur l'icone <UIForeground>F201FA</UIForeground><UIGlow>F201FB</UIGlow>Personnage<UIGlow>01</UIGlow><UIForeground>01</UIForeground> du menu principal et sélectionnez l'option “Arsenal” (vous pouvez également utiliser la combinaison de touches <UIForeground>F201FA</UIForeground><UIGlow>F201FB</UIGlow>Ctrl + I<UIGlow>01</UIGlow><UIForeground>01</UIForeground>).","",""
163,1,0,151143,0,"Pour accéder à l'arsenal et gérer vos pièces d'équipement, sélectionnez l'option “Arsenal” disponible à partir de la rubrique <UIForeground>F201FA</UIForeground><UIGlow>F201FB</UIGlow>Personnage<UIGlow>01</UIGlow><UIForeground>01</UIForeground> du menu principal.","",""
164,0,0,0,0,"","",""
165,0,0,0,0,"","",""
166,0,0,0,0,"","",""
167,0,0,0,0,"","",""
168,0,0,0,0,"","",""
169,0,0,0,0,"","",""
170,1,0,150361,0,"Lorsque vous entrez dans un <UIForeground>F201FA</UIForeground><UIGlow>F201FB</UIGlow>lieu de repos<UIGlow>01</UIGlow><UIForeground>01</UIForeground>, un icone en forme de croissant de lune apparaît sous la barre d'expérience, et vous commencez à cumuler un <UIForeground>F201FA</UIForeground><UIGlow>F201FB</UIGlow>bonus de repos<UIGlow>01</UIGlow><UIForeground>01</UIForeground>. Ce bonus continue à croître même quand vous êtes déconnecté(e).","",""
171,1,0,150362,0,"Le bonus de repos vous fait bénéficier de <UIForeground>F201FA</UIForeground><UIGlow>F201FB</UIGlow>50 %<UIGlow>01</UIGlow><UIForeground>01</UIForeground> de points d'expérience sup<SoftHyphen/>plé<SoftHyphen/>men<SoftHyphen/>tai<SoftHyphen/>res lors des <UIForeground>F201FA</UIForeground><UIGlow>F201FB</UIGlow>combats<UIGlow>01</UIGlow><UIForeground>01</UIForeground>, <UIForeground>F201FA</UIForeground><UIGlow>F201FB</UIGlow>synthèses<UIGlow>01</UIGlow><UIForeground>01</UIForeground> et <UIForeground>F201FA</UIForeground><UIGlow>F201FB</UIGlow>récoltes<UIGlow>01</UIGlow><UIForeground>01</UIForeground>.","",""
172,1,0,150363,0,"Le bonus de repos s'affiche en superposition sur la barre d'expérience. La jauge orange foncé indique le nombre de points d'expérience que vous pouvez encore gagner avant que les effets ne se dissipent. Si la jauge est bleu foncé, le bonus continuera même lorsque vous aurez atteint le niveau supérieur.","",""
173,1,0,150364,0,"Les <UIForeground>F201FA</UIForeground><UIGlow>F201FB</UIGlow>Cités<UIGlow>01</UIGlow><UIForeground>01</UIForeground> ainsi qu'une partie des <UIForeground>F201FA</UIForeground><UIGlow>F201FB</UIGlow>hameaux<UIGlow>01</UIGlow><UIForeground>01</UIForeground> éorzéens sont classées comme lieux de repos.

Prenez l'habitude de vous déconnecter à l'intérieur de ces zones pour profiter pleinement du bonus.","",""
174,0,0,0,0,"","",""
175,0,0,0,0,"","",""
176,0,0,0,0,"","",""
177,0,0,0,0,"","",""
178,0,0,0,0,"","",""
179,0,0,0,0,"","",""
180,1,0,150901,0,"<UIForeground>F201FA</UIForeground><UIGlow>F201FB</UIGlow>L'union fait la force<Indent/>!<UIGlow>01</UIGlow><UIForeground>01</UIForeground>

En combinant vos forces avec les autres aventuriers, vous pourrez venir à bout des adversaires les plus coriaces et explorer des donjons dans lesquels il serait impossible d'aller autrement.","",""
181,1,0,150903,0,"Lorsque vous rejoignez une équipe, vous pouvez communiquer avec les autres via le mode de discussion <UIForeground>F201FA</UIForeground><UIGlow>F201FB</UIGlow>Équipe<UIGlow>01</UIGlow><UIForeground>01</UIForeground>. Pour ce faire, sélectionnez <UIForeground>F201FA</UIForeground><UIGlow>F201FB</UIGlow>l'icone en forme de bulle<UIGlow>01</UIGlow><UIForeground>01</UIForeground>, puis choisissez l'option Équipe. Les messages envoyés par ce biais sont visibles par tous les membres de l'équipe, où qu'ils se trouvent.","",""
182,1,0,150902,0,"La <UIForeground>F201FA</UIForeground><UIGlow>F201FB</UIGlow>liste des équipiers<UIGlow>01</UIGlow><UIForeground>01</UIForeground>, qui s'affiche en haut à gauche de l'écran, permet de vérifier la condition des membres de votre équipe.
Cliquer sur le nom d'un équipier permet de les cibler directement. Cette fonction s'avère par<SoftHyphen/>ti<SoftHyphen/>cu<SoftHyphen/>liè<SoftHyphen/>rement utile dans les situations d'urgence, pour prodiguer des soins notamment.","",""
183,1,0,150904,0,"Le jeu en équipe permet également de bénéficier d'un <UIForeground>F201FA</UIForeground><UIGlow>F201FB</UIGlow>bonus<UIGlow>01</UIGlow><UIForeground>01</UIForeground> qui augmente temporairement certaines ca<SoftHyphen/>rac<SoftHyphen/>té<SoftHyphen/>ris<SoftHyphen/>ti<SoftHyphen/>ques. Ce bonus varie en fonction de la combinaison des classes/jobs de vos équipiers.
Pour vérifier son état, ouvrez la fenêtre <UIForeground>F201FA</UIForeground><UIGlow>F201FB</UIGlow>Équipiers<UIGlow>01</UIGlow><UIForeground>01</UIForeground> à partir du menu <UIForeground>F201FA</UIForeground><UIGlow>F201FB</UIGlow>Équipe<UIGlow>01</UIGlow><UIForeground>01</UIForeground> tout en étant dans la même zone que vos équipiers.","",""
184,1,0,150905,0,"Gardez toujours à l'esprit que les aventuriers qui vous ac<SoftHyphen/>com<SoftHyphen/>pa<SoftHyphen/>gnent sont <UIForeground>F201FA</UIForeground><UIGlow>F201FB</UIGlow>des personnes bien réelles<UIGlow>01</UIGlow><UIForeground>01</UIForeground>, elles aussi.

Respectez-vous, entraidez-vous et surtout... <UIForeground>F201FA</UIForeground><UIGlow>F201FB</UIGlow>amusez-vous<UIGlow>01</UIGlow><UIForeground>01</UIForeground><Indent/>!","",""
185,1,0,150902,0,"La <UIForeground>F201FA</UIForeground><UIGlow>F201FB</UIGlow>liste des équipiers<UIGlow>01</UIGlow><UIForeground>01</UIForeground>, qui s'affiche en haut à gauche de l'écran, permet de vérifier la condition des membres de votre équipe.
Presser <Gui(1)/> ou <Gui(2)/> permet de les cibler directement. Cette fonction s'avère par<SoftHyphen/>ti<SoftHyphen/>cu<SoftHyphen/>liè<SoftHyphen/>rement utile dans les situations d'urgence, pour prodiguer des soins notamment.","",""
186,0,0,0,0,"","",""
187,0,0,0,0,"","",""
188,0,0,0,0,"","",""
189,0,0,0,0,"","",""
190,1,0,150931,0,"Pour attaquer un ennemi, ciblez-le à l'aide des touches directionnelles puis pressez deux fois la touche <UIForeground>F201FA</UIForeground><UIGlow>F201FB</UIGlow>Confirmer<UIGlow>01</UIGlow><UIForeground>01</UIForeground>. Un icone circulaire indiquant que l'<UIForeground>F201FA</UIForeground><UIGlow>F201FB</UIGlow>attaque automatique<UIGlow>01</UIGlow><UIForeground>01</UIForeground> est activée apparaît alors au-dessus de sa plaque de nom. Placez-vous à portée pour lui asséner des coups.","",""
191,1,0,150932,0,"La <UIForeground>F201FA</UIForeground><UIGlow>F201FB</UIGlow>croix de raccourcis<UIGlow>01</UIGlow><UIForeground>01</UIForeground>, située en bas de l'écran, permet d'exécuter diverses commandes utiles pendant le combat.
N.B.<Indent/>: la croix de raccourcis est uniquement disponible lors du jeu à la manette.","",""
192,1,0,150933,0,"Pour utiliser une action, maintenez enfoncé <Gui(14)/> ou <Gui(15)/>, puis pressez une direction sur <Gui(7)/> ou <If(Equal(PlayerParameter(78),99))>l'une des touches<Else/><If(Equal(PlayerParameter(78),4))>l'une des touches<Else/><If(Equal(PlayerParameter(78),5))>l'une des touches<Else/>l'un des boutons</If></If></If> <Gui(11)/><Gui(8)/><Gui(9)/><Gui(10)/>.
N.B.<Indent/>: les actions que vous apprenez s'ajoutent au<SoftHyphen/>to<SoftHyphen/>ma<SoftHyphen/>ti<SoftHyphen/>que<SoftHyphen/>ment à la croix de raccourcis.","",""
193,1,0,150934,0,"L'utilisation des actions requiert un certain nombre de <UIForeground>F201FA</UIForeground><UIGlow>F201FB</UIGlow>points de magie<UIGlow>01</UIGlow><UIForeground>01</UIForeground> (PM). En outre, il est nécessaire d'attendre un certain temps avant de pouvoir les relancer.","",""
194,0,0,0,0,"","",""
195,0,0,0,0,"","",""
196,0,0,0,0,"","",""
197,0,0,0,0,"","",""
198,0,0,0,0,"","",""
199,0,0,0,0,"","",""
200,1,0,150921,0,"Pour être accomplies, certaines quêtes demandent à ce qu'un ou plusieurs objets soient livrés. Lorsque c'est le cas, une fenêtre de requête apparaît à l'écran. Il suffit alors de <UIForeground>F201FA</UIForeground><UIGlow>F201FB</UIGlow>glisser<UIGlow>01</UIGlow><UIForeground>01</UIForeground> le ou les objets demandés depuis la fenêtre d'objets-clefs et de cliquer sur <UIForeground>F201FA</UIForeground><UIGlow>F201FB</UIGlow>Échanger<UIGlow>01</UIGlow><UIForeground>01</UIForeground> pour valider la transaction.","",""
201,1,0,150922,0,"Pour être accomplies, certaines quêtes demandent à ce qu'un ou plusieurs objets soient livrés. Lorsque c'est le cas, une fenêtre de requête apparaît à l'écran. Il suffit alors de sélectionner les mar<SoftHyphen/>chan<SoftHyphen/>di<SoftHyphen/>ses dans la fenêtre d'objets-clefs et de valider via la touche <UIForeground>F201FA</UIForeground><UIGlow>F201FB</UIGlow>Échanger<UIGlow>01</UIGlow><UIForeground>01</UIForeground> pour réaliser la transaction.","",""
202,0,0,0,0,"","",""
203,0,0,0,0,"","",""
204,0,0,0,0,"","",""
205,0,0,0,0,"","",""
206,0,0,0,0,"","",""
207,0,0,0,0,"","",""
208,0,0,0,0,"","",""
209,0,0,0,0,"","",""
210,1,0,150631,0,"La fonction <UIForeground>F201FA</UIForeground><UIGlow>F201FB</UIGlow>Recherche<UIGlow>01</UIGlow><UIForeground>01</UIForeground> permet de trouver des joueurs ac<SoftHyphen/>tu<SoftHyphen/>el<SoftHyphen/>le<SoftHyphen/>ment connectés à FINAL FANTASY XIV.

Pour l'utiliser, commencez par sélectionner l'option <UIForeground>F201FA</UIForeground><UIGlow>F201FB</UIGlow>Conditions de recherche<UIGlow>01</UIGlow><UIForeground>01</UIForeground>.","",""
211,1,0,150632,0,"Si aucune condition n'est spécifiée, la recherche s'effectue sur les joueurs dont le client est configuré dans la même langue que vous.

Pour des résultats plus précis, vous pouvez affiner votre recherche à l'aide de diverses options à votre disposition<Indent/>: nom, état en ligne, classe, niveau, etc.","",""
212,1,0,150633,0,"Les PJ qui remplissent les conditions ap<SoftHyphen/>pa<SoftHyphen/>rais<SoftHyphen/>sent dans la fenêtre. Pour consulter le profil d'un joueur, cliquez sur son nom et choisissez <UIForeground>F201FA</UIForeground><UIGlow>F201FB</UIGlow>Voir le profil de recherche<UIGlow>01</UIGlow><UIForeground>01</UIForeground>. Vous pouvez également modifier le vôtre via l'option <UIForeground>F201FA</UIForeground><UIGlow>F201FB</UIGlow>Modifier le profil de recherche<UIGlow>01</UIGlow><UIForeground>01</UIForeground> de l'onglet <UIForeground>F201FA</UIForeground><UIGlow>F201FB</UIGlow>Équipiers<UIGlow>01</UIGlow><UIForeground>01</UIForeground>.","",""
213,1,0,150634,0,"Pour que votre personnage apparaisse dans les recherches à classes multiples, modifiez d'abord votre état en ligne pour <UIForeground>F201FA</UIForeground><UIGlow>F201FB</UIGlow>Cherche une équipe<UIGlow>01</UIGlow><UIForeground>01</UIForeground>, puis sélectionnez les classes que vous voulez jouer. Si vous n'en choisissez aucune, vous n'apparaîtrez que dans les recherches pour votre classe actuelle.","",""
214,1,0,150635,0,"Si votre état n'est pas sur “Cherche une équipe”, seule votre classe actuelle est prise en compte lors de la recherche, ce même si vous avez acquis plusieurs classes.","",""
215,1,0,150633,0,"Les PJ qui remplissent les conditions ap<SoftHyphen/>pa<SoftHyphen/>rais<SoftHyphen/>sent dans la fenêtre. Pour consulter le profil d'un joueur, sélectionnez son nom et choisissez <UIForeground>F201FA</UIForeground><UIGlow>F201FB</UIGlow>Voir le profil de recherche<UIGlow>01</UIGlow><UIForeground>01</UIForeground>. Vous pouvez également modifier le vôtre via l'option <UIForeground>F201FA</UIForeground><UIGlow>F201FB</UIGlow>Modifier le profil de recherche<UIGlow>01</UIGlow><UIForeground>01</UIForeground> de l'onglet <UIForeground>F201FA</UIForeground><UIGlow>F201FB</UIGlow>Équipiers<UIGlow>01</UIGlow><UIForeground>01</UIForeground>.","",""
216,1,0,150635,0,"Si votre état n'est pas sur “Cherche une équipe”, seule votre classe actuelle est prise en compte lors de la recherche, ce même si vous avez acquis plusieurs classes.","",""
217,0,0,0,0,"","",""
218,0,0,0,0,"","",""
219,0,0,0,0,"","",""
220,0,0,0,0,"","",""
221,0,0,0,0,"","",""
222,0,0,0,0,"","",""
223,0,0,0,0,"","",""
224,0,0,0,0,"","",""
225,0,0,0,0,"","",""
226,0,0,0,0,"","",""
227,0,0,0,0,"","",""
228,0,0,0,0,"","",""
229,0,0,0,0,"","",""
230,0,0,0,0,"","",""
231,0,0,0,0,"","",""
232,0,0,0,0,"","",""
233,0,0,0,0,"","",""
234,0,0,0,0,"","",""
235,0,0,0,0,"","",""
236,0,0,0,0,"","",""
237,0,0,0,0,"","",""
238,0,0,0,0,"","",""
239,0,0,0,0,"","",""
240,1,0,150971,0,"Les transcendances sont de puissantes techniques de combat qui ne sont disponibles que pour les équipes de quatre joueurs ou plus.

Ces actions peuvent être effectuées lorsque la <UIForeground>F201FA</UIForeground><UIGlow>F201FB</UIGlow>jauge de Transcendance<UIGlow>01</UIGlow><UIForeground>01</UIForeground> est remplie.","",""
241,1,0,150972,0,"La jauge de Transcendance est commune à toute l'équipe et se remplit progressivement au fur et à mesure des combats.
Certains actes héroïques permettent d'accélérer sa progression, comme soigner un allié au seuil de la mort ou empêcher un ennemi d'utiliser une attaque spéciale.","",""
242,1,0,150973,0,"L'action Transcendance se trouve dans le menu <UIForeground>F201FA</UIForeground><UIGlow>F201FB</UIGlow>Général<UIGlow>01</UIGlow><UIForeground>01</UIForeground> de la fenêtre <UIForeground>F201FA</UIForeground><UIGlow>F201FB</UIGlow>Actions et traits<UIGlow>01</UIGlow><UIForeground>01</UIForeground>. Nous vous conseillons de l'ajouter dans vos raccourcis.","",""
243,1,0,150974,0,"Notez qu'il existe quatre types de transcendances<Indent/>: attaque sur cible unique, attaque à aire d'effet, défense et soin. Le type d'action utilisé dépend de la classe/job de la personne qui la lance. De la même façon, la longueur de la jauge de Transcendance varie en fonction de la taille de l'équipe et de l'adversaire affronté.","",""
244,0,0,0,0,"","",""
245,0,0,0,0,"","",""
246,0,0,0,0,"","",""
247,0,0,0,0,"","",""
248,0,0,0,0,"","",""
249,0,0,0,0,"","",""
250,1,0,150981,0,"Votre niveau a été synchronisé<Indent/>!

Grâce au système de <UIForeground>F201FA</UIForeground><UIGlow>F201FB</UIGlow>synchronisation de niveau<UIGlow>01</UIGlow><UIForeground>01</UIForeground>, vous pourrez participer à des missions de niveau inférieur en ajustant votre niveau de manière temporaire. Cette option est par<SoftHyphen/>ti<SoftHyphen/>cu<SoftHyphen/>liè<SoftHyphen/>rement utile pour les ALÉA et les donjons instanciés.","",""
251,1,0,150982,0,"Lorsque vous utilisez cette fonctionnalité, vos attributs personnels ainsi que les ca<SoftHyphen/>rac<SoftHyphen/>té<SoftHyphen/>ris<SoftHyphen/>ti<SoftHyphen/>ques de vos pièces d'équipement sont réduits pour remplir les conditions de la mission à laquelle vous participez. Une fois la mission terminée, vous retrouvez au<SoftHyphen/>to<SoftHyphen/>ma<SoftHyphen/>ti<SoftHyphen/>que<SoftHyphen/>ment votre niveau normal.","",""
252,1,0,150983,0,"Notez que les points d'expérience gagnés sous l'effet de la synchronisation sont basés sur le niveau ajusté et non sur votre niveau réel. Cependant, ils seront ajoutés à celui-ci.","",""
253,0,0,0,0,"","",""
254,0,0,0,0,"","",""
255,0,0,0,0,"","",""
256,0,0,0,0,"","",""
257,0,0,0,0,"","",""
258,0,0,0,0,"","",""
259,0,0,0,0,"","",""
260,1,0,150991,0,"Vous avez obtenu un <UIForeground>F201FA</UIForeground><UIGlow>F201FB</UIGlow>cristal d'âme<UIGlow>01</UIGlow><UIForeground>01</UIForeground><Indent/>!

Ces joyaux sont nécessaires pour passer de votre classe actuelle à un <UIForeground>F201FA</UIForeground><UIGlow>F201FB</UIGlow>job<UIGlow>01</UIGlow><UIForeground>01</UIForeground>. Chaque job possède son propre cristal et ses propres armes dont vous pouvez vous équiper à partir de l'arsenal.","",""
261,1,0,150992,0,"En passant d'une classe à un job, vos ca<SoftHyphen/>rac<SoftHyphen/>té<SoftHyphen/>ris<SoftHyphen/>ti<SoftHyphen/>ques de base évoluent et vous avez accès à de nouvelles actions spécifiques au job, en plus de celles des autres classes.","",""
262,1,0,150993,0,"Le niveau de job et l'expérience acquise coïncident avec ceux de la classe de base. Lorsque le niveau d'un job augmente, il en va de même pour la classe de base et vice-versa.

Cependant, les jobs qui n'ont pas de classe de base commenceront au niveau requis pour les débloquer et augmenteront de niveau indépendamment des autres classes et jobs.","",""
263,0,0,0,0,"","",""
264,0,0,0,0,"","",""
265,0,0,0,0,"","",""
266,0,0,0,0,"","",""
267,0,0,0,0,"","",""
268,0,0,0,0,"","",""
269,0,0,0,0,"","",""
270,1,0,151051,0,"Vous avez obtenu un objet <UIForeground>F201FA</UIForeground><UIGlow>F201FB</UIGlow>personnel<UIGlow>01</UIGlow><UIForeground>01</UIForeground>. Cet objet est à vous, et vous seulement. Il ne peut être ni vendu, ni échangé.","",""
271,0,0,0,0,"","",""
272,0,0,0,0,"","",""
273,0,0,0,0,"","",""
274,0,0,0,0,"","",""
275,0,0,0,0,"","",""
276,0,0,0,0,"","",""
277,0,0,0,0,"","",""
278,0,0,0,0,"","",""
279,0,0,0,0,"","",""
280,1,0,151061,0,"Certains objets octroient divers effets, comme une régénération instantanée de PV, une augmentation des points d'expérience gagnés, etc.

Pour se servir d'un objet, il suffit de sélectionner l'option <UIForeground>F201FA</UIForeground><UIGlow>F201FB</UIGlow>Utiliser<UIGlow>01</UIGlow><UIForeground>01</UIForeground> dans le sous-menu.","",""
281,1,0,151062,0,"Tous les objets avec un <UIForeground>F201FA</UIForeground><UIGlow>F201FB</UIGlow>temps de recharge<UIGlow>01</UIGlow><UIForeground>01</UIForeground> ne peuvent pas être réutilisés avant l'expiration du délai.

Les objets que vous utilisez souvent, comme les potions, par exemple, peuvent être ajoutés à votre barre de raccourcis pour un accès rapide.","",""
282,0,0,0,0,"","",""
283,1,0,151064,0,"Tous les objets avec un <UIForeground>F201FA</UIForeground><UIGlow>F201FB</UIGlow>temps de recharge<UIGlow>01</UIGlow><UIForeground>01</UIForeground> ne peuvent pas être réutilisés avant l'expiration du délai.

Les objets que vous utilisez souvent, comme les potions, par exemple, peuvent être ajoutés à votre croix de raccourcis pour un accès rapide.","",""
284,0,0,0,0,"","",""
285,0,0,0,0,"","",""
286,0,0,0,0,"","",""
287,0,0,0,0,"","",""
288,0,0,0,0,"","",""
289,0,0,0,0,"","",""
290,1,0,151171,0,"La fonction <UIForeground>F201FA</UIForeground><UIGlow>F201FB</UIGlow>Linkshell<UIGlow>01</UIGlow><UIForeground>01</UIForeground> est désormais disponible<Indent/>!

Les linkshells sont des groupes de discussion qui permettent aux joueurs qui ne sont pas forcément dans la même équipe ou compagnie libre de communiquer entre eux en toute simplicité.","",""
291,1,0,151172,0,"Les linkshells peuvent compter jusqu'à <UIForeground>F201FA</UIForeground><UIGlow>F201FB</UIGlow>128 membres<UIGlow>01</UIGlow><UIForeground>01</UIForeground>, et chaque joueur peut posséder <UIForeground>F201FA</UIForeground><UIGlow>F201FB</UIGlow>huit<UIGlow>01</UIGlow><UIForeground>01</UIForeground> linkshells différentes.","",""
292,0,0,0,0,"","",""
293,0,0,0,0,"","",""
294,0,0,0,0,"","",""
295,0,0,0,0,"","",""
296,0,0,0,0,"","",""
297,0,0,0,0,"","",""
298,0,0,0,0,"","",""
299,0,0,0,0,"","",""
300,1,0,150821,0,"Vous pouvez désormais <UIForeground>F201FA</UIForeground><UIGlow>F201FB</UIGlow>louer des chocobos<UIGlow>01</UIGlow><UIForeground>01</UIForeground> dans les écuries éorzéennes. Ces montures vous permettent de vous déplacer rapidement. Vous contrôlez le chocobo jusqu'à ce que vous en descendiez, que vous entriez dans une zone de nage, que vous vous fassiez attaquer par un ennemi, que la durée de location expire ou que vous participiez à une mission.","",""
301,0,0,0,0,"","",""
302,0,0,0,0,"","",""
303,0,0,0,0,"","",""
304,0,0,0,0,"","",""
305,0,0,0,0,"","",""
306,0,0,0,0,"","",""
307,0,0,0,0,"","",""
308,0,0,0,0,"","",""
309,0,0,0,0,"","",""
310,1,0,150831,0,"Lorsque vous chevauchez un chocobo, la durée restante avant expiration de la location apparaît dans vos attributs. Vous pouvez en descendre à tout moment en utilisant l'action <UIForeground>F201FA</UIForeground><UIGlow>F201FB</UIGlow>Descente<UIGlow>01</UIGlow><UIForeground>01</UIForeground> de la barre de raccourcis spéciale, mais gardez à l'esprit que le chocobo <UIForeground>F201FA</UIForeground><UIGlow>F201FB</UIGlow>retournera à son écurie<UIGlow>01</UIGlow><UIForeground>01</UIForeground>, qu'importe la durée de location restante.","",""
311,1,0,150831,0,"Lorsque vous chevauchez un chocobo, la durée restante avant expiration de la location apparaît dans vos attributs. Vous pouvez en descendre à tout moment en utilisant l'action <UIForeground>F201FA</UIForeground><UIGlow>F201FB</UIGlow>Descente<UIGlow>01</UIGlow><UIForeground>01</UIForeground> de la barre de raccourcis spéciale, mais gardez à l'esprit que le chocobo <UIForeground>F201FA</UIForeground><UIGlow>F201FB</UIGlow>retournera à son écurie<UIGlow>01</UIGlow><UIForeground>01</UIForeground>, qu'importe la durée de location restante.","",""
312,0,0,0,0,"","",""
313,0,0,0,0,"","",""
314,0,0,0,0,"","",""
315,0,0,0,0,"","",""
316,0,0,0,0,"","",""
317,0,0,0,0,"","",""
318,0,0,0,0,"","",""
319,0,0,0,0,"","",""
320,1,0,150841,0,"Les montures de relais peuvent être utilisées pour se déplacer plus rapidement en Éorzéa.

Con<SoftHyphen/>trai<SoftHyphen/>re<SoftHyphen/>ment aux montures de location, il est <UIForeground>F201FA</UIForeground><UIGlow>F201FB</UIGlow>impossible de les contrôler<UIGlow>01</UIGlow><UIForeground>01</UIForeground>. Elles empruntent l'itinéraire le plus sûr, évitant ainsi toute attaque sur le trajet, et ne s'arrêtent qu'une fois à destination.","",""
321,0,0,0,0,"","",""
322,0,0,0,0,"","",""
323,0,0,0,0,"","",""
324,0,0,0,0,"","",""
325,0,0,0,0,"","",""
326,0,0,0,0,"","",""
327,0,0,0,0,"","",""
328,0,0,0,0,"","",""
329,0,0,0,0,"","",""
330,1,0,150851,0,"Lorsque vous chevauchez une monture de relais, un icone apparaît dans vos attributs. Vous pouvez en descendre à tout moment en utilisant l'action <UIForeground>F201FA</UIForeground><UIGlow>F201FB</UIGlow>Descente<UIGlow>01</UIGlow><UIForeground>01</UIForeground> de la barre de raccourcis spéciale, mais gardez à l'esprit qu'une fois abandonnée, la monture de relais poursuit son chemin, vous laissant sur place.","",""
331,1,0,150851,0,"Lorsque vous chevauchez une monture de relais, un icone apparaît dans vos attributs. Vous pouvez en descendre à tout moment en utilisant l'action <UIForeground>F201FA</UIForeground><UIGlow>F201FB</UIGlow>Descente<UIGlow>01</UIGlow><UIForeground>01</UIForeground> de la barre de raccourcis spéciale, mais gardez à l'esprit qu'une fois abandonnée, la monture de relais poursuit son chemin, vous laissant sur place.","",""
332,0,0,0,0,"","",""
333,0,0,0,0,"","",""
334,0,0,0,0,"","",""
335,0,0,0,0,"","",""
336,0,0,0,0,"","",""
337,0,0,0,0,"","",""
338,0,0,0,0,"","",""
339,0,0,0,0,"","",""
340,1,0,150861,0,"Vous avez obtenu votre <UIForeground>F201FA</UIForeground><UIGlow>F201FB</UIGlow>chocobo personnel<UIGlow>01</UIGlow><UIForeground>01</UIForeground><Indent/>!

Pour apprendre l'action vous permettant d'appeler votre destrier, sélectionnez le <UIForeground>F201FA</UIForeground><UIGlow>F201FB</UIGlow>sifflet chocobo<UIGlow>01</UIGlow><UIForeground>01</UIForeground> dans votre inventaire et choisissez l'option <UIForeground>F201FA</UIForeground><UIGlow>F201FB</UIGlow>Utiliser<UIGlow>01</UIGlow><UIForeground>01</UIForeground> dans le sous-menu.","",""
341,1,0,150862,0,"Une fois le sifflet utilisé, l'action <UIForeground>F201FA</UIForeground><UIGlow>F201FB</UIGlow>Chocobo destrier<UIGlow>01</UIGlow><UIForeground>01</UIForeground> s'affiche dans la fenêtre <UIForeground>F201FA</UIForeground><UIGlow>F201FB</UIGlow>Montures<UIGlow>01</UIGlow><UIForeground>01</UIForeground> du menu Personnage.

N'hésitez pas à l'ajouter à votre barre de raccourcis pour appeler plus facilement votre compagnon de route.","",""
342,0,0,0,0,"","",""
343,1,0,150864,0,"Notez qu'il est également possible de changer l'équipement de votre chocobo.

Pour ce faire, ouvrez la fenêtre <UIForeground>F201FA</UIForeground><UIGlow>F201FB</UIGlow>Personnage<UIGlow>01</UIGlow><UIForeground>01</UIForeground> à partir du menu principal et sélectionnez l'option “Compagnon”.","",""
344,0,0,0,0,"","",""
345,0,0,0,0,"","",""
346,0,0,0,0,"","",""
347,0,0,0,0,"","",""
348,0,0,0,0,"","",""
349,0,0,0,0,"","",""
350,1,0,150871,0,"Il y a deux façons de descendre de son chocobo. La plus simple et la plus courante est de cliquer sur l'icone d'action <UIForeground>F201FA</UIForeground><UIGlow>F201FB</UIGlow>Chocobo destrier<UIGlow>01</UIGlow><UIForeground>01</UIForeground>. La seconde consiste à faire un clic droit sur l'icone <UIForeground>F201FA</UIForeground><UIGlow>F201FB</UIGlow>Sur une monture<UIGlow>01</UIGlow><UIForeground>01</UIForeground> qui s'affiche dans vos altérations d'état.","",""
351,1,0,150871,0,"Il y a deux façons de descendre de son chocobo. La plus simple et la plus courante est d'utiliser l'action <UIForeground>F201FA</UIForeground><UIGlow>F201FB</UIGlow>Chocobo destrier<UIGlow>01</UIGlow><UIForeground>01</UIForeground>. La seconde consiste à cibler l'icone <UIForeground>F201FA</UIForeground><UIGlow>F201FB</UIGlow>Sur une monture<UIGlow>01</UIGlow><UIForeground>01</UIForeground> qui s'affiche dans vos altérations d'état puis à presser la touche Valider.","",""
352,0,0,0,0,"","",""
353,0,0,0,0,"","",""
354,0,0,0,0,"","",""
355,0,0,0,0,"","",""
356,0,0,0,0,"","",""
357,0,0,0,0,"","",""
358,0,0,0,0,"","",""
359,0,0,0,0,"","",""
360,1,0,151151,0,"En plus de vous transporter aux quatre coins d'Éorzéa, votre chocobo est également capable de combattre à vos côtés.
Il peut même devenir plus fort du moment que vous affrontez des ennemis dont le niveau est proche du vôtre.","",""
361,1,0,151152,0,"Pour appeler votre chocobo, <UIForeground>F201FA</UIForeground><UIGlow>F201FB</UIGlow>utilisez<UIGlow>01</UIGlow><UIForeground>01</UIForeground> sa nourriture préférée, un <UIForeground>F201FA</UIForeground><UIGlow>F201FB</UIGlow>légume de Gysahl<UIGlow>01</UIGlow><UIForeground>01</UIForeground>. Cet aliment se trouve dans toute échoppe qui se respecte.
Sachez toutefois que les chocobos ne peuvent se battre que dans les endroits où ils peuvent être chevauchés. Autrement dit, ne vous attendez pas à voir votre fidèle destrier vous suivre dans les profondeurs d'un donjon comme l'Hypogée de Tam-Tara.","",""
362,0,0,0,0,"","",""
363,0,0,0,0,"","",""
364,0,0,0,0,"","",""
365,0,0,0,0,"","",""
366,0,0,0,0,"","",""
367,0,0,0,0,"","",""
368,0,0,0,0,"","",""
369,0,0,0,0,"","",""
370,1,0,151161,0,"Une fois appelé, votre chocobo reste fidèlement à vos côtés pendant 30 minutes (temps réel).

Par défaut, celui-ci se contente de vous suivre. Pour lui donner des ordres, utilisez les actions de la rubrique “Ordres” de la fenêtre <UIForeground>F201FA</UIForeground><UIGlow>F201FB</UIGlow>Actions et traits<UIGlow>01</UIGlow><UIForeground>01</UIForeground>.","",""
371,1,0,151162,0,"Votre chocobo peut adopter quatre postures différentes<Indent/>:

<UIForeground>F201FA</UIForeground><UIGlow>F201FB</UIGlow>Libre arbitre<UIGlow>01</UIGlow><UIForeground>01</UIForeground><Indent/>: actions d'attaque et de soutien.
<UIForeground>F201FA</UIForeground><UIGlow>F201FB</UIGlow>Défendre<UIGlow>01</UIGlow><UIForeground>01</UIForeground><Indent/>: actions de soutien.
<UIForeground>F201FA</UIForeground><UIGlow>F201FB</UIGlow>Attaquer<UIGlow>01</UIGlow><UIForeground>01</UIForeground><Indent/>: actions d'attaque.
<UIForeground>F201FA</UIForeground><UIGlow>F201FB</UIGlow>Soigner<UIGlow>01</UIGlow><UIForeground>01</UIForeground><Indent/>: actions de soin.","",""
372,1,0,151163,0,"Vous pouvez renvoyer votre compagnon à tout moment à l'aide de l'action <UIForeground>F201FA</UIForeground><UIGlow>F201FB</UIGlow>Renvoyer<UIGlow>01</UIGlow><UIForeground>01</UIForeground>. Si vous désirez le rappeler, utilisez simplement une nouvelle botte de légumes de Gysahl.","",""
373,0,0,0,0,"","",""
374,0,0,0,0,"","",""
375,0,0,0,0,"","",""
376,0,0,0,0,"","",""
377,0,0,0,0,"","",""
378,0,0,0,0,"","",""
379,0,0,0,0,"","",""
380,1,0,151461,0,"Le niveau de votre chocobo a augmenté<Indent/>!

Chaque fois que le niveau de votre compagnon augmente, vous recevez des <UIForeground>F201FA</UIForeground><UIGlow>F201FB</UIGlow>points d'aptitude<UIGlow>01</UIGlow><UIForeground>01</UIForeground> (PA) en récompense qui vous permettent de lui enseigner de nouvelles techniques.","",""
381,1,0,151462,0,"Votre compagnon dispose de trois types d'aptitudes<Indent/>: <UIForeground>F201FA</UIForeground><UIGlow>F201FB</UIGlow>défense<UIGlow>01</UIGlow><UIForeground>01</UIForeground>, <UIForeground>F201FA</UIForeground><UIGlow>F201FB</UIGlow>attaque<UIGlow>01</UIGlow><UIForeground>01</UIForeground> et <UIForeground>F201FA</UIForeground><UIGlow>F201FB</UIGlow>soin<UIGlow>01</UIGlow><UIForeground>01</UIForeground>.

Si vous lui apprenez à défendre, votre chocobo viendra se placer entre vous et l'ennemi et se comportera comme un bouclier.","",""
382,1,0,151463,0,"Les aptitudes d'attaque lui permettront, quant à elles, d'augmenter les dégâts qu'il inflige et d'élargir sa gamme de coups.

Les aptitudes de soin feront de votre chocobo un guérisseur qui s'occupera de panser vos blessures tel un élé<SoftHyphen/>men<SoftHyphen/>ta<SoftHyphen/>lis<SoftHyphen/>te.","",""
383,1,0,151464,0,"À vous de choisir les aptitudes qui vous intéressent le plus et de faire évoluer votre chocobo à l'aide de PA pour qu'il devienne le compagnon idéal de vos aventures.","",""
384,0,0,0,0,"","",""
385,0,0,0,0,"","",""
386,0,0,0,0,"","",""
387,0,0,0,0,"","",""
388,0,0,0,0,"","",""
389,0,0,0,0,"","",""
390,0,0,0,0,"","",""
391,0,0,0,0,"","",""
392,0,0,0,0,"","",""
393,0,0,0,0,"","",""
394,0,0,0,0,"","",""
395,0,0,0,0,"","",""
396,0,0,0,0,"","",""
397,0,0,0,0,"","",""
398,0,0,0,0,"","",""
399,0,0,0,0,"","",""
400,1,0,150451,0,"Le bestiaire contient une liste d'épreuves destinées aux disciples de la guerre et de la magie qui permettent, en les ac<SoftHyphen/>com<SoftHyphen/>plis<SoftHyphen/>sant, de recevoir des récompenses.

Pour y accéder, cliquez sur l'icone <UIForeground>F201FA</UIForeground><UIGlow>F201FB</UIGlow>Carnets<UIGlow>01</UIGlow><UIForeground>01</UIForeground> du menu principal et choisissez l'option “Bestiaire” (ou appuyez sur la touche <UIForeground>F201FA</UIForeground><UIGlow>F201FB</UIGlow>B<UIGlow>01</UIGlow><UIForeground>01</UIForeground> du clavier).","",""
401,1,0,150452,0,"Sélectionnez ensuite une classe et un rang pour afficher la liste des épreuves disponibles (ex.<Indent/>: Maître d'hast 01 → Maître d'hast 02...).

Placer le curseur sur le nom d'un ennemi permet de voir la zone dans laquelle on peut le trouver.","",""
402,1,0,150453,0,"Les cibles à abattre sont indiquées par un icone au-dessus de leur nom.

En plus de la récompense reçue pour chaque objectif achevé, vous obtenez un bonus sup<SoftHyphen/>plé<SoftHyphen/>men<SoftHyphen/>tai<SoftHyphen/>re lorsque vous accomplissez <UIForeground>F201FA</UIForeground><UIGlow>F201FB</UIGlow>toutes les épreuves<UIGlow>01</UIGlow><UIForeground>01</UIForeground> d'un rang de difficulté.","",""
403,1,0,150451,0,"Le bestiaire contient une liste d'épreuves destinées aux disciples de la guerre et de la magie qui permettent, en les ac<SoftHyphen/>com<SoftHyphen/>plis<SoftHyphen/>sant, de recevoir des récompenses.
Pour y accéder, ouvrez le menu principal et sélectionnez l'option “Bestiaire” de la rubrique <UIForeground>F201FA</UIForeground><UIGlow>F201FB</UIGlow>Carnets<UIGlow>01</UIGlow><UIForeground>01</UIForeground>.","",""
404,1,0,150452,0,"Sélectionnez ensuite une classe et un rang pour afficher la liste des épreuves disponibles (ex.<Indent/>: Maître d'hast 01 → Maître d'hast 02...).
Placer le curseur sur le nom d'un ennemi permet de voir la zone dans laquelle on peut le trouver.","",""
405,1,0,150453,0,"Les cibles à abattre sont indiquées par un icone à droite de leur nom.
En plus de la récompense reçue pour chaque objectif achevé, vous obtenez un bonus sup<SoftHyphen/>plé<SoftHyphen/>men<SoftHyphen/>tai<SoftHyphen/>re lorsque vous accomplissez <UIForeground>F201FA</UIForeground><UIGlow>F201FB</UIGlow>toutes les épreuves<UIGlow>01</UIGlow><UIForeground>01</UIForeground> d'un rang de difficulté.","",""
406,0,0,0,0,"","",""
407,0,0,0,0,"","",""
408,0,0,0,0,"","",""
409,0,0,0,0,"","",""
410,1,0,150881,0,"Vous êtes désormais membre d'une <UIForeground>F201FA</UIForeground><UIGlow>F201FB</UIGlow>grande compagnie<UIGlow>01</UIGlow><UIForeground>01</UIForeground>.

Vous pouvez vérifier votre rang à tout moment à partir de l'onglet <UIForeground>F201FA</UIForeground><UIGlow>F201FB</UIGlow>Profil<UIGlow>01</UIGlow><UIForeground>01</UIForeground> de la fenêtre <UIForeground>F201FA</UIForeground><UIGlow>F201FB</UIGlow>Personnage<UIGlow>01</UIGlow><UIForeground>01</UIForeground>, accessible à partir du menu principal.","",""
411,1,0,150882,0,"Chaque fois que vous accomplirez des missions pour elle, vous recevrez des <UIForeground>F201FA</UIForeground><UIGlow>F201FB</UIGlow>sceaux de compagnie<UIGlow>01</UIGlow><UIForeground>01</UIForeground> qui vous permettront d'acheter des objets uniques et de monter en grade. Pour connaître le nombre de sceaux en votre possession, sélectionnez <UIForeground>F201FA</UIForeground><UIGlow>F201FB</UIGlow>Devises<UIGlow>01</UIGlow><UIForeground>01</UIForeground> dans la catégorie Personnage du menu principal, puis l'onglet Commun.","",""
412,1,0,150883,0,"Notez que vous ne pouvez incorporer les rangs que d'<UIForeground>F201FA</UIForeground><UIGlow>F201FB</UIGlow>une seule grande compagnie à la fois<UIGlow>01</UIGlow><UIForeground>01</UIForeground>. Vous pouvez toutefois en changer librement, si le cœur vous en dit.","",""
413,0,0,0,0,"","",""
414,0,0,0,0,"","",""
415,0,0,0,0,"","",""
416,0,0,0,0,"","",""
417,0,0,0,0,"","",""
418,0,0,0,0,"","",""
419,0,0,0,0,"","",""
420,1,0,150941,0,"Les grandes compagnies ont constamment besoin d'être <UIForeground>F201FA</UIForeground><UIGlow>F201FB</UIGlow>ravitaillées en matériel et en ressources<UIGlow>01</UIGlow><UIForeground>01</UIForeground> pour assurer au mieux leurs opérations quotidiennes. Les aventuriers peuvent gagner des points d'expérience et des <UIForeground>F201FA</UIForeground><UIGlow>F201FB</UIGlow>sceaux de compagnie<UIGlow>01</UIGlow><UIForeground>01</UIForeground> en fabriquant ou en récoltant les objets nécessaires et en assurant leur livraison.","",""
421,1,0,150942,0,"La liste de ra<SoftHyphen/>vi<SoftHyphen/>tail<SoftHyphen/>le<SoftHyphen/>ment est actualisée toutes les 24 heures (temps réel).

Utilisez la fonction <UIForeground>F201FA</UIForeground><UIGlow>F201FB</UIGlow>Calendrier<UIGlow>01</UIGlow><UIForeground>01</UIForeground> du menu <UIForeground>F201FA</UIForeground><UIGlow>F201FB</UIGlow>Missions<UIGlow>01</UIGlow><UIForeground>01</UIForeground> pour connaître ou vérifier la date limite d'une opération et les objets demandés.","",""
422,0,0,0,0,"","",""
423,0,0,0,0,"","",""
424,0,0,0,0,"","",""
425,0,0,0,0,"","",""
426,0,0,0,0,"","",""
427,0,0,0,0,"","",""
428,0,0,0,0,"","",""
429,0,0,0,0,"","",""
430,1,0,150951,0,"Les grandes compagnies acceptent volontiers les dons d'équipements, sous certaines conditions toutefois.

Seuls les objets <UIForeground>F201FA</UIForeground><UIGlow>F201FB</UIGlow>vendables<UIGlow>01</UIGlow><UIForeground>01</UIForeground> dont le nom <UIForeground>F201FA</UIForeground><UIGlow>F201FB</UIGlow>n'apparaît pas en blanc<UIGlow>01</UIGlow><UIForeground>01</UIForeground> dans la fenêtre d'aide sont tolérés. Les équipements éthéréens sont, par exemple, bienvenus.","",""
431,1,0,150952,0,"Si vous avez une prise de guerre dans votre inventaire et que vous souhaitez en faire don, adressez-vous à l'officier de la logistique de votre grande compagnie. Vous recevrez alors des <UIForeground>F201FA</UIForeground><UIGlow>F201FB</UIGlow>sceaux<UIGlow>01</UIGlow><UIForeground>01</UIForeground> en guise de re<SoftHyphen/>mer<SoftHyphen/>cie<SoftHyphen/>ment.","",""
432,0,0,0,0,"","",""
433,0,0,0,0,"","",""
434,0,0,0,0,"","",""
435,0,0,0,0,"","",""
436,0,0,0,0,"","",""
437,0,0,0,0,"","",""
438,0,0,0,0,"","",""
439,0,0,0,0,"","",""
440,1,0,150961,0,"Les <UIForeground>F201FA</UIForeground><UIGlow>F201FB</UIGlow>compagnies libres<UIGlow>01</UIGlow><UIForeground>01</UIForeground> sont des or<SoftHyphen/>ga<SoftHyphen/>ni<SoftHyphen/>sa<SoftHyphen/>tions indépendantes composées d'aventuriers. Ces dernières opèrent sous l'égide des trois grandes compagnies d'Éorzéa, le Maelstrom, l'ordre des Deux Vipères et les Immortels. Il n'y a aucune restriction pour les rejoindre et chacun peut créer librement la sienne.","",""
441,1,0,150962,0,"En effectuant diverses tâches en équipe, les compagnies gagnent des <UIForeground>F201FA</UIForeground><UIGlow>F201FB</UIGlow>points<UIGlow>01</UIGlow><UIForeground>01</UIForeground> qui leur permettent de monter en rang. Elles reçoivent également des <UIForeground>F201FA</UIForeground><UIGlow>F201FB</UIGlow>crédits<UIGlow>01</UIGlow><UIForeground>01</UIForeground> qui leur permettent d'acheter des objets et des privilèges.","",""
442,1,0,150963,0,"Pour former une compagnie libre, il est nécessaire d'obtenir préalablement un document appelé <UIForeground>F201FA</UIForeground><UIGlow>F201FB</UIGlow>projet de compagnie libre<UIGlow>01</UIGlow><UIForeground>01</UIForeground> et recevoir la signature de trois joueurs. Ces trois joueurs deviennent alors les membres cofondateurs de la compagnie.","",""
443,0,0,0,0,"","",""
444,0,0,0,0,"","",""
445,0,0,0,0,"","",""
446,0,0,0,0,"","",""
447,0,0,0,0,"","",""
448,0,0,0,0,"","",""
449,0,0,0,0,"","",""
450,1,0,151121,0,"Vous avez reçu une <UIForeground>F201FA</UIForeground><UIGlow>F201FB</UIGlow>requête de signature<UIGlow>01</UIGlow><UIForeground>01</UIForeground>.

Pour former une nouvelle compagnie libre, les aventuriers doivent obtenir la signature de <UIForeground>F201FA</UIForeground><UIGlow>F201FB</UIGlow>trois autres personnes<UIGlow>01</UIGlow><UIForeground>01</UIForeground>. Signez la pétition si vous désirez rejoindre la compagnie et devenir un <UIForeground>F201FA</UIForeground><UIGlow>F201FB</UIGlow>membre fondateur<UIGlow>01</UIGlow><UIForeground>01</UIForeground>.","",""
451,0,0,0,0,"","",""
452,0,0,0,0,"","",""
453,0,0,0,0,"","",""
454,0,0,0,0,"","",""
455,0,0,0,0,"","",""
456,0,0,0,0,"","",""
457,0,0,0,0,"","",""
458,0,0,0,0,"","",""
459,0,0,0,0,"","",""
460,1,0,151131,0,"Fé<SoftHyphen/>li<SoftHyphen/>ci<SoftHyphen/>ta<SoftHyphen/>tions<Indent/>! Vous venez de rejoindre une compagnie libre.

Commencez par saluer les autres membres en passant en mode de discussion <UIForeground>F201FA</UIForeground><UIGlow>F201FB</UIGlow>Compagnie libre<UIGlow>01</UIGlow><UIForeground>01</UIForeground>.","",""
461,1,0,151132,0,"En sélectionnant l'option “Compagnie libre” disponible à partir de la rubrique <UIForeground>F201FA</UIForeground><UIGlow>F201FB</UIGlow>Communication<UIGlow>01</UIGlow><UIForeground>01</UIForeground> du menu principal, vous pourrez afficher une fenêtre contenant diverses in<SoftHyphen/>for<SoftHyphen/>ma<SoftHyphen/>tions sur la brigade.

Chaque membre se voit assigner un <UIForeground>F201FA</UIForeground><UIGlow>F201FB</UIGlow>rang<UIGlow>01</UIGlow><UIForeground>01</UIForeground> avec ses différents <UIForeground>F201FA</UIForeground><UIGlow>F201FB</UIGlow>droits<UIGlow>01</UIGlow><UIForeground>01</UIForeground>.","",""
462,1,0,151133,0,"En fonction de votre rang, vous aurez ou non la possibilité de <UIForeground>F201FA</UIForeground><UIGlow>F201FB</UIGlow>promouvoir<UIGlow>01</UIGlow><UIForeground>01</UIForeground> des membres ou d'<UIForeground>F201FA</UIForeground><UIGlow>F201FB</UIGlow>inviter<UIGlow>01</UIGlow><UIForeground>01</UIForeground> de nouveaux aventuriers.

Plus les membres s'illustrent en Éorzéa, plus le <UIForeground>F201FA</UIForeground><UIGlow>F201FB</UIGlow>rang<UIGlow>01</UIGlow><UIForeground>01</UIForeground> de la compagnie augmente.","",""
463,1,0,151134,0,"Faire monter le rang à un niveau supérieur permet de bénéficier de nouveaux privilèges, comme créer un <UIForeground>F201FA</UIForeground><UIGlow>F201FB</UIGlow>blason<UIGlow>01</UIGlow><UIForeground>01</UIForeground> original, ou encore construire un <UIForeground>F201FA</UIForeground><UIGlow>F201FB</UIGlow>quartier général<UIGlow>01</UIGlow><UIForeground>01</UIForeground>.

Distinguez-vous avec vos camarades, et faites de votre compagnie la plus prospère de tous les temps<Indent/>!","",""
464,0,0,0,0,"","",""
465,0,0,0,0,"","",""
466,0,0,0,0,"","",""
467,0,0,0,0,"","",""
468,0,0,0,0,"","",""
469,0,0,0,0,"","",""
470,1,0,151361,0,"Le <UIForeground>F201FA</UIForeground><UIGlow>F201FB</UIGlow>coffre de compagnie<UIGlow>01</UIGlow><UIForeground>01</UIForeground> est un espace de stockage commun aux membres de la compagnie libre.

Pour l'utiliser, vous devez disposer des droits d'<UIForeground>F201FA</UIForeground><UIGlow>F201FB</UIGlow>accès complet<UIGlow>01</UIGlow><UIForeground>01</UIForeground> ou de <UIForeground>F201FA</UIForeground><UIGlow>F201FB</UIGlow>con<SoftHyphen/>sul<SoftHyphen/>ta<SoftHyphen/>tion seule<UIGlow>01</UIGlow><UIForeground>01</UIForeground>. Ces droits sont déterminés en fonction de votre rang au sein de l'or<SoftHyphen/>ga<SoftHyphen/>ni<SoftHyphen/>sa<SoftHyphen/>tion.","",""
471,1,0,151362,0,"Il est à noter que plus le rang de la compagnie libre augmente, plus le nombre d'objets stockables à l'intérieur croît.
Gardez toutefois à l'esprit que le coffre est une propriété commune. Veillez donc à bien respecter les règles propres à la compagnie quand vous placez ou retirez un objet.","",""
472,0,0,0,0,"","",""
473,0,0,0,0,"","",""
474,0,0,0,0,"","",""
475,0,0,0,0,"","",""
476,0,0,0,0,"","",""
477,0,0,0,0,"","",""
478,0,0,0,0,"","",""
479,0,0,0,0,"","",""
480,1,0,151371,0,"Vous pouvez désormais créer un blason pour votre compagnie<Indent/>!
Pour ce faire, adressez-vous simplement au <UIForeground>F201FA</UIForeground><UIGlow>F201FB</UIGlow>héraut d'armes<UIGlow>01</UIGlow><UIForeground>01</UIForeground> situé à l'intérieur du quartier général de la grande compagnie d'allégeance de votre or<SoftHyphen/>ga<SoftHyphen/>ni<SoftHyphen/>sa<SoftHyphen/>tion. Notez que pour créer ou modifier un blason, vous devez disposer du droit <UIForeground>F201FA</UIForeground><UIGlow>F201FB</UIGlow>Gestion du blason<UIGlow>01</UIGlow><UIForeground>01</UIForeground>.","",""
481,1,0,151372,0,"Lorsque le rang de la compagnie atteint un certain niveau, vous débloquez le privilège <UIForeground>F201FA</UIForeground><UIGlow>F201FB</UIGlow>Ornementation<UIGlow>01</UIGlow><UIForeground>01</UIForeground> qui vous permet d'ajouter le blason sur des pièces d'équipement.
Réveillez l'artiste qui sommeille en vous et créez un blason que les membres de la compagnie seront fiers d'arborer<Indent/>!
<UIForeground>F201F4</UIForeground><UIGlow>F201F5</UIGlow>* Consultez la fenêtre d'aide d'un objet pour savoir si ce dernier peut être ornementé.<UIGlow>01</UIGlow><UIForeground>01</UIForeground>","",""
482,0,0,0,0,"","",""
483,0,0,0,0,"","",""
484,0,0,0,0,"","",""
485,0,0,0,0,"","",""
486,0,0,0,0,"","",""
487,0,0,0,0,"","",""
488,0,0,0,0,"","",""
489,0,0,0,0,"","",""
490,1,0,151381,0,"Les bienfaits permettent d'<UIForeground>F201FA</UIForeground><UIGlow>F201FB</UIGlow>améliorer temporairement<UIGlow>01</UIGlow><UIForeground>01</UIForeground> certaines ca<SoftHyphen/>rac<SoftHyphen/>té<SoftHyphen/>ris<SoftHyphen/>ti<SoftHyphen/>ques des membres de la compagnie.

Pour activer ou annuler un bienfait, ouvrez la fenêtre de gestion de la compagnie libre à partir du menu principal et sélectionnez la rubrique <UIForeground>F201FA</UIForeground><UIGlow>F201FB</UIGlow>Bienfaits<UIGlow>01</UIGlow><UIForeground>01</UIForeground>.","",""
491,1,0,151382,0,"Vous pouvez obtenir des bienfaits en échange de crédits auprès de l'officier de la logistique de la grande compagnie d'allégeance de votre or<SoftHyphen/>ga<SoftHyphen/>ni<SoftHyphen/>sa<SoftHyphen/>tion.

Il est à noter que plus <UIForeground>F201FA</UIForeground><UIGlow>F201FB</UIGlow>l'affinité<UIGlow>01</UIGlow><UIForeground>01</UIForeground> avec la grande compagnie est élevée, plus les prix des bienfaits diminuent.","",""
492,1,0,151383,0,"L'achat et l'utilisation des bienfaits est réservée aux membres qui disposent des droits <UIForeground>F201FA</UIForeground><UIGlow>F201FB</UIGlow>Utilisation des crédits de compagnie<UIGlow>01</UIGlow><UIForeground>01</UIForeground> et <UIForeground>F201FA</UIForeground><UIGlow>F201FB</UIGlow>Activation des bienfaits<UIGlow>01</UIGlow><UIForeground>01</UIForeground>.

Combat, récolte, artisanat... Les bienfaits permettent de bénéficier d'avantages considérables dans tous les domaines<Indent/>!","",""
493,0,0,0,0,"","",""
494,0,0,0,0,"","",""
495,0,0,0,0,"","",""
496,0,0,0,0,"","",""
497,0,0,0,0,"","",""
498,0,0,0,0,"","",""
499,0,0,0,0,"","",""
500,1,0,150331,0,"Lorsque vous parlez à un mandant, une fenêtre contenant une liste des <UIForeground>F201FA</UIForeground><UIGlow>F201FB</UIGlow>mandats de guilde<UIGlow>01</UIGlow><UIForeground>01</UIForeground> disponibles s'affiche à l'écran.

Pour activer un mandat, sélectionnez son titre et choisissez ensuite <UIForeground>F201FA</UIForeground><UIGlow>F201FB</UIGlow>Accepter<UIGlow>01</UIGlow><UIForeground>01</UIForeground>.","",""
501,1,0,150332,0,"Pour accepter un mandat, vous devez disposer d'une <UIForeground>F201FA</UIForeground><UIGlow>F201FB</UIGlow>au<SoftHyphen/>to<SoftHyphen/>ri<SoftHyphen/>sa<SoftHyphen/>tion<UIGlow>01</UIGlow><UIForeground>01</UIForeground>. Celles-ci sont renouvelées au rythme de 3 toutes les 12 heures (temps réel).

Vous pouvez accepter jusqu'à 16 mandats à la fois.","",""
502,0,0,0,0,"","",""
503,0,0,0,0,"","",""
504,0,0,0,0,"","",""
505,0,0,0,0,"","",""
506,0,0,0,0,"","",""
507,0,0,0,0,"","",""
508,0,0,0,0,"","",""
509,0,0,0,0,"","",""
510,1,0,150341,0,"Vous pouvez vérifier la liste des mandats que vous avez acceptés à partir du journal (accessible depuis la rubrique <UIForeground>F201FA</UIForeground><UIGlow>F201FB</UIGlow>Missions<UIGlow>01</UIGlow><UIForeground>01</UIForeground> du menu principal).

Pour afficher le détail d'un mandat, cliquez simplement sur son titre.","",""
511,1,0,150342,0,"Avant de commencer, cliquez sur l'icone <UIForeground>F201FA</UIForeground><UIGlow>F201FB</UIGlow>Carte<UIGlow>01</UIGlow><UIForeground>01</UIForeground> et assurez-vous d'être à proximité du lieu de mission.

Si vous vous trouvez dans une zone différente de celle précisée dans le journal, vous ne pourrez pas commencer le mandat.","",""
512,1,0,150343,0,"Une fois sur place, ouvrez de nouveau votre journal et cliquez sur <UIForeground>F201FA</UIForeground><UIGlow>F201FB</UIGlow>Commencer<UIGlow>01</UIGlow><UIForeground>01</UIForeground> pour démarrer la mission.","",""
513,1,0,150341,0,"Vous pouvez vérifier la liste des mandats que vous avez acceptés à partir du journal (accessible depuis la rubrique <UIForeground>F201FA</UIForeground><UIGlow>F201FB</UIGlow>Missions<UIGlow>01</UIGlow><UIForeground>01</UIForeground> du menu principal).

Pour afficher le détail d'un mandat, sélectionnez son titre et pressez la touche <UIForeground>F201FA</UIForeground><UIGlow>F201FB</UIGlow>Confirmer<UIGlow>01</UIGlow><UIForeground>01</UIForeground>.","",""
514,1,0,150342,0,"Avant de commencer, assurez-vous d'être à proximité du lieu de mission en sélectionnant le bouton <UIForeground>F201FA</UIForeground><UIGlow>F201FB</UIGlow>Carte<UIGlow>01</UIGlow><UIForeground>01</UIForeground>.

Si vous vous trouvez dans une zone différente de celle précisée dans le journal, vous ne pourrez pas démarrer le mandat.","",""
515,1,0,150343,0,"Une fois sur place, ouvrez de nouveau le journal, sélectionnez le bouton <UIForeground>F201FA</UIForeground><UIGlow>F201FB</UIGlow>Commencer<UIGlow>01</UIGlow><UIForeground>01</UIForeground> et pressez la touche <UIForeground>F201FA</UIForeground><UIGlow>F201FB</UIGlow>Confirmer<UIGlow>01</UIGlow><UIForeground>01</UIForeground> pour lancer la mission.","",""
516,0,0,0,0,"","",""
517,0,0,0,0,"","",""
518,0,0,0,0,"","",""
519,0,0,0,0,"","",""
520,1,0,150351,0,"Au moment de commencer un mandat, une fenêtre vous proposant d'<UIForeground>F201FA</UIForeground><UIGlow>F201FB</UIGlow>ajuster le niveau des ennemis<UIGlow>01</UIGlow><UIForeground>01</UIForeground> apparaît à l'écran.

Plus la difficulté est accrue, plus les récompenses sont <UIForeground>F201FA</UIForeground><UIGlow>F201FB</UIGlow>importantes<UIGlow>01</UIGlow><UIForeground>01</UIForeground>.","",""
521,1,0,150352,0,"Si vous jugez la difficulté trop élevée, vous pouvez l'ajuster au cours de la mission en ouvrant le journal et en sélectionnant <UIForeground>F201FA</UIForeground><UIGlow>F201FB</UIGlow>Changer la difficulté<UIGlow>01</UIGlow><UIForeground>01</UIForeground>.","",""
522,0,0,0,0,"","",""
523,0,0,0,0,"","",""
524,0,0,0,0,"","",""
525,0,0,0,0,"","",""
526,0,0,0,0,"","",""
527,0,0,0,0,"","",""
528,0,0,0,0,"","",""
529,0,0,0,0,"","",""
530,1,0,150421,0,"Une fois le mandat commencé, l'emplacement de l'objectif de la mission s'affiche sur la <UIForeground>F201FA</UIForeground><UIGlow>F201FB</UIGlow>boussole<UIGlow>01</UIGlow><UIForeground>01</UIForeground>.

Les cibles sont facilement reconnaissables grâce à l'icone spécial au-dessus de leur nom.","",""
531,1,0,150422,0,"La liste des objectifs s'efface temporairement au profit d'in<SoftHyphen/>for<SoftHyphen/>ma<SoftHyphen/>tions sur le mandat en cours<Indent/>: difficulté, nombre d'ennemis à tuer, temps restant... Bien entendu, elle réapparaît au<SoftHyphen/>to<SoftHyphen/>ma<SoftHyphen/>ti<SoftHyphen/>que<SoftHyphen/>ment une fois le mandat terminé.","",""
532,0,0,0,0,"","",""
533,0,0,0,0,"","",""
534,0,0,0,0,"","",""
535,0,0,0,0,"","",""
536,0,0,0,0,"","",""
537,0,0,0,0,"","",""
538,0,0,0,0,"","",""
539,0,0,0,0,"","",""
540,1,0,150431,0,"Quand tous les objectifs d'un mandat sont remplis, un message vous proposant de <UIForeground>F201FA</UIForeground><UIGlow>F201FB</UIGlow>retourner auprès du mandant<UIGlow>01</UIGlow><UIForeground>01</UIForeground> apparaît à l'écran. Vous pouvez alors accepter et récupérer votre récompense.","",""
541,0,0,0,0,"","",""
542,0,0,0,0,"","",""
543,0,0,0,0,"","",""
544,0,0,0,0,"","",""
545,0,0,0,0,"","",""
546,0,0,0,0,"","",""
547,0,0,0,0,"","",""
548,0,0,0,0,"","",""
549,0,0,0,0,"","",""
550,1,0,150441,0,"Si vous n'arrivez pas à remplir tous les objectifs dans le temps alloué, vous pouvez recommencer un mandat en ouvrant le journal et en cliquant sur <UIForeground>F201FA</UIForeground><UIGlow>F201FB</UIGlow>Retenter<UIGlow>01</UIGlow><UIForeground>01</UIForeground>.

Chaque tentative vous coûtera <UIForeground>F201FA</UIForeground><UIGlow>F201FB</UIGlow>une au<SoftHyphen/>to<SoftHyphen/>ri<SoftHyphen/>sa<SoftHyphen/>tion<UIGlow>01</UIGlow><UIForeground>01</UIForeground> cependant.","",""
551,1,0,150441,0,"Si vous n'arrivez pas à remplir tous les objectifs dans le temps alloué, vous pouvez recommencer un mandat en ouvrant le journal et en choisissant l'option <UIForeground>F201FA</UIForeground><UIGlow>F201FB</UIGlow>Retenter<UIGlow>01</UIGlow><UIForeground>01</UIForeground>.

Chaque tentative vous coûtera <UIForeground>F201FA</UIForeground><UIGlow>F201FB</UIGlow>une au<SoftHyphen/>to<SoftHyphen/>ri<SoftHyphen/>sa<SoftHyphen/>tion<UIGlow>01</UIGlow><UIForeground>01</UIForeground> cependant.","",""
552,0,0,0,0,"","",""
553,0,0,0,0,"","",""
554,0,0,0,0,"","",""
555,0,0,0,0,"","",""
556,0,0,0,0,"","",""
557,0,0,0,0,"","",""
558,0,0,0,0,"","",""
559,0,0,0,0,"","",""
560,1,0,150671,0,"Con<SoftHyphen/>trai<SoftHyphen/>re<SoftHyphen/>ment aux mandats de mercenariat, les mandats d'artisanat n'ont <UIForeground>F201FA</UIForeground><UIGlow>F201FB</UIGlow>pas de limite de temps<UIGlow>01</UIGlow><UIForeground>01</UIForeground> et sont considérés comme achevés lorsque le ou les objets demandés ont été livrés au client.

Les détails du mandat sont indiqués dans la liste des objectifs ainsi que dans le journal.","",""
561,0,0,0,0,"","",""
562,0,0,0,0,"","",""
563,0,0,0,0,"","",""
564,0,0,0,0,"","",""
565,0,0,0,0,"","",""
566,0,0,0,0,"","",""
567,0,0,0,0,"","",""
568,0,0,0,0,"","",""
569,0,0,0,0,"","",""
570,1,0,150681,0,"Une fois les objets requis fabriqués, parlez au client pour faire apparaître la fenêtre d'échange. Glissez les objets depuis votre inventaire et cliquez sur <UIForeground>F201FA</UIForeground><UIGlow>F201FB</UIGlow>Échanger<UIGlow>01</UIGlow><UIForeground>01</UIForeground> pour valider la transaction.

N.B.<Indent/>: livrer des <UIForeground>F201FA</UIForeground><UIGlow>F201FB</UIGlow>objets HQ<UIGlow>01</UIGlow><UIForeground>01</UIForeground> permet de recevoir une meilleure récompense.","",""
571,1,0,150682,0,"Une fois les objets requis fabriqués, parlez au client pour faire apparaître la fenêtre d'échange. Sélectionnez les objets dans votre inventaire et validez l'opération via l'icone <UIForeground>F201FA</UIForeground><UIGlow>F201FB</UIGlow>Échanger<UIGlow>01</UIGlow><UIForeground>01</UIForeground>.
N.B.<Indent/>: livrer des <UIForeground>F201FA</UIForeground><UIGlow>F201FB</UIGlow>objets HQ<UIGlow>01</UIGlow><UIForeground>01</UIForeground> permet de recevoir une meilleure récompense.","",""
572,0,0,0,0,"","",""
573,0,0,0,0,"","",""
574,0,0,0,0,"","",""
575,0,0,0,0,"","",""
576,0,0,0,0,"","",""
577,0,0,0,0,"","",""
578,0,0,0,0,"","",""
579,0,0,0,0,"","",""
580,1,0,150691,0,"Les mandats de récolte fonctionnent sur le même principe que les mandats de mercenariat, à la différence qu'il faut être dans <UIForeground>F201FA</UIForeground><UIGlow>F201FB</UIGlow>la classe du mandat pour pouvoir commencer<UIGlow>01</UIGlow><UIForeground>01</UIForeground> (vous ne pouvez pas lancer un mandat pour botaniste si vous êtes mineur) et qu'il est impossible d'effectuer ces tâches en équipe.","",""
581,1,0,150692,0,"Les mandats de récolte destinés aux pêcheurs se déroulent de la même façon que les mandats d'artisanat. Vous devez d'abord parler à un client, obtenir les poissons qu'il vous a demandés, puis les lui rapporter. Vous pouvez cliquer sur l'icone <UIForeground>F201FA</UIForeground><UIGlow>F201FB</UIGlow>Carte<UIGlow>01</UIGlow><UIForeground>01</UIForeground> de votre journal pour identifier les habitats naturels où vivent les poissons que vous cherchez.","",""
582,0,0,0,0,"","",""
583,0,0,0,0,"","",""
584,0,0,0,0,"","",""
585,0,0,0,0,"","",""
586,0,0,0,0,"","",""
587,0,0,0,0,"","",""
588,0,0,0,0,"","",""
589,0,0,0,0,"","",""
590,1,0,150701,0,"Une fois un mandat commencé, les in<SoftHyphen/>for<SoftHyphen/>ma<SoftHyphen/>tions relatives à la mission ap<SoftHyphen/>pa<SoftHyphen/>rais<SoftHyphen/>sent dans la <UIForeground>F201FA</UIForeground><UIGlow>F201FB</UIGlow>liste des objectifs<UIGlow>01</UIGlow><UIForeground>01</UIForeground>. Les tâches consistent prin<SoftHyphen/>ci<SoftHyphen/>pa<SoftHyphen/>le<SoftHyphen/>ment à effectuer des opérations de récolte à un endroit spécifique, ou à collecter un certain nombre d'objets dans un temps limité.","",""
591,1,0,150702,0,"Après avoir récolté des objets spécifiques au niveau requis, certains mandats offriront un bonus de récompense selon votre <UIForeground>F201F4</UIForeground><UIGlow>F201F5</UIGlow>évaluation.<UIGlow>01</UIGlow><UIForeground>01</UIForeground>
Les cibles des mandats ont un icone en forme de losange au-dessus de leur plaque de nom. La zone de récolte est également indiquée par un cercle vert sur la <UIForeground>F201FA</UIForeground><UIGlow>F201FB</UIGlow>boussole<UIGlow>01</UIGlow><UIForeground>01</UIForeground>.","",""
592,0,0,0,0,"","",""
593,0,0,0,0,"","",""
594,0,0,0,0,"","",""
595,0,0,0,0,"","",""
596,0,0,0,0,"","",""
597,0,0,0,0,"","",""
598,0,0,0,0,"","",""
599,0,0,0,0,"","",""
600,1,0,150761,0,"Si vous possédez un mandat de guilde identique à celui activé par un membre de votre équipe, vous pouvez le <UIForeground>F201FA</UIForeground><UIGlow>F201FB</UIGlow>lier<UIGlow>01</UIGlow><UIForeground>01</UIForeground> au sien et participer à la mission avec lui.

En cas de réussite, vous recevrez une récompense au même titre que cette personne.","",""
601,0,0,0,0,"","",""
602,0,0,0,0,"","",""
603,0,0,0,0,"","",""
604,0,0,0,0,"","",""
605,0,0,0,0,"","",""
606,0,0,0,0,"","",""
607,0,0,0,0,"","",""
608,0,0,0,0,"","",""
609,0,0,0,0,"","",""
610,1,0,150641,0,"Les ALÉA (Apparition Localisée d'Événements Aléatoires) sont des quêtes publiques qui surviennent en temps réel partout en Éorzéa. Tout le monde peut y participer en entrant dans la zone de l'événement. Lorsqu'un ALÉA se produit à proximité, un message apparaît à l'écran et son emplacement s'affiche sur la carte.","",""
611,1,0,150642,0,"Le type d'ALÉA en cours peut être identifié à son icone sur la carte.

En plaçant le curseur de la souris sur l'icone, vous pouvez voir son titre.","",""
612,1,0,150643,0,"Vous rejoignez au<SoftHyphen/>to<SoftHyphen/>ma<SoftHyphen/>ti<SoftHyphen/>que<SoftHyphen/>ment un ALÉA dès que vous entrez dans la zone de l'événement. Le titre de l'ALÉA, le niveau, l'objectif actuel et le temps restant ap<SoftHyphen/>pa<SoftHyphen/>rais<SoftHyphen/>sent à droite de l'écran, en haut de la liste des objectifs.","",""
613,1,0,150644,0,"Si vous dépassez le niveau recommandé d'un grand nombre de niveaux, un icone <UIForeground>F201FA</UIForeground><UIGlow>F201FB</UIGlow>Synchro<UIGlow>01</UIGlow><UIForeground>01</UIForeground> apparaîtra dans votre liste des objectifs.

Appuyez sur ce dernier pour ajuster au<SoftHyphen/>to<SoftHyphen/>ma<SoftHyphen/>ti<SoftHyphen/>que<SoftHyphen/>ment votre niveau et prendre part à l'ALÉA.","",""
614,0,0,0,0,"","",""
615,0,0,0,0,"","",""
616,0,0,0,0,"","",""
617,0,0,0,0,"","",""
618,0,0,0,0,"","",""
619,0,0,0,0,"","",""
620,1,0,150661,0,"Une fois un ALÉA terminé, une fenêtre détaillant votre récompense apparaît à l'écran.

Les récompenses sont offertes à tous les par<SoftHyphen/>ti<SoftHyphen/>ci<SoftHyphen/>pants. Leurs contenus varient en fonction de la réussite ou l'échec de la mission, ainsi que de la <UIForeground>F201FA</UIForeground><UIGlow>F201FB</UIGlow>con<SoftHyphen/>tri<SoftHyphen/>bu<SoftHyphen/>tion individuelle<UIGlow>01</UIGlow><UIForeground>01</UIForeground>.","",""
621,1,0,150662,0,"Plus votre in<SoftHyphen/>ter<SoftHyphen/>ven<SoftHyphen/>tion et votre rôle sont déterminants, plus votre niveau de con<SoftHyphen/>tri<SoftHyphen/>bu<SoftHyphen/>tion est élevé. Ce dernier est indiqué par une médaille de bronze, d'argent ou d'or dans la fenêtre de récompense à la fin de l'ALÉA.","",""
622,0,0,0,0,"","",""
623,0,0,0,0,"","",""
624,0,0,0,0,"","",""
625,0,0,0,0,"","",""
626,0,0,0,0,"","",""
627,0,0,0,0,"","",""
628,0,0,0,0,"","",""
629,0,0,0,0,"","",""
630,1,0,150711,0,"Les <UIForeground>F201FA</UIForeground><UIGlow>F201FB</UIGlow>opérations de guilde<UIGlow>01</UIGlow><UIForeground>01</UIForeground> sont des contenus de combat qui s'effectuent en équipe. Pour participer, adressez-vous à un <UIForeground>F201FA</UIForeground><UIGlow>F201FB</UIGlow>brigadier<UIGlow>01</UIGlow><UIForeground>01</UIForeground> et choisissez une mission dans la liste. Notez que chaque opération est régie par des conditions de niveau ou de classe qui doivent être remplies par tous les équipiers pour pouvoir commencer.","",""
631,1,0,150712,0,"Le choix sera assez limité au début, mais les brigadiers vous proposeront de nouvelles missions au fur et à mesure de votre progression dans l'aventure. Les opérations de guilde sont idéales pour apprendre les bases du jeu en équipe. Utilisez <UIForeground>F201FA</UIForeground><UIGlow>F201FB</UIGlow>l'outil de mission<UIGlow>01</UIGlow><UIForeground>01</UIForeground> pour trouver des compagnons et bravez avec eux les nombreux dangers de ces défis.","",""
632,0,0,0,0,"","",""
633,0,0,0,0,"","",""
634,0,0,0,0,"","",""
635,0,0,0,0,"","",""
636,0,0,0,0,"","",""
637,0,0,0,0,"","",""
638,0,0,0,0,"","",""
639,0,0,0,0,"","",""
640,1,0,150721,0,"Les défis à accomplir et le compte à rebours s'affichent dans la <UIForeground>F201FA</UIForeground><UIGlow>F201FB</UIGlow>liste des objectifs<UIGlow>01</UIGlow><UIForeground>01</UIForeground>. Si vous ne remplissez pas tous les objectifs dans le temps imparti, l'opération se solde par un échec.

Surveillez les in<SoftHyphen/>for<SoftHyphen/>ma<SoftHyphen/>tions qui ap<SoftHyphen/>pa<SoftHyphen/>rais<SoftHyphen/>sent à l'écran, elles peuvent s'avérer très utiles<Indent/>!","",""
641,0,0,0,0,"","",""
642,0,0,0,0,"","",""
643,0,0,0,0,"","",""
644,0,0,0,0,"","",""
645,0,0,0,0,"","",""
646,0,0,0,0,"","",""
647,0,0,0,0,"","",""
648,0,0,0,0,"","",""
649,0,0,0,0,"","",""
650,1,0,150731,0,"Les zones nébuleuses indiquent qu'un danger est imminent. Soyez très prudent(e) quand vous en apercevez une.","",""
651,0,0,0,0,"","",""
652,0,0,0,0,"","",""
653,0,0,0,0,"","",""
654,0,0,0,0,"","",""
655,0,0,0,0,"","",""
656,0,0,0,0,"","",""
657,0,0,0,0,"","",""
658,0,0,0,0,"","",""
659,0,0,0,0,"","",""
660,1,0,150741,0,"Lorsque vous tombez inconscient(e) au cours d'une opération de guilde, vous n'êtes pas renvoyé(e) à votre point de retour, mais au <UIForeground>F201FA</UIForeground><UIGlow>F201FB</UIGlow>point de départ de l'opération<UIGlow>01</UIGlow><UIForeground>01</UIForeground>.","",""
661,0,0,0,0,"","",""
662,0,0,0,0,"","",""
663,0,0,0,0,"","",""
664,0,0,0,0,"","",""
665,0,0,0,0,"","",""
666,0,0,0,0,"","",""
667,0,0,0,0,"","",""
668,0,0,0,0,"","",""
669,0,0,0,0,"","",""
670,1,0,150751,0,"Parlez au brigadier qui supervise l'opération pour recevoir votre récompense. Comme il s'agit de votre première victoire, un bonus vous sera accordé à titre ex<SoftHyphen/>cep<SoftHyphen/>tion<SoftHyphen/>nel. Sachez que l'équipe reçoit un bonus spécial quand <UIForeground>F201FA</UIForeground><UIGlow>F201FB</UIGlow>aucun joueur ne tombe inconscient<UIGlow>01</UIGlow><UIForeground>01</UIForeground> au cours de la mission. Pensez-y la prochaine fois<Indent/>!","",""
671,0,0,0,0,"","",""
672,0,0,0,0,"","",""
673,0,0,0,0,"","",""
674,0,0,0,0,"","",""
675,0,0,0,0,"","",""
676,0,0,0,0,"","",""
677,0,0,0,0,"","",""
678,0,0,0,0,"","",""
679,0,0,0,0,"","",""
680,1,0,151351,0,"Pour <UIForeground>F201FA</UIForeground><UIGlow>F201FB</UIGlow>changer d'allégeance<UIGlow>01</UIGlow><UIForeground>01</UIForeground>, adressez-vous à l'officier du personnel de la grande compagnie qui vous intéresse. Notez que vos sceaux ainsi que certaines pièces d'équipement deviendront <UIForeground>F201FA</UIForeground><UIGlow>F201FB</UIGlow>in<SoftHyphen/>uti<SoftHyphen/>li<SoftHyphen/>sa<SoftHyphen/>bles<UIGlow>01</UIGlow><UIForeground>01</UIForeground> après votre transfert. En outre, vous serez dans l'incapacité de quitter la compagnie rejointe pendant <UIForeground>F201FA</UIForeground><UIGlow>F201FB</UIGlow>15 jours<UIGlow>01</UIGlow><UIForeground>01</UIForeground>.","",""
681,0,0,0,0,"","",""
682,0,0,0,0,"","",""
683,0,0,0,0,"","",""
684,0,0,0,0,"","",""
685,0,0,0,0,"","",""
686,0,0,0,0,"","",""
687,0,0,0,0,"","",""
688,0,0,0,0,"","",""
689,0,0,0,0,"","",""
690,1,0,151331,0,"Vous pouvez désormais effectuer des <UIForeground>F201FA</UIForeground><UIGlow>F201FB</UIGlow>synthèses rapides<UIGlow>01</UIGlow><UIForeground>01</UIForeground><Indent/>!

Con<SoftHyphen/>trai<SoftHyphen/>re<SoftHyphen/>ment à la synthèse tra<SoftHyphen/>di<SoftHyphen/>tion<SoftHyphen/>nel<SoftHyphen/>le, la synthèse rapide vous permet de fabriquer <UIForeground>F201FA</UIForeground><UIGlow>F201FB</UIGlow>plusieurs exemplaires<UIGlow>01</UIGlow><UIForeground>01</UIForeground> d'un même objet d'un seul coup.","",""
691,1,0,151332,0,"Pour ce faire, ouvrez le carnet d'artisanat et sélectionnez le bouton Synthèse rapide.

Choisissez une recette d'objet parmi celles qui ont déjà été synthétisées <UIForeground>F201FA</UIForeground><UIGlow>F201FB</UIGlow>au moins une fois<UIGlow>01</UIGlow><UIForeground>01</UIForeground>, précisez ensuite la quantité voulue et pressez le bouton <UIForeground>F201FA</UIForeground><UIGlow>F201FB</UIGlow>Commencer<UIGlow>01</UIGlow><UIForeground>01</UIForeground>.","",""
692,1,0,151333,0,"La synthèse rapide s'effectue au<SoftHyphen/>to<SoftHyphen/>ma<SoftHyphen/>ti<SoftHyphen/>que<SoftHyphen/>ment. Vous n'avez qu'à <UIForeground>F201FA</UIForeground><UIGlow>F201FB</UIGlow>attendre patiemment<UIGlow>01</UIGlow><UIForeground>01</UIForeground> que l'opération se termine.
Si cette méthode de travail n'est pas recommandée pour réaliser des objets de <UIForeground>F201FA</UIForeground><UIGlow>F201FB</UIGlow>haute qualité<UIGlow>01</UIGlow><UIForeground>01</UIForeground>, elle permet néanmoins de gagner du temps lors de la fabrication des objets de qualité normale. Pensez-y<Indent/>!","",""
693,0,0,0,0,"","",""
694,0,0,0,0,"","",""
695,0,0,0,0,"","",""
696,0,0,0,0,"","",""
697,0,0,0,0,"","",""
698,0,0,0,0,"","",""
699,0,0,0,0,"","",""
700,1,0,150281,0,"Tous les disciples de la main reçoivent un <UIForeground>F201FA</UIForeground><UIGlow>F201FB</UIGlow>carnet d'artisanat<UIGlow>01</UIGlow><UIForeground>01</UIForeground> compilant l'ensemble des recettes d'objets qu'ils ont appris à fabriquer.

Pour y accéder, sélectionnez l'option “Carnet d'artisanat” disponible à partir de la rubrique <UIForeground>F201FA</UIForeground><UIGlow>F201FB</UIGlow>Carnets<UIGlow>01</UIGlow><UIForeground>01</UIForeground> du menu principal.","",""
701,1,0,150282,0,"Pour consulter la liste des recettes disponibles, commencez par choisir une <UIForeground>F201FA</UIForeground><UIGlow>F201FB</UIGlow>classe<UIGlow>01</UIGlow><UIForeground>01</UIForeground> et une <UIForeground>F201FA</UIForeground><UIGlow>F201FB</UIGlow>tranche de niveau<UIGlow>01</UIGlow><UIForeground>01</UIForeground>.

Sélectionnez ensuite l'objet désiré et vérifiez que vous possédez tous les matériaux nécessaires.","",""
702,1,0,150283,0,"Le nom des matériaux manquants s'affiche en gris dans la partie droite de la fenêtre.

Si vous avez tout le nécessaire dans votre inventaire, vous pouvez alors presser le bouton <UIForeground>F201FA</UIForeground><UIGlow>F201FB</UIGlow>Fabriquer<UIGlow>01</UIGlow><UIForeground>01</UIForeground> et commencer la synthèse.","",""
703,0,0,0,0,"","",""
704,0,0,0,0,"","",""
705,0,0,0,0,"","",""
706,0,0,0,0,"","",""
707,0,0,0,0,"","",""
708,0,0,0,0,"","",""
709,0,0,0,0,"","",""
710,1,0,150291,0,"La synthèse s'effectue par le biais d'actions. Celles-ci vous permettent de travailler les matériaux et ainsi de faire monter la <UIForeground>F201FA</UIForeground><UIGlow>F201FB</UIGlow>barre de progression<UIGlow>01</UIGlow><UIForeground>01</UIForeground>.","",""
711,1,0,150292,0,"Plus vous travaillez les matériaux, plus leur solidité diminue.

Pour réussir une synthèse, il faut que la progression atteigne <UIForeground>F201FA</UIForeground><UIGlow>F201FB</UIGlow>100 %<UIGlow>01</UIGlow><UIForeground>01</UIForeground> avant que la <UIForeground>F201FA</UIForeground><UIGlow>F201FB</UIGlow>solidité des matériaux<UIGlow>01</UIGlow><UIForeground>01</UIForeground> ne tombe à zéro.","",""
712,1,0,150293,0,"Si l'indice de solidité tombe à zéro avant que la progression n'atteigne 100 %, la synthèse <UIForeground>F201FA</UIForeground><UIGlow>F201FB</UIGlow>échoue<UIGlow>01</UIGlow><UIForeground>01</UIForeground> et tous les matériaux utilisés sont <UIForeground>F201FA</UIForeground><UIGlow>F201FB</UIGlow>perdus<UIGlow>01</UIGlow><UIForeground>01</UIForeground> (il arrive cependant que des matériaux soient restitués sous certaines conditions).","",""
713,1,0,150294,0,"Les objets que vous avez fabriqués au moins une fois sont notés dans votre carnet d'artisanat, portant une coche à gauche de leur nom.

Un <UIForeground>F201FA</UIForeground><UIGlow>F201FB</UIGlow>bonus d'expérience<UIGlow>01</UIGlow><UIForeground>01</UIForeground> est attribué chaque fois que vous synthétisez un objet pour la première fois.","",""
714,1,0,150295,0,"La synthèse s'effectue par le biais d'actions. Celles-ci vous permettent de travailler les matériaux et ainsi de faire monter la <UIForeground>F201FA</UIForeground><UIGlow>F201FB</UIGlow>barre de progression<UIGlow>01</UIGlow><UIForeground>01</UIForeground>.","",""
715,0,0,0,0,"","",""
716,0,0,0,0,"","",""
717,0,0,0,0,"","",""
718,0,0,0,0,"","",""
719,0,0,0,0,"","",""
720,1,0,150301,0,"En plus des objets normaux, les artisans sont capables de fabriquer des objets de <UIForeground>F201FA</UIForeground><UIGlow>F201FB</UIGlow>haute qualité<UIGlow>01</UIGlow><UIForeground>01</UIForeground> (HQ). La probabilité de synthétiser un objet de haute qualité est déterminée par le <UIForeground>F201FA</UIForeground><UIGlow>F201FB</UIGlow>pourcentage HQ<UIGlow>01</UIGlow><UIForeground>01</UIForeground>. Cet indice augmente en même temps que la <UIForeground>F201FA</UIForeground><UIGlow>F201FB</UIGlow>qualité<UIGlow>01</UIGlow><UIForeground>01</UIForeground> de l'objet lors de la synthèse.","",""
721,1,0,150302,0,"Certaines actions, telles qu'<UIForeground>F201FA</UIForeground><UIGlow>F201FB</UIGlow>Ouvrage de base<UIGlow>01</UIGlow><UIForeground>01</UIForeground> ou <UIForeground>F201FA</UIForeground><UIGlow>F201FB</UIGlow>Ouvrage précis<UIGlow>01</UIGlow><UIForeground>01</UIForeground>, permettent d'augmenter la qualité d'un objet. Ces dernières nécessitent cependant des <UIForeground>F201FA</UIForeground><UIGlow>F201FB</UIGlow>points de synthèse<UIGlow>01</UIGlow><UIForeground>01</UIForeground> (PS) pour être utilisées. Elles ont également tendance à réduire la solidité des matériaux plus rapidement que lors du travail normal.","",""
722,1,0,150303,0,"Notez enfin qu'augmenter la qualité d'un objet permet de recevoir un <UIForeground>F201FA</UIForeground><UIGlow>F201FB</UIGlow>bonus de points d'expérience<UIGlow>01</UIGlow><UIForeground>01</UIForeground> à la fin de la synthèse.","",""
723,1,0,150304,0,"Certaines actions, telles qu'<UIForeground>F201FA</UIForeground><UIGlow>F201FB</UIGlow>Ouvrage de base<UIGlow>01</UIGlow><UIForeground>01</UIForeground> ou <UIForeground>F201FA</UIForeground><UIGlow>F201FB</UIGlow>Ouvrage précis<UIGlow>01</UIGlow><UIForeground>01</UIForeground>, permettent d'augmenter la qualité d'un objet. Ces dernières nécessitent cependant des <UIForeground>F201FA</UIForeground><UIGlow>F201FB</UIGlow>points de synthèse<UIGlow>01</UIGlow><UIForeground>01</UIForeground> (PS) pour être utilisées. Elles ont également tendance à réduire la solidité des matériaux plus rapidement que lors du travail normal.","",""
724,0,0,0,0,"","",""
725,0,0,0,0,"","",""
726,0,0,0,0,"","",""
727,0,0,0,0,"","",""
728,0,0,0,0,"","",""
729,0,0,0,0,"","",""
730,1,0,150581,0,"Au fur et à mesure que la synthèse progresse, l'<UIForeground>F201FA</UIForeground><UIGlow>F201FB</UIGlow>état<UIGlow>01</UIGlow><UIForeground>01</UIForeground> oscille entre mauvais et excellent.","",""
731,1,0,150582,0,"Effectuer des actions lorsque l'état est <UIForeground>F201FA</UIForeground><UIGlow>F201FB</UIGlow>bon<UIGlow>01</UIGlow><UIForeground>01</UIForeground> ou <UIForeground>F201FA</UIForeground><UIGlow>F201FB</UIGlow>excellent<UIGlow>01</UIGlow><UIForeground>01</UIForeground> augmente davantage la qualité en cas de réussite. Cependant l'état se dégradera toujours pour devenir <UIForeground>F201FA</UIForeground><UIGlow>F201FB</UIGlow>mauvais<UIGlow>01</UIGlow><UIForeground>01</UIForeground> à l'étape suivante.","",""
732,0,0,0,0,"","",""
733,0,0,0,0,"","",""
734,0,0,0,0,"","",""
735,0,0,0,0,"","",""
736,0,0,0,0,"","",""
737,0,0,0,0,"","",""
738,0,0,0,0,"","",""
739,0,0,0,0,"","",""
740,0,0,0,0,"","",""
741,0,0,0,0,"","",""
742,0,0,0,0,"","",""
743,0,0,0,0,"","",""
744,0,0,0,0,"","",""
745,0,0,0,0,"","",""
746,0,0,0,0,"","",""
747,0,0,0,0,"","",""
748,0,0,0,0,"","",""
749,0,0,0,0,"","",""
750,1,0,150311,0,"Chaque fois que vous lancez des actions ou que vous tombez inconscient, la <UIForeground>F201FA</UIForeground><UIGlow>F201FB</UIGlow>condition<UIGlow>01</UIGlow><UIForeground>01</UIForeground> de vos équipements se détériore.

Lorsque la condition d'une pièce équipement tombe à 0 %, elle perd ses attributs.","",""
751,1,0,150312,0,"La fenêtre de personnage, accessible à partir du <UIForeground>F201FA</UIForeground><UIGlow>F201FB</UIGlow>menu principal<UIGlow>01</UIGlow><UIForeground>01</UIForeground>, permet de vérifier la condition de vos équipements.

La zone rouge indique l'usure de l'équipement.","",""
752,1,0,150313,0,"Vous trouverez des <UIForeground>F201FA</UIForeground><UIGlow>F201FB</UIGlow>réparateurs<UIGlow>01</UIGlow><UIForeground>01</UIForeground> prêts à rafistoler vos équipements pour une poignée de gils. Ces derniers sont facilement repérables sur la carte grâce à leur icone en forme de marteau.","",""
753,0,0,0,0,"","",""
754,0,0,0,0,"","",""
755,0,0,0,0,"","",""
756,0,0,0,0,"","",""
757,0,0,0,0,"","",""
758,0,0,0,0,"","",""
759,0,0,0,0,"","",""
760,1,0,150321,0,"Les disciples de la main sont capables de réparer leurs objets.

Pour réparer un équipement usé, sélectionnez un objet et choisissez l'option <UIForeground>F201FA</UIForeground><UIGlow>F201FB</UIGlow>Réparer<UIGlow>01</UIGlow><UIForeground>01</UIForeground> dans le sous-menu.","",""
761,1,0,150322,0,"Chaque équipement possède des <UIForeground>F201FA</UIForeground><UIGlow>F201FB</UIGlow>restrictions de réparation<UIGlow>01</UIGlow><UIForeground>01</UIForeground> qui sont visibles en plaçant le curseur sur l'icone de l'objet.
En plus de remplir ces conditions, les disciples de la main doivent utiliser de la <UIForeground>F201FA</UIForeground><UIGlow>F201FB</UIGlow>matière sombre<UIGlow>01</UIGlow><UIForeground>01</UIForeground> pour effectuer leurs réparations. Il est possible de s'en procurer dans les échoppes ou sur le terrain.","",""
762,0,0,0,0,"","",""
763,0,0,0,0,"","",""
764,0,0,0,0,"","",""
765,0,0,0,0,"","",""
766,0,0,0,0,"","",""
767,0,0,0,0,"","",""
768,0,0,0,0,"","",""
769,0,0,0,0,"","",""
770,1,0,150601,0,"Vous avez obtenu un <UIForeground>F201FA</UIForeground><UIGlow>F201FB</UIGlow>objet de haute qualité<UIGlow>01</UIGlow><UIForeground>01</UIForeground> ! Les objets HQ, identifiables à leur icone étincelante ainsi qu'à la marque spéciale apparaissant à la fin de leur nom, présentent de meilleures ca<SoftHyphen/>rac<SoftHyphen/>té<SoftHyphen/>ris<SoftHyphen/>ti<SoftHyphen/>ques que les objets normaux. Très prisés en Éorzéa, notamment par les artisans, ils se négocient généralement à des prix plus élevés.","",""
771,1,0,150602,0,"Bien qu'identiques en apparence, les objets HQ ne peuvent pas être empilés avec les objets de qualité standard.","",""
772,0,0,0,0,"","",""
773,0,0,0,0,"","",""
774,0,0,0,0,"","",""
775,0,0,0,0,"","",""
776,0,0,0,0,"","",""
777,0,0,0,0,"","",""
778,0,0,0,0,"","",""
779,0,0,0,0,"","",""
780,1,0,150611,0,"Vous avez obtenu un <UIForeground>F201FA</UIForeground><UIGlow>F201FB</UIGlow>objet unique<UIGlow>01</UIGlow><UIForeground>01</UIForeground><Indent/>!

Ces objets sont spéciaux et, comme leur nom l'indique, vous ne pouvez en posséder qu'un seul exemplaire à la fois.","",""
781,0,0,0,0,"","",""
782,0,0,0,0,"","",""
783,0,0,0,0,"","",""
784,0,0,0,0,"","",""
785,0,0,0,0,"","",""
786,0,0,0,0,"","",""
787,0,0,0,0,"","",""
788,0,0,0,0,"","",""
789,0,0,0,0,"","",""
790,1,0,150621,0,"Suite à ce combat, certaines pièces d'équipement sont devenues <UIForeground>F201FA</UIForeground><UIGlow>F201FB</UIGlow>liées<UIGlow>01</UIGlow><UIForeground>01</UIForeground> à votre personnage.","",""
791,1,0,150622,0,"La plupart des objets peuvent être vendus et échangés avant d'être utilisés, qu'ils aient été équipés ou non. Cependant, effectuer une synthèse, une récolte ou un combat avec un nouvel équipement liera ce dernier à vous et empêchera tout échange ou vente à d'autres joueurs.","",""
792,0,0,0,0,"","",""
793,0,0,0,0,"","",""
794,0,0,0,0,"","",""
795,0,0,0,0,"","",""
796,0,0,0,0,"","",""
797,0,0,0,0,"","",""
798,0,0,0,0,"","",""
799,0,0,0,0,"","",""
800,1,0,150471,0,"Les <UIForeground>F201FA</UIForeground><UIGlow>F201FB</UIGlow>marchés<UIGlow>01</UIGlow><UIForeground>01</UIForeground> sont des lieux où les joueurs peuvent vendre leurs objets ou acheter ceux des autres.

Il est possible d'y accéder en ciblant l'un des nombreux <UIForeground>F201FA</UIForeground><UIGlow>F201FB</UIGlow>tableaux des ventes<UIGlow>01</UIGlow><UIForeground>01</UIForeground> que l'on trouve un peu partout en Éorzéa.","",""
801,1,0,150472,0,"Les marchés de toutes les grandes citées sont <UIForeground>F201FA</UIForeground><UIGlow>F201FB</UIGlow>interconnectés<UIGlow>01</UIGlow><UIForeground>01</UIForeground>, ce qui signifie que les objets mis en vente dans l'une de ces cités peuvent être vus et achetés par des joueurs depuis une autre cité.
Par ailleurs, une taxe de consommation de 5% est appliquée à chaque transaction.","",""
802,1,0,150473,0,"Passer au crible tous les objets en vente peut s'avérer fastidieux pour ceux qui ne sont pas habitués à ce système. Nous recommandons donc aux joueurs qui débutent de s'équiper dans les <UIForeground>F201FA</UIForeground><UIGlow>F201FB</UIGlow>échoppes<UIGlow>01</UIGlow><UIForeground>01</UIForeground>, puis d'utiliser les marchés une fois que ces échoppes ne sont plus adaptées.","",""
803,0,0,0,0,"","",""
804,0,0,0,0,"","",""
805,0,0,0,0,"","",""
806,0,0,0,0,"","",""
807,0,0,0,0,"","",""
808,0,0,0,0,"","",""
809,0,0,0,0,"","",""
810,1,0,150481,0,"Avant de pouvoir acheter un objet aux marchés, il faut d'abord le trouver.
Deux possibilités s'offrent à vous<Indent/>: vous pouvez soit effectuer une <UIForeground>F201FA</UIForeground><UIGlow>F201FB</UIGlow>recherche directe<UIGlow>01</UIGlow><UIForeground>01</UIForeground> en saisissant le nom de l'objet recherché, ou bien <UIForeground>F201FA</UIForeground><UIGlow>F201FB</UIGlow>spécifier des conditions de recherche<UIGlow>01</UIGlow><UIForeground>01</UIForeground> qui feront apparaître une liste d'objets correspondants.","",""
811,1,0,150482,0,"Si vous connaissez le nom exact de l'objet que vous recherchez, saisissez-le dans la case <UIForeground>F201FA</UIForeground><UIGlow>F201FB</UIGlow>Nom<UIGlow>01</UIGlow><UIForeground>01</UIForeground>, puis cliquez sur le bouton <UIForeground>F201FA</UIForeground><UIGlow>F201FB</UIGlow>Rechercher<UIGlow>01</UIGlow><UIForeground>01</UIForeground>. La recherche par nom prend en charge le <UIForeground>F201FA</UIForeground><UIGlow>F201FB</UIGlow>com<SoftHyphen/>plè<SoftHyphen/>te<SoftHyphen/>ment automatique<UIGlow>01</UIGlow><UIForeground>01</UIForeground>. Par exemple, si vous saisissez “Potion”, vous verrez à la fois apparaître les potions de parole et les potions ignifuges.","",""
812,1,0,150483,0,"L'autre solution consiste à préciser des conditions de recherche. Par exemple, pour voir tous les objets pour les pieds dont peuvent s'équiper les archers de niveau 35, cliquez tout d'abord sur l'icone <UIForeground>F201FA</UIForeground><UIGlow>F201FB</UIGlow>Pieds<UIGlow>01</UIGlow><UIForeground>01</UIForeground> sous <UIForeground>F201FA</UIForeground><UIGlow>F201FB</UIGlow>Équipement<UIGlow>01</UIGlow><UIForeground>01</UIForeground>, placez l'indicateur de niveau sur <UIForeground>F201FA</UIForeground><UIGlow>F201FB</UIGlow>35<UIGlow>01</UIGlow><UIForeground>01</UIForeground>, puis cliquez sur <UIForeground>F201FA</UIForeground><UIGlow>F201FB</UIGlow>Rechercher<UIGlow>01</UIGlow><UIForeground>01</UIForeground>.","",""
813,1,0,150484,0,"Si votre recherche renvoie des résultats, ils ap<SoftHyphen/>pa<SoftHyphen/>rais<SoftHyphen/>sent à <UIForeground>F201FA</UIForeground><UIGlow>F201FB</UIGlow>droite<UIGlow>01</UIGlow><UIForeground>01</UIForeground> dans la fenêtre. Vous pouvez placer le curseur de votre souris sur le nom d'un objet pour voir ses ca<SoftHyphen/>rac<SoftHyphen/>té<SoftHyphen/>ris<SoftHyphen/>ti<SoftHyphen/>ques. Le chiffre à la droite du nom indique le nombre d'exemplaires de l'objet <UIForeground>F201FA</UIForeground><UIGlow>F201FB</UIGlow>ac<SoftHyphen/>tu<SoftHyphen/>el<SoftHyphen/>le<SoftHyphen/>ment disponibles<UIGlow>01</UIGlow><UIForeground>01</UIForeground> à la vente.","",""
814,0,0,0,0,"","",""
815,0,0,0,0,"","",""
816,0,0,0,0,"","",""
817,0,0,0,0,"","",""
818,0,0,0,0,"","",""
819,0,0,0,0,"","",""
820,1,0,150491,0,"Si un objet de la liste de recherche est disponible à l'achat, vous pouvez le sélectionner pour faire apparaître <UIForeground>F201FA</UIForeground><UIGlow>F201FB</UIGlow>une seconde liste<UIGlow>01</UIGlow><UIForeground>01</UIForeground> indiquant les prix de vente.","",""
821,1,0,150492,0,"Choisissez l'objet que vous désirez acheter pour afficher un dernier écran où vous pourrez confirmer ou annuler la transaction.

N.B.<Indent/>: une taxe de consommation de 5% est appliquée à chaque transaction.","",""
822,0,0,0,0,"","",""
823,0,0,0,0,"","",""
824,0,0,0,0,"","",""
825,0,0,0,0,"","",""
826,0,0,0,0,"","",""
827,0,0,0,0,"","",""
828,0,0,0,0,"","",""
829,0,0,0,0,"","",""
830,1,0,150501,0,"Les <UIForeground>F201FA</UIForeground><UIGlow>F201FB</UIGlow>servants<UIGlow>01</UIGlow><UIForeground>01</UIForeground> peuvent s'occuper de mettre des objets en vente aux marchés pour vous.
Une taxe de 5% sera prélevée sur le prix de vente de l'objet que vous percevrez.","",""
831,1,0,150502,0,"Pour que votre servant propose un objet aux marchés, sélectionnez <UIForeground>F201FA</UIForeground><UIGlow>F201FB</UIGlow>Mettre en vente un objet de votre inventaire<UIGlow>01</UIGlow><UIForeground>01</UIForeground> ou <UIForeground>F201FA</UIForeground><UIGlow>F201FB</UIGlow>Mettre en vente un objet du servant<UIGlow>01</UIGlow><UIForeground>01</UIForeground> dans le menu, puis faites glisser l'objet vers la fenêtre du quartier marchand, fixez le prix et validez avec le bouton <UIForeground>F201FA</UIForeground><UIGlow>F201FB</UIGlow>Confirmer<UIGlow>01</UIGlow><UIForeground>01</UIForeground>.","",""
832,1,0,150503,0,"Vous pouvez également sélectionner <UIForeground>F201FA</UIForeground><UIGlow>F201FB</UIGlow>Vendre<UIGlow>01</UIGlow><UIForeground>01</UIForeground> dans le sous-menu.

Les objets portant la mention <UIForeground>F201FA</UIForeground><UIGlow>F201FB</UIGlow>Personnel<UIGlow>01</UIGlow><UIForeground>01</UIForeground> ou <UIForeground>F201FA</UIForeground><UIGlow>F201FB</UIGlow>Lié<UIGlow>01</UIGlow><UIForeground>01</UIForeground> ne peuvent pas être mis en vente.","",""
833,0,0,0,0,"","",""
834,0,0,0,0,"","",""
835,0,0,0,0,"","",""
836,0,0,0,0,"","",""
837,0,0,0,0,"","",""
838,0,0,0,0,"","",""
839,0,0,0,0,"","",""
840,1,0,150511,0,"Les <UIForeground>F201FA</UIForeground><UIGlow>F201FB</UIGlow>sonnettes<UIGlow>01</UIGlow><UIForeground>01</UIForeground> servent à appeler les servants.

Les servants sont des PNJ qui peuvent être recrutés par les joueurs pour garder des équipements et des gils ainsi que mettre des objets en vente aux marchés.","",""
841,1,0,150512,0,"Une fois que vous avez reçu l'au<SoftHyphen/>to<SoftHyphen/>ri<SoftHyphen/>sa<SoftHyphen/>tion de recruter un servant, parlez à <UIForeground>F201FA</UIForeground><UIGlow>F201FB</UIGlow>Parnell<UIGlow>01</UIGlow><UIForeground>01</UIForeground> de Gridania, ou <UIForeground>F201FA</UIForeground><UIGlow>F201FB</UIGlow>Frydwyb<UIGlow>01</UIGlow><UIForeground>01</UIForeground> de Limsa Lominsa, ou encore <UIForeground>F201FA</UIForeground><UIGlow>F201FB</UIGlow>Chachapi<UIGlow>01</UIGlow><UIForeground>01</UIForeground> d'Ul'dah pour remplir les formalités d'embauche.","",""
842,0,0,0,0,"","",""
843,0,0,0,0,"","",""
844,0,0,0,0,"","",""
845,0,0,0,0,"","",""
846,0,0,0,0,"","",""
847,0,0,0,0,"","",""
848,0,0,0,0,"","",""
849,0,0,0,0,"","",""
850,1,0,150521,0,"Les servants sont des personnes que vous pouvez engager pour <UIForeground>F201FA</UIForeground><UIGlow>F201FB</UIGlow>effectuer des tâches simples<UIGlow>01</UIGlow><UIForeground>01</UIForeground>, comme garder vos équipements ou vos gils, ou encore vendre des objets sur les marchés. Vous pouvez aussi leur confier des missions, par le biais des <UIForeground>F201FA</UIForeground><UIGlow>F201FB</UIGlow>tâches de servant<UIGlow>01</UIGlow><UIForeground>01</UIForeground>.","",""
851,1,0,150522,0,"Pour recruter un servant, adressez-vous à <UIForeground>F201FA</UIForeground><UIGlow>F201FB</UIGlow>Parnell<UIGlow>01</UIGlow><UIForeground>01</UIForeground> de Gridania, ou <UIForeground>F201FA</UIForeground><UIGlow>F201FB</UIGlow>Frydwyb<UIGlow>01</UIGlow><UIForeground>01</UIForeground> de Limsa Lominsa, ou encore <UIForeground>F201FA</UIForeground><UIGlow>F201FB</UIGlow>Chachapi<UIGlow>01</UIGlow><UIForeground>01</UIForeground> d'Ul'dah.","",""
852,0,0,0,0,"","",""
853,0,0,0,0,"","",""
854,0,0,0,0,"","",""
855,0,0,0,0,"","",""
856,0,0,0,0,"","",""
857,0,0,0,0,"","",""
858,0,0,0,0,"","",""
859,0,0,0,0,"","",""
860,1,0,150531,0,"Une fois convoqué, vous pouvez demander à votre servant de garder des gils et des pièces d'équipement, ou même lui donner des objets pour qu'il les vende sur les marchés. Vous pouvez aussi lui confier des missions, par le biais des <UIForeground>F201FA</UIForeground><UIGlow>F201FB</UIGlow>tâches de servant<UIGlow>01</UIGlow><UIForeground>01</UIForeground>.","",""
861,1,0,150532,0,"Pour confier ou reprendre quelque chose à un servant, choisissez <UIForeground>F201FA</UIForeground><UIGlow>F201FB</UIGlow>Échanger des objets<UIGlow>01</UIGlow><UIForeground>01</UIForeground> dans le menu et déplacez simplement l'objet d'une fenêtre d'inventaire à l'autre.

Pour transférer des fonds, passez par l'option <UIForeground>F201FA</UIForeground><UIGlow>F201FB</UIGlow>Confier ou récupérer de l'argent<UIGlow>01</UIGlow><UIForeground>01</UIForeground>.
L'option <UIForeground>F201FA</UIForeground><UIGlow>F201FB</UIGlow>Confier empilables<UIGlow>01</UIGlow><UIForeground>01</UIForeground> vous permet quant à elle de remettre en une fois à votre servant tous vos exemplaires d'objets empilables identiques à ceux qu'il possède déjà.","",""
862,0,0,0,0,"","",""
863,0,0,0,0,"","",""
864,0,0,0,0,"","",""
865,0,0,0,0,"","",""
866,0,0,0,0,"","",""
867,0,0,0,0,"","",""
868,0,0,0,0,"","",""
869,0,0,0,0,"","",""
870,1,0,150541,0,"Certains points de récolte possèdent des ca<SoftHyphen/>rac<SoftHyphen/>té<SoftHyphen/>ris<SoftHyphen/>ti<SoftHyphen/>ques qui peuvent, sous certaines conditions, accroître le rendement, les chances d'obtenir des objets sup<SoftHyphen/>plé<SoftHyphen/>men<SoftHyphen/>tai<SoftHyphen/>res ou le nombre de tentatives de récolte.","",""
871,1,0,150542,0,"Ces ca<SoftHyphen/>rac<SoftHyphen/>té<SoftHyphen/>ris<SoftHyphen/>ti<SoftHyphen/>ques s'affichent sous la barre d'état d'un point de récolte, mais on ne peut les voir qu'une fois le trait <UIForeground>F201FA</UIForeground><UIGlow>F201FB</UIGlow>Amoureux des arbres<UIGlow>01</UIGlow><UIForeground>01</UIForeground> (botaniste) ou <UIForeground>F201FA</UIForeground><UIGlow>F201FB</UIGlow>Amoureux des pierres<UIGlow>01</UIGlow><UIForeground>01</UIForeground> (mineur) obtenu.","",""
872,0,0,0,0,"","",""
873,0,0,0,0,"","",""
874,0,0,0,0,"","",""
875,0,0,0,0,"","",""
876,0,0,0,0,"","",""
877,0,0,0,0,"","",""
878,0,0,0,0,"","",""
879,0,0,0,0,"","",""
880,0,0,0,0,"","",""
881,0,0,0,0,"","",""
882,0,0,0,0,"","",""
883,0,0,0,0,"","",""
884,0,0,0,0,"","",""
885,0,0,0,0,"","",""
886,0,0,0,0,"","",""
887,0,0,0,0,"","",""
888,0,0,0,0,"","",""
889,0,0,0,0,"","",""
890,1,0,150231,0,"Les botanistes utilisent leurs outils pour couper des arbres et récolter des matières premières utilisées lors de la synthèse. Les arbres aptes à l'abattage et à la récolte portent le nom d'<UIForeground>F201FA</UIForeground><UIGlow>F201FB</UIGlow>arbres matures<UIGlow>01</UIGlow><UIForeground>01</UIForeground>.","",""
891,1,0,150232,0,"Ces arbres ne sont repérables que lorsque votre personnage bénéficie de l'effet <UIForeground>F201FA</UIForeground><UIGlow>F201FB</UIGlow>Forestier<UIGlow>01</UIGlow><UIForeground>01</UIForeground>.

Ces derniers sont également indiqués par un <UIForeground>F201FA</UIForeground><UIGlow>F201FB</UIGlow>icone en forme de feuille jaune<UIGlow>01</UIGlow><UIForeground>01</UIForeground> sur la boussole.","",""
892,1,0,150233,0,"Lorsque vous trouvez un arbre mature, approchez-vous des éclats lumineux et faites un <UIForeground>F201FA</UIForeground><UIGlow>F201FB</UIGlow>clic droit<UIGlow>01</UIGlow><UIForeground>01</UIForeground> pour démarrer le processus de récolte.","",""
893,1,0,150232,0,"Ces arbres ne sont repérables que lorsque votre personnage bénéficie de l'effet <UIForeground>F201FA</UIForeground><UIGlow>F201FB</UIGlow>Forestier<UIGlow>01</UIGlow><UIForeground>01</UIForeground>. Ces derniers sont également indiqués par un <UIForeground>F201FA</UIForeground><UIGlow>F201FB</UIGlow>icone en forme de feuille jaune<UIGlow>01</UIGlow><UIForeground>01</UIForeground> sur la boussole.","",""
894,1,0,150233,0,"Lorsque vous trouvez un arbre mature, ciblez-le et pressez la touche <UIForeground>F201FA</UIForeground><UIGlow>F201FB</UIGlow>Confirmer<UIGlow>01</UIGlow><UIForeground>01</UIForeground> pour démarrer le processus de récolte.","",""
895,0,0,0,0,"","",""
896,0,0,0,0,"","",""
897,0,0,0,0,"","",""
898,0,0,0,0,"","",""
899,0,0,0,0,"","",""
900,1,0,150241,0,"Les points de collecte permettent de récolter jusqu'à <UIForeground>F201FA</UIForeground><UIGlow>F201FB</UIGlow>sept types<UIGlow>01</UIGlow><UIForeground>01</UIForeground> d'objets différents.

Sélectionnez simplement celui qui vous intéresse dans la liste pour commencer la coupe ou l'extraction.","",""
901,1,0,150242,0,"Le pourcentage d'obtention d'un objet est indiqué à droite de son icone.

Changer d'équipement peut permettre d'augmenter les ca<SoftHyphen/>rac<SoftHyphen/>té<SoftHyphen/>ris<SoftHyphen/>ti<SoftHyphen/>ques de <UIForeground>F201FA</UIForeground><UIGlow>F201FB</UIGlow>Collecte<UIGlow>01</UIGlow><UIForeground>01</UIForeground>, mais les objets dont le niveau est supérieur au vôtre resteront difficiles à récolter.","",""
902,1,0,150243,0,"La position d'un objet dans la liste est déterminée par son <UIForeground>F201FA</UIForeground><UIGlow>F201FB</UIGlow>type<UIGlow>01</UIGlow><UIForeground>01</UIForeground>. Les branches, par exemple, sont toujours placées dans la troisième case en partant du haut.

Déterminer à quel type d'objet correspondent les cases peut s'avérer utile par la suite.","",""
903,0,0,0,0,"","",""
904,0,0,0,0,"","",""
905,0,0,0,0,"","",""
906,0,0,0,0,"","",""
907,0,0,0,0,"","",""
908,0,0,0,0,"","",""
909,0,0,0,0,"","",""
910,1,0,150251,0,"Le carnet de récolte permet de voir la liste des matériaux qu'un botaniste ou qu'un mineur peut récolter.

Pour y accéder, sélectionnez l'option “Carnet de récolte” disponible à partir de la rubrique <UIForeground>F201FA</UIForeground><UIGlow>F201FB</UIGlow>Carnets<UIGlow>01</UIGlow><UIForeground>01</UIForeground> du menu principal.","",""
911,1,0,150252,0,"Les matériaux que vous avez récoltés au moins une fois portent une coche en bas à droite de leur icone.

Un <UIForeground>F201FA</UIForeground><UIGlow>F201FB</UIGlow>bonus d'expérience<UIGlow>01</UIGlow><UIForeground>01</UIForeground> est attribué chaque fois qu'un objet est récolté pour la première fois.","",""
912,1,0,150253,0,"La partie droite du carnet affiche <UIForeground>F201FA</UIForeground><UIGlow>F201FB</UIGlow>des in<SoftHyphen/>for<SoftHyphen/>ma<SoftHyphen/>tions sur les zones<UIGlow>01</UIGlow><UIForeground>01</UIForeground> dans lesquelles il est possible de se procurer des matériaux. Ces in<SoftHyphen/>for<SoftHyphen/>ma<SoftHyphen/>tions sont très utiles, car il arrive que des objets ne soient récoltables qu'à <UIForeground>F201FA</UIForeground><UIGlow>F201FB</UIGlow>un seul endroit<UIGlow>01</UIGlow><UIForeground>01</UIForeground>.","",""
913,0,0,0,0,"","",""
914,0,0,0,0,"","",""
915,0,0,0,0,"","",""
916,0,0,0,0,"","",""
917,0,0,0,0,"","",""
918,0,0,0,0,"","",""
919,0,0,0,0,"","",""
920,1,0,150261,0,"L'action <UIForeground>F201FA</UIForeground><UIGlow>F201FB</UIGlow>Discrétion<UIGlow>01</UIGlow><UIForeground>01</UIForeground> permet de se cacher des ennemis au niveau un peu plus élevé que le sien, et ainsi de récolter des matériaux dans des zones où les monstres rôdent.
Elle ne peut être utilisée si le combat a déjà été engagé.","",""
921,0,0,0,0,"","",""
922,0,0,0,0,"","",""
923,0,0,0,0,"","",""
924,0,0,0,0,"","",""
925,0,0,0,0,"","",""
926,0,0,0,0,"","",""
927,0,0,0,0,"","",""
928,0,0,0,0,"","",""
929,0,0,0,0,"","",""
930,1,0,150271,0,"En plus de couper des arbres, les botanistes peuvent utiliser leur outil secondaire pour <UIForeground>F201FA</UIForeground><UIGlow>F201FB</UIGlow>faucher<UIGlow>01</UIGlow><UIForeground>01</UIForeground> les végétaux et récolter des objets.

Pour repérer les zones de végétation, le botaniste doit bénéficier de l'effet <UIForeground>F201FA</UIForeground><UIGlow>F201FB</UIGlow>Forestier<UIGlow>01</UIGlow><UIForeground>01</UIForeground>.","",""
931,1,0,150272,0,"Pour faucher des carrés de végétation, vous devez d'abord vous équiper d'une <UIForeground>F201FA</UIForeground><UIGlow>F201FB</UIGlow>faux<UIGlow>01</UIGlow><UIForeground>01</UIForeground>.

Vous pourrez vous procurer cet outil secondaire de botaniste dans une échoppe ou en ac<SoftHyphen/>com<SoftHyphen/>plis<SoftHyphen/>sant certaines quêtes.","",""
932,0,0,0,0,"","",""
933,0,0,0,0,"","",""
934,0,0,0,0,"","",""
935,0,0,0,0,"","",""
936,0,0,0,0,"","",""
937,0,0,0,0,"","",""
938,0,0,0,0,"","",""
939,0,0,0,0,"","",""
940,1,0,150461,0,"Vous avez obtenu un objet vous permettant d'appeler une <UIForeground>F201FA</UIForeground><UIGlow>F201FB</UIGlow>mascotte<UIGlow>01</UIGlow><UIForeground>01</UIForeground><Indent/>!

Pour apprendre cette action, vous devez d'abord <UIForeground>F201FA</UIForeground><UIGlow>F201FB</UIGlow>utiliser<UIGlow>01</UIGlow><UIForeground>01</UIForeground> l'objet à partir de l'inventaire.","",""
941,1,0,150462,0,"Une fois l'action apprise, elle apparaîtra dans la fenêtre <UIForeground>F201FA</UIForeground><UIGlow>F201FB</UIGlow>Mascottes<UIGlow>01</UIGlow><UIForeground>01</UIForeground> du menu Personnage.

N'hésitez pas à l'ajouter à votre barre de raccourcis pour appeler plus facilement ce petit fétiche ambulant.","",""
942,1,0,150463,0,"Les mascottes peuvent être appelées ou renvoyées à tout moment en cliquant sur leur icone.

L'action peut être utilisée avec toutes les classes et tous les jobs, sans délai d'attente.","",""
943,1,0,150464,0,"Les mascottes se contentent de vous suivre à la trace, elles ne <UIForeground>F201FA</UIForeground><UIGlow>F201FB</UIGlow>génèrent aucune inimitié<UIGlow>01</UIGlow><UIForeground>01</UIForeground> et ne participent pas aux combats.

Lorsque vous tombez inconscient, elles partent se reposer jusqu'à ce que vous les appeliez à nouveau.","",""
944,1,0,150465,0,"Une fois l'action apprise, une nouvelle catégorie intitulée <UIForeground>F201FA</UIForeground><UIGlow>F201FB</UIGlow>Mascottes<UIGlow>01</UIGlow><UIForeground>01</UIForeground> apparaîtra dans le menu <UIForeground>F201FA</UIForeground><UIGlow>F201FB</UIGlow>Personnage<UIGlow>01</UIGlow><UIForeground>01</UIForeground>.

Vous pourrez appeler votre mascotte depuis cette fenêtre ou enregistrer l'icone d'action dans une croix de raccourcis.","",""
945,1,0,150466,0,"Les mascottes peuvent être appelées ou renvoyées à tout moment via leur icone.

L'action peut être utilisée avec toutes les classes et tous les jobs, sans délai d'attente.","",""
946,0,0,0,0,"","",""
947,0,0,0,0,"","",""
948,0,0,0,0,"","",""
949,0,0,0,0,"","",""
950,1,0,151001,0,"Vous pouvez désormais <UIForeground>F201FA</UIForeground><UIGlow>F201FB</UIGlow>teindre<UIGlow>01</UIGlow><UIForeground>01</UIForeground> des objets<Indent/>!

Pour ce faire, vous devez d'abord vous procurer du colorant. Vous pouvez en fabriquer vous-même ou en acheter dans les échoppes.","",""
951,1,0,151002,0,"Une fois le colorant en votre possession, il vous suffit d'utiliser l'action “Teinture” disponible à partir de la fenêtre <UIForeground>F201FA</UIForeground><UIGlow>F201FB</UIGlow>Actions et traits<UIGlow>01</UIGlow><UIForeground>01</UIForeground>.

La couleur obtenue dépend du colorant utilisé.

Vous pouvez teindre un objet autant de fois que vous le désirez. Vous pouvez également retirer la teinture à l'aide de <UIForeground>F201FA</UIForeground><UIGlow>F201FB</UIGlow>térébenthine<UIGlow>01</UIGlow><UIForeground>01</UIForeground>.","",""
952,1,0,151003,0,"En outre, certains objets ne peuvent être teints qu'après avoir accompli certaines quêtes.
Ces conditions sont indiquées en bas à gauche dans la fenêtre de teinture.","",""
953,1,0,151004,0,"Pour teindre un élément de mobilier, vous pouvez soit sélectionner l'option “Teindre” à partir du sous-menu de l'objet, soit passer par la fenêtre de logement, accessible à partir de la rubrique <UIForeground>F201FA</UIForeground><UIGlow>F201FB</UIGlow>Communication<UIGlow>01</UIGlow><UIForeground>01</UIForeground> du menu principal.","",""
954,0,0,0,0,"","",""
955,0,0,0,0,"","",""
956,0,0,0,0,"","",""
957,0,0,0,0,"","",""
958,0,0,0,0,"","",""
959,0,0,0,0,"","",""
960,1,0,151021,0,"Vous pouvez désormais créer des <UIForeground>F201FA</UIForeground><UIGlow>F201FB</UIGlow>matérias<UIGlow>01</UIGlow><UIForeground>01</UIForeground> à partir de pièces d'équipement<Indent/>!

Les matérias ainsi produites peuvent ensuite être serties sur une pièce afin d'en améliorer les ca<SoftHyphen/>rac<SoftHyphen/>té<SoftHyphen/>ris<SoftHyphen/>ti<SoftHyphen/>ques.","",""
961,1,0,151022,0,"Pour matérialiser une pièce d'équipement, vous devez tout d'abord entrer en <UIForeground>F201FA</UIForeground><UIGlow>F201FB</UIGlow>symbiose<UIGlow>01</UIGlow><UIForeground>01</UIForeground> avec elle en l'utilisant à plusieurs reprises.

Lorsque la symbiose atteint 100%, vous pouvez sélectionner l'option <UIForeground>F201FA</UIForeground><UIGlow>F201FB</UIGlow>Matérialiser<UIGlow>01</UIGlow><UIForeground>01</UIForeground> dans le sous-menu. Le taux de symbiose retombera à 1% une fois la matérialisation effectuée.","",""
962,1,0,151023,0,"Pour sertir une matéria, il faut soit avoir appris la technique requise en tant qu'artisan, ou s'adresser à un <UIForeground>F201FA</UIForeground><UIGlow>F201FB</UIGlow>spécialiste ès matérias<UIGlow>01</UIGlow><UIForeground>01</UIForeground> présent dans les cités.
Pour effectuer un dessertissage, il suffit de choisir <UIForeground>F201FA</UIForeground><UIGlow>F201FB</UIGlow>Dessertir<UIGlow>01</UIGlow><UIForeground>01</UIForeground> à partir du sous-menu.","",""
963,0,0,0,0,"","",""
964,0,0,0,0,"","",""
965,0,0,0,0,"","",""
966,0,0,0,0,"","",""
967,0,0,0,0,"","",""
968,0,0,0,0,"","",""
969,0,0,0,0,"","",""
970,1,0,151031,0,"Vous pouvez désormais sertir des matérias<Indent/>!

Le nombre d'<UIForeground>F201FA</UIForeground><UIGlow>F201FB</UIGlow>emplacements disponibles<UIGlow>01</UIGlow><UIForeground>01</UIForeground> sur une pièce d'équipement s'affiche dans son texte d'aide.","",""
971,1,0,151032,0,"Pour sertir une matéria, sélectionnez l'option <UIForeground>F201FA</UIForeground><UIGlow>F201FB</UIGlow>Sertir<UIGlow>01</UIGlow><UIForeground>01</UIForeground> à partir du sous-menu d'une pièce d'équipement.

Pour effectuer un dessertissage, il suffit de choisir <UIForeground>F201FA</UIForeground><UIGlow>F201FB</UIGlow>Dessertir<UIGlow>01</UIGlow><UIForeground>01</UIForeground> à partir du sous-menu.","",""
972,0,0,0,0,"","",""
973,0,0,0,0,"","",""
974,0,0,0,0,"","",""
975,0,0,0,0,"","",""
976,0,0,0,0,"","",""
977,0,0,0,0,"","",""
978,0,0,0,0,"","",""
979,0,0,0,0,"","",""
980,1,0,151041,0,"Le sertissage avancé vous permet d'incruster des matérias sur les équipements dont <UIForeground>F201FA</UIForeground><UIGlow>F201FB</UIGlow>tous les emplacements sont déjà occupés<UIGlow>01</UIGlow><UIForeground>01</UIForeground>.","",""
981,1,0,151042,0,"Si les avantages d'une telle technique sont évidents, il faut savoir que le succès n'est pas garanti. Les con<SoftHyphen/>sé<SoftHyphen/>quen<SoftHyphen/>ces en cas d'échec peuvent s'avérer désastreuses, entraînant la <UIForeground>F201FA</UIForeground><UIGlow>F201FB</UIGlow>perte de la matéria<UIGlow>01</UIGlow><UIForeground>01</UIForeground><Indent/>!","",""
982,0,0,0,0,"","",""
983,0,0,0,0,"","",""
984,0,0,0,0,"","",""
985,0,0,0,0,"","",""
986,0,0,0,0,"","",""
987,0,0,0,0,"","",""
988,0,0,0,0,"","",""
989,0,0,0,0,"","",""
990,1,0,151321,0,"Sertir une matéria sur une pièce d'équipement permet d'améliorer ses ca<SoftHyphen/>rac<SoftHyphen/>té<SoftHyphen/>ris<SoftHyphen/>ti<SoftHyphen/>ques et ses propriétés. Cela requiert néanmoins d'avoir été initié à cette opération et d'avoir un niveau supérieur ou égal à <UIForeground>F201FA</UIForeground><UIGlow>F201FB</UIGlow>celui du sertissage<UIGlow>01</UIGlow><UIForeground>01</UIForeground> dans une classe d'artisanat.","",""
991,1,0,151322,0,"Si vous n'avez pas les compétences nécessaires pour effectuer un sertissage, vous pouvez vous adresser à un PNJ <UIForeground>F201FA</UIForeground><UIGlow>F201FB</UIGlow>spécialiste ès matérias<UIGlow>01</UIGlow><UIForeground>01</UIForeground> dans une des cités. Notez également que des équipements déjà sertis sont parfois en vente aux marchés.","",""
992,1,0,151323,0,"L'autre solution consiste à demander à un aventurier d'effectuer un sertissage pour vous. Pour ce faire, ciblez un disciple de la main et sélectionnez l'option <UIForeground>F201FA</UIForeground><UIGlow>F201FB</UIGlow>Demande de sertissage<UIGlow>01</UIGlow><UIForeground>01</UIForeground> dans le sous-menu.
Attention<Indent/>: si vous faites une demande de sertissage avancé et que l'opération échoue, votre matéria sera <UIForeground>F201FA</UIForeground><UIGlow>F201FB</UIGlow>définitivement perdue<UIGlow>01</UIGlow><UIForeground>01</UIForeground><Indent/>!","",""
993,0,0,0,0,"","",""
994,0,0,0,0,"","",""
995,0,0,0,0,"","",""
996,0,0,0,0,"","",""
997,0,0,0,0,"","",""
998,0,0,0,0,"","",""
999,0,0,0,0,"","",""
1000,1,0,151221,0,"Certains points de récolte rares sont dits <UIForeground>F201FA</UIForeground><UIGlow>F201FB</UIGlow>intacts<UIGlow>01</UIGlow><UIForeground>01</UIForeground>.
Ils ont la particularité de n'apparaître que durant certaines plages horaires.","",""
1001,1,0,151222,0,"Ni Géologie ni Dendrologie ne permettent de repérer les points de récolte intacts. Seules <UIForeground>F201FA</UIForeground><UIGlow>F201FB</UIGlow>Science des minéraux<UIGlow>01</UIGlow><UIForeground>01</UIForeground> et <UIForeground>F201FA</UIForeground><UIGlow>F201FB</UIGlow>Science des végétaux<UIGlow>01</UIGlow><UIForeground>01</UIForeground> peuvent les révéler, et ce seulement durant leur horaire d'apparition.","",""
1002,1,0,151223,0,"Lorsque vous obtenez des objets dans des points de récolte intacts, leur horaire d'apparition devient visible dans votre carnet de récolte.
<UIForeground>F201F4</UIForeground><UIGlow>F201F5</UIGlow>Ces points dis<SoftHyphen/>pa<SoftHyphen/>rais<SoftHyphen/>sent si vous abandonnez votre récolte.<UIGlow>01</UIGlow><UIForeground>01</UIForeground>","",""
1003,0,0,0,0,"","",""
1004,0,0,0,0,"","",""
1005,0,0,0,0,"","",""
1006,0,0,0,0,"","",""
1007,0,0,0,0,"","",""
1008,0,0,0,0,"","",""
1009,0,0,0,0,"","",""
1010,0,0,0,0,"","",""
1011,0,0,0,0,"","",""
1012,0,0,0,0,"","",""
1013,0,0,0,0,"","",""
1014,0,0,0,0,"","",""
1015,0,0,0,0,"","",""
1016,0,0,0,0,"","",""
1017,0,0,0,0,"","",""
1018,0,0,0,0,"","",""
1019,0,0,0,0,"","",""
1020,1,0,151071,0,"Les mineurs utilisent leurs outils et leurs compétences pour extraire des matériaux des <UIForeground>F201FA</UIForeground><UIGlow>F201FB</UIGlow>filons de minerai<UIGlow>01</UIGlow><UIForeground>01</UIForeground> et des <UIForeground>F201FA</UIForeground><UIGlow>F201FB</UIGlow>carrières de pierre<UIGlow>01</UIGlow><UIForeground>01</UIForeground>.","",""
1021,1,0,151072,0,"Ces zones d'extraction ne sont repérables que lorsque vous utilisez l'action <UIForeground>F201FA</UIForeground><UIGlow>F201FB</UIGlow>Prospecteur<UIGlow>01</UIGlow><UIForeground>01</UIForeground>. Tant que vous bénéficiez des ses effets, les filons s'affichent sur la <UIForeground>F201FA</UIForeground><UIGlow>F201FB</UIGlow>boussole<UIGlow>01</UIGlow><UIForeground>01</UIForeground>.","",""
1022,1,0,151073,0,"Pour extraire des matériaux, il suffit de s'approcher d'un filon et de le cibler.","",""
1023,0,0,0,0,"","",""
1024,0,0,0,0,"","",""
1025,0,0,0,0,"","",""
1026,0,0,0,0,"","",""
1027,0,0,0,0,"","",""
1028,0,0,0,0,"","",""
1029,0,0,0,0,"","",""
1030,1,0,151081,0,"En plus du minerai, les mineurs peuvent utiliser leurs outils secondaires pour <UIForeground>F201FA</UIForeground><UIGlow>F201FB</UIGlow>extraire des pierres<UIGlow>01</UIGlow><UIForeground>01</UIForeground>.

Tout comme pour les filons, ces zones ne sont discernables que lorsque vous bénéficiez des effets de l'action <UIForeground>F201FA</UIForeground><UIGlow>F201FB</UIGlow>Prospecteur<UIGlow>01</UIGlow><UIForeground>01</UIForeground>.","",""
1031,1,0,151082,0,"Pour extraire des pierres, les mineurs doivent <UIForeground>F201FA</UIForeground><UIGlow>F201FB</UIGlow>s'équiper d'un maillet<UIGlow>01</UIGlow><UIForeground>01</UIForeground> en plus de leur pioche.

Vous pourrez vous procurer cet outil secondaire auprès des marchands éorzéens ou en ac<SoftHyphen/>com<SoftHyphen/>plis<SoftHyphen/>sant des quêtes.","",""
1032,0,0,0,0,"","",""
1033,0,0,0,0,"","",""
1034,0,0,0,0,"","",""
1035,0,0,0,0,"","",""
1036,0,0,0,0,"","",""
1037,0,0,0,0,"","",""
1038,0,0,0,0,"","",""
1039,0,0,0,0,"","",""
1040,1,0,151241,0,"Pour vous adonner aux plaisirs de la pêche, vous devez d'abord vous initier à cette discipline à la <UIForeground>F201FA</UIForeground><UIGlow>F201FB</UIGlow>guilde des pêcheurs<UIGlow>01</UIGlow><UIForeground>01</UIForeground> de Limsa Lominsa.","",""
1041,1,0,151242,0,"Une fois équipé(e) d'une canne à pêche, vous devez trouver un endroit où jeter votre ligne.

Approchez-vous d'une rivière ou du bord de mer, choisissez un appât et utilisez l'action <UIForeground>F201FA</UIForeground><UIGlow>F201FB</UIGlow>Pêche<UIGlow>01</UIGlow><UIForeground>01</UIForeground> pour commencer à titiller le poisson.","",""
1042,1,0,151243,0,"Il est très important de choisir un appât <UIForeground>F201FA</UIForeground><UIGlow>F201FB</UIGlow>adapté à l'endroit<UIGlow>01</UIGlow><UIForeground>01</UIForeground> où vous pêchez. En effet, les poissons d'eau douce et les poissons de mer ne sont pas attirés par les mêmes choses. Il est donc vivement conseillé de se procurer différents types d'appâts dans une <UIForeground>F201FA</UIForeground><UIGlow>F201FB</UIGlow>quincaillerie<UIGlow>01</UIGlow><UIForeground>01</UIForeground> avant de partir pêcher.","",""
1043,0,0,0,0,"","",""
1044,0,0,0,0,"","",""
1045,0,0,0,0,"","",""
1046,0,0,0,0,"","",""
1047,0,0,0,0,"","",""
1048,0,0,0,0,"","",""
1049,0,0,0,0,"","",""
1050,1,0,151251,0,"Le carnet de pêche contient diverses in<SoftHyphen/>for<SoftHyphen/>ma<SoftHyphen/>tions relatives aux points de pêche que vous avez découverts ainsi qu'une nomenclature recensant tous les poissons que vous avez attrapés.
Pour y accéder, sélectionnez l'option “Carnet de pêche” disponible à partir de la rubrique <UIForeground>F201FA</UIForeground><UIGlow>F201FB</UIGlow>Carnets<UIGlow>01</UIGlow><UIForeground>01</UIForeground> du menu principal.","",""
1051,0,0,0,0,"","",""
1052,0,0,0,0,"","",""
1053,0,0,0,0,"","",""
1054,0,0,0,0,"","",""
1055,0,0,0,0,"","",""
1056,0,0,0,0,"","",""
1057,0,0,0,0,"","",""
1058,0,0,0,0,"","",""
1059,0,0,0,0,"","",""
1060,1,0,151261,0,"En plus des appâts traditionnels, vous pouvez utiliser des objets inanimés s'apparentant à des poissons ou des insectes appelés “<UIForeground>F201FA</UIForeground><UIGlow>F201FB</UIGlow>leurres<UIGlow>01</UIGlow><UIForeground>01</UIForeground>”. Compte tenu de leur aspect, les poissons ont tendance à être plus méfiants à l'égard de ces derniers, et il faut parfois attendre un certain temps pour qu'ils s'y intéressent.","",""
1061,1,0,151262,0,"Il existe de nombreuses variétés de leurres. Leur utilisation est par<SoftHyphen/>ti<SoftHyphen/>cu<SoftHyphen/>liè<SoftHyphen/>rement recommandée lorsque vous cherchez à attraper <UIForeground>F201FA</UIForeground><UIGlow>F201FB</UIGlow>un type de poisson précis<UIGlow>01</UIGlow><UIForeground>01</UIForeground>.","",""
1062,0,0,0,0,"","",""
1063,0,0,0,0,"","",""
1064,0,0,0,0,"","",""
1065,0,0,0,0,"","",""
1066,0,0,0,0,"","",""
1067,0,0,0,0,"","",""
1068,0,0,0,0,"","",""
1069,0,0,0,0,"","",""
1070,1,0,151271,0,"La pêche au vif est une technique de pêche qui consiste à utiliser un poisson vivant comme appât pour attraper de <UIForeground>F201FA</UIForeground><UIGlow>F201FB</UIGlow>plus gros<UIGlow>01</UIGlow><UIForeground>01</UIForeground> piscivores et autres carnassiers. Pour utiliser cette action, vous devez d'abord attraper un poisson énorme et adapté à la pêche au vif. Lorsque c'est le cas, un message s'affiche dans le log pour vous avertir.","",""
1071,1,0,151272,0,"Augmentez votre <UIForeground>F201FA</UIForeground><UIGlow>F201FB</UIGlow>Savoir-faire<UIGlow>01</UIGlow><UIForeground>01</UIForeground> à l'aide d'équipements ou d'effets bénéfiques pour tomber plus souvent sur des prises énormes, et utilisez ensuite la technique de pêche au vif pour attraper les poissons les plus rares d'Éorzéa<Indent/>!","",""
1072,0,0,0,0,"","",""
1073,0,0,0,0,"","",""
1074,0,0,0,0,"","",""
1075,0,0,0,0,"","",""
1076,0,0,0,0,"","",""
1077,0,0,0,0,"","",""
1078,0,0,0,0,"","",""
1079,0,0,0,0,"","",""
1080,1,0,151281,0,"En plus des points d'eau traditionnels, il est possible de pêcher dans des endroits plus insolites, comme des mers de nuage ou des bancs de sable.

Seuls les pêcheurs confirmés qui ont acquis des <UIForeground>F201FA</UIForeground><UIGlow>F201FB</UIGlow>traits particuliers<UIGlow>01</UIGlow><UIForeground>01</UIForeground> peuvent y jeter leur ligne.","",""
1081,1,0,151282,0,"Bien entendu, les appâts et leurres normaux n'ont <UIForeground>F201FA</UIForeground><UIGlow>F201FB</UIGlow>aucun effet<UIGlow>01</UIGlow><UIForeground>01</UIForeground> sur les créatures qui nagent dans ces eaux.

Vous devrez vous équiper d'amorces spéciales pour attraper poissons volants et autres curiosités de la nature.","",""
1082,0,0,0,0,"","",""
1083,0,0,0,0,"","",""
1084,0,0,0,0,"","",""
1085,0,0,0,0,"","",""
1086,0,0,0,0,"","",""
1087,0,0,0,0,"","",""
1088,0,0,0,0,"","",""
1089,0,0,0,0,"","",""
1090,1,0,151291,0,"Plus votre <UIForeground>F201FA</UIForeground><UIGlow>F201FB</UIGlow>Savoir-faire<UIGlow>01</UIGlow><UIForeground>01</UIForeground> est élevé, plus il devient facile de faire de grosses prises.
Les poissons qui dépassent une certaine taille sont considérés comme énormes.

Équipez-vous d'objets qui augmentent cet attribut et pêchez les plus beaux poissons d'Éorzéa<Indent/>!","",""
1091,0,0,0,0,"","",""
1092,0,0,0,0,"","",""
1093,0,0,0,0,"","",""
1094,0,0,0,0,"","",""
1095,0,0,0,0,"","",""
1096,0,0,0,0,"","",""
1097,0,0,0,0,"","",""
1098,0,0,0,0,"","",""
1099,0,0,0,0,"","",""
1100,1,0,151301,0,"En plus des points de pêche traditionnels, il en existe certains par<SoftHyphen/>ti<SoftHyphen/>cu<SoftHyphen/>liè<SoftHyphen/>rement riches en ressources appelés <UIForeground>F201FA</UIForeground><UIGlow>F201FB</UIGlow>banc de poissons<UIGlow>01</UIGlow><UIForeground>01</UIForeground>.

Seuls les pêcheurs ex<SoftHyphen/>pé<SoftHyphen/>ri<SoftHyphen/>men<SoftHyphen/>tés qui disposent du trait <UIForeground>F201FA</UIForeground><UIGlow>F201FB</UIGlow>Œil du goéland<UIGlow>01</UIGlow><UIForeground>01</UIForeground> peuvent repérer et jeter leur ligne dans ces étendues d'eau.","",""
1101,0,0,0,0,"","",""
1102,0,0,0,0,"","",""
1103,0,0,0,0,"","",""
1104,0,0,0,0,"","",""
1105,0,0,0,0,"","",""
1106,0,0,0,0,"","",""
1107,0,0,0,0,"","",""
1108,0,0,0,0,"","",""
1109,0,0,0,0,"","",""
1110,1,0,151091,0,"Un coffre au trésor est apparu<Indent/>! Dépêchez-vous de l'ouvrir avant qu'un autre aventurier ne le fasse à votre place<Indent/>!

N.B.<Indent/>: ce phénomène ne se produit qu'au cours des mandats de guilde.","",""
1111,0,0,0,0,"","",""
1112,0,0,0,0,"","",""
1113,0,0,0,0,"","",""
1114,0,0,0,0,"","",""
1115,0,0,0,0,"","",""
1116,0,0,0,0,"","",""
1117,0,0,0,0,"","",""
1118,0,0,0,0,"","",""
1119,0,0,0,0,"","",""
1120,1,0,151101,0,"Vous avez découvert un monstre dont <UIForeground>F201FA</UIForeground><UIGlow>F201FB</UIGlow>la tête a été mise à prix<UIGlow>01</UIGlow><UIForeground>01</UIForeground>. Même si son élimination ne fait pas partie des objectifs du mandat, elle vous permettra de remporter une prime en cas de réussite.

Prenez garde, cependant, car ces ennemis sont généralement coriaces.","",""
1121,0,0,0,0,"","",""
1122,0,0,0,0,"","",""
1123,0,0,0,0,"","",""
1124,0,0,0,0,"","",""
1125,0,0,0,0,"","",""
1126,0,0,0,0,"","",""
1127,0,0,0,0,"","",""
1128,0,0,0,0,"","",""
1129,0,0,0,0,"","",""
1130,1,0,151111,0,"Les <UIForeground>F201FA</UIForeground><UIGlow>F201FB</UIGlow>mandats de grandes compagnies<UIGlow>01</UIGlow><UIForeground>01</UIForeground> sont des missions spéciales réservées uniquement aux membres d'une des trois grandes compagnies éorzéennes.

En ac<SoftHyphen/>com<SoftHyphen/>plis<SoftHyphen/>sant ces mandats, vous recevrez des objets, des points d'expérience, mais aussi des sceaux de compagnie.","",""
1131,0,0,0,0,"","",""
1132,0,0,0,0,"","",""
1133,0,0,0,0,"","",""
1134,0,0,0,0,"","",""
1135,0,0,0,0,"","",""
1136,0,0,0,0,"","",""
1137,0,0,0,0,"","",""
1138,0,0,0,0,"","",""
1139,0,0,0,0,"","",""
1140,0,0,0,0,"","",""
1141,0,0,0,0,"","",""
1142,0,0,0,0,"","",""
1143,0,0,0,0,"","",""
1144,0,0,0,0,"","",""
1145,0,0,0,0,"","",""
1146,0,0,0,0,"","",""
1147,0,0,0,0,"","",""
1148,0,0,0,0,"","",""
1149,0,0,0,0,"","",""
1150,1,0,151491,0,"Fé<SoftHyphen/>li<SoftHyphen/>ci<SoftHyphen/>ta<SoftHyphen/>tions, vous avez accompli un <UIForeground>F201FA</UIForeground><UIGlow>F201FB</UIGlow>haut fait<UIGlow>01</UIGlow><UIForeground>01</UIForeground><Indent/>!

Les hauts faits sont des <UIForeground>F201FA</UIForeground><UIGlow>F201FB</UIGlow>preuves des actes notables<UIGlow>01</UIGlow><UIForeground>01</UIForeground> que vous avez réalisés en jeu.","",""
1151,1,0,151492,0,"Ces derniers se débloquent quand vous gagnez des niveaux, explorez de nouvelles zones, finissez des donjons, etc. Notez qu'en plus de marquer vos exploits en Éorzéa, les hauts faits vous permettent aussi parfois d'obtenir des <UIForeground>F201FA</UIForeground><UIGlow>F201FB</UIGlow>équipements<UIGlow>01</UIGlow><UIForeground>01</UIForeground> et des <UIForeground>F201FA</UIForeground><UIGlow>F201FB</UIGlow>titres<UIGlow>01</UIGlow><UIForeground>01</UIForeground> en récompense.","",""
1152,1,0,151493,0,"Vous pouvez consulter les conditions requises pour débloquer des hauts faits spécifiques, ainsi que recevoir vos récompenses à partir du menu <UIForeground>F201FA</UIForeground><UIGlow>F201FB</UIGlow>Hauts faits<UIGlow>01</UIGlow><UIForeground>01</UIForeground>, dans le menu principal.","",""
1153,1,0,151494,0,"Vous pouvez consulter les conditions requises pour débloquer des hauts faits spécifiques, ainsi que recevoir vos récompenses à partir du menu <UIForeground>F201FA</UIForeground><UIGlow>F201FB</UIGlow>Hauts faits<UIGlow>01</UIGlow><UIForeground>01</UIForeground>, dans le menu principal.","",""
1154,0,0,0,0,"","",""
1155,0,0,0,0,"","",""
1156,0,0,0,0,"","",""
1157,0,0,0,0,"","",""
1158,0,0,0,0,"","",""
1159,0,0,0,0,"","",""
1160,1,0,151341,0,"Les <UIForeground>F201FA</UIForeground><UIGlow>F201FB</UIGlow>re<SoftHyphen/>com<SoftHyphen/>man<SoftHyphen/>da<SoftHyphen/>tions<UIGlow>01</UIGlow><UIForeground>01</UIForeground> sont des in<SoftHyphen/>for<SoftHyphen/>ma<SoftHyphen/>tions qui vous permettent de connaître les quêtes et les opérations de guilde qui sont accessibles dans la zone où vous vous trouvez ac<SoftHyphen/>tu<SoftHyphen/>el<SoftHyphen/>le<SoftHyphen/>ment.

Pour afficher l'emplacement précis d'une mission, sélectionnez simplement son titre dans la liste.","",""
1161,1,0,151342,0,"Cette fonctionnalité est par<SoftHyphen/>ti<SoftHyphen/>cu<SoftHyphen/>liè<SoftHyphen/>rement utile quand vous avez du mal à trouver de nouvelles missions adaptées à votre classe ou votre niveau. Notez qu'il est également possible de désactiver les re<SoftHyphen/>com<SoftHyphen/>man<SoftHyphen/>da<SoftHyphen/>tions à partir du menu <UIForeground>F201FA</UIForeground><UIGlow>F201FB</UIGlow>Configuration personnage<UIGlow>01</UIGlow><UIForeground>01</UIForeground>, dans l'onglet <UIForeground>F201FA</UIForeground><UIGlow>F201FB</UIGlow>Général<UIGlow>01</UIGlow><UIForeground>01</UIForeground> de la rubrique <UIForeground>F201FA</UIForeground><UIGlow>F201FB</UIGlow>Interface et fenêtres<UIGlow>01</UIGlow><UIForeground>01</UIForeground>.","",""
1162,0,0,0,0,"","",""
1163,0,0,0,0,"","",""
1164,0,0,0,0,"","",""
1165,0,0,0,0,"","",""
1166,0,0,0,0,"","",""
1167,0,0,0,0,"","",""
1168,0,0,0,0,"","",""
1169,0,0,0,0,"","",""
1170,0,0,0,0,"","",""
1171,0,0,0,0,"","",""
1172,0,0,0,0,"","",""
1173,0,0,0,0,"","",""
1174,0,0,0,0,"","",""
1175,0,0,0,0,"","",""
1176,0,0,0,0,"","",""
1177,0,0,0,0,"","",""
1178,0,0,0,0,"","",""
1179,0,0,0,0,"","",""
1180,0,0,0,0,"","",""
1181,0,0,0,0,"","",""
1182,0,0,0,0,"","",""
1183,0,0,0,0,"","",""
1184,0,0,0,0,"","",""
1185,0,0,0,0,"","",""
1186,0,0,0,0,"","",""
1187,0,0,0,0,"","",""
1188,0,0,0,0,"","",""
1189,0,0,0,0,"","",""
1190,1,0,151201,0,"L'outil de mission vous permet de trouver et d'ajouter des équipiers en cas de besoin.
Lorsqu'un joueur rejoint votre équipe, prenez quelques secondes pour le saluer et lui expliquer la stratégie à adopter. Une fois que tout est clair, vous pouvez poursuivre votre mission normalement.","",""
1191,0,0,0,0,"","",""
1192,0,0,0,0,"","",""
1193,0,0,0,0,"","",""
1194,0,0,0,0,"","",""
1195,0,0,0,0,"","",""
1196,0,0,0,0,"","",""
1197,0,0,0,0,"","",""
1198,0,0,0,0,"","",""
1199,0,0,0,0,"","",""
1200,1,0,151391,0,"Le joueur qui attaque <UIForeground>F201FA</UIForeground><UIGlow>F201FB</UIGlow>en premier<UIGlow>01</UIGlow><UIForeground>01</UIForeground> un ennemi obtient toujours <UIForeground>F201FA</UIForeground><UIGlow>F201FB</UIGlow>100 %<UIGlow>01</UIGlow><UIForeground>01</UIForeground> des points d'expérience ainsi que l'exclusivité de la récompense à la fin du combat. Les joueurs qui attaquent un ennemi déjà engagé recoivent eux aussi une récompense, celle-ci est toutefois <UIForeground>F201FA</UIForeground><UIGlow>F201FB</UIGlow>ajustée<UIGlow>01</UIGlow><UIForeground>01</UIForeground> en fonction de leur degré de par<SoftHyphen/>ti<SoftHyphen/>ci<SoftHyphen/>pa<SoftHyphen/>tion.","",""
1201,0,0,0,0,"","",""
1202,0,0,0,0,"","",""
1203,0,0,0,0,"","",""
1204,0,0,0,0,"","",""
1205,0,0,0,0,"","",""
1206,0,0,0,0,"","",""
1207,0,0,0,0,"","",""
1208,0,0,0,0,"","",""
1209,0,0,0,0,"","",""
1210,1,0,151401,0,"Le système de combos permet à certaines classes et jobs d'obtenir des <UIForeground>F201FA</UIForeground><UIGlow>F201FB</UIGlow>bonus aux effets des techniques d'arme<UIGlow>01</UIGlow><UIForeground>01</UIForeground> lorsqu'elles sont enchaînées avec succès.
N.B.<Indent/>: la classe de pugiliste n'est pas concernée par cette explication. Veuillez consulter le tutoriel <UIForeground>F201F4</UIForeground><UIGlow>F201F5</UIGlow>Système de combat du pugiliste<UIGlow>01</UIGlow><UIForeground>01</UIForeground> pour plus de détails à ce sujet.","",""
1211,1,0,151402,0,"<UIForeground>F201FA</UIForeground><UIGlow>F201FB</UIGlow>L'aide des actions<UIGlow>01</UIGlow><UIForeground>01</UIForeground> vous permet de connaître les différents effets d'un combo ainsi que la technique d'arme à exécuter pour le déclencher. Dans cet exemple, le maître d'hast doit d'abord lancer <UIForeground>F201FA</UIForeground><UIGlow>F201FB</UIGlow>Percée véritable<UIGlow>01</UIGlow><UIForeground>01</UIForeground>, puis enchaîner avec <UIForeground>F201FA</UIForeground><UIGlow>F201FB</UIGlow>Percée vorpale<UIGlow>01</UIGlow><UIForeground>01</UIForeground> pour réussir le combo qui <UIForeground>F201FA</UIForeground><UIGlow>F201FB</UIGlow>doublera<UIGlow>01</UIGlow><UIForeground>01</UIForeground> la puissance initiale de l'action.","",""
1212,1,0,151403,0,"Certaines techniques d'arme voient leur puissance augmenter lorsqu'elles sont exécutées avec succès dans une certaine <UIForeground>F201FA</UIForeground><UIGlow>F201FB</UIGlow>direction<UIGlow>01</UIGlow><UIForeground>01</UIForeground> par rapport à l'ennemi. Bien se positionner est donc d'une importance capitale pour maximiser ses dégâts.","",""
1213,1,0,151404,0,"Quand les conditions d'un combo sont remplies, un <UIForeground>F201FA</UIForeground><UIGlow>F201FB</UIGlow>liseré jaune<UIGlow>01</UIGlow><UIForeground>01</UIForeground> s'affiche autour des icones d'actions qui peuvent être utilisées. Il ne vous reste plus qu'à exécuter la technique d'arme <UIForeground>F201FA</UIForeground><UIGlow>F201FB</UIGlow>dans le délai imparti<UIGlow>01</UIGlow><UIForeground>01</UIForeground> pour réaliser le combo.","",""
1214,0,0,0,0,"","",""
1215,0,0,0,0,"","",""
1216,0,0,0,0,"","",""
1217,0,0,0,0,"","",""
1218,0,0,0,0,"","",""
1219,0,0,0,0,"","",""
1220,1,0,151411,0,"Occultiste est une classe de magie dont le système de combat repose sur deux éléments opposés<Indent/>: le <UIForeground>F201FA</UIForeground><UIGlow>F201FB</UIGlow>feu<UIGlow>01</UIGlow><UIForeground>01</UIForeground> et la <UIForeground>F201FA</UIForeground><UIGlow>F201FB</UIGlow>glace<UIGlow>01</UIGlow><UIForeground>01</UIForeground>.
Chaque fois qu'un sort de feu ou de glace est lancé, l'<UIForeground>F201FA</UIForeground><UIGlow>F201FB</UIGlow>équilibre éthéré<UIGlow>01</UIGlow><UIForeground>01</UIForeground> s'incline du côté “<UIForeground>F201FA</UIForeground><UIGlow>F201FB</UIGlow>astral<UIGlow>01</UIGlow><UIForeground>01</UIForeground>” ou “<UIForeground>F201FA</UIForeground><UIGlow>F201FB</UIGlow>ombral<UIGlow>01</UIGlow><UIForeground>01</UIForeground>”, influant ainsi sur la puissance et la consommation de PM.","",""
1221,1,0,151412,0,"Lorsque vous lancez un sort de feu, votre équilibre éthéré s'incline vers l'<UIForeground>F201FA</UIForeground><UIGlow>F201FB</UIGlow>astral<UIGlow>01</UIGlow><UIForeground>01</UIForeground>. Les sorts de feu deviennent plus puissants, mais ils consomment davantage de PM. Les sorts de glace, quant à eux, sont moins puissants, mais ils requièrent moins de PM. En outre, aucun effet de restauration de PM ne peut être reçu sous cet effet.","",""
1222,1,0,151413,0,"Lorsque vous lancez un sort de glace, l'équilibre éthéré de votre esprit s'incline vers l'<UIForeground>F201FA</UIForeground><UIGlow>F201FB</UIGlow>ombral<UIGlow>01</UIGlow><UIForeground>01</UIForeground>. Ainsi, les sorts de glace consomment moins de PM et en restaurent à chaque fois qu'ils touchent. Il est à noter toutefois que les sorts de feu subissent alors un malus de puissance.","",""
1223,1,0,151414,0,"En acquérant de nouveaux <UIForeground>F201FA</UIForeground><UIGlow>F201FB</UIGlow>traits<UIGlow>01</UIGlow><UIForeground>01</UIForeground>, vous pourrez faire monter le niveau de <UIForeground>F201FA</UIForeground><UIGlow>F201FB</UIGlow>Feu astral<UIGlow>01</UIGlow><UIForeground>01</UIForeground> et <UIForeground>F201FA</UIForeground><UIGlow>F201FB</UIGlow>Glace ombrale<UIGlow>01</UIGlow><UIForeground>01</UIForeground>, et ainsi accroître leurs effets.

Apprenez à transposer les équilibres éthérés pour combattre avec plus d'efficacité<Indent/>!","",""
1224,0,0,0,0,"","",""
1225,0,0,0,0,"","",""
1226,0,0,0,0,"","",""
1227,0,0,0,0,"","",""
1228,0,0,0,0,"","",""
1229,0,0,0,0,"","",""
1230,1,0,151421,0,"Pugiliste est une classe de combat au corps à corps dont le système repose sur des <UIForeground>F201FA</UIForeground><UIGlow>F201FB</UIGlow>postures<UIGlow>01</UIGlow><UIForeground>01</UIForeground>. Passer d'une posture à une autre permet d'enchaîner les attaques.","",""
1231,1,0,151422,0,"Il y a deux types de techniques d'arme<Indent/>: celles qui vous font changer de posture quand vous les utilisez, et celles qui exigent que vous soyez dans une posture par<SoftHyphen/>ti<SoftHyphen/>cu<SoftHyphen/>liè<SoftHyphen/>re pour être utilisées. Celles-ci sont réparties en trois groupes<Indent/>:
  <UIForeground>F201FA</UIForeground><UIGlow>F201FB</UIGlow>Posture de l'opo-opo.
  Posture du raptor.
  Posture du coeurl.<UIGlow>01</UIGlow><UIForeground>01</UIForeground>","",""
1232,1,0,151423,0,"En enchaînant dans l'ordre les techniques d'arme Posture de l'opo-opo ⇒ Posture du raptor ⇒ Posture du coeurl, vous bénéficiez d'une puissance accrue et d'effets additionnels divers.","",""
1233,1,0,151424,0,"Un pugiliste accompli sait quelle technique utiliser en chaque circonstance.

Apprenez à enchaîner les techniques d'arme et assénez des coups à vos adversaires sans discontinuer<Indent/>!","",""
1234,0,0,0,0,"","",""
1235,0,0,0,0,"","",""
1236,0,0,0,0,"","",""
1237,0,0,0,0,"","",""
1238,0,0,0,0,"","",""
1239,0,0,0,0,"","",""
1240,1,0,151431,0,"Vous pouvez désormais invoquer un <UIForeground>F201FA</UIForeground><UIGlow>F201FB</UIGlow>familier<UIGlow>01</UIGlow><UIForeground>01</UIForeground><Indent/>!

En utilisant l'action <UIForeground>F201FA</UIForeground><UIGlow>F201FB</UIGlow>Invocation<UIGlow>01</UIGlow><UIForeground>01</UIForeground>, vous pourrez faire apparaître Carbuncle et lui ordonner de combattre à vos côtés.","",""
1241,1,0,151432,0,"Lorsque vous invoquez votre familier, une barre de raccourcis spéciale s'affiche à l'écran. Utilisez les actions de cette dernière pour le contrôler à votre guise.","",""
1242,1,0,151433,0,"Si vous lui demandez de <UIForeground>F201FA</UIForeground><UIGlow>F201FB</UIGlow>Défendre<UIGlow>01</UIGlow><UIForeground>01</UIForeground>, il attaquera au<SoftHyphen/>to<SoftHyphen/>ma<SoftHyphen/>ti<SoftHyphen/>que<SoftHyphen/>ment lorsque vous attaquez ou lorsque vous êtes attaqué(e).
Si vous choisissez <UIForeground>F201FA</UIForeground><UIGlow>F201FB</UIGlow>Passif<UIGlow>01</UIGlow><UIForeground>01</UIForeground>, le familier n'attaquera que lorsque vous lui en donnerez l'ordre.
L'action <UIForeground>F201FA</UIForeground><UIGlow>F201FB</UIGlow>Renvoyer<UIGlow>01</UIGlow><UIForeground>01</UIForeground> vous permettra, quant à elle, de le faire disparaître.","",""
1243,0,0,0,0,"","",""
1244,1,0,151435,0,"Bien entendu, vous pouvez aussi ajouter les actions de votre familier dans une de vos barres de raccourcis. Pour ce faire, ouvrez la fenêtre <UIForeground>F201FA</UIForeground><UIGlow>F201FB</UIGlow>Actions et traits<UIGlow>01</UIGlow><UIForeground>01</UIForeground>, sélectionnez la catégorie <UIForeground>F201FA</UIForeground><UIGlow>F201FB</UIGlow>Ordres<UIGlow>01</UIGlow><UIForeground>01</UIForeground> et l'icone de sous-catégorie <UIForeground>F201FA</UIForeground><UIGlow>F201FB</UIGlow>Familiers<UIGlow>01</UIGlow><UIForeground>01</UIForeground>.","",""
1245,1,0,151436,0,"Lorsque vous invoquez votre familier, vous pouvez faire apparaître une croix de raccourcis spéciale en pressant la touche <CommandIcon(13)/>. Utilisez les actions de cette dernière pour le contrôler à votre guise.","",""
1246,0,0,0,0,"","",""
1247,0,0,0,0,"","",""
1248,0,0,0,0,"","",""
1249,0,0,0,0,"","",""
1250,1,0,151211,0,"<UIForeground>F201FA</UIForeground><UIGlow>F201FB</UIGlow>Crystalline Conflict<UIGlow>01</UIGlow><UIForeground>01</UIForeground> est un scénario d'en<SoftHyphen/>traî<SoftHyphen/>ne<SoftHyphen/>ment compétitif introduit par l'Alliance éorzéenne dans le but de promouvoir une saine émulation entre ses combattants.

Allez vite parler à <UIForeground>F201FA</UIForeground><UIGlow>F201FB</UIGlow>Gungi Zelungi<UIGlow>01</UIGlow><UIForeground>01</UIForeground>, sur la jetée de l'Antre des loups, pour tout savoir sur le sujet<Indent/>!","",""
1251,0,0,0,0,"","",""
1252,0,0,0,0,"","",""
1253,0,0,0,0,"","",""
1254,0,0,0,0,"","",""
1255,0,0,0,0,"","",""
1256,0,0,0,0,"","",""
1257,0,0,0,0,"","",""
1258,0,0,0,0,"","",""
1259,0,0,0,0,"","",""
1260,1,0,151481,0,"Vos sens affûtés d'aventurier vous permettent de prédire les attaques mortelles de vos ennemis.
Lorsque vous avez une <UIForeground>F201FA</UIForeground><UIGlow>F201FB</UIGlow>prémonition<UIGlow>01</UIGlow><UIForeground>01</UIForeground>, une <UIForeground>F201FA</UIForeground><UIGlow>F201FB</UIGlow>zone rougeâtre<UIGlow>01</UIGlow><UIForeground>01</UIForeground> apparaît sur l'aire de jeu.
Déplacez-vous rapidement hors de celle-ci pour éviter de subir des dégâts.","",""
1261,1,0,151482,0,"Il arrive parfois que les PNJ parlent entre eux ou s'adressent à vous au cours d'un combat. Si vos alliés vous donneront des conseils pour venir à bout des adversaires, les ennemis vous défieront ou transmettront des ordres à leurs acolytes. Soyez attentifs aux paroles et aux actes de chacun.","",""
1262,1,0,151483,0,"Lorsque vous échouez une même bataille à plusieurs reprises, le Cristal-mère vous accorde sa grâce et vous octroie l'effet <UIForeground>F201FA</UIForeground><UIGlow>F201FB</UIGlow>Écho<UIGlow>01</UIGlow><UIForeground>01</UIForeground>. Vous bénéficiez alors d'un nombre de PV supérieur et les dégâts que vous infligez sont augmentés.
<UIForeground>F201FA</UIForeground><UIGlow>F201FB</UIGlow>Conseil<Indent/>:<UIGlow>01</UIGlow><UIForeground>01</UIForeground> abattre les soigneurs en premier vous permettra de prendre l'ascendant sur vos adversaires.","",""
1263,0,0,0,0,"","",""
1264,0,0,0,0,"","",""
1265,0,0,0,0,"","",""
1266,0,0,0,0,"","",""
1267,0,0,0,0,"","",""
1268,0,0,0,0,"","",""
1269,0,0,0,0,"","",""
1270,1,0,151501,0,"Certaines quêtes exigent que vous utilisiez des objets-clefs sur des ennemis particuliers. Pour cela deux méthodes s'offrent à vous.

La première consiste à faire un clic droit sur la <UIForeground>F201FA</UIForeground><UIGlow>F201FB</UIGlow>barre d'information de cibles<UIGlow>01</UIGlow><UIForeground>01</UIForeground> et à choisir l'option <UIForeground>F201FA</UIForeground><UIGlow>F201FB</UIGlow>Utiliser un objet-clef<UIGlow>01</UIGlow><UIForeground>01</UIForeground> dans le sous-menu.","",""
1271,1,0,151502,0,"La seconde, plus simple, consiste à cibler un ennemi puis à cliquer sur l'icone de l'objet dans la <UIForeground>F201FA</UIForeground><UIGlow>F201FB</UIGlow>liste des objectifs<UIGlow>01</UIGlow><UIForeground>01</UIForeground>.","",""
1272,1,0,151504,0,"Certaines quêtes exigent que vous utilisiez des objets-clefs sur des ennemis particuliers. Pour cela deux méthodes s'offrent à vous.

La première consiste à cibler un ennemi puis à presser la touche <CommandIcon(10)/> pour ouvrir le sous-menu. À partir de là, il suffit de choisir l'option <UIForeground>F201FA</UIForeground><UIGlow>F201FB</UIGlow>Utiliser un objet-clef<UIGlow>01</UIGlow><UIForeground>01</UIForeground> pour exécuter l'action.","",""
1273,1,0,151502,0,"La seconde, consiste à cibler un ennemi puis à presser <CommandIcon(19)/> pour accéder à la <UIForeground>F201FA</UIForeground><UIGlow>F201FB</UIGlow>liste des objectifs<UIGlow>01</UIGlow><UIForeground>01</UIForeground>. Il suffit alors de sélectionner l'icone de l'objet désiré avec <CommandIcon(7)/>, puis de presser <CommandIcon(8)/> pour l'utiliser.","",""
1274,0,0,0,0,"","",""
1275,0,0,0,0,"","",""
1276,0,0,0,0,"","",""
1277,0,0,0,0,"","",""
1278,0,0,0,0,"","",""
1279,0,0,0,0,"","",""
1280,1,0,151441,0,"Les disciples de la guerre et de la magie reçoivent un <UIForeground>F201FA</UIForeground><UIGlow>F201FB</UIGlow>bonus d'arsenal<UIGlow>01</UIGlow><UIForeground>01</UIForeground> qui facilite le gain de niveau en augmentant le nombre de points d'expérience qu'ils recoivent en récompense en <UIForeground>F201FA</UIForeground><UIGlow>F201FB</UIGlow>tuant des monstres<UIGlow>01</UIGlow><UIForeground>01</UIForeground> ou en participant à des <UIForeground>F201FA</UIForeground><UIGlow>F201FB</UIGlow>ALÉA<UIGlow>01</UIGlow><UIForeground>01</UIForeground>.","",""
1281,1,0,151442,0,"Pour bénéficier des effets du bonus d'arsenal, le niveau de votre classe de combat actuelle doit être <UIForeground>F201FA</UIForeground><UIGlow>F201FB</UIGlow>inférieur au niveau le plus élevé<UIGlow>01</UIGlow><UIForeground>01</UIForeground> des classes de combat que vous avez débloquées jusque-là. Dans cet exemple, le gladiateur de niveau 30 ne profitera pas du bonus car la classe maître d'hast est de niveau 1. Seul le cas inverse fonctionne.","",""
1282,0,0,0,0,"","",""
1283,0,0,0,0,"","",""
1284,0,0,0,0,"","",""
1285,0,0,0,0,"","",""
1286,0,0,0,0,"","",""
1287,0,0,0,0,"","",""
1288,0,0,0,0,"","",""
1289,0,0,0,0,"","",""
1290,1,0,151471,0,"Certaines quêtes exigent que vous utilisiez des objets à des endroits spécifiques pour progresser.

Pour ce faire, commencez par cliquer sur l'icone de l'objet dans la <UIForeground>F201FA</UIForeground><UIGlow>F201FB</UIGlow>liste des objectifs<UIGlow>01</UIGlow><UIForeground>01</UIForeground>. Déplacez ensuite la <UIForeground>F201FA</UIForeground><UIGlow>F201FB</UIGlow>cible<UIGlow>01</UIGlow><UIForeground>01</UIForeground> qui apparaît à l'écran à l'aide de la souris et cliquez sur l'objectif de votre choix pour réaliser l'action.","",""
1291,1,0,151472,0,"Certaines quêtes exigent que vous utilisiez des objets à des endroits spécifiques pour progresser.
Pour ce faire, commencez par sélectionner l'objet dans la <UIForeground>F201FA</UIForeground><UIGlow>F201FB</UIGlow>liste des objectifs<UIGlow>01</UIGlow><UIForeground>01</UIForeground> en pressant <CommandIcon(19)/>. Déplacez ensuite la <UIForeground>F201FA</UIForeground><UIGlow>F201FB</UIGlow>cible<UIGlow>01</UIGlow><UIForeground>01</UIForeground> qui apparaît à l'écran sur l'objectif de votre choix à l'aide de <CommandIcon(23)/>, et pressez <CommandIcon(8)/> pour réaliser l'action.","",""
1292,0,0,0,0,"","",""
1293,0,0,0,0,"","",""
1294,0,0,0,0,"","",""
1295,0,0,0,0,"","",""
1296,0,0,0,0,"","",""
1297,0,0,0,0,"","",""
1298,0,0,0,0,"","",""
1299,0,0,0,0,"","",""
1300,1,0,151311,0,"Pour jeter votre ligne à l'eau et commencer à pêcher, vous devez utiliser l'action <UIForeground>F201FA</UIForeground><UIGlow>F201FB</UIGlow>Pêche<UIGlow>01</UIGlow><UIForeground>01</UIForeground>.

Lorsque vous avez une touche, votre canne se plie. C'est alors le moment d'utiliser l'action <UIForeground>F201FA</UIForeground><UIGlow>F201FB</UIGlow>Ferrage<UIGlow>01</UIGlow><UIForeground>01</UIForeground> pour tenter d'attraper le poisson qui mord à l'hameçon.","",""
1301,1,0,151312,0,"Notez que l'attribut de récolte <UIForeground>F201FA</UIForeground><UIGlow>F201FB</UIGlow>Collecte<UIGlow>01</UIGlow><UIForeground>01</UIForeground> influe grandement sur vos talents de pêcheur. S'équiper d'objets qui augmentent cet attribut permet d'attraper les poissons avec <UIForeground>F201FA</UIForeground><UIGlow>F201FB</UIGlow>plus de facilité<UIGlow>01</UIGlow><UIForeground>01</UIForeground><Indent/>!","",""
1302,0,0,0,0,"","",""
1303,0,0,0,0,"","",""
1304,0,0,0,0,"","",""
1305,0,0,0,0,"","",""
1306,0,0,0,0,"","",""
1307,0,0,0,0,"","",""
1308,0,0,0,0,"","",""
1309,0,0,0,0,"","",""
1310,1,0,151451,0,"Les <UIForeground>F201FA</UIForeground><UIGlow>F201FB</UIGlow>mémoquartz allagois<UIGlow>01</UIGlow><UIForeground>01</UIForeground> sont des reliques de l'ancien empire d'Allag.

Sur ces pierres sont gravées des in<SoftHyphen/>for<SoftHyphen/>ma<SoftHyphen/>tions de cette époque. Celles-ci sont par<SoftHyphen/>ti<SoftHyphen/>cu<SoftHyphen/>liè<SoftHyphen/>rement recherchées des col<SoftHyphen/>lec<SoftHyphen/>tion<SoftHyphen/>neurs, qui sont prêts à débourser des sommes considérables pour se les procurer.","",""
1311,1,0,151452,0,"Vous pourrez échanger les vôtres contre des objets et des pièces d'équipement auprès de marchandes comme <UIForeground>F201FA</UIForeground><UIGlow>F201FB</UIGlow>Rowena<UIGlow>01</UIGlow><UIForeground>01</UIForeground>.

Vous les trouverez au <UIForeground>F201FA</UIForeground><UIGlow>F201FB</UIGlow>Glas des revenants<UIGlow>01</UIGlow><UIForeground>01</UIForeground>, au Mor Dhona.","",""
1312,0,0,0,0,"","",""
1313,0,0,0,0,"","",""
1314,0,0,0,0,"","",""
1315,0,0,0,0,"","",""
1316,0,0,0,0,"","",""
1317,0,0,0,0,"","",""
1318,0,0,0,0,"","",""
1319,0,0,0,0,"","",""
1320,1,0,151521,0,"Le bahut personnel (disponible entre autres dans les chambres d'auberge) permet de ranger des objets soumis à des <UIForeground>F201FA</UIForeground><UIGlow>F201FB</UIGlow>conditions d'obtention par<SoftHyphen/>ti<SoftHyphen/>cu<SoftHyphen/>liè<SoftHyphen/>res<UIGlow>01</UIGlow><UIForeground>01</UIForeground>.
Cela inclut notamment les équipements saisonniers, les artefacts de job, les récompenses de hauts faits, ainsi que les objets promotionnels.
<UIForeground>F201F4</UIForeground><UIGlow>F201F5</UIGlow>* Consultez la fenêtre d'aide de l'objet pour savoir si ce dernier peut être rangé dans le bahut personnel.<UIGlow>01</UIGlow><UIForeground>01</UIForeground>","",""
1321,1,0,151522,0,"Veuillez noter que seuls les objets dont la <UIForeground>F201FA</UIForeground><UIGlow>F201FB</UIGlow>condition est au moins à 100 %<UIGlow>01</UIGlow><UIForeground>01</UIForeground> peuvent être entreposés. En outre, toutes les pièces d'équipement rangées à l'intérieur du bahut voient leur taux de symbiose <UIForeground>F201FA</UIForeground><UIGlow>F201FB</UIGlow>réinitialisé<UIGlow>01</UIGlow><UIForeground>01</UIForeground> ainsi que leurs éléments de personnalisation (blasons et teintures) <UIForeground>F201FA</UIForeground><UIGlow>F201FB</UIGlow>supprimés<UIGlow>01</UIGlow><UIForeground>01</UIForeground>.","",""
1322,0,0,0,0,"","",""
1323,0,0,0,0,"","",""
1324,0,0,0,0,"","",""
1325,0,0,0,0,"","",""
1326,0,0,0,0,"","",""
1327,0,0,0,0,"","",""
1328,0,0,0,0,"","",""
1329,0,0,0,0,"","",""
1330,1,0,151531,0,"Lorsque vous remportez des combats dans l'arène, vous recevez des récompenses de trois sortes différentes<Indent/>:

Des points d'expérience uniques appelés <UIForeground>F201FA</UIForeground><UIGlow>F201FB</UIGlow>Points JcJ<UIGlow>01</UIGlow><UIForeground>01</UIForeground>
Des <UIForeground>F201FA</UIForeground><UIGlow>F201FB</UIGlow>marques de loup<UIGlow>01</UIGlow><UIForeground>01</UIForeground>
Des <UIForeground>F201FA</UIForeground><UIGlow>F201FB</UIGlow>points d'expérience de série<UIGlow>01</UIGlow><UIForeground>01</UIForeground>","",""
1331,1,0,151532,0,"En dehors de la mission JcJ, vous pouvez en outre récupérer des <UIForeground>F201FA</UIForeground><UIGlow>F201FB</UIGlow>récompenses de série<UIGlow>01</UIGlow><UIForeground>01</UIForeground> et des <UIForeground>F201FA</UIForeground><UIGlow>F201FB</UIGlow>cristaux-trophées<UIGlow>01</UIGlow><UIForeground>01</UIForeground>.

Pour en savoir plus, allez parler au capitaine <UIForeground>F201FA</UIForeground><UIGlow>F201FB</UIGlow>Berkoeya Loetahlsyn<UIGlow>01</UIGlow><UIForeground>01</UIForeground>, sur la <UIForeground>F201FA</UIForeground><UIGlow>F201FB</UIGlow>jetée de l'Antre des loups<UIGlow>01</UIGlow><UIForeground>01</UIForeground>.","",""
1332,1,0,151533,0,"La fenêtre de profil JcJ vous permet de voir différentes in<SoftHyphen/>for<SoftHyphen/>ma<SoftHyphen/>tions sur votre personnage, telles que les actions obtenues ainsi que l'historique des combats.

Pour y accéder, cliquez sur l'icone <UIForeground>F201FA</UIForeground><UIGlow>F201FB</UIGlow>Personnage<UIGlow>01</UIGlow><UIForeground>01</UIForeground> du menu principal et sélectionnez l'option “Profil JcJ”.","",""
1333,1,0,151534,0,"La fenêtre de profil JcJ vous permet de voir différentes in<SoftHyphen/>for<SoftHyphen/>ma<SoftHyphen/>tions sur votre personnage, telles que les actions obtenues ainsi que les résultats de vos combats.

Pour y accéder, ouvrez le menu principal et sélectionnez l'option “Profil JcJ” à partir de la rubrique <UIForeground>F201FA</UIForeground><UIGlow>F201FB</UIGlow>Personnage<UIGlow>01</UIGlow><UIForeground>01</UIForeground>.","",""
1334,0,0,0,0,"","",""
1335,0,0,0,0,"","",""
1336,0,0,0,0,"","",""
1337,0,0,0,0,"","",""
1338,0,0,0,0,"","",""
1339,0,0,0,0,"","",""
1340,0,0,0,0,"","",""
1341,0,0,0,0,"","",""
1342,0,0,0,0,"","",""
1343,0,0,0,0,"","",""
1344,0,0,0,0,"","",""
1345,0,0,0,0,"","",""
1346,0,0,0,0,"","",""
1347,0,0,0,0,"","",""
1348,0,0,0,0,"","",""
1349,0,0,0,0,"","",""
1350,1,0,151551,0,"Les trois cités-États éorzéennes ont ouvert chacune un “<UIForeground>F201FA</UIForeground><UIGlow>F201FB</UIGlow>quartier résidentiel<UIGlow>01</UIGlow><UIForeground>01</UIForeground>” dédié aux aventuriers.

Vous pouvez y acquérir, pour vous ou votre compagnie libre, des terrains constructibles ou des appartements servant de base à vos activités.","",""
1351,1,0,151552,0,"Les quartiers résidentiels sont divisés en <UIForeground>F201FA</UIForeground><UIGlow>F201FB</UIGlow>secteurs<UIGlow>01</UIGlow><UIForeground>01</UIForeground> qui comportent <UIForeground>F201FA</UIForeground><UIGlow>F201FB</UIGlow>60 parcelles<UIGlow>01</UIGlow><UIForeground>01</UIForeground> chacun.

Trouvez le terrain de vos rêves, achetez-le et construisez votre maison<Indent/>!","",""
1352,1,0,151553,0,"L'apparence extérieure et intérieure des logements est entièrement personnalisable. Avec plusieurs centaines d'objets et de meubles à votre disposition, vous n'aurez aucun mal à créer un habitat qui vous ressemble. Notez que les membres de compagnies libres doivent avoir les droits correspondants pour faire ces mo<SoftHyphen/>di<SoftHyphen/>fi<SoftHyphen/>ca<SoftHyphen/>tions.","",""
1353,1,0,151554,0,"Pour plus d'in<SoftHyphen/>for<SoftHyphen/>ma<SoftHyphen/>tions sur le logement, adressez-vous aux <UIForeground>F201FA</UIForeground><UIGlow>F201FB</UIGlow>officiers du logement<UIGlow>01</UIGlow><UIForeground>01</UIForeground> que vous trouverez dans chacun des trois quartiers résidentiels.","",""
1354,0,0,0,0,"","",""
1355,0,0,0,0,"","",""
1356,0,0,0,0,"","",""
1357,0,0,0,0,"","",""
1358,0,0,0,0,"","",""
1359,0,0,0,0,"","",""
1360,1,0,151561,0,"À côté de l'entrée de chaque parcelle se trouve un <UIForeground>F201FA</UIForeground><UIGlow>F201FB</UIGlow>panneau d'information<UIGlow>01</UIGlow><UIForeground>01</UIForeground>. En ciblant ce dernier, vous pourrez obtenir des in<SoftHyphen/>for<SoftHyphen/>ma<SoftHyphen/>tions sur le terrain ou son pro<SoftHyphen/>prié<SoftHyphen/>taire, si celui-ci a déjà trouvé preneur.","",""
1361,1,0,151562,0,"Lorsqu'un terrain est disponible à la vente, une fenêtre affichant son prix, sa taille et son adresse apparaît.
Les terrains peuvent être soumis à deux systèmes de vente différents<Indent/>: la <Emphasis>vente au premier arrivé</Emphasis> et la <Emphasis>vente par tirage au sort</Emphasis>. Pour en savoir plus, n'hésitez pas à vous adresser aux officiers du logement<Indent/>!","",""
1362,0,0,0,0,"","",""
1363,0,0,0,0,"","",""
1364,0,0,0,0,"","",""
1365,0,0,0,0,"","",""
1366,0,0,0,0,"","",""
1367,0,0,0,0,"","",""
1368,0,0,0,0,"","",""
1369,0,0,0,0,"","",""
1370,1,0,151571,0,"Les <UIForeground>F201FA</UIForeground><UIGlow>F201FB</UIGlow>alliances<UIGlow>01</UIGlow><UIForeground>01</UIForeground> sont des escouades d'aventuriers composées de trois équipes complètes, autrement dit 24 joueurs.

Ces configurations sont réservées aux missions de grande ampleur comme, par exemple, la Tour de Cristal.","",""
1371,1,0,151572,0,"Lorsque vous êtes dans une alliance, les icones de classe/job et les barres de vie des autres membres ap<SoftHyphen/>pa<SoftHyphen/>rais<SoftHyphen/>sent dans un module spécial sous la liste des équipiers.

Joignez vos forces avec d'autres équipes et réalisez l'impossible<Indent/>!","",""
1372,0,0,0,0,"","",""
1373,0,0,0,0,"","",""
1374,0,0,0,0,"","",""
1375,0,0,0,0,"","",""
1376,0,0,0,0,"","",""
1377,0,0,0,0,"","",""
1378,0,0,0,0,"","",""
1379,0,0,0,0,"","",""
1380,1,0,151581,0,"L'obtention des butins dans les coffres de certains raids est limitée à <UIForeground>F201FA</UIForeground><UIGlow>F201FB</UIGlow>un objet par semaine<UIGlow>01</UIGlow><UIForeground>01</UIForeground>.
Dans le cas où vous concourez pour plusieurs récompenses en même temps, vos jets sont <UIForeground>F201FA</UIForeground><UIGlow>F201FB</UIGlow>considérés comme nuls<UIGlow>01</UIGlow><UIForeground>01</UIForeground> à compter du moment où vous en recevez une, et ce même si vous avez choisi l'option “Besoin” pour les autres.","",""
1381,1,0,151582,0,"Dans le cas des raids en alliance, chaque équipe se voit récompensée par un coffre au trésor différent lorsqu'un objectif est accompli.
Par ailleurs, indépendamment du contenu des coffres, certaines missions permettent d'obtenir un objet spécial par semaine.","",""
1382,1,0,151583,0,"Le droit d'obtention de ces récompenses est réinitialisé <UIForeground>F201FA</UIForeground><UIGlow>F201FB</UIGlow>tous les mardis à 8h (GMT)<UIGlow>01</UIGlow><UIForeground>01</UIForeground>.
<UIForeground>F201F4</UIForeground><UIGlow>F201F5</UIGlow>* L'application de la limite ou non est indiquée dans les in<SoftHyphen/>for<SoftHyphen/>ma<SoftHyphen/>tions de la mission.<UIGlow>01</UIGlow><UIForeground>01</UIForeground>","",""
1383,0,0,0,0,"","",""
1384,0,0,0,0,"","",""
1385,0,0,0,0,"","",""
1386,0,0,0,0,"","",""
1387,0,0,0,0,"","",""
1388,0,0,0,0,"","",""
1389,0,0,0,0,"","",""
1390,1,0,151591,0,"Une option de recherche d'équipe a été ajoutée à la rubrique <UIForeground>F201FA</UIForeground><UIGlow>F201FB</UIGlow>Équipe<UIGlow>01</UIGlow><UIForeground>01</UIForeground> du menu principal.

Cet outil vous permet de <UIForeground>F201FA</UIForeground><UIGlow>F201FB</UIGlow>rejoindre une équipe<UIGlow>01</UIGlow><UIForeground>01</UIForeground>, mais aussi de <UIForeground>F201FA</UIForeground><UIGlow>F201FB</UIGlow>recruter des aventuriers<UIGlow>01</UIGlow><UIForeground>01</UIForeground> selon les critères de votre choix.","",""
1391,1,0,151592,0,"Pour trouver un groupe qui partage les mêmes ambitions que vous, commencez par sélectionner l'option <UIForeground>F201FA</UIForeground><UIGlow>F201FB</UIGlow>Chercher une équipe<UIGlow>01</UIGlow><UIForeground>01</UIForeground>. Une fois vos critères définis, pressez le bouton <UIForeground>F201FA</UIForeground><UIGlow>F201FB</UIGlow>Lancer la recherche<UIGlow>01</UIGlow><UIForeground>01</UIForeground>. Il ne vous reste plus alors qu'à rejoindre l'équipe de votre choix parmi celles qui ap<SoftHyphen/>pa<SoftHyphen/>rais<SoftHyphen/>sent dans la liste.","",""
1392,1,0,151593,0,"La méthode pour recruter des membres est relativement similaire. Ouvrez la fenêtre de recherche d'équipe et sélectionnez l'option <UIForeground>F201FA</UIForeground><UIGlow>F201FB</UIGlow>Recruter<UIGlow>01</UIGlow><UIForeground>01</UIForeground>. Précisez vos critères, <UIForeground>F201FA</UIForeground><UIGlow>F201FB</UIGlow>enregistrez vos changements<UIGlow>01</UIGlow><UIForeground>01</UIForeground> et attendez patiemment que les autres aventuriers se joignent à vous.
C'est aussi simple que cela<Indent/>!","",""
1393,1,0,151591,0,"Une option de recherche d'équipe a été ajoutée à la rubrique <UIForeground>F201FA</UIForeground><UIGlow>F201FB</UIGlow>Équipe<UIGlow>01</UIGlow><UIForeground>01</UIForeground> du menu principal.

Cet outil vous permet de <UIForeground>F201FA</UIForeground><UIGlow>F201FB</UIGlow>rejoindre une équipe<UIGlow>01</UIGlow><UIForeground>01</UIForeground>, mais aussi de <UIForeground>F201FA</UIForeground><UIGlow>F201FB</UIGlow>recruter des aventuriers<UIGlow>01</UIGlow><UIForeground>01</UIForeground> selon les critères de votre choix.","",""
1394,0,0,0,0,"","",""
1395,0,0,0,0,"","",""
1396,0,0,0,0,"","",""
1397,0,0,0,0,"","",""
1398,0,0,0,0,"","",""
1399,0,0,0,0,"","",""
1400,1,0,151601,0,"Lors de leurs opérations de récolte, il peut arriver que les disciples de la terre découvrent des <UIForeground>F201FA</UIForeground><UIGlow>F201FB</UIGlow>objets cachés<UIGlow>01</UIGlow><UIForeground>01</UIForeground>.","",""
1401,1,0,151602,0,"Lorsque les objets portant la mention “<UIForeground>F201FA</UIForeground><UIGlow>F201FB</UIGlow>Rare<UIGlow>01</UIGlow><UIForeground>01</UIForeground>” sont prélevés avec succès, ils dis<SoftHyphen/>pa<SoftHyphen/>rais<SoftHyphen/>sent <UIForeground>F201FA</UIForeground><UIGlow>F201FB</UIGlow>définitivement<UIGlow>01</UIGlow><UIForeground>01</UIForeground> du point de récolte.

Il va sans dire que les actions permettant de récolter plusieurs exemplaires d'un même objet sont <UIForeground>F201FA</UIForeground><UIGlow>F201FB</UIGlow>sans effet<UIGlow>01</UIGlow><UIForeground>01</UIForeground> sur ces derniers.","",""
1402,0,0,0,0,"","",""
1403,0,0,0,0,"","",""
1404,0,0,0,0,"","",""
1405,0,0,0,0,"","",""
1406,0,0,0,0,"","",""
1407,0,0,0,0,"","",""
1408,0,0,0,0,"","",""
1409,0,0,0,0,"","",""
1410,1,0,151611,0,"Lors de leurs opérations de récolte, il peut arriver que les disciples de la terre découvrent des bouteilles contenant de <UIForeground>F201FA</UIForeground><UIGlow>F201FB</UIGlow>vieilles cartes<UIGlow>01</UIGlow><UIForeground>01</UIForeground>. Cela n'est possible pour les pêcheurs qu'en utilisant l'action <UIForeground>F201FA</UIForeground><UIGlow>F201FB</UIGlow>Casaquage<UIGlow>01</UIGlow><UIForeground>01</UIForeground>.","",""
1411,1,0,151612,0,"Ces cartes mys<SoftHyphen/>té<SoftHyphen/>rieu<SoftHyphen/>ses peuvent être déchiffrées à l'aide de l'action générale “<UIForeground>F201FA</UIForeground><UIGlow>F201FB</UIGlow>Déchiffrage<UIGlow>01</UIGlow><UIForeground>01</UIForeground>”. Veuillez noter qu'il est nécessaire de respecter un délai après la collecte d'une carte, avant de pouvoir en découvrir une nouvelle. Pour le consulter, choisissez <UIForeground>F201FA</UIForeground><UIGlow>F201FB</UIGlow>Missions<UIGlow>01</UIGlow><UIForeground>01</UIForeground> puis <UIForeground>F201FA</UIForeground><UIGlow>F201FB</UIGlow>Calendrier<UIGlow>01</UIGlow><UIForeground>01</UIForeground> dans le menu principal.","",""
1412,1,0,151613,0,"Pour plus d'in<SoftHyphen/>for<SoftHyphen/>ma<SoftHyphen/>tions à ce sujet, visitez Port-aux-Vins, dans la Noscea orientale, et adressez-vous à <UIForeground>F201FA</UIForeground><UIGlow>F201FB</UIGlow>H'loonh<UIGlow>01</UIGlow><UIForeground>01</UIForeground>.","",""
1413,0,0,0,0,"","",""
1414,0,0,0,0,"","",""
1415,0,0,0,0,"","",""
1416,0,0,0,0,"","",""
1417,0,0,0,0,"","",""
1418,0,0,0,0,"","",""
1419,0,0,0,0,"","",""
1420,1,0,151621,0,"L'action <UIForeground>F201FA</UIForeground><UIGlow>F201FB</UIGlow>Déchiffrage<UIGlow>01</UIGlow><UIForeground>01</UIForeground> permet de décrypter les vieilles cartes que vous trouvez au cours de vos aventures.
Les cartes ainsi décodées deviennent des <UIForeground>F201FA</UIForeground><UIGlow>F201FB</UIGlow>objets-clefs<UIGlow>01</UIGlow><UIForeground>01</UIForeground> nommés “Carte au trésor” grâce auxquels vous pourrez (avec un peu de flair) découvrir l'emplacement des coffres cachés.","",""
1421,1,0,151622,0,"Veuillez noter que vous ne pouvez posséder qu'<UIForeground>F201FA</UIForeground><UIGlow>F201FB</UIGlow>une seule carte au trésor à la fois<UIGlow>01</UIGlow><UIForeground>01</UIForeground>.

Pour déchiffrer une autre vieille carte, vous devez d'abord trouver le trésor de la carte ac<SoftHyphen/>tu<SoftHyphen/>el<SoftHyphen/>le<SoftHyphen/>ment en votre possession ou bien la jeter.","",""
1422,0,0,0,0,"","",""
1423,0,0,0,0,"","",""
1424,0,0,0,0,"","",""
1425,0,0,0,0,"","",""
1426,0,0,0,0,"","",""
1427,0,0,0,0,"","",""
1428,0,0,0,0,"","",""
1429,0,0,0,0,"","",""
1430,1,0,151631,0,"Lorsque vous utilisez une carte au trésor, une fenêtre indiquant l'emplacement approximatif du coffre caché apparaît à l'écran.

À vous d'analyser ces in<SoftHyphen/>for<SoftHyphen/>ma<SoftHyphen/>tions pour déterminer l'endroit précis où a été enterré le trésor.","",""
1431,1,0,151632,0,"Une fois sur place, utilisez l'action générale “<UIForeground>F201FA</UIForeground><UIGlow>F201FB</UIGlow>Excavation<UIGlow>01</UIGlow><UIForeground>01</UIForeground>” pour scruter la zone et déterrer le trésor convoité.

Si vous êtes au bon endroit, un coffre apparaîtra à côté de vous. ","",""
1432,1,0,151633,0,"Attention<Indent/>: il peut arriver que certains coffres soient <UIForeground>F201FA</UIForeground><UIGlow>F201FB</UIGlow>piégés<UIGlow>01</UIGlow><UIForeground>01</UIForeground> et libèrent un musc puissant qui attire des monstres. Vous devrez alors les abattre avant de pouvoir récupérer le précieux butin.","",""
1433,0,0,0,0,"","",""
1434,0,0,0,0,"","",""
1435,0,0,0,0,"","",""
1436,0,0,0,0,"","",""
1437,0,0,0,0,"","",""
1438,0,0,0,0,"","",""
1439,0,0,0,0,"","",""
1440,1,0,151641,0,"Les hommes-bêtes d'Éorzéa sont eux aussi confrontés à de nombreux problèmes. En les aidant à les résoudre par le biais des <UIForeground>F201FA</UIForeground><UIGlow>F201FB</UIGlow>quêtes des peuples alliés<UIGlow>01</UIGlow><UIForeground>01</UIForeground>, vous pourrez améliorer votre <UIForeground>F201FA</UIForeground><UIGlow>F201FB</UIGlow>réputation<UIGlow>01</UIGlow><UIForeground>01</UIForeground> et communiquer plus efficacement avec leurs membres.","",""
1441,1,0,151642,0,"Les quêtes disponibles changent de façon quotidienne. Vous pouvez en accepter jusqu'à <UIForeground>F201FA</UIForeground><UIGlow>F201FB</UIGlow>douze par jour<UIGlow>01</UIGlow><UIForeground>01</UIForeground> à condition d'avoir accompli les quêtes reçues la veille.","",""
1442,1,0,151643,0,"Pour voir votre réputation, sélectionnez l'onglet “Réputation” de la fenêtre <UIForeground>F201FA</UIForeground><UIGlow>F201FB</UIGlow>Personnage<UIGlow>01</UIGlow><UIForeground>01</UIForeground>.

Gagner la confiance des hommes-bêtes vous permettra d'en apprendre plus sur leurs coutumes et traditions, mais aussi d'obtenir des avantages uniques.","",""
1443,0,0,0,0,"","",""
1444,0,0,0,0,"","",""
1445,0,0,0,0,"","",""
1446,0,0,0,0,"","",""
1447,0,0,0,0,"","",""
1448,0,0,0,0,"","",""
1449,0,0,0,0,"","",""
1450,1,0,151651,0,"Chaque fois que vous accomplissez une quête des peuples alliés, vous recevez un certain nombre de <UIForeground>F201FA</UIForeground><UIGlow>F201FB</UIGlow>points de réputation<UIGlow>01</UIGlow><UIForeground>01</UIForeground> en récompense.

Lorsque vous en avez suf<SoftHyphen/>fi<SoftHyphen/>sam<SoftHyphen/>ment, vous pouvez effectuer une quête spéciale vous permettant d'améliorer votre niveau d'affinité avec ce peuple.","",""
1451,1,0,151652,0,"En plus de renforcer vos liens avec les différents membres, passer au <UIForeground>F201FA</UIForeground><UIGlow>F201FB</UIGlow>rang supérieur<UIGlow>01</UIGlow><UIForeground>01</UIForeground> vous permet d'avoir accès à une plus grande variété d'objets dans leurs échoppes.","",""
1452,1,0,151653,0,"Il faut savoir que les hommes-bêtes proposent bien souvent des <UIForeground>F201FA</UIForeground><UIGlow>F201FB</UIGlow>mar<SoftHyphen/>chan<SoftHyphen/>di<SoftHyphen/>ses uniques<UIGlow>01</UIGlow><UIForeground>01</UIForeground> que vous ne pourrez vous procurer qu'en améliorant votre réputation. Vous avez donc tout à gagner à les aider<Indent/>!","",""
1453,0,0,0,0,"","",""
1454,0,0,0,0,"","",""
1455,0,0,0,0,"","",""
1456,0,0,0,0,"","",""
1457,0,0,0,0,"","",""
1458,0,0,0,0,"","",""
1459,0,0,0,0,"","",""
1460,1,0,151661,0,"Certaines missions exigent que vous transportiez un objet à un endroit précis.

Lorsque vous portez une charge, l'icone <UIForeground>F201FA</UIForeground><UIGlow>F201FB</UIGlow>Transport<UIGlow>01</UIGlow><UIForeground>01</UIForeground> apparaît dans la barre d'altérations d'état. Le compteur en dessous indique le temps qu'il vous reste pour accomplir la mission.","",""
1461,1,0,151661,0,"Si vous n'arrivez pas à destination dans le délai imparti, vous échouez et devez <UIForeground>F201FA</UIForeground><UIGlow>F201FB</UIGlow>reprendre au point de départ<UIGlow>01</UIGlow><UIForeground>01</UIForeground>. En outre, <UIForeground>F201FA</UIForeground><UIGlow>F201FB</UIGlow>le temps diminue<UIGlow>01</UIGlow><UIForeground>01</UIForeground> chaque fois que vous recevez des dégâts.

Déplacez-vous prudemment et évitez de vous faire repérer par les ennemis.","",""
1462,0,0,0,0,"","",""
1463,0,0,0,0,"","",""
1464,0,0,0,0,"","",""
1465,0,0,0,0,"","",""
1466,0,0,0,0,"","",""
1467,0,0,0,0,"","",""
1468,0,0,0,0,"","",""
1469,0,0,0,0,"","",""
1470,1,0,151671,0,"Les Sylphes disposent de pouvoirs magiques permettant de vous rendre invisible.

Lorsque vous êtes sous l'effet du sort <UIForeground>F201FA</UIForeground><UIGlow>F201FB</UIGlow>Transparent<UIGlow>01</UIGlow><UIForeground>01</UIForeground>, un icone apparaît dans la barre d'altérations d'état. Le compteur en dessous indique le temps qu'il vous reste avant que la magie ne prenne fin.","",""
1471,1,0,151672,0,"L'effet s'estompe lorsque le compte à rebours arrive à 0. Notez que vous ne pouvez pas effectuer d'actions lorsque vous êtes invisible.

Certains points sur le chemin vous permettront d'étendre la durée du sort de transparence, utilisez-les à bon escient<Indent/>!","",""
1472,0,0,0,0,"","",""
1473,0,0,0,0,"","",""
1474,0,0,0,0,"","",""
1475,0,0,0,0,"","",""
1476,0,0,0,0,"","",""
1477,0,0,0,0,"","",""
1478,0,0,0,0,"","",""
1479,0,0,0,0,"","",""
1480,1,0,151681,0,"Lorsque vous chevauchez certaines montures, il arrive qu'une barre de raccourcis contenant des actions spéciales apparaisse à l'écran.

Ces dernières vous seront d'une grande utilité pour accomplir certaines tâches, aussi pensez bien à vous en servir.","",""
1481,1,0,151682,0,"Lorsque vous chevauchez certaines montures, il arrive qu'une croix de raccourcis contenant des actions spéciales apparaisse à l'écran.

Ces dernières vous seront d'une grande utilité pour accomplir certaines tâches, aussi pensez bien à vous en servir.","",""
1482,0,0,0,0,"","",""
1483,0,0,0,0,"","",""
1484,0,0,0,0,"","",""
1485,0,0,0,0,"","",""
1486,0,0,0,0,"","",""
1487,0,0,0,0,"","",""
1488,0,0,0,0,"","",""
1489,0,0,0,0,"","",""
1490,1,0,151691,0,"Vous vous êtes lié(e) d'amitié avec Jandelaine<Indent/>!

Grâce à la <UIForeground>F201FA</UIForeground><UIGlow>F201FB</UIGlow>sonnette<UIGlow>01</UIGlow><UIForeground>01</UIForeground> spéciale située dans votre chambre personnelle, vous pourrez appeler à tout instant le plus célèbre esthéticien d'Éorzéa.","",""
1491,1,0,151692,0,"Envie de vous refaire une beauté<Indent/>? Besoin d'une belle coiffure pour fêter un événement particulier<Indent/>?

Pour la coquette somme de <UIForeground>F201FA</UIForeground><UIGlow>F201FB</UIGlow>2 000 gils<UIGlow>01</UIGlow><UIForeground>01</UIForeground>, Jandelaine répondra à toutes vos exigences en matière de coupes, de couleurs et de maquillage<Indent/>!","",""
1492,0,0,0,0,"","",""
1493,0,0,0,0,"","",""
1494,0,0,0,0,"","",""
1495,0,0,0,0,"","",""
1496,0,0,0,0,"","",""
1497,0,0,0,0,"","",""
1498,0,0,0,0,"","",""
1499,0,0,0,0,"","",""
1500,1,0,151701,0,"Vous avez débloqué la fonction “<UIForeground>F201FA</UIForeground><UIGlow>F201FB</UIGlow>Mission aléatoire<UIGlow>01</UIGlow><UIForeground>01</UIForeground>”<Indent/>!

En contrepartie de laisser le destin décider de votre destination, vous recevez des <UIForeground>F201FA</UIForeground><UIGlow>F201FB</UIGlow>récompenses spéciales<UIGlow>01</UIGlow><UIForeground>01</UIForeground> en cas de réussite de la mission (sceaux de grande compagnie, mémoquartz allagois, etc.).","",""
1501,1,0,151702,0,"Il est à noter que si vos talents sont recherchés par les autres aventuriers, que vous soyez tank, soigneur ou DPS, vous recevez un <UIForeground>F201FA</UIForeground><UIGlow>F201FB</UIGlow>bonus sup<SoftHyphen/>plé<SoftHyphen/>men<SoftHyphen/>tai<SoftHyphen/>re<UIGlow>01</UIGlow><UIForeground>01</UIForeground> à la fin de la mission.

Comme le dit le célèbre adage éorzéen<Indent/>: “Aidez les autres et les Douze vous le rendront.”","",""
1502,0,0,0,0,"","",""
1503,0,0,0,0,"","",""
1504,0,0,0,0,"","",""
1505,0,0,0,0,"","",""
1506,0,0,0,0,"","",""
1507,0,0,0,0,"","",""
1508,0,0,0,0,"","",""
1509,0,0,0,0,"","",""
1510,1,0,151711,0,"Le <UIForeground>F201FA</UIForeground><UIGlow>F201FB</UIGlow>vote d'expulsion<UIGlow>01</UIGlow><UIForeground>01</UIForeground> est une fonction qui permet d'exclure les joueurs dont le com<SoftHyphen/>por<SoftHyphen/>te<SoftHyphen/>ment ou les actions nuisent au bon déroulement du jeu.

Pour lancer la procédure, commencez par sélectionner l'option “Équipiers” à partir de la rubrique <UIForeground>F201FA</UIForeground><UIGlow>F201FB</UIGlow>Équipe<UIGlow>01</UIGlow><UIForeground>01</UIForeground> du menu principal.","",""
1511,1,0,151712,0,"Mettez en surbrillance le nom de la personne que vous voulez exclure de l'équipe et choisissez “<UIForeground>F201FA</UIForeground><UIGlow>F201FB</UIGlow>Vote d'expulsion<UIGlow>01</UIGlow><UIForeground>01</UIForeground>” dans le sous-menu.

<UIForeground>F201F4</UIForeground><UIGlow>F201F5</UIGlow>Attention<Indent/>: l'utilisation du vote d'expulsion à de mauvaises fins sera punie.<UIGlow>01</UIGlow><UIForeground>01</UIForeground>","",""
1512,1,0,151713,0,"Si la <UIForeground>F201FA</UIForeground><UIGlow>F201FB</UIGlow>majorité des votants approuve<UIGlow>01</UIGlow><UIForeground>01</UIForeground> la raison invoquée, le joueur incriminé se voit im<SoftHyphen/>mé<SoftHyphen/>dia<SoftHyphen/>te<SoftHyphen/>ment évincé de l'équipe.","",""
1513,0,0,0,0,"","",""
1514,0,0,0,0,"","",""
1515,0,0,0,0,"","",""
1516,0,0,0,0,"","",""
1517,0,0,0,0,"","",""
1518,0,0,0,0,"","",""
1519,0,0,0,0,"","",""
1520,1,0,151721,0,"Le système d'honneurs vous permet de <UIForeground>F201FA</UIForeground><UIGlow>F201FB</UIGlow>féliciter<UIGlow>01</UIGlow><UIForeground>01</UIForeground> l'équipier qui vous a le plus im<SoftHyphen/>pres<SoftHyphen/>sion<SoftHyphen/>né ou avec lequel vous avez le plus apprécié de jouer durant une mission.","",""
1521,1,0,151722,0,"Pour ce faire, sélectionnez le bouton <UIForeground>F201FA</UIForeground><UIGlow>F201FB</UIGlow>Honneur<UIGlow>01</UIGlow><UIForeground>01</UIForeground> qui apparaît en bas à droite de l'écran à la fin de la mission, et choisissez ensuite le nom de la personne à congratuler.

Notez que vous pouvez uniquement voter pour les joueurs avec qui vous n'étiez pas en équipe au moment de l'enregistrement.","",""
1522,1,0,151723,0,"Accumuler les honneurs permet de <UIForeground>F201FA</UIForeground><UIGlow>F201FB</UIGlow>débloquer des hauts faits<UIGlow>01</UIGlow><UIForeground>01</UIForeground> qui donnent des récompenses spéciales.

","",""
1523,0,0,0,0,"","",""
1524,0,0,0,0,"","",""
1525,0,0,0,0,"","",""
1526,0,0,0,0,"","",""
1527,0,0,0,0,"","",""
1528,0,0,0,0,"","",""
1529,0,0,0,0,"","",""
1530,1,0,151731,0,"Il arrive que certaines compagnies libres <UIForeground>F201FA</UIForeground><UIGlow>F201FB</UIGlow>recrutent des membres<UIGlow>01</UIGlow><UIForeground>01</UIForeground> pour renforcer leurs effectifs. Lorsque c'est le cas, l'information “Candidatures acceptées” apparaît dans le champ “Recrutement” de la fenêtre de profil.
Si votre style de jeu correspond à celui de la compagnie, n'hésitez pas et pressez le bouton “<UIForeground>F201FA</UIForeground><UIGlow>F201FB</UIGlow>Postuler<UIGlow>01</UIGlow><UIForeground>01</UIForeground>”.","",""
1531,1,0,151732,0,"Si pour une raison quelconque vous souhaitez retirer votre candidature, sachez qu'il est possible de le faire en cliquant sur “Annuler la candidature” dans la fenêtre “Compagnie libre”.
Vous rejoignez of<SoftHyphen/>fi<SoftHyphen/>ciel<SoftHyphen/>le<SoftHyphen/>ment la compagnie libre lorsque votre candidature est acceptée par un membre.","",""
1532,1,0,151733,0,"Si pour une raison quelconque vous souhaitez retirer votre candidature, sachez qu'il est possible de le faire en choisissant l'option “Annuler la candidature” dans la fenêtre “Compagnie libre”.
Vous rejoignez of<SoftHyphen/>fi<SoftHyphen/>ciel<SoftHyphen/>le<SoftHyphen/>ment la compagnie libre lorsque votre candidature est acceptée par un membre.","",""
1533,0,0,0,0,"","",""
1534,0,0,0,0,"","",""
1535,0,0,0,0,"","",""
1536,0,0,0,0,"","",""
1537,0,0,0,0,"","",""
1538,0,0,0,0,"","",""
1539,0,0,0,0,"","",""
1540,1,0,151741,0,"Le carnet d'objectifs contient une liste de défis répartis en plusieurs catégories. Accomplir ces objectifs permet d'obtenir des récompenses comme des points d'expérience, des gils, des sceaux, etc.
La progression est <UIForeground>F201FA</UIForeground><UIGlow>F201FB</UIGlow>réinitialisée chaque semaine<UIGlow>01</UIGlow><UIForeground>01</UIForeground>, ce qui fait qu'un même défi peut être répété plusieurs fois au cours du jeu.","",""
1541,1,0,151743,0,"Le carnet d'objectifs contient une liste de défis répartis en plusieurs catégories. Accomplir ces objectifs permet d'obtenir des récompenses comme des points d'expérience, des gils, des sceaux, etc.
La progression est <UIForeground>F201FA</UIForeground><UIGlow>F201FB</UIGlow>réinitialisée chaque semaine<UIGlow>01</UIGlow><UIForeground>01</UIForeground>, ce qui fait qu'un même défi peut être répété plusieurs fois au cours du jeu.","",""
1542,1,0,151742,0,"Il est à noter que des <UIForeground>F201FA</UIForeground><UIGlow>F201FB</UIGlow>bonus de réussites<UIGlow>01</UIGlow><UIForeground>01</UIForeground> sont octroyés lorsque vous accomplissez un certain nombre d'objectifs.

Plus vous progresserez dans l'aventure et gagnerez de niveaux, plus vous débloquerez de nouveaux défis qui vous permettront d'obtenir davantage de récompenses.","",""
1543,0,0,0,0,"","",""
1544,0,0,0,0,"","",""
1545,0,0,0,0,"","",""
1546,0,0,0,0,"","",""
1547,0,0,0,0,"","",""
1548,0,0,0,0,"","",""
1549,0,0,0,0,"","",""
1550,1,0,151751,0,"Vous avez obtenu un ouvrage de recettes d'artisanat expertes. Pour apprendre les recettes qu'il contient, il suffit de l'utiliser à partir de votre inventaire.

Les recettes nouvellement acquises ap<SoftHyphen/>pa<SoftHyphen/>raî<SoftHyphen/>tront dans la catégorie <UIForeground>F201FA</UIForeground><UIGlow>F201FB</UIGlow>Recettes expertes<UIGlow>01</UIGlow><UIForeground>01</UIForeground> de votre carnet d'artisanat.","",""
1551,0,0,0,0,"","",""
1552,0,0,0,0,"","",""
1553,0,0,0,0,"","",""
1554,0,0,0,0,"","",""
1555,0,0,0,0,"","",""
1556,0,0,0,0,"","",""
1557,0,0,0,0,"","",""
1558,0,0,0,0,"","",""
1559,0,0,0,0,"","",""
1560,1,0,151761,0,"Les <UIForeground>F201FA</UIForeground><UIGlow>F201FB</UIGlow>mirages<UIGlow>01</UIGlow><UIForeground>01</UIForeground> vous permettent de projeter l'apparence d'un objet sur un autre tout en conservant ses ca<SoftHyphen/>rac<SoftHyphen/>té<SoftHyphen/>ris<SoftHyphen/>ti<SoftHyphen/>ques.

Pour modifier l'apparence d'une pièce d'équipement, sélectionnez-la puis choisissez l'option “Mirage” du sous-menu.
Même si le niveau d'un équipement est trop élevé pour vous, vous pouvez tout de même en emprunter l'apparence pour vos mirages.","",""
1561,1,0,151762,0,"L'utilisation des mirages nécessite des catalyseurs appelés “<UIForeground>F201FA</UIForeground><UIGlow>F201FB</UIGlow>Prisme mirage<UIGlow>01</UIGlow><UIForeground>01</UIForeground>”.
De la même façon, vous devrez utiliser un autre type de catalyseur appelé “<UIForeground>F201FA</UIForeground><UIGlow>F201FB</UIGlow>Dissipateur de mirage<UIGlow>01</UIGlow><UIForeground>01</UIForeground>” si vous souhaitez rendre son apparence d'origine à un équipement.","",""
1562,1,0,151763,0,"Les pièces d'équipement dont l'apparence a été modifiée <UIForeground>F201FA</UIForeground><UIGlow>F201FB</UIGlow>ne peuvent pas être vendues ou échangées<UIGlow>01</UIGlow><UIForeground>01</UIForeground>. En outre, l'objet prêtant son apparence à l'autre devient <UIForeground>F201FA</UIForeground><UIGlow>F201FB</UIGlow>lié<UIGlow>01</UIGlow><UIForeground>01</UIForeground> à votre personnage.

Grâce aux mirages, vous pourrez vous assurer un style unique<Indent/>!","",""
1563,0,0,0,0,"","",""
1564,0,0,0,0,"","",""
1565,0,0,0,0,"","",""
1566,0,0,0,0,"","",""
1567,0,0,0,0,"","",""
1568,0,0,0,0,"","",""
1569,0,0,0,0,"","",""
1570,1,0,151771,0,"Le jardin et les pots de fleurs vous permettent de cultiver des fruits, des légumes et d'autres produits agricoles sur votre terrain ou dans votre maison.
Pour commencer, vous devez disposer de <UIForeground>F201FA</UIForeground><UIGlow>F201FB</UIGlow>graines<UIGlow>01</UIGlow><UIForeground>01</UIForeground> et de <UIForeground>F201FA</UIForeground><UIGlow>F201FB</UIGlow>terreau<UIGlow>01</UIGlow><UIForeground>01</UIForeground>. Il est possible de s'en procurer sur les marchés ou de les récolter dans la nature.","",""
1571,1,0,151772,0,"Une fois ces deux éléments en votre possession, il vous suffit de les placer dans un sillon libre de votre potager ou dans un pot de fleurs et d'entretenir le semis de façon régulière.
Notez qu'il existe différents types de terreaux, qui influent sur le rendement des cultures ainsi que leur qualité.","",""
1572,0,0,0,0,"","",""
1573,0,0,0,0,"","",""
1574,0,0,0,0,"","",""
1575,0,0,0,0,"","",""
1576,0,0,0,0,"","",""
1577,0,0,0,0,"","",""
1578,0,0,0,0,"","",""
1579,0,0,0,0,"","",""
1580,1,0,151781,0,"Les plantes de votre potager exigent d'être entretenues en permanence et surveillées avec attention. Les pousses qui sont négligées durant une trop longue période <UIForeground>F201FA</UIForeground><UIGlow>F201FB</UIGlow>se dessèchent et périssent<UIGlow>01</UIGlow><UIForeground>01</UIForeground>.","",""
1581,1,0,151782,0,"Il est possible d'utiliser de l'<UIForeground>F201FA</UIForeground><UIGlow>F201FB</UIGlow>engrais<UIGlow>01</UIGlow><UIForeground>01</UIForeground> pour enrichir le sol et accélérer la croissance des plants. Il est à noter, cependant, que cette opération ne peut être effectuée qu'une fois par heure (temps réel).","",""
1582,0,0,0,0,"","",""
1583,0,0,0,0,"","",""
1584,0,0,0,0,"","",""
1585,0,0,0,0,"","",""
1586,0,0,0,0,"","",""
1587,0,0,0,0,"","",""
1588,0,0,0,0,"","",""
1589,0,0,0,0,"","",""
1590,1,0,151791,0,"Les cultures de votre potager ou de vos pots de fleurs sont prêtes à être récoltées.
Une fois les produits recueillis, les semis correspondants dis<SoftHyphen/>pa<SoftHyphen/>rais<SoftHyphen/>sent, libérant l'emplacement qu'ils occupaient.","",""
1591,1,0,151792,0,"Dans le potager, faire pousser différentes espèces de plantes les unes à côté des autres permet parfois d'<UIForeground>F201FA</UIForeground><UIGlow>F201FB</UIGlow>obtenir de nouvelles graines<UIGlow>01</UIGlow><UIForeground>01</UIForeground> au moment de la récolte. La réussite de l'hybridation repose es<SoftHyphen/>sen<SoftHyphen/>tiel<SoftHyphen/>le<SoftHyphen/>ment sur l'ex<SoftHyphen/>pé<SoftHyphen/>ri<SoftHyphen/>men<SoftHyphen/>ta<SoftHyphen/>tion... et l'intuition.
<UIForeground>F201FA</UIForeground><UIGlow>F201FB</UIGlow>* L'hybridation n'est pas possible avec les cultures des pots de fleurs.<UIGlow>01</UIGlow><UIForeground>01</UIForeground>","",""
1592,0,0,0,0,"","",""
1593,0,0,0,0,"","",""
1594,0,0,0,0,"","",""
1595,0,0,0,0,"","",""
1596,0,0,0,0,"","",""
1597,0,0,0,0,"","",""
1598,0,0,0,0,"","",""
1599,0,0,0,0,"","",""
1600,1,0,151801,0,"Vous pouvez désormais confier des <UIForeground>F201FA</UIForeground><UIGlow>F201FB</UIGlow>tâches<UIGlow>01</UIGlow><UIForeground>01</UIForeground> à vos servants. Ces derniers peuvent s'occuper de vous rapporter des objets spécifiques, ou bien de partir explorer des zones par<SoftHyphen/>ti<SoftHyphen/>cu<SoftHyphen/>liè<SoftHyphen/>res à la recherche de matériaux divers. Un servant mieux équipé peut rapporter des objets plus variés et en plus grande quantitée.","",""
1601,1,0,151802,0,"L'attribution de ces tâches requiert une monnaie spéciale appelée “<UIForeground>F201FA</UIForeground><UIGlow>F201FB</UIGlow>Jeton de tâche<UIGlow>01</UIGlow><UIForeground>01</UIForeground>”.

Il est possible d'en obtenir en échangeant des sceaux de grande compagnie, en effectuant des mandats de guilde, ou encore en ac<SoftHyphen/>com<SoftHyphen/>plis<SoftHyphen/>sant des quêtes des peuples alliés.","",""
1602,1,0,151803,0,"Bien sûr, vos servants continueront de proposer vos objets à la vente sur les marchés ainsi que de répondre promptement à vos appels, même si vous leur confiez une tâche.

N'hésitez pas à profiter de leurs services<Indent/>!
<UIForeground>F201F4</UIForeground><UIGlow>F201F5</UIGlow>* Vous pouvez interrompre une tâche en cours, mais les jetons de tâches utilisés ne seront pas rendus.<UIGlow>01</UIGlow><UIForeground>01</UIForeground>","",""
1603,0,0,0,0,"","",""
1604,0,0,0,0,"","",""
1605,0,0,0,0,"","",""
1606,0,0,0,0,"","",""
1607,0,0,0,0,"","",""
1608,0,0,0,0,"","",""
1609,0,0,0,0,"","",""
1610,1,0,151811,0,"Les missions d'exploration consistent à envoyer un servant dans la zone de votre choix pour qu'il y recherche (et trouve) des objets. Con<SoftHyphen/>trai<SoftHyphen/>re<SoftHyphen/>ment aux missions de chasse, il est <UIForeground>F201FA</UIForeground><UIGlow>F201FB</UIGlow>impossible de choisir<UIGlow>01</UIGlow><UIForeground>01</UIForeground> l'objet désiré.","",""
1611,1,0,151812,0,"Il existe de nombreux objets qui ne peuvent être obtenus que par le biais de l'exploration. N'hésitez donc pas à envoyer vos servants sur le terrain aussi souvent que possible<Indent/>!","",""
1612,0,0,0,0,"","",""
1613,0,0,0,0,"","",""
1614,0,0,0,0,"","",""
1615,0,0,0,0,"","",""
1616,0,0,0,0,"","",""
1617,0,0,0,0,"","",""
1618,0,0,0,0,"","",""
1619,0,0,0,0,"","",""
1620,1,0,151821,0,"Il est possible de communiquer avec les autres joueurs par le biais de la fenêtre de log.

Pour ce faire, cliquez sur la zone de saisie puis pressez la touche Entrée pour envoyer votre message.","",""
1621,1,0,151821,0,"Il est possible de communiquer avec les autres joueurs par le biais de la fenêtre de log.

Pour ce faire, sélectionnez la zone de saisie, écrivez votre message puis pressez la touche “Valider” pour l'envoyer.","",""
1622,1,0,151822,0,"La portée de votre message est déterminée par le mode de discussion sélectionné.

Par défaut, celui-ci est configuré sur “Dire”. Les messages envoyés par le biais de ce mode ap<SoftHyphen/>pa<SoftHyphen/>rais<SoftHyphen/>sent sur les écrans de tous joueurs situés dans un rayon proche de vous.","",""
1623,1,0,151823,0,"L'icone en bas à gauche de la fenêtre de log vous permet de changer le mode de discussion simplement, et à tout moment.","",""
1624,1,0,151824,0,"Les modes de discussion les plus fréquemment utilisés sont “<UIForeground>F201FA</UIForeground><UIGlow>F201FB</UIGlow>Murmurer<UIGlow>01</UIGlow><UIForeground>01</UIForeground>”, qui permet d'envoyer un message à un joueur en particulier, et “<UIForeground>F201FA</UIForeground><UIGlow>F201FB</UIGlow>Équipe<UIGlow>01</UIGlow><UIForeground>01</UIForeground>”, qui permet de communiquer avec ses équipiers.","",""
1625,0,0,0,0,"","",""
1626,0,0,0,0,"","",""
1627,0,0,0,0,"","",""
1628,0,0,0,0,"","",""
1629,0,0,0,0,"","",""
1630,1,0,151831,0,"Éorzéa abrite des aventuriers venus de diverses contrées exotiques. Afin de faciliter la communication dans cet environnement plurilingue et pluriculturel, une fonctionnalité appelée <UIForeground>F201FA</UIForeground><UIGlow>F201FB</UIGlow>Traduction automatique<UIGlow>01</UIGlow><UIForeground>01</UIForeground> a été intégrée au jeu.","",""
1631,1,0,151832,0,"Pour l'utiliser, cliquez sur la zone de saisie de texte dans la fenêtre de log, puis pressez la <UIForeground>F201FA</UIForeground><UIGlow>F201FB</UIGlow>touche Tab<UIGlow>01</UIGlow><UIForeground>01</UIForeground>. Ce faisant, une liste de catégories apparaît.","",""
1632,1,0,151832,0,"Pour l'utiliser, sélectionnez la zone de saisie de texte dans la fenêtre de log, puis pressez la touche <CommandIcon(13)/>. Ce faisant, une liste de catégories apparaît.","",""
1633,1,0,151833,0,"En choisissant <UIForeground>F201FA</UIForeground><UIGlow>F201FB</UIGlow>2<Indent/>: 【Salutations】<UIGlow>01</UIGlow><UIForeground>01</UIForeground> puis <UIForeground>F201FA</UIForeground><UIGlow>F201FB</UIGlow>3<Indent/>: Salut<Indent/>!<UIGlow>01</UIGlow><UIForeground>01</UIForeground> le texte <Gui(54)/><UIForeground>F201FA</UIForeground><UIGlow>F201FB</UIGlow>Salut<Indent/>!<UIGlow>01</UIGlow><UIForeground>01</UIForeground><Gui(55)/> apparaît à l'intérieur de parenthèses spéciales.","",""
1634,1,0,151834,0,"Une fois le message envoyé, il est au<SoftHyphen/>to<SoftHyphen/>ma<SoftHyphen/>ti<SoftHyphen/>que<SoftHyphen/>ment traduit dans la langue dans laquelle est configuré le client des joueurs.

Il est également possible de saisir le début d'une entrée du dictionnaire et de la compléter en appuyant sur la touche Tabulation du clavier.","",""
1635,1,0,151835,0,"Le dictionnaire de traduction automatique contient une liste de mots et expressions d'usage courant ainsi que des termes propres au jeu.

Nous espérons qu'il vous sera utile lors de vos aventures et qu'il vous aidera à tisser des liens d'amitié avec les joueurs du monde entier.","",""
1636,0,0,0,0,"","",""
1637,0,0,0,0,"","",""
1638,0,0,0,0,"","",""
1639,0,0,0,0,"","",""
1640,1,0,151841,0,"La liste d'envies vous permet de <UIForeground>F201FA</UIForeground><UIGlow>F201FB</UIGlow>mettre de côté<UIGlow>01</UIGlow><UIForeground>01</UIForeground> les objets qui vous intéressent afin de pouvoir effectuer vos achats avec plus de facilité. Cette fonction est également très pratique pour <UIForeground>F201FA</UIForeground><UIGlow>F201FB</UIGlow>suivre l'évolution des prix<UIGlow>01</UIGlow><UIForeground>01</UIForeground> sur le marché.","",""
1641,1,0,151842,0,"Plus un objet est demandé, plus la couleur du cœur devient claire. Cet indicateur est très utile pour connaître d'un coup d'œil la popularité d'un objet.

<UIForeground>F201F4</UIForeground><UIGlow>F201F5</UIGlow>* Toutes les données des listes d'envies sont effacées quand les Mondes sont en maintenance.<UIGlow>01</UIGlow><UIForeground>01</UIForeground>","",""
1642,0,0,0,0,"","",""
1643,0,0,0,0,"","",""
1644,0,0,0,0,"","",""
1645,0,0,0,0,"","",""
1646,0,0,0,0,"","",""
1647,0,0,0,0,"","",""
1648,0,0,0,0,"","",""
1649,0,0,0,0,"","",""
1650,1,0,151851,0,"Vous pouvez désormais <UIForeground>F201FA</UIForeground><UIGlow>F201FB</UIGlow>assigner une classe<UIGlow>01</UIGlow><UIForeground>01</UIForeground> à vos servants parmi les disciplines de la guerre, de la magie et de la terre. Celle-ci détermine le <UIForeground>F201FA</UIForeground><UIGlow>F201FB</UIGlow>type de tâches<UIGlow>01</UIGlow><UIForeground>01</UIForeground> que vous pouvez leur confier.","",""
1651,1,0,151852,0,"Plus vos servants sont actifs sur le terrain, plus ils gagnent de niveaux.

Notez qu'il est possible de leur assigner une classe différente de celle de départ, mais que cette opération <UIForeground>F201FA</UIForeground><UIGlow>F201FB</UIGlow>réinitialisera<UIGlow>01</UIGlow><UIForeground>01</UIForeground> les niveaux gagnés jusqu'à maintenant.","",""
1652,0,0,0,0,"","",""
1653,0,0,0,0,"","",""
1654,0,0,0,0,"","",""
1655,0,0,0,0,"","",""
1656,0,0,0,0,"","",""
1657,0,0,0,0,"","",""
1658,0,0,0,0,"","",""
1659,0,0,0,0,"","",""
1660,1,0,151861,0,"“Les Chroniques du zodiaque” est un texte ancien divisé en neuf volumes qui contiennent chacun une série d'épreuves permettant d'<UIForeground>F201FA</UIForeground><UIGlow>F201FB</UIGlow>améliorer les ca<SoftHyphen/>rac<SoftHyphen/>té<SoftHyphen/>ris<SoftHyphen/>ti<SoftHyphen/>ques<UIGlow>01</UIGlow><UIForeground>01</UIForeground> de votre relique âtma.
Les tomes peuvent être échangés contre des mémoquartz allagois auprès de <UIForeground>F201FA</UIForeground><UIGlow>F201FB</UIGlow>G'jusana<UIGlow>01</UIGlow><UIForeground>01</UIForeground>.","",""
1661,1,0,151862,0,"Les tomes des Chroniques du zodiaque sont des <UIForeground>F201FA</UIForeground><UIGlow>F201FB</UIGlow>objets-clefs<UIGlow>01</UIGlow><UIForeground>01</UIForeground>. Pour connaître la liste des défis à accomplir, consultez-les à partir de votre inventaire.

Plus vous abattrez d'ennemis avec votre relique âtma, plus cette dernière s'imprègnera d'âmes et gagnera en puissance.","",""
1662,1,0,151863,0,"Notez qu'il est impossible de posséder <UIForeground>F201FA</UIForeground><UIGlow>F201FB</UIGlow>plus d'un livre à la fois<UIGlow>01</UIGlow><UIForeground>01</UIForeground>. En outre, il est nécessaire d'accomplir <UIForeground>F201FA</UIForeground><UIGlow>F201FB</UIGlow>la totalité<UIGlow>01</UIGlow><UIForeground>01</UIForeground> des épreuves d'un tome avant de pouvoir passer au suivant.

Une fois les neuf volumes terminés, vous pourrez faire évoluer votre arme en <UIForeground>F201FA</UIForeground><UIGlow>F201FB</UIGlow>relique animus<UIGlow>01</UIGlow><UIForeground>01</UIForeground><Indent/>!","",""
1663,0,0,0,0,"","",""
1664,0,0,0,0,"","",""
1665,0,0,0,0,"","",""
1666,0,0,0,0,"","",""
1667,0,0,0,0,"","",""
1668,0,0,0,0,"","",""
1669,0,0,0,0,"","",""
1670,1,0,151871,0,"Vous avez obtenu un <UIForeground>F201FA</UIForeground><UIGlow>F201FB</UIGlow>parchemin stellaire<UIGlow>01</UIGlow><UIForeground>01</UIForeground>. Il s'agit d'un support sur lequel vous pouvez transférer le pouvoir des matérias.","",""
1671,1,0,151872,0,"Seules celles du <UIForeground>F201FA</UIForeground><UIGlow>F201FB</UIGlow>regard divin<UIGlow>01</UIGlow><UIForeground>01</UIForeground>, de la <UIForeground>F201FA</UIForeground><UIGlow>F201FB</UIGlow>vivacité<UIGlow>01</UIGlow><UIForeground>01</UIForeground>, de la <UIForeground>F201FA</UIForeground><UIGlow>F201FB</UIGlow>barbarie maîtrisée<UIGlow>01</UIGlow><UIForeground>01</UIForeground>, de <UIForeground>F201FA</UIForeground><UIGlow>F201FB</UIGlow>piété<UIGlow>01</UIGlow><UIForeground>01</UIForeground>, de la <UIForeground>F201FA</UIForeground><UIGlow>F201FB</UIGlow>barbarie percutante<UIGlow>01</UIGlow><UIForeground>01</UIForeground>, de la <UIForeground>F201FA</UIForeground><UIGlow>F201FB</UIGlow>célérité<UIGlow>01</UIGlow><UIForeground>01</UIForeground> et de la <UIForeground>F201FA</UIForeground><UIGlow>F201FB</UIGlow>parade stratégique<UIGlow>01</UIGlow><UIForeground>01</UIForeground> peuvent y être appliquées. À vous de déterminer les attributs que vous désirez augmenter.
<UIForeground>F201F4</UIForeground><UIGlow>F201F5</UIGlow>* Une matéria disparaît une fois transférée.<UIGlow>01</UIGlow><UIForeground>01</UIForeground>
<UIForeground>F201F4</UIForeground><UIGlow>F201F5</UIGlow>* Jusqu'à 5 types différents peuvent être transférés.<UIGlow>01</UIGlow><UIForeground>01</UIForeground>","",""
1672,1,0,151873,0,"Au début, vous ne pouvez transférer le pouvoir que des matérias de grade I sur le parchemin stellaire, mais passé un certain stade, les autres grades peuvent également être utilisés progressivement. Par ailleurs, chaque attribut a une valeur maximale.","",""
1673,1,0,151874,0,"Transférer le pouvoir d'une matéria sur un parchemin stellaire requiert un catalyseur appelé <UIForeground>F201FA</UIForeground><UIGlow>F201FB</UIGlow>alexandrite<UIGlow>01</UIGlow><UIForeground>01</UIForeground>. On en trouve dans des coffres dont l'emplacement est indiqué sur des <UIForeground>F201FA</UIForeground><UIGlow>F201FB</UIGlow>cartes mys<SoftHyphen/>té<SoftHyphen/>rieu<SoftHyphen/>ses<UIGlow>01</UIGlow><UIForeground>01</UIForeground> obtenues contre des mémoquartz allagois ou en récompense de certaines quêtes.","",""
1674,1,0,151875,0,"Réussir un ALÉA en étant équipé d'une <UIForeground>F201FA</UIForeground><UIGlow>F201FB</UIGlow>arme relique animus<UIGlow>01</UIGlow><UIForeground>01</UIForeground> permet aussi d'obtenir parfois une alexandrite.
Une fois que suf<SoftHyphen/>fi<SoftHyphen/>sam<SoftHyphen/>ment de pouvoir a été transféré au parchemin stellaire, il suffit de le remettre en même temps que la <UIForeground>F201FA</UIForeground><UIGlow>F201FB</UIGlow>relique animus<UIGlow>01</UIGlow><UIForeground>01</UIForeground> correspondante à <UIForeground>F201FA</UIForeground><UIGlow>F201FB</UIGlow>Jalzahn<UIGlow>01</UIGlow><UIForeground>01</UIForeground> pour améliorer celle-ci.","",""
1675,0,0,0,0,"","",""
1676,0,0,0,0,"","",""
1677,0,0,0,0,"","",""
1678,0,0,0,0,"","",""
1679,0,0,0,0,"","",""
1680,1,0,151901,0,"Vous avez désormais accès aux batailles du <UIForeground>F201FA</UIForeground><UIGlow>F201FB</UIGlow>Front<UIGlow>01</UIGlow><UIForeground>01</UIForeground><Indent/>!
Pour plus d'in<SoftHyphen/>for<SoftHyphen/>ma<SoftHyphen/>tions sur ces combats JcJ qui se déroulent aux <UIForeground>F201FA</UIForeground><UIGlow>F201FB</UIGlow>ruines frontalières<UIGlow>01</UIGlow><UIForeground>01</UIForeground> de la plaine de Carteneau, adressez-vous aux <UIForeground>F201FA</UIForeground><UIGlow>F201FB</UIGlow>soldats<UIGlow>01</UIGlow><UIForeground>01</UIForeground> présents aux aérodromes des trois cités-États.","",""
1681,0,0,0,0,"","",""
1682,0,0,0,0,"","",""
1683,0,0,0,0,"","",""
1684,0,0,0,0,"","",""
1685,0,0,0,0,"","",""
1686,0,0,0,0,"","",""
1687,0,0,0,0,"","",""
1688,0,0,0,0,"","",""
1689,0,0,0,0,"","",""
1690,1,0,151881,0,"Confier une pièce d'équipement usée à un PNJ réparateur permet de restaurer sa <UIForeground>F201FA</UIForeground><UIGlow>F201FB</UIGlow>condition<UIGlow>01</UIGlow><UIForeground>01</UIForeground> au même niveau qu'un objet neuf, mais le faire soi-même lui fera dépasser 100%, la rendant <UIForeground>F201FA</UIForeground><UIGlow>F201FB</UIGlow>plus résistante<UIGlow>01</UIGlow><UIForeground>01</UIForeground>.","",""
1691,1,0,151882,0,"Si les classes d'artisanat correspondantes sont au niveau requis, il ne sera pas nécessaire d'en changer et plusieurs équipements pourront être réparés simultanément.
<UIForeground>F201F4</UIForeground><UIGlow>F201F5</UIGlow>* Ranger des objets dont la condition est supérieure à 100% dans le bahut personnel réinitialisera cette valeur à 100%.<UIGlow>01</UIGlow><UIForeground>01</UIForeground>","",""
1692,0,0,0,0,"","",""
1693,0,0,0,0,"","",""
1694,0,0,0,0,"","",""
1695,0,0,0,0,"","",""
1696,0,0,0,0,"","",""
1697,0,0,0,0,"","",""
1698,0,0,0,0,"","",""
1699,0,0,0,0,"","",""
1700,1,0,151891,0,"Le <UIForeground>F201FA</UIForeground><UIGlow>F201FB</UIGlow>carnet d'exploration<UIGlow>01</UIGlow><UIForeground>01</UIForeground> est un registre des lieux notoires d'Éorzéa.
Pour le remplir, vous devez trouver ces endroits et effectuer une emote par<SoftHyphen/>ti<SoftHyphen/>cu<SoftHyphen/>liè<SoftHyphen/>re à un moment précis de la journée ou dans des conditions météorologiques déterminées, sur la base d'indices laissés par Millith Ironheart.","",""
1701,1,0,151893,0,"Le <UIForeground>F201FA</UIForeground><UIGlow>F201FB</UIGlow>carnet d'exploration<UIGlow>01</UIGlow><UIForeground>01</UIForeground> est un registre des lieux notoires d'Éorzéa.
Pour le remplir, vous devez trouver ces endroits et effectuer une emote par<SoftHyphen/>ti<SoftHyphen/>cu<SoftHyphen/>liè<SoftHyphen/>re à un moment précis de la journée ou dans des conditions météorologiques déterminées, sur la base d'indices laissés par Millith Ironheart.","",""
1702,1,0,151892,0,"Au fur et à mesure que vous découvrez ces lieux notoires, vous en apprendrez plus sur les événements qui les ont façonnés.
N'hésitez donc pas à courir, et même à sauter, pour atteindre les emplacements les plus improbables et ainsi redécouvrir le théâtre de vos aventures<Indent/>!","",""
1703,0,0,0,0,"","",""
1704,0,0,0,0,"","",""
1705,0,0,0,0,"","",""
1706,0,0,0,0,"","",""
1707,0,0,0,0,"","",""
1708,0,0,0,0,"","",""
1709,0,0,0,0,"","",""
1710,1,0,151911,0,"Les <UIForeground>F201FA</UIForeground><UIGlow>F201FB</UIGlow>insignes alliés<UIGlow>01</UIGlow><UIForeground>01</UIForeground> sont des décorations militaires remises par les grandes compagnies éorzéennes.
Ils sont obtenus en récompense de l'élimination de monstres par<SoftHyphen/>ti<SoftHyphen/>cu<SoftHyphen/>liè<SoftHyphen/>rement nuisibles à l'ordre public, appelés <UIForeground>F201FA</UIForeground><UIGlow>F201FB</UIGlow>cibles d'élite<UIGlow>01</UIGlow><UIForeground>01</UIForeground>.","",""
1711,1,0,151912,0,"Ces insignes sont également reçus lorsqu'un <UIForeground>F201FA</UIForeground><UIGlow>F201FB</UIGlow>contrat de chasse<UIGlow>01</UIGlow><UIForeground>01</UIForeground> (quotidien) ou un <UIForeground>F201FA</UIForeground><UIGlow>F201FB</UIGlow>contrat d'élite<UIGlow>01</UIGlow><UIForeground>01</UIForeground> (hebdomadaire), qu'émettent les trois états-majors, est rempli.
Ils peuvent être échangés contre divers objets auprès des responsable de la Chasse de chacune des cités.","",""
1712,0,0,0,0,"","",""
1713,0,0,0,0,"","",""
1714,0,0,0,0,"","",""
1715,0,0,0,0,"","",""
1716,0,0,0,0,"","",""
1717,0,0,0,0,"","",""
1718,0,0,0,0,"","",""
1719,0,0,0,0,"","",""
1720,1,0,151931,0,"Vous avez obtenu la <UIForeground>F201FA</UIForeground><UIGlow>F201FB</UIGlow>boîte à mini-jeux<UIGlow>01</UIGlow><UIForeground>01</UIForeground><Indent/>!

Comme son nom l'indique, elle vous donne accès à divers amusements auxquels vous pouvez jouer lorsque vous êtes dans une chambre d'auberge.","",""
1721,0,0,0,0,"","",""
1722,0,0,0,0,"","",""
1723,0,0,0,0,"","",""
1724,0,0,0,0,"","",""
1725,0,0,0,0,"","",""
1726,0,0,0,0,"","",""
1727,0,0,0,0,"","",""
1728,0,0,0,0,"","",""
1729,0,0,0,0,"","",""
1730,1,0,151921,0,"Cibler et sélectionner une baliste ou un canon vous donne accès à une panoplie d'actions qui ap<SoftHyphen/>pa<SoftHyphen/>rais<SoftHyphen/>sent dans la <UIForeground>F201FA</UIForeground><UIGlow>F201FB</UIGlow>barre de raccourcis spéciale<UIGlow>01</UIGlow><UIForeground>01</UIForeground>.","",""
1731,1,0,151922,0,"En choisissant l'une de ces actions, une <UIForeground>F201FA</UIForeground><UIGlow>F201FB</UIGlow>cible au sol<UIGlow>01</UIGlow><UIForeground>01</UIForeground> apparaît, que vous pouvez déplacer pour choisir l'ère d'effet de l'attaque.","",""
1732,0,0,0,0,"","",""
1733,0,0,0,0,"","",""
1734,0,0,0,0,"","",""
1735,0,0,0,0,"","",""
1736,0,0,0,0,"","",""
1737,0,0,0,0,"","",""
1738,0,0,0,0,"","",""
1739,0,0,0,0,"","",""
1740,1,0,151941,0,"L'action <UIForeground>F201FA</UIForeground><UIGlow>F201FB</UIGlow>Remise à l'eau<UIGlow>01</UIGlow><UIForeground>01</UIForeground> permet à tout bon pêcheur soucieux de l'environnement de relâcher un poisson qu'il a attrapé.
Ce dernier n'apparaîtra pas ainsi dans l'inventaire.","",""
1741,1,0,151942,0,"Si un animal a fait l'objet de cette action, il sera ensuite au<SoftHyphen/>to<SoftHyphen/>ma<SoftHyphen/>ti<SoftHyphen/>que<SoftHyphen/>ment remis à l'eau à chaque fois qu'il est pris lors de la même séance de pêche.
À vous d'en faire bon usage pour préserver cette ressource naturelle et n'attraper que ce dont vous avez besoin.","",""
1742,0,0,0,0,"","",""
1743,0,0,0,0,"","",""
1744,0,0,0,0,"","",""
1745,0,0,0,0,"","",""
1746,0,0,0,0,"","",""
1747,0,0,0,0,"","",""
1748,0,0,0,0,"","",""
1749,0,0,0,0,"","",""
1750,1,0,151951,0,"Vous pouvez désormais utiliser le <UIForeground>F201FA</UIForeground><UIGlow>F201FB</UIGlow>recyclage<UIGlow>01</UIGlow><UIForeground>01</UIForeground><Indent/>!
Cette action vous permet de désassembler divers objets pour récupérer certains de leurs matériaux, à condition que vous ayez la classe d'artisanat correspondante au niveau 30 ou plus.","",""
1751,1,0,151952,0,"Les différentes disciplines ont toutes leur propre compétence de recyclage, chacune augmentant indépendamment à chaque réussite.
Plus ses compétences dépassent la compétence optimale indiquée sur l'objet, plus il devient facile d'obtenir un objet rare.","",""
1752,1,0,151953,0,"Les tentatives de recyclage ne peuvent pas échouer.
N'hésitez donc pas à vous débarrasser de vos objets inutiles<Indent/>!","",""
1753,0,0,0,0,"","",""
1754,0,0,0,0,"","",""
1755,0,0,0,0,"","",""
1756,0,0,0,0,"","",""
1757,0,0,0,0,"","",""
1758,0,0,0,0,"","",""
1759,0,0,0,0,"","",""
1760,1,0,151961,0,"Vous pouvez désormais vous adonner à l'<UIForeground>F201FA</UIForeground><UIGlow>F201FB</UIGlow>en<SoftHyphen/>traî<SoftHyphen/>ne<SoftHyphen/>ment de chocobos<UIGlow>01</UIGlow><UIForeground>01</UIForeground><Indent/>!

Pour ce faire, il est nécessaire d'installer une <UIForeground>F201FA</UIForeground><UIGlow>F201FB</UIGlow>écurie à chocobos<UIGlow>01</UIGlow><UIForeground>01</UIForeground> dans le jardin de votre maison.
<UIForeground>F201F4</UIForeground><UIGlow>F201F5</UIGlow>* Si vous optez pour un appartement, une écurie à chocobos sera mise d'office à votre disposition.<UIGlow>01</UIGlow><UIForeground>01</UIForeground>","",""
1761,1,0,151962,0,"L'option <UIForeground>F201FA</UIForeground><UIGlow>F201FB</UIGlow>Entraîner<UIGlow>01</UIGlow><UIForeground>01</UIForeground>, qui apparaît dans le sous-menu d'un chocobo en pension à l'écurie, sert à lui faire gagner des points d'expérience.
Le volatile reçoit ensuite la récompense sé<SoftHyphen/>lec<SoftHyphen/>tion<SoftHyphen/>née pour lui parmi divers fruits et légumes. Certains lui permettront peut-être d'évoluer davantage<Indent/>!","",""
1762,1,0,151963,0,"Si vous utilisez la fonction “<UIForeground>F201FA</UIForeground><UIGlow>F201FB</UIGlow>nourrir<UIGlow>01</UIGlow><UIForeground>01</UIForeground>” et donnez des fruits particuliers à votre chocobo, son plumage pourra changer de couleur.
À vous de prendre grand soin de votre fidèle compagnon pour lui permettre de se développer constamment<Indent/>!","",""
1763,0,0,0,0,"","",""
1764,1,0,152791,0,"Vous ne pouvez pêcher certains poissons sans d'abord obtenir l'exemplaire de <Emphasis>Légendes locales</Emphasis> relatif à son habitat.","",""
1765,1,0,152792,0,"Vous pouvez vérifier dans votre carnet de pêche ou dans la nomenclature quels sont les poissons nécessitant de posséder un exemplaire de <Emphasis>Légendes locales</Emphasis> pour les attraper.","",""
1766,0,0,0,0,"","",""
1767,1,0,152801,0,"Lorsque vous pêchez au harpon, l'équilibre de l'écosystème peut être déstabilisé et un point de pêche spécial peut apparaître, un <UIForeground>F201FA</UIForeground><UIGlow>F201FB</UIGlow>courant poissonneux<UIGlow>01</UIGlow><UIForeground>01</UIForeground>.","",""
1768,1,0,152802,0,"Vous pouvez repérer sur votre boussole les courants poissonneux qui ap<SoftHyphen/>pa<SoftHyphen/>rais<SoftHyphen/>sent grâce à <UIForeground>F201FA</UIForeground><UIGlow>F201FB</UIGlow>Science des océans<UIGlow>01</UIGlow><UIForeground>01</UIForeground>.","",""
1769,0,0,0,0,"","",""
1770,1,0,152811,0,"Vous avez désormais accès au menu <UIForeground>F201FA</UIForeground><UIGlow>F201FB</UIGlow>Objets précieux<UIGlow>01</UIGlow><UIForeground>01</UIForeground>. Il s'agit d'un inventaire spécial réservé à vos possessions les plus importantes que vous obtenez lors de votre aventure.
Certaines vous en apprendront plus sur l'histoire, d'autres peuvent même être utilisées à diverses fins. Dans tous les cas, soyez sûr<If(PlayerParameter(4))>e<Else/></If> de jeter un œil à toutes ces étrangetés<Indent/>!","",""
1771,1,0,152812,0,"Vous avez désormais accès au menu <UIForeground>F201FA</UIForeground><UIGlow>F201FB</UIGlow>Objets précieux<UIGlow>01</UIGlow><UIForeground>01</UIForeground>. Il s'agit d'un inventaire spécial réservé à vos possessions les plus importantes que vous obtenez lors de votre aventure.
Certaines vous en apprendront plus sur l'histoire, d'autres peuvent même être utilisées à diverses fins. Dans tous les cas, soyez sûr<If(PlayerParameter(4))>e<Else/></If> de jeter un œil à toutes ces étrangetés<Indent/>!","",""
1772,0,0,0,0,"","",""
1773,0,0,0,0,"","",""
1774,0,0,0,0,"","",""
1775,0,0,0,0,"","",""
1776,0,0,0,0,"","",""
1777,0,0,0,0,"","",""
1778,0,0,0,0,"","",""
1779,0,0,0,0,"","",""
1780,1,0,151971,0,"Seuls les <UIForeground>F201FA</UIForeground><UIGlow>F201FB</UIGlow>disciples de la main<UIGlow>01</UIGlow><UIForeground>01</UIForeground> peuvent accepter et finir les quêtes des Ixali.
Les objets nécessaires pour remplir les objectifs peuvent être fabriqués uniquement en portant des <UIForeground>F201FA</UIForeground><UIGlow>F201FB</UIGlow>gants d'Ehcatl<UIGlow>01</UIGlow><UIForeground>01</UIForeground>.","",""
1781,1,0,151972,0,"Les points d'expérience sont accordés à votre classe au moment où la quête est accomplie.
Leur montant peut être consulté dans le <UIForeground>F201FA</UIForeground><UIGlow>F201FB</UIGlow>journal<UIGlow>01</UIGlow><UIForeground>01</UIForeground>, et est au<SoftHyphen/>to<SoftHyphen/>ma<SoftHyphen/>ti<SoftHyphen/>que<SoftHyphen/>ment mis à jour en fonction de la classe actuelle.","",""
1790,1,0,151981,0,"Vous recevez des <UIForeground>F201FA</UIForeground><UIGlow>F201FB</UIGlow>points de con<SoftHyphen/>tri<SoftHyphen/>bu<SoftHyphen/>tion<UIGlow>01</UIGlow><UIForeground>01</UIForeground> pour chaque objet remis durant les quêtes de livraison ixali. Lorsque votre con<SoftHyphen/>tri<SoftHyphen/>bu<SoftHyphen/>tion totale atteint le montant fixé, la quête est remplie. La liste des objets recherchés par les Ixali peut être consultée dans l'interface <UIForeground>F201FA</UIForeground><UIGlow>F201FB</UIGlow>Calendrier<UIGlow>01</UIGlow><UIForeground>01</UIForeground>, accessible à partir de l'option <UIForeground>F201FA</UIForeground><UIGlow>F201FB</UIGlow>Missions<UIGlow>01</UIGlow><UIForeground>01</UIForeground> du menu principal.","",""
1791,1,0,151982,0,"Vous êtes libre de choisir les objets à livrer. L'icone à gauche du nom d'un objet indique la classe à laquelle les points d'expérience seront accordés au moment de la livraison.","",""
1792,1,0,151983,0,"Con<SoftHyphen/>trai<SoftHyphen/>re<SoftHyphen/>ment aux autres quêtes des peuples alliés, si vous abandonnez une quête de livraison, vous ne pourrez pas l'accepter de nouveau et devrez attendre le renouvellement des quêtes quotidiennes pour recommencer. La liste des objets demandés est quant à elle modifiée tous les jours à <ResetTime>01</ResetTime><If(TopLevelParameter(218))><Switch(TopLevelParameter(218))><Case(1)>1</Case><Case(2)>2</Case><Case(3)>3</Case><Case(4)>4</Case><Case(5)>5</Case><Case(6)>6</Case><Case(7)>7</Case><Case(8)>8</Case><Case(9)>9</Case><Case(10)>10</Case><Case(11)>11</Case><Case(12)>12</Case><Case(13)>13</Case><Case(14)>14</Case><Case(15)>15</Case><Case(16)>16</Case><Case(17)>17</Case><Case(18)>18</Case><Case(19)>19</Case><Case(20)>20</Case><Case(21)>21</Case><Case(22)>22</Case><Case(23)>23</Case></Switch><Else/>0</If>h (temps réel). Faites attention si vous avez déjà accepté la quête.","",""
1800,0,0,0,0,"","",""
1810,1,0,152001,0,"On appelle “<UIForeground>F201FA</UIForeground><UIGlow>F201FB</UIGlow>transformation<UIGlow>01</UIGlow><UIForeground>01</UIForeground>” le changement d'apparence d'un personnage. Elle est indiquée par un <UIForeground>F201FA</UIForeground><UIGlow>F201FB</UIGlow>icone<UIGlow>01</UIGlow><UIForeground>01</UIForeground> dans la barre des effets.

Sélectionner ce dernier permet d'annuler l'effet et de retourner à l'état habituel.","",""
1811,1,0,152001,0,"De même, changer de zone ou se déconnecter retirera au<SoftHyphen/>to<SoftHyphen/>ma<SoftHyphen/>ti<SoftHyphen/>que<SoftHyphen/>ment l'effet de la transformation.","",""
1820,1,0,152011,0,"Vous pouvez désormais effectuer le scellage éthéréen sur vos armes antiques novus. Une fois cette opération accomplie sur l'une d'elles, vous devrez augmenter le degré d'<UIForeground>F201FA</UIForeground><UIGlow>F201FB</UIGlow>harmonisation des âmes<UIGlow>01</UIGlow><UIForeground>01</UIForeground> qu'elle contient en l'utilisant lors de diverses missions.","",""
1821,1,0,152012,0,"Vous pouvez vérifier le degré d'harmonisation à tout moment en utilisant une <UIForeground>F201FA</UIForeground><UIGlow>F201FB</UIGlow>lunette du zodiaque<UIGlow>01</UIGlow><UIForeground>01</UIForeground> lorsque vous avez votre arme antique novus en main.

<UIForeground>F201F4</UIForeground><UIGlow>F201F5</UIGlow>* En cas de perte de la lunette du zodiaque, vous pouvez en obtenir une nouvelle auprès de Drake, au Moulin des Bois.<UIGlow>01</UIGlow><UIForeground>01</UIForeground>","",""
1822,1,0,152013,0,"Il peut arriver que le degré d'harmonisation des âmes augmente momentanément plus vite dans certaines missions.

N'hésitez pas à échanger des in<SoftHyphen/>for<SoftHyphen/>ma<SoftHyphen/>tions avec les autres joueurs pour atteindre votre but plus rapidement<Indent/>!","",""
1823,1,0,152014,0,"Une fois l'harmonisation des âmes accomplie, retournez voir <UIForeground>F201FA</UIForeground><UIGlow>F201FB</UIGlow>Jalzahn<UIGlow>01</UIGlow><UIForeground>01</UIForeground> au Moulin des Bois pour qu'il renforce votre arme antique.

<UIForeground>F201F4</UIForeground><UIGlow>F201F5</UIGlow>* Vous ne pourrez pas augmenter le degré d'harmonisation des âmes ou utiliser la lunette du zodiaque si le scellage éthéréen n'a pas été effectué sur votre arme antique novus.<UIGlow>01</UIGlow><UIForeground>01</UIForeground>","",""
1830,1,0,152061,0,"Ferrer plusieurs fois certains poissons peut vous octroyer <UIForeground>F201FA</UIForeground><UIGlow>F201FB</UIGlow>Instinct du pêcheur<UIGlow>01</UIGlow><UIForeground>01</UIForeground>.
Cet effet vous permet de repérer des <UIForeground>F201FA</UIForeground><UIGlow>F201FB</UIGlow>poissons invisibles en temps normal<UIGlow>01</UIGlow><UIForeground>01</UIForeground> et de les pêcher.","",""
1831,1,0,152062,0,"À l'instar des autres poissons, ceux-ci ne tarderont toutefois pas à fuir.
Faites donc preuve de réactivité si l'un d'entre eux croise votre hameçon<Indent/>!","",""
1840,1,0,152071,0,"Fé<SoftHyphen/>li<SoftHyphen/>ci<SoftHyphen/>ta<SoftHyphen/>tions<Indent/>! Vous avez réussi à pêcher une créature qui ne se montre que lorsque des conditions météorologiques se suivent<Indent/>!
Certains poissons rares sont en effet très sensibles aux changements de temps et ne se montrent que dans des cir<SoftHyphen/>cons<SoftHyphen/>tan<SoftHyphen/>ces bien précises. À vous donc de bien observer le ciel, lorsque vous lancez votre ligne dans l'eau.","",""
1850,1,0,152021,0,"Les ninja se distinguent par l'utilisation de signes de mains appelés <UIForeground>F201FA</UIForeground><UIGlow>F201FB</UIGlow>mudrâ<UIGlow>01</UIGlow><UIForeground>01</UIForeground> qu'ils combinent pour lancer diverses attaques de <UIForeground>F201FA</UIForeground><UIGlow>F201FB</UIGlow>ninjutsu<UIGlow>01</UIGlow><UIForeground>01</UIForeground>.
Il existe trois mudrâ<Indent/>: <UIForeground>F201FA</UIForeground><UIGlow>F201FB</UIGlow>Ten<UIGlow>01</UIGlow><UIForeground>01</UIForeground>, <UIForeground>F201FA</UIForeground><UIGlow>F201FB</UIGlow>Chi<UIGlow>01</UIGlow><UIForeground>01</UIForeground> et <UIForeground>F201FA</UIForeground><UIGlow>F201FB</UIGlow>Jin<UIGlow>01</UIGlow><UIForeground>01</UIForeground>.","",""
1851,1,0,152022,0,"Effectuer un certain nombre de ces signes de mains dans un ordre particulier permet d'avoir accès à un ninjutsu défini.
Dès lors qu'une combinaison de mudrâ est faite, l'icone de l'action <UIForeground>F201FA</UIForeground><UIGlow>F201FB</UIGlow>Ninjutsu<UIGlow>01</UIGlow><UIForeground>01</UIForeground> change en conséquence.","",""
1852,1,0,152023,0,"La description des ninjutsu, dans la section Jobs des Actions et traits, indique les com<SoftHyphen/>bi<SoftHyphen/>nai<SoftHyphen/>sons de mudrâ nécessaires pour pouvoir les lancer.
Vous pouvez par exemple vous en inspirer pour composer des macros.","",""
1853,1,0,152024,0,"Vous apprendrez les mudrâ, et donc de nouveaux ninjutsu, au fur et à mesure que vous finissez les quêtes du job de ninja.
À vous de faire usage de cette panoplie d'attaques spéciales pour prendre l'avantage lors des combats<Indent/>!","",""
1860,1,0,152031,0,"La <UIForeground>F201FA</UIForeground><UIGlow>F201FB</UIGlow>cérémonie du lien éternel<UIGlow>01</UIGlow><UIForeground>01</UIForeground> est un office lors duquel deux êtres que le destin a rapprochés promettent de s'aimer pour toujours avec la bénédiction des Douze. Elle s'organise en ac<SoftHyphen/>com<SoftHyphen/>plis<SoftHyphen/>sant une quête spéciale.","",""
1861,1,0,152032,0,"Pour lancer cette quête, il faut s'adresser à <UIForeground>F201FA</UIForeground><UIGlow>F201FB</UIGlow>Claribel<UIGlow>01</UIGlow><UIForeground>01</UIForeground>, au Sanctuaire des Douze, dans la Forêt de l'est, en remplissant les conditions suivantes<Indent/>:
- Avoir formé une équipe de deux avec son partenaire.
- Porter chacun son bracelet de “promesse”.
- Avoir terminé la quête “La Voie des Héritiers”.","",""
1862,1,0,152033,0,"La quête permet d'obtenir les tenues pour le grand jour, de préparer les anneaux et de déterminer l'or<SoftHyphen/>ga<SoftHyphen/>ni<SoftHyphen/>sa<SoftHyphen/>tion de la cérémonie.
Certaines de ces étapes peuvent être effectuées indépendamment, mais elles nécessitent néanmoins une bonne coordination entre les deux partenaires. À vous donc de relever cette dernière épreuve avant de forger un lien éternel<Indent/>!","",""
1870,1,0,152041,0,"En s'adressant à <UIForeground>F201FA</UIForeground><UIGlow>F201FB</UIGlow>Raitmeaux<UIGlow>01</UIGlow><UIForeground>01</UIForeground>, dans la chapelle d'ivoire, vous et votre partenaire pouvez sélectionner ou vérifier divers éléments de votre cérémonie du lien éternel, comme le type d'office, la couleur des décorations, etc.
Seuls les choix d'un d'entre vous seront validés. Assurez-vous donc bien d'être d'accord avant le grand jour.","",""
1871,1,0,152042,0,"Pour choisir le jour et l'heure de la cérémonie, vous devez faire une réservation auprès d'<UIForeground>F201FA</UIForeground><UIGlow>F201FB</UIGlow>Etoinelle<UIGlow>01</UIGlow><UIForeground>01</UIForeground>, au Sanctuaire des Douze. Les réservations sont ouvertes chaque <Time(118800)/><Switch(TopLevelParameter(220))><Case(1)>dimanche</Case><Case(2)>lundi</Case><Case(3)>mardi</Case><Case(4)>mercredi</Case><Case(5)>jeudi</Case><Case(6)>vendredi</Case><Case(7)>samedi</Case></Switch> à <If(TopLevelParameter(218))><Switch(TopLevelParameter(218))><Case(1)>1</Case><Case(2)>2</Case><Case(3)>3</Case><Case(4)>4</Case><Case(5)>5</Case><Case(6)>6</Case><Case(7)>7</Case><Case(8)>8</Case><Case(9)>9</Case><Case(10)>10</Case><Case(11)>11</Case><Case(12)>12</Case><Case(13)>13</Case><Case(14)>14</Case><Case(15)>15</Case><Case(16)>16</Case><Case(17)>17</Case><Case(18)>18</Case><Case(19)>19</Case><Case(20)>20</Case><Case(21)>21</Case><Case(22)>22</Case><Case(23)>23</Case></Switch><Else/>0</If>h (temps réel, heure locale) pour la semaine qui commence le <Switch(TopLevelParameter(220))><Case(1)>dimanche</Case><Case(2)>lundi</Case><Case(3)>mardi</Case><Case(4)>mercredi</Case><Case(5)>jeudi</Case><Case(6)>vendredi</Case><Case(7)>samedi</Case></Switch> suivant. Cette action n'est possible qu'une fois par semaine.","",""
1872,1,0,152043,0,"Une fois la date de la cérémonie déterminée, vous obtiendrez un <UIForeground>F201FA</UIForeground><UIGlow>F201FB</UIGlow>modèle de faire-part<UIGlow>01</UIGlow><UIForeground>01</UIForeground>. Cet objet vous permettra de créer des invitations que vous pourrez envoyer ou remettre en mains propres à vos amis.
<UIForeground>F201F4</UIForeground><UIGlow>F201F5</UIGlow>* En fonction de l'état des serveurs, il peut arriver que certaines périodes soient indisponibles à la réservation.<UIGlow>01</UIGlow><UIForeground>01</UIForeground>","",""
1873,1,0,152044,0,"Le jour de la cérémonie, vous devrez vous adresser à Etoinelle pour accéder à la chapelle d'ivoire. Vous et votre partenaire vous verrez alors remettre chacun une cloche éternelle. Elle vous servira à donner le signal pour commencer ou passer à l'étape suivante. Fé<SoftHyphen/>li<SoftHyphen/>ci<SoftHyphen/>ta<SoftHyphen/>tions<Indent/>!","",""
1880,1,0,152051,0,"Vous avez reçu un <UIForeground>F201FA</UIForeground><UIGlow>F201FB</UIGlow>faire-part de cérémonie du lien éternel<UIGlow>01</UIGlow><UIForeground>01</UIForeground>, un objet nécessaire pour participer en tant qu'invité<If(PlayerParameter(4))>e<Else/></If> à l'office qui unira deux de vos camarades d'aventure. Il peut être échangé ou bien envoyé par courrier mog, veuillez donc en prendre grand soin.","",""
1881,1,0,152052,0,"Le nom des organisateurs et la date de la cérémonie sont inscrits dans la description de l'objet.
Veuillez vous rendre au Sanctuaire des Douze, dans la Forêt de l'est, et vous adressez à <UIForeground>F201FA</UIForeground><UIGlow>F201FB</UIGlow>Etoinelle<UIGlow>01</UIGlow><UIForeground>01</UIForeground> à l'heure indiquée pour accéder à la chapelle d'ivoire.","",""
1890,1,0,152081,0,"Vous avez reçu un <UIForeground>F201FA</UIForeground><UIGlow>F201FB</UIGlow>certificat de jeune chocobo<UIGlow>01</UIGlow><UIForeground>01</UIForeground><Indent/>!

Ce document vous garantit la propriété exclusive d'un chocobo élevé spé<SoftHyphen/>cia<SoftHyphen/>le<SoftHyphen/>ment pour la course.","",""
1891,1,0,152082,0,"Votre animal sera entraîné et pris en charge par les dresseurs des Montures Mog, au ranch de Brancharquée, jusqu'à ce qu'il fasse ses débuts en tant que coureur.

Notez que la perte ou la destruction du certificat entraînera la confiscation du chocobo. Faites-y bien attention.","",""
1892,1,0,152083,0,"Une fois votre chocobo inscrit au registre des courses, il sera déplacé aux écuries du Gold Saucer où il poursuivra son ap<SoftHyphen/>pren<SoftHyphen/>tis<SoftHyphen/>sage.

Gardez à l'esprit que vous ne pouvez inscrire qu'un seul animal à la fois.","",""
1900,1,0,152091,0,"Votre chocobo a appris une <UIForeground>F201FA</UIForeground><UIGlow>F201FB</UIGlow>aptitude de course<UIGlow>01</UIGlow><UIForeground>01</UIForeground><Indent/>!

Les aptitudes se divisent en deux types<Indent/>: les actions, qui ap<SoftHyphen/>pa<SoftHyphen/>rais<SoftHyphen/>sent dans la barre de raccourcis et que vous pouvez utiliser quand bon vous semble, et les traits, qui restent actifs pendant toute la durée de la course.","",""
1901,1,0,152092,0,"Certaines aptitudes de course sont transmises par les parents d'un chocobo<Indent/>; elles sont dites “<UIForeground>F201FA</UIForeground><UIGlow>F201FB</UIGlow>innées<UIGlow>01</UIGlow><UIForeground>01</UIForeground>”.

Les autres sont apprises avec l'expérience et sont dites “<UIForeground>F201FA</UIForeground><UIGlow>F201FB</UIGlow>acquises<UIGlow>01</UIGlow><UIForeground>01</UIForeground>”.","",""
1902,1,0,152093,0,"Con<SoftHyphen/>trai<SoftHyphen/>re<SoftHyphen/>ment aux aptitudes héréditaires, celles qui ont été acquises peuvent être oubliées par le chocobo en utilisant de l'<UIForeground>F201FA</UIForeground><UIGlow>F201FB</UIGlow>eau du Léthé<UIGlow>01</UIGlow><UIForeground>01</UIForeground>.

Sachez qu'il existe également des <UIForeground>F201FA</UIForeground><UIGlow>F201FB</UIGlow>manuels de dressage<UIGlow>01</UIGlow><UIForeground>01</UIForeground> qui permettent d'apprendre à son chocobo des aptitudes par<SoftHyphen/>ti<SoftHyphen/>cu<SoftHyphen/>liè<SoftHyphen/>res.","",""
1910,1,0,152101,0,"Votre chocobo de course a atteint le rang 40<Indent/>!

Les chocobos qui atteignent ce rang peuvent être <UIForeground>F201FA</UIForeground><UIGlow>F201FB</UIGlow>mis à la retraite<UIGlow>01</UIGlow><UIForeground>01</UIForeground> sans perte du droit de propriété. S'ils ne peuvent plus courir, ces animaux peuvent en revanche <UIForeground>F201FA</UIForeground><UIGlow>F201FB</UIGlow>s'accoupler<UIGlow>01</UIGlow><UIForeground>01</UIForeground> pour donner naissance à un petit.","",""
1911,1,0,152102,0,"Les ca<SoftHyphen/>rac<SoftHyphen/>té<SoftHyphen/>ris<SoftHyphen/>ti<SoftHyphen/>ques des nouveaux-nés dépendent du <UIForeground>F201FA</UIForeground><UIGlow>F201FB</UIGlow>pedigree<UIGlow>01</UIGlow><UIForeground>01</UIForeground> ainsi que du <UIForeground>F201FA</UIForeground><UIGlow>F201FB</UIGlow>niveau de pedigree<UIGlow>01</UIGlow><UIForeground>01</UIForeground> des parents.

Le niveau de pedigree (grade) est calculé à partir des différents attributs, comme l'accélération ou l'endurance.","",""
1912,1,0,152103,0,"Bien que le pedigree des deux parents détermine le niveau de pedigree du nouveau-né, l'animal dont le grade est le plus bas aura souvent le plus d'influence sur la descendance.","",""
1913,1,0,152104,0,"Sachez enfin qu'il est possible de louer des <UIForeground>F201FA</UIForeground><UIGlow>F201FB</UIGlow>chocobos de saillie<UIGlow>01</UIGlow><UIForeground>01</UIForeground> pour réaliser des accouplements. Les attributs de ces animaux sont inconnus au moment de l'emprunt, le hasard joue donc une part importante dans le processus.
<UIForeground>F201F4</UIForeground><UIGlow>F201F5</UIGlow>* Il est impossible de faire s'accoupler des animaux de reproduction entre eux.<UIGlow>01</UIGlow><UIForeground>01</UIForeground>","",""
1920,1,0,152111,0,"Avant de pouvoir créer un jeu avec vos cartes de Triple Triade, vous devez d'abord les ajouter à votre collection. Pour cela, il suffit de les utiliser via le sous-menu de l'inventaire.
Lorsque c'est fait, ouvrez la fenêtre <UIForeground>F201FA</UIForeground><UIGlow>F201FB</UIGlow>Gold Saucer<UIGlow>01</UIGlow><UIForeground>01</UIForeground> à partir de la rubrique <UIForeground>F201FA</UIForeground><UIGlow>F201FB</UIGlow>Personnage<UIGlow>01</UIGlow><UIForeground>01</UIForeground> du menu principal et sélectionnez <UIForeground>F201FA</UIForeground><UIGlow>F201FB</UIGlow>Jeux<UIGlow>01</UIGlow><UIForeground>01</UIForeground>.","",""
1921,1,0,152112,0,"Une fois votre jeu créé, tout ce qui vous reste à faire c'est de trouver un adversaire et de le défier en duel.

Si vous ne savez pas comment jouer à Triple Triade, demandez à la <UIForeground>F201FA</UIForeground><UIGlow>F201FB</UIGlow>croupière<UIGlow>01</UIGlow><UIForeground>01</UIForeground> de vous donner une leçon par<SoftHyphen/>ti<SoftHyphen/>cu<SoftHyphen/>liè<SoftHyphen/>re.","",""
1930,1,0,152121,0,"Vous pouvez désormais jouer à Triple Triade avec les autres personnages.

Si vous voyez quelqu'un avec un icone en forme de carte au-dessus de la tête, cela signifie qu'il recherche ac<SoftHyphen/>tu<SoftHyphen/>el<SoftHyphen/>le<SoftHyphen/>ment un adversaire.","",""
1931,1,0,152122,0,"Notez que les duels de Triple Triade ne se limitent pas à l'enceinte du Gold Saucer. Vous pouvez aussi défier les autres joueurs dans la plupart des lieux de passage d'Éorzéa (guilde des aventuriers, bar de Buscarron, etc.).
Partez en quête des cartes légendaires et créez un jeu imbattable<Indent/>!","",""
1940,1,0,152131,0,"Bienvenue au <UIForeground>F201FA</UIForeground><UIGlow>F201FB</UIGlow>Gold Saucer des Manderville<UIGlow>01</UIGlow><UIForeground>01</UIForeground>, le paradis du divertissement où tous vos espoirs et tous vos rêves peuvent se réaliser<Indent/>!","",""
1941,1,0,152132,0,"Pour participer aux différentes activités, vous devez d'abord échanger vos gils contre des points du Gold Saucer (PGS). Pour ce faire, adressez-vous à l'agent de change au comptoir principal.
Taux actuel<Indent/>: 1 PGS = 10 gils.
<UIForeground>F201F4</UIForeground><UIGlow>F201F5</UIGlow>* La loi uldienne interdit le Gold Saucer d'échanger plus de 500 PGS par client.<UIGlow>01</UIGlow><UIForeground>01</UIForeground>","",""
1942,1,0,152133,0,"Si les PGS ne peuvent pas être reconvertis en gils, ils peuvent cependant être utilisés pour acheter des articles merveilleux.

Parlez au <UIForeground>F201FA</UIForeground><UIGlow>F201FB</UIGlow>préposé aux lots<UIGlow>01</UIGlow><UIForeground>01</UIForeground> pour voir ce qu'il a à vous proposer.","",""
1950,1,0,152141,0,"Votre chocobo a atteint le rang 2<Indent/>!

Les catégories de course auxquelles votre animal peut accéder sont déterminées par sa <UIForeground>F201FA</UIForeground><UIGlow>F201FB</UIGlow>cote<UIGlow>01</UIGlow><UIForeground>01</UIForeground>. Plus cette valeur augmente, plus les courses proposées deviennent corsées et palpitantes.","",""
1951,1,0,152142,0,"La cote de votre chocobo est calculée selon plusieurs facteurs, notamment son <UIForeground>F201FA</UIForeground><UIGlow>F201FB</UIGlow>rang<UIGlow>01</UIGlow><UIForeground>01</UIForeground> et son <UIForeground>F201FA</UIForeground><UIGlow>F201FB</UIGlow>pedigree<UIGlow>01</UIGlow><UIForeground>01</UIForeground>.","",""
1952,1,0,152143,0,"Afin d'assurer l'équilibre de la compétition, les catégories de bas niveau deviennent inaccessibles chaque fois que la cote du chocobo dépasse un certain seuil.","",""
1960,1,0,152151,0,"Fé<SoftHyphen/>li<SoftHyphen/>ci<SoftHyphen/>ta<SoftHyphen/>tions<Indent/>! Vous avez obtenu un <UIForeground>F201FA</UIForeground><UIGlow>F201FB</UIGlow>cristal d'artisan<UIGlow>01</UIGlow><UIForeground>01</UIForeground>. Vous pouvez l'échanger contre celui de la classe d'artisanat de votre choix et ainsi devenir <UIForeground>F201FA</UIForeground><UIGlow>F201FB</UIGlow>spécialiste<UIGlow>01</UIGlow><UIForeground>01</UIForeground> de cette discipline.","",""
1961,1,0,152152,0,"Les spé<SoftHyphen/>cia<SoftHyphen/>listes ont accès à une panoplie d'<UIForeground>F201FA</UIForeground><UIGlow>F201FB</UIGlow>actions exclusives<UIGlow>01</UIGlow><UIForeground>01</UIForeground> qui leur permettent de réaliser des synthèses de meilleure qualité. Vous pouvez choisir <UIForeground>F201FA</UIForeground><UIGlow>F201FB</UIGlow>jusqu'à trois classes<UIGlow>01</UIGlow><UIForeground>01</UIForeground> dans lesquelles vous spécialiser, et en changer au besoin, mais attention, l'objet nécessaire n'est pas facile à obtenir.
<UIForeground>F201F4</UIForeground><UIGlow>F201F5</UIGlow>* Il n'est possible de changer de spécialité que 3 fois par semaine.<UIGlow>01</UIGlow><UIForeground>01</UIForeground>","",""
1962,0,0,0,0,"","",""
1963,0,0,0,0,"","",""
1970,0,0,0,0,"","",""
1980,1,0,152171,0,"Vous pouvez désormais voler à travers les cieux<Indent/>!

Enfourchez votre monture préférée et <UIForeground>F201FA</UIForeground><UIGlow>F201FB</UIGlow>sautez<UIGlow>01</UIGlow><UIForeground>01</UIForeground> pour décoller<Indent/>!","",""
1981,1,0,152172,0,"Une fois en vol, vous avez trois manœuvres de base à votre disposition<Indent/>: <UIForeground>F201FA</UIForeground><UIGlow>F201FB</UIGlow>avancer<UIGlow>01</UIGlow><UIForeground>01</UIForeground> avec les touches de déplacement, <UIForeground>F201FA</UIForeground><UIGlow>F201FB</UIGlow>monter<UIGlow>01</UIGlow><UIForeground>01</UIForeground> avec la touche pour sauter et <UIForeground>F201FA</UIForeground><UIGlow>F201FB</UIGlow>atterrir<UIGlow>01</UIGlow><UIForeground>01</UIForeground> avec celle pour dégainer/rengainer.","",""
1982,1,0,152172,0,"Une fois en vol, vous avez trois manœuvres de base à votre disposition<Indent/>: <UIForeground>F201FA</UIForeground><UIGlow>F201FB</UIGlow>avancer<UIGlow>01</UIGlow><UIForeground>01</UIForeground> avec les commandes de déplacement, <UIForeground>F201FA</UIForeground><UIGlow>F201FB</UIGlow>monter<UIGlow>01</UIGlow><UIForeground>01</UIForeground> avec <CommandIcon(11)/> et <UIForeground>F201FA</UIForeground><UIGlow>F201FB</UIGlow>atterrir<UIGlow>01</UIGlow><UIForeground>01</UIForeground> avec <CommandIcon(12)/>+<CommandIcon(13)/>.","",""
1983,0,0,0,0,"","",""
1990,0,0,0,0,"","",""
1991,0,0,0,0,"","",""
1992,0,0,0,0,"","",""
1993,0,0,0,0,"","",""
2000,0,0,0,0,"","",""
2001,0,0,0,0,"","",""
2002,0,0,0,0,"","",""
2003,0,0,0,0,"","",""
2010,1,0,152391,0,"Vos actions vous ont permis d'acquérir le statut de <UIForeground>F201FA</UIForeground><UIGlow>F201FB</UIGlow>mentor<UIGlow>01</UIGlow><UIForeground>01</UIForeground><Indent/>! Cela vous donne la possibilité de venir en aide aux autres joueurs, notamment aux <UIForeground>F201FA</UIForeground><UIGlow>F201FB</UIGlow>novices<UIGlow>01</UIGlow><UIForeground>01</UIForeground>, lorsqu'ils ont des questions ou du mal à surmonter des épreuves dans le jeu.","",""
2011,1,0,152392,0,"Vous pouvez également utiliser l'<UIForeground>F201FA</UIForeground><UIGlow>F201FB</UIGlow>état en ligne<UIGlow>01</UIGlow><UIForeground>01</UIForeground> correspondant à votre type de mentor. Cela permet aux joueurs de savoir im<SoftHyphen/>mé<SoftHyphen/>dia<SoftHyphen/>te<SoftHyphen/>ment à qui s'adresser lorsqu'ils ont un problème à résoudre ou besoin de ren<SoftHyphen/>sei<SoftHyphen/>gne<SoftHyphen/>ments.","",""
2012,1,0,152393,0,"Notez d'ailleurs que vous pouvez indiquer quel type d'activités dans le jeu est votre domaine de prédilection suivant votre statut<Indent/>:
<Gui(79)/> (JcE) et <Gui(81)/> (JcJ) pour les mentors de combat
<Gui(80)/> pour les mentors d'artisanat et récolte
<Gui(78)/> pour les mentors polyvalents.
N'hésitez donc pas à vous faire connaître et à apporter votre soutien à ceux qui en font la demande<Indent/>!","",""
2013,1,0,152394,0,"Lorsque vous agissez en tant que mentor, vous pouvez inviter des joueurs débutants dans le <UIForeground>F201FA</UIForeground><UIGlow>F201FB</UIGlow>réseau des novices<UIGlow>01</UIGlow><UIForeground>01</UIForeground>, un mode de discussion consacré à l'entraide.
Les mentors de combat ont également accès à la <UIForeground>F201FA</UIForeground><UIGlow>F201FB</UIGlow>mission aléatoire<Indent/>: mentor<UIGlow>01</UIGlow><UIForeground>01</UIForeground>, qui leur permet d'obtenir des récompenses spéciales.","",""
2020,1,0,152211,0,"Outre les points de récolte normaux, il en existe que l'on qualifie d'<UIForeground>F201FA</UIForeground><UIGlow>F201FB</UIGlow>éphémères<UIGlow>01</UIGlow><UIForeground>01</UIForeground>. Bien qu'ils ap<SoftHyphen/>pa<SoftHyphen/>rais<SoftHyphen/>sent dans votre carnet de récolte, vous ne pourrez les découvrir qu'à des horaires précis de la journée.","",""
2030,1,0,152221,0,"Les traits <UIForeground>F201FA</UIForeground><UIGlow>F201FB</UIGlow>Amoureux des pierres<UIGlow>01</UIGlow><UIForeground>01</UIForeground> et <UIForeground>F201FA</UIForeground><UIGlow>F201FB</UIGlow>Amoureux des arbres<UIGlow>01</UIGlow><UIForeground>01</UIForeground> permettent respectivement aux mineurs et aux botanistes de mieux comprendre la nature des points de récoltes, mais parmi ces derniers, il en existe dont les propriétés sont cachées.","",""
2031,1,0,152222,0,"Pour être découvertes, ces propriétés cachées requièrent un degré plus avancé de ces traits, mais cela ne veut pas dire pour autant qu'elles se révèleront systématiquement à vous. Vous avez donc tout intérêt à saisir cette chance lorsqu'elle se présente à vous<Indent/>!","",""
2040,0,0,0,0,"","",""
2041,0,0,0,0,"","",""
2050,1,0,152241,0,"Vous avez acquis un objet qui peut être <UIForeground>F201FA</UIForeground><UIGlow>F201FB</UIGlow>éthérolysé<UIGlow>01</UIGlow><UIForeground>01</UIForeground>. Cette opération aura pour effet de le désintégrer, mais vous permettra d'obtenir en échange des matériaux. Plus la <UIForeground>F201FA</UIForeground><UIGlow>F201FB</UIGlow>valeur de collection<UIGlow>01</UIGlow><UIForeground>01</UIForeground> de l'objet d'origine est élevée, plus vous en obtiendrez<Indent/>!","",""
2060,1,0,152251,0,"Les livres appelés <UIForeground>F201FA</UIForeground><UIGlow>F201FB</UIGlow>Légendes locales<UIGlow>01</UIGlow><UIForeground>01</UIForeground> répertorient des lieux de récolte qui ne peuvent pas être découverts normalement. Une fois ces objets utilisés, les in<SoftHyphen/>for<SoftHyphen/>ma<SoftHyphen/>tions qu'ils contiennent ap<SoftHyphen/>pa<SoftHyphen/>rais<SoftHyphen/>sent dans votre <UIForeground>F201FA</UIForeground><UIGlow>F201FB</UIGlow>carnet de récolte<UIGlow>01</UIGlow><UIForeground>01</UIForeground> dans l'onglet “Spécial”.","",""
2061,1,0,152252,0,"Vous pouvez dans ce même onglet vérifier quels exemplaires des <UIForeground>F201FA</UIForeground><UIGlow>F201FB</UIGlow>Légendes locales<UIGlow>01</UIGlow><UIForeground>01</UIForeground> manquent encore à votre collection. Essayez de tous les obtenir pour pouvoir récolter un maximum d'objets rares<Indent/>!","",""
2070,0,0,0,0,"","",""
2071,0,0,0,0,"","",""
2072,0,0,0,0,"","",""
2073,0,0,0,0,"","",""
2080,0,0,0,0,"","",""
2090,1,0,152271,0,"Lorsque vous ouvrez un coffre au trésor, un module de répartition du <UIForeground>F201FA</UIForeground><UIGlow>F201FB</UIGlow>butin<UIGlow>01</UIGlow><UIForeground>01</UIForeground> apparaît à l'écran. Si un de vos équipiers ouvre un coffre, une annonce s'affiche dans le coin inférieur droit de l'écran. Cliquer sur cette dernière permet de faire apparaître le module de répartition.","",""
2091,1,0,152272,0,"Pour chaque objet, vous pouvez choisir les options suivantes<Indent/>:
<UIForeground>F201FA</UIForeground><UIGlow>F201FB</UIGlow>Besoin<UIGlow>01</UIGlow><UIForeground>01</UIForeground><Indent/>: vous le voulez absolument.
<UIForeground>F201FA</UIForeground><UIGlow>F201FB</UIGlow>Cupidité<UIGlow>01</UIGlow><UIForeground>01</UIForeground><Indent/>: vous êtes intéressé(e), mais vous pouvez vous en passer.
<UIForeground>F201FA</UIForeground><UIGlow>F201FB</UIGlow>Passer<UIGlow>01</UIGlow><UIForeground>01</UIForeground><Indent/>: vous ne le voulez pas.

Lorsque tous les équipiers ont fait leur choix, le butin est distribué au<SoftHyphen/>to<SoftHyphen/>ma<SoftHyphen/>ti<SoftHyphen/>que<SoftHyphen/>ment.","",""
2092,1,0,152273,0,"En ce qui concerne les objets vis-à-vis desquels vous avez opté pour Besoin ou Cupidité, vous pouvez changer d'avis et sélectionner Passer à la place, mais ce choix est alors définitif. Si tous les équipiers ont choisi Passer, l'objet est jeté et définitivement perdu.","",""
2093,1,0,152274,0,"Les gils et les objets de quête sont au<SoftHyphen/>to<SoftHyphen/>ma<SoftHyphen/>ti<SoftHyphen/>que<SoftHyphen/>ment répartis de manière équitable entre tous les équipiers.","",""
2094,1,0,152271,0,"Lorsque vous ouvrez un coffre au trésor, un module de répartition du <UIForeground>F201FA</UIForeground><UIGlow>F201FB</UIGlow>butin<UIGlow>01</UIGlow><UIForeground>01</UIForeground> apparaît à l'écran. Si un de vos équipiers ouvre un coffre, une annonce s'affiche dans le coin inférieur droit de l'écran. Sélectionner cette dernière permet de faire apparaître le module de répartition.","",""
2100,1,0,152281,0,"Lorsque vous participez à une mission en équipe préformée ou avec l'option “Sans restriction”, le chef d'équipe peut choisir entre les options <UIForeground>F201FA</UIForeground><UIGlow>F201FB</UIGlow>Juste cupidité<UIGlow>01</UIGlow><UIForeground>01</UIForeground> et <UIForeground>F201FA</UIForeground><UIGlow>F201FB</UIGlow>Maître du butin<UIGlow>01</UIGlow><UIForeground>01</UIForeground> comme règle du butin.","",""
2101,1,0,152282,0,"La règle du butin peut être changée à tout moment par le biais de l'<UIForeground>F201FA</UIForeground><UIGlow>F201FB</UIGlow>outil de mission<UIGlow>01</UIGlow><UIForeground>01</UIForeground>, tant que la mission n'a pas encore commencé. Il est recommandé que le chef d'équipe annonce tout changement pour éviter toute confusion.","",""
2110,1,0,152291,0,"À Ishgard, les mandats ne sont pas émis par la guilde des aventuriers, mais par les <UIForeground>F201FA</UIForeground><UIGlow>F201FB</UIGlow>templiers<UIGlow>01</UIGlow><UIForeground>01</UIForeground>. Le système reste toutefois grandement le même, la seule différence étant qu'en plus des mandats ordinaires qui coûtent une au<SoftHyphen/>to<SoftHyphen/>ri<SoftHyphen/>sa<SoftHyphen/>tion, il existe également des <UIForeground>F201FA</UIForeground><UIGlow>F201FB</UIGlow>grands mandats<UIGlow>01</UIGlow><UIForeground>01</UIForeground> qui en requièrent <UIForeground>F201FA</UIForeground><UIGlow>F201FB</UIGlow>dix<UIGlow>01</UIGlow><UIForeground>01</UIForeground> et offrent une meilleure récompense en échange d'un plus grand effort.","",""
2111,1,0,152292,0,"Les coffres au trésor découverts sur le champ de bataille pendant les mandats de mercenariat contiennent parfois des <UIForeground>F201FA</UIForeground><UIGlow>F201FB</UIGlow>morceaux d'ambre à insecte<UIGlow>01</UIGlow><UIForeground>01</UIForeground>. Cette matière peu courante peut être échangée contre des objets exclusifs auprès de la <UIForeground>F201FA</UIForeground><UIGlow>F201FB</UIGlow>col<SoftHyphen/>lec<SoftHyphen/>tion<SoftHyphen/>neuse d'ambre rare<UIGlow>01</UIGlow><UIForeground>01</UIForeground>.","",""
2120,1,0,152301,0,"Vous avez obtenu un <UIForeground>F201FA</UIForeground><UIGlow>F201FB</UIGlow>objet collectionnable<UIGlow>01</UIGlow><UIForeground>01</UIForeground><Indent/>! Il est doté d'une <UIForeground>F201FA</UIForeground><UIGlow>F201FB</UIGlow>valeur de collection<UIGlow>01</UIGlow><UIForeground>01</UIForeground>. Plus celle-ci est élevée, plus l'objet sera précieux aux yeux de certains PNJ.","",""
2121,1,0,152302,0,"Les objets collectionnables ne peuvent être ni empilés, ni vendus à des marchands, ni consommés, ni utilisés comme matériaux de synthèse.","",""
2122,1,0,152303,0,"Si une recette a la mention “Synthèse collectionnable uniquement” dans sa liste de conditions, les objets créés seront collectionnables quoi qu'il arrive. Leur valeur de collection dépend de leur qualité, veillez donc à la maximiser du mieux que vous pouvez<Indent/>!","",""
2130,0,0,0,0,"","",""
2131,0,0,0,0,"","",""
2132,0,0,0,0,"","",""
2140,1,0,152321,0,"Vous avez appris <UIForeground>F201FA</UIForeground><UIGlow>F201FB</UIGlow>Gant de col<SoftHyphen/>lec<SoftHyphen/>tion<SoftHyphen/>neur<UIGlow>01</UIGlow><UIForeground>01</UIForeground>, une action réservée aux disciples de la terre et qui confère l'éffet du même nom, lequel permet de récolter les <UIForeground>F201FA</UIForeground><UIGlow>F201FB</UIGlow>objets collectionnables<UIGlow>01</UIGlow><UIForeground>01</UIForeground>.","",""
2141,1,0,152322,0,"Tout poisson pêché sous l'effet <UIForeground>F201FA</UIForeground><UIGlow>F201FB</UIGlow>Gant de col<SoftHyphen/>lec<SoftHyphen/>tion<SoftHyphen/>neur<UIGlow>01</UIGlow><UIForeground>01</UIForeground> deviendra un objet collectionnable, sa taille influençant sa <UIForeground>F201FA</UIForeground><UIGlow>F201FB</UIGlow>valeur de collection<UIGlow>01</UIGlow><UIForeground>01</UIForeground>.","",""
2150,0,0,0,0,"","",""
2160,0,0,0,0,"","",""
2161,0,0,0,0,"","",""
2170,1,0,152341,0,"Vous pouvez désormais jouer à <UIForeground>F201FA</UIForeground><UIGlow>F201FB</UIGlow>Choc des mascottes (CdM)<UIGlow>01</UIGlow><UIForeground>01</UIForeground><Indent/>!
Invoquez vos petits compagnons et dirigez-les dans des combats mignons mais impitoyables contre les mascottes des autres aventuriers.

<UIForeground>F201F4</UIForeground><UIGlow>F201F5</UIGlow>* Un mode Entraînement permet d'apprendre seul et à son rythme.<UIGlow>01</UIGlow><UIForeground>01</UIForeground>","",""
2171,1,0,152342,0,"L'invocation des mascottes pendant les batailles se fait par le biais des <UIForeground>F201FA</UIForeground><UIGlow>F201FB</UIGlow>barres CdM<UIGlow>01</UIGlow><UIForeground>01</UIForeground>.
Pour les <UIForeground>F201FA</UIForeground><UIGlow>F201FB</UIGlow>éditer<UIGlow>01</UIGlow><UIForeground>01</UIForeground>, sélectionnez <UIForeground>F201FA</UIForeground><UIGlow>F201FB</UIGlow>CdM<UIGlow>01</UIGlow><UIForeground>01</UIForeground> dans la fenêtre du <UIForeground>F201FA</UIForeground><UIGlow>F201FB</UIGlow>Gold Saucer<UIGlow>01</UIGlow><UIForeground>01</UIForeground>, accessible depuis le menu principal.

<UIForeground>F201F4</UIForeground><UIGlow>F201F5</UIGlow>* Il est possible de jouer sans avoir placé de mascottes dans ses barres CdM.<UIGlow>01</UIGlow><UIForeground>01</UIForeground>","",""
2172,1,0,152343,0,"Vos <UIForeground>F201FA</UIForeground><UIGlow>F201FB</UIGlow>points de rang (PR)<UIGlow>01</UIGlow><UIForeground>01</UIForeground> indiquent votre niveau au jeu. Affrontez d'autres aventuriers pour en gagner... ou en perdre<Indent/>!
Pour vérifier votre nombre de PR, sélectionnez <UIForeground>F201FA</UIForeground><UIGlow>F201FB</UIGlow>CdM<UIGlow>01</UIGlow><UIForeground>01</UIForeground> dans la fenêtre du <UIForeground>F201FA</UIForeground><UIGlow>F201FB</UIGlow>Gold Saucer<UIGlow>01</UIGlow><UIForeground>01</UIForeground>.
<UIForeground>F201F4</UIForeground><UIGlow>F201F5</UIGlow>* Les batailles entre joueurs se basent sur les PR pour opposer des adversaires de niveaux proches.<UIGlow>01</UIGlow><UIForeground>01</UIForeground>
","",""
2173,1,0,152344,0,"Trois modes de jeu sont disponibles pour CdM<Indent/>:
<UIForeground>F201FA</UIForeground><UIGlow>F201FB</UIGlow>- Entraînement<UIGlow>01</UIGlow><UIForeground>01</UIForeground>
Pour assimiler les règles de base en jouant seul.
<UIForeground>F201FA</UIForeground><UIGlow>F201FB</UIGlow>- Bataille simple<UIGlow>01</UIGlow><UIForeground>01</UIForeground>
Pour affronter d'autres aventuriers dans des matches amicaux ou plus sérieux, avec gain ou perte de PR.","",""
2174,1,0,152345,0,"<UIForeground>F201FA</UIForeground><UIGlow>F201FB</UIGlow>- Tournoi<UIGlow>01</UIGlow><UIForeground>01</UIForeground>
Pour les joueurs souhaitant s'inscrire aux tournois organisés ré<SoftHyphen/>gu<SoftHyphen/>liè<SoftHyphen/>re<SoftHyphen/>ment, et gagner plus de points en cas de victoire contre d'autres aventuriers.

<UIForeground>F201F4</UIForeground><UIGlow>F201F5</UIGlow>* Des règles spécifiques sont appliquées lors des tournois.<UIGlow>01</UIGlow><UIForeground>01</UIForeground>","",""
2180,1,0,152351,0,"À CdM, les mascottes sont classées selon quatre <UIForeground>F201FA</UIForeground><UIGlow>F201FB</UIGlow>types<UIGlow>01</UIGlow><UIForeground>01</UIForeground>, entre lesquels existent des rapports de dominance. Ainsi, une mascotte d'un certain type infligera davantage de dégâts contre celles d'un autre, mais en subira également plus face à un troisième type.","",""
2181,1,0,152352,0,"<UIForeground>F201FA</UIForeground><UIGlow>F201FB</UIGlow>- Monstres<UIGlow>01</UIGlow><UIForeground>01</UIForeground>
Ils sont forts face aux <UIForeground>F201FA</UIForeground><UIGlow>F201FB</UIGlow>créatures<UIGlow>01</UIGlow><UIForeground>01</UIForeground>, mais désavantagés face aux <UIForeground>F201FA</UIForeground><UIGlow>F201FB</UIGlow>poupées<UIGlow>01</UIGlow><UIForeground>01</UIForeground>.

<UIForeground>F201FA</UIForeground><UIGlow>F201FB</UIGlow>- Créatures<UIGlow>01</UIGlow><UIForeground>01</UIForeground>
Elles ont l'avantage contre les <UIForeground>F201FA</UIForeground><UIGlow>F201FB</UIGlow>poupées<UIGlow>01</UIGlow><UIForeground>01</UIForeground>, mais sont faibles face aux <UIForeground>F201FA</UIForeground><UIGlow>F201FB</UIGlow>monstres<UIGlow>01</UIGlow><UIForeground>01</UIForeground>.","",""
2182,1,0,152353,0,"<UIForeground>F201FA</UIForeground><UIGlow>F201FB</UIGlow>- Poupées<UIGlow>01</UIGlow><UIForeground>01</UIForeground>
Elles sont fortes face aux <UIForeground>F201FA</UIForeground><UIGlow>F201FB</UIGlow>monstres<UIGlow>01</UIGlow><UIForeground>01</UIForeground>, mais désavantagées face aux <UIForeground>F201FA</UIForeground><UIGlow>F201FB</UIGlow>créatures<UIGlow>01</UIGlow><UIForeground>01</UIForeground>.

<UIForeground>F201FA</UIForeground><UIGlow>F201FB</UIGlow>- Mécanismes<UIGlow>01</UIGlow><UIForeground>01</UIForeground>
Ils n'ont ni handicap ni avantage face aux autres types de mascottes.","",""
2183,1,0,152354,0,"Les mascottes peuvent également avoir un effet de <UIForeground>F201FA</UIForeground><UIGlow>F201FB</UIGlow>destruction<UIGlow>01</UIGlow><UIForeground>01</UIForeground> contre certaines ins<SoftHyphen/>tal<SoftHyphen/>la<SoftHyphen/>tions présentes sur le champ de bataille.

Ne perdez pas de vue ces critères au moment d'<UIForeground>F201FA</UIForeground><UIGlow>F201FB</UIGlow>éditer vos barres CdM<UIGlow>01</UIGlow><UIForeground>01</UIForeground> ou lorsque vous consulterez la <UIForeground>F201FA</UIForeground><UIGlow>F201FB</UIGlow>liste CdM<UIGlow>01</UIGlow><UIForeground>01</UIForeground> en plein combat.","",""
2190,1,0,152361,0,"Différentes ins<SoftHyphen/>tal<SoftHyphen/>la<SoftHyphen/>tions sont présentes dans l'arène de combat<Indent/>:

<UIForeground>F201FA</UIForeground><UIGlow>F201FB</UIGlow>- Bouclier<UIGlow>01</UIGlow><UIForeground>01</UIForeground>
Il sert à protéger les pierres arcaniques. Il suffit donc de <UIForeground>F201FA</UIForeground><UIGlow>F201FB</UIGlow>détruire<UIGlow>01</UIGlow><UIForeground>01</UIForeground> celui de votre adversaire pour infliger des dégâts plus importants aux siennes.","",""
2191,1,0,152362,0,"<UIForeground>F201FA</UIForeground><UIGlow>F201FB</UIGlow>- Œil scrutateur<UIGlow>01</UIGlow><UIForeground>01</UIForeground>
Il permet de rendre visibles les mascottes ennemies. Si votre adversaire parvient à <UIForeground>F201FA</UIForeground><UIGlow>F201FB</UIGlow>détruire<UIGlow>01</UIGlow><UIForeground>01</UIForeground> le vôtre, ses mascottes n'ap<SoftHyphen/>pa<SoftHyphen/>raî<SoftHyphen/>tront plus sur la carte et <UIForeground>F201FA</UIForeground><UIGlow>F201FB</UIGlow>vous ne verrez plus celles qui se tiennent à bonne distance de vos troupes<UIGlow>01</UIGlow><UIForeground>01</UIForeground> sur le terrain.","",""
2192,1,0,152363,0,"<UIForeground>F201FA</UIForeground><UIGlow>F201FB</UIGlow>- Portail<UIGlow>01</UIGlow><UIForeground>01</UIForeground>
Ils servent de point d'accès aux mascottes et leur permettent de récupérer des PV lorsqu'elles s'y tiennent.

En cas de <UIForeground>F201FA</UIForeground><UIGlow>F201FB</UIGlow>destruction<UIGlow>01</UIGlow><UIForeground>01</UIForeground>, vous pouvez toujours invoquer vos mascottes, mais elles ne pourront plus entrer ni sortir de ce portail.","",""
2193,1,0,152364,0,"<UIForeground>F201FA</UIForeground><UIGlow>F201FB</UIGlow>- Portail (suite)<UIGlow>01</UIGlow><UIForeground>01</UIForeground>
  Les mascottes sont insensibles aux attaques de leurs ennemis quand elle sont dans un portail et peuvent être téléportées instantanément vers un autre.","",""
2194,1,0,152365,0,"Votre ennemi a détruit vos ins<SoftHyphen/>tal<SoftHyphen/>la<SoftHyphen/>tions<Indent/>? Ne paniquez pas, aucune <UIForeground>F201FA</UIForeground><UIGlow>F201FB</UIGlow>destruction<UIGlow>01</UIGlow><UIForeground>01</UIForeground> n'est permanente. Elles seront de nouveau opérationnelles passé un certain délai, et ce <UIForeground>F201FA</UIForeground><UIGlow>F201FB</UIGlow>réta<SoftHyphen/>blis<SoftHyphen/>se<SoftHyphen/>ment<UIGlow>01</UIGlow><UIForeground>01</UIForeground> sera d'ailleurs plus rapide si vous placez quelques mascottes autour de l'objet hors service.
<UIForeground>F201F4</UIForeground><UIGlow>F201F5</UIGlow>* Ceci ne concerne pas les pierres arcaniques.<UIGlow>01</UIGlow><UIForeground>01</UIForeground>","",""
2200,1,0,152371,0,"Lorsque l'icone <UIForeground>F201FC</UIForeground><UIGlow>F201FD</UIGlow><UIGlow>01</UIGlow><UIForeground>01</UIForeground> apparaît devant un titre de quête, celle-ci est sujette à la <UIForeground>F201FA</UIForeground><UIGlow>F201FB</UIGlow>synchronisation de quête<UIGlow>01</UIGlow><UIForeground>01</UIForeground>. Le niveau de votre personnage définira la difficulté des combats, tandis que son niveau au moment de l'achever déterminera le nombre de points d'expérience reçus en récompense.","",""
2201,1,0,152372,0,"En revanche, pour certaines quêtes parmi celles-ci, il n'est possible de progresser qu'avec la classe ou le job qui a servi à les commencer. Vous ne pourrez pas les continuer si vous en changez en cours de route. Ces quêtes sont indiquées par la mention <UIForeground>F201FA</UIForeground><UIGlow>F201FB</UIGlow>synchronisation de quête avec limitation de job ou de classe<UIGlow>01</UIGlow><UIForeground>01</UIForeground>.","",""
2210,1,0,152381,0,"Certaines quêtes sont marquées d'un icone <UIForeground>F201F6</UIForeground><UIGlow>F201F7</UIGlow><UIGlow>01</UIGlow><UIForeground>01</UIForeground>, signifiant qu'elles font l'objet de la règle spéciale “<UIForeground>F201FA</UIForeground><UIGlow>F201FB</UIGlow>classe ou job fixe<UIGlow>01</UIGlow><UIForeground>01</UIForeground>”. Autrement dit, il n'est possible de progresser dans une de ces quêtes qu'avec la classe ou le job qui a servi à la commencer.","",""
2220,1,0,152411,0,"L'<UIForeground>F201FA</UIForeground><UIGlow>F201FB</UIGlow>orchestrion<UIGlow>01</UIGlow><UIForeground>01</UIForeground> est un meuble permettant de jouer les musiques de votre choix. Outre la lecture et l'arrêt, il offre la possibilité de créer une liste de lecture comprenant <UIForeground>F201FA</UIForeground><UIGlow>F201FB</UIGlow>jusqu'à huit morceaux<UIGlow>01</UIGlow><UIForeground>01</UIForeground>. Vous en trouverez également dans les chambres d'auberge, dotés uniquement des fonctions lecture et arrêt.","",""
2221,1,0,152412,0,"Pour jouer un morceau, vous devez posséder le <UIForeground>F201FA</UIForeground><UIGlow>F201FB</UIGlow>rouleau d'orchestrion<UIGlow>01</UIGlow><UIForeground>01</UIForeground> correspondant. Vous pourrez en acquérir de diverses façons.

Utilisez un rouleau pour ajouter le morceau désigné à la <UIForeground>F201FA</UIForeground><UIGlow>F201FB</UIGlow>liste<UIGlow>01</UIGlow><UIForeground>01</UIForeground> de ceux disponibles. Celle-ci peut être consultée à tout moment via la section <UIForeground>F201FA</UIForeground><UIGlow>F201FB</UIGlow>Carnets<UIGlow>01</UIGlow><UIForeground>01</UIForeground> du menu principal.","",""
2222,1,0,152413,0,"Cliquez sur l'orchestrion d'un logement puis sur <UIForeground>F201FA</UIForeground><UIGlow>F201FB</UIGlow>Choisir un morceau<UIGlow>01</UIGlow><UIForeground>01</UIForeground> pour voir les pistes disponibles. De là, sélectionnez-en une pour l'écouter en privé. Cliquez dessus une deuxième fois pour la jouer dans toute la pièce, et une dernière fois pour stopper la lecture. Notez que le sous-menu de chaque morceau contient aussi ces trois fonctions.
* L'orchestrion des chambres d'auberge jouera directement les morceaux dans la pièce, sans passer par l'écoute en privé.","",""
2223,1,0,152414,0,"L'orchestrion vous permet en outre de créer une liste de lecture et de la modifier à votre guise (sauf dans les chambres d'auberge). Pour cela, il vous suffit de cliquer sur <UIForeground>F201FA</UIForeground><UIGlow>F201FB</UIGlow>Modifier la liste<UIGlow>01</UIGlow><UIForeground>01</UIForeground>.
Une fois votre liste créée, trois modes de lecture s'offrent à vous<Indent/>: <UIForeground>F201FA</UIForeground><UIGlow>F201FB</UIGlow>Lecture séquentielle<UIGlow>01</UIGlow><UIForeground>01</UIForeground>, <UIForeground>F201FA</UIForeground><UIGlow>F201FB</UIGlow>Lecture aléatoire<UIGlow>01</UIGlow><UIForeground>01</UIForeground> et <UIForeground>F201FA</UIForeground><UIGlow>F201FB</UIGlow>Morceau unique<UIGlow>01</UIGlow><UIForeground>01</UIForeground>.","",""
2224,1,0,152415,0,"Choisissez <UIForeground>F201FA</UIForeground><UIGlow>F201FB</UIGlow>Lecture séquentielle<UIGlow>01</UIGlow><UIForeground>01</UIForeground> pour jouer les morceaux de la liste dans l'ordre, <UIForeground>F201FA</UIForeground><UIGlow>F201FB</UIGlow>Lecture aléatoire<UIGlow>01</UIGlow><UIForeground>01</UIForeground> pour les jouer dans le désordre, et <UIForeground>F201FA</UIForeground><UIGlow>F201FB</UIGlow>Morceau unique<UIGlow>01</UIGlow><UIForeground>01</UIForeground> pour répéter le même morceau en boucle.
Changez de mode lecture grâce aux boutons au bas de la fenêtre de réglage ou le sous-menu de chaque morceau.
Enfin, utilisez l'option <UIForeground>F201FA</UIForeground><UIGlow>F201FB</UIGlow>Choisir un morceau<UIGlow>01</UIGlow><UIForeground>01</UIForeground> pour jouer une musique sans défaire votre liste de lecture.","",""
2230,1,0,152421,0,"Les pots de fleurs vous donnent la possibilité de faire du jardinage dans votre maison. Par ailleurs, en utilisant des engrais appelés “tourteaux” vous pouvez donner la couleur de votre choix aux fleurs que vous faites pousser. Ces dernières peuvent d'ailleurs être ensuite disposées dans des vases pour décorer votre intérieur.","",""
2240,1,0,152431,0,"Il peut arriver qu'un <UIForeground>F201FA</UIForeground><UIGlow>F201FB</UIGlow>portail magique<UIGlow>01</UIGlow><UIForeground>01</UIForeground> apparaisse lorsque vous ouvrez un coffre de la chasse aux trésors. Le toucher vous permettra, à vous et à vos équipiers, d'accéder à une instance comme l'<UIForeground>F201FA</UIForeground><UIGlow>F201FB</UIGlow>Aquapole<UIGlow>01</UIGlow><UIForeground>01</UIForeground>, où se trouvent de nombreux objets précieux.","",""
2241,1,0,152432,0,"Ces caches au trésor sont constituées de plusieurs salles au trésor, reliées les unes aux autres par des <UIForeground>F201FA</UIForeground><UIGlow>F201FB</UIGlow>portes<UIGlow>01</UIGlow><UIForeground>01</UIForeground> fermées à <UIForeground>F201FA</UIForeground><UIGlow>F201FB</UIGlow>clef<UIGlow>01</UIGlow><UIForeground>01</UIForeground>. Mais attention, il existe également des portes piégées. À vous donc de choisir à chaque fois parmi celles qui s'offrent à vous... et d'espérer que c'est la bonne.","",""
2242,1,0,152433,0,"Si par malheur vous ouvrez la mauvaise porte dans une salle, le piège s'enclenchera et vos camarades et vous-même serez im<SoftHyphen/>mé<SoftHyphen/>dia<SoftHyphen/>te<SoftHyphen/>ment expulsés des lieux. Il ne vous restera alors plus qu'à espérer découvrir un nouveau portail magique et à retenter votre chance pour conquérir l'endroit<Indent/>! Récemment, certains aventuriers soutiennent même que ces passages secrets mènent parfois à des endroits encore plus mystérieux...","",""
2250,1,0,152441,0,"L'<UIForeground>F201FA</UIForeground><UIGlow>F201FB</UIGlow>aquarium<UIGlow>01</UIGlow><UIForeground>01</UIForeground> est un meuble vous permettant d'admirer à loisir les poissons que vous avez pêchés.

Ouvrez la fenêtre Paramètres de l'aquarium pour en modifier le <UIForeground>F201FA</UIForeground><UIGlow>F201FB</UIGlow>Milieu<UIGlow>01</UIGlow><UIForeground>01</UIForeground>, le <UIForeground>F201FA</UIForeground><UIGlow>F201FB</UIGlow>Décor<UIGlow>01</UIGlow><UIForeground>01</UIForeground> et les <UIForeground>F201FA</UIForeground><UIGlow>F201FB</UIGlow>Poissons<UIGlow>01</UIGlow><UIForeground>01</UIForeground>.","",""
2251,1,0,152442,0,"L'option <UIForeground>F201FA</UIForeground><UIGlow>F201FB</UIGlow>Milieu<UIGlow>01</UIGlow><UIForeground>01</UIForeground> vous offre le choix entre de l'<UIForeground>F201FA</UIForeground><UIGlow>F201FB</UIGlow>Eau douce<UIGlow>01</UIGlow><UIForeground>01</UIForeground> et de l'<UIForeground>F201FA</UIForeground><UIGlow>F201FB</UIGlow>Eau de mer<UIGlow>01</UIGlow><UIForeground>01</UIForeground>, sachant que vous ne pourrez mettre dans votre aquarium que des espèces adaptées au milieu choisi.
L'option <UIForeground>F201FA</UIForeground><UIGlow>F201FB</UIGlow>Décor<UIGlow>01</UIGlow><UIForeground>01</UIForeground> vous permet quant à elle de choisir la décoration d'aquarium qui vous plaît.","",""
2252,1,0,152443,0,"Dans la partie <UIForeground>F201FA</UIForeground><UIGlow>F201FB</UIGlow>Poissons<UIGlow>01</UIGlow><UIForeground>01</UIForeground>, vous pouvez choisir quels spécimens exhiber dans votre aquarium. Ces derniers sont classés selon leur taille en quatre catégories<Indent/>:
- <UIForeground>F201FA</UIForeground><UIGlow>F201FB</UIGlow>P<UIGlow>01</UIGlow><UIForeground>01</UIForeground> (petits, volume requis<Indent/>: 1),
- <UIForeground>F201FA</UIForeground><UIGlow>F201FB</UIGlow>M<UIGlow>01</UIGlow><UIForeground>01</UIForeground> (moyens, volume requis<Indent/>: 2),
- <UIForeground>F201FA</UIForeground><UIGlow>F201FB</UIGlow>G<UIGlow>01</UIGlow><UIForeground>01</UIForeground> (grands, volume requis<Indent/>: 4),
- <UIForeground>F201FA</UIForeground><UIGlow>F201FB</UIGlow>TG<UIGlow>01</UIGlow><UIForeground>01</UIForeground> (très grands, volume requis<Indent/>: 7).","",""
2253,1,0,152444,0,"De même, il existe quatre tailles d'aquarium différentes<Indent/>:
- <UIForeground>F201FA</UIForeground><UIGlow>F201FB</UIGlow>petite taille<UIGlow>01</UIGlow><UIForeground>01</UIForeground> (volume total<Indent/>: 1),
- <UIForeground>F201FA</UIForeground><UIGlow>F201FB</UIGlow>taille moyenne<UIGlow>01</UIGlow><UIForeground>01</UIForeground> (volume total<Indent/>: 2),
- <UIForeground>F201FA</UIForeground><UIGlow>F201FB</UIGlow>grande taille<UIGlow>01</UIGlow><UIForeground>01</UIForeground> (volume total<Indent/>: 4),
- <UIForeground>F201FA</UIForeground><UIGlow>F201FB</UIGlow>très grande taille<UIGlow>01</UIGlow><UIForeground>01</UIForeground> (volume total<Indent/>: 7).

Enfin, vous pouvez consulter la <UIForeground>F201FA</UIForeground><UIGlow>F201FB</UIGlow>Liste des poissons d'aquarium<UIGlow>01</UIGlow><UIForeground>01</UIForeground> en cliquant sur le bouton correspondant.","",""
2260,1,0,152451,0,"Vous pouvez désormais changer l'apparence des familiers invoqués<Indent/>!

Utilisez pour cela la commande texte <UIForeground>F201FA</UIForeground><UIGlow>F201FB</UIGlow>/miragefamilier<UIGlow>01</UIGlow><UIForeground>01</UIForeground> avant d'invoquer un familier. Si le familier est déjà invoqué au moment de saisir la commande texte, le changement d'apparence ne sera pris en compte qu'à l'invocation suivante.","",""
2261,1,0,152452,0,"La commande texte s'utilise comme suit<Indent/>:
<UIForeground>F201FA</UIForeground><UIGlow>F201FB</UIGlow>/miragefamilier “nom de familier” “apparence”<UIGlow>01</UIGlow><UIForeground>01</UIForeground>

Noms des familiers<Indent/>: Carbuncle, Garuda-Egi, Titan-Egi ou Ifrit-Egi.
Apparences<Indent/>: Carbuncle, Carbuncle émeraude, Carbuncle topaze, Carbuncle rubis, Garuda-Egi, Titan-Egi ou Ifrit-Egi.
Ne spécifiez aucune apparence ou saisissez “annuler” en guise d'apparence pour que le familier retrouve sa forme d'origine.","",""
2262,1,0,152453,0,"Exemple d'utilisation<Indent/>:
<UIForeground>F201FA</UIForeground><UIGlow>F201FB</UIGlow>/miragefamilier “Carbuncle” “Ifrit-Egi”<UIGlow>01</UIGlow><UIForeground>01</UIForeground>

La prochaine fois que vous utiliserez l'action “Invocation Carbuncle”, celui-ci aura l'apparence d'Ifrit-Egi.","",""
2270,1,0,152461,0,"Vous êtes désormais <If(PlayerParameter(4))>une aventurière ex<SoftHyphen/>pé<SoftHyphen/>ri<SoftHyphen/>men<SoftHyphen/>tée<Else/>un aventurier expérimenté</If>, et les ennemis que vous affrontez sont de plus en plus coriaces. Outre votre niveau de classe ou de job, vous devriez porter une attention toute par<SoftHyphen/>ti<SoftHyphen/>cu<SoftHyphen/>liè<SoftHyphen/>re au <UIForeground>F201FA</UIForeground><UIGlow>F201FB</UIGlow>niveau d'objet<UIGlow>01</UIGlow><UIForeground>01</UIForeground> de votre équipement.","",""
2271,1,0,152462,0,"Chaque arme ou pièce d'armure possède un niveau d'objet représentatif de ses ca<SoftHyphen/>rac<SoftHyphen/>té<SoftHyphen/>ris<SoftHyphen/>ti<SoftHyphen/>ques. Plus ce niveau est élevé, plus l'objet est puissant. Vous devriez donc remplacer toute partie de votre équipement par un objet du même type ayant un meilleur niveau, dès que vous en trouvez un.
<UIForeground>F201F4</UIForeground><UIGlow>F201F5</UIGlow>* Le niveau d'un objet peut être consulté dans ses in<SoftHyphen/>for<SoftHyphen/>ma<SoftHyphen/>tions détaillées.<UIGlow>01</UIGlow><UIForeground>01</UIForeground>","",""
2272,1,0,152463,0,"Un bon moyen d'obtenir des armes ou des pièces d'armure à niveau d'objet élevé est d'amasser des <UIForeground>F201FA</UIForeground><UIGlow>F201FB</UIGlow>mémoquartz allagois<UIGlow>01</UIGlow><UIForeground>01</UIForeground> en terminant des donjons ou des contrats de chasse, par exemple. Lorsque vous en aurez suf<SoftHyphen/>fi<SoftHyphen/>sam<SoftHyphen/>ment, vous pourrez les échanger contre divers équipements à des PNJ du Glas des revenants.","",""
2280,1,0,152471,0,"Chacune des pièces de l'équipement de votre personnage possède un niveau d'objet représentatif de ses ca<SoftHyphen/>rac<SoftHyphen/>té<SoftHyphen/>ris<SoftHyphen/>ti<SoftHyphen/>ques. La valeur moyenne de ces niveaux est appelée <UIForeground>F201FA</UIForeground><UIGlow>F201FB</UIGlow>niveau d'objet moyen<UIGlow>01</UIGlow><UIForeground>01</UIForeground>.","",""
2281,1,0,152472,0,"Le niveau d'objet moyen est une valeur essentielle qui représente la puissance de votre personnage. Au cours de vos aventures, vous devrez faire en sorte de vous équiper des meilleurs objets que vous trouverez afin que votre niveau d'objet moyen soit toujours le plus haut possible.
<UIForeground>F201F4</UIForeground><UIGlow>F201F5</UIGlow>* Le niveau d'objet moyen peut être consulté dans la fenêtre de personnage.<UIGlow>01</UIGlow><UIForeground>01</UIForeground>","",""
2282,1,0,152473,0,"D'autre part, certaines missions de l'outil de mission requièrent un <UIForeground>F201FA</UIForeground><UIGlow>F201FB</UIGlow>niveau d'objet moyen minimum<UIGlow>01</UIGlow><UIForeground>01</UIForeground> pour être choisies. Si le niveau moyen de votre équipement est insuffisant, améliorez-le en obtenant de nouveaux objets sur les marchés ou grâce aux mémoquartz allagois pour pouvoir vous inscrire<Indent/>!","",""
2290,0,0,0,0,"","",""
2300,0,0,0,0,"","",""
2301,0,0,0,0,"","",""
2302,0,0,0,0,"","",""
2303,0,0,0,0,"","",""
2310,1,0,152501,0,"Grâce à la bénédiction des divinités protectrices des mers orientales, vous pouvez désormais respirer et vous déplacer librement sous l'eau<Indent/>! Pour plonger, vous devez d'abord être en train de nager à la surface d'une étendue d'eau permettant l'immersion. ","",""
2311,1,0,152502,0,"Il vous suffit alors de <UIForeground>F201FA</UIForeground><UIGlow>F201FB</UIGlow>descendre<UIGlow>01</UIGlow><UIForeground>01</UIForeground> comme vous le feriez avec une monture volante en appuyant sur <UIForeground>F201FA</UIForeground><UIGlow>F201FB</UIGlow>Ctrl + Espace<UIGlow>01</UIGlow><UIForeground>01</UIForeground>.
Lorsque vous êtes sur une monture volante, il est possible de plonger directement en entrant dans l'eau à l'angle adéquat.","",""
2312,1,0,152503,0,"Il vous suffit alors de <UIForeground>F201FA</UIForeground><UIGlow>F201FB</UIGlow>descendre<UIGlow>01</UIGlow><UIForeground>01</UIForeground> comme vous le feriez avec une monture volante en appuyant
sur <CommandIcon(9)/>.
Lorsque vous êtes sur une monture volante, il est possible de plonger directement en entrant dans l'eau à l'angle adéquat.","",""
2313,1,0,152504,0,"De plus, vous avez aussi accès à des <UIForeground>F201FA</UIForeground><UIGlow>F201FB</UIGlow>emotes aquatiques<UIGlow>01</UIGlow><UIForeground>01</UIForeground> qui ne peuvent être utilisées qu'en nageant, comme le salto sous-marin.
<UIForeground>F201F4</UIForeground><UIGlow>F201F5</UIGlow>* Ces emotes sont reconnaissables au symbole affiché en bas à gauche de la liste des emotes.<UIGlow>01</UIGlow><UIForeground>01</UIForeground>","",""
2320,1,0,152511,0,"Les <UIForeground>F201FA</UIForeground><UIGlow>F201FB</UIGlow>actions de mission<UIGlow>01</UIGlow><UIForeground>01</UIForeground> sont des actions spéciales qui ne sont disponibles qu'à un moment spécifique lors de certaines instances. Pour les utiliser, il suffit de cliquer sur l'icone correspondant lorsqu'il est affiché.
<UIForeground>F201F4</UIForeground><UIGlow>F201F5</UIGlow>* La touche attribuée peut être changée.<UIForeground>F201F4</UIForeground><UIGlow>F201F5</UIGlow>","",""
2321,1,0,152513,0,"Les <UIForeground>F201FA</UIForeground><UIGlow>F201FB</UIGlow>actions de mission<UIGlow>01</UIGlow><UIForeground>01</UIForeground> sont des actions spéciales qui ne sont disponibles qu'à un moment spécifique lors de certaines instances. Pour les utiliser, il suffit d'appuyer sur <Gui(17)/> lorsque la croix de raccourcis est active.","",""
2322,1,0,152512,0,"Certaines actions de mission ne peuvent être utilisées qu'un nombre de fois limité. Attendre le moment propice pour y recourir peut faire la différence entre la victoire et la défaite<Indent/>!","",""
2330,1,0,152561,0,"Vous avez désormais accès aux batailles des <UIForeground>F201FA</UIForeground><UIGlow>F201FB</UIGlow>Ailes rivales<UIGlow>01</UIGlow><UIForeground>01</UIForeground><Indent/>!
Elles ont lieu dans l'instance <UIForeground>F201FA</UIForeground><UIGlow>F201FB</UIGlow>Astragalos (machineries)<UIGlow>01</UIGlow><UIForeground>01</UIForeground> et vous permettent d'affronter d'autres joueurs en utilisant des <UIForeground>F201FA</UIForeground><UIGlow>F201FB</UIGlow>machines de guerre<UIGlow>01</UIGlow><UIForeground>01</UIForeground> gobelines. L'objectif est de détruire le <UIForeground>F201FA</UIForeground><UIGlow>F201FB</UIGlow>cœur<UIGlow>01</UIGlow><UIForeground>01</UIForeground> du camp adverse en premier. Pour plus de détails sur les règles, adressez-vous au PNJ <UIForeground>F201FA</UIForeground><UIGlow>F201FB</UIGlow>Softknox<UIGlow>01</UIGlow><UIForeground>01</UIForeground>, à la jetée de l'Antre des loups.","",""
2340,1,0,152521,0,"Vous pouvez désormais <UIForeground>F201FA</UIForeground><UIGlow>F201FB</UIGlow>pêcher au harpon<UIGlow>01</UIGlow><UIForeground>01</UIForeground><Indent/>! Pour cela, il est nécessaire d'équiper un harpon dans votre main non directrice. Si vous n'en possédez pas encore, vous pouvez en acquérir un dans diverses échoppes.","",""
2350,1,0,152531,0,"Les <UIForeground>F201FA</UIForeground><UIGlow>F201FB</UIGlow>points de harponnage<UIGlow>01</UIGlow><UIForeground>01</UIForeground> abritent diverses espèces de créatures aquatiques. En y lançant votre harpon, vous pourrez faire des prises qui ignorent les lignes des pêcheurs.","",""
2351,1,0,152532,0,"Pour trouver des points de harponnage, il est nécessaire d'utiliser l'action <UIForeground>F201FA</UIForeground><UIGlow>F201FB</UIGlow>Œil de requin<UIGlow>01</UIGlow><UIForeground>01</UIForeground>. Grâce à elle, l'emplacement des points les plus proches sera indiqué sur votre boussole.","",""
2352,1,0,152533,0,"Ciblez le point de harponnage et appuyez sur <UIForeground>F201FA</UIForeground><UIGlow>F201FB</UIGlow>Confirmer<UIGlow>01</UIGlow><UIForeground>01</UIForeground> pour commencer à pêcher.","",""
2360,0,0,0,0,"","",""
2361,0,0,0,0,"","",""
2370,1,0,152551,0,"Vous avez appris une <UIForeground>F201FA</UIForeground><UIGlow>F201FB</UIGlow>action de rôle<UIGlow>01</UIGlow><UIForeground>01</UIForeground><Indent/>! Les actions de rôle sont des aptitudes et des sorts qui sont attribués à toutes les classes qui constituent un rôle<Indent/>: tank, soigneur, DPS de mêlée ou DPS à distance. Une fois apprise, en atteignant un certain niveau, une action de rôle est disponible pour toutes les classes appartenant au même rôle.","",""
2371,1,0,152552,0,"La rubrique <UIForeground>F201FA</UIForeground><UIGlow>F201FB</UIGlow>Rôle<UIGlow>01</UIGlow><UIForeground>01</UIForeground> a été ajoutée à la fenêtre <UIForeground>F201FA</UIForeground><UIGlow>F201FB</UIGlow>Actions et traits<UIGlow>01</UIGlow><UIForeground>01</UIForeground> de l'option Personnage du menu principal. Consultez-la pour voir les actions de rôle que vous avez apprises.","",""
2372,0,0,0,0,"","",""
2373,0,0,0,0,"","",""
2374,0,0,0,0,"","",""
2380,1,0,152571,0,"Vous pouvez désormais utiliser les <UIForeground>F201FA</UIForeground><UIGlow>F201FB</UIGlow>Actions d'interprétation<UIGlow>01</UIGlow><UIForeground>01</UIForeground> <Indent/>!
Accédez à la fenêtre Actions et traits pour enregistrer les Actions d'interprétation correspondant aux différents instruments sur votre barre d'actions. Il vous suffira alors de cliquer dessus pour afficher le clavier et laisser libre cours à votre inspiration en jouant les mélodies qu'il vous plaira<Indent/>!","",""
2390,1,0,152581,0,"L'intransigeant Masked Rose veut évaluer votre sens du style pour la Revue de mode<Indent/>! Habillez-vous en fonction du thème hebdomadaire annoncé tous les <ResetTime>1203</ResetTime><Switch(TopLevelParameter(220))><Case(1)>dimanches</Case><Case(2)>lundis</Case><Case(3)>mardis</Case><Case(4)>mercredis</Case><Case(5)>jeudis</Case><Case(6)>vendredis</Case><Case(7)>samedis</Case></Switch> à <If(TopLevelParameter(218))><Switch(TopLevelParameter(218))><Case(1)>1</Case><Case(2)>2</Case><Case(3)>3</Case><Case(4)>4</Case><Case(5)>5</Case><Case(6)>6</Case><Case(7)>7</Case><Case(8)>8</Case><Case(9)>9</Case><Case(10)>10</Case><Case(11)>11</Case><Case(12)>12</Case><Case(13)>13</Case><Case(14)>14</Case><Case(15)>15</Case><Case(16)>16</Case><Case(17)>17</Case><Case(18)>18</Case><Case(19)>19</Case><Case(20)>20</Case><Case(21)>21</Case><Case(22)>22</Case><Case(23)>23</Case></Switch><Else/>0</If>h (temps réel) et présentez-vous devant le célèbre critique de mode à partir des <ResetTime>1206</ResetTime><Switch(TopLevelParameter(220))><Case(1)>dimanches</Case><Case(2)>lundis</Case><Case(3)>mardis</Case><Case(4)>mercredis</Case><Case(5)>jeudis</Case><Case(6)>vendredis</Case><Case(7)>samedis</Case></Switch> à <If(TopLevelParameter(218))><Switch(TopLevelParameter(218))><Case(1)>1</Case><Case(2)>2</Case><Case(3)>3</Case><Case(4)>4</Case><Case(5)>5</Case><Case(6)>6</Case><Case(7)>7</Case><Case(8)>8</Case><Case(9)>9</Case><Case(10)>10</Case><Case(11)>11</Case><Case(12)>12</Case><Case(13)>13</Case><Case(14)>14</Case><Case(15)>15</Case><Case(16)>16</Case><Case(17)>17</Case><Case(18)>18</Case><Case(19)>19</Case><Case(20)>20</Case><Case(21)>21</Case><Case(22)>22</Case><Case(23)>23</Case></Switch><Else/>0</If>h (temps réel).","",""
2391,1,0,152582,0,"Chaque participant doit vêtir onze pièces d'équipement relatives au thème de la semaine. Seule l'arme secondaire est laissée à l'ap<SoftHyphen/>pré<SoftHyphen/>cia<SoftHyphen/>tion de chacun. Prenez votre temps pour imaginer la tenue la plus classe du monde<Indent/>!","",""
2392,1,0,152583,0,"Masked Rose peut vous évaluer jusqu'à quatre fois par semaine. N'hésitez pas à vous concerter avec les autres joueurs pour découvrir la tenue qui plaira le plus à l'impitoyable critique, et obtenir ainsi le score maximum de cent points.","",""
2393,1,0,152584,0,"Des PGS sont offerts à tous les joueurs ayant participé au moins une fois au cours de la durée d'un thème, et ceux qui obtiennent un score supérieur à quatre-vingts points ont même droit à des PGS sup<SoftHyphen/>plé<SoftHyphen/>men<SoftHyphen/>tai<SoftHyphen/>res. Profitez-en pour vous façonner un style hors du commun<Indent/>!","",""
2400,1,0,152591,0,"Une <UIForeground>F201FA</UIForeground><UIGlow>F201FB</UIGlow>coiffeuse mirage<UIGlow>01</UIGlow><UIForeground>01</UIForeground> a été placée dans chaque chambre d'auberge des différentes cités. Elle permet de transformer les pièces d'équipement en mirages et de conserver leur image en toute simplicité.","",""
2401,1,0,152592,0,"De plus, un système de <UIForeground>F201FA</UIForeground><UIGlow>F201FB</UIGlow>planches mirage<UIGlow>01</UIGlow><UIForeground>01</UIForeground> vous permettra d'associer divers mirages, depuis la coiffeuse ou votre bahut personnel, et de les appliquer d'un coup pour modifier facilement votre apparence vestimentaire. À vous de créer votre propre style<Indent/>!","",""
2410,1,0,152601,0,"Utilisez la <UIForeground>F201FA</UIForeground><UIGlow>F201FB</UIGlow>coiffeuse mirage<UIGlow>01</UIGlow><UIForeground>01</UIForeground> pour transformer les pièces d'équipement de votre choix en mirages. Modifiez ensuite votre apparence vestimentaire en les associant puis en les appliquant d'un coup grâce au système de <UIForeground>F201FA</UIForeground><UIGlow>F201FB</UIGlow>planches mirage<UIGlow>01</UIGlow><UIForeground>01</UIForeground>. N'hésitez pas à ex<SoftHyphen/>pé<SoftHyphen/>ri<SoftHyphen/>men<SoftHyphen/>ter<Indent/>!
<UIForeground>F201F4</UIForeground><UIGlow>F201F5</UIGlow>* Consultez la fenêtre d'aide de l'objet pour savoir si ce dernier peut être transformé en mirage.<UIGlow>01</UIGlow><UIForeground>01</UIForeground>","",""
2420,1,0,152611,0,"Les <UIForeground>F201FA</UIForeground><UIGlow>F201FB</UIGlow>planches mirage<UIGlow>01</UIGlow><UIForeground>01</UIForeground> sont des outils très pratiques permettant d'associer facilement divers mirages aux pièces d'équipement  de votre choix.
Associez une image enregistrée dans votre coiffeuse mirage ou un objet rangé dans votre bahut personnel à une planche mirage et combinez-les comme il vous plaira<Indent/>!","",""
2430,1,0,152621,0,"Grâce aux planches mirage, vous pouvez associer des mirages à toutes les pièces d'équipement composant votre tenue sans utiliser de prismes mirage. Voilà un moyen simple et rapide pour avoir une allure d'enfer<Indent/>!
<UIForeground>F201F4</UIForeground><UIGlow>F201F5</UIGlow>* Les planches mirage ne peuvent être utilisées que dans les cités et les lieux de repos.<UIGlow>01</UIGlow><UIForeground>01</UIForeground>","",""
2440,1,0,152631,0,"Vous avez obtenu un <UIForeground>F201FA</UIForeground><UIGlow>F201FB</UIGlow>plateau Magia<UIGlow>01</UIGlow><UIForeground>01</UIForeground>.
La force des créatures qui vivent sur l'île d'Eurêka est décuplée par un élément particulier, ce qui les rend ex<SoftHyphen/>trê<SoftHyphen/>me<SoftHyphen/>ment coriaces.
À vous d'associer le <UIForeground>F201FA</UIForeground><UIGlow>F201FB</UIGlow>plateau Magia<UIGlow>01</UIGlow><UIForeground>01</UIForeground> et les <UIForeground>F201FA</UIForeground><UIGlow>F201FB</UIGlow>magicites<UIGlow>01</UIGlow><UIForeground>01</UIForeground> afin de prendre le dessus sur elles lors de votre exploration.","",""
2441,1,0,152632,0,"Lorsque vous apposez une <UIForeground>F201FA</UIForeground><UIGlow>F201FB</UIGlow>magicite<UIGlow>01</UIGlow><UIForeground>01</UIForeground> sur votre <UIForeground>F201FA</UIForeground><UIGlow>F201FB</UIGlow>plateau Magia<UIGlow>01</UIGlow><UIForeground>01</UIForeground> et faites pivoter celui-ci, vous renforcez votre affinité pour un élément donné. Cela vous permet d'augmenter votre défense et vos attaques vis-à-vis de certaines créatures.
Pour plus de détails, adressez-vous à l'<UIForeground>F201FA</UIForeground><UIGlow>F201FB</UIGlow>ingénieur de l'expédition<UIGlow>01</UIGlow><UIForeground>01</UIForeground>, au port Surgate, sur l'île d'Eurêka.","",""
2450,1,0,152641,0,"La <UIForeground>F201FA</UIForeground><UIGlow>F201FB</UIGlow>sacoche chocobo<UIGlow>01</UIGlow><UIForeground>01</UIForeground> est désormais disponible<Indent/>! N'hésitez pas à l'utiliser pour ranger et reprendre vos objets ou ceux de votre servant.","",""
2451,1,0,152642,0,"Même si vous n'avez pas appelé votre chocobo personnel, vous pouvez accéder à la sacoche chocobo dans n'importe quel lieu à l'exception des donjons. Veillez donc à vous en servir au bon moment<Indent/>!","",""
2460,1,0,152651,0,"Vous avez désormais accès au <UIForeground>F201FA</UIForeground><UIGlow>F201FB</UIGlow>visionnage de mission<UIGlow>01</UIGlow><UIForeground>01</UIForeground><Indent/>! Disponible dans votre chambre d'auberge, cette fonction vous permet de revoir certaines de vos plus grandes batailles non seulement à travers vos propres yeux, mais aussi ceux de n'importe lequel de vos camarades.","",""
2461,1,0,152652,0,"<UIForeground>F201FA</UIForeground><UIGlow>F201FB</UIGlow>Certaines conditions<UIGlow>01</UIGlow><UIForeground>01</UIForeground> doivent être remplies afin de pouvoir utiliser le visionnage de mission. En premier lieu, ouvrez la fenêtre de visionnage de mission à partir de l'option Missions du menu principal afin d'<UIForeground>F201FA</UIForeground><UIGlow>F201FB</UIGlow>activer<UIGlow>01</UIGlow><UIForeground>01</UIForeground> l'<UIForeground>F201FA</UIForeground><UIGlow>F201FB</UIGlow>enregistrement des missions<UIGlow>01</UIGlow><UIForeground>01</UIForeground>.","",""
2470,1,0,152661,0,"Les conditions ci-dessous doivent être remplies afin de pouvoir enregistrer une mission<Indent/>:
1. L'enregistrement des missions doit être activé.
2. La mission en question doit être disponible dans la fonction de visionnage.
3. Les par<SoftHyphen/>ti<SoftHyphen/>ci<SoftHyphen/>pants à la mission doivent être en nombre déterminé.
4. Un <UIForeground>F201FA</UIForeground><UIGlow>F201FB</UIGlow>appel d'enregistrement<UIGlow>01</UIGlow><UIForeground>01</UIForeground> doit avoir été lancé.","",""
2471,1,0,152662,0,"<UIForeground>F201FA</UIForeground><UIGlow>F201FB</UIGlow>1. Activer l'enregistrement des missions<UIGlow>01</UIGlow><UIForeground>01</UIForeground>

Pour enregistrer une mission, le paramètre doit être activé et toutes les conditions doivent être remplies.

Même si toutes les autres conditions sont remplies, un joueur ayant désactivé ce paramètre ne pourra pas enregistrer la bataille.","",""
2472,1,0,152663,0,"<UIForeground>F201FA</UIForeground><UIGlow>F201FB</UIGlow>2. Disponibilité des missions<UIGlow>01</UIGlow><UIForeground>01</UIForeground>

De nouvelles missions seront ajoutées dans la fonction de visionnage à chaque mise à jour.

<UIForeground>F201FA</UIForeground><UIGlow>F201FB</UIGlow>3. Nombre de par<SoftHyphen/>ti<SoftHyphen/>ci<SoftHyphen/>pants<UIGlow>01</UIGlow><UIForeground>01</UIForeground>

Seules les missions tentées par un nombre de par<SoftHyphen/>ti<SoftHyphen/>ci<SoftHyphen/>pants déterminé peuvent être enregistrées.","",""
2473,1,0,152664,0,"<UIForeground>F201FA</UIForeground><UIGlow>F201FB</UIGlow>4. Appel d'enregistrement<UIGlow>01</UIGlow><UIForeground>01</UIForeground>

Une fois les conditions précédentes remplies et la mission entamée, tous les par<SoftHyphen/>ti<SoftHyphen/>ci<SoftHyphen/>pants doivent répondre “Oui” à l'appel d'enregistrement afin que celui-ci puisse commencer.
<UIForeground>F201F4</UIForeground><UIGlow>F201F5</UIGlow>* L'appel d'enregistrement peut être lancé à partir du menu Équipe dans le menu principal.<UIGlow>01</UIGlow><UIForeground>01</UIForeground>","",""
2474,1,0,152665,0,"<UIForeground>F201FA</UIForeground><UIGlow>F201FB</UIGlow>4. Appel d'enregistrement<UIGlow>01</UIGlow><UIForeground>01</UIForeground>

Une fois les conditions précédentes remplies et la mission entamée, tous les par<SoftHyphen/>ti<SoftHyphen/>ci<SoftHyphen/>pants doivent répondre “Oui” à l'appel d'enregistrement afin que celui-ci puisse commencer.
<UIForeground>F201F4</UIForeground><UIGlow>F201F5</UIGlow>* L'appel d'enregistrement peut être lancé à partir du menu Équipe dans le menu principal.<UIGlow>01</UIGlow><UIForeground>01</UIForeground>","",""
2480,1,0,152671,0,"Le visionnage de mission est disponible à l'intérieur de votre <UIForeground>F201FA</UIForeground><UIGlow>F201FB</UIGlow>chambre d'auberge<UIGlow>01</UIGlow><UIForeground>01</UIForeground> dans n'importe quelle cité.

Ouvrez la <UIForeground>F201FA</UIForeground><UIGlow>F201FB</UIGlow>fenêtre d'aide<UIGlow>01</UIGlow><UIForeground>01</UIForeground> pour obtenir des in<SoftHyphen/>for<SoftHyphen/>ma<SoftHyphen/>tions détaillées sur les commandes et les options de visionnage.

Amusez-vous bien en regardant les enregistrements de vos batailles, et n'hésitez pas à prendre des captures d'écran des meilleurs moments<Indent/>!","",""
2481,1,0,152681,0,"Les <UIForeground>F201FA</UIForeground><UIGlow>F201FB</UIGlow>livres de cor<SoftHyphen/>res<SoftHyphen/>pon<SoftHyphen/>dance<UIGlow>01</UIGlow><UIForeground>01</UIForeground> permettent aux aventuriers de laisser un message ou des “J'aime” dans un logement.

Le pro<SoftHyphen/>prié<SoftHyphen/>taire des lieux est également libre d'utiliser ce meuble pour leur adresser un message de bienvenue.","",""
2482,1,0,152682,0,"L'option “Laisser un message” permet d'écrire dans le livre. Si vous êtes l'auteur du texte ou le pro<SoftHyphen/>prié<SoftHyphen/>taire des lieux, vous pourrez supprimer ce message en cliquant sur la croix qui apparaît à sa droite.","",""
2483,1,0,152683,0,"Chaque message peut être rendu public ou privé par le pro<SoftHyphen/>prié<SoftHyphen/>taire du logement, en utilisant l'icone prévu à cet effet.","",""
2484,1,0,152684,0,"L'option “J'aime” permet aux visiteurs de montrer combien ils apprécient les lieux.

Vous disposez de 10 “J'aime” pour commencer, et vous en gagnez au<SoftHyphen/>to<SoftHyphen/>ma<SoftHyphen/>ti<SoftHyphen/>que<SoftHyphen/>ment 5 par jour par la suite. N'hésitez pas à en distribuer, car vous ne pourrez pas en avoir plus de 50<Indent/>!","",""
2485,1,0,152691,0,"Votre partenaire d'affaires peut vous laisser <UIForeground>F201FA</UIForeground><UIGlow>F201FB</UIGlow>modifier sa tenue<UIGlow>01</UIGlow><UIForeground>01</UIForeground> à l'aide de mirages si vous atteignez un niveau de sa<SoftHyphen/>tis<SoftHyphen/>fac<SoftHyphen/>tion suffisant. Pour cela, parlez-lui et sélectionnez l'option “Appliquer un mirage”.","",""
2486,1,0,152692,0,"Les parties personnalisables sont la tête, le torse, les mains, les jambes et les pieds. Attention<Indent/>: un prisme mirage sera consommé par mirage appliqué.","",""
2487,1,0,152701,0,"Lorsque vous aidez des <UIForeground>F201FA</UIForeground><UIGlow>F201FB</UIGlow>lapins du bonheur<UIGlow>01</UIGlow><UIForeground>01</UIForeground>, il arrive que l'un d'entre eux décide de vous remercier en vous guidant vers un trésor<Indent/>!

Utilisez l'objet-clef <UIForeground>F201FA</UIForeground><UIGlow>F201FB</UIGlow>carotte du bonheur<UIGlow>01</UIGlow><UIForeground>01</UIForeground> pour que le lapin se dirige vers cet emplacement.","",""
2488,1,0,152702,0,"Une fois que vous pensez être là où est enterré le trésor, utilisez une seconde fois la carotte du bonheur pour tenter de le découvrir.

Même les lapins savent se montrer généreux, alors profitez-en<Indent/>!","",""
2489,1,0,152711,0,"Vous avez trouvé le cœur de l'édifice<Indent/>!
Vous pouvez utiliser le cercle magique qui s'y trouve pour invoquer des monstres protégeant un butin. Vainquez les monstres qui ap<SoftHyphen/>pa<SoftHyphen/>raî<SoftHyphen/>tront et volez-leur leurs trésors<Indent/>!","",""
2490,1,0,152712,0,"Seul le possesseur de la carte au trésor peut activer le cercle d'invocation, et ce jusqu'à <UIForeground>F201FA</UIForeground><UIGlow>F201FB</UIGlow>cinq fois<UIGlow>01</UIGlow><UIForeground>01</UIForeground> seulement. Après avoir touché le dispositif, une lumière parcourt le cercle, et le monstre qui apparaît dépend du symbole sur lequel elle s'arrête. Plus le monstre invoqué est puissant, plus la récompense est grande<Indent/>!","",""
2491,1,0,152713,0,"Il existe différents degrés d'invocation<Indent/>:
<UIForeground>F201FA</UIForeground><UIGlow>F201FB</UIGlow>Symbole du diamant bleu<UIGlow>01</UIGlow><UIForeground>01</UIForeground><Indent/>: invocation mineure
<UIForeground>F201FA</UIForeground><UIGlow>F201FB</UIGlow>Symbole des diamants verts<UIGlow>01</UIGlow><UIForeground>01</UIForeground><Indent/>: invocation ordinaire
<UIForeground>F201FA</UIForeground><UIGlow>F201FB</UIGlow>Symbole du diamant de lumière<UIGlow>01</UIGlow><UIForeground>01</UIForeground><Indent/>: invocation majeure
Attention<Indent/>! Tomber sur le symbole <UIForeground>F201FA</UIForeground><UIGlow>F201FB</UIGlow>atomos<UIGlow>01</UIGlow><UIForeground>01</UIForeground> vous expulse de la pièce<Indent/>!","",""
2492,1,0,152714,0,"Le cercle d'invocation recèle bien d'autres <UIForeground>F201FA</UIForeground><UIGlow>F201FB</UIGlow>secrets<UIGlow>01</UIGlow><UIForeground>01</UIForeground>. À vous de découvrir les secrets qu'il vous réserve en tentant et retentant votre chance avec vos amis<Indent/>!","",""
2493,1,0,152721,0,"Les <UIForeground>F201FA</UIForeground><UIGlow>F201FB</UIGlow>mannequins<UIGlow>01</UIGlow><UIForeground>01</UIForeground> sont des meubles permettant non seulement d'exposer des objets, mais aussi d'en vendre.

Lorsque vous en placez un dans un logement, vous devez choisir le servant en charge des objets exposés ou en vente. À noter qu'aucune taxe ne sera prélevée sur les ventes des mannequins.","",""
2494,1,0,152722,0,"Les objets exposés sur un mannequin peuvent être vendus séparément ou en tenue.

Les ventes à l'unité peuvent se faire sur le tableau des ventes, mais les tenues doivent être achetées directement sur le mannequin.","",""
2495,1,0,152723,0,"Un icone indiquant si les objets sont vendus individuellement ou en tenue est visible sur l'historique des transactions, la liste des objets en vente sur les marchés ou via un servant.

Servez-vous des mannequins pour attirer l'œil des aventuriers férus de mode<Indent/>!","",""
2496,1,0,152731,0,"Vous avez désormais accès au mélangeur Logos<Indent/>! Servez-vous-en pour extraire les souvenirs contenus dans les éclats Logos et ainsi utiliser des actions Logos<Indent/>!","",""
2497,1,0,152732,0,"Les sets d'actions Logos dont vous disposez s'affichent à droite de votre plateau Magia. Vous pouvez en transporter jusqu'à trois. En activer un vous permet d'obtenir le savoir qu'il renferme et d'employer des actions Logos.","",""
2498,1,0,152733,0,"Les actions Logos qu'il est possible d'obtenir dépendent du genre et du nombre d'éclats Logos que vous utilisez dans le mélangeur Logos. Essayez toutes sortes de com<SoftHyphen/>bi<SoftHyphen/>nai<SoftHyphen/>sons pour des résultats divers et variés<Indent/>!","",""
2499,1,0,152741,0,"Le mélangeur Logos a été amélioré<Indent/>! Il dispose maintenant de deux réacteurs, astral et ombral. Chacun peut accueillir jusqu'à trois éclats Logos. Attention toutefois, car insérer plus de trois éclats dans le mélangeur réduira vos chances d'extraction<Indent/>!","",""
2500,1,0,152742,0,"Quand ils réussissent, ces mélanges complexes créent des éthers vous permettant d'utiliser deux actions Logos simultanément. Le risque peut en valoir la chandelle, alors ne l'oubliez pas lorsque vous vous apprêtez à partir en exploration.","",""
2501,1,0,152751,0,"Vous avez obtenu une monture pouvant être montée à plusieurs<Indent/>! Lorsque vous êtes dessus, il suffit à un équipier de vous cibler et de choisir l'option “Monter à plusieurs” du sous-menu pour vous rejoindre sur son dos. À vous la sensation grisante d'une balade en groupe<Indent/>!","",""
2502,1,0,152771,0,"Le mage bleu n'acquiert pas de nouvelles actions en gagnant des niveaux comme les autres. En revanche, il peut apprendre certaines actions utilisées par les monstres en les observant et en les vainquant. Ce trait spécial s'appelle <UIForeground>F201FA</UIForeground><UIGlow>F201FB</UIGlow>Apprentissage<UIGlow>01</UIGlow><UIForeground>01</UIForeground>.","",""
2503,1,0,152772,0,"Toutes les actions que vous apprenez en tant que mage bleu sont regroupées dans votre <UIForeground>F201FA</UIForeground><UIGlow>F201FB</UIGlow>grimoire de magie bleue<UIGlow>01</UIGlow><UIForeground>01</UIForeground>.
Vous ne pouvez pas toutes les utiliser en même temps, et afin de vous en servir, il faut d'abord les ajouter à votre set d'actions actives avant de les placer dans votre barre de raccourcis. Pour ce faire, vous devez ouvrir votre grimoire de magie bleue en vous rendant dans le menu Personnage.","",""
2504,1,0,152773,0,"Vous pouvez ajouter jusqu'à 24 actions de magie bleue à un set. Cochez la case à gauche d'une action dans votre grimoire, et celle-ci sera ajoutée à votre set actif. Ensuite, il vous suffit de l'ajouter à votre barre ou votre croix de raccourcis en la faisant glisser afin de l'utiliser en combat.","",""
2505,1,0,152774,0,"Le grimoire de magie bleue détaille chaque action, leur type, leur élément, leur rang, ou encore leur origine. Les lieux et les méthodes d'ap<SoftHyphen/>pren<SoftHyphen/>tis<SoftHyphen/>sage notoires y sont aussi inscrits.
En outre, si vous vous enregistrez pour une mission en utilisant la synchronisation du niveau ou la synchronisation du niveau d'objet, les chances d'apprendre les sorts de magie bleue sont grandement augmentées<Indent/>!","",""
2506,1,0,152761,0,"Dans ce jeu, les personnages joués peuplent différents Mondes, dont votre “Monde d'origine”. Il est possible de voyager d'un Monde à l'autre grâce aux éthérites de certaines cités. Ceci vous permettra de rendre visite à vos amis et de comparer leur environnement de jeu au vôtre.","",""
2507,1,0,152762,0,"Vous pouvez à tout moment voyager vers un autre Monde, mais certaines fonctionnalités seront cependant indisponibles dans le Monde visité. Pour plus d'in<SoftHyphen/>for<SoftHyphen/>ma<SoftHyphen/>tions, interagissez avec une grande éthérite de l'une des trois cités-États principales et consultez la rubrique Voyager vers un autre Monde.","",""
2508,1,0,152775,0,"Les armes qu'utilisent les mages bleus n'accordent aucun bonus au personnage.
Vous ne pouvez donc bénéficier que des bonus d'in<SoftHyphen/>tel<SoftHyphen/>li<SoftHyphen/>gence apportés par vos pièces d'armure et vos accessoires afin d'augmenter vos dégâts et vos soins. En contrepartie, la puissance de ces derniers grandit bien plus vite que celle des autres jobs pour chaque point gagné en in<SoftHyphen/>tel<SoftHyphen/>li<SoftHyphen/>gence.","",""
2509,1,0,152776,0,"Toutes les actions que vous apprenez en tant que mage bleu sont regroupées dans votre <UIForeground>F201FA</UIForeground><UIGlow>F201FB</UIGlow>grimoire de magie bleue<UIGlow>01</UIGlow><UIForeground>01</UIForeground>.
Vous ne pouvez pas toutes les utiliser en même temps, et afin de vous en servir, il faut d'abord les ajouter à votre set d'actions actives. Pour ce faire, vous devez ouvrir votre grimoire de magie bleue en vous rendant dans le menu Personnage.","",""
2510,1,0,152781,0,"Les <UIForeground>F201FA</UIForeground><UIGlow>F201FB</UIGlow>gemmes bicolores<UIGlow>01</UIGlow><UIForeground>01</UIForeground> sont des récompenses obtenues en participant aux ALÉA (Apparition Localisée d'Événements Aléatoires).
Elles ont une grande valeur et servent de monnaie dans les différents comptoirs d'<UIForeground>F201FA</UIForeground><UIGlow>F201FB</UIGlow>échange d'articles locaux<UIGlow>01</UIGlow><UIForeground>01</UIForeground>.","",""
2511,1,0,152782,0,"Ces comptoirs proposent des articles régionaux rares contre ces gemmes.
L'éventail de leur offre peut être élargi dans chaque région en y ac<SoftHyphen/>com<SoftHyphen/>plis<SoftHyphen/>sant un maximum d'ALÉA avec <UIForeground>F201FA</UIForeground><UIGlow>F201FB</UIGlow>la plus haute récompense possible<UIGlow>01</UIGlow><UIForeground>01</UIForeground>.","",""
2512,1,0,152783,0,"Cette progression peut être consultée à partir de la fenêtre ALÉA disponible dans le menu Déplacements.
Sautez sur les ALÉA dès que vous les croisez et accumulez les gemmes bicolores<Indent/>! Elles vous permettront d'obtenir des objets insolites dans les différents comptoirs d'échange d'articles locaux<Indent/>!","",""
2513,1,0,152784,0,"Cette progression peut être consultée à partir de la fenêtre ALÉA disponible dans le menu Déplacements.
Sautez sur les ALÉA dès que vous les croisez et accumulez les gemmes bicolores<Indent/>! Elles vous permettront d'obtenir des objets insolites dans les différents comptoirs d'échange d'articles locaux<Indent/>!","",""
2520,1,0,152821,0,"Les <UIForeground>F201FA</UIForeground><UIGlow>F201FB</UIGlow>recettes avancées<UIGlow>01</UIGlow><UIForeground>01</UIForeground> permettent de fabriquer des objets dont l'état ne se limite pas à un niveau de qualité bon ou excellent.

Choisissez judicieusement chaque action que vous effectuez et vous produirez sans nul doute des chefs-d'œuvre<Indent/>!","",""
2521,1,0,152822,0,"Les états atteignables lors de recettes avancées varient pour chaque recette.

Utilisez le sous-menu “Liste des états possibles” en sélectionnant une recette de votre carnet d'artisanat afin de vérifier quels états peuvent être obtenus.","",""
2530,1,0,152831,0,"Vous avez appris l'action <UIForeground>F201FA</UIForeground><UIGlow>F201FB</UIGlow>Patience<UIGlow>01</UIGlow><UIForeground>01</UIForeground><Indent/>!
En l'utilisant avant les actions de pêche adéquates, vous augmenterez vos chances de ferrer de belles prises, mais l'efficacité de l'action <UIForeground>F201FA</UIForeground><UIGlow>F201FB</UIGlow>Ferrage<UIGlow>01</UIGlow><UIForeground>01</UIForeground> sera grandement réduite en contrepartie.","",""
2531,1,0,152832,0,"Pour profiter au maximum de Patience, la clef est d'utiliser les actions <UIForeground>F201FA</UIForeground><UIGlow>F201FB</UIGlow>Ferrage précis<UIGlow>01</UIGlow><UIForeground>01</UIForeground> et <UIForeground>F201FA</UIForeground><UIGlow>F201FB</UIGlow>Ferrage puissant<UIGlow>01</UIGlow><UIForeground>01</UIForeground>.
En choisissant le ferrage approprié à la force avec laquelle votre proie tire, vous améliorerez grandement vos chances de remonter des prises de qualité<Indent/>!","",""
2540,1,0,152841,0,"Vous pouvez désormais porter des accessoires de mode<Indent/>! Ouvrez la fenêtre des Accessoires de mode à partir de la rubrique Personnage du menu principal pour en utiliser un ou ajouter son icone à votre barre de raccourcis.","",""
2541,1,0,152842,0,"Si vous voulez le ranger, il vous suffit de relancer l'action ou de cliquer sur le bouton <UIForeground>F201FA</UIForeground><UIGlow>F201FB</UIGlow>Ranger<UIGlow>01</UIGlow><UIForeground>01</UIForeground> dans la barre de raccourcis spéciale. 

<UIForeground>F201F4</UIForeground><UIGlow>F201F5</UIGlow>* Vous pouvez utiliser et ranger un accessoire de mode autant de fois que vous le voulez.<UIGlow>01</UIGlow><UIForeground>01</UIForeground>

Pensez-y pour sublimer votre tenue<Indent/>!","",""
2550,1,0,152861,0,"Vous pouvez désormais procéder à des synthèses d'essai<Indent/>!
Elles ne requièrent et ne consomment aucun matériau, mais n'octroient aucun objet lors de leur réussite.
N'hésitez pas à y avoir recours avant de vous lancer dans une synthèse difficile afin d'obtenir le meilleur résultat possible lors de la vraie synthèse<Indent/>!","",""
2551,1,0,152862,0,"Pour en démarrer une, sélectionnez une recette dans votre <UIForeground>F201FA</UIForeground><UIGlow>F201FB</UIGlow>carnet d'artisanat<UIGlow>01</UIGlow><UIForeground>01</UIForeground>, puis <UIForeground>F201FA</UIForeground><UIGlow>F201FB</UIGlow>Procéder à une synthèse d'essai<UIGlow>01</UIGlow><UIForeground>01</UIForeground>.
Vous pouvez alors utiliser des actions comme vous le feriez lors d'une synthèse normale. Vous ne consommerez aucun matériau, et n'obtiendrez ni l'objet fini ni expérience en cas de réussite.","",""
2552,1,0,152851,0,"Vous débutez la récolte d'un objet dit “collectionnable”<Indent/>!

Certains PNJ recherchent ces objets et requièrent d'eux une valeur de collection minimum, essayez donc de la faire grimper.
Pour en savoir plus, ouvrez la fenêtre d'aide en appuyant sur l'icone en forme de point d'interrogation situé en bas à gauche de la fenêtre de récolte.","",""
2553,1,0,152871,0,"Les chances d'obtenir une <UIForeground>F201FA</UIForeground><UIGlow>F201FB</UIGlow>récolte sup<SoftHyphen/>plé<SoftHyphen/>men<SoftHyphen/>tai<SoftHyphen/>re<UIGlow>01</UIGlow><UIForeground>01</UIForeground> vous permettent de parfois récolter un objet en plus.
Les chances de récolte sup<SoftHyphen/>plé<SoftHyphen/>men<SoftHyphen/>tai<SoftHyphen/>re dépendent de votre <UIForeground>F201FA</UIForeground><UIGlow>F201FB</UIGlow>Savoir-faire<UIGlow>01</UIGlow><UIForeground>01</UIForeground>.
Augmentez donc cet attribut grâce à votre équipement afin de remplir plus vite votre besace<Indent/>!","",""
2554,1,0,152881,0,"Certains objets ne peuvent être récoltés sans avoir atteint un certain degré de <UIForeground>F201FA</UIForeground><UIGlow>F201FB</UIGlow>Savoir-faire<UIGlow>01</UIGlow><UIForeground>01</UIForeground>.
Le degré de Savoir-faire que nécessite la récolte d'un objet est indiqué dans votre <UIForeground>F201FA</UIForeground><UIGlow>F201FB</UIGlow>carnet de récolte<UIGlow>01</UIGlow><UIForeground>01</UIForeground>.
Si vous en manquez, essayez de l'augmenter grâce à un meilleur équipement<Indent/>!","",""
2555,1,0,152891,0,"Durant la pêche au harpon, vous devez harponner des poissons qui nagent d'un bout à l'autre de l'écran du mini-jeu.
Afin d'en attraper, utilisez l'action <UIForeground>F201FA</UIForeground><UIGlow>F201FB</UIGlow>Harponnage<UIGlow>01</UIGlow><UIForeground>01</UIForeground> de telle manière à ce que votre jet touche la <UIForeground>F201FA</UIForeground><UIGlow>F201FB</UIGlow>cible<UIGlow>01</UIGlow><UIForeground>01</UIForeground> qui se superpose à un poisson.
Plus votre valeur de <UIForeground>F201FA</UIForeground><UIGlow>F201FB</UIGlow>Collecte<UIGlow>01</UIGlow><UIForeground>01</UIForeground> est élevée, plus cette cible est grande et donc facile à toucher.","",""
2556,1,0,152892,0,"Les poissons se méfient petit à petit de vous lorsque vous vous tenez prêt<If(PlayerParameter(4))>e<Else/></If> à les harponner.
Une <UIForeground>F201FA</UIForeground><UIGlow>F201FB</UIGlow>jauge<UIGlow>01</UIGlow><UIForeground>01</UIForeground> indique leur degré de <UIForeground>F201FA</UIForeground><UIGlow>F201FB</UIGlow>méfiance<UIGlow>01</UIGlow><UIForeground>01</UIForeground>. Elle augmente avec le temps et chaque fois que vous utilisez l'action <UIForeground>F201FA</UIForeground><UIGlow>F201FB</UIGlow>Harponnage<UIGlow>01</UIGlow><UIForeground>01</UIForeground>.
Une fois pleine, tous les poissons fuient la zone et votre pêche prend fin.","",""
2557,1,0,152893,0,"L'augmentation de cette jauge de méfiance peut être ralentie en <UIForeground>F201FA</UIForeground><UIGlow>F201FB</UIGlow>enchaînant<UIGlow>01</UIGlow><UIForeground>01</UIForeground> les harponnages réussis.
Le secret d'une pêche fructueuse réside dans la gestion de cette jauge, gardez donc toujours un œil dessus<Indent/>!","",""
2558,1,0,152901,0,"Harponner plusieurs fois certains poissons peut vous octroyer <UIForeground>F201FA</UIForeground><UIGlow>F201FB</UIGlow>Instinct du harponneur<UIGlow>01</UIGlow><UIForeground>01</UIForeground>.
Cet effet vous permet de repérer des <UIForeground>F201FA</UIForeground><UIGlow>F201FB</UIGlow>poissons invisibles en temps normal<UIGlow>01</UIGlow><UIForeground>01</UIForeground> et de les pêcher.","",""
2559,1,0,152902,0,"À l'instar des autres poissons, ceux-ci ne tarderont toutefois pas à fuir.
Faites donc preuve de réactivité si l'un d'entre eux passe sur la trajectoire de votre harpon<Indent/>!","",""
2560,0,0,0,0,"","",""
2561,0,0,0,0,"","",""
2562,0,0,0,0,"","",""
2563,0,0,0,0,"","",""
2564,0,0,0,0,"","",""
2565,0,0,0,0,"","",""
2566,1,0,152921,0,"Certaines recettes ne peuvent être réussies qu'en atteignant un niveau de qualité suffisant lors de la synthèse.

La qualité requise est indiquée dans votre carnet d'artisanat.","",""
2567,1,0,152931,0,"Lors de la récolte d'objets collectionnables, vous remarquerez que certains portent la mention <UIForeground>F201FA</UIForeground><UIGlow>F201FB</UIGlow>“volatil”<UIGlow>01</UIGlow><UIForeground>01</UIForeground>.

Ces objets, lorsqu'ils ont atteint leur valeur de collection maximale, peuvent produire des objets rares une fois éthérolysés.","",""
2568,1,0,152932,0,"Par ailleurs, lorsque ces objets sont récoltés à leur valeur de collection maximale, il se peut qu'ils deviennent <UIForeground>F201FA</UIForeground><UIGlow>F201FB</UIGlow>sublimés<UIGlow>01</UIGlow><UIForeground>01</UIForeground>, produisant à coup sûr des objets rares une fois éthérolysés.","",""
2569,1,0,152933,0,"Plus la ca<SoftHyphen/>rac<SoftHyphen/>té<SoftHyphen/>ris<SoftHyphen/>ti<SoftHyphen/>que de “Collecte” est élevée, plus les chances de sublimation des objets volatils sont grandes.","",""
2570,1,0,152941,0,"Les <UIForeground>F201FA</UIForeground><UIGlow>F201FB</UIGlow>actions de récolte<UIGlow>01</UIGlow><UIForeground>01</UIForeground> sont disponibles<Indent/>!

Comme leur nom l'indique, ces actions sont utiles à la récolte. Elles permettent par exemple de voir les points de récolte, ou de les localiser.","",""
2571,1,0,152942,0,"Vous apprendrez de nouvelles actions de récolte en gagnant des niveaux dans chaque classe de récolte, ou en terminant certaines quêtes.
Une fois apprises, ces actions peuvent être utilisées par n'importe quelle classe de récolte. Vous pourrez ainsi découvrir des points de récolte associés à d'autres classes que votre classe actuelle.","",""
2572,1,0,152943,0,"Pour utiliser une action de récolte, sélectionnez <UIForeground>F201FA</UIForeground><UIGlow>F201FB</UIGlow>Actions et traits<UIGlow>01</UIGlow><UIForeground>01</UIForeground> dans la rubrique Personnage du menu principal.
Les actions disponibles sont regroupées dans la rubrique <UIForeground>F201FA</UIForeground><UIGlow>F201FB</UIGlow>Récolte<UIGlow>01</UIGlow><UIForeground>01</UIForeground>.
Ajoutez les actions désirées aux barres de raccourcis et vous pourrez ensuite les utiliser librement.","",""
2573,1,0,152454,0,"Pour pouvoir changer l'apparence des familiers de l'invocateur, vous devez avoir terminé la quête <UIForeground>F201FA</UIForeground><UIGlow>F201FB</UIGlow>Egi déguisé<UIGlow>01</UIGlow><UIForeground>01</UIForeground>, et pour les familiers de l'érudit, vous devez avoir terminé la quête <UIForeground>F201FA</UIForeground><UIGlow>F201FB</UIGlow>Fée déguisée<UIGlow>01</UIGlow><UIForeground>01</UIForeground>.","",""
2574,1,0,152951,0,"Les <UIForeground>F201FA</UIForeground><UIGlow>F201FB</UIGlow>accessoires de visage<UIGlow>01</UIGlow><UIForeground>01</UIForeground> sont disponibles<Indent/>!

Comme leur nom l'indique, il s'agit d'accessoires décoratifs portés sur le visage, comme des lunettes, par exemple. Il peuvent être équipés en plus d'une pièce d'armure pour la tête.","",""
2575,1,0,152952,0,"Pour accéder à la liste de vos accessoires de visage, cliquez sur l'icone <UIForeground>F201FA</UIForeground><UIGlow>F201FB</UIGlow>Personnage<UIGlow>01</UIGlow><UIForeground>01</UIForeground> du menu principal et sélectionnez l'option “Accessoires de visage”. De là, vous pourrez sélectionner un style d'accessoire, puis une variation de couleur parmi les nombreuses disponibles.","",""
2576,1,0,152961,0,"Le <UIForeground>F201FA</UIForeground><UIGlow>F201FB</UIGlow>Guide de l'épopée<UIGlow>01</UIGlow><UIForeground>01</UIForeground> est un élément de l'ATH dont le but est de vous permettre de progresser plus facilement dans le scénario principal, mais également de vous indiquer quand des quêtes de classe ou de job sont disponibles.","",""
2577,1,0,152962,0,"Cliquez sur l'icone du <UIForeground>F201FA</UIForeground><UIGlow>F201FB</UIGlow>Guide de l'épopée<UIGlow>01</UIGlow><UIForeground>01</UIForeground> afin d'afficher votre prochaine destination. ","",""
2578,1,0,152971,0,"Comme leur nom l'indique, les <UIForeground>F201FA</UIForeground><UIGlow>F201FB</UIGlow>recettes spéciales<UIGlow>01</UIGlow><UIForeground>01</UIForeground> possèdent des usages différents des recettes classiques. Elles permettent de synthétiser entre autres des meubles, mais aussi des objets nécessaires à certaines quêtes et à des contenus spécifiques.","",""
2579,1,0,152972,0,"Certaines de ces recettes spéciales ne peuvent pas être notées dans le carnet d'artisanat. Cela signifie qu'elles n'octroient pas de bonus d'expérience la première fois qu'elles sont synthétisées. Il est désormais possible d'utiliser un filtre afin de les masquer.","",""
2580,1,0,151752,0,"Il est possible de synthétiser des armes et des armures redoutables, ainsi que des consommables aux puissants effets. Néanmoins, ces recettes sont plus difficiles à réaliser que celles d'autres objets de niveau équivalent. Faites bon usage de la fonction de synthèse d'essai avant de vous lancer dans leur fabrication.","",""
2581,1,0,152981,0,"Les <UIForeground>F201FA</UIForeground><UIGlow>F201FB</UIGlow>actions de soutien<UIGlow>01</UIGlow><UIForeground>01</UIForeground> sont des actions spéciales réservées à l'exploration de l'île de Lunule.

Vous pouvez utiliser <UIForeground>F201FA</UIForeground><UIGlow>F201FB</UIGlow>jusqu'à cinq<UIGlow>01</UIGlow><UIForeground>01</UIForeground> actions de soutien en supplément de vos actions habituelles.","",""
2582,1,0,152982,0,"Pour exécuter une action de soutien, il suffit de <UIForeground>F201FA</UIForeground><UIGlow>F201FB</UIGlow>cliquer sur son icône<UIGlow>01</UIGlow><UIForeground>01</UIForeground> dans l'interface dédiée.","",""
2583,1,0,152983,0,"Vous pouvez aussi, dans la section “Missions” du menu “Actions et traits”, enregistrer les <UIForeground>F201FA</UIForeground><UIGlow>F201FB</UIGlow>actions de mission 1 et 2<UIGlow>01</UIGlow><UIForeground>01</UIForeground> ou les <UIForeground>F201FA</UIForeground><UIGlow>F201FB</UIGlow>actions de soutien 1 à 5<UIGlow>01</UIGlow><UIForeground>01</UIForeground> dans une barre ou croix de raccourcis.","",""
2584,1,0,152982,0,"Vous pouvez faire défiler les actions dans l'interface dédiée et utiliser celle qui est affichée au centre<Indent/>:
<CommandIcon(14)/> + <Gui(17)/><Indent/>: changer d'action de soutien
<CommandIcon(15)/> + <Gui(17)/><Indent/>: utiliser une action de soutien","",""
2585,1,0,151011,0,"Vous avez forcé le coffre d'Oneiron<Indent/>!
Vous pouvez utiliser la <UIForeground>F201FA</UIForeground><UIGlow>F201FB</UIGlow>machine à rêves<UIGlow>01</UIGlow><UIForeground>01</UIForeground> qui s'y trouve pour invoquer des monstres protégeant un butin. Vainquez les monstres qui ap<SoftHyphen/>pa<SoftHyphen/>raî<SoftHyphen/>tront et volez-leur leurs trésors<Indent/>!","",""
2586,1,0,151012,0,"Seul le possesseur de la carte au trésor peut activer la machine à rêves, et ce jusqu'à <UIForeground>F201FA</UIForeground><UIGlow>F201FB</UIGlow>cinq fois<UIGlow>01</UIGlow><UIForeground>01</UIForeground> seulement. Après avoir activé le dispositif, des symboles défilent sur trois écrans, et en fonction de ceux qui s'affichent, différents monstres peuvent apparaître. Plus les monstres invoqués sont puissants, plus la récompense est grande<Indent/>!","",""
2587,1,0,151013,0,"Il existe différents degrés de rêve<Indent/>:
<UIForeground>F201FA</UIForeground><UIGlow>F201FB</UIGlow>Petit diamant<UIGlow>01</UIGlow><UIForeground>01</UIForeground><Indent/>: rêverie mineure, qui invoque des monstres faibles
<UIForeground>F201FA</UIForeground><UIGlow>F201FB</UIGlow>Trois diamants<UIGlow>01</UIGlow><UIForeground>01</UIForeground><Indent/>: mirage majeur, qui invoque des monstres moyennement forts
<UIForeground>F201FA</UIForeground><UIGlow>F201FB</UIGlow>Grand diamant<UIGlow>01</UIGlow><UIForeground>01</UIForeground><Indent/>: songe merveilleux, qui invoque des monstres puissants
Attention<Indent/>! Tomber sur trois symboles de <UIForeground>F201FA</UIForeground><UIGlow>F201FB</UIGlow>diamant brisé<UIGlow>01</UIGlow><UIForeground>01</UIForeground> vous expulse du coffre<Indent/>!","",""
2588,1,0,151014,0,"Les symboles de la machine à rêves recèlent bien d'autres <UIForeground>F201FA</UIForeground><UIGlow>F201FB</UIGlow>songes<UIGlow>01</UIGlow><UIForeground>01</UIForeground>. À vous de découvrir les secrets qu'ils vous réservent en tentant et retentant votre chance avec vos amis<Indent/>!","",""
2589,1,0,150911,0,"Vous avez obtenu une <UIForeground>F201FA</UIForeground><UIGlow>F201FB</UIGlow>queue de phénix<UIGlow>01</UIGlow><UIForeground>01</UIForeground>.

Cette plume de queue de l'oiseau fabuleux peut ranimer un joueur inconscient.","",""
2590,1,0,150912,0,"Elle peut s'avérer très utile dans les missions en équipe, notamment dans les donjons.

Vous aurez ainsi plus de chances de survivre si les joueurs capables de ranimer leurs coéquipiers tombent eux-mêmes inconscients.","",""
2591,1,0,150913,0,"Néanmoins, l'utilisation de queues de phénix est impossible au cours de certaines missions.

Le cas échéant, la mention <UIForeground>F201FA</UIForeground><UIGlow>F201FB</UIGlow>“Utilisation de queues de phénix impossible”<UIGlow>01</UIGlow><UIForeground>01</UIForeground> figure dans la section <UIForeground>F201FA</UIForeground><UIGlow>F201FB</UIGlow>Informations<UIGlow>01</UIGlow><UIForeground>01</UIForeground> de l'outil de mission.","",""
2592,1,0,150914,0,"Les queues de phénix peuvent être obtenues, entre autres, en récompenses de quêtes ou en les achetant directement auprès des herboristes et des quincailliers.","",""
2593,0,0,0,0,"","",""
2594,0,0,0,0,"","",""
2595,0,0,0,0,"","",""
2596,0,0,0,0,"","",""
2597,0,0,0,0,"","",""
2598,0,0,0,0,"","",""
2599,0,0,0,0,"","",""
2600,0,0,0,0,"","",""
