key,0
#,Text
int32,str
0,""
1,"Sortir de <Highlight>ObjectParameter(56)</Highlight><Indent/>?"
2,"Sortir seul"
3,"Sortir avec l'équipe"
4,"Annuler"
5,"Vaincre <SheetFr(BNpcName,2,IntegerParameter(1),1,1)/>"
6,"???"
7,"Progression"
8,"Vous allez quitter l'instance."
9,"Où souhaitez-vous aller<Indent/>?
Emplacement actuel<Indent/>: <Highlight>StringParameter(1)</Highlight>"
10,"Point de départ"
11,"Annuler"
12,""
13,""
14,""
15,""
16,""
17,""
18,""
19,""
20,""
21,""
22,""
23,""
24,""
25,""
26,""
27,"Une sortie apparaît."
28,"l'opération de guilde"
29,""
30,""
31,""
32,""
33,""
34,""
35,""
36,""
37,""
38,""
39,""
40,""
41,""
42,""
43,""
44,""
45,""
46,""
47,""
48,""
49,""
50,""
51,""
52,""
53,""
54,""
55,""
56,""
57,""
58,""
59,""
60,""
61,""
62,""
63,""
64,""
65,""
66,""
67,""
68,""
69,""
70,""
71,""
72,""
73,""
74,""
75,""
76,""
77,""
78,""
79,""
80,""
81,""
82,""
83,""
84,""
85,""
86,""
87,""
88,""
89,""
90,""
91,""
92,""
93,""
94,""
95,""
96,""
97,""
98,""
99,""
100,""
101,""
102,""
103,""
104,""
105,""
106,""
107,""
108,""
1000,"Trouver le rosaire de culte"
1001,"Détruire les orbes de culte"
1002,"Désactiver la barrière magique"
1003,"Est-ce vous qui avez ouvert les portes en quête d'une 
revanche sanglante<Indent/>? Mais peu importe."
1004,"Approchez... Le maître immortel se repaîtra de vos cerveaux ce soir<Indent/>!"
1100,"Petites clefs"
1101,"Trouver le parchemin ensanglanté"
1102,"Trouver la clef du Gui"
1103,"Trouver la clef de l'Œillet"
1200,"Cellules magitek"
1201,"Activer le terminal magitek dans le repos du démuni"
1202,"Ouvrir la porte de la chambre de torture"
1203,"Activer le terminal magitek dans le repos du sot"
1300,"Mission accomplie<Indent/>! Venez prendre la récompense."
1301,"Éliminer tous les ennemis"
1302,"Éliminer <SheetFr(BNpcName,2,IntegerParameter(1),1,1)/>"
1303,"Capturer <SheetFr(BNpcName,2,IntegerParameter(1),1,1)/>"
1304,"Escorter <SheetFr(BNpcName,2,IntegerParameter(1),1,1)/> à destination"
1305,"Belle dé<SoftHyphen/>mon<SoftHyphen/>stra<SoftHyphen/>tion<Indent/>!
Venez donc prendre votre récompense."
1306,"C'est fini, non<Indent/>? Alors ramenez votre arrière-train par ici 
pour prendre votre récompense<Indent/>!"
1307,"Ha ha ha<Indent/>! Bien joué<Indent/>! Tu mérites une bonne récompense.
Viens me voir pour l'obtenir."
1308,"Hé, c'est qu'tu défends bien<Indent/>!
T'as bien mérité une récompense. Viens ici pour que je te la file."
1400,"Éliminer les groupes ennemis un par un"
1401,"Si <SheetFr(BNpcName,2,IntegerParameter(1),1,1)/> vous repère,
il ordonnera aux cibles restantes d'attaquer. 
Restez hors de son champ de vision et
occupez-vous de ses alliés un par un."
1402,"Si <SheetFr(BNpcName,2,IntegerParameter(1),1,1)/> vous repère,
il ordonnera aux cibles restantes d'attaquer. 
Restez hors de son champ de vision et
occupez-vous de ses alliés un par un."
1403,"Du calme<Indent/>! Si vous voulez pas mourir, ne prenez
qu'un groupe à la fois<Indent/>!"
1404,""
1405,"Ne vous hâtez donc pas vers le danger<Indent/>! Essayez d'éloigner
le fretin du goobbue sans alarmer le balourd moussu<Indent/>!"
1406,"Belle manœuvre<Indent/>!
Maintenant, éliminez les végétaux<Indent/>!"
1407,"Le goobbue vous a repéré<If(PlayerParameter(4))>e<Else/></If><Indent/>! Éliminez ses comparses
avant de passer au géant vert, ou vous ne ferez pas long feu<Indent/>!"
1408,"Debout<Indent/>! Vous n'allez pas beaucoup aider vos équipiers
en restant sur l'herbe comme une baleine échouée<Indent/>!"
1409,"Mais par tous les enfers, qu'est-ce que vous faites<Indent/>!?
Repliez-vous et regroupez-vous<Indent/>!"
1410,"Je m'étais trompée sur vous. Vos chances de victoire sont
un <Emphasis>poil</Emphasis> au-dessus du zéro absolu."
1411,"Allez, vous vous en sortez bien pour le moment,
maintenant achevez-le<Indent/>!"
1500,"<SheetFr(BNpcName,2,IntegerParameter(1),1,1)/> va appeler des renforts.
Abattez-le avant qu'il ne le fasse<Indent/>!"
1501,"<SheetFr(BNpcName,2,IntegerParameter(1),1,1)/> a appris une nouvelle technique de combat. Attention<Indent/>!"
1502,"<SheetFr(BNpcName,2,IntegerParameter(1),1,1)/> a encore appris une nouvelle technique de combat. Attention<Indent/>!"
1503,"Le plus solide des équipiers devrait attirer l'ennemi au loin."
1504,"Les attaques infligeront plus de dégâts sur les côtés ou par derrière<Indent/>!"
1505,"Des renforts<Indent/>! Interceptez-les<Indent/>!"
1506,"En voilà d'autres<Indent/>! Mais différents des précédents<Indent/>!"
1600,"Éliminez <SheetFr(BNpcName,2,IntegerParameter(1),2,1)/> pour ouvrir le 1er portail"
1601,"Éliminez l'ennemi et ouvrez le portail à l'aide du levier"
1602,"Éliminez <SheetFr(BNpcName,2,IntegerParameter(1),1,1)/> au plus vite"
1603,"Derrière vous<Indent/>! Tuez les lémurs les moins puissants avant de vous concentrer sur le vrai danger."
1604,"Tirez sur le levier et ouvrez le portail<Indent/>!"
1605,"Vite<Indent/>! Les rochers ne retiendront pas les yarzons pendant longtemps<Indent/>!"
1606,"Un autre groupe de yarzons est arrivé<Indent/>!
Éliminez vite le crapaud avant d'être débordés<Indent/>!"
1607,"Des yarzons se sont infiltrés<Indent/>! Oubliez le crapaud et concentrez-vous sur l'élimination de ces vermines<Indent/>!"
1608,"Un deuxième groupe approche<Indent/>!
Préparez-vous<Indent/>!"
1609,"Superbe dé<SoftHyphen/>mon<SoftHyphen/>stra<SoftHyphen/>tion de force et de vitesse<Indent/>!
Bien joué<Indent/>!"
1610,"Les rochers commencent à céder<Indent/>!
Restez sur vos gardes<Indent/>!"
1611,"Les rochers vont se briser d'un instant à l'autre et laisser passer les yarzons<Indent/>!"
1612,"Maintenant, tirez sur le levier et ouvrez le portail... quand vous serez prêts à affronter ce qui vous attend de l'autre côté."
1613,"Si vous continuez à ignorer mes in<SoftHyphen/>struc<SoftHyphen/>tions, vous allez tous y passer<Indent/>!"
1614,"Maintenant qu'on a éliminé ces deux-là, concentrez vos efforts sur le verrat."
1615,"Quelque chose me dit qu'il y en aura d'autres si on s'occupe pas rapidement de ce crapaud."
1616,"Le premier portail est ouvert<Indent/>! Soignez vos blessures avant d'aller au deuxième."
1617,"Le deuxième portail est ouvert<Indent/>! Encore un et vous atteindrez la tanière du crapaud géant<Indent/>!"
1618,"Le troisième portail est tombé<Indent/>! Le seigneur des lieux attend un peu plus loin<Indent/>!"
1619,"Le portail se déverrouillera quand les monstres des environs seront neutralisés. Éliminez tous les puks<Indent/>!"
1700,"<Clickable(<SheetFr(BNpcName,2,IntegerParameter(1),2,1)/>)/> vont essayer de soigner <SheetFr(BNpcName,2,IntegerParameter(2),1,1)/>."
1701,"Utilisez des noyaux d'élémentaire de feu pour mettre le feu aux touffes d'herbe et produire une fumée somnifère."
1702,"Vos ordres sont de capturer la gilkhélone.
Commencez par affaiblir la pauvre créature."
1703,"Les ravisseurs de la tortue ne se laisseront pas faire et soigneront ses blessures pour vous gêner. Éloignez-la d'eux<Indent/>!"
1704,"Dans son état de faiblesse actuel, la gilkhélone ne pourra pas résister aux effets des herbes. Vite, trouvez des noyaux<Indent/>!"
1705,"Utilisez le noyau pour mettre le feu à la touffe d'herbe qui est devant moi."
1706,"Les herbes sont en feu<Indent/>! Maintenant, faites en sorte d'attirer la gilkhélone vers la fumée<Indent/>!"
1707,"Et c'est ainsi que la brave tortue tombe dans un profond sommeil. Mission accomplie<Indent/>!"
1708,"Ces tritons pourraient se révéler gênants si on ne fait rien. 
Éliminez-les avant que la situation ne dégénère."
1709,"Vous n'avez plus de noyaux<Indent/>? Alors, allez en chercher d'autres<Indent/>! Ça paraît évident, tout de même..."
1710,"Retenez vos coups<Indent/>! Le client a bien précisé qu'il voulait la bête en vie. Si vous la tuez, la mission échouera<Indent/>!"
1711,"Bande de crétins maladroits<Indent/>! Qu'est-ce qu'on va dire au seigneur Adeledji maintenant<Indent/>!?"
1712,"Cette fumée n'aura pas d'effet sur la tortue tant qu'elle sera dans cet état. Il faut l'affaiblir, d'abord<Indent/>!"
1713,"Libérer la fumée maintenant serait inutile. Je vais m'occuper des herbes pendant que vous affaiblissez la tortue."
1714,"Noyaux d'élémentaire de feu"
1715,"Faites taire ces bandits<Indent/>!"
1800,"Attirez les ennemis pour combattre loin des boules de pollen<Indent/>!"
1801,"Éliminez les ennemis en mouvement en faisant attention à la dispersion du pollen empoisonné."
1802,"Attention au pollen empoisonné<Indent/>!
Affrontez les ennemis hors de la brume toxique<Indent/>!"
1803,"Ne baissez pas votre garde, et continuez comme ça<Indent/>!"
1804,"N'entrez pas dans les zones envahies par le pollen<Indent/>! 
Attirez l'ennemi à vous, plutôt<Indent/>!"
1805,"Sortez du pollen sur-le-champ<Indent/>! Ne vous laissez pas affaiblir<Indent/>!"
1806,"Restez à l'écart des boules de pollen qui tombent, 
ou bien vous allez subir leur poison<Indent/>!"
1807,"Au bout d'un moment, le vent dissipe la brume<Indent/>!"
1808,"La brume, elle revient<Indent/>!"
1809,"La créature a quitté la brume de pollen<Indent/>! 
C'est notre chance<Indent/>! Éliminons-la<Indent/>!"
1810,"Votre ennemi faiblit à chacun de vos coups<Indent/>! 
N'arrêtez pas<Indent/>!"
1811,"Oui<Indent/>! Je crois que vous l'avez, il ne 
tiendra plus très longtemps<Indent/>!"
1900,"Affronter trop d'ennemis à la fois est dangereux. 
Éliminez séparément les unités qui circulent<Indent/>!"
1901,"Attention aux renforts ennemis<Indent/>!"
1902,"Neutralisez les soigneurs en priorité<Indent/>!"
1903,"Camarades Ventrerouge<Indent/>! À moi<Indent/>!"
1904,"À moi, soigneurs<Indent/>!"
1905,"Argh<Indent/>! Où sont mes renforts<Indent/>!?"
1906,"Attention aux éclaireurs, car ils alerteront 
leurs comparses de votre présence."
1907,"Le meneur a appelé des renforts<Indent/>! 
Repérez-les im<SoftHyphen/>mé<SoftHyphen/>dia<SoftHyphen/>te<SoftHyphen/>ment<Indent/>!"
1908,"Attention aux renforts<Indent/>! Neutralisez les soigneurs en priorité<Indent/>!"
1909,"Surveillez bien le trajet des bandits qui circulent et risquent 
de rejoindre le combat<Indent/>! Restez à l'écart pour combattre<Indent/>!"
1910,"Sans élé<SoftHyphen/>men<SoftHyphen/>ta<SoftHyphen/>lis<SoftHyphen/>te pour les soigner, les 
autres ne devraient pas faire long feu."
1911,"Leur meneur est connu pour sa force. Votre équipier le plus 
solide devra servir de bouclier, pour protéger vos attaquants<Indent/>!"
1912,"Des renforts<Indent/>! Éliminez les soigneurs avant que 
vos efforts ne soient anéantis."
1913,"Encore des renforts<Indent/>! Vous savez ce que vous avez à faire<Indent/>!"
1914,"Apprenez à distinguer les soigneurs des autres brigands<Indent/>!"
1915,"Attention aux soins prodigués<Indent/>! 
Distinguez bien les soigneurs des autres<Indent/>!"
1916,""
2000,"Utilisez à bon escient les objets fournis pour la mission<Indent/>!"
2001,"L'ennemi dispose de nombreuses attaques<Indent/>! 
Surveillez bien votre état<Indent/>!"
2002,"Éliminez Briaxio l'Illusoire en prenant garde à ses attaques affaiblissantes<Indent/>!"
2003,"Vagues de renforts appelées"
2004,"Attention<Indent/>! Les attaques de ces 
créatures agiront sur votre état<Indent/>!"
2005,"Ne laissez pas les poisons vous envahir<Indent/>! 
Utilisez les temps morts pour vous soigner."
2006,"Vérifiez que chaque équipier connaît son rôle, et progressez 
en éliminant les ennemis qui bloquent la route<Indent/>!"
2007,"Utilisez vite le sort Guérison si des altérations vous touchent<Indent/>!"
2008,"Il vous faut un tank pour encaisser les attaques 
de Briaxio l'Illusoire, et protéger les autres<Indent/>!"
2009,"Les fidèles de Briaxio se ruent à son secours<Indent/>! Envoyez vos
attaquants pendant que les autres contiennent Briaxio."
2100,"Vainquez les Gobelins et détruisez leurs barricades"
2101,"Combattez en évitant les bombes de Stikflix le grincheux"
2102,"Détruisez les barricades pour atteindre les Gobelins et 
progresser, mais restez attentifs aux bombes lancées."
2103,"Les bombes de Stikflix le grincheux ont un plus 
grand rayon d'effet que les autres."
2104,"N'oubliez pas vos rôles dans le groupe et communiquez 
avec vos équipiers. Ce sont les clefs de la victoire<Indent/>!"
2105,"Abattez les barricades<Indent/>! Si une bombe atterrit 
près de vous, restez un temps à l'écart."
2106,"Attention, il y a une double barricade<Indent/>! 
Mais ça ne change rien, démolissez-les<Indent/>!"
2107,"Bien joué, continuez comme ça<Indent/>! Continuez de 
pénétrer les lignes gobelines jusqu'à leur chef<Indent/>!"
2108,"Il ne reste plus que le chef des Gobelins, Stikflix<Indent/>! Pas de pitié<Indent/>!"
2109,"Stikflix le grincheux n'est pas très im<SoftHyphen/>pres<SoftHyphen/>sion<SoftHyphen/>nant, 
mais ses puissants explosifs sont redoutables<Indent/>!"
2110,""
2200,"Des confitures moisies vont sortir des bulles putrides si vous ne faites rien. 
Éclatez-les avant qu'il ne soit trop tard<Indent/>!"
2201,"Lorsqu'elles prennent des coups, les bulles acides répandent un dangereux liquide corrosif. 
Évitez de les attaquer<Indent/>!"
2202,"Des confitures moisies<Indent/>! Je vous avais dit 
qu'il fallait éliminer les bulles putrides<Indent/>!"
2203,"Bon, ce n'était pas si difficile, pas vrai<Indent/>? 
Continuez avant que d'autres infections n'ap<SoftHyphen/>pa<SoftHyphen/>rais<SoftHyphen/>sent<Indent/>!"
2204,"Ce maudit morbol a lâché un vent, ou quoi<Indent/>!? 
Occupez-vous des bulles avant qu'elles ne vous voient<Indent/>!"
2205,"Je reconnais que vous savez y faire. C'était un joli combat<Indent/>! 
Et le tout sans laisser apparaître d'autres infections<Indent/>!"
2206,"Vous cherchez quoi exactement<Indent/>? À nous faire tous tuer<Indent/>? 
Je vous avais dit de ne pas toucher aux bulles acides<Indent/>!"
2207,"Oh non, il en vient d'autres<Indent/>! Rien que l'odeur ferait tourner 
de l'œil n'importe qui<Indent/>! Débarrassez-nous de ça, d'accord<Indent/>?"
2208,"Les bulles putrides, pas les bulles acides, espèce d'imbécile<Indent/>!"
2209,"On y est presque<Indent/>! Renvoyez cette chose maudite 
dans les profondeurs dont elle est venue<Indent/>!"
2210,"Ouvrez l'œil, aventuriers<Indent/>! 
Continuez de neutraliser les bulles putrides<Indent/>!"
2211,"Coriaces, hein<Indent/>? La prochaine fois, écoutez mes 
conseils et commencez par éliminer les bulles<Indent/>!"
2212,"Vous voyez ses branches commencer à trémuler<Indent/>? 
La créature faiblit<Indent/>!"
2213,"Si vous ne vous occupez pas de ces bulles putrides, il en sortira des abo<SoftHyphen/>mi<SoftHyphen/>na<SoftHyphen/>tions. Pour éviter ça, éliminez ces bulles, et vite<Indent/>!"
2300,"Buso tire sa force des flammes bleues. Éteignez les flammes pour le rendre plus sensible à vos attaques."
2301,"Une nouvelle flamme bleue va apparaître là où <SheetFr(BNpcName,1,IntegerParameter(1),1,1)/> se fera tuer. 
Réfléchissez bien au meilleur moment pour l'achever."
2302,"Si vous vous faites toucher par la Marque de la douleur de Buso, éloignez-vous de vos équipiers afin qu'ils ne soient pas pris dans le Dôme ténébreux."
2303,"Ces lugubres flammes bleues sont des traces d'entités mortes 
piégées dans le monde physique, et Buso s'en nourrit<Indent/>!"
2304,"Tuer un chien provoque l'apparition d'une flamme. Si vous 
éliminez les molosses, attention aux con<SoftHyphen/>sé<SoftHyphen/>quen<SoftHyphen/>ces<Indent/>!"
2305,"Buso prépare la Marque de la douleur<Indent/>! 
S'il vous marque, éloignez-vous de vos équipiers<Indent/>!"
2306,"Allez-y, éteignez les flammes bleues<Indent/>! 
C'est le seul moyen d'affaiblir Buso<Indent/>!"
2307,"Malédiction<Indent/>! Une autre flamme bleue<Indent/>! Buso devient plus 
fort à chaque fois qu'il se nourrit de cette lueur maudite<Indent/>! "
2308,"Ce combat n'est pas encore perdu<Indent/>! 
Éteignez toutes les flammes bleues, surtout<Indent/>!"
2309,"Il ne reste presque plus de flammes<Indent/>! Achevez-le<Indent/>!"
2310,"Assez de diableries pour aujourd'hui, finissons-en<Indent/>! 
Éliminez cette horreur une bonne fois pour toutes<Indent/>!"
2311,"Buso cherche à marquer ceux des équipiers 
qui étouffent ses flammes<Indent/>!"
2312,"L'un d'entre vous a été marqué<Indent/>! Pour l'amour 
des Douze, fuyez, et épargnez vos compagnons<Indent/>!"
2313,"Renvoyez-le dans le néant<Indent/>!"
2314,"Éloignez Buso des flammes bleues pour le combattre<Indent/>!"
2400,"Trouver l'habitant du Bivouac"
2401,"Accéder à l'Arrêt de Brayflox"
2402,"Accéder à la Source du marais"
2403,"Atteindre le cœur du Bivouac de Brayflox"
2404,""
2405,"Franchir le hall des cesti"
2406,"Activer les palans"
2407,"Franchir le hall des secutores"
2408,"Vaincre Tangata le bestial"
2500,"Activer les mécanismes des coraux"
2501,"Ouvrir la porte cachée"
2502,"Trouver le capitaine pirate"
2503,"Obtenir la clef de la porte des bourlingueurs"
2504,"Fsshhh<Indent/>! Ssstupides terressstres sssans branchies<Indent/>!"
2505,"Le Déchaîneur des marées va vous noyer dans les abysses<Indent/>!"
2600,"Tremblez devant la puissance de Nos flammes<Indent/>!"
2601,"Succombez aux enfers<Indent/>!"
2602,"Que le feu du jugement purifie vos âmes<Indent/>!"
2603,"Que les flammes de l'enfer vous consument pour l'éternité<Indent/>!"
2604,"Vous faites de dignes adversaires, mortels<Indent/>!"
2605,"Vous résistez à Notre pouvoir<Indent/>!?<Indent/>...
Serait-ce... la Lumière... qui vous protège<Indent/>?"
2700,"Amas de 6 onz de poudre"
2701,"Déblayer les gravats du puits B4"
2702,"Déblayer les gravats du puits E1"
2703,"Atteindre le puits E2"
2704,"Vils humains<Indent/>! Vous nous avez enfermés<Indent/>! 
Subissez notre vengeance<Indent/>!!"
2705,"Notre tribu entière vous fera payer vos méfaits<Indent/>!! Notre tribu 
entière vous écrasera et vous vous tordrez de douleur<Indent/>!"
2800,"Franchir Les Eaux dormantes"
2801,"Ouvrir la porte cachée"
2802,"Franchir Le Corridor sans fin"
2803,"Franchir Le Dernier repos"
2804,"Pots d'huile d'éclairage"
2900,"Franchir La Serrure"
2901,"Détruire les plants de morbols"
2902,"Franchir le Coffre-fort du Trésorier"
2903,"Détruire les plants de morbols"
2904,"Franchir le grand hall"
2905,"Franchir le mess"
2906,"Couper le champ magitek niveau IV"
2907,""
3000,"Vaincre les ennemis tout en surveillant l'arrivée de renforts"
3001,"<Clickable(<SheetFr(BNpcName,2,IntegerParameter(1),1,1)/>)/> qui rôde dans les environs est capable de faire de larges attaques dévastatrices.
Évitez de vous en approcher<Indent/>!"
3002,"<Clickable(<SheetFr(BNpcName,2,IntegerParameter(1),1,1)/>)/> ne peut pas être vaincu ir<SoftHyphen/>ré<SoftHyphen/>mé<SoftHyphen/>dia<SoftHyphen/>ble<SoftHyphen/>ment.
Évitez de l'affronter<Indent/>!"
3003,"<Clickable(<SheetFr(BNpcName,2,IntegerParameter(1),2,1)/>)/> ap<SoftHyphen/>pa<SoftHyphen/>rais<SoftHyphen/>sent de manière im<SoftHyphen/>pré<SoftHyphen/>vi<SoftHyphen/>si<SoftHyphen/>ble.
Restez sur vos gardes et évitez de vous en approcher<Indent/>!"
3004,"Abattez <SheetFr(BNpcName,2,IntegerParameter(1),1,1)/><Indent/>!
Mais restez sur vos gardes<Indent/>!"
3005,"Attention, <SheetFr(BNpcName,1,IntegerParameter(1),1,1)/><Indent/>!
Évitez-le et poursuivez la mission<Indent/>!"
3006,"Attention<Indent/>! <Clickable(<SheetFr(BNpcName,2,IntegerParameter(1),1,1)/>)/> apparaît et disparaît<Indent/>!
Restez sur vos gardes<Indent/>!"
3007,"Attention<Indent/>! <Clickable(<SheetFr(BNpcName,2,IntegerParameter(1),1,1)/>)/> est im<SoftHyphen/>pré<SoftHyphen/>vi<SoftHyphen/>si<SoftHyphen/>ble<Indent/>!
Préparez-vous à toute éventualité<Indent/>!"
3008,"<Clickable(<SheetFr(BNpcName,2,IntegerParameter(1),1,1)/>)/> possède une barrière magique<Indent/>!
Rien ne sert de l'attaquer<Indent/>!"
3009,"Les attaques <SheetFr(BNpcName,9,IntegerParameter(1),1,1)/> portent loin<Indent/>!
Gardez vos distances<Indent/>!"
3010,"Essayez de prévoir là où vont apparaître <SheetFr(BNpcName,2,IntegerParameter(1),2,1)/><Indent/>!
Gardez vos distances pour éviter un combat inutile<Indent/>!"
3011,"Continuez comme ça<Indent/>! Vos attaques lui font très mal<Indent/>!"
3012,"Vous y êtes presque<Indent/>! Encore un petit effort et vous allez gagner<Indent/>!"
3013,"Fantastique<Indent/>!
Je ne pensais pas que vous viendriez à bout de Griffe de l'ombre et de ses sbires aussi facilement<Indent/>!"
3100,"<Clickable(<SheetFr(BNpcName,2,IntegerParameter(1),1,1)/>)/> fera son apparition si vous vainquez tous les monstres qui ne sont pas des bombos."
3101,"Gardez suf<SoftHyphen/>fi<SoftHyphen/>sam<SoftHyphen/>ment vos distances dans le cas où <SheetFr(BNpcName,2,IntegerParameter(1),1,1)/> donnerait un ordre d'auto-destruction à ses sujets."
3102,"Attention<Indent/>! Si vous vous approchez des bombos rouges, ils vont s'auto-détruire<Indent/>!
Abattez-les à l'écart des autres ou évitez de vous y frotter<Indent/>!"
3103,"Oyez, oyez, braves gens<Indent/>! La reine des bombos<Indent/>!
Méfiez-vous-en, elle peut ordonner à ses sujets de s'auto-détruire<Indent/>!"
3104,"Battez-vous tout en vous méfiant des effets dévastateurs de l'auto-destruction<Indent/>!"
3105,"Attention<Indent/>! Si vous vous approchez des bombos verts, ils vont s'auto-détruire<Indent/>!
Restez sur vos gardes<Indent/>!"
3106,"Les bombos verts semblent faire des rondes<Indent/>!
Faites attention à leurs mouvements<Indent/>!"
3107,"Les bombos verts ap<SoftHyphen/>pa<SoftHyphen/>rais<SoftHyphen/>sent les uns après les autres<Indent/>!
Les abattre n'est pro<SoftHyphen/>ba<SoftHyphen/>ble<SoftHyphen/>ment pas très utile<Indent/>!"
3108,"Endormir les bombos ne les empêchera pas de s'auto-détruire<Indent/>!
Occupez-vous des guimauves rouges en priorité<Indent/>!"
3109,"Rien ne sert d'abattre les bombos<Indent/>!
Concentrez-vous sur leur reine<Indent/>!"
3110,"Alerte<Indent/>! Ordre d'auto-destruction en cours<Indent/>!
Éloignez-vous tous<Indent/>!"
3111,"Vous avez vaincu le bombo baronnet<Indent/>!
Restez sur vos gardes, il va sûrement réapparaître<Indent/>!"
3112,"La reine des bombos est affaiblie<Indent/>!
Continuez de l'attaquer de toutes vos forces<Indent/>!"
3113,"Attention<Indent/>! Si la reine des bombos est vaincue, ses sujets s'auto-détruiront tous en même temps<Indent/>!
Préparez-vous à déguster<Indent/>!"
3114,"Oui, continuez comme ça<Indent/>! Exterminez aussi ces créatures gluantes<Indent/>!"
3115,"Les bombos continuent d'apparaître<Indent/>!
Attention à leur capacité d'auto-destruction<Indent/>!"
3116,"Ne croyez pas que la reine des bombos va abdiquer si facilement<Indent/>!
Ne baissez pas votre garde<Indent/>!"
3117,"La reine des bombos a été renversée<Indent/>! Bravo<Indent/>!"
3200,"Abattre les cinq camios en même temps
pour s'en débarrasser définitivement."
3201,"Il faut abattre les cinq camios ensemble<Indent/>!
Autrement, elles reviendront<Indent/>!"
3202,"Leur formation de combat a de nouveau changé<Indent/>!
Restez sur vos gardes<Indent/>!"
3203,"Examinez bien la formation de combat des camios<Indent/>!"
3204,"Elles ont changé leur formation de combat<Indent/>!"
3205,"Attention<Indent/>! Je ne sais pas ce qu'elles préparent<Indent/>! Restez attentifs<Indent/>!"
3206,"Elles ont changé de cible<Indent/>!
Faites attention que leurs attaques ne touchent pas les plus faibles d'entre vous<Indent/>!"
3207,"On dirait qu'une des camios est protégée magiquement
par leur formation de combat<Indent/>!"
3208,"J'ai bien l'impression que la camio de tête gagne en force 
Attention à ses attaques<Indent/>!"
3209,"Cette formation en cercle...<Indent/>!?
Elles se préparent à invoquer un autre être du néant<Indent/>!"
3210,"L'une des camios semble protégée magiquement<Indent/>!
Serait-ce un effet de leur formation<Indent/>!?"
3211,"Impossible de vaincre les cinq à la fois pour le moment<Indent/>!
Attendez que celle qui est invulnérable ne soit plus protégée<Indent/>!"
3212,"Vous devez terrassez les cinq en même temps<Indent/>!
Vainquez les autres avant que celles abattues ne réap<SoftHyphen/>pa<SoftHyphen/>rais<SoftHyphen/>sent<Indent/>!"
3213,"Par tous les diables<Indent/>! Elles réap<SoftHyphen/>pa<SoftHyphen/>rais<SoftHyphen/>sent<Indent/>!
Il faut abattre les cinq camios en même temps<Indent/>!"
3214,"Attention à la camio qui devient de plus en plus forte<Indent/>!
Que l'un d'entre vous encaisse ses attaques à la place des autres<Indent/>!"
3215,"Surveillez bien vers qui elles dirigent leurs attaques<Indent/>!"
3216,"Attention à leur formation de défense<Indent/>!
Choisissez bien laquelle attaquer<Indent/>!"
3217,"Attention à leur formation d'attaque<Indent/>!
Organisez bien vos défenses<Indent/>!"
3218,"Attention aux attaques de celle-là<Indent/>!
Abattez-la en premier<Indent/>!"
3219,"Bravo<Indent/>! Ils ne vous reste plus qu'à abattre les autres<Indent/>!"
3220,"Oui<Indent/>! Continuez comme ça<Indent/>!"
3221,"Vous avez terrassé les camios<Indent/>! Fé<SoftHyphen/>li<SoftHyphen/>ci<SoftHyphen/>ta<SoftHyphen/>tions<Indent/>!"
3300,"Abattre les géants tout en protégeant <SheetFr(BNpcName,2,IntegerParameter(1),2,1)/>"
3301,"Vaincre les chefs des géants permet d'empêcher l'arrivée de renforts."
3302,"Commencez par allez près des objets anciens<Indent/>!
C'est le seul moyen d'empêcher les géants de les détruire<Indent/>!"
3303,"Attention<Indent/>! Voilà des gigas<Indent/>!
Ne les laissez pas détruire ces trésors anciens<Indent/>!"
3304,"Des renforts arrivent<Indent/>!
Ils ne sont pas nombreux, mais restez sur vos gardes<Indent/>!"
3305,"Un grand nombre de renforts arrive<Indent/>!
Séparez-vous en deux groupes pour vous en occuper<Indent/>!"
3306,"Le chef des gigas est là<Indent/>!
Terrassez-le pour mettre fin aux vagues de renforts<Indent/>!"
3307,"Je vois des géants arriver<Indent/>!
Il faut protéger les objets anciens coûte que coûte<Indent/>!"
3308,"Des hécatonchires sont venus se mêler à la bataille<Indent/>!
Si vous les abattez, leur chef fera sûrement son apparition<Indent/>!"
3309,"Les chefs des géants et des hécatonchires sont arrivés<Indent/>!
Tuez-les avant qu'ils ne joignent leurs forces<Indent/>!"
3310,"Malédiction<Indent/>! Les chefs ont appelé des renforts<Indent/>!
Ne les laissez surtout pas entrer en contact l'un avec l'autre<Indent/>!"
3311,"Attention aux ennemis dont les attaques ont un vaste rayon d'effet<Indent/>!
Ne les laissez pas s'approcher des objets anciens<Indent/>!"
3312,"Le chef des gigas va s'enfuir<Indent/>!
Abattez-le maintenant<Indent/>!"
3313,"Le chef des géant se replie, on dirait<Indent/>!
Attention, c'est peut-être un piège<Indent/>!"
3314,"Il n'a pas l'air de s'avouer vaincu<Indent/>!
Restez sur vos gardes<Indent/>!"
3315,"De nouveaux renforts sont arrivés<Indent/>!
Abattez les chefs en premier<Indent/>!"
3316,"Bravo<Indent/>! Vous avez par<SoftHyphen/>fai<SoftHyphen/>te<SoftHyphen/>ment réussi à protéger les objets anciens<Indent/>!
Je suis très fière de vous<Indent/>!"
3317,"Bravo<Indent/>! Vous avez réussi à protéger les objets anciens<Indent/>!
Bon travail<Indent/>!"
3318,"Il ne reste plus que deux objets anciens<Indent/>!
Ne laissez pas les géants s'en approcher<Indent/>!"
3319,"Il ne reste plus qu'un objet ancien<Indent/>!
Protéger-le coûte que coûte<Indent/>!"
3320,"Le grand chef de nos ennemis ne devrait plus tarder à faire son apparition<Indent/>!
Tenez bon<Indent/>!"
3321,"Les géants sont en train de détruire les objets anciens<Indent/>!
Ne les laissez pas faire<Indent/>!"
3322,"Protéger <SheetFr(BNpcName,2,IntegerParameter(1),2,1)/>"
3400,"Exterminer les monstres"
3401,"Franchir la fosse de nourrissage"
3402,"Franchir l'antichambre engloutie"
3500,"Franchir l'oratoire de Tatamefu II"
3501,"Pénétrer dans la roseraie de Lalafuto Ier"
3502,"Franchir l'adytum de Lalafuto IV"
3503,"Faire bouger la balance de la justice"
3504,""
3505,"Que placez-vous sur la balance de la justice<Indent/>?"
3506,"<Clickable(<SheetFr(EventItem,2,IntegerParameter(1),1,1)/>)/>"
3507,"Rien"
3508,"La balance ne semble pas bouger davantage."
3509,"<If(<Sheet(EventItem,IntegerParameter(1),6)/>)>Elle<Else/>Il</If> est déjà posé<If(<Sheet(EventItem,IntegerParameter(1),6)/>)>e<Else/></If> sur la statue."
3600,"Je ne laisserai personne s'opposer au Général van Baelsar !"
3601,"Mes boucliers sont im<SoftHyphen/>pé<SoftHyphen/>né<SoftHyphen/>tra<SoftHyphen/>bles, et tu vas bientôt connaître leur pouvoir destructeur !"
3602,"Avec ta défaite, le général van Baelsar sera encore plus près de réaliser son noble dessein !"
3603,"Argh... Même si ça me coûte la vie... Je te détruirai !"
3700,"Hahaha<Indent/>! HÉHÉHÉ<Indent/>! HA HA HA<Indent/>! Je vais vous écorcher avec mes bourrasques<Indent/>!"
3701,"Vous ne partirez pas d'ici vivants<Indent/>! Vous êtes à moi<Indent/>! À MOI<Indent/>!!!"
3702,"Ça va saigner<Indent/>!!"
3703,"Raaaah<Indent/>! Misérables vermisseaux<Indent/>!<Indent/>... Vous l'aurez cherché<Indent/>!"
3704,"Courez<Indent/>! Fuyez<Indent/>! Criez<Indent/>! Vous ne NOUS échapperez pas<Indent/>! Hihihi<Indent/>! HAHAHAHA<Indent/>!!!"
3705,"C'est impossible... Non... Noooon...<Indent/>!"
3800,"Raaaaahmmm...
Gens de la surface... Vous avez profané mon sanctuaire et tué mes enfants."
3801,"Craignez ma colère, humains<Indent/>!
Ma haine contre vous est sans fin<Indent/>!"
3802,"Tremblez devant la puissance de la terre<Indent/>!"
3803,"Je vais vous réduire en miettes, tous autant que vous êtes<Indent/>!"
3804,"Roooohmmm... Je vais vous écraser sous mes pieds<Indent/>!!"
3805,"Ne pleurez pas, mes enfants... Ce<If(PlayerParameter(4))>tte<Else/></If> mortel<If(PlayerParameter(4))>le<Else/></If> paiera pour ses crimes<Indent/>!"
3806,"Roooohmmm... N'approchez pas, non..."
3807,"J'ai mal, oui, j'ai très mal... Mon cœur va exploser<Indent/>!"
3808,"RAAAAAHMMMM<Indent/>!!!"
3809,"Argh... Pourquoi, oui, pourquoi..."
3810,"Non, non<Indent/>! J'ai peur... Au secours..."
3811,"Papa... Maman..."
3900,"Désactiver les terminaux de sur<SoftHyphen/>veil<SoftHyphen/>lan<SoftHyphen/>ce"
3901,"Désactiver le terminal de sur<SoftHyphen/>veil<SoftHyphen/>lan<SoftHyphen/>ce"
3902,"Obtenir des explosifs type XXXVII"
3903,"Détruire les pompes à céruleum"
3904,"Détruire les générateurs de champ de force"
3905,"Obtenir des clefs d'identification"
3906,"Désactiver le terminal de sur<SoftHyphen/>veil<SoftHyphen/>lan<SoftHyphen/>ce"
3907,"Désactiver les terminaux de sur<SoftHyphen/>veil<SoftHyphen/>lan<SoftHyphen/>ce"
3908,"Recule ! Je vais faire exploser la cloison !"
3909,"Ça pourrait me prendre un moment, alors surveille mes arrières !"
3910,"J'y suis presque ! Retiens cet énorme bout de métal !"
3911,"Approche, <Emphasis><If(PlayerParameter(4))>héroïne<Else/>héros</If></Emphasis> ! Montre-moi ce que tu sais faire !"
3912,"Je vois, je vois..."
3913,"Je vais te reprendre tout ce que tu m'as volé<Indent/>!"
3914,"Je vais te faire goûter à la <Emphasis>vraie</Emphasis> souffrance avec mes baghnakhs !"
3915,"Vous autres ! Rendez-vous utiles et tuez-moi <If(PlayerParameter(4))>cette<Else/>cet</If> énergumène<Indent/>!"
3916,"On va voir si <If(PlayerParameter(4))>la prétendue héroïne<Else/>le prétendu héros</If> que tu es peut survivre à ÇA<Indent/>!!"
3917,"Non... Je ne peux pas perdre... Pas face à quelqu'un comme <Emphasis>toi</Emphasis>...<Indent/>!"
3918,"L'armure de ce colosse magitek est renforcée<Indent/>! Je vais m'occuper de lui, ne t'inquiète pas."
3919,""
3920,""
4000,"Clef d'identification impériale"
4001,"Sécuriser la salle de commandement"
4002,"Atteindre le laboratoire premier"
4003,"Activer une armure magitek et monter à bord"
4004,"Vaincre Nero tol Scaeva"
4005,"Vaincre Gaius van Baelsar"
4006,"Vaincre l'Ultima Arma"
4007,"Vaincre Lahabrea"
4008,"Il va te falloir une puissance de feu conséquente pour percer cette cloison. Essaie de trouver un autre chemin vers l'aire des armures."
4009,"Il devrait y avoir un dispositif d'identification dans le coin. 
Si tu t'enregistres en tant que pilote, tu devrais pouvoir activer une armure."
4010,"Haha<Indent/>! Regarde<Indent/>! Je viens de trouver exactement ce qu'il te faut, <Split(<Highlight>ObjectParameter(1)</Highlight>, ,1)/> !"
4011,"Je vais envoyer le numéro d'identification au terminal. Tu devrais pouvoir activer la machine avec ça."
4012,"J'ai pris la liberté de te préparer une surprise... électrisante."
4013,"Que penses-tu de ma création<Indent/>? Elle est magnifique, non<Indent/>!?
Allons<Indent/>! Ne sois pas timide, viens lui serrer la pince<Indent/>!"
4014,"Je terrasserai Garlond, mais d'abord je vais m'occuper de ton cas et te pulvériser avec mon marteau-canon<Indent/>!"
4015,"(souffle) J'ai pas dit mon dernier mot... !"
4016,"Dansons, champion<If(PlayerParameter(4))>ne<Else/></If> d'Éorzéa."
4017,"Im<SoftHyphen/>pres<SoftHyphen/>sionnant ! À moi maintenant !"
4018,"Yaaaaaarrrgh !"
4019,"L'Ultima Arma utilise le pouvoir des Primordiaux ! Personne ne peut lui résister !"
4020,"Ô toi, porteu<If(PlayerParameter(4))>se<Else/>r</If> de la lumière. Ton ennemi est un faux dieu créé par les ténèbres."
4021,"Ouvre ton cœur au Cristal et demande-lui de te prêter la force..."
4022,"Pliez sous la rafale aérienne de Garuda<Indent/>!"
4023,"Quoi<Indent/>? L'essence de Garuda a été arrachée de l'Ultima Arma !?"
4024,"Prosternez-vous face à la toute puissance de Titan<Indent/>!"
4025,"Celle de Titan aussi !? C'est ridicule !"
4026,"Succombe aux flammes de l'enfer !"
4027,"Non ! Comment est-ce possible !?"
4028,"Réglons ça une fois pour toutes, aventuri<If(PlayerParameter(4))>ère<Else/>er</If> ! C'est l'ultime bataille<Indent/>!"
4029,"Je n'ai pas besoin du pouvoir des Primordiaux pour te vaincre !"
4030,"Voilà qui est très... surprenant. Tu possèdes un grand pouvoir, je dois l'admettre."
4031,"Mais tu n'as pas l'étoffe d'un souverain ! Telle est la différence entre nous... Une différence qui va m'assurer la victoire !"
4032,"Quoi<Indent/>? L'Ultima Arma !?"
4033,"Maudit sois-tu, Ascien ! Ta soif de destruction ne sera-t-elle donc jamais assouvie !?"
4034,"Je n'ai pas la force... de te protéger à nouveau..."
4035,"Ô <If(PlayerParameter(4))>Guerrière<Else/>Guerrier</If> de la Lumière. Tu dois faire cesser ce sort impie... ou les Ténèbres règneront !"
4036,"Hahahaha<Indent/>! Ta fin est proche, Hydaelyn !"
4037,"Du gouffre le plus profond des sept enfers jusqu'au plus haut sommet des cieux, le monde tout entier va trembler ! Qu'Ultima se déchaîne !"
4038,"Hahaha ! Tu es fort<If(PlayerParameter(4))>e<Else/></If>, protégé<If(PlayerParameter(4))>e<Else/></If> de la Lumière !"
4039,"Sache pourtant que si je dois périr, l'être mortel dont j'occupe la chair mourra aussi."
4040,"Fais ton choix, et accepte les con<SoftHyphen/>sé<SoftHyphen/>quen<SoftHyphen/>ces ! Hahahaha<Indent/>!"
4041,"Ne laisse point les paroles de l'être des ténèbres ébranler ta détermination."
4042,"Seule la Lumière pourra bannir les Ténèbres."
4043,"Reçois ce pouvoir, mon enfant, et laisse la lumière jaillir de ton Cristal !"
4044,"Détonation ultima dans 20 secondes"
4045,"Détonation ultima dans 10 secondes"
4046,"Détonation ultima dans 5 secondes"
4047,"4..."
4048,"3..."
4049,"2..."
4050,"1..."
4100,"Accéder au site d'exploration impérial"
4101,"Désactiver le champ de force éthéréen"
4200,"Désactiver les champs de force éthéréens"
4201,"Mettre en marche le terminal allagois"
4300,"Tuer tous les ennemis"
4400,"Reprendre la barbacane"
4401,"Reprendre la cloison droite"
4402,"Vaincre Isgebind"
4500,"Franchir le hall des Charognards"
4501,"Franchir le Transept sanglant"
4502,"Vaincre Anantaboga"
4600,"Franchir la pompe à éther"
4601,"Franchir la deuxième tour"
4602,"Franchir le réservoir d'éther"
4603,"Franchir le compresseur d'éther"
4604,"Vaincre la sirène"
4605,"Nous nous retrouvons encore une fois, pauvre âme coupable...♪"
4606,"♪ L'amour est comme une mer silencieuse...
♪ Comme les vagues qui vont et viennent...
♪ Et tous mes amants finissent par mourir..."
4607,"♪ Les amants morts continuent de danser...
♪ Toujours en quête de mon amour..."
4608,"♪ Les amants morts continuent de danser...
♪ Charmés par mes chants d'amour..."
4609,"Comment... comment oses-tu rester sourd<If(PlayerParameter(4))>e<Else/></If> à mes chants...<Indent/>?"
4610,"Ô divine sirène... Tu as mon amour et mon dévouement..."
4611,"Venez, chiens<Indent/>! Vous allez payer votre audace<Indent/>!
Je ne laisserai personne toucher à mon amour<Indent/>!"
4612,"Où... où suis-je...<Indent/>?
J'aurais tellement voulu te revoir... ma petite sœur..."
4613,""
4700,"Activer le téléporteur allagois"
4701,"Franchir le cloaque des Oubliés"
4702,"Vaincre le calcidragon"
4703,"Franchir le couloir des Lamentations"
4704,"Vaincre Thanatos"
4705,"Franchir le couloir des Flammes"
4706,"Vaincre le béhémoth roi"
4707,"Vaincre Phlégéthon"
4708,"GRRRAAAAGRRH<Indent/>!"
4709,""
4710,""
4711,""
4712,""
4713,""
4714,""
4715,""
4716,""
4717,""
4718,""
4719,""
4720,""
4721,""
4722,""
4723,""
4724,""
4725,""
4726,""
4727,""
4728,""
4729,""
4730,""
4731,""
4732,""
4733,""
4734,""
4735,""
4736,""
4737,""
4738,""
4739,""
4740,""
4741,""
4742,""
4743,""
4744,""
4745,""
4746,""
4747,""
4748,""
4749,""
4750,""
4800,"Franchir la fosse des Hurlements"
4801,"Franchir la fosse des Désolés"
4802,"Vaincre Ouranos"
4803,"Brûler<Indent/>! Vous allez brûler<Indent/>!
Que les flammes vous dévorent<Indent/>!"
4804,"Ouaaargh<Indent/>!
Mes flaaaaaaaaaammes...<Indent/>!"
4805,"Mouihihihihi<Indent/>!
Biggy est plus grand<Indent/>! Plus fort<Indent/>!"
4806,"Mouihihihihi<Indent/>!
On va rigoler<Indent/>!"
4807,"C'est pas finiiiiiiiiiii<Indent/>!!"
4808,"Mouihihihihi<Indent/>!
Biggy, même plus petit, son cœur est graaaaaaaaaaaaand<Indent/>!!"
4809,"Mouiiiiiiiiiiii<Indent/>!!
Biggy se rend<Indent/>! Plus frapper..."
4810,"Vous avez tué mes fils<Indent/>!?
Ouranos est en colère<Indent/>!!"
4811,"Par... don... mes... fils..."
4812,"Ma chenille va écraser ces vilains nabots<Indent/>!
Mouahahaha<Indent/>!!"
4813,""
4814,""
4815,""
4816,""
4817,""
4818,""
4819,""
4820,""
4900,"Mes braves vassaux<Indent/>! Donnons une leçon à ces profanateurs, kupo<Indent/>!"
4901,"Donnez-moi votre force pour que j'abatte ces infidèles, kupopo<Indent/>!"
4902,"<Emphasis>Mémento mog</Emphasis><Indent/>!
Souvenez-vous que vous allez mourir de la patte d'un Mog<Indent/>!"
4903,"Mes braves vassaux<Indent/>! Vous devez unir vos forces, kupo<Indent/>!"
4904,"Fidèles vassaux, votre roi vous appelle<Indent/>!"
4905,"Hop<Indent/>! Te voilà guéri, petit kupo<Indent/>!"
4906,"Concentrez toutes vos forces dans le météore, kupo<Indent/>!"
5000,"Dégager le hall du lys"
5001,"Dégager le hall de la rose"
5002,"Vaincre Halicarnasse"
5003,"Goûtez aux plaisirs de ma chair<Indent/>!"
5004,"Donnez-moi vos âmes, que je m'en repaisse<Indent/>!"
5005,"Des sacrifices<Indent/>!
Je veux plus de sacrifices...<Indent/>!"
5006,"Vos âmes m'appartiennent...
Je vais vous les prendre maintenant<Indent/>!"
5007,"Petites clefs"
5008,""
5009,""
5010,""
5100,"Aire d'en<SoftHyphen/>traî<SoftHyphen/>ne<SoftHyphen/>ment n°1<Indent/>: un petit échauf<SoftHyphen/>fe<SoftHyphen/>ment contre des automates<Indent/>!
Du menu fretin, en somme<Indent/>!"
5101,""
5102,"Et maintenant, l'aire d'en<SoftHyphen/>traî<SoftHyphen/>ne<SoftHyphen/>ment n°2<Indent/>!
Vos adversaires sont des monstres féroces, cette fois<Indent/>!"
5103,""
5104,"Vous voici à la dernière aire d'en<SoftHyphen/>traî<SoftHyphen/>ne<SoftHyphen/>ment<Indent/>!
Maintenant, vous allez affronter de véritables combattants."
5105,""
5106,"Vaincre les automates"
5107,"Vaincre Pyracmon"
5108,"Vaincre les fauves"
5109,"Vaincre Catoblépas"
5110,"Vaincre les gladiateurs"
5111,"Vaincre tous les ennemis"
5112,"Et maintenant, le bouquet final<Indent/>: un combat de groupe à grande échelle<Indent/>!"
5113,"Ha ha<Indent/>! On tient tête à une troupe de gladiateurs d'élite<Indent/>? Bien joué<Indent/>!
Alors je vais m'occuper de vous en personne avec mon serviteur<Indent/>!"
5114,"Subissez mon étreinte implacable, qui vous privera de vos mains et de vos jambes<Indent/>!
Voyez la puissance des anciens sorts de l'ossuaire d'Arrzaneth<Indent/>!"
5115,"Quoi<Indent/>! Vous avez brisé mon Étreinte impénétrable<Indent/>!?"
5116,"Fuyez, courez<Indent/>! Ou l'éclair maudit de mon pouvoir vous frappera<Indent/>!"
5117,""
5118,""
5119,""
5120,""
5200,"Vous violez mon domaine, suppôts des puissances impures<Indent/>!"
5201,"Remplissez vos poumons du précieux breuvage et purifiez vos âmes corrompues<Indent/>!"
5202,"Rien ne résiste à l'assaut implacable de mes déferlantes<Indent/>!"
5203,"Vos appareils ne vous sauveront pas de mon courroux.
Tremblez devant la toute-puissance du Seigneur des mers<Indent/>!"
5204,"C'est impossible... Nul ne peut arrêter le flot tumultueux de ma colère..."
5205,"Conversion éthéréenne"
5206,"Misérables terriens... Vos vies me sont offertes<Indent/>! Votre chair nourrira mes fidèles<Indent/>!"
5207,"Vos appareils ne vous sauveront pas de ma colère<Indent/>!"
5208,""
5209,""
5210,""
5300,"Dégager la voie jusqu'au Front de l'Arrêt"
5301,"Petites clefs"
5302,"Libérer les Gobelins captifs"
5303,"Dégager la voie de la Décharge de Brayflox"
5304,"Franchir les barricades"
5305,"Recette secrète, recette sacrée<Indent/>! Les Maîtres de la Main vont défendre la recette du fromage coûte que coûte<Indent/>!"
5306,"Les aventuriers veulent voler la recette du fromage<Indent/>! Ils doivent mourir pour ça<Indent/>!"
5307,"Cible en vue<Indent/>! La maudite Brayflox, usurpatrice du secret fromager, doit être attrapée croûte que croûte<Indent/>!"
5308,"Les Maîtres de la Main sont maîtres de la science<Indent/>! La gobarmure va donner une bonne leçon aux aventuriers<Indent/>!"
5309,""
5310,""
5400,"Franchir le square du Calme"
5401,"Franchir la tour des Guérisseurs"
5402,"Vaincre Diabolos"
5403,"Qui ose troubler mon sommeil<Indent/>? Est-ce les mages amdaporiens... Non, pas cette fois."
5404,"Quiconque ose défier la puissance de Diabolos doit être puni<Indent/>! Que l'abîme noir du cauchemar vous engloutisse<Indent/>!"
5405,"Que le glas des ténèbres annonce votre mort, alors que le châtiment de mon Mauvais présage s'abattra sur vous<Indent/>!"
5406,"Au bout de ce long sommeil inerte... ma force s'est donc évanouie..."
5407,""
5408,""
5409,""
5410,""
5501,"À moi, Enkidu, mon plus fidèle compagnon<Indent/>! "
5502,"Bon, je le reconnais... "
5503,"Huit, c'est un peu trop pour moi<Indent/>!"
5504,"J'ai eu les yeux plus gros que le ventre."
5505,"Ah<Indent/>! Vous m'avez cru<Indent/>!? Je rigolais<Indent/>!"
5506,"Prenez donc ça<Indent/>!
Mégaaaafissiooooon<Indent/>!"
5507,"Ma Mégafission a échoué<Indent/>!?
Ma lance aurait dû être invincible<Indent/>!"
5508,"Je viens de me rappeler que j'avais un rendez-vous<Indent/>!
Mais on se reverra<Indent/>!"
5509,"En avant, Enkidu<Indent/>! De bonnes grenouilles<Indent/>! "
5510,"C'était un simple échauf<SoftHyphen/>fe<SoftHyphen/>ment<Indent/>!
Passons aux choses sérieuses<Indent/>!"
5511,"Pas mal du tout<Indent/>!
Vous pensez vraiment pouvoir me vaincre<Indent/>?"
5512,"Je me laisserai pas vaincre<Indent/>!"
5513,"Je suis le plus puissant guerrier d'Éorzéa<Indent/>!
Je suis le grand, l'inénarrable Gilgamesh<Indent/>!"
5514,""
5515,""
5600,"Détruire l'amas de matière sombre"
5601,""
5602,""
5603,""
5604,""
5605,""
5606,""
5607,""
5608,""
5609,""
5610,""
5700,"Détruire le module d'entretien"
5701,""
5702,""
5703,""
5704,""
5705,""
5706,""
5707,""
5708,""
5709,""
5710,""
5800,"Ouvrir la cloison avant"
5801,""
5802,""
5803,""
5804,""
5805,""
5806,""
5807,""
5808,""
5809,""
5810,""
5900,"MégaBrasier dans 10 secondes<Indent/>!"
5901,"MégaBrasier dans 5 secondes<Indent/>!"
5902,"MégaBrasier dans 4 secondes<Indent/>!"
5903,"MégaBrasier dans 3 secondes<Indent/>!"
5904,"MégaBrasier dans 2 secondes<Indent/>!"
5905,"MégaBrasier dans 1 seconde<Indent/>!"
5906,""
5907,""
5908,""
5909,""
5910,""
6000,"Éliminer les sifakas"
6001,"Vaincre le Sasquatch"
6002,"Ramasser les tablettes étranges"
6003,"Vaincre le Sjoorm"
6004,"Franchir les geysers"
6005,"Vaincre les bras et les tentacules du Kraken"
6006,""
6007,""
6008,""
6009,""
6010,""
6100,"Vaincre Gorynich"
6101,"Vaincre la Cuca Fera"
6102,"Trouver la clef du fenil"
6103,"Vaincre Gilvéganos"
6104,"On s'occupe de cette créature<Indent/>! Aidez-nous avec les canons<Indent/>!"
6105,"Ses défenses sont renforcées<Indent/>!? Hé, il faut tirer au bon moment<Indent/>!"
6106,"Nous sommes vaincus...<Indent/>? L'opération est... un échec..."
6107,""
6108,""
6109,""
6110,""
6200,"Te voilà, protégé<If(PlayerParameter(4))>e<Else/></If> de la Lumière.
Montre-moi de quoi tu es fait<If(PlayerParameter(4))>e<Else/></If><Indent/>!"
6201,"Prépare-toi à recevoir le jugement de Ramuh<Indent/>!"
6202,"Cela fait bien longtemps que je ne m'étais pas battu.
Mes attaques commencent à retrouver leur ancien pouvoir<Indent/>!"
6203,"L'heure de la sentence est proche.
Venez à moi, arbitres de la foudre<Indent/>!"
6204,"Comment cela est-il possible...<Indent/>?
Est-ce là le véritable pouvoir des humains<Indent/>!?"
6205,"Au nom du savoir antédiluvien,
je vous condamne à la peine capitale<Indent/>!"
6300,"Franchir les Marches de l'ascension"
6301,"Vaincre Scylla"
6302,"Franchir La Torsade"
6303,"Vaincre Glasya Labolas"
6304,"Franchir la Sacristie dorée"
6305,"Vaincre Amon"
6306,"Vaincre Xande"
6307,"Énergie accumulée"
6308,"GRRRR... Écoutez-les donc grogner<Indent/>!
Les gueules de Scylla ont faim de votre chair<Indent/>!"
6309,"Comment<Indent/>!? L'apparence de Scylla vous effraie<Indent/>!?
Vous allez payer votre insolence de vos vies<Indent/>!!"
6310,"Vils humains vaniteux<Indent/>!
Vous osez vous moquer de Scylla<Indent/>!?"
6311,"Hurle, meute féroce<Indent/>!
Nourris-toi de ces veules créatures<Indent/>!"
6312,"Les hurlements... de ma meute... s'éteignent...
Je vais... enfin... trouver le... repos que je mérite..."
6313,"Je suis le protecteur de l'Empire<Indent/>!
En me défiant, vous choisissez de mourir<Indent/>!"
6314,"Système de soutien activé...
Accumulation d'énergie en cours<Indent/>!"
6315,"Comment osez-vous braver l'empereur<Indent/>!?
Vous allez payer chèrement votre insoumission<Indent/>!"
6316,"Accumulation d'énergie terminée...
Au nom de l'empereur, disparaissez<Indent/>!"
6317,"Système de défense activé...
Apprenez à vos dépens que je suis invincible<Indent/>!!"
6318,"C-c'est... impossible...<Indent/>!
Nul ne peut... me... vaincre...<Indent/>!"
6319,"Oh<Indent/>! Oh<Indent/>! Voici de rustres spectateurs<Indent/>!
Ayez l'obligeance de jouer la comédie<Indent/>! Hi hi hi<Indent/>!"
6320,"C'est assez d'amusements, mes amis...
Il est temps de baisser le rideau<Indent/>!"
6321,"N-non... je ne peux faillir... à mon public...
Majesté... prenez garde... à ces sauvages..."
6322,"ザンデ／戦闘開始時※未使用"
6323,"Je le sens en moi... Le pouvoir des ténèbres<Indent/>!
Vous allez bientôt connaître la force de Xande<Indent/>!"
6324,"Ha ha ha... Veuls adversaires<Indent/>!
Que l'étoile des ténèbres vous pulvérise<Indent/>!"
6325,"Pauvres imbéciles<Indent/>! Me vaincre ne change rien<Indent/>!
Bientôt... les ténèbres recouvriront tout..."
6326,""
6327,""
6328,""
6329,""
6330,""
6400,"Franchir le colombarium"
6401,"Franchir la tombe du roi Galvanth le Tyran"
6402,"Franchir le Calme éternel"
6403,"Moi, j'ai jamais pu... la supporter... celle-là..."
6404,"J-je peux plus bouger<Indent/>! Au secours<Indent/>!"
6405,"Haaah, haah, haah... Merci... Je te le revaudrai..."
6406,"J'ai pas mérité ça, moi<Indent/>!
J'en ai marre de tout ça... marre de cette folle<Indent/>!"
6407,"Bienvenue à notre mariage, ha ha ha<Indent/>!
Chéri, regarde, c'est notre ami<If(PlayerParameter(4))>e<Else/></If><Indent/>!"
6408,"Où es-tu, Liavinne<Indent/>!? La cérémonie a commencé, viens ici<Indent/>!
Tu es notre dame d'honneur, ne l'oublie pas<Indent/>!"
6409,"Je sais, je sais... Tu veux un nouveau corps, c'est ça<Indent/>?"
6410,"Nous serons ensemble pour le meilleur et pour le pire, dans la santé et dans la maladie... "
6411,"Alors... Je ne tolèrerai aucun gêneur<Indent/>!"
6412,"Je vais te montrer la force de notre amour<Indent/>!!"
6413,"Avere, ne t'en va pas... Ne me laisse pas seule..."
6414,"Aaaaaaah<Indent/>!!"
6415,""
6416,""
6417,""
6418,""
6419,""
6420,""
6500,"Trouver la pierre du soleil"
6501,"Vaincre l'adjudicateur endommagé"
6502,"Trouver la pierre de la lune"
6503,"Vaincre la pampa impératrice"
6504,"Trouver la pierre de l'étoile"
6505,"Résoudre l'énigme du mécanisme magique"
6506,"Vaincre l'adjoint de la Gardienne"
6507,"Groooooh..."
6508,""
6509,""
6510,""
6600,"Éliminer Karlabos"
6601,"Franchir le sentier des Flots"
6602,"Vaincre l'ancien capitaine Madison"
6603,"Vaincre Haerstymm le second"
6604,"Vaincre le Kraken"
6605,"Bande d'incapables<Indent/>!
Grâce au pouvoir de Léviathan, je vais les pulvériser<Indent/>!"
6606,"Hé, vous autres, vous voulez ma botte dans vos arrière-trains<Indent/>!?"
6607,"Au combat, et qu'ça saute<Indent/>!"
6608,"Bande de couards<Indent/>!
J'vais vous montrer c'que les vrais pirates ont dans l'froc<Indent/>!"
6609,"Désolé, capitaine..."
6610,"Mais... C'est toi, l'aventur<If(PlayerParameter(4))>ière<Else/>ier</If> de l'autre fois<Indent/>!
C'est par ta faute qu'je suis devenu comme ça<Indent/>!"
6611,"Aidez-moi, bande d'incapables, et plus vite que ça<Indent/>!
Ou le grand Léviathan va encore vous punir<Indent/>!"
6612,"Pas question de perdre encore une fois<Indent/>!"
6613,"Aïe-aïe-ouille<Indent/>! Ça va pas se passer comme ça<Indent/>!"
6614,"Zut, ça se gâte... À vous de jouer, vous autres<Indent/>!"
6615,"J'viens de me rappeler que j'avais un rendez-vous... encore une fois<Indent/>!"
6616,"Hé<Indent/>! T'approche pas<Indent/>! Dégage de là<Indent/>!"
6617,"Aïe-aïe-aïe<Indent/>! Zut, j'ai raté ma cible<Indent/>?"
6700,"Sauver les tomberrys"
6701,"Vaincre Koheel Ja"
6702,"Percer la défense ennemie"
6703,"Vaincre Zolool Ja"
6704,"Libérer les tomberrys emprisonnés"
6705,"Franchir la station d'épuration"
6706,"Vaincre Molaa Ja Ja"
6707,"空枠"
6708,"Les peaux-tendres sont en train de nous attaquer, ja<Indent/>! Personne ne surveille la porte<Indent/>?"
6709,"Il faut du courage pour défier les Squames d'argent<Indent/>!"
6710,"Vous allez tous mourir brûlés vifs, ja<Indent/>!"
6711,"Laissez-moi montrer combien j'ai de respect pour ceux qui ont tué Koheel Ja..."
6712,"Je vais vous faire goûter à la magie des Mamool Ja<Indent/>!"
6713,"Quels... guerriers..."
6714,"Les peaux-tendres vont pleurer<Indent/>!
<Emphasis>Ja<Indent/>! Nous allons les réduire en bouillie<Indent/>!</Emphasis>"
6715,"Frère<Indent/>! Tu dois te donner à fond, ja<Indent/>!
<Emphasis>Oui<Indent/>! Les peaux-tendres vont mourir<Indent/>!</Emphasis>"
6716,"L-les peaux-tendres nous ont terrassés...<Indent/>?
<Emphasis>Frère... Tout est fini, ja...</Emphasis>"
6717,"Courez, courez, courez<Indent/>!
Nul ne peut échapper à ma lance enflammée<Indent/>!"
6718,"Les peaux-tendres sont condamnées, ja<Indent/>!
<Emphasis>Oui<Indent/>! Elles ne pourront jamais se soigner<Indent/>!</Emphasis>"
6719,"Les maux appellent d'autres maux<Indent/>!
<Emphasis>Ja<Indent/>! Les peaux-tendres vont souffrir<Indent/>!</Emphasis>"
6720,""
6721,""
6800,"Petite clef"
6801,"Franchir la baume de la Sérénité"
6802,"Franchir le précipice des Blizzards"
6803,"Clef d'hérétique"
6804,"Vaincre Fenrir"
6805,""
6806,""
6807,""
6808,""
6809,""
6810,""
6900,"Atteindre le secteur neuroconnectique"
6901,""
6902,""
6903,""
6904,""
6905,""
6906,""
6907,""
6908,""
6909,""
6910,""
7000,"Désactiver les champs de force allagois"
7001,""
7002,""
7003,""
7004,""
7005,""
7006,""
7007,""
7008,""
7009,""
7010,""
7100,"Comment osez-vous rompre la sérénité de ces lieux<Indent/>!?"
7101,"Ô soldats de glace<Indent/>! Venez briser mes ennemis<Indent/>!"
7102,"Que le vent et la lumière gèlent tout
... et ramènent la paix dans ce monde<Indent/>!"
7103,"Que la Poussière de diamant vous réduise en éclats<Indent/>!"
7104,"Ô mon bien-aimé... Puissé-je à jamais voler avec toi..."
7105,""
7106,""
7107,""
7108,""
7109,""
7110,""
7200,"10 secondes avant TéraBrasier"
7201,"5 secondes avant TéraBrasier"
7202,"4 secondes avant TéraBrasier"
7203,"3 secondes"
7204,"2 secondes"
7205,"1 seconde"
7206,""
7207,""
7208,""
7209,""
7210,""
7300,"Vaincre Anchag"
7301,"Vaincre le croque-mitaine"
7302,"Vaincre Ferdiad"
7303,"Mais qui sont ces invités que je n'attendais pas<Indent/>? Le bon hôte que je suis va vous offrir un spectacle inoubliable<Indent/>!"
7304,"Ce n'était pas ma meilleure repré<SoftHyphen/>sen<SoftHyphen/>ta<SoftHyphen/>tion. Mais il y en aura d'autres..."
7305,"Éblouissement dans 150 secondes<Indent/>!"
7306,"Éblouissement dans 90 secondes<Indent/>!"
7307,"Éblouissement dans 30 secondes<Indent/>!"
7308,"Éblouissement dans 10 secondes<Indent/>!"
7309,"Éblouissement dans 5 secondes<Indent/>!"
7310,""
7400,"Franchir l'îlet de l'Œil"
7401,"Vaincre Angra Mainyu"
7402,"Franchir l'îlet des Cous"
7403,"Vaincre le dragon à cinq têtes"
7404,"Franchir l'îlet des Gueules"
7405,"Vaincre Cerbère"
7406,"Vaincre le Nuage de Ténèbres"
7407,"Primo-atomos"
7408,"Pouvoir auto-régénérant"
7409,"Vous n'échapperez pas à mon œil, vulgaires humains<Indent/>!
Je vois tout<Indent/>! Oui, absolument tout<Indent/>!"
7410,"Les jeux sont faits<Indent/>!
Qui va être désigné par la roulette de la mort<Indent/>!? Hi hi hi<Indent/>!"
7411,"M-mon œil... Je... Je ne vois plus rien...
Les ténèbres m'envahissent..."
7412,"Grrrr..."
7413,"Rien ne peut résister face aux ténèbres...
Vos espoirs... Vos peurs... Nous allons tout engloutir..."
7414,"Les Ténèbres envelopperont tout...
Le monde entier sera anéanti..."
7415,"À nous, ténèbres éternelles<Indent/>! "
7416,"Inutile de résister, vulgaires humains...
Bientôt, vous ne ferez plus qu'un avec les ténèbres<Indent/>!"
7417,"Quelle est donc cette force capable de résister aux ténèbres<Indent/>!?<Indent/>...
Imbéciles... Rien ne peut détruire les ténèbres..."
7418,"Grrooooaaaaaarrrrgh<Indent/>!!"
7419,""
7420,""
7500,"Franchir la coque de l'Agrius"
7501,"Désactiver les terminaux magitek"
7502,"Franchir les canaux de céruleum"
7503,"Vaincre<Indent/>???"
7504,"Montre-moi ta puissance, humain<If(PlayerParameter(4))>e<Else/></If><Indent/>!"
7505,"Toi qui sommeilles, bercé par les bras de la mort...
Il est temps de contempler l'illusion de la vie, mon enfant..."
7506,"À ton tour de prendre chair, mon enfant..."
7507,"Dansez, mes enfants... Tourbillonnez aussi vite que le vent<Indent/>!"
7508,"Prosternez-vous devant mon pouvoir<Indent/>!"
7509,"Voilà donc la toute-puissance... d<If(PlayerParameter(4))>e la<Else/>u</If> champion<If(PlayerParameter(4))>ne<Else/></If> d'Éorzéa..."
7510,"Montre-moi ta puissance, humain<If(PlayerParameter(4))>e<Else/></If><Indent/>!"
7511,"Prends ton envol, aussi éphémère soit-il..."
7512,"Mes enfants, joignez-vous à moi et faisons trembler les cieux<Indent/>!"
7513,"Tu te débrouilles bien, pour <If(PlayerParameter(4))>une<Else/>un</If> <If(PlayerParameter(4))>mortelle<Else/>mortel</If>."
7514,"Prosternez-vous devant mon pouvoir<Indent/>!"
7515,"Voilà donc la toute-puissance... d<If(PlayerParameter(4))>e la<Else/>u</If> champion<If(PlayerParameter(4))>ne<Else/></If> d'Éorzéa..."
7516,"Sauras-tu résister au souffle du plus grand des dragons<Indent/>?"
7517,""
7600,"Ha-ha-ha... Hmgah...<Indent/>!"
7601,"Hga... Hga-hhhgaah..."
7602,"Hmgaaaaaaah<Indent/>!!"
7603,"Hm-hmm-hmgaaaah<Indent/>!"
7604,""
7605,""
7606,""
7607,""
7608,""
7609,""
7610,""
7700,"Vaincre le mur de livres démonique"
7701,"Vaincre Byblos"
7702,"Vaincre le bibliotaphe éternel"
7703,"Vous m'avez vaincu... mais mon maître est désormais libéré de son sceau<Indent/>!"
7704,"Aaarrgh... L'huile se répand<Indent/>!<Indent/>... Vous n'êtes que des lâches, misérables humains<Indent/>!"
7705,""
7706,""
7707,""
7708,""
7709,""
7710,""
7800,"Ne te fais pas d'illusions, Abandonné<If(PlayerParameter(4))>e<Else/></If> de la Lumière<Indent/>!
Toi et tes amis ne repartirez pas d'ici vivants<Indent/>!
Mon pouvoir dépasse de loin celui de Lahabrea<Indent/>!"
7801,"Ô puissances des enfers...
Jaillissez des abîmes et venez à moi<Indent/>!"
7802,"Que les Ténèbres engloutissent la Lumière<Indent/>!"
7803,"Regardez<Indent/>! Même le temps se plie aux volontés de Zordiarche<Indent/>!"
7804,"Fais tes prières, Abandonné<If(PlayerParameter(4))>e<Else/></If> d'Hydaelyn<Indent/>!
Cette geôle temporelle sera ta dernière demeure<Indent/>! "
7805,"C-comment est-ce... p-possible<Indent/>?
La Lumière ne l'a-t-elle pas... abandonné<If(PlayerParameter(4))>e<Else/></If><Indent/>?"
7806,"Qu'est-ce qui se passe<Indent/>? L... Le temps semble comme suspendu<Indent/>!?"
7807,""
7808,""
7809,""
7810,""
7900,"Allez, on y va, Enkidu, mon vieil ami<Indent/>!"
7901,"C'est qu'ils n'y vont pas de main morte<Indent/>!<Indent/>... Enkidu, soigne-moi<Indent/>!"
7902,"Enkidu<Indent/>! Prends la relève<Indent/>!"
7903,"Cette fois, je vais vraiment me battre de toutes mes forces<Indent/>!"
7904,"Pas mal<Indent/>! Pas mal<Indent/>! Mais le combat ne fait que commencer<Indent/>!"
7905,"Raaah<Indent/>! C'est moins facile que prévu... Allez, pas de quartier<Indent/>!"
7906,"Je... je n'ai pas dit mon dernier mot<Indent/>!"
7907,"Enkidu<Indent/>!? Tu ne vas pas me lâcher maintenant<Indent/>!?"
7908,""
7909,""
7910,""
8000,"Le sort de la Cité dépend de cette bataille<Indent/>!
Avec Halone et pour Halone, nous vaincrons<Indent/>!"
8001,"Nos attaques ne sont pas assez puissantes<Indent/>!
Utilisez les canons<Indent/>!"
8002,"Ils cherchent à abattre les guérisseurs<Indent/>!
Éliminez les draguêpes en priorité<Indent/>!"
8003,"Miséricorde, ils ont percé la barrière<Indent/>! Enfin, tout n'est pas perdu, il en reste encore deux<Indent/>! Ne baissez pas les bras<Indent/>!"
8004,"Utilisez la baliste en haut de la tour<Indent/>!
Et surtout visez bien, vous ne pourrez tirer qu'une fois<Indent/>!"
8005,"Bravo<Indent/>! Dans le mille<Indent/>!"
8006,"Mince, juste à côté<Indent/>! Gardons espoir<Indent/>!
Nous aurons plus de chance avec les autres<Indent/>!"
8007,"Les biasts se dirigent vers les canons<Indent/>! Stoppez-les<Indent/>!
Sans eux nous ne pourrons pas abattre ce mastodonte<Indent/>!"
8008,"La deuxième barrière magique vient de céder<Indent/>!
Il n'en reste plus qu'une<Indent/>! Allez-y de toutes vos forces<Indent/>!"
8009,"Ils tentent un passage en force<Indent/>!
Utilisez les chaînes magiques pour bloquer leurs attaques<Indent/>!"
8010,"Bien joué<Indent/>!"
8011,"Continuez à attaquer<Indent/>! Nous n'avons pas encore perdu<Indent/>!"
8012,"Je n'en crois pas mes yeux<Indent/>!
Il a évité le tir de baliste malgré sa taille<Indent/>!?"
8013,"Des renforts ennemis arrivent<Indent/>!
Ne laissez surtout pas passer les eibis<Indent/>!"
8014,"La troisième barrière magique est détruite<Indent/>!
L'Arc des Valeureux est notre dernier espoir<Indent/>!"
8015,"Il prépare son souffle pyroclastique<Indent/>! Utilisez les dispositifs de constriction pour lui bloquer la gueule<Indent/>!"
8016,"Allez-y<Indent/>! Transpercez-le avec la baliste pendant qu'il se débat<Indent/>!"
8017,"Oh non<Indent/>! C'est pas vrai<Indent/>!"
8018,"Le tir a fait mouche<Indent/>! Allez, encore un effort<Indent/>!
Nous y sommes presque<Indent/>!"
8019,"Ennemis en approche<Indent/>! Tuez les draconides avant qu'ils n'atteignent les tonneaux de poudre<Indent/>!"
8020,"Écartez-vous des tonneaux<Indent/>! La déflagration pourrait vous tuer<Indent/>!"
8021,"C'est le moment<Indent/>! Mettez le feu aux poudres<Indent/>!!"
8022,"Ça a marché<Indent/>! Continuez comme ça<Indent/>!"
8023,"Zut<Indent/>! Trop tard...<Indent/>!"
8024,"La protection de l'Arc des Valeureux est tout ce qui compte<Indent/>!
Nous vaincrons ou nous mourrons en héros<Indent/>!"
8025,"Le collier de Daniffen n'a pas résisté...
C'en est fini d'Ishgard..."
8026,"VICTOIRE<Indent/>! Nous avons gagné<Indent/>!
Bénis soient Halone et ses fidèles serviteurs<Indent/>!"
8027,""
8028,"Vaincre Vishap"
8029,"Distance parcourue"
8030,""
8100,"Franchir la cour d'enceinte extérieure"
8101,"Vaincre l'olifant"
8102,"Franchir la caserne des chevaliers"
8103,"Vaincre Yuhelmeric Brillelame"
8104,"Franchir le bastion"
8105,""
8106,""
8107,""
8108,""
8109,""
8110,""
8111,""
8112,""
8113,""
8114,""
8115,""
8116,""
8117,""
8118,""
8119,""
8200,"Vaincre le chevalier de l'Azur"
8201,"Vaincre le chevalier de l'Azur"
8202,"Vaincre le chevalier de l'Azur"
8203,"Imbéciles<Indent/>! Comment osez-vous défier le pouvoir du Saint-Siège<Indent/>!?
Moi, sire Adelphel, je vais vous faire payer cet affront<Indent/>!"
8204,"Je vais te couper en morceaux<Indent/>!"
8205,"Vous n'êtes que des rats<Indent/>!"
8206,"Fini de jouer<Indent/>!"
8207,"Que la mort vous emporte<Indent/>!"
8208,"Comment est-ce possible<Indent/>!?<Indent/>..."
8209,""
8210,""
8211,""
8212,""
8213,""
8214,""
8215,""
8216,""
8217,""
8218,""
8219,""
8300,"Franchir le pont d'exposition archéologique"
8301,"Vaincre le rayon fantomatique"
8302,"Franchir le pont d'exposition polémologique"
8303,"Vaincre le minotaure"
8304,"Accéder au pont de défense"
8305,"Activer l'unité du secteur de contrôle violet"
8306,"Activer l'unité du secteur de contrôle rouge"
8307,"Activer l'unité du secteur de contrôle vert"
8308,"Alerte<Indent/>! Alerte<Indent/>! Ici, sphère de dépôt...
Distorsion de la réalité enclenchée pour éliminer les intrus<Indent/>!"
8309,"Aler... te<Indent/>! I... ci, sphè... re de dé... pôt...
Disto... rsion de... la réa... lité ter... minée"
8310,""
8311,""
8312,""
8313,""
8314,""
8315,""
8316,""
8317,""
8318,""
8319,""
8400,"Combativité de Ravana"
8401,"Laissons nos armes s'exprimer<Indent/>!"
8402,"Aussi ardent que le feu<Indent/>!"
8403,"Aussi inflexible que la terre<Indent/>!"
8404,"Envolez-vous, âmes de la guerre<Indent/>!"
8405,"Préparez-vous<Indent/>!"
8406,"Savourez la gloire du combat<Indent/>!"
8407,"Je suis... vaincu..."
8408,"Savourez la gloire du combat<Indent/>!"
8409,""
8410,""
8411,""
8412,""
8413,""
8414,""
8500,"Franchir la périphérie de L'Aire"
8501,"Vaincre Rangda"
8502,"Franchir le cœur de L'Aire"
8503,"Vaincre Gyascutus"
8504,"Franchir Errn Scorh"
8505,"Non... Je ne peux pas... mourir ici...
Je dois terrasser Nidh..."
8506,"Vitalité d'Estinien"
8507,"Je vais utiliser l'Œil pour contenir son pouvoir<Indent/>!
Profites-en pour l'attaquer<Indent/>!"
8508,"Comment oses-tu utiliser mon œil contre moi<Indent/>!
La bassesse des humains ne connaît donc aucune limite<Indent/>!?"
8509,"Venez, mes enfants<Indent/>!
Tuez les descendants de ceux qui nous ont trahis<Indent/>!"
8510,"Vous résistez<Indent/>?<Indent/>...
Dans ce cas, vous allez goûter à mon véritable pouvoir<Indent/>!"
8511,"Aarrgh... Il est trop puissant<Indent/>!
Protège-moi pendant que je crée une barrière protectrice<Indent/>!"
8512,"C'est bon<Indent/>! Je suis prêt<Indent/>!"
8513,"Créatures ignobles<Indent/>!
Que la flamme de mes lamentations vous consume<Indent/>!"
8514,"Insolents humains<Indent/>!"
8515,"La colère me donne mon pouvoir<Indent/>!"
8516,"Disparaissez<Indent/>!"
8517,"Goûtez à mille ans de haine<Indent/>!"
8518,"Tremblez devant mon rugissement<Indent/>!"
8519,""
8520,"Comment oses-tu utiliser mon œil contre moi<Indent/>!
La bassesse des humains ne connaît donc aucune limite<Indent/>!?"
8521,"Venez, mes enfants<Indent/>!
Tuez les descendants de ceux qui nous ont trahis<Indent/>!"
8522,"Goûtez à mille ans de haine<Indent/>!"
8523,"Tremblez devant mon rugissement<Indent/>!"
8524,"Insolents humains<Indent/>!"
8525,""
8526,""
8527,""
8528,""
8529,""
8530,""
8600,"Franchir Analyse et Essai"
8601,"Franchir le secteur de bioarmement"
8602,"Vaincre Horemakhet"
8603,"Vaincre la menace gênante"
8604,"Vaincre le Primo-Ascien"
8605,"Intrus détectés...
Libération de tous les organismes en incubation..."
8606,"Libération d'organismes sup<SoftHyphen/>plé<SoftHyphen/>men<SoftHyphen/>tai<SoftHyphen/>res...
Évacuation de tout le personnel..."
8607,"Intrus détectés...
Libération de tous les organismes en incubation..."
8608,"Libération d'organismes sup<SoftHyphen/>plé<SoftHyphen/>men<SoftHyphen/>tai<SoftHyphen/>res...
Évacuation de tout le personnel..."
8609,"Et moi qui pensais m'être débarrassé de tous les obstacles...
J'aurais dû prévoir que nous nous reverrions."
8610,"Je n'ai pas l'intention de m'enfuir. Loin de là<Indent/>!"
8611,"Goûtez un peu à la puissance de feu de ma tourelle<Indent/>!"
8612,"Je comprends mieux pourquoi Baelsar a été vaincu...
Mais vous ne m'aurez pas<Indent/>!"
8613,"Je dois admettre que vous m'avez vaincu...
Mais ce n'est que partie remise. Nous nous reverrons<Indent/>!"
8614,"Activation de la créature chimérique Horemakhet..."
8615,"Évaluation des capacités anti-cobra commencée..."
8616,"Évaluation des capacités anti-cobra terminée..."
8617,"Évaluation des capacités anti-chimériques commencée..."
8618,"Évaluation des capacités anti-chimériques terminée..."
8619,"Évaluation des capacités anti-mécaniques commencée..."
8620,"Évaluation des capacités anti-mécaniques terminée..."
8621,"Évaluations terminées... Excellents résultats...
Production massive recommandée..."
8622,"●SDSコンテンツ改修_テストデータ"
8623,"●未使用"
8624,"●未使用"
8625,"●未使用"
8626,"●未使用"
8627,"●未使用"
8628,"●未使用"
8629,"●未使用"
8630,"Je ne vais faire qu'une bouchée de vous, serviteurs de la Lumière<Indent/>!"
8631,"Bande de chiens<Indent/>!"
8632,"Qu'est-ce que vous dites de ça<Indent/>? Deux sorts en un pour deux fois plus de douleur<Indent/>!"
8633,""
8634,"Que le feu créateur vous consume<Indent/>!"
8635,"Vous allez sentir toute l'énergie magique qui bouillonne en moi<Indent/>!"
8636,"Violente comme le feu, sereine comme la glace... Empare-toi de mon âme, puissance des Ténèbres<Indent/>!"
8637,"La fusion magique aura raison de vous<Indent/>!"
8638,"Ô essence de la création<Indent/>! Laisse-toi submerger par le chaos<Indent/>!"
8639,"Vous gigotez encore... mais vous ne résisterez plus très longtemps à mes sorts destructeurs<Indent/>! "
8640,"Vos larmes de feu et de glace seront la marque de votre ultime tourment<Indent/>!"
8641,"Une telle ténacité... sans la bénédiction de la Lumière... Comment est-ce possible<Indent/>!?"
8642,"Notre pouvoir est sans limites<Indent/>!"
8643,""
8644,""
8645,""
8646,""
8647,""
8648,""
8649,""
8650,""
8700,"Vaincre Raskovnik"
8701,"Vaincre Myath"
8702,"Vaincre Tioman"
8703,"Des humains osent profaner notre domaine<Indent/>!?
Je vais répandre leurs dépouilles sur les flancs de la montagne<Indent/>!"
8704,"Insolents humains<Indent/>! Vous allez subir ma colère<Indent/>!"
8705,"Aaarrrgh... Nidhogg...
Pardonne-moi... J'ai failli..."
8800,"Transcendance"
8801,"Vous qui osez défier un dieu...
Par mon pouvoir, je vais vous anéantir<Indent/>!"
8802,"Ô Ascalon, sainte épée<Indent/>!
Libère le pouvoir divin qui dort en toi<Indent/>!"
8803,"Ho ho ho<Indent/>! Vous résistez<Indent/>!?
Mais pour combien de temps encore<Indent/>?<Indent/>..."
8804,"●未使用"
8805,"●未使用"
8806,"Comment est-ce possible<Indent/>!?
De vulgaires mortels ne peuvent résister à la volonté divine<Indent/>!"
8807,"Est-ce là le véritable pouvoir de la Lumière<Indent/>!?"
8808,"Vous croyez pouvoir vous opposer à la volonté divine<Indent/>?
Hmpf<Indent/>! Votre impertinence sera punie par la mort<Indent/>!"
8809,""
8900,"<Highlight>StringParameter(1)</Highlight>
<Switch(IntegerParameter(2))><Case(1)>Rang B</Case><Case(2)>Rang A</Case><Case(3)>Rang S</Case></Switch>
<Switch(IntegerParameter(3))><Case(1)>Sous aucun contrôle</Case><Case(2)>Sous contrôle <Gui(51)/></Case><Case(3)>Sous contrôle <Gui(52)/></Case><Case(4)>Sous contrôle <Gui(53)/></Case></Switch>
Données restantes<Indent/>: <Value>IntegerParameter(4)</Value>%"
8901,"<Highlight>StringParameter(1)</Highlight>
<Switch(IntegerParameter(2))><Case(1)>Sous aucun contrôle</Case><Case(2)>Sous contrôle <Gui(51)/></Case><Case(3)>Sous contrôle <Gui(52)/></Case><Case(4)>Sous contrôle <Gui(53)/></Case></Switch>"
8902,"<Highlight>StringParameter(1)</Highlight>
<Switch(IntegerParameter(3))><Case(1)>Désactivé</Case><Case(2)>Démarrage dans<Indent/>: <Value>IntegerParameter(4)</Value>:<TwoDigitValue>IntegerParameter(5)</TwoDigitValue></Case><Case(3)>Résistance<Indent/>: <Value>IntegerParameter(2)</Value>%</Case></Switch>"
8903,""
8910,"<Highlight>StringParameter(1)</Highlight><Switch(IntegerParameter(2))><Case(1)>
Arrivée dans<Indent/>: <Value>IntegerParameter(3)</Value>:<TwoDigitValue>IntegerParameter(4)</TwoDigitValue></Case><Case(2)>
PV<Indent/>: <Value>IntegerParameter(5)</Value>%</Case><Case(3)></Case></Switch>"
8911,"Téléporteurs
<If(Equal(IntegerParameter(1),0))>désactivés<Else/>activés</If>"
8912,"Téléporteurs
<If(Equal(IntegerParameter(1),0))>désactivés<Else/>activés</If>"
9000,"Solidité de l'île"
9001,"Vitalité de Bismarck"
9002,"Solidité des chaînes"
9003,"Faites bon usage du champ de force magitek<Indent/>!
C'est le seul moyen de préserver l'île flottante<Indent/>!"
9004,"La vache<Indent/>! Quelle force de destruction<Indent/>!
Le générateur de champ de force est foutu<Indent/>!"
9005,"Je crois bien qu'on a une grosse prise<Indent/>!"
9006,"L'atmosphère environnant a changé<Indent/>!
Faites attention<Indent/>! Cette grosse baleine prépare quelque chose<Indent/>!"
9007,"La densité de l'éther est en hausse<Indent/>!
L'air est très instable<Indent/>!<Indent/>..."
9008,""
9100,"Œufs du tonnerre"
9101,"Atteindre l'île des Bourrasques divines"
9102,"Atteindre l'autel de Flânevent"
9103,"Atteindre le Berceau des nuages"
9104,"Des humains<Indent/>! Des gens d'en bas profanent notre sanctuaire<Indent/>!
Le trésor divin est à Canu Vanu<Indent/>! Personne d'autre ne l'aura<Indent/>!"
9105,"Par le pouvoir du Migrateur des brumes...
Que mon esprit donne vie aux totems<Indent/>!"
9106,"Ô totems, vaisseaux de vie, venez à moi<Indent/>!"
9107,"Ooorgh... Maudits gens d'en bas..."
9108,""
9109,""
9200,"Franchir le compartiment machine CM-262"
9201,"Franchir le hangar d'armement HA-44"
9202,"Atteindre le grand hangar GH-8"
9203,""
9204,""
9205,""
9300,"Franchir la coursive d'entretien CE-542"
9301,"Franchir la coursive d'entretien CE-539"
9302,"Atteindre le grand hangar GH-12"
9303,"Pshhhouô... Pshhhouô... Les intrus doivent être éliminés<Indent/>!
... Il ne faut pas les laisser dérober les précieux gobblindés<Indent/>!"
9304,"Pshhhouô... Pshhhouô... Il n'y a pas d'autre choix<Indent/>!
... Il faut effectuer des tirs de soutien<Indent/>!"
9305,"Pshhhouô... Pshhhouô... Il est temps d'en finir<Indent/>!
... Aux grands maux, les grands moyens<Indent/>!"
9306,"Pshhhouô... Pshhhouô... Tout est prêt<Indent/>?
... Pshhhouéhéhé<Indent/>! Les Gobelins ont intérêt à baisser la tête<Indent/>!"
9307,"Pshhhouô... Pshhhouô... Les humains sont tenaces<Indent/>!
... Mais ils n'éviteront pas la seconde vague<Indent/>!"
9308,"Vaincre tous les ennemis"
9309,""
9310,""
9400,"Franchir le Stratègéion"
9401,"Atteindre le grand condenseur GC-9"
9402,""
9403,""
9404,""
9405,""
9500,"Atteindre le réservoir d'éther"
9501,"Vaincre le ghrah virtuose"
9502,"Atteindre la deuxième tour"
9503,"Vaincre Be Gu patriarche du 8e ordre"
9504,"Atteindre la salle d'incubation SI-66"
9505,"ÇA  VA  EX-PLO-SEEER<Indent/>!!!"
9506,"Grrr... GWAAaAARrrHRHHGgL<Indent/>!!!!!!"
9507,"Reprendre la salle d'incubation SI-66"
9508,""
9509,""
9600,"Franchir la Dunette"
9601,"Vaincre Cetus"
9602,"Passer le ventilateur bâbord arrière"
9603,"Franchir la salle de culture cellulaire"
9604,"Franchir le cœur de l'unité de convoyage"
9605,"Vaincre Cúchulainn"
9606,"Vaincre Echidna"
9607,"Niveau de toxicité de l'air"
9608,""
9609,"Croissance d'Irminsul"
9610,"Ah, la délicieuse odeur de la peur...
Il y a bien longtemps que je ne l'avais plus sentie..."
9611,"Mes serviteurs vont souiller votre monde<Indent/>!"
9612,"Je me nourris de la peur et la recrache sous forme de bile.
Tout doit être englouti par la pestilence<Indent/>!"
9613,"Non<Indent/>! C'est impossible...
Je suis éternel, comme les étoiles..."
9614,"Maudits mortels<Indent/>! Votre route s'arrête ici<Indent/>! Frères du néant<Indent/>! Réveillez-vous et assouvissez votre vengeance<Indent/>!"
9615,"Vous avez osé profaner les appartements de la Reine<Indent/>!?
Seule une mort atroce peut laver un tel affront<Indent/>!"
9616,"Courez, courez pour espérer sauver vos misérables âmes<Indent/>!"
9617,"Mes chères faucilles... Le moment est venu de reprendre votre forme initiale<Indent/>!"
9618,"Revenez à moi, mes petites<Indent/>!"
9619,"Venez, mes enfants. Aidez-moi à recouvrir le sol du sang de ces mortels<Indent/>!"
9620,"Ma Reine<Indent/>! Puisse votre ombre nous envelopper tous..."
9621,"Grrraaaarrr<Indent/>!"
9622,""
9623,""
9624,""
9625,""
9700,"Franchir le secteur Telmatologie"
9701,"Vaincre le rosier"
9702,"Franchir le secteur Érémologie"
9703,"Vaincre la reine des guêpes"
9704,"Franchir L'Étude"
9705,""
9706,""
9707,""
9708,""
9709,""
9800,"Franchir le Manifeste"
9801,"Franchir Où-les-cœurs-bondissent"
9802,"Franchir Où-tous-sont-témoins"
9803,"Intrus<Indent/>! Ne croâyez pas aller plus loin<Indent/>! Moâ, le gardien de cette tour, je vais vous arrêter, coâ<Indent/>!"
9804,"Coâ<Indent/>!? Mais quel pouvoâr<Indent/>!<Indent/>... Il est temps que je tire ma révérence<Indent/>!"
9805,""
9806,""
9807,""
9808,""
9809,""
9810,""
9811,""
9812,""
9813,""
9814,""
9815,""
9816,""
9817,""
9818,""
9819,""
9900,"Transcendance"
9901,"Maudits agresseurs du nord...
Vous allez regretter d'avoir relâché l'étreinte de mes fers<Indent/>!"
9902,"Équilibre de la vie... Que la balance penche vers moi et m'abreuve de son énergie infinie<Indent/>!"
9903,"Patience et pénitence...
Des millénaires durant j'ai médité cette vengeance<Indent/>!"
9904,"Je suis le commencement et la fin<Indent/>!
Par mon contact vos misérables vies seront bénies<Indent/>!"
9905,"J-je suis l'incarnation de la Vie<Indent/>!
Je ne peux pas mourir... Je ne peux pas flétrir..."
9906,"Mourir ici est une grâce que je vous donne... Vous n'aurez pas à contempler la mort quand je déchirerai vos terres<Indent/>!"
9907,"Comment pouvez-vous résister à ma lumière éternelle<Indent/>?
Quelle force du mal vous habite<Indent/>!?"
10000,"Détruire les murs d'œufs lugubres"
10001,"Vaincre Achamoth"
10002,"Éliminer la menace tapie dans Les Ténèbres Scellées"
10003,"Vaincre le lion ailé"
10004,"Éliminer la menace tapie au Crystallum"
10005,"Je suis la gardienne de la vie dans cette cité<Indent/>! Par ordre du conseil de la magie blanche, tout intrus doit être éliminé<Indent/>!"
10006,"La vie conduit à la mort<Indent/>! Mais par la bénédiction des mages blancs, je me redresse<Indent/>!"
10007,"Même la pierre succombe à la morsure du vent. Mais par la grâce des mages blancs, mes blessures guérissent<Indent/>!"
10008,"Même la roche est rongée par le mouvement des vagues. Mais par la générosité des mages blancs, ma surface se reforme<Indent/>!"
10009,"L'ennemi est trop puissant... Fuyez, mes maîtres... et rebâtissez votre cité..."
10010,"La cité d'Amdapor est sainte... Mon devoir est de la protéger..."
10011,"Mon pouvoir m'abandonne.. À mon devoir, j'ai failli..."
10012,""
10100,"Franchir le compartiment machine CM-334"
10101,"Franchir la salle de recherches gobscien<SoftHyphen/>ti<SoftHyphen/>fi<SoftHyphen/>ques"
10102,"Franchir la salle d'ex<SoftHyphen/>pé<SoftHyphen/>ri<SoftHyphen/>men<SoftHyphen/>ta<SoftHyphen/>tion super-avancée"
10103,"Pzhhhihihi... Ratfinx attendait les intrus humains avec impatienze<Indent/>! Il va les écraser grâze au pouvoir de zes zérums<Indent/>!"
10104,"Pzhhhein<Indent/>?<Indent/>.... L-l'effet du zérum... z'est dizzipé<Indent/>!?"
10105,"Pzhhhouôôôôh<Indent/>!<Indent/>...  Ratfinx zent la forze de zes muzcles dépazzer les limites naturelles<Indent/>!"
10106,"Pzhhh... Pzhhh... L'enfant de Ratfinx doit venir<Indent/>! Il va montrer à zez humains qu'il est un chef-d'œuvre de la zcienze<Indent/>!"
10107,"Doses de sérum secret"
10108,"Pzhhh... Beztioles créées par Ratfinx<Indent/>! Elles vont attaquer zes vilains intrus zans pitié<Indent/>!"
10109,""
10200,"Franchir la coursive d'entretien CE-763"
10201,"Atteindre le hangar d'armement HA-66"
10202,"Alerte<Indent/>! Alerte<Indent/>! Intrus détectés<Indent/>! Ordre à toutes les unités de les détruire<Indent/>!"
10203,"Compte à rebours avant extermination... 10..."
10204,"5..."
10205,"4..."
10206,"3..."
10207,"2..."
10208,"1..."
10209,"Extermination<Indent/>!"
10210,""
10211,""
10212,""
10213,""
10214,""
10215,""
10216,""
10217,""
10218,""
10219,""
10300,"Franchir le niveau brachial"
10301,"Atteindre la mathématopole"
10302,"Atteindre le square d'exécution publique"
10303,"Pshhhouô... Pshhhouô... Quickthinx va se charger d'exécuter les humains trop curieux<Indent/>! Ils vont goûter à la puissance du gobcoptère G-X<Indent/>!"
10304,"PshhhouÔHÔHÔhôhôhô... Fini l'échauf<SoftHyphen/>fe<SoftHyphen/>ment<Indent/>! Quickthinx passe aux choses sérieuses<Indent/>!"
10305,"Pshhhouô<Indent/>!?<Indent/>... Chat-noir aussi est venu assister à la mort des humains imbéciles<Indent/>!?"
10306,"Pshhhmouôôôô... Comment de vulgaires humains peuvent-ils surpasser l'in<SoftHyphen/>tel<SoftHyphen/>li<SoftHyphen/>gence de Quickthinx<Indent/>!?<Indent/>... C'est impossiiiible<Indent/>!<Indent/>..."
10307,""
10308,""
10309,""
10400,"À nous la victoire<Indent/>!"
10401,"Concentrez-vous sur les majors<Indent/>!"
10402,"Montrez-nous ce que vous valez, Ishgardais<Indent/>! Nous allons voir si le Grand Nord vous réussit<Indent/>!"
10403,"Lucia est notre nouveau major<Indent/>! <Split(<Highlight>ObjectParameter(1)</Highlight>, ,1)/>, protégez-la des troupes adverses<Indent/>!"
10404,"Tenez bon, camarades<Indent/>! La victoire est à portée de main<Indent/>!"
10405,"Lucia est tombée, mais nous pouvons encore gagner<Indent/>! Ne perdez pas espoir<Indent/>!"
10406,"Voilà ce que j'appelle une bataille<Indent/>! Vous allez sentir notre puissance<Indent/>!"
10407,""
10408,""
10409,""
10410,""
10411,""
10412,""
10413,""
10414,""
10415,""
10416,"Les majors ont changé<Indent/>! C'est... <Split(<Highlight>ObjectParameter(1)</Highlight>, ,1)/> et le général Aldynn<Indent/>!!"
10417,""
10418,""
10419,""
10420,""
10421,"Troupe ishgardaise"
10422,"Grandes compagnies"
10423,"<Split(<Highlight>ObjectParameter(1)</Highlight>, ,1)/>, occupez-vous du major adverse avec Emmanellain<Indent/>! Nous vous couvrons<Indent/>!"
10424,""
10425,""
10426,"Et un major de moins, un<Indent/>! Continuez comme ça<Indent/>!"
10427,""
10428,"Remportez la grande manœuvre éorzéenne<Indent/>!"
10429,"Quelle chaleur étouffante<Indent/>! Impossible de s'approcher<Indent/>!"
10430,"Ne vous en faites pas pour <If(PlayerParameter(4))>la<Else/>le</If> Guerri<If(PlayerParameter(4))>ère<Else/>er</If> de la Lumière, <If(PlayerParameter(4))>elle<Else/>il</If> ne peut pas perdre<Indent/>!"
10431,"Mettez-y un peu plus d'entrain, que diable<Indent/>! Vous avez la frousse ou quoi<Indent/>!?"
10432,"Argh<Indent/>! J'en vois pas le bout, mais je dois tenir bon à tout prix<Indent/>!"
10433,"<Split(<Highlight>ObjectParameter(1)</Highlight>, ,1)/>, vous devez absolument gagner<Indent/>!"
10434,"Tu es fidèle à toi-même, <Split(<Highlight>ObjectParameter(1)</Highlight>, ,1)/>, mais tu ne pourras jamais briser les cornes du taureau d'Ala Mhigo<Indent/>!"
10435,"Que les flammes de Tizona te consument<Indent/>!"
10436,"C'est le moment de vérité<Indent/>! Que tout le monde reste sur ses gardes, nous devons résister jusqu'au bout<Indent/>!"
10437,"Les Ishgardais sont un peuple fort et fier, et nous allons vous le prouver<Indent/>!"
10438,"Argh... Je capitule... Les points sont à toi, tu les as bien mérités..."
10439,""
10500,"À mon tour, d'abord<Indent/>! Essaie donc d'esquiver ma hache<Indent/>!"
10501,"Pour cet en<SoftHyphen/>traî<SoftHyphen/>ne<SoftHyphen/>ment, tu vas devoir éviter des attaques ennemies<Indent/>!"
10502,"Lorsqu'un adversaire se prépare à donner un coup puissant, il est possible de pressentir dans quelle direction il va le porter, et donc de l'esquiver."
10503,"Tout ce que tu as à faire pour réussir, c'est d'apprendre à échapper aux attaques des ennemis."
10504,"Toutes mes attaques n'ont pas la même portée<Indent/>! Voyons si tu arrives à éviter celle-ci<Indent/>!"
10505,"Ah, c'est enfin à moi d'attaquer<Indent/>! Voyons donc si tu sauras éviter mes sorts<Indent/>!"
10506,"Garde ton calme<Indent/>! Tu dois bien te concentrer sur les attaques ennemies pour les éviter<Indent/>!"
10507,"On va voir si tu arrives à esquiver nos attaques combinées<Indent/>!"
10508,"Pour finir, tes adversaires vont t'attaquer en même temps<Indent/>!"
10509,"Surtout ne t'affole pas et regarde bien là où ils visent<Indent/>!"
10510,"最後までへばるなよ？"
10511,"Tu te débrouilles très bien<Indent/>! Encore un peu et tu auras réussi<Indent/>!"
10512,"Pour finir, tes adverrrsaires vont t'attaquer en même temps<Indent/>!"
10513,"Reste bien calme et continue d'éviter leurs coups et leurs sorrrts<Indent/>!"
10514,"Pour cet exerrrcice, tu vas devoir éviter des attaques ennemies<Indent/>!"
10515,"Quand un adverrrsaire se prépare à donner un coup puissant, il est possible de deviner dans quelle direction il va le porter, et donc de l'esquiver."
10516,"Si tu arrives à échapper aux attaques des ennemis, tu auras rrréussi<Indent/>!"
10517,"Pour finir, vos deux adversaires vont vous attaquer en même temps<Indent/>!"
10518,"Surtout ne paniquez pas et continuez d'éviter leurs coups et leurs sorts<Indent/>!"
10519,"Pour cet exercice, vous allez devoir éviter des attaques ennemies<Indent/>!"
10520,"Quand un adversaire s'apprête à donner un coup puissant, vous pouvez deviner dans quelle direction il va le porter, et donc l'esquiver."
10521,"Vous devez échapper à toutes les attaques ennemies pour réussir<Indent/>! D'accord<Indent/>?"
10522,""
10523,""
10524,""
10525,"Du calme<Indent/>! Du calme<Indent/>! Si tu te concentrrres bien sur les attaques ennemies, tu pourras les éviter facilement<Indent/>!"
10526,"Essayez de garder votre calme<Indent/>! En vous concentrant sur les attaques ennemies, vous serez capable de les éviter<Indent/>!"
10527,""
10528,""
10529,""
10530,""
10531,""
10532,""
10533,"もっと激しくいってみよう！"
10534,"油断は大敵ですよ……！"
10535,"Surtout ne panique pas et regarrrde bien là où ils visent<Indent/>!"
10536,"Encore un peu et vous aurez terminé<Indent/>! Ne vous relâchez pas<Indent/>!"
10537,""
10538,""
10539,"Esquiver les attaques des adversaires"
10540,"Si tu observes bien ton adversaire, tu devrais pouvoir deviner où il va attaquer<Indent/>! Ensuite, il ne te restera plus qu'à éviter le coup<Indent/>!"
10541,"Si tu regarrrdes bien ton adversaire, tu peux deviner où il va attaquer<Indent/>! Aprrrès ça, tu n'auras plus qu'à éviter son coup<Indent/>!"
10542,"Observez bien votre adversaire, cela vous permettra de deviner où il va attaquer<Indent/>! Comme ça, vous pourrez éviter son coup<Indent/>!"
10543,""
10544,""
10545,""
10600,"Réactivation des unités de combat... Autorisation d'utiliser toutes les armes..."
10601,"Unités de combat... Assemblage<Indent/>!"
10602,"Unités de combat... Super-assemblage<Indent/>!"
10603,"Unités de combat... Mode “Justice ultime”<Indent/>!"
10604,"Justice ultime... Innocence accordée<Indent/>!"
10605,"Justice ultime... Culpabilité démontrée<Indent/>!"
10606,"Compte à rebours avant extermination... 10..."
10607,"5..."
10608,"4..."
10609,"3..."
10610,"2..."
10611,"1..."
10612,"Extermination<Indent/>!"
10613,"Unités de combat... Ordre d'attaquer<Indent/>!"
10614,"Unités de combat.. Restreinte levée<Indent/>! Ordre de lancer la dernière attaque<Indent/>!"
10615,"Infraction relevée... Procédure abrégée... Ordre d'extermination<Indent/>!"
10616,""
10617,""
10618,""
10619,""
10700,"Et donc, cette fois, tu vas t'exercer à une combinaison de techniques d'arme pour concentrer l'agressivité de tes adversaires sur toi<Indent/>!"
10701,"Autrement dit, il faut que tu crées chez eux une inimitié durable envers ta personne."
10702,"Étant donné ton arme de prédilection, le meilleur enchaînement pour ça, c'est <Sheet(Action,9,0)/> puis <Sheet(Action,15,0)/><Indent/>!"
10703,"Retiens bien que les com<SoftHyphen/>bi<SoftHyphen/>nai<SoftHyphen/>sons augmentent ta puissance d'attaque et sont donc tes meilleures armes pour attirer l'inimitié sur toi<Indent/>!"
10704,"Retiens bien que les com<SoftHyphen/>bi<SoftHyphen/>nai<SoftHyphen/>sons augmentent ta puissance d'attaque et sont donc tes meilleures armes pour attirer l'inimitié sur toi<Indent/>!"
10705,"Retiens bien que les com<SoftHyphen/>bi<SoftHyphen/>nai<SoftHyphen/>sons augmentent ta puissance d'attaque et sont donc tes meilleures armes pour attirer l'inimitié sur toi<Indent/>!"
10706,"Si tu la pratiques sans faute, tu auras réussi cet exercice<Indent/>!"
10707,"Non, ce n'est pas ça<Indent/>! D'abord <Sheet(Action,9,0)/>, puis <Sheet(Action,15,0)/><Indent/>!"
10708,"Non, ce n'est pas ça<Indent/>! D'abord <Sheet(Action,31,0)/>, puis <Sheet(Action,37,0)/><Indent/>!"
10709,"Non, ce n'est pas ça<Indent/>! D'abord <Sheet(Action,3617,0)/>, puis <Sheet(Action,3623,0)/><Indent/>!"
10710,"Utiliser le combo indiqué sur le mannequin"
10711,"Pratique l'enchaînement <Sheet(Action,9,0)/> puis <Sheet(Action,15,0)/> sur le mannequin d'en<SoftHyphen/>traî<SoftHyphen/>ne<SoftHyphen/>ment<Indent/>! Ne retiens pas tes coups, il sert à ça<Indent/>!"
10712,"Pratique l'enchaînement <Sheet(Action,31,0)/> puis <Sheet(Action,37,0)/> sur le mannequin d'en<SoftHyphen/>traî<SoftHyphen/>ne<SoftHyphen/>ment<Indent/>! Ne retiens pas tes coups, il sert à ça<Indent/>!"
10713,"Pratique l'enchaînement <Sheet(Action,3617,0)/> puis <Sheet(Action,3623,0)/> sur le mannequin d'en<SoftHyphen/>traî<SoftHyphen/>ne<SoftHyphen/>ment<Indent/>! Ne retiens pas tes coups, il sert à ça<Indent/>!"
10714,"Ah, juste un truc. Si tu effectues d'autres actions cinq fois, je considérerai que tu as échoué<Indent/>!"
10715,"Lorsque tu combats avec des camarades d'aventure, ton rôle est de les protéger."
10716,"Pour cela, il est in<SoftHyphen/>dis<SoftHyphen/>pen<SoftHyphen/>sa<SoftHyphen/>ble que tu apprennes à attirer l'attention des ennemis sur toi, afin qu'ils n'attaquent pas tes compagnons."
10717,"Étant donné ton arme de prédilection, le meilleur enchaînement pour ça, c'est <Sheet(Action,31,0)/> puis <Sheet(Action,37,0)/><Indent/>!"
10718,"Étant donné ton arme de prédilection, le meilleur enchaînement pour ça, c'est <Sheet(Action,3617,0)/> puis <Sheet(Action,3623,0)/><Indent/>!"
10719,"Oublie pas d'utiliser <Sheet(Action,28,0)/> avant de te lancer dans la bataille. Sans ça, tu attireras pas assez l'inimitié des ennemis pour protéger tes camarades<Indent/>!"
10720,"Oublie pas d'utiliser <Sheet(Action,48,0)/> avant de te lancer dans la bataille. Sans ça, tu attireras pas assez l'inimitié des ennemis pour protéger tes camarades<Indent/>!"
10721,"Oublie pas d'utiliser <Sheet(Action,3629,0)/> avant de te lancer dans la bataille. Sans ça, tu attireras pas assez l'inimitié des ennemis pour protéger tes camarades<Indent/>!"
10800,"Cette fois-ci, tu vas mettre en pratique ce que tu as appris précédemment<Indent/>: concentrer l'inimitié sur toi grâce à un enchaînement<Indent/>!"
10801,"Au risque de me répéter, je te rappelle qu'il est in<SoftHyphen/>dis<SoftHyphen/>pen<SoftHyphen/>sa<SoftHyphen/>ble que tu attires l'attention des ennemis sur toi, afin qu'ils n'attaquent pas tes compagnons<Indent/>!"
10802,"Donc si tu vois un camarade se faire agresser, tu dois faire en sorte que son assaillant se tourne vers toi."
10803,"Si tu parviens à vaincre ton adversaire tout en protégeant ton alliée de ses attaques, tu auras réussi<Indent/>!"
10804,"Vaincre le maraudeur"
10805,"Utilise ton enchaînement pour concentrer l'inimitié de ton ennemi sur toi et ainsi protéger ta camarade<Indent/>!"
10806,"Dépêche-toi<Indent/>! Elle est en train de se faire attaquer<Indent/>!"
10900,"Tu vas apprendre à attirer l'attention de tes ennemis à distance<Indent/>!"
10901,"Pour ça, tu vas utiliser la technique d'arme <Sheet(Action,24,0)/><Indent/>!"
10902,"Pour ça, tu vas utiliser la technique d'arme <Sheet(Action,46,0)/><Indent/>!"
10903,"Pour ça, tu vas utiliser le sort <Sheet(Action,3624,0)/><Indent/>!"
10904,"Garde donc tes distances et attire les ennemis près de toi au fur et à mesure pour les vaincre facilement <Indent/>!"
10905,"Étant donné ton arme de prédilection, je pense que tu devrais commencer avec <Sheet(Action,24,0)/>, puis <Sheet(Action,7381,0)/> une fois qu'ils seront à portée de ton épée<Indent/>!"
10906,"Utilise une attaque qui te permet de frapper à distance pour attirer les ennemis vers toi en petits nombres<Indent/>!"
10907,"Attirer les ennemis à distance et les vaincre"
10908,"Étant donné ton arme de prédilection, je pense que tu devrais commencer avec <Sheet(Action,46,0)/>, puis <Sheet(Action,41,0)/> une fois qu'ils seront à portée de ta hache<Indent/>!"
10909,"Étant donné ton arme de prédilection, je pense que tu devrais commencer avec <Sheet(Action,3624,0)/>, puis <Sheet(Action,3621,0)/> une fois qu'ils seront à portée de ton épée<Indent/>!"
10910,"Très bien<Indent/>! Continue de les amener vers toi petit à petit comme ça<Indent/>!"
10911,"Aïe<Indent/>! Les autres ennemis t'ont découvert<If(PlayerParameter(4))>e<Else/></If><Indent/>! Il faut les vaincre rapidement<Indent/>!"
10912,"Il peut arriver qu'ils soient nombreux. Dans ce cas, plutôt que d'aller vers eux, il vaut mieux les amener à toi petit à petit."
10913,"Si tu vaincs tous les ennemis, tu auras réussi l'exercice<Indent/>!"
11000,"Cette fois-ci, tu vas apprendre à captiver l'inimitié de plusieurs ennemis en même temps<Indent/>!"
11001,"Comme tu te bats à l'épée, la technique appelée <Sheet(Action,7381,0)/> est la plus efficace de ta panoplie de coups pour ça<Indent/>!"
11002,"<Sheet(Action,7381,0)/> permet en effet d'attirer l'attention des ennemis autour de toi<Indent/>! Il est bien sûr important que tu saches te placer cor<SoftHyphen/>rec<SoftHyphen/>te<SoftHyphen/>ment par rapport à eux<Indent/>!"
11003,"Comme tu te bats à la hache, la technique appelée <Sheet(Action,41,0)/> est la plus efficace de ta panoplie de coups pour ça<Indent/>!"
11004,"<Sheet(Action,41,0)/> permet en effet d'attirer l'attention des ennemis autour de toi<Indent/>! Il est bien sûr important que tu saches te placer cor<SoftHyphen/>rec<SoftHyphen/>te<SoftHyphen/>ment par rapport à eux<Indent/>!"
11005,"Comme tu te bats à l'épée, la technique appelée <Sheet(Action,3621,0)/> est la plus efficace de ta panoplie de coups pour ça<Indent/>!"
11006,"<Sheet(Action,3621,0)/> permet en effet d'attirer l'attention des ennemis autour de toi<Indent/>! Il est bien sûr important que tu saches te placer cor<SoftHyphen/>rec<SoftHyphen/>te<SoftHyphen/>ment par rapport à eux<Indent/>!"
11007,"Tu dois faire en sorte que les trois mannequins soient touchés par <Sheet(Action,7381,0)/><Indent/>! N'utilise rien d'autre<Indent/>!"
11008,"Tu dois faire en sorte que les trois mannequins soient touchés par <Sheet(Action,41,0)/><Indent/>! N'utilise rien d'autre<Indent/>!"
11009,"Tu dois faire en sorte que les trois mannequins soient touchés par <Sheet(Action,3621,0)/><Indent/>! N'utilise rien d'autre<Indent/>!"
11010,"Attaquer les trois mannequins en même temps"
11011,"Utilise <Sheet(Action,7381,0)/> de manière à toucher les trois mannequins en même temps<Indent/>!"
11012,"Utilise <Sheet(Action,41,0)/> de manière à toucher les trois mannequins en même temps<Indent/>!"
11013,"Utilise <Sheet(Action,3621,0)/> de manière à toucher les trois mannequins en même temps<Indent/>!"
11014,"Ah, juste un truc. Si tu fais autre chose que ce que je t'ai dit cinq fois, je considérerai que tu as échoué<Indent/>!"
11100,"Cette fois-ci, tu vas affronter plusieurs ennemis à la fois<Indent/>!"
11101,"L'idée, c'est que tu utilises <Sheet(Action,7381,0)/> pour concentrer leur inimitié sur toi<Indent/>!"
11102,"L'idée, c'est que tu utilises <Sheet(Action,41,0)/> pour concentrer leur inimitié sur toi<Indent/>!"
11103,"L'idée, c'est que tu utilises <Sheet(Action,3621,0)/> pour concentrer leur inimitié sur toi<Indent/>!"
11104,"Attention<Indent/>! Ton alliée se fait attaquer<Indent/>! Tu dois concentrer l'agressivité de tous les adversaires sur toi<Indent/>!"
11105,"Affronter des ennemis en concentrant leur inimitié sur soi"
11106,"Fais bien attention à ta position par rapport aux ennemis et utilise <Sheet(Action,7381,0)/><Indent/>!"
11107,"Fais bien attention à ta position par rapport aux ennemis et utilise <Sheet(Action,41,0)/><Indent/>!"
11108,"Fais bien attention à ta position par rapport aux ennemis et utilise <Sheet(Action,3621,0)/><Indent/>!"
11109,"Une fois que le nombre d'ennemis est suf<SoftHyphen/>fi<SoftHyphen/>sam<SoftHyphen/>ment réduit ou que tu as suf<SoftHyphen/>fi<SoftHyphen/>sam<SoftHyphen/>ment captivé leur attention, tu peux aussi utiliser l'enchaînement de la dernière fois à la place<Indent/>!"
11110,"Si tu vaincs tous les ennemis, tu auras réussi l'exercice<Indent/>!"
11200,"Cette fois-ci, je te propose d'apprendre à gérer les renforts<Indent/>!"
11201,"Lorsqu'un combat dure, il y a toujours un risque que d'autres ennemis viennent à la rescousse<Indent/>!"
11202,"L'important, c'est de ne pas perdre son sang-froid et d'attirer sur soi l'attention de ces nouveaux arrivants<Indent/>!"
11203,"Ta camarade est en train de prendre des coups<Indent/>! Débrouille-toi pour les encaisser à sa place<Indent/>!"
11204,"Vaincre les ennemis tout en guettant les renforts"
11205,"Au fur et à mesure qu'il sent ses forces décliner, ton adversaire va appeler des camarades pugilistes pour l'aider<Indent/>! Tu dois t'occuper d'elles en premier<Indent/>!"
11206,"Pour éviter que ton alliée ne prenne des coups perdus, je te conseille de te battre à bonne distance d'elle<Indent/>!"
11207,"Attention<Indent/>! Une nouvelle adversaire vient d'arriver dans l'arène<Indent/>! Utilise <Sheet(Action,24,0)/> pour la forcer à t'attaquer<Indent/>!"
11208,"Bien joué<Indent/>! N'oublie pas de la neutraliser en premier<Indent/>!"
11209,"Le meilleur moyen d'amener à toi un ennemi qui est à distance, c'est en utilisant <Sheet(Action,24,0)/><Indent/>!"
11210,"Le meilleur moyen d'amener à toi un ennemi qui est à distance, c'est en utilisant <Sheet(Action,46,0)/><Indent/>!"
11211,"Le meilleur moyen d'amener à toi un ennemi qui est à distance, c'est en utilisant <Sheet(Action,3624,0)/><Indent/>!"
11212,"Une fois que le renfort se sera suf<SoftHyphen/>fi<SoftHyphen/>sam<SoftHyphen/>ment rapproché de toi, attaque tout le monde avec <Sheet(Action,7381,0)/><Indent/>!"
11213,"Une fois que le renfort se sera suf<SoftHyphen/>fi<SoftHyphen/>sam<SoftHyphen/>ment rapproché de toi, attaque tout le monde avec <Sheet(Action,41,0)/><Indent/>!"
11214,"Une fois que le renfort se sera suf<SoftHyphen/>fi<SoftHyphen/>sam<SoftHyphen/>ment rapproché de toi, attaque tout le monde avec <Sheet(Action,3621,0)/><Indent/>!"
11215,"Attention<Indent/>! Une nouvelle adversaire vient d'arriver dans l'arène<Indent/>! Utilise <Sheet(Action,46,0)/> pour la forcer à t'attaquer<Indent/>!"
11216,"Attention<Indent/>! Une nouvelle adversaire vient d'arriver dans l'arène<Indent/>! Utilise <Sheet(Action,3624,0)/> pour la forcer à t'attaquer<Indent/>!"
11217,"Si tu vaincs tous les ennemis, tu auras réussi l'exercice<Indent/>!"
11300,"Cette fois-ci, tu vas donc t'exercer à combattre avec des alliés à tes côtés<Indent/>!"
11301,"L'un d'entre eux va faire en sorte de concentrrrer toutes les attaques de l'ennemi sur lui. À toi de l'aider à le vaincre<Indent/>!"
11302,"味方と協力して、敵を討伐できれば訓練合格だよ！"
11303,"Vaincre le maraudeur"
11304,"Attaque le même ennemi que tes alliés pour les aider à le neutrrraliser<Indent/>!"
11305,"Oui, c'est très bien<Indent/>! Continue de l'affaiblir pendant que je l'occupe<Indent/>!"
11306,"Tu te débrouilles vrrraiment bien<Indent/>! Je vais te donner quelques conseils sur l'angle d'attaque<Indent/>!"
11307,"Si tu frrrappes sur les côtés ou par derrière, ton adversaire aura beaucoup plus de mal à esquiver<Indent/>!"
11308,"D'ailleurs, cela permet également à certaines attaques d'êtrrres plus efficaces<Indent/>! À toi d'essayer, si les conditions le permettent<Indent/>!"
11309,"Lorrrsque tu combats avec des camarades d'aventure, ton rôle est d'attaquer les ennemis de toutes tes forces."
11310,"Mais tu dois faire attention à ne pas prrrendre de coups<Indent/>!"
11311,"Cela veut dire que tu ne peux pas frapper n'imporrrte quel ennemi n'importe comment<Indent/>!"
11312,"Tu dois concentrer tes attaques sur le même que celui de tes compagnons qui a pour rôle de tous vous prrrotéger<Indent/>!"
11313,"Si tu arrives à coopérer efficacement avec tes alliés pour vaincre l'ennemi, tu auras réussi<Indent/>!"
11400,"Pour cet en<SoftHyphen/>traî<SoftHyphen/>ne<SoftHyphen/>ment, tu vas faire face à plusieurs adverrrsaires<Indent/>!"
11401,"La coordination avec tes camarades est crrruciale dans ce genre de situation. Il vaut en effet mieux se concentrer ensemble sur un même ennemi<Indent/>!"
11402,"Ce n'est pas le bon adversaire<Indent/>! Concentrrre tes attaques sur le même que ton camarade<Indent/>!"
11403,"Coopérer avec les alliés pour vaincre les adversaires"
11404,"Regarde bien lequel des ennemis tes alliés attaquent et aide-les à le vaincre rapidement<Indent/>!"
11405,"L'occultiste est pro<SoftHyphen/>ba<SoftHyphen/>ble<SoftHyphen/>ment le plus faible, et ses sorts peuvent s'avérer dévastateurs, alors autant commencer par lui<Indent/>!"
11406,"Petite précision<Indent/>: si tu t'en prends à un adversaire différent de celui qu'affrontent tes alliés à cinq reprises, je considérerai que tu as échoué<Indent/>! D'accorrrd<Indent/>?"
11407,"Bien joué, l'ami<If(PlayerParameter(4))>e<Else/></If><Indent/>! Maintenant, au tour de la pugiliste<Indent/>! Ensemble, on va lui mettre une bonne raclée<Indent/>!"
11408,"Une fois que nous l'aurons vaincue, il ne nous restera plus qu'un adversaire à affronter<Indent/>! Courage<Indent/>!"
11409,"Nous y sommes presque<Indent/>! Donne tout ce que tu as<Indent/>!"
11410,"Si tu arrives à coopérer efficacement avec tes alliés pour vaincrrre les adversaires, tu auras réussi<Indent/>!"
11500,"Tu te souviens sans doute de l'exerrrcice lors duquel tu as appris à éviter des attaques, n'est-ce pas<Indent/>?"
11501,"Eh bien, cette fois-ci, tu vas devoir vaincre un adversaire en même temps que tu esquives des coups<Indent/>!"
11502,"Attention<Indent/>! Tu viens de prendre un coup, là<Indent/>! Concentrrre-toi un peu plus sur les attaques des adversaires et tu les éviteras sans peine<Indent/>!"
11503,"Tout ce que tu as à faire, c'est d'aider à vaincre le maraudeur tout en esquivant les attaques ennemies<Indent/>!"
11504,"Vaincre le maraudeur tout en évitant les attaques ennemies"
11505,"Seulement, je vais t'imposer une condition pour réussir<Indent/>: ne pas te faire toucher cinq fois<Indent/>! Autrrrement, il faudra que tu recommences<Indent/>!"
11506,"Oui, continue comme ça<Indent/>!"
11507,"Pas mal, pas mal<Indent/>! Mais voyons si tu arrives à éviter mes sorts<Indent/>!"
11508,"Encore un petit peu<Indent/>! Ne te rrrelâche pas<Indent/>!"
11509,"Si tu arrives à coopérer efficacement avec tes alliés pour vaincre l'ennemi, tu auras réussi<Indent/>!"
11600,"Pour cet exerrrcice, tu vas apprendre à t'occuper des renforts ennemis<Indent/>!"
11601,"Au cours du combat, de nouveaux adverrrsaires vont faire leur apparition dans l'arène. "
11602,"Ils vont s'attaquer directement au plus faible de tes alliés<Indent/>: l'élé<SoftHyphen/>men<SoftHyphen/>ta<SoftHyphen/>lis<SoftHyphen/>te. À toi de réagir vite et de défendrrre ta camarade en t'occupant d'eux<Indent/>!"
11603,"L'élé<SoftHyphen/>men<SoftHyphen/>ta<SoftHyphen/>lis<SoftHyphen/>te est en train de prendre des coups<Indent/>! Dépêche-toi de lui porrrter secours<Indent/>!"
11604,"Un renfort vient d'arriver<Indent/>! À toi de t'en occuper<Indent/>!"
11605,"Guette bien les alentours pour ne pas manquer l'arrivée de nouveaux adverrrsaires surtout<Indent/>!"
11606,"Vaincre le maraudeur tout en guettant l'arrivée de renforts"
11607,"Trrrès bien<Indent/>! Continue dans cet esprit<Indent/>!"
11608,"Attention<Indent/>! Voici une autre pugiliste<Indent/>! Garde ton sang-froid et occupe-toi d'elle<Indent/>!"
11609,"Oui, tu as bien réagi<Indent/>! Il ne te reste plus qu'à aider tes camarades à vaincre le maraudeur<Indent/>!"
11610,"Si tu arrives à coopérer efficacement avec tes alliés pour vaincre les ennemis, tu auras réussi<Indent/>!"
11700,"Cette fois, je vais t'apprrrendre à utiliser les mécanismes du champ de bataille à ton avantage<Indent/>!"
11701,"Au cours du combat, la porte au fond de l'arène va s'ouvrrrir et des ennemis vont en surgir les uns après les autres<Indent/>!"
11702,"À toi d'utiliser le levier qui est à côté pour la referrrmer, et ainsi empêcher de vous retrouver, toi et tes camarades, submergés d'adversaires<Indent/>!"
11703,"Attention<Indent/>! Si tu ne te dépêches pas de refermer la porte à l'aide du levier, de plus en plus de pantins vont venir vous attaquer<Indent/>!"
11704,"Utiliser le levier de la porte et vaincre les ennemis"
11705,"N'oublie pas d'utiliser le mécanisme de la porrrte pour prendre l'avantage dans ce combat<Indent/>!"
11706,"La porte du fond vient de s'ouvrir<Indent/>! Tu dois utiliser le levier pour la referrrmer, avant même d'attaquer les ennemis qui vont essayer d'entrer dans l'arène<Indent/>!"
11707,"Parrrfait<Indent/>! Il ne devrait pas venir davantage de renforrrts comme ça<Indent/>! Tu peux te concentrer sur le combat désormais<Indent/>!"
11708,"Si tu arrives à coopérer efficacement avec tes alliés pour vaincre les ennemis, tu auras réussi<Indent/>!"
11800,"Pour vous permettre d'assimiler cette notion, je vous propose de la mettre en pratique dans un combat d'en<SoftHyphen/>traî<SoftHyphen/>ne<SoftHyphen/>ment."
11801,"Tout ce que vous aurez à faire, c'est de soigner le gladiateur qui est avec vous."
11802,"Lorsque vous combattez en groupe, votre rôle consiste prin<SoftHyphen/>ci<SoftHyphen/>pa<SoftHyphen/>le<SoftHyphen/>ment à soigner vos compagnons et à leur apporter du soutien sous la forme de sorts divers."
11803,"Si vous sentez que votre allié est capable d'encaisser quelques coups sans que vous vous occupiez de lui, vous pouvez également participer à l'attaque avec des sorts offensifs."
11804,"Vaincre le maraudeur tout en soignant le gladiateur"
11805,"N'oubliez pas<Indent/>! Soigner votre compagnon est votre priorité absolue<Indent/>!"
11806,"Mais n'oubliez pas de surveiller ré<SoftHyphen/>gu<SoftHyphen/>liè<SoftHyphen/>re<SoftHyphen/>ment l'état de santé de votre compagnon et de le soigner si besoin est<Indent/>!"
11807,"C'est là votre mission première, et vous devez lui donner la plus grande priorité."
11808,"C'est grâce à votre soutien que vos camarades peuvent faire face aux ennemis les plus coriaces<Indent/>!"
11809,"Si vous lui apportez l'aide nécessaire pour vaincre votre adversaire commun, vous aurez réussi<Indent/>!"
11900,"Cette fois-ci, je vous propose de vous exercer à soigner plusieurs alliés en même temps."
11901,"Vous allez devoir bien regarder ce qui se passe autour de vous et vous occuper de l'allié qui a le plus besoin d'aide en priorité."
11902,"体力の少ない味方がいます！　急いで回復を！"
11903,"Attention<Indent/>! Une pugiliste vient d'arriver dans l'arène et s'en prend à votre camarade archère<Indent/>! Veillez à ce qu'elle ne tombe pas sous ses coups de poing<Indent/>!"
11904,"Vaincre les ennemis tout en soignant les alliés"
11905,"Plus que tout, faites bien attention à l'état de santé de vos compagnons<Indent/>!"
11906,"Une autre pugiliste<Indent/>! Restez bien concentré<If(PlayerParameter(4))>e<Else/></If>, et essayez d'attaquer un peu si vous le pouvez<Indent/>!"
11907,"Lors d'un combat contre des ennemis, on ne peut jamais savoir comment les choses vont évoluer."
11908,"Pour cette raison, j'ai décidé de vous confronter au cas où des renforts arrivent et vous obligent à soigner deux camarades."
11909,"Si vous apportez l'aide nécessaire à vos alliés pour vaincre vos adversaires communs, vous aurez réussi<Indent/>!"
12000,"Pour l'exercice d'aujourd'hui, vous allez soigner vos camarades tout en évitant les attaques ennemies."
12001,"À vous de bien faire attention à l'endroit où vos adversaires vont frapper. Bien sûr, il faut aussi que vous restiez vigilant<If(PlayerParameter(4))>e<Else/></If> quant à l'état de santé de vos alliés."
12002,"Attention<Indent/>! Si jamais vous vous laissez avoir cinq fois, vous devrez recommencer l'exercice depuis le début<Indent/>!"
12003,"Attention<Indent/>! Vous avez pris un coup, là<Indent/>! Concentrez-vous un peu plus sur les attaques des adversaires et vous les éviterez sans peine<Indent/>!"
12004,"Oui, c'est très bien<Indent/>! Continuez à esquiver les coups et les sorts comme ça<Indent/>!"
12005,"Pas mal, pas mal<Indent/>! Mais voyons si tu arrives à éviter mes sorts<Indent/>!"
12006,"Veillez à vous placer de façon à ce que vos compagnons ne prennent pas une attaque qui vous était destinée<Indent/>!"
12007,"Encore un petit peu<Indent/>! Ne vous relâchez pas<Indent/>!"
12008,"Vaincre le maraudeur tout en soignant les alliés et en évitant les attaques ennemies"
12009,"Soignez vos camarades tout en esquivant les attaques des adversaires<Indent/>!"
12010,"Je suis sûre que vous avez bien retenu les leçons de vos exercices précédents et que vous réussirez celui-ci aussi<Indent/>!"
12011,"Si vous apportez l'aide nécessaire à vos compagnons pour vaincre vos adversaires communs, ça sera gagné<Indent/>!"
12100,"C'est ton dernier exercice<Indent/>!"
12101,"Il fait appel à toutes les notions que je t'ai enseignées jusqu'à présent<Indent/>!"
12102,"Nous y voilà enfin<Indent/>! Ton dernier exerrrcice<Indent/>!"
12103,"Il va faire appel à toutes les notions que je t'ai enseignées jusqu'à prrrésent<Indent/>!"
12104,"Vous voici enfin arrivé<If(PlayerParameter(4))>e<Else/></If> à l'exercice final."
12105,"Il fait appel à toutes les notions que je vous ai enseignées jusqu'à présent<Indent/>!"
12106,"Commençons par les bases<Indent/>! Assure-toi que le monstre n'attaque pas tes camarades en concentrant son inimitié sur toi<Indent/>!"
12107,"Tout d'abord, les bases<Indent/>! Regarde la position du monstre et trrrouve le meilleur angle pour l'attaquer efficacement<Indent/>!"
12108,"Rappelez-vous, soigner vos camarades est votre priorité absolue. N'attaquez que si la situation vous le permet<Indent/>!"
12109,"Un chacal semble avoir été attiré par les bruits de combat<Indent/>! Fais bien attention qu'il ne s'en prenne pas à tes compagnons<Indent/>!"
12110,"Oh<Indent/>! On dirait bien que les bruits de combat ont attiré un chacal<Indent/>! Dépêche-toi de l'abattre<Indent/>!"
12111,"Tout ce bruit semble avoir attiré un chacal. Faites bien attention à ce qu'il ne mette aucun de vos compagnons hors d'état de combattre<Indent/>!"
12112,"Il y a un autre chacal qui arrive<Indent/>! Occupe-toi de lui sans paniquer<Indent/>!"
12113,"En voilà un autrrre<Indent/>! Apprends-lui donc à venir fourrer son museau là où il ne faut pas<Indent/>!"
12114,"En voilà un autre<Indent/>! Surtout, gardez votre sang-froid<Indent/>! Soignez vos alliés, puis attaquez-le si vous le pouvez<Indent/>!"
12115,"Cette fois-ci, il y a plusieurs ennemis à la fois<Indent/>! Rappelle-toi ce que tu as appris et fais bien attention qu'ils n'aillent pas attaquer tes camarades<Indent/>!"
12116,"Houla<Indent/>! Trrrois puks d'un coup<Indent/>! N'oublie pas de coordonner tes attaques avec celles de tes alliés<Indent/>!"
12117,"Vous allez faire face à trois puks, cette fois. Tâchez d'éviter leurs attaques, si jamais ils s'en prennent à vous<Indent/>!"
12118,"Vaincre le dodo dompté"
12119,"Vaincre les chacals domptés"
12120,"Vaincre les puks domptés"
12121,"Vaincre le goobbue dompté"
12122,"Voilà le dernier monstre<Indent/>! Il est un peu différent des autres, alors reste bien concentré<If(PlayerParameter(4))>e<Else/></If><Indent/>!"
12123,"Ce gros goobbue est le dernier adverrrsaire<Indent/>! Attention, il frappe très très fort<Indent/>! Fais bien attention à ne pas prendre de coups<Indent/>!"
12124,"Le meilleur pour la fin<Indent/>! Ce goobbue possède une force incroyable, alors ne lésinez pas sur les soins à donner à votre ami gladiateur<Indent/>!"
12125,"Oui, c'est bien<Indent/>! Tu y es presque<Indent/>! Courage<Indent/>!"
12126,"Tu y es prrresque<Indent/>! Reste calme, et je suis sûr que la victoire est dans la poche<Indent/>!"
12127,"Vous avez presque fini<Indent/>! Continuez de veiller sur vos compagnons jusqu'au bout<Indent/>!"
12128,"À toi donc de mettre en œuvre ce que tu sais pour le réussir<Indent/>! Fais-moi signe quand tu seras prêt<If(PlayerParameter(4))>e<Else/></If><Indent/>!"
12129,"À toi donc de les appliquer pour le rrréussir<Indent/>! Dis-moi quand tu voudras commencer<Indent/>!"
12130,"À vous de les mettre en pratique pour réussir<Indent/>! Dites-moi quand vous serez prêt<If(PlayerParameter(4))>e<Else/></If> à commencer<Indent/>!"
12200,"Bon, ouvre bien tes oreilles, je vais t'expliquer ce qu'on va faire<Indent/>!"
12201,"Tu as compris<Indent/>? Fais-moi signe quand tu es prêt<If(PlayerParameter(4))>e<Else/></If>, et on commence<Indent/>!"
12202,"C'est parti<Indent/>!"
12203,"Désolé, mais je crois que tu as échoué. Ce n'est pas grave, il y a toujours des leçons à tirer d'un échec. Tu feras mieux la prochaine fois<Indent/>!"
12204,"Désolé, mais on va s'arrêter là pour cette fois. Je compte sur toi pour réessayer cet exercice<Indent/>!"
12205,"Bravo<Indent/>! Tu as réussi l'exercice<Indent/>! Viens donc me voir, je vais te donner une récompense<Indent/>!"
12206,"Bien joué<Indent/>! Continue comme ça<Indent/>!"
12207,"Si tu vaincs tous les ennemis, tu auras réussi l'exercice<Indent/>!"
12208,"Écoute-moi bien, je vais t'expliquer ce qu'on va fairrre<Indent/>!"
12209,"Tu as comprrris<Indent/>? Dans ce cas, fais-moi signe quand tu es prêt<If(PlayerParameter(4))>e<Else/></If> et on y va<Indent/>!"
12210,"Trrrès bien, commençons<Indent/>!"
12211,"Dommage, tu as échoué... Mais que ça ne te décourage pas, tu feras mieux la prrrochaine fois<Indent/>!"
12212,"Je crrrois qu'on va en rester là pour cette fois. Mais je compte sur toi pour réessayer. D'accord<Indent/>?"
12213,"Eh bien, je suis épaté<Indent/>! Tu as réussi l'exerrrcice<Indent/>! Viens me voir, je vais te donner une récompense pour la peine<Indent/>!"
12214,"Brrravo<Indent/>! Ne t'arrête pas là et continue<Indent/>!"
12215,"Si tu arrives à coopérer efficacement avec tes alliés pour vaincre l'ennemi, tu auras réussi<Indent/>!"
12216,"Bien, je vais commencer par vous donner quelques ex<SoftHyphen/>pli<SoftHyphen/>ca<SoftHyphen/>tions."
12217,"Vous avez bien compris<Indent/>? Dans ce cas, préparez-vous bien et faites-moi signe pour commencer."
12218,"L'exercice va commencer<Indent/>!"
12219,"Désolée, mais vous avez échoué... Ne vous inquiétez pas, je suis persuadée que vous allez faire mieux la prochaine fois."
12220,"Je crois que nous allons en rester là pour cette fois. Réfléchissez bien à ce qui n'allait pas et préparez-vous à recommencer."
12221,"Magnifique<Indent/>! Vous avez réussi cet exercice<Indent/>! Pour la peine, je vais vous donner une petite récompense<Indent/>!"
12222,"C'est très bien<Indent/>! Continuez comme ça, surtout<Indent/>!"
12223,"Si vous apportez l'aide nécessaire à vos compagnons pour vaincre les monstres, ça sera gagné<Indent/>!"
12224,"Hé hé<Indent/>! Tu ne te débrouilles pas mal<Indent/>!"
12225,"Oui<Indent/>! C'est comme ça qu'il faut attaquer<Indent/>!"
12226,"Si tu utilises une technique d'arme différente entre temps, ton enchaînement ne sera plus aussi efficace<Indent/>!"
12227,"Ouais<Indent/>! C'est très bien<Indent/>!"
12228,"Je crois bien que tu as compris l'idée<Indent/>! Encore un peu et ça sera bon<Indent/>!"
12229,"Votre camarade commence à ressentir l'effet des coups de son adversaire<Indent/>! Utilisez le sort <Sheet(Action,120,0)/> pour lui rendre des forces<Indent/>!"
12230,"Votre camarade commence à ressentir l'effet des coups de son adversaire<Indent/>! Utilisez le sort <Sheet(Action,190,0)/> pour lui rendre des forces<Indent/>!"
12231,"Votre camarade commence à ressentir l'effet des coups de son adversaire<Indent/>! Utilisez le sort <Sheet(Action,3594,0)/> pour lui rendre des forces<Indent/>!"
12232,""
12300,"Franchir le secteur de dressage militaire"
12301,"Réussir l'épreuve de Rhoswen"
12302,"Franchir le parcours de manœuvre forestier"
12303,"Réussir l'épreuve de Carvallain"
12304,"Franchir le parcours de manœuvre marin"
12305,"Réussir l'épreuve d'Eynzahr"
12306,"Bienvenue au camp d'en<SoftHyphen/>traî<SoftHyphen/>ne<SoftHyphen/>ment de Crèvecarène<Indent/>! Pour commencer, vous allez affronter nos meilleurs animaux de guerre<Indent/>!"
12307,"J'aurais dû me douter que ces raptors ne feraient pas le poids contre des combattants de votre trempe... Passons donc à l'enclos suivant<Indent/>!"
12308,"Cette épice spéciale devrait stimuler ces bêtes<Indent/>! Nous allons voir si vous êtes capables de contenir leurs attaques déchaînées<Indent/>!"
12309,"Im<SoftHyphen/>pres<SoftHyphen/>sionnant<Indent/>! Mais ce n'est pas encore terminé<Indent/>! Nous avons d'autres animaux à vous faire affronter<Indent/>!"
12310,"Va, mon gros chaton<Indent/>! Réduis-les en chair à pâté<Indent/>!"
12311,"Ne croyez pas vous en tirer aussi facilement<Indent/>! Ce coeurl est encore plus féroce que ceux à l'état sauvage<Indent/>!"
12312,"Bravo<Indent/>! Vous avez réussi à vaincre toutes nos bêtes de combat<Indent/>! Vos prochains adversaires sont des femmes san<SoftHyphen/>gui<SoftHyphen/>nai<SoftHyphen/>res<Indent/>! Hé hé hé<Indent/>!"
12313,"Fini l'échauf<SoftHyphen/>fe<SoftHyphen/>ment<Indent/>! Vous allez maintenant croiser le fer avec l'élite du Maelstrom<Indent/>!"
12314,"Tu es prêt, Frérot<Indent/>? Si nous les vainquons, notre tandem gagnera énormément en réputation<Indent/>!"
12315,"Oui, nous allons leur faire goûter à la puissance de nos attaques combinées<Indent/>!"
12316,"Je vais utiliser ma chaîne<Indent/>! Ne les rate pas surtout, Frérot<Indent/>!"
12317,"Grmph... J'imagine que nous avons eu les yeux plus gros que le ventre..."
12318,"Unité spéciale des Barracudas<Indent/>! Formation de combat<Indent/>!"
12319,"Vous allez voir les techniques mortelles que nous avons développées dans les bas-fonds de notre cité<Indent/>!"
12320,"Mouaaargh... Rien à faire contre un ennemi aussi balèze... Vous autres, n'oubliez pas le goût amer de cette défaite..."
12321,"J'étais impatiente de vous voirrr<Indent/>! Si vous saviez comme j'ai attendu le jour où nous pourrions croiser le fer<Indent/>!"
12322,"Allez, allez<Indent/>! Pas de fioriture<Indent/>! Je compte sur vous pour ne pas retenirrr vos coups<Indent/>!"
12323,"Ouf... ouf... ouf... Vous m'avez vaincue<Indent/>! Comme quoi, j'ai encore de la marge de prrrogression."
12324,"Maintenant, vous allez avoir affaire à nous, les Sirènes san<SoftHyphen/>gui<SoftHyphen/>nai<SoftHyphen/>res<Indent/>! Mes filles et moi, nous avons combattu jusqu'au bout à la bataille de Carteneau<Indent/>!"
12325,"Ne vous inquiétez pas, nous allons commencer tout doucement<Indent/>! Il ne faudrait pas vous effrayer trop vite, mes petits bichons<Indent/>!"
12326,"Merde<Indent/>! Je ne m'attendais pas à autant de résistance<Indent/>! Lâchez le coeurl<Indent/>! Il faut bien le nourrir après tout<Indent/>!"
12327,"Donnez l'ordre de tourner les canons du Dame infernale vers le breuil des Écumeurs<Indent/>!"
12328,"Tirs en longueur<Indent/>! Feeeuuu<Indent/>!"
12329,"Tirs en largeur<Indent/>! Feeeuuu<Indent/>!"
12330,"Vous n'échapperez pas aux tirs en croix<Indent/>!"
12331,"Tirs concentrés<Indent/>! Vous allez tous périr dans les flammes<Indent/>!"
12332,"C'est plus compliqué que je ne le pensais<Indent/>! Attaque générale<Indent/>! Faites-en de la charpie, les filles<Indent/>! Montrez-leur la hargne des femmes de la mer<Indent/>!"
12333,"Quelle force<Indent/>!<Indent/>... Vous savez quoi<Indent/>? Vous me plaisez bien, vous autres<Indent/>!"
12334,"Oh<Indent/>! Je ne pensais pas que vous arriveriez ici aussi vite... Les Sirènes san<SoftHyphen/>gui<SoftHyphen/>nai<SoftHyphen/>res sont vraiment pathétiques."
12335,"Tiens, tiens, il vous en a fallu du temps pour arriver jusqu'ici... Ne me dites pas que les Sirènes san<SoftHyphen/>gui<SoftHyphen/>nai<SoftHyphen/>res vous ont donné du fil à retordre."
12336,"Peu importe. Maintenant, c'est à moi de m'occuper de vous... Enfin, c'est surtout ce monstrueux bulot appelé Ymir que vous allez affronter<Indent/>!"
12337,"Mes gars et moi l'avons <Emphasis>acheté</Emphasis> en mer... Vous allez adorer la façon dont il absorbe la foudre et l'emmagasine dans sa coquille<Indent/>!"
12338,"Bravo<Indent/>! Vous vous débrouillez vraiment bien... Mais je ne vous apprends peut-être rien en vous révélant qu'Ymir est capable de changer de coquille."
12339,"Jamais je n'aurais cru qu'on viendrait à bout de notre cher Ymir aussi facilement... Mais en bon joueur que je suis, j'accepte ma défaite."
12340,"Merci d'avoir accepté de participer à cet en<SoftHyphen/>traî<SoftHyphen/>ne<SoftHyphen/>ment<Indent/>!"
12341,"Pour vous montrer notre gratitude, moi, Eynzahr Slafyrsyn, grand maréchal du Maelstrom, je vais vous faire l'honneur de vous affronter<Indent/>! Hé hé hé<Indent/>!"
12342,"Eh bien, grand maréchal Slafyrsyn<Indent/>? On dirait que vous avez du mal... Vous allez vous reprendre et préserver l'honneur du Maelstrom, n'est-ce pas<Indent/>?"
12343,"Si vous le dites, Amirale<Indent/>! Je crois bien qu'il est temps de passer aux choses sérieuses..."
12344,"Cette île est l'ancien repaire du légendaire Barbe-Brume... Vous ne voyez pas d'in<SoftHyphen/>con<SoftHyphen/>vé<SoftHyphen/>nients à ce que je lui rende hommage, n'est-ce pas, Amirale<Indent/>?"
12345,"J'étais sûre qu'on en arriverait là... Très bien<Indent/>! Faites comme bon vous semble, Grand maréchal<Indent/>!"
12346,"Hé hé hé... Je ne pensais pas que le jour viendrait où je remettrais ce masque. Considérez ça comme un honneur, mes braves<Indent/>!"
12347,"Oui, je suis Barbe-Brume, le légendaire roi des pirates<Indent/>! J'ai parcouru toutes les mers et amassé plus de trésors que l'on ne peut imaginer<Indent/>!"
12348,"Le moment est venu de vous faire goûter à ma brume empoisonnée<Indent/>! Elle a causé la terreur de nombre de mes ennemis<Indent/>!"
12349,"Tenez, comme je ne suis pas un monstre, j'ai caché l'antidote dans des coffres... Mais attention, certains sont piégés<Indent/>! Hé hé hé<Indent/>!"
12350,"Hé, mes petits chéris<Indent/>! Je vous ai apporté votre pitance... De la bonne chair fraîche d'aventuriers<Indent/>! Vous allez vous régaler<Indent/>!"
12351,""
12352,""
12353,""
12354,""
12355,""
12356,""
12400,"Franchir le Désespoir inséparable"
12401,"Franchir la Prière irréfrénée"
12402,"Vaincre Hraesvelgr"
12403,"Guerri<If(PlayerParameter(4))>ère<Else/>er</If> de la Lumière, le moment est venu pour toi et tes camarades de passer la dernière épreuve<Indent/>!"
12404,"Les cieux sont le domaine de mon peuple<Indent/>! C'est là que nous sommes les plus féroces... Mais qu'en est-il de vous, humains<Indent/>?"
12405,"Je vais utiliser mon pouvoir pour créer un reflet de moi-même<Indent/>! À vous, mortels, de dépasser vos limites et de le vaincre<Indent/>!"
12406,"<Split(<Highlight>ObjectParameter(1)</Highlight>, ,1)/><Indent/>! Il n'y a pas à dire, je ne me ferai jamais à ce drôle de nom... Mais surtout, il va falloir me vaincre si vous voulez vous rendre auprès du dragon sacré, kuppo<Indent/>!"
12407,"Ce n'est pas le moment de fainéanter, vous autres<Indent/>! Allez, debout et reprenez le combat contre ces Maîtres terriens, kuppo<Indent/>!"
12408,"Un chef de tribu doit parfois montrer de quoi il est capable pour motiver ses troupes, kuppo<Indent/>!"
12409,"Kuppopo... D-d'accord... Vous pouvez... poursuivre votre... route, kuppo... "
12410,"Im<SoftHyphen/>pres<SoftHyphen/>sionnant... Mais ne crois pas en avoir déjà fini, humain<If(PlayerParameter(4))>e<Else/></If>. Tes camarades et toi ont encore quelques épreuves à passer<Indent/>!"
12411,"Nidhogg est bien plus puissant et vicieux que tu peux te l'imaginer. Ne crois pas que je vais vous ménager toi et tes camarades... Au contraire, je compte bien vous pousser dans vos derniers retranchements<Indent/>!"
12412,"La volonté des humains est plus forte que je ne l'imaginais... Hmm... Oui... Toi et les tiens méritez sûrement que je vous accorde ma confiance..."
12413,"Je n'en ai pas encore fini avec vous<Indent/>! Montrez-moi donc de quoi vous êtes faits, humains<Indent/>!"
12414,"Vous êtes bien plus résistants que je le croyais... Mais ma prochaine attaque pourrait bien venir à bout de vous..."
12415,"Protégés de la Lumière, le moment est venu pour vous de passer la dernière épreuve<Indent/>!"
12416,"Les cieux sont le domaine de mon peuple<Indent/>! C'est là que nous sommes les plus féroces... Mais qu'en est-il de vous, humains<Indent/>?"
12417,"Vous êtes bien plus résistants que je le croyais... Mais ma prochaine attaque pourrait bien venir à bout de vous..."
12418,"Je n'en ai pas encore fini avec vous<Indent/>! Montrez-moi donc de quoi vous êtes faits, humains<Indent/>!"
12419,"La volonté des humains est plus forte que je ne l'imaginais... Hmm... Oui... Vous méritez sûrement que je vous accorde ma confiance..."
12420,""
12500,"Rattraper le général ennemi"
12501,"Terrasser Regula van Hydrus"
12502,"Regardez<Indent/>! Leur chef est là<Indent/>!"
12503,"Je m'occupe de cette funeste machine<Indent/>! Partez devant<Indent/>!"
12504,"Cette armure... C'est Regula van Hydrus<Indent/>!"
12505,"Wah<Indent/>!"
12506,"Urrrg... J-j'étouffe..."
12507,"Je ne vais plus... pouvoir tenir... longtemps..."
12508,"Krile<Indent/>! Vous êtes blessée<Indent/>!?"
12509,"Il va se faire exploser<Indent/>! Viens vite à côté de moi<Indent/>!"
12510,"Tu l'auras cherché... Je viens de désactiver les inhibiteurs de mon arme<Indent/>!"
12511,"Tu ne pourras jamais me vaincre<Indent/>! La technologie magitek amplifie mes capacités à l'épée par dix<Indent/>!"
12512,"Désolée... Je suis à bout de forces..."
12513,"Cette lumière... Est-ce toi, Moenbryda...<Indent/>?"
12514,"Cette fois, c'est la fin..."
12515,"Pardonnez-moi, Maître..."
12516,"La chose qu'ils cherchent se trouve au cœur du laboratoire."
12517,"Nous devons agir vite pour les empêcher d'atteindre leur but."
12518,"Je m'occupe d'elle<Indent/>! Poursuivez Regula<Indent/>!"
12519,"C'est sans doute la meilleure solution...
Prends bien soin de Krile."
12520,"Le laboratoire central ne doit plus être bien loin.
Dépêchons-nous<Indent/>!"
12521,"Krile est en danger<Indent/>!"
12522,""
12600,"Maudits humains<Indent/>! Je vais emmener vos carcasses mourantes dans mon repaire et vous faire souffrir pour l'éternité<Indent/>!"
12601,"Mes enfants, l'heure est enfin venue d'assouvir notre vengeance<Indent/>!"
12602,"Voyez ce qu'il est advenu de cet imbécile de Dragon céleste<Indent/>! Le pouvoir de mes yeux l'a perverti, et désormais son corps m'appartient<Indent/>!"
12603,"Pathétiques humains, entendez mon rugissement de haine et perdez tout espoir<Indent/>!"
12604,"Ce chant des dragons... marque la fin de la souillure qu'est votre peuple<Indent/>!"
12605,"C'est impossible<Indent/>! D'où tirent-ils une telle force<Indent/>!?<Indent/>... Très bien, je vais vous faire le rare honneur de déployer tout mon pouvoir... et de vous anéantir<Indent/>!"
12606,"Nooon<Indent/>! Je ne peux pas être vaincu à nouveau... Ma vengeance..."
12607,"Je les hais<Indent/>! Je dois tous les tuer<Indent/>! Jusqu'au dernier<Indent/>! Dans la souffrance qu'ils m'ont infligée<Indent/>! Maudits humains<Indent/>!"
12608,"Est-ce le pouvoir de Hraesvelgr... qui leur permet de résister à mon chant<Indent/>!?"
12609,"Ne croyez pas pouvoir m'échapper<Indent/>! Mes griffes se nourrissent de votre sang, et mes crocs de votre douleur<Indent/>!"
12610,""
12611,""
12612,""
12613,""
12614,""
12615,""
12616,""
12617,""
12618,""
12619,""
12620,""
12700,"Franchir les tourbières"
12701,"Vaincre Arachné mère"
12702,"Franchir le mémorial de Shatotto"
12703,"Vaincre Forgall"
12704,"Franchir le couloir de sécurité"
12705,"Vaincre Ozma"
12706,"Vaincre Calofisteri"
12707,"Ma terre natale était si belle autrefois... Quelle tristesse de la voir ainsi transformée en bourbier..."
12708,"Regardez l'épave, là-bas<Indent/>! Ne serait-ce pas un vaisseau des Harpies féroces<Indent/>?"
12709,"Ce cours d'eau doit être un affluent de l'Opaline...
Si j'ai raison, la cité de Mhach doit se trouver en aval<Indent/>!"
12710,"Peuh<Indent/>! Peuh<Indent/>!<Indent/>... J'avais oublié à quel point je déteste l'eau<Indent/>!"
12711,"Notre objectif est cette grande pyramide. Mais méfiez-vous<Indent/>! J'ai un mauvais pres<SoftHyphen/>sen<SoftHyphen/>ti<SoftHyphen/>ment..."
12712,"Im<SoftHyphen/>pres<SoftHyphen/>sionnant... Cet édifice est à l'abandon depuis quinze siècles, mais il n'a rien perdu de sa superbe."
12713,"À quelques enjambées d'ici se trouve une sphère géante, qui a déjà englouti plusieurs civilisations. Nous allons devoir la franchir pour parvenir à la Clef de voûte."
12714,"Nous y voilà enfin... C'est ici, dans cette chambre funéraire, que se trouvent la Clef de voûte et son impitoyable gardien."
12715,"Kshhh<Indent/>! Regardez-moi tous ces petits moucherons<Indent/>!
Je vais les envelopper dans ma toile et les garder en réserve pour plus tard<Indent/>!"
12716,"Misérables vermisseaux<Indent/>! Vous l'aurez cherché<Indent/>!
Engluez-vous dans ma toile<Indent/>!"
12717,"KSHHHH<Indent/>!! Mon pouvoir magique ne suffit pas<Indent/>!
Je dois aspirer l'éther de la terre<Indent/>!"
12718,"Nul ne peut résister à mon regard terrifiant<Indent/>! HAHAHAHA<Indent/>!
Tremblez<Indent/>! TREMBLEZ<Indent/>! Laissez-vous gagner par la peur<Indent/>!"
12719,"N-non... Je ne peux pas disparaître...
J-je dois protéger le seigneur Forgall..."
12720,"Hmm... Des survivants<Indent/>? Parfait<Indent/>! Misérables humains, vos vies vont me servir à briser le sceau<Indent/>!"
12721,"Gouaaargh... Nooon<Indent/>! Je venais enfin... d'atteindre l'éveil... Pourquoi... dois-je périr... ici<Indent/>?<Indent/>..."
12722,"Même vidé de son éther, un corps peut encore servir... Que les morts se réveillent de leur sommeil éternel et se battent pour moi<Indent/>!"
12723,"Pauvres fous qui osez vous opposer à moi, vous allez payer pour votre insolence<Indent/>!"
12724,"Subissez toute l'étendue de mon pouvoir... et regrettez de vous être mis en travers de mon chemin<Indent/>!"
12725,"La solitude ronge l'âme et finit par altérer l'enveloppe charnelle... Montrez-moi la faiblesse de vos êtres<Indent/>!"
12726,"Je vais vous montrer ce que j'ai découvert au-delà du trépas... Le pouvoir que m'a donné la mort<Indent/>!"
12727,"Aaaah<Indent/>! N'y a-t-il rien de plus plaisant que l'odeur des chairs en putréfaction<Indent/>?<Indent/>... Béni soit le vent infernal qui corrompt le corps des mortels<Indent/>!"
12728,"Mes serviteurs n'ont pas suffi à vous détruire<Indent/>?<Indent/>... Ce n'est pas grave, la horde des défunts est infinie<Indent/>!"
12729,"Hmpf<Indent/>! Je n'aurais pas dû me fier à de vulgaires cadavres humains... Voyons donc ce que vous valez contre des créatures venues du néant<Indent/>!"
12730,"Et dire que j'avais gardé mon énergie pour briser le sceau... Qu'à cela ne tienne, il me faut puiser dedans pour anéantir ces importuns<Indent/>!"
12731,"Ô pouvoir ancien, que ta lumière ténébreuse irradie ce monde et détruise mes ennemis<Indent/>!"
12732,"Je comprends mieux pourquoi maître Diabolos m'avait mis en garde... Mais ne croyez pas pouvoir me vaincre, veules et stupides mortels<Indent/>!"
12733,"Qui êtes-vous pour troubler le sommeil de Calofisteri<Indent/>? Ignorez-vous donc que le sang du néant me donne un pouvoir effroyable<Indent/>?"
12734,"Mes cheveux sont des lames qui tranchent les chairs, des racines qui boivent la vitalité<Indent/>!"
12735,"Regardez mes mèches indomptables<Indent/>! Elles enfoncent leurs racines dans le sol et attaquent impitoyablement mes ennemis<Indent/>!"
12736,"Qui que vous soyez, jamais je ne vous laisserai toucher à la Clef de voûte<Indent/>!<Indent/>..."
12737,"Grâce au pouvoir du joyau qui orne mon front, mes cheveux deviennent des lames dansantes<Indent/>!"
12738,"Hnnn... Non... C'est impossible<Indent/>!<Indent/>... De vulgaires humains ne peuvent pas me surpasser<Indent/>!"
12739,"Hahahaha<Indent/>! Aucun d'entre vous ne m'échappera<Indent/>! Je vais me repaître de votre sang<Indent/>!"
12740,"Faire face à l'inexorable douleur<Indent/>? Ou essayer de l'ignorer<Indent/>?<Indent/>... À chacun de choisir sa façon de vivre<Indent/>!"
12741,"Aaaargh<Indent/>!<Indent/>... Ces humains... ont surpassé mon pouvoir<Indent/>?<Indent/>... Non... La Clef de voûte..."
12742,"Tenez, sales vermines<Indent/>! Cette fois, vous n'échapperez pas à ma toile<Indent/>!"
12743,"Quoi<Indent/>!?<Indent/>... Comment avez-vous pu défaire les nœuds de ma toile<Indent/>!?"
12744,"Raaaah<Indent/>! Maaaaudits moucheroooons<Indent/>!<Indent/>... Vous allez me le payer<Indent/>!"
12745,"Krrrrmm... Mes maîtres m'ont gravé dans la pierre..."
12746,"Krrrrmm... Mes maîtres ont marqué en moi la magie destructrice..."
12747,"Krrrrmm... Mortels de chair et de sang, vous allez regretter d'avoir pénétré dans cet édifice..."
12748,"Krrr... rmm... rrmm... J'ai... failli... à mon devoir... rrrmmm "
12749,"Accumulation d'énergie"
12750,""
12800,"Conquérir la <InstanceContent><Sheet(PlaceName,IntegerParameter(1),0)/></InstanceContent>"
12801,"Ouvrir le coffre au trésor"
12802,"Vaincre tous les ennemis"
12803,"Ouvrir une des portes"
12804,"Céder ou pas à la tentation du flambeur"
12805,"Choisir “supérieur” ou “inférieur”"
12806,"Invocation<Indent/>: <Value>IntegerParameter(1)</Value>/5"
12807,"Activer le cercle d'invocation"
12808,"Vaincre tous les ennemis"
12809,"Ouvrir le coffre au trésor"
12810,"Rêverie<Indent/>: <Value>IntegerParameter(1)</Value>/5"
12811,"Activer la machine à rêves"
12812,"Vaincre tous les ennemis"
12813,"Temps de fantasmagorie restant"
12814,""
12900,"Santé mentale"
12901,"Récolte éclair
Trouver les six coffres citrouille"
12902,"Coloquinté plus
Trouver la combinaison et utiliser <Emphasis>/dire</Emphasis> pour ouvrir le coffre"
12903,"Cercles magiques
Trouver les cercles magiques et occuper chacun d'eux"
12904,"Les citrouilles-lanternes
Ramasser des flammèches et allumer les lanternes"
12905,"Sus aux biscuits
Trouver les paniers citrouille et ramasser quinze biscuits"
12906,"Pouf la citrouille
Chercher des indices et ouvrir les bonnes citrouilles"
12907,"Potiroupillon
Utiliser les bombes fumigènes de clairvoyance pour dénicher l'imp tire-au-flanc"
12908,"Le <If(Equal(IntegerParameter(1),1))>premier<Else/><If(Equal(IntegerParameter(1),2))>deuxième<Else/><If(Equal(IntegerParameter(1),3))>troisième<Else/><If(Equal(IntegerParameter(1),4))>quatrième<Else/><If(Equal(IntegerParameter(1),5))>cinquième<Else/></If></If></If></If></If> chiffre est le... <Value>IntegerParameter(2)</Value>."
12909,"La <If(Equal(IntegerParameter(1),1))>première<Else/>deuxième</If> bonne citrouille se trouve au <Sheet(InstanceContentTextData,IntegerParameter(2),0)/>."
12910,"La <If(Equal(IntegerParameter(1),1))>première<Else/>deuxième</If> bonne citrouille se trouve dans la chambre numéro <Value>IntegerParameter(2)</Value>."
12911,"sous-sol"
12912,"rez-de-chaussée"
12913,"premier étage"
12914,"C'est qu'ils se dé<SoftHyphen/>brouil<SoftHyphen/>lent ! Mais cela durera-t-il<Indent/>? Hi hi hi !"
12915,"Vous m'impressionnez ! Mal<SoftHyphen/>heu<SoftHyphen/>reu<SoftHyphen/>se<SoftHyphen/>ment pour vous, c'est l'heure de la dernière épreuve<Indent/>! Vous ne vous en tirerez pas aussi facilement cette fois !"
12916,"Incroyable, vous êtes même sortis triomphants de ce dernier jeu ! Vous avez bien mérité un petit quelque chose !"
12917,"Je n'en reviens pas, rapide comme l'éclair ! Voilà votre récompense ! Ne vous bousculez pas, il y en aura pour tout le monde. Hi hi hi..."
12918,"Mais vous ne vous en sortirez pas aussi facilement la prochaine fois !"
12919,"Nous avons caché six <SheetFr(EObj,12,2007385,2,1)/>. Pourrez-vous les trouver et les ouvrir<Indent/>? Hi hi hi !"
12920,"Un coffre proto-trouille est caché dans l'une des pièces. Pour l'ouvrir, prononcez la bonne combinaison de cinq chiffres à haute voix."
12921,"Si j'étais à votre place, j'essaierais de retrouver la combinaison. Mais elle a sûrement été éparpillée je ne sais où, hi hi hi !"
12922,"Nous avons dessiné quatre cercles magiques, chacun dans une pièce différente."
12923,"Placez une personne dans chacun d'entre eux en même temps et c'est gagné ! Mais il faut d'abord les trouver, hi hi hi !"
12924,"Quoi !? Quatre citrouilles-lanternes éteintes !? Allez donc me les rallumer et on dira que vous avez réussi une épreuve de plus !"
12925,"Des flammèches doivent traîner par-ci par-là, servez-vous en. Désolé de vous faire perdre tout ce temps, hi hi hi !"
12926,"Vous aimez les biscuits, non ? Vous n'aurez aucun mal à en récupérer quinze alors !"
12927,"Certains paniers sont plus garnis que d'autres. Mais même grâce à ça, aurez-vous assez de temps !? Hi hi hi !"
12928,"Trouvez-moi les deux bonnes citrouilles surprise ! Mais attention, les autres sont piégées !"
12929,"Vous pouvez chercher des indices pour savoir lesquelles ouvrir. Ou vous fier à votre instinct bien sûr... hi hi hi !"
12930,"L'un des nôtres s'est transformé en citrouille pour roupiller, allez donc trouver ce tire-au-flanc !"
12931,"Dénichez-le en jetant ces bombes fumigènes de clairvoyance sur les citrouilles ! Ses facéties ont assez duré !"
12932,"Bienvenue dans notre manoir hanté ! Réussissez trois épreuves en trente minutes et une récompense vous attend !"
12933,"Récolte éclair"
12934,"Coloquinté plus"
12935,"Cercles magiques"
12936,"Les citrouilles-lanternes"
12937,"Sus aux biscuits"
12938,"Pouf la citrouille"
12939,"Potiroupillon"
12940,"Attention : si les esprits guetteurs vous repèrent, ils vous immobiliseront et réduiront votre santé mentale."
12941,"La santé mentale est partagée par toute l'équipe. Si elle tombe à zéro, la mission prendra au<SoftHyphen/>to<SoftHyphen/>ma<SoftHyphen/>ti<SoftHyphen/>que<SoftHyphen/>ment fin."
13000,"Atteindre Le Nichoir"
13001,"Vaincre Nuzal Hueloc"
13002,"Atteindre Tlachtli"
13003,"Vaincre Dotoli Ciloc"
13004,"Atteindre le lieu de la cérémonie"
13005,"Croaaac<Indent/>! Les sans-plumes n'atteindront jamais ces sommets<Indent/>!"
13006,"Croaaaaac<Indent/>! Que ceux-là viennent ici s'ils l'osent<Indent/>!"
13007,""
13008,""
13009,""
13010,""
13011,"Maudits sans-plumes<Indent/>! Celui-ci ne laissera pas ceux-là entraver la résurrection de maîtresse Garuda<Indent/>!"
13012,"Que ceux-là se préparent à mourir<Indent/>! Maîtresse Garuda, répondez à l'appel de votre serviteur<Indent/>!"
13013,"Sales petits cloportes<Indent/>! Que ma rafale aérienne lacère votre chair<Indent/>!"
13014,"Croac... La cérémonie... Ignobles sans-plumes... Tout est fini..."
13015,"Ô Garuda, déesse parmi les déesses, laissez celui-ci régler leur compte aux sans-plumes<Indent/>!"
13016,"Maîtresse Garuda<Indent/>! Prêtez votre force à celui-ci encore une fois<Indent/>!"
13100,"Préparez-vous à connaître ma justice, ignorants<Indent/>!"
13101,"Ô ma fille, que ma lumière t'anime<Indent/>!"
13102,"La mort va vous frapper lourdement<Indent/>!"
13103,"Venez à moi... Ô fidèles disciples<Indent/>!"
13104,"La mort ne vous libèrera pas de ma malédiction<Indent/>!"
13105,"Éclaire mon jugement, ô balance de la sagesse<Indent/>!"
13106,"Quel est le poids de vos âmes<Indent/>?"
13107,"Comment...<Indent/>? Serais-je en présence d'innocents<Indent/>!?"
13108,"Voilà qui va faire pencher la balance<Indent/>!"
13109,"Sauvez vos âmes... Acceptez votre châtiment<Indent/>!"
13110,"Il n'est pas de lumière sans ombre<Indent/>!"
13111,"Ô mes doubles, multipliez-vous<Indent/>!"
13112,"Que ma vérité soit contée à chacun<Indent/>!"
13113,"Aaah... Ma sagesse m'abandonne..."
13114,""
13115,""
13116,""
13117,""
13118,""
13119,""
13120,""
13200,"Qui ose déranger Ultima, la plus ancienne et la plus puissante des machines jamais créées<Indent/>!?"
13201,"Minables mortels... Disparaissez de ma vue<Indent/>!"
13202,""
13203,"Quoi de mieux que des machines pour collecter tout l'éther dont une autre machine a besoin<Indent/>?"
13204,"Vous allez sombrer dans la folie... Démence spatiale<Indent/>!"
13205,"La lumière destructrice qui brûle en moi s'intensifie<Indent/>!"
13206,"Démence spatiale dans 20 secondes<Indent/>!"
13207,"Démence spatiale dans 10 secondes<Indent/>!"
13208,"Démence spatiale dans 5 secondes<Indent/>!"
13209,"4..."
13210,"3..."
13211,"2..."
13212,"1..."
13213,"Démence spatiale dans 50 secondes<Indent/>!"
13214,"Démence spatiale dans 40 secondes<Indent/>!"
13215,"Démence spatiale dans 30 secondes<Indent/>!"
13216,"L'heure est venue de vous exterminer, anomalies de la nature<Indent/>!"
13300,"Vainquez les Guerriers des Ténèbres<Indent/>!"
13301,"Éther accumulé par Alisaie"
13302,"Je ferai tout pour sauver mon monde, même si pour ça je dois tuer tous les habitants de cette planète<Indent/>!"
13303,"Nous ne vous laisserons pas faire<Indent/>! Nous aussi, nous voulons protéger notre monde<Indent/>!"
13304,"Votre motivation et votre engagement sont aussi mous que vos coups<Indent/>! Vous ne méritez pas de l'emporter<Indent/>!"
13305,"Je vais les attirer à moi<Indent/>! Allez vite aux côtés d'Alisaie<Indent/>!"
13306,"Alisaie est visée<Indent/>! <Split(<Highlight>ObjectParameter(1)</Highlight>, ,1)/>, neutralisez cette archère avant qu'il ne soit trop tard<Indent/>!"
13307,"<Split(<Highlight>ObjectParameter(1)</Highlight>, ,1)/><Indent/>! Alisaie a besoin de plus d'éther<Indent/>!"
13308,"Passons aux choses sérieuses, bande d'amateurs<Indent/>!"
13309,"Mince<Indent/>! J-je ne peux plus bouger<Indent/>!<Indent/>..."
13310,"Hmpf<Indent/>! Vous avez décidé de sortir le grand jeu, vous aussi<Indent/>!
Vos efforts sont inutiles<Indent/>: c'est nous qui allons gagner<Indent/>!"
13311,"Prêtez-moi votre force<Indent/>! Il me faut plus d'éther<Indent/>!"
13312,"Je passe en premier<Indent/>! <Split(<Highlight>ObjectParameter(1)</Highlight>, ,1)/>, occupez-vous d'eux<Indent/>!"
13313,"Ouf... J-je suis vidé... À votre tour, <Split(<Highlight>ObjectParameter(1)</Highlight>, ,1)/>. Concentrez votre éther dans l'épée d'Alisaie<Indent/>!"
13314,"Vous risquez de perdre con<SoftHyphen/>nais<SoftHyphen/>san<SoftHyphen/>ce si vous lui donnez trop d'éther d'un coup. Faites une pause<Indent/>!"
13315,"Bon sang<Indent/>!<Indent/>... Blanhaerz, concentre-toi sur <Split(<Highlight>ObjectParameter(1)</Highlight>, ,1)/><Indent/>!"
13316,"Ils se sont relevés<Indent/>!? Ne me dites pas qu'ils peuvent utiliser l'Écho<Indent/>!? "
13317,"C'est pas possible<Indent/>! Il faut les vaincre d'un seul coup, sinon ils se relèveront encore et encore<Indent/>!"
13318,"C'est le moment, <Split(<Highlight>ObjectParameter(1)</Highlight>, ,1)/><Indent/>! Donnez votre éther à Alisaie<Indent/>! Je m'occupe du Guerrier des Ténèbres<Indent/>!"
13319,"Prenez mon éther, Alisaie... Puisse-t-il vous permettre de nous mener à la victoire..."
13320,"Prêtez-moi votre force, <Split(<Highlight>ObjectParameter(1)</Highlight>, ,1)/><Indent/>!"
13321,"J'rhoomale<Indent/>! Abats-la avant qu'elle ne finisse son incantation<Indent/>!"
13322,"Grouille-toi un peu, Naillebert<Indent/>! On a besoin de ta magie pour en finir avec eux<Indent/>!"
13323,""
13324,""
13325,"Que ma lame pourfende les impudents<Indent/>!"
13326,"On ne peut pas échouer... Pas si près du but<Indent/>!"
13327,"L'heure est venue... Naillebert, pulvérise-les<Indent/>!"
13328,""
13329,"Ils sont trop forts pour moi... Je suis désolé, mes amis..."
13330,"Pourquoi suis-je aussi faible<Indent/>?<Indent/>..."
13331,"Non... J'étais à deux doigts d'y arriver...<Indent/>!"
13332,"Je m'en vais te retrouver, Moenbryda..."
13333,"Je sens une importante con<SoftHyphen/>cen<SoftHyphen/>tra<SoftHyphen/>tion d'énergie<Indent/>! C'est le moment, Alisaie<Indent/>!!"
13334,"Éther accumulé par Naillebert"
13335,"Guettez le moment opportun et concentrez votre éther sur Alisaie<Indent/>!"
13336,""
13337,""
13338,""
13339,""
13340,""
13400,"Atteindre le pont nasal"
13401,"Ouvrir l'écoutille de la tête"
13402,"Pénétrer à l'intérieur d'Alexander"
13403,"Récupération de rebuts en cours...
Utiliser tous les matériaux pour la régénération<Indent/>!"
13404,"Régénération du bras droit amorcée..."
13405,"Régénération du bras gauche amorcée..."
13406,"Régénération du torse amorcée..."
13407,"Fourniture de pièces usées amorcée..."
13408,"Régénération spéciale en cours...
Enclencher le mode de traitement forcé<Indent/>!"
13409,"Je dois écarter l'Entreprise d'ici<Indent/>!<Indent/>...
Désolé, mais vous devez atteindre l'entrée par vous-mêmes<Indent/>!"
13410,"Transformation terminée...
Fin du mode de traitement forcé<Indent/>!"
13411,"Désassemblage et agglomération des rebuts...
Rechargement de l'énergie de régénération terminé<Indent/>!"
13412,"Régénération du bras droit"
13413,"Régénération du bras gauche"
13414,"Régénération du torse"
13415,""
13500,"Atteindre la passerelle de la tour des supplices"
13501,"Ouvrir le conduit d'éjection"
13502,"Pénétrer dans la tour des supplices"
13503,"Kshhh... Lamebrix n'a rien contre les humains, mais il doit les trucider pour toucher la prime<Indent/>!"
13504,"Kshhh... Kshhh... Les humains sont tenaces, mais Lamebrix va les faire aplatir<Indent/>!"
13505,"Kshhh... Lamebrix se concentre... Le premier qui bouge, il le réduit en charpie<Indent/>!"
13506,"Kshhh... Lamebrix ne voulait pas en arriver là... mais il va utiliser les vilains pièges de la Main indigo<Indent/>!"
13507,"Kshh.. hh... Lamebrix est... vaincu... La prime... ne valait pas le coup... Kshhhouargh..."
13508,""
13509,""
13510,""
13600,"Franchir la chaîne de production énergétique"
13601,""
13602,"Nom de code Blassty<Indent/>!
Intrus menaçant l'univers différentiel détectés<Indent/>! Ordre de les détruire<Indent/>!"
13603,"Système de transformation activé<Indent/>! Passage en mode chasseur<Indent/>!
Destruction de la zone de combat et élimination des intrus<Indent/>!"
13604,"Nom de code Blassty<Indent/>!
Continuation du combat impossible..."
13605,"Appuyez sur le bouton pour descendre<Indent/>!"
13606,"Descente"
13607,"Champ multistrate du nord-est"
13608,"Champ multistrate du sud"
13609,"Champ multistrate du nord-ouest"
13610,""
13700,"Je suis Alexander... Le Créateur mécanique...
Que mon jugement vous conduise vers l'utopie<Indent/>!"
13701,"Le temps du jugement approche..."
13702,"Jugement divin dans 10 secondes..."
13703,"5..."
13704,"4..."
13705,"3..."
13706,"2..."
13707,"1..."
13708,"Avez-vous un autre futur à offrir, mortels<Indent/>?<Indent/>...
Dans ce cas, je déploie mes <Emphasis>ailes du temps</Emphasis><Indent/>!"
13709,"Ô mes fidèles serviteurs...
Remontez le cours du temps et emprisonnez ces mortels<Indent/>!"
13710,"Échec de la tentative de modification du passé... Analyse impossible..."
13711,"Modification du passé terminée<Indent/>!
Suppression des êtres inutiles dans l'Histoire rectifiée<Indent/>!"
13712,"Déplacement spatio-temporel amorcé...
Je vais plonger dans le cours du temps et éliminer les intrus de l'Histoire<Indent/>!"
13713,"Interférence spatio-temporelle amorcée...
Que la forteresse qui me sert de corps réponde à mon appel<Indent/>!"
13714,"Un champ atemporel<Indent/>!<Indent/>... Pshhhouô... Excellent<Indent/>! Avec ça, ils ne pourront pas éviter cette attaque..."
13715,"Pshhhmmmouôh<Indent/>!?<Indent/>... Cet<If(PlayerParameter(4))>te aventurière<Else/> aventurier</If> est capable de résister au champ atemporel<Indent/>!?<Indent/>... Peu importe<Indent/>! Feeeuuu<Indent/>!"
13716,"Modification du passé"
13717,"Préparez-vous à recevoir mon jugement..."
13718,""
13719,""
13720,""
13800,"Atteindre le puits des magies"
13801,"Franchir le puits des magies"
13802,"Atteindre le dôme d'astrologie et d'astromancie"
13803,"Franchir le dôme d'astrologie et d'astromancie"
13804,"Atteindre le dôme des manuscrits rares"
13805,"Vous n'êtes pas les bienvenus ici. Mais si vous êtes en quête de savoir, je me ferai un plaisir de vous aider dans votre recherche bibliographique !"
13806,"Voici les premiers documents que je vous propose..."
13807,"Tiens tiens... qu'est-ce que cet ouvrage faisait là ? Les kappa, une in<SoftHyphen/>tro<SoftHyphen/>duc<SoftHyphen/>tion... voilà qui pique ma curiosité."
13808,"J'ai rassemblé ici les grimoires les plus puissants... Vibrez entre peur et excitation devant cette montagne de savoir ! Et mourez !"
13809,"Voyons les prochains titres sur ma liste... je vais avoir besoin de celui-ci, celui-là, et tous ceux-là aussi !"
13810,"Groaaah !"
13811,"Impact de météore dans 10 secondes..."
13812,"5..."
13813,"4..."
13814,"3..."
13815,"2..."
13816,"1..."
13817,""
13818,""
13819,""
13820,""
13900,"Ainsi, vous avez réussi à accéder à mon antre... Notre af<SoftHyphen/>fron<SoftHyphen/>te<SoftHyphen/>ment représenterait-il la réalisation de l'harmonie promise par le destin<Indent/>?"
13901,"Que le démon des noirs abysses prenne forme... À moi, invocations des ténèbres<Indent/>!"
13902,"Que le verbe s'incarne dans les chaînes de l'autre monde, et qu'il vous plonge dans les profondeurs du trépas... Agonie du glas, sème la destruction<Indent/>!"
13903,"Oooh... L'union avec l'esprit du mal se prépare à nouveau... Mais un corps fait de chair et de sang suffirait pour..."
13904,""
13905,""
13906,""
13907,""
13908,""
13909,""
13910,""
14000,"Franchir toutes les barrières"
14001,"Vaincre le prédateur magitek"
14002,"Éliminer tous les ennemis"
14003,"Vaincre l'arme blindée"
14004,"Franchir le parapet"
14005,"Détecteur d'ennemis activé<Indent/>!"
14006,"Le moment de vérité est arrivé, élu<If(PlayerParameter(4))>e<Else/></If> de la Lumière<Indent/>! Ta glorieuse destinée prend fin aujourd'hui<Indent/>!"
14007,"Tu es fort<If(PlayerParameter(4))>e<Else/></If>, très fort<If(PlayerParameter(4))>e<Else/></If>... mais je n'ai pas dit mon dernier mot<Indent/>!"
14008,"Clefs d'identification impériales possédées"
14009,""
14010,""
14100,"Vaincre le mortalis nihil"
14101,"Atteindre le Rostrum"
14102,"Vaincre Ferdiad nihil"
14103,"Atteindre les Grâces de la Reine"
14104,"Vaincre Proto-Ultima"
14105,"Vaincre Scáthach"
14106,"Vaincre Diabolos"
14107,"L'éther de la Reine des ombres"
14108,"La voilà, c'est notre île<Indent/>! Essayons de trouver un endroit pour nous arrimer."
14109,"Ces bâtiments ont été construits pour accueillir les réfugiés de Mhach. Une terre promise, oubliée à travers les âges..."
14110,"Comme je l'avais imaginé, les créatures du néant ont envahi cet endroit. C'est devenu un nid de noirceur et de désolation."
14111,"Le cercueil de la Reine des ombres, brisé en deux<Indent/>! Ça veut dire que Scáthach s'est déjà réveillée..."
14112,"Mes moustaches détectent une puissante présence maléfique<Indent/>! Une telle énergie ne peut venir que de la Reine elle-même..."
14113,"Insolents mortels... Personne ne pénètre sur les terres de la Reine des ombres sans y avoir été invité<Indent/>!"
14114,"Pardonnez-moi, ma Reine... Je n'ai pas su vous servir..."
14115,"J'adooore divertir des invités surprise<Indent/>! Ça alors, j'aperçois même quelques visages familiers... Que le spectacle commence<Indent/>!"
14116,"Le spectacle... est terminé... Je tire... ma révérence..."
14117,"Bienvenue dans ma citadelle des ombres, mortels. Êtes-vous ici pour m'offrir vos âmes<Indent/>?"
14118,"Quelle est cette lumière pénétrante<Indent/>? Elle s'insinue dans chaque recoin de mon âme... et en chasse la noirceur..."
14119,"Ne croyez pas avoir affaire à celui que j'étais avant... Vous allez maintenant goûter à mon véritable pouvoir<Indent/>!"
14120,"Le moment est venu d'ouvrir les portes du néant... Mes molosses salivent déjà à l'idée de sentir votre terreur<Indent/>!"
14121,"Une autre porte s'ouvre... Saurez-vous être à la hauteur<Indent/>?"
14122,"Même le sommeil éternel ne saura vous délivrer de la terreur de mes ténèbres<Indent/>!"
14123,"Je baigne dans les ténèbres primordiales... L'ultime pouvoir du néant est à moi<Indent/>! "
14124,"Inclinez-vous devant la suprême splendeur du néant<Indent/>!"
14125,"Que faites-vous<Indent/>!? Vous n'espérez quand même pas prendre le contrôle de mon portail<Indent/>?"
14126,"C'est une épreuve de force que vous voulez<Indent/>? Vous n'avez pas la moindre chance de gagner<Indent/>!"
14127,"Impossible<Indent/>! Je suis un seigneur du vide, vous ne pouvez pas... Aaaaaargh<Indent/>!"
14128,"Haa... Haa... Mon long sommeil m'a davantage affaibli que je ne le pensais..."
14129,"Mais je ne suis pas encore vaincu<Indent/>! Vous allez comprendre pourquoi j'ai ramené la Reine des ombres à la vie..."
14130,"En vainquant Scáthach, vous avez libéré son pouvoir pour moi<Indent/>! Tremblez devant les ténèbres infinies<Indent/>!"
14131,"Que les ténèbres vous emportent<Indent/>!"
14132,"Dois-je donner ma propre vie pour me débarrasser de vous<Indent/>? Peu importe, je ne reculerai devant rien pour vous détruire<Indent/>!"
14133,"Les ténèbres m'ont failli... D'où vient cette incommensurable lumière qui vous protège...<Indent/>?"
14134,"À moi, silhouette des ténèbres<Indent/>!"
14135,"Mon fidèle serviteur, repais-toi des âmes de ces intrus<Indent/>!"
14136,"Vous refusez toujours de vous soumettre... Dois-je vraiment employer la manière forte<Indent/>?"
14137,"Votre destin s'est écrit au moment même où vous avez foulé le sol de mon domaine<Indent/>!"
14138,"De la plus puissante des lumières naît la plus noire des ombres..."
14139,"Brille des tréfonds des ténèbres... Ombre aveuglante<Indent/>!"
14140,"Vaincre Diabolos nihil"
14141,"Mise en route du système Ultima...
Ultima opérationnelle."
14142,"Services système opérationnels.
Initialisation du programme “Annihilation totale”."
14143,"Accumulateurs d'éther activés.
Recharge de l'ali<SoftHyphen/>men<SoftHyphen/>ta<SoftHyphen/>tion principale en cours..."
14144,"Cellules du bioréacteur chargées.
Exécution du programme “Annihilation totale”."
14145,"Hypercharge du bioréacteur en cours..."
14146,"Annihilation totale dans 50 secondes<Indent/>!"
14147,"Annihilation totale dans 40 secondes<Indent/>!"
14148,"Annihilation totale dans 30 secondes<Indent/>!"
14149,"Annihilation totale dans 20 secondes<Indent/>!"
14150,"Annihilation totale dans 10 secondes<Indent/>!"
14151,"Annihilation totale dans 5 secondes<Indent/>!"
14152,"4..."
14153,"3..."
14154,"2..."
14155,"1..."
14156,"Capacité du bioréacteur dépassée. Effondrement gravitationnel imminent."
14157,"Je ne vous laisserai pas importuner Sa Majesté<Indent/>!"
14158,"Ma Reine bien aimée... Je n'étais pas digne de vous servir..."
14159,"Ô, vents funestes, entendez mon appel<Indent/>! Arrachez ces âmes à leur illusoire existence<Indent/>!"
14160,"Je vais me faire un plaisir de vous ôter vos misérables vies<Indent/>!"
14161,"Approchez-vous, voyons<Indent/>! J'ai préparé un petit numéro que vous allez aimer à en <Emphasis>mourir</Emphasis><Indent/>!"
14162,"L'éther de Diabolos"
14163,"Cet ennuyeux combat a assez duré. Il est temps d'y mettre un terme<Indent/>!"
14164,"Que vois-je<Indent/>? Nous avons des visiteurs<Indent/>! Laissez-moi vous <Emphasis>accueillir</Emphasis> comme il se doit<Indent/>!"
14165,"Soyez attentifs, ou vous allez rater la grande apothéose<Indent/>!"
14166,"Où sont les hourras, les ap<SoftHyphen/>plau<SoftHyphen/>dis<SoftHyphen/>se<SoftHyphen/>ments<Indent/>? Décidément, vous êtes bien difficiles à satisfaire<Indent/>!"
14167,"Et si on dansait<Indent/>? Dans l'eau ou dans les flammes, nous valserons jusqu'à votre tombe<Indent/>!"
14168,"Êtes-vous prêts<Indent/>? C'est maintenant que commence la bataille qui décidera du destin des cieux<Indent/>!"
14169,"La pauvre Reine des ombres a été vaincue... Mes félicitations pour votre victoire."
14170,"Vous méritez un adversaire à votre hauteur... Approchez, mortels, le véritable maître des ténèbres vous attend."
14171,"Quelque chose approche... et ce n'est pas un démon<Indent/>!
Restez sur vos gardes, la bataille n'est pas encore terminée<Indent/>!"
14172,"Le pouvoir des ombres me protège désormais. Vous ne pouvez rien contre moi<Indent/>!"
14173,"Il est devenu encore plus puissant<Indent/>!? N'abandonnez pas, mes amis<Indent/>!"
14174,""
14175,""
14200,"Argh... Ils devraient déjà tous être au sol, mais ils sont plus forts que je ne le pensais... "
14201,"Eh, vous autres<Indent/>! Ne restez pas plantés là comme des piquets et venez m'aider tout de suite<Indent/>!"
14202,""
14203,""
14204,""
14205,""
14206,""
14207,""
14208,"Eh<Indent/>! Où est-ce que vous allez comme ça<Indent/>?"
14209,"Les déserteurs seront punis de mort<Indent/>!"
14210,"Revenez ici<Indent/>! Revenez ici tout de suite, c'est un ordre<Indent/>!"
14211,""
14212,""
14213,""
14214,""
14215,"Grrr... Cette fois, c'en est trop<Indent/>! Je vais vous envoyer en enfer<Indent/>!"
14216,"M-ma vengeance sera terrible<Indent/>! Notre prochaine rencontre signera votre arrêt de mort<Indent/>!"
14217,"Restez en dehors de ça, c'est compris<Indent/>? Ils sont à MOI<Indent/>!!"
14218,"Vaincre Grynewaht"
14219,"Éliminer les Impériaux"
14220,"Éliminer les Impériaux avec la faucheuse magitek"
14221,"Vaincre Grynewaht"
14222,"À chaque fois que j'en élimine un, un autre prend sa place<Indent/>!"
14223,"C'est qu'ils sont nombreux, dites donc<Indent/>!"
14224,"Courage<Indent/>! Nous devons tenir jusqu'au bout<Indent/>!"
14225,"Ouah<Indent/>! Faites attention au gros, il peut être très dangereux<Indent/>!"
14226,"Il faut abattre le colosse avant qu'il s'auto-détruise et nous emporte tous avec lui<Indent/>!"
14227,"Et un géant de moins, ha ha<Indent/>! Les autres n'ont qu'à bien se tenir<Indent/>!"
14228,"Encore des renforts<Indent/>!? Aidez-moi, je n'y arriverai pas toute seule<Indent/>!"
14229,"Quelle fougue<Indent/>! Merci, <Split(<Highlight>ObjectParameter(1)</Highlight>, ,1)/><Indent/>!"
14230,"Après les colosses réduits en bouillie, voilà que le capitaine se met à nous cogner dessus<Indent/>! Sauve qui peut<Indent/>!"
14300,"Désactivation des derniers verrous de contention en cours.
Tout le personnel non militaire est prié d'évacuer les lieux."
14301,"Mon long sommeil s'achève enfin."
14302,"Je n'ai pas oublié. La duperie dont je fus victime, l'humiliation de mon emprisonnement..."
14303,"Les lunes s'en vont, la haine demeure."
14304,"Immuable comme mon existence..."
14305,"Justice sera faite."
14306,"Aujourd'hui encore, la victoire sera mienne."
14307,"Mon nom est Zurvan."
14308,"Dieu parmi les dieux..."
14309,"Messager de votre ané<SoftHyphen/>an<SoftHyphen/>tis<SoftHyphen/>se<SoftHyphen/>ment<Indent/>!"
14310,"Tous les verrous de contention ont été désactivés.
Le sujet “Zurvan” a été libéré."
14311,"Le combat de la vertu et du vice ne connaît pas de fin<Indent/>!"
14312,"Que ma colère s'embrase<Indent/>! Qu'elle consume mes ennemis<Indent/>!"
14313,"Le doute en moi n'existe plus<Indent/>!"
14314,"Que ma soif de combat soit enfin satisfaite<Indent/>!"
14315,"Que le froid glacé de mon âme vous emporte<Indent/>!"
14316,"Le bien et le mal... Tout cela n'a plus aucune importance<Indent/>!"
14317,"Que la mort emporte les insolents<Indent/>!"
14318,"Soyez les témoins de ma transcendance<Indent/>!"
14319,"Admirez toute ma puissance<Indent/>!"
14320,"Déployez-vous, ailes de la justice<Indent/>!
Que le feu et la glace vous protègent<Indent/>!"
14321,"Moi, Zurvan, je vais rendre mon jugement<Indent/>!"
14322,"Vous osez vous opposer à mon jugement<Indent/>?
Qu'il en soit ainsi, ce lieu sera votre tombeau<Indent/>!"
14323,"Il est inutile de résister.
Tout est déjà écrit."
14324,"Souffrez pour l'éternité<Indent/>!"
14325,"Est-ce le doute en moi qui me fait vaciller<Indent/>?"
14326,"Mon destin était donc de plier aujourd'hui..."
14327,"Transcendance"
14328,""
14329,""
14330,""
14331,""
14332,""
14333,""
14334,""
14335,""
14400,"Atteindre La Plaie"
14401,"Vaincre Chortocyon"
14402,"Atteindre La Fièvre"
14403,"Vaincre Gowrow"
14404,"Franchir Le Cœur"
14500,"Atteindre le rocher aux Spectres"
14501,"Vaincre Lugat"
14502,"Atteindre le Délice du gardien"
14503,"Vaincre le Gouverneur"
14504,"Atteindre le phare de Krautz"
14505,"I-i-il y a quelque chose sur le pont du navire... A-a-allons voir ce que c'est tous ensemble, d'accord<Indent/>?"
14506,"Oh nooon<Indent/>! I-il en vient en-encore<Indent/>!<Indent/>... Restons... ca-calmes surtout<Indent/>! Alisaie, ne-ne t'écarte pas trop, s'il te plaît<Indent/>!"
14507,"Je m'occupe de cette bestiole-là<Indent/>!"
14508,"Hihihihi<Indent/>!<Indent/>... Vous avez répondu à l'appel de mon chant, créatures mortelles..."
14509,"Approchez... Oui, venez plus près... Et abandonnez vos vies..."
14510,"Reculez... Allez... vous noyer..."
14511,"Hihihihi<Indent/>! Vous n'êtes pas comme les autres marins... Si vous refusez de devenir mes esclaves, je vais devoir vous faire souffrir davantage<Indent/>!"
14512,"Regardez<Indent/>! On dirait qu'on s'approche d'une île<Indent/>!<Indent/>... Attention<Indent/>! Préparez-vous au choc<Indent/>!"
14513,"À vous d'éliminer la source de ce mal<Indent/>! Allez sur l'île et trouvez-la<Indent/>! Nous allons nous occuper de réparer le navire<Indent/>!"
14514,"I-i-il y a quelque chose sur le pont du navire... A-a-allons voir ce que c'est tous ensemble, d'accord<Indent/>?"
14515,"Oh nooon<Indent/>! I-il en vient en-encore<Indent/>!<Indent/>... Restons... ca-calmes surtout<Indent/>!"
14516,"Regardez<Indent/>! On dirait qu'on s'approche d'une île<Indent/>!<Indent/>... Attention<Indent/>! Préparez-vous au choc<Indent/>!"
14517,"À... À vous d'éliminer la source de ce mal<Indent/>! Allez sur l'île et trouvez-la<Indent/>! Nous allons nous occuper de réparer le navire<Indent/>!"
14600,"Franchir l'Épaule de Rhalgr"
14601,"Vaincre les coeurls"
14602,"Atteindre l'Harmonie"
14603,"Vaincre Arbuda"
14604,"Franchir le Poing fermé"
14605,"Il paraît qu'autrefois, certains des moines les plus éminents s'entraînaient contre des coeurls sauvages..."
14606,"Un autre coeurl est apparu<Indent/>! Il a l'air par<SoftHyphen/>ti<SoftHyphen/>cu<SoftHyphen/>liè<SoftHyphen/>rement en rogne<Indent/>!"
14607,"Au fait, de son temps, le célèbre moine Ivon aurait utilisé des poings en forme de coeurl appelés “Sphairai”..."
14608,"Oh, c'est Arbuda<Indent/>! Un golem d'en<SoftHyphen/>traî<SoftHyphen/>ne<SoftHyphen/>ment que les moines essayaient de vaincre le plus vite possible<Indent/>!"
14609,"Tenez, je vais mesurer le temps que vous mettrez et je vous dirai à quel rang vous vous placez d'après les vieux records<Indent/>!"
14610,"Hmm... C'est pas génial. Votre temps est au rang le plus bas, c'est-à-dire celui de “moussemousse”..."
14611,"On ne peut pas dire que vous ayez fait vite... Votre temps correspond au rang de “chapuli”. C'est assez faible."
14612,"Votre temps est plutôt moyen, ce qui vous place au rang de “gazelle”... Bof, quoi<Indent/>!"
14613,"Pas mal<Indent/>! Votre performance vous aurait valu le rang de “coeurl” à l'époque. Il était celui atteint par les moines aguerris<Indent/>!"
14614,"Ouah<Indent/>! Je suis im<SoftHyphen/>pres<SoftHyphen/>sion<SoftHyphen/>née<Indent/>! Votre temps vous vaut le rang de “griffon”<Indent/>! Autrement, cela vous place très haut<Indent/>!"
14615,"In... incroyable<Indent/>! Vous avez fait un temps digne du grand Ivon<Indent/>! Le rang correspondant est appelé “double coeurl”<Indent/>!"
14616,"Oh<Indent/>!<Indent/>... P-personne n'a jamais fait un tel exploit dans toute l'histoire du temple<Indent/>! Cela vous donne l'honneur du rang dit de “Rhalgr”<Indent/>!"
14617,"Oh<Indent/>?<Indent/>... Enfin quelqu'un vient me tirer de ma longue torpeur<Indent/>? Très bien, préparez-vous à passer l'épreuve d'Ivon le Coeurl<Indent/>!"
14618,"Im<SoftHyphen/>pres<SoftHyphen/>sionnant... Vous avez mérité l'honneur de subir ma technique ultime<Indent/>!"
14619,"Ouverture de tous les chakras<Indent/>!<Indent/>..."
14620,"Que mes poings obtiennent la force des coeurls et frappent mes ennemis de toute leur rage<Indent/>!<Indent/>... POINGS FURIEUX<Indent/>!!!"
14621,"Et voici le coup de... GRÂCE<Indent/>!"
14622,"Bravo<Indent/>! Vous avez résisté à mes attaques<Indent/>! Continuons ce combat de toutes nos forces jusqu'au bout<Indent/>!"
14623,"Oh<Indent/>! Vous avez réussi à vous débarrasser de ces deux coeurls avec brio<Indent/>! J'étais vraiment tendue en vous regardant<Indent/>!"
14700,"Atteindre la Chasse de Bardam"
14701,"Vaincre Garula"
14702,"Atteindre la Renaissance de Bardam le Brave"
14703,"Vaincre Bardam"
14704,"Atteindre la Muse sans voix"
14705,"Je suis à l'image de Bardam. Jeune<Indent/>! Fort<Indent/>! Impétueux<Indent/>! Et avant tout, brave<Indent/>!"
14706,"Ceux qui prétendent au titre de guerrier xaela devront danser avec moi et échapper à tous les périls<Indent/>!"
14707,"Voici ma première épreuve..."
14708,"Ne cédez pas à la subjugation du démon<Indent/>!"
14709,"Voici ma deuxième épreuve..."
14710,"Ne cédez pas à l'appel du répit, et courez à la vitesse du vent de la steppe<Indent/>!"
14711,"Voici ma troisième épreuve... Résistez à la chute de ce fragment d'astre <Indent/>!"
14712,"汝、第三ノ、試練ヲ受ケヨ……！
天ヨリ降ル、星ノ欠片ニ耐エテミセヨ……！"
14713,"Une deuxième faute... Une de trop. Si aucun n'est libre de mes chaînes, aucun ne triomphera..."
14714,"三度ノ失敗……罰ヲ与エル……
罰デ済ムハ……アト二回……。"
14715,"三度ノ失敗……罰ヲ与エル……
罰デ済ムハ……アト一回……。"
14716,"Ainsi parlait Nhaama<Indent/>: “Laisse la lune t'apaiser, et libère la force <If(PlayerParameter(4))>de la chasseuse<Else/>du chasseur</If><Indent/>!”"
14717,"La force <If(PlayerParameter(4))>de la chasseuse<Else/>du chasseur</If> vous accompagne. Comme la lune, elle caressera la steppe de sa lumière."
14718,"Ainsi parlait Azim<Indent/>: “Laisse le soleil faire bouillir ton sang, et libère la force <If(PlayerParameter(4))>de la guerrière<Else/>du guerrier</If><Indent/>!”"
14719,"La force <If(PlayerParameter(4))>de la guerrière<Else/>du guerrier</If> vous accompagne. Comme le soleil, elle illuminera la steppe de sa lumière."
14720,"Une deuxième faute... Une de trop. Vous connaîtrez maintenant l'échec."
14721,"Vous avez surpassé Bardam<Indent/>! Plus rien ne se dresse entre vous et la conquête de la steppe<Indent/>!"
14722,""
14800,"Vainquez les soldats impériaux"
14801,"Échappez-vous grâce aux bombes fumigènes<Indent/>!"
14802,"Rendez-vous au Bazar de Rubis<Indent/>!"
14803,"Suivez le passant kojin<Indent/>!"
14804,"Et voilà, il fallait que ça dérape... Et dire que nous avions promis à Hancock de ne pas en venir aux mains<Indent/>!"
14805,"On n'a pas le temps de tergiverser maintenant, Alphinaud<Indent/>! On leur rentre dans le lard d'abord et on verra ensuite<Indent/>!"
14806,"Je vous laisse gérer la situation pendant que je trimbale Gyodo<Indent/>!"
14807,"Attendez qu'on vous attrape, bande de voyous, vous allez passer un sale quart d'heure<Indent/>!"
14808,"Tataru nous a donné des bombes fumigènes, pas vrai<Indent/>? On devrait s'en servir pour s'échapper<Indent/>!"
14809,"Eh ben, c'était moins une<Indent/>! Vite, on rentre au Bazar de Rubis<Indent/>!"
14810,"Zut, le Sekiseigumi a quadrillé les lieux... Il va falloir être plus malins que ces samouraïs..."
14811,"Suivez-moiiii<Indent/>! Je vais vous emmener à l'abri, auprès de vos amiiiis<Indent/>!"
14812,"On dirait qu'il parle d'Alphinaud et des autres... Qu'est-ce qu'on fait<Indent/>? On lui fait confiance<Indent/>?"
14813,"Mes amis... Pardonnez-moi..."
14814,"J'peux pas m'avouer vaincue<Indent/>!<Indent/>..."
14815,"Oh non, <Split(<Highlight>ObjectParameter(1)</Highlight>, ,1)/><Indent/>! Je me suis fait attraper<Indent/>!"
14816,"Content de vous revoir en un seul morceau<Indent/>! Heu<SoftHyphen/>reu<SoftHyphen/>se<SoftHyphen/>ment que ce gentil homme-tortue était là pour nous aider."
14817,"Restez cachés iciiii<Indent/>!"
14818,"Non, <Split(<Highlight>ObjectParameter(1)</Highlight>, ,1)/><Indent/>! Il ne faut pas les attaquer<Indent/>!"
14819,"<Split(<Highlight>ObjectParameter(1)</Highlight>, ,1)/>, il ne nous arrivera rien de bon si nous attaquons ces samouraïs<Indent/>!"
14820,"Ouah<Indent/>! Ils ont sorti les grands moyens<Indent/>! Tâchons de passer à travers les mailles du filet..."
14821,"Bien, la voie a l'air libre<Indent/>! Mais restons sur nos gardes<Indent/>!"
14822,"Séparons-nous<Indent/>! Mais in<SoftHyphen/>ter<SoftHyphen/>dic<SoftHyphen/>tion de se battre<Indent/>! D'accord<Indent/>?"
14900,"Franchir la pêcherie de Sogyoku"
14901,"Vaincre Amikiri"
14902,"Franchir le palais de Kogyoku"
14903,"Vaincre la Princesse de Rubis"
14904,"Franchir le temple de Shisui"
14905,"Archers, feu à volonté<Indent/>! Gardes, dégaînez vos épées et pourfendez tous les intrus<Indent/>!"
14906,"Archers, repliez-vous<Indent/>! Il faut défendre la princesse coûte que coûte<Indent/>!"
14907,"Mes eaux... Mes sujets... Ils doivent être protégés<Indent/>!"
14908,"Vous allez m'offrir vos vies<Indent/>!"
14909,"Aaaaargh<Indent/>!<Indent/>... Je... je..."
14910,"Sacrilège<Indent/>! Vous osez souiller mon sanctuaire de votre présence<Indent/>! Prosternez-vous et vénérez ma beauté<Indent/>!"
14911,"Ô brouillard<Indent/>! Cache-moi et donne-moi ton pouvoir<Indent/>!"
14912,"Brumes, enveloppez mes ennemis<Indent/>! Apprenez-leur la véritable peur<Indent/>!"
14913,"Ô sombres courants venus des abysses<Indent/>! Écoutez votre maîtresse, et emportez tous ceux qui s'opposent à moi<Indent/>!"
14914,"Aaaargh<Indent/>! Vous m'avez vaincue... mais cette jeune femme..."
14915,""
14916,""
14917,""
14918,""
14919,""
14920,""
15000,"予選を勝ち抜け！"
15001,"Gagnez le premier combat contre Bartholomew"
15002,"Gagnez le deuxième combat contre Bronze Bull"
15003,"Gagnez le troisième combat contre Handeloup"
15004,"Le premier match du groupe de Thal est sur le point de commencer<Indent/>! Il verra s'affronter Bartholomew contre <Split(<Highlight>ObjectParameter(1)</Highlight>, ,1)/><Indent/>!"
15005,"Tout le monde est prêt<Indent/>? Combattants, affûtez vos lames<Indent/>!"
15006,"Que le meilleur gagne<Indent/>!"
15007,"Quel coup de grâce<Indent/>! La victoire revient à <Split(<Highlight>ObjectParameter(1)</Highlight>, ,1)/><Indent/>!"
15008,"Un casque d'argent ne peut pas perdre<Indent/>!"
15009,"Qu'est-ce que vous dites de ça<Indent/>!?"
15010,"Le prochain adversaire de l'illustre <Split(<Highlight>ObjectParameter(1)</Highlight>, ,1)/> est le non moins célèbre gladiateur Bronze Bull<Indent/>!"
15011,"Combattants, tenez-vous prêts à croiser le fer<Indent/>!"
15012,"Ne me sous-estimez pas, car vous risquez de vous en mordre les doigts<Indent/>!"
15013,"Et c'est une deuxième victoire pour <Split(<Highlight>ObjectParameter(1)</Highlight>, ,1)/><Indent/>! Même le surpuissant Bronze Bull n'a pas pu lui tenir tête<Indent/>!"
15014,"L'heure est venue d'utiliser ma botte secrète<Indent/>!"
15015,"Le dernier match du groupe de Thal entre Handeloup et <Split(<Highlight>ObjectParameter(1)</Highlight>, ,1)/> va enfin se dérouler sous vos yeux ébahis<Indent/>! "
15016,"Qui aura l'honneur de participer à la grande finale<Indent/>? Nous allons bientôt le savoir<Indent/>!"
15017,"<If(PlayerParameter(4))>Dame<Else/>Sire</If> <Split(<Highlight>ObjectParameter(1)</Highlight>, ,2)/>, préparez-vous à subir les foudres de la Conquérante<Indent/>!"
15018,"Et <If(PlayerParameter(4))>la grande gagnante<Else/>le grand gagnant</If> du groupe de Thal est <Split(<Highlight>ObjectParameter(1)</Highlight>, ,1)/><Indent/>! Quel<If(PlayerParameter(4))>le<Else/></If> combattant<If(PlayerParameter(4))>e<Else/></If> hors du commun<Indent/>!"
15019,"Mon épée a été forgée dans le froid glacial du Grand Nord<Indent/>! Elle est indestructible<Indent/>!"
15020,"Je ne peux pas perdre<Indent/>! Je dois faire honneur à l'ordre du Temple et à Ishgard<Indent/>!"
15021,"Halone, prête-moi ta force<Indent/>!"
15022,"Vous êtes capable de parer les attaques les plus dévastatrices... mais le combat n'est pas terminé<Indent/>!"
15023,""
15024,""
15025,""
15100,"Remportez la finale du tournoi<Indent/>!"
15101,""
15102,"La grande finale du tournoi commémoratif du sultanat entre <Split(<Highlight>ObjectParameter(1)</Highlight>, ,1)/> et Aldis va enfin avoir lieu<Indent/>! Ce combat restera à n'en point douter dans les annales du Colisée<Indent/>!"
15103,"L'heure a sonné... Montre-moi ce que tu as dans le ventre, <Split(<Highlight>ObjectParameter(1)</Highlight>, ,1)/><Indent/>!"
15104,"C'est incroyable<Indent/>! C'est ex<SoftHyphen/>traor<SoftHyphen/>di<SoftHyphen/>nai<SoftHyphen/>re<Indent/>! <Split(<Highlight>ObjectParameter(1)</Highlight>, ,1)/> est <If(PlayerParameter(4))>la grande gagnante<Else/>le grand gagnant</If> du tournoi<Indent/>!"
15105,"N'essaie même pas d'esquiver ce coup, tu n'y arriveras pas<Indent/>!"
15106,"Il est temps d'utiliser ma nouvelle technique... Prépare-toi à prendre ton envol<Indent/>!"
15107,"Reste où tu es, c'est parfait<Indent/>!"
15108,"Que les tempêtes de sable du Thanalan t'emportent<Indent/>!"
15109,"Tu es vraiment très fort<If(PlayerParameter(4))>e<Else/></If>, <Split(<Highlight>ObjectParameter(1)</Highlight>, ,1)/>... Encore plus que je ne le pensais..."
15110,"Mais on ne m'appelle pas la “Lame de Nald” pour rien, et tu vas comprendre pourquoi<Indent/>!"
15111,""
15112,""
15113,""
15114,""
15115,""
15116,""
15117,""
15118,""
15119,""
15120,""
15200,"Atteignez la terre immaculée<Indent/>!"
15201,""
15202,""
15203,""
15204,"Passez un pacte avec la terre immaculée<Indent/>!"
15205,"Venez à bout des forces impériales<Indent/>!"
15206,"La terre immaculée est plus au sud. Tous avec moi<Indent/>!"
15207,"Voilà ces pleutres de Mol<Indent/>! Barrez-leur la route<Indent/>!"
15208,"Ce fut rapide... Aux armes<Indent/>!"
15209,"Merci mon brave Gosetsu<Indent/>! Allez, on avance<Indent/>!"
15210,"Ça se bouscule déjà au portillon... Chargez<Indent/>!"
15211,"Il n'y a pas une seconde à perdre. Partez devant, je vais les retenir<Indent/>!"
15212,"Ça se calme... Maintenant, <Split(<Highlight>ObjectParameter(1)</Highlight>, ,1)/><Indent/>! Scelle le pacte<Indent/>!"
15213,"Pas si vite... La terre immaculée appartient aux fils d'Azim<Indent/>!"
15214,"Enfin, leur frère suprême se montre... Il n'est pas question de lui obéir, cette fois-ci<Indent/>!"
15215,"À moi, mes frères<Indent/>!"
15216,"Une ouverture<Indent/>! J'y vais<Indent/>! Défendez-moi, les amis<Indent/>!"
15217,"Je vais vous apprendre le respect<Indent/>!"
15218,"Je vous ai promis un bain de sang, vous n'allez pas être déçus<Indent/>!"
15219,"À moi, frères Dotharl<Indent/>!"
15220,"Sadu... La simple vue de cette furie me donne envie de déchaîner l'enfer<Indent/>!"
15221,"Tu tiens le coup, <Split(<Highlight>ObjectParameter(1)</Highlight>, ,1)/><Indent/>? Il faut qu'on batte Magnai et Sadu<Indent/>!"
15222,"C'est comme ça qu'on s'bat<Indent/>!"
15223,"Ces statues ne me disent rien qui vaille... Démolissons-les<Indent/>!"
15224,"Grrr... Comment osez-vous...<Indent/>?"
15225,"Nous y sommes presque<Indent/>! Un dernier effort<Indent/>!"
15226,"<Split(<Highlight>ObjectParameter(1)</Highlight>, ,1)/>, c'est maintenant ou jamais<Indent/>! Passe le pacte avec la terre immaculée<Indent/>!"
15227,"Allez, on y croit<Indent/>! Défendez la terre immaculée<Indent/>! "
15228,"Le pacte est noué<Indent/>! Nous sommes les nouveaux maîtres de la steppe<Indent/>!"
15229,"Ça y est, la terre immaculée est à nous<Indent/>! À genoux devant la toute-puissance des Oronir<Indent/>!"
15230,"J'ordonne à tous les guerriers de la steppe de s'unir contre ce nouvel ennemi<Indent/>!"
15231,"Ces impériaux ont mal choisi leur moment pour attaquer. Ils vont s'en mordre les doigts<Indent/>!"
15232,"Allez, du balai<Indent/>!"
15233,"Qu'est-ce que c'est que ces statues<Indent/>!? Pulvérisez-moi ça, vite<Indent/>!"
15234,"Nous ne devons pas les laisser détruire les statues de Sadu<Indent/>!"
15235,"Merde de merde de merde<Indent/>!"
15236,""
15237,"Ha ha ha<Indent/>! Et hop, plus de statues<Indent/>! Ça vous fera les pieds<Indent/>!"
15238,"Raaah<Indent/>! Tant pis, il va falloir faire sans..."
15239,"Je n'ai pas encore perdu<Indent/>!"
15240,"Cette fois-ci justement... j'aurais DÛ gagner..."
15241,"Puisqu'il le faut... En avant, fils d'Azim, châtions ces impudents<Indent/>!"
15242,"Venez, tous autant que vous êtes<Indent/>! J'ai encore plein de pains à distribuer<Indent/>!"
15243,"Allez, montrons-leur de quoi nous sommes capables<Indent/>! Gosetsu, avec moi<Indent/>!"
15244,"Avec plaisir, mon seigneur<Indent/>!"
15245,"I-im<SoftHyphen/>pres<SoftHyphen/>sion<SoftHyphen/>nant... Tenez bon, les amis<Indent/>! Nous allons vaincre<Indent/>!"
15246,"Je la vois<Indent/>! La terre immaculée est droit devant<Indent/>!"
15247,"À ce rythme, on y sera encore demain... Je vais m'occuper d'eux, continuez sans moi<Indent/>!"
15248,"Faites attention à vous, Lyse. Allez, la terre immaculée nous attend<Indent/>!"
15249,"Passez un pacte avec la terre immaculée<Indent/>!"
15250,"Défendez la terre immaculée et vainquez Magnai<Indent/>!"
15251,"Défendez la terre immaculée et vainquez Sadu<Indent/>!"
15252,"Passez un pacte avec la terre immaculée<Indent/>!"
15253,"Détruisez les chuluu stellaires<Indent/>!"
15254,"Défendez les chuluu stellaires<Indent/>!"
15255,"Empêchez les Oronir d'achever leur pacte<Indent/>!"
15256,"Empêchez les Buduga d'achever leur pacte<Indent/>!"
15257,"Empêchez les Dotharl d'achever leur pacte<Indent/>!"
15258,""
15259,""
15260,""
15300,"Éliminez les mercenaires déguisés en ninja<Indent/>!"
15301,"Abattez Vanara<Indent/>!"
15302,"Vainquez Ostyrgrein<Indent/>!"
15303,"<Split(<Highlight>ObjectParameter(1)</Highlight>, ,1)/><Indent/>! Non<Indent/>! Comment as-tu pu être défait<If(PlayerParameter(4))>e<Else/></If> ici...<Indent/>?"
15304,"Offrez-nous un spectacle de qualité<Indent/>!"
15305,"Cela aussi fait partie de ton en<SoftHyphen/>traî<SoftHyphen/>ne<SoftHyphen/>ment. Ces pâles imitations de ninja ne pourront rien contre toi."
15306,"Utilise Ôka et Mangetsu quand tes ennemis sont nombreux<Indent/>!"
15307,"Ho ho ho<Indent/>! Éblouissant<Indent/>! Vous avez gagné le droit de faire joujou avec mon animal de compagnie<Indent/>!"
15308,"Ma petite Vanaraaaa<Indent/>! C'est l'heure du goûteeeer<Indent/>!"
15309,"Lâcher un animal sauvage sur ses adversaires... Quelle vilenie<Indent/>! <Split(<Highlight>ObjectParameter(1)</Highlight>, ,1)/><Indent/>! Je te laisse le soin de l'abattre<Indent/>!"
15310,"Pendant ce temps, je vais nous débarrasser de ces soi-disant ninja<Indent/>!"
15311,"Les mouvements de cette bête sont vifs<Indent/>! Observe-la bien pour prédire ses attaques<Indent/>!"
15312,"Excellent, continue comme ça<Indent/>!"
15313,"À défaut d'être compétents, ils étaient nombreux. Dépêche-toi d'éliminer cet animal, <Split(<Highlight>ObjectParameter(1)</Highlight>, ,1)/>."
15314,"Noooon<Indent/>! Ma Vanara<Indent/>! Qu'avez-vous fait à ma pauvre Vanara<Indent/>!?"
15315,"Vous me le paierez<Indent/>! À mon tour d'envoyer mon samouraï<Indent/>!"
15316,"Allez. Je vais vous découper ces deux-là en rondelles."
15317,"Il se décide à sortir le grand jeu."
15318,"Enfin, grand jeu, si l'on peut dire."
15319,"Cet épéiste n'est qu'un imitateur sans talent, il ne fera pas le poids contre toi."
15320,"Tu vas pouvoir lui faire la dé<SoftHyphen/>mon<SoftHyphen/>stra<SoftHyphen/>tion des vraies techniques de samouraï<Indent/>!"
15321,"Ses mouvements sont atrocement amples. J'ai de la peine rien que de les voir."
15322,"Qui espérait-il toucher<Indent/>? Son coup était d'une telle lenteur qu'il m'a paru immobile."
15323,"Bouffe ça<Indent/>!"
15324,"Il tente de t'aveugler<Indent/>!? Le lâche<Indent/>!"
15325,"Lâche-moi les basques, toi<Indent/>! Tant que je gagne, tout est permis<Indent/>!"
15326,"Voilà qu'il abandonne même sa lame<Indent/>! Que cela fait-il de lui<Indent/>!?"
15327,"Non, j'y crois pas... Comment j'ai pu me faire avoir par cet avorton...<Indent/>?"
15328,"Mon samouraï a perdu<Indent/>!? Grrr... Peu importe<Indent/>! Pour vaincre, je n'ai qu'à fuir<Indent/>!"
15329,"<Split(<Highlight>ObjectParameter(1)</Highlight>, ,1)/><Indent/>! Rattrapons-le avant qu'il ne s'échappe<Indent/>!"
15330,"Ferme-la, le vieillard<Indent/>!"
15331,"Merde<Indent/>! Puisque c'est comme ça, voilà ma botte secrète<Indent/>!"
15400,"Retrouvez Arya<Indent/>!"
15401,"Terrassez Lilith avant qu'elle n'achève son rituel<Indent/>!"
15402,"Il faut qu'on sorte Arya de là<Indent/>! Stoppons cette cérémonie<Indent/>!"
15403,"Débarrassons-nous d'eux rapidement<Indent/>! <Split(<Highlight>ObjectParameter(1)</Highlight>, ,1)/>, en avant<Indent/>!"
15404,"Pas de temps à perdre avec ces gêneurs<Indent/>!"
15405,"Cette aura délétère... C'est Lilith<Indent/>!"
15406,"Des intrus<Indent/>? Tant pis, que le rituel commence<Indent/>!"
15407,"Cette lumière... Ça craint, elle est en train de s'emparer du corps d'Arya<Indent/>!"
15408,"Du poison, comme prévu... <Split(<Highlight>ObjectParameter(1)</Highlight>, ,1)/>, sers-toi de tes antidotes<Indent/>!"
15409,"Grrr... Méprisables mortels... Je vais prendre plaisir à dévorer vos âmes<Indent/>!"
15410,"J'ai un mauvais pres<SoftHyphen/>sen<SoftHyphen/>ti<SoftHyphen/>ment, comme face à Lambard... Fais attention, elle prépare un sale coup<Indent/>!"
15411,"Infâmes vermines humaines... Je ne vous laisserai pas contrecarrer mes plans<Indent/>!"
15412,"Elle est vexée qu'on ait déjoué sa botte secrète... Elle n'a pas fini d'être déçue<Indent/>!"
15413,"Misérables mortels, votre arrogance vous perdra<Indent/>! Feu des ténèbres, consume ces avortons<Indent/>!"
15414,"C'est le sort qu'a utilisé Lambard<Indent/>? Non... c'est une version bien plus puissante<Indent/>!"
15415,"Argh... Non... Arya..."
15416,"Mourez... Mourez, tous autant que vous êtes<Indent/>!!! Insolents humains... Vous qui m'avez trahie par le passé... Vous allez payer pour vos crimes<Indent/>!"
15417,"C'est bientôt terminé... Arya, tiens bon, on va te sortir de là<Indent/>!"
15418,""
15419,"Ah... Enfin... Enfin libre<Indent/>! Avec ce nouveau corps, plus rien ne pourra m'arrêter<Indent/>! Ces chétifs humains vont regretter de m'avoir trahie<Indent/>!"
15420,"Qu'est-ce que... Fais gaffe, <Split(<Highlight>ObjectParameter(1)</Highlight>, ,1)/>, ces trucs ont l'air dangereux<Indent/>!"
15421,"Avancement de la cérémonie"
15422,""
15500,"Franchir le secteur de stockage"
15501,"Vaincre le magna rouleur magitek"
15502,"Franchir le secteur des tests"
15503,"Vaincre le sujet expérimental Numéro XXIV"
15504,"Franchir le secteur central"
15505,"Remplissage d'éther de glace et de foudre...
Change-Barrière<Indent/>!"
15506,"Remplissage d'éther de feu et de foudre...
Change-Barrière<Indent/>!"
15507,"Remplissage d'éther de feu et de glace...
Change-Barrière<Indent/>!"
15508,"Équilibre élémentaire rompu<Indent/>! Relâchement d'éther...
Trop-plein<Indent/>!"
15509,"Hin hin hin<Indent/>! Imbéciles<Indent/>! C'est un cul-de-sac<Indent/>! Je vais vous écrabouiller comme de la vermine avec mon joli Inferno<Indent/>!"
15510,"Oh, mon petit Inferno, c'est l'heure de ton petit remontant<Indent/>!"
15511,"Si vous croyez vraiment avoir gagné, vous vous trompez<Indent/>! Grâce à vous, j'ai recueilli plein de données utiles<Indent/>!<Indent/>... Nous nous reverrons<Indent/>!"
15512,"Démarrage du système...
Allumage du moteur V8 magitek<Indent/>!"
15513,"Super chargeur en place... Injection de nitro-carburant magitek<Indent/>!"
15514,"Mise en marche du système d'incinération... Ordre à toutes les unités de se retirer<Indent/>!"
15515,"Allez, un petit peu plus de sérum... Vous allez vous amusez, c'est moi qui vous le dis<Indent/>!"
15516,"Bvrrr... Anomalie détectée dans le système moteur... Déplacement impossible... Bvvrrrr...."
15517,"Activation du sujet expérimental Numéro XXIV...
Détection d'intrus<Indent/>! Déclenchement du mode de combat magique<Indent/>!"
15518,"Remplissage d'éther de feu<Indent/>! Activation du chargeur élémentaire<Indent/>!"
15519,"Remplissage d'éther de glace<Indent/>! Activation du chargeur élémentaire<Indent/>!"
15520,"Remplissage d'éther de foudre<Indent/>! Activation du chargeur élémentaire<Indent/>!"
15521,"Restauration du système...
Remplissage d'éther de feu<Indent/>! Activation du chargeur élémentaire<Indent/>!"
15522,"Restauration du système...
Remplissage d'éther de glace<Indent/>! Activation du chargeur élémentaire<Indent/>!"
15523,"Restauration du système...
Remplissage d'éther de foudre<Indent/>! Activation du chargeur élémentaire<Indent/>!"
15524,"Protocole XXIV enclenché<Indent/>! Assaut de feu imminent<Indent/>!"
15525,"Protocole XXIV enclenché<Indent/>! Assaut de glace imminent<Indent/>!"
15526,"Protocole XXIV enclenché<Indent/>! Assaut de foudre imminent<Indent/>!"
15527,"Verrouillage des unités ennemies<Indent/>!
Désactivation immédiate du limiteur<Indent/>! Charge éthérée de feu, puissance maximale<Indent/>!"
15528,"Verrouillage des unités ennemies<Indent/>!
Désactivation immédiate du limiteur<Indent/>! Charge éthérée de glace, puissance maximale<Indent/>!"
15529,"Verrouillage des unités ennemies<Indent/>!
Désactivation immédiate du limiteur<Indent/>! Charge éthérée de foudre, puissance maximale<Indent/>!"
15530,"Erreur système... Trop-plein d'éther de feu<Indent/>!
Perte de contrôle du système de combat<Indent/>! Fonctions de défense hors ligne<Indent/>!"
15531,"Erreur système... Trop-plein d'éther de glace<Indent/>!
Perte de contrôle du système de combat<Indent/>! Fonctions de défense hors ligne<Indent/>!"
15532,"Erreur système... Trop-plein d'éther de foudre<Indent/>!
Perte de contrôle du système de combat<Indent/>! Fonctions de défense hors ligne<Indent/>!"
15533,"Analyse du chargeur élémentaire terminée...
Révision urgente... in<SoftHyphen/>dis<SoftHyphen/>pen<SoftHyphen/>sa<SoftHyphen/>ble..."
15534,""
15535,""
15600,"Vainquez Musosai<Indent/>!"
15601,"Mon katana déchaîne des vents plus impétueux que l'ouragan d'hiver<Indent/>! Ils te mordront la peau<Indent/>! Hissatsu<Indent/>! Tô<Indent/>!"
15602,"De ma lame gelée éclate la pleine floraison<Indent/>! Ouvre grand les yeux<Indent/>! Hissatsu<Indent/>! Kiku<Indent/>!"
15603,"Maîtrisée, la lame fougueuse appelle les rafales hurlantes<Indent/>! Résiste à la tempête<Indent/>! Arashi<Indent/>!"
15604,"Maîtrisée, la lame tranquille se transforme en éventails dansant dans les airs<Indent/>! Admire leur splendeur<Indent/>! Maiôgi<Indent/>!"
15605,"Une lame peut être fougueuse et tranquille à la fois<Indent/>! Arashi<Indent/>! Maiôgi<Indent/>!"
15606,"La tempête disperse les pétales<Indent/>! Hissatsu<Indent/>! Kiku<Indent/>! Arashi<Indent/>!"
15607,"Nous nous affrontons pour la seconde fois, mais ce duel sera différent du précédent."
15608,"Aujourd'hui, le vainqueur ne sera décidé que lorsque son adversaire passera à trépas..."
15609,"En garde<Indent/>!"
15610,"Grrargh..."
15611,"Je... Je ne peux pas laisser la maladie m'emporter..."
15612,"(souffle)... (souffle)... Mon heure n'est pas venue... Je peux encore me battre<Indent/>!"
15613,"Est-ce là ta limite<Indent/>!? Si tu ne triomphes pas de moi, tu mourras<Indent/>!"
15614,"Ourgh..."
15615,"Je te félicite... <Split(<Highlight>ObjectParameter(1)</Highlight>, ,1)/>. Tu as atteint des sommets..."
15616,"Cela me ravit... Ton en<SoftHyphen/>traî<SoftHyphen/>ne<SoftHyphen/>ment touche enfin à sa fin..."
15617,"Montre-moi si tu es capable de résister à ma prochaine attaque<Indent/>!"
15618,"Elle m'a valu le nom que je porte aujourd'hui... Musôjin<Indent/>!"
15619,"Que les multitudes t'emportent<Indent/>!"
15620,"Tu y as survécu<Indent/>! Bravo<Indent/>!"
15621,"Je t'ai enseigné tout ce que je savais... Mes assauts seront désormais implacables. Seule la victoire marquera leur fin<Indent/>!"
15622,"Toi aussi, <Split(<Highlight>ObjectParameter(1)</Highlight>, ,1)/><Indent/>! Révèle l'étendue de ta puissance<Indent/>! Donne-moi tout ce que tu as<Indent/>!"
15623,"Cette technique puise dans l'énergie de ton katana et fait naître des lames de vent autour de ton ennemi<Indent/>!"
15624,"Essaie d'y survivre<Indent/>!"
15625,"<Split(<Highlight>ObjectParameter(1)</Highlight>, ,1)/><Indent/>! Tu y étais presque..."
15700,"Vainquez Zoenwyrn et ses compagnons<Indent/>!"
15701,"Vainquez Dorgono<Indent/>!"
15702,"Montrez-nous de quoi vous êtes capables, guerriers<Indent/>!"
15703,"Ha<Indent/>! Vous allez regretter de nous avoir défiés<Indent/>!"
15704,"Alors<Indent/>? Vous avez compris, maintenant<Indent/>!? Vous êtes pas de taille face aux guerriers<Indent/>!"
15705,"Urgh... C'est pas possible... J'peux pas perdre contre de simples maraudeurs..."
15706,"P-pardonnez-moi... (souffle)... J-je suis à bout de forces... (souffle)..."
15707,"Quelle force<Indent/>!<Indent/>... C-c'est incroyable<Indent/>!"
15708,"GrrrAAaarRrr<Indent/>!"
15709,"Sa rage est en train de la transformer en véritable bête sauvage<Indent/>! Nous devons l'arrêter avant qu'il ne soit trop tard<Indent/>!"
15710,"Ouf<Indent/>! Nous avons réussi à calmer sa fureur..."
15711,"Argh<Indent/>! Elle est beaucoup trop forte pour moi..."
15712,"UwOoaAAhhhRRr<Indent/>!!!"
15713,"Sa rage est si grande qu'elle se propage à travers la terre<Indent/>!"
15714,"GrrRroOOooOAArrr<Indent/>!!!!"
15715,"Sa rage brûle d'un feu inextinguible<Indent/>! Protège-toi<Indent/>!"
15716,""
15717,""
15718,""
15719,""
15720,""
15721,""
15722,""
15723,""
15800,"Vainquez Shiden<Indent/>!"
15801,"Vainquez les samouraïs isolationnistes<Indent/>!"
15802,"Vainquez Shiden<Indent/>!"
15803,"Maître Ugetsu m'a beaucoup appris... y compris une de ses techniques de combat<Indent/>! Mijin-giri<Indent/>!"
15804,"Mon Mijin-giri vous taillera en pièces<Indent/>!"
15805,"Ma lame est si aiguisée que son éclat vous transpercera<Indent/>! Raikô-zuki<Indent/>!"
15806,"J'ai perdu... face à ces traîtres..."
15807,"Que c'est pénible... Je ne pensais pas avoir à vous éliminer moi-même. Mais peu importe, vous mourrez ici ce soir."
15808,"J'avais de l'affection pour toi, Makoto. C'est vraiment dommage que nous en soyons arrivés là."
15809,"Et moi du respect pour le vice-commandant que vous étiez... Shiden..."
15810,"Il n'est pas encore trop tard, Makoto. Rejoins-nous<Indent/>! Maître Ugetsu te montrera la voie<Indent/>!"
15811,"Hors de question<Indent/>! Je m'étais trompée sur vous<Indent/>!"
15812,"Pff<Indent/>! Tu es têtue comme une mule<Indent/>!"
15813,"J'aurais dû t'éliminer plus tôt pour réaliser mes ambitions, comme je l'ai fait avec les autres<Indent/>!"
15814,"L-les autres...<Indent/>? Sale charogne<Indent/>! C'est toi qui as tué nos camarades<Indent/>! Je ne te le pardonnerai jamais<Indent/>!"
15815,"Tu es la honte du Sekiseigumi<Indent/>! Tu vas mourir<Indent/>!"
15816,"Par ici<Indent/>! Par ici<Indent/>!"
15817,"Je reconnais cette voix<Indent/>!"
15818,"Les renforts sont là<Indent/>!"
15819,"Ce sont bien eux<Indent/>! Nos guerriers sont venus à notre aide<Indent/>!"
15820,"Camarades<Indent/>! L'heure est grave<Indent/>! Le vice-commandant a trahi notre cause en s'alliant à Ugetsu<Indent/>!"
15821,"Vous arrivez juste à temps."
15822,"À vos ordres<Indent/>!"
15823,"Comment<Indent/>!? Qu'est-ce que ça signifie...<Indent/>?"
15824,"Comme tu es naïve. Pensais-tu vraiment que j'étais le seul parmi nos guerriers à avoir rejoint Ugetsu<Indent/>?"
15825,"Non... Impossible... Vous tous..<Indent/>?"
15826,"L'assaut que nous avions prévu est tombé à l'eau à cause de ces deux-là."
15827,"<If(PlayerParameter(4))>Elles<Else/>Ils</If> nous barrent la route sur le chemin du renouveau<Indent/>! Éliminez-les<Indent/>! "
15828,"Compris<Indent/>! Pour la justice<Indent/>!"
15829,"Il y avait autant de traîtres parmi nous<Indent/>!?"
15830,"Ouvrez les yeux, vous tous<Indent/>!"
15831,"Sans le bakufu, personne ne sera épargné par la guerre<Indent/>!"
15832,"Pourquoi avez-vous rejoint le Sekiseigumi, si ce n'est pour protéger votre pays<Indent/>!?"
15833,"Vous... Vous êtes égarés sur le chemin de la justice<Indent/>!"
15834,"Bon sang, ils sont trop nombreux<Indent/>!"
15835,"Nous... ne nous en sortirons jamais<Indent/>!"
15836,"Nos guerriers nous auraient tous abandonné<If(PlayerParameter(4))>e<Else/></If>s...<Indent/>?"
15837,"C'est la fin, <Split(<Highlight>ObjectParameter(1)</Highlight>, ,1)/>..."
15838,"Suivez-moi<Indent/>! Par ici<Indent/>!"
15839,"Cette voix...<Indent/>? C'est impossible<Indent/>!!!"
15840,"Désolé de vous avoir fait attendre. Je devais rassembler nos guerriers qui montaient la garde."
15841,"C-commandant<Indent/>!? Vous êtes en vie<Indent/>!?"
15842,"La situation est critique<Indent/>! Le vice-commandant ainsi que nombre des nôtres nous ont trahis<Indent/>!"
15843,"Je ne le sais que trop bien. Il m'a tendu un traquenard à la faveur de la nuit. Ça ne trompe pas."
15844,"I-il a osé s'en prendre à vous, Commandant<Indent/>!?"
15845,"Tss... Quel coriace. Je l'avais donc manqué..."
15846,"Shiden... De nous tous, je ne pensais pas que toi, tu me trahirais..."
15847,"Tu ne peux pas comprendre, Kongo. Tu es trop buté<Indent/>! Ugetsu va sauver Hingashi<Indent/>!"
15848,"Imbécile... Il ne reste donc rien de l'homme si perspicace que j'ai connu. Alors, tu mourras."
15849,"Éliminez ces renégats<Indent/>! Et faites attention<Indent/>!"
15850,"Nous sommes le Sekiseigumi<Indent/>! Nos katana défendent la paix<Indent/>!"
15851,"Je serai ton adversaire. Je tiens à voir ce que tu vaux."
15852,"Je me battrai jusqu'au bout. Si tu me sous-estimes, tu périras<Indent/>!"
15853,"N-non... Moi<Indent/>? Perdre...<Indent/>?"
15854,"Ils ont eu Shiden<Indent/>! Battez en retraite<Indent/>!"
15855,"On ne vous laissera pas vous enfuir, bande de lâches<Indent/>!"
15856,"N'allez pas trop loin<Indent/>! Vous pourriez blesser des civils<Indent/>!"
15857,"<Split(<Highlight>ObjectParameter(1)</Highlight>, ,1)/>, non<Indent/>!<Indent/>... C'est donc la fin..."
15900,"Vainquez Nayaga"
15901,"Au nom des Qerel, je vais tous vous exterminer<Indent/>!"
15902,"Idiots de mécréants... Nhaama me confère son Pouvoir divin<Indent/>; je suis invincible<Indent/>!"
15903,"Nous avons réussi<Indent/>! Nous avons vaincu les Chagan<Indent/>!"
15904,"Vous n'êtes pas de taille face à la toute-puissance de Nhaama<Indent/>!
Repentissez-vous<Indent/>! Mouahahahaha<Indent/>!"
15905,"Ô Mère des nuits crépusculaires, prête-moi tes yeux et ta perception pour voir au-delà des limites<Indent/>!"
15906,"Eh<Indent/>! Mes attaques ont aucun effet sur lui<Indent/>!"
15907,"C'est impossible<Indent/>! Comment peut-il esquiver toutes nos attaques<Indent/>!?"
15908,"Hahaha<Indent/>! Je vois tout, TOUT<Indent/>! Je devine toutes vos intentions à l'avance<Indent/>!"
15909,"Qu'est-ce qu'on fait<Indent/>? On s'replie<Indent/>!?"
15910,"Je vais déchaîner ma bête intérieure au maximum. Peut-être que mes flammes pourront créer une brèche dans sa défense<Indent/>!"
15911,"<Split(<Highlight>ObjectParameter(1)</Highlight>, ,1)/>, occupez-vous de Nayaga<Indent/>! J'ai besoin d'un peu de temps pour concentrer mon énergie<Indent/>!"
15912,"Viens, <If(PlayerParameter(4))>ma<Else/>mon</If> petit<If(PlayerParameter(4))>e<Else/></If><Indent/>! Nhaama va s'abreuver de ton sang<Indent/>!"
15913,"Nayaga est rudement fort. Je crains que ma puissance seule ne soit pas suffisante..."
15914,"J'vais t'aider<Indent/>! Si on unit nos forces, on arrivera cer<SoftHyphen/>tai<SoftHyphen/>ne<SoftHyphen/>ment à le battre<Indent/>!"
15915,"En avant, Gorge<Indent/>! Libère ta rage et fais-la brûler avec la mienne<Indent/>!"
15916,"Le feu d'ma rage brûle plus fort que jamais<Indent/>! S-serait-ce le pouvoir de l'amour<Indent/>!?"
15917,"Oh non<Indent/>! Mes phéromones ont attiré des bêtes sauvages<Indent/>!"
15918,"Ces mammouths en ont après ma peau<Indent/>! Aide-moi, <Split(<Highlight>ObjectParameter(1)</Highlight>, ,1)/><Indent/>!"
15919,"D'autres mammouths arrivent<Indent/>! Et c'te fois y en a un qui attaque Dorgono<Indent/>!"
15920,"Nous y sommes presque<Indent/>! Courage, <Split(<Highlight>ObjectParameter(1)</Highlight>, ,1)/><Indent/>! "
15921,"Ça y est<Indent/>! Dorgono, prépare-toi à recevoir tout mon amour<Indent/>!!"
15922,"Ce n'est pas une pauvre boule de feu qui va m'effrayer<Indent/>!"
15923,"Nos bêtes primitives sont unies<Indent/>! Et maintenant, il ne reste plus qu'à enfoncer le clou<Indent/>!"
15924,"Nayaga<Indent/>! Fais tes prières<Indent/>!!!"
15925,"Aaaaaarrrggghhh<Indent/>!!!"
15926,"C-comment est-ce possible<Indent/>?<Indent/>... Le pouvoir de Nhaama est... indéfectible."
15927,"Nous avons percé ses défenses<Indent/>! Gorge, <Split(<Highlight>ObjectParameter(1)</Highlight>, ,1)/><Indent/>! C'est le moment d'en finir<Indent/>!"
15928,"J'vais lui faire bouffer ma hache, à cet illuminé<Indent/>!"
15929,"Je n'ai pas encore dit mon dernier mot<Indent/>!"
15930,"Avec plaisir, mon amour<Indent/>! GrrrAaaarr<Indent/>!!!"
15931,""
15932,""
15933,""
15934,""
15935,""
15936,""
15937,""
15938,""
15939,""
15940,""
16000,"Vainquez Ugetsu<Indent/>!"
16001,"Mon katana te réduira à l'état de poussière, <If(PlayerParameter(4))>étrangère<Else/>étranger</If>... Mijin-giri<Indent/>!"
16002,"Je ne fais qu'un avec le crépuscule sans lune... Shingetsubaku<Indent/>!"
16003,"Même à la pleine lune, ma pluie de lame te plongera dans l'obscurité totale... Ugetsuzan<Indent/>!"
16004,"Quel que soit le paysage que m'offrent les saisons, neige, lune et fleurs ne m'évoquent qu'une seule chose, l'avenir de mon pays. Midare Setsugekka<Indent/>!"
16005,"Nous nous affrontons dans un duel à mort aujourd'hui, <If(PlayerParameter(4))>ma chère cadette<Else/>mon cher cadet</If>."
16006,"Ta forme me rend nostalgique... J'ai l'impression de revoir mon maître."
16007,"Mal<SoftHyphen/>heu<SoftHyphen/>reu<SoftHyphen/>se<SoftHyphen/>ment pour toi, ce n'est pas avec l'en<SoftHyphen/>traî<SoftHyphen/>ne<SoftHyphen/>ment pitoyable qu'il dispensait que tu auras une chance de me vaincre."
16008,"Mes techniques de combat surpassent celles de Musosai<Indent/>! Fais-en l'expérience<Indent/>!"
16009,"Tu ne courberas donc pas l'échine si rapidement. Tu mérites de m'avoir succédé aux côtés de notre maître."
16010,"Puisqu'il en est ainsi, je ne ferai preuve d'aucune retenue dans mes assauts<Indent/>! Tu devras lutter de toutes tes forces si tu veux survivre<Indent/>!"
16011,"Tu es <If(PlayerParameter(4))>forte<Else/>fort</If>, je l'admets."
16012,"Cependant, je suis investi d'une mission... Offrir à mon pays une paix sans faux-semblant."
16013,"Voilà pourquoi... ni toi ni tes semblables ne me déferez ici<Indent/>!!!"
16014,"Le futur que j'ai imaginé... I-il m'échappe..."
16015,"J-je n'arrive pas à le croire... Maître Ugetsu a été vaincu..."
16016,"La victoire est mienne. Aujourd'hui est l'aube d'un nouveau monde..."
16017,""
16018,""
16019,""
16020,""
16100,"Atteindre l'arsenal A3"
16101,"Vaincre l'arrière-garde magitek"
16102,"Atteindre le terrain de manœuvres"
16103,"Vaincre l'hexadrone magitek"
16104,"Atteindre la salle de l'Hirondelle écarlate"
16105,"J'aurai.. ma... vengeance..."
16106,"Cette fois... Je... vais... GAAAA..."
16107,"Alors... On s'ÉCLATE<Indent/>?"
16108,""
16109,"On va faire... BOUM-BOUM<Indent/>!"
16110,"Cette attaque... VA VOUS SCIER<Indent/>!"
16111,""
16112,""
16113,""
16114,""
16115,""
16200,"Atteindre le Keisen-en"
16201,"Vaincre Zuiko Maru"
16202,"Atteindre le Budokan"
16203,"Vaincre Dôjun Maru"
16204,"Atteindre le théâtre de nô"
16205,"Je suis la lame de la vengeance, Yojimbo. Personne n'ose prononcer mon nom à voix haute."
16206,"Je veux tous les voir mourir sous mes yeux<Indent/>! Tu m'entends<Indent/>?"
16207,"Si vous désirez mes talents, vous devez en payer le prix."
16208,"Viens, Daigoro. Collecte notre dû."
16209,"C-comment<Indent/>!? Tu veux plus d'or<Indent/>!? Mais je t'ai déjà payé une fortune... D'accord, mais débarrasse-moi de ces gêneurs<Indent/>!"
16210,"Plus vite, Daigoro. Je veux tout cet or."
16211,"Retire-toi, Daigoro<Indent/>!"
16212,"Toujours debout<Indent/>? Im<SoftHyphen/>pres<SoftHyphen/>sionnant... Kageyama, si vous désirez leurs têtes, il faut me payer plus."
16213,"T-tu plaisantes<Indent/>!?<Indent/>... Laisse-moi vérifier mes coffres..."
16214,"Vous faites de braves adversaires. Je vais vous faire l'honneur de ne pas retenir mes coups."
16215,"Tiens, voilà plus d'or, comme tu le souhaites<Indent/>! Maintenant, tuez-les une bonne fois pour toutes<Indent/>!"
16216,"Je ne travaille qu'à hauteur du salaire qu'on paie."
16217,"Reviens, Daigoro<Indent/>!"
16218,"Prends tout<Indent/>! Et rapporte-moi leurs têtes<Indent/>!"
16219,"Daigoro, va récupérer ce qui est à nous."
16220,"Qu-quooooi<Indent/>!? Ce n'est pas pour ça que je te paie<Indent/>!"
16221,"Si le prix de leurs vies est au-delà de vos moyens, ce n'est pas mon problème."
16222,"C-c'est inacceptable<Indent/>! J'ai payé pour que tu les tues et c'est ce que tu dois faire<Indent/>!"
16223,"Vous aurez exactement ce pour quoi vous avez payé. Rien de plus."
16224,"Non... Tu dois absolument les tuer<Indent/>!"
16225,"Est-ce là tout ce que vous êtes prêt à me payer<Indent/>? Très bien..."
16226,"Je prends note du paiement. Voyez maintenant ce que votre or vous procure..."
16227,"Vous m'avez bien payé. Je peux faire montre de tout mon talent, désormais<Indent/>!"
16228,"Quelle générosité. Pour une telle somme, je suis même prêt à déchirer les cieux<Indent/>!"
16229,"Admirez le légendaire chef-d'œuvre de mes aïeux, Zanmato<Indent/>!"
16230,"Que ma lame danse une nouvelle fois<Indent/>! Zanmato<Indent/>!"
16300,"Ouvrez-moi vos cœurs..."
16301,"Sentez la caresse de ma main droite... Qu'elle vous révèle la grâce<Indent/>!"
16302,"Main droite de la grâce... Main gauche de la beauté... Touchez ces êtres impurs<Indent/>!"
16303,"Voyez ma lumière purificatrice<Indent/>!"
16304,"Si vous refusez de vous prosterner, alors je vais vous faire venir à moi<Indent/>!"
16305,"Si vous désirez tant me résister, je n'ai d'autre choix que de vous annihiler..."
16306,"Si vous ne suivez pas la voie que je vous montre, je vais placer le doute dans vos âmes..."
16307,"Imprégnez-vous de ma lumière<Indent/>!"
16308,"Recevez ma douce étreinte..."
16309,"Voici le pouvoir de mon amour, de ma vitalité..."
16310,"Admirez mon amour infini<Indent/>!"
16311,"Cet éclat ne vous ressemble pas, souilleurs<Indent/>! Je vais l'absorber..."
16312,"Destructeurs<Indent/>! Souilleurs<Indent/>!"
16313,"Venez à moi, mes rêveuses<Indent/>!"
16314,"Vous avez tué mes rêveuses<Indent/>!? Créatures sacrilèges<Indent/>!"
16315,""
16400,"Vainquez Ompagne<Indent/>!"
16401,"Attaquez-moi, tous autant que vous êtes<Indent/>!"
16402,"Attention, <Split(<Highlight>ObjectParameter(1)</Highlight>, ,1)/><Indent/>! C'est le chevalier noir le plus fort que je connaisse<Indent/>!"
16403,"C'est tout ce dont vous êtes capables<Indent/>?"
16404,"Rielle est attaquée<Indent/>! <Split(<Highlight>ObjectParameter(1)</Highlight>, ,1)/>, occupe-toi des élémentaires<Indent/>!"
16405,"Vous avez déjà sauvé la vie de cette enfant, n'est-ce pas<Indent/>? Saurez-vous le refaire<Indent/>?"
16406,""
16407,"Je me charge d'Ompagne, protège Rielle<Indent/>!"
16408,"La prochaine fois, c'est la mort<Indent/>!"
16409,"Tu es vraiment... sans pitié..."
16410,"Je n'arrive pas à vous soigner assez vite<Indent/>!"
16411,"Vous vous défendez bien... Que dites-vous de ça<Indent/>?"
16412,"Un conseil, ne quitte pas des yeux ceux que tu protèges<Indent/>!"
16413,""
16414,"<Split(<Highlight>ObjectParameter(1)</Highlight>, ,1)/>, Rielle est en danger<Indent/>!"
16415,"Tu as trouvé <If(PlayerParameter(4))>une partenaire<Else/>un partenaire</If> de valeur, Sidurgu. Montrez-moi de quoi vous êtes capables<Indent/>!"
16416,"Ce n'est pas... encore... terminé<Indent/>!"
16417,"Je suis fier de toi, mon disciple. Encaisse un peu ça, pour voir<Indent/>!"
16418,"Aaaaaaaah<Indent/>!"
16419,"Non, Sidurgu... Sidurguuu<Indent/>!"
16420,"Que vas-tu faire, <If(PlayerParameter(4))>héroïne<Else/>héros</If><Indent/>? Un vrai chevalier noir ne peut abandonner ceux qu'il protège<Indent/>!"
16421,"Prépare-toi à être <If(PlayerParameter(4))>engloutie<Else/>englouti</If> dans les ténèbres de mon épée<Indent/>!"
16422,"Il est temps de faire face à ton cruel destin. Ta vie m'appartient<Indent/>!"
16423,"Il est trop fort pour moi..."
16424,"<Split(<Highlight>ObjectParameter(1)</Highlight>, ,1)/>, Sidurgu... Pardonnez-moi..."
16425,"Cette puissance... Tu es bien le digne successeur de Fray."
16426,"Je ne suis plus le même... Je sens... la puissance de l'éther..."
16427,""
16428,""
16429,""
16430,""
16500,"Vainquez les créations de Myste<Indent/>!"
16501,"Frappez Myste avec Dévoreur d'âme<Indent/>!"
16502,"Peut-être que c'est ça, mon véritable visage<Indent/>? Ne vous mettez pas en travers de mon chemin<Indent/>!"
16503,"Personne ne veut de cet idéal insensé<Indent/>!"
16504,""
16505,"D'abord, se débarrasser des gêneurs... Ne t'en fais pas, <Split(<Highlight>ObjectParameter(1)</Highlight>, ,1)/>, ils ne sont rien devant nous<Indent/>!"
16506,"La souffrance des chevaliers noirs est profonde, mais aussi nécessaire."
16507,"Elle est toujours présente, mais c'est aussi elle qui nous guide..."
16508,"Il n'a plus personne pour l'aider... Finissons-en ensemble<Indent/>!"
16509,"Je connais vos sentiments... Pourquoi refuser d'accepter la vérité<Indent/>?"
16510,"La lutte des chevaliers noirs a un sens."
16511,"On peut le faire, <Split(<Highlight>ObjectParameter(1)</Highlight>, ,1)/>... <Emphasis>Tu</Emphasis> peux le faire<Indent/>!"
16512,"Non, je ne vous laisserai pas<Indent/>! Encore... Hein<Indent/>!? Mon pouvoir, il..."
16513,"Comment je peux perdre... contre vous<Indent/>!? Vous êtes si <If(PlayerParameter(4))>seule<Else/>seul</If>..."
16514,"<Split(<Highlight>ObjectParameter(1)</Highlight>, ,1)/><Indent/>! Dévoreur d'âme, sur Myste<Indent/>! Maintenant<Indent/>!"
16515,"Récupère l'énergie éthérée de ton cristal<Indent/>!"
16516,"Me voila rattrapé par mon passé... C'est à toi de jouer, <Split(<Highlight>ObjectParameter(1)</Highlight>, ,1)/>."
16517,"<Split(<Highlight>ObjectParameter(1)</Highlight>, ,1)/>, pardonnez-moi..."
16518,"Je connais les plus profondes ténèbres de votre cœur..."
16519,"Non... NON<Indent/>! Faites entendre raison à <Split(<Highlight>ObjectParameter(1)</Highlight>, ,1)/><Indent/>!"
16520,"Pourquoi refuser le monde que je vous offre...<Indent/>?"
16600,"Poursuivez Lilas<Indent/>!"
16601,"Terrassez la fusion de Lilas et Kuribu<Indent/>!"
16602,"Venez<Indent/>! On doit rattraper Lilas<Indent/>!"
16603,"Qu'est-ce que c'est que ça<Indent/>? On dirait presque qu'elle nous invite à la suivre<Indent/>!"
16604,"Les gardiens d'Amdapor<Indent/>! <Split(<Highlight>ObjectParameter(1)</Highlight>, ,1)/>, Landenel<Indent/>! Débarrassons-nous-en vite fait bien fait<Indent/>!"
16605,"Laissez-nous passer, tas de ferraille<Indent/>! Nous, ce qu'on veut, c'est la fée<Indent/>!"
16606,"Lilas est dans la salle en haut de ces marches, non<Indent/>? Allez<Indent/>! Un dernier petit effort<Indent/>!"
16607,"<Split(<Highlight>ObjectParameter(1)</Highlight>, ,1)/><Indent/>! Landenel et moi, on va monter à l'avant<Indent/>! Reste en arrière pour nous soutenir<Indent/>!"
16608,"Elle... Elle nous attendait sagement sur le pas de la porte<Indent/>?"
16700,"Trouvez le dragon noir<Indent/>!"
16701,"Repoussez Faunehm pour protéger Orn Khai<Indent/>!"
16702,"Affaiblissez Faunehm en attaquant ses ailes<Indent/>!"
16703,"Je sens que nous sommes sur la bonne piste<Indent/>! Allons-y, <Split(<Highlight>ObjectParameter(1)</Highlight>, ,1)/><Indent/>!"
16704,"Regardez<Indent/>! C'est un véritable dragon, cette fois<Indent/>!
C'est <Emphasis>elle</Emphasis>, j'en suis certain<Indent/>!"
16705,"GaaAAaahhh<Indent/>!!!"
16706,""
16707,""
16708,""
16709,""
16710,""
16800,"Affaiblissez Faunehm<Indent/>!"
16801,"Je vais attirer son attention pendant que tu l'attaques<Indent/>!"
16802,"Bon sang, elle est coriace<Indent/>! <Split(<Highlight>ObjectParameter(1)</Highlight>, ,1)/>, remplace-moi le temps que je récupère<Indent/>!"
16803,"Bon, c'est reparti pour un tour<Indent/>! <Split(<Highlight>ObjectParameter(1)</Highlight>, ,1)/>, distrais-la en utilisant Saut insaisissable<Indent/>!"
16804,"Bon travail, camarade<Indent/>! Je prends le relais<Indent/>!"
16805,"Grr<Indent/>! Quelle ténacité<Indent/>! <Split(<Highlight>ObjectParameter(1)</Highlight>, ,1)/>, prends ma place<Indent/>!"
16806,"Pile au bon moment<Indent/>!"
16807,"Voilà donc le pouvoir des Dragons célestes... C'est incroyable<Indent/>!
Vous êtes aussi forts que des vrais dragons<Indent/>!"
16808,"Faunehm, je vous en supplie<Indent/>! Nous ne vous voulons aucun mal<Indent/>!"
16809,"Pas question d'abandonner<Indent/>! Je vais concentrer toute mon énergie dans mon rugissement<Indent/>!"
16810,"Je suis presque prêt<Indent/>! Tenez bon, mes amis<Indent/>!"
16811,"Venez vers moi, <Split(<Highlight>ObjectParameter(1)</Highlight>, ,1)/><Indent/>! Je vais guérir vos blessures<Indent/>!"
16812,""
16813,""
16814,""
16815,""
16816,""
16817,""
16818,""
16819,""
16820,""
16900,"Éther accumulé"
16901,"Admirez le pouvoir d'assujettir même les dieux<Indent/>!"
16902,"Ce ciel est trop étroit pour un être divin... Rejoignez-moi sur un terrain de chasse au-delà du firmament<Indent/>!"
16903,"Ouiiii<Indent/>! Oh, ouiii<Indent/>!<Indent/>... Voilà la bataille que je désirais plus que tout<Indent/>! Elle a l'étoffe des mythologies<Indent/>!"
16904,"Monte sur ma queue et viens à moi, mon ami<If(PlayerParameter(4))>e<Else/></If><Indent/>! Je vais te montrer l'étendue de mon pouvoir<Indent/>!"
16905,"Très bien, si tu es capable de dépasser tes limites, alors moi aussi je vais me surpasser... Ainsi seulement notre combat entrera-t-il dans la mythologie<Indent/>!"
17000,"Ouvrez la grande porte du Faubourg mhigois<Indent/>!"
17001,"Allez au laboratoire impérial<Indent/>!"
17002,"Vainquez Fordola rem Lupus<Indent/>!"
17003,"Suivez-moi<Indent/>! Je vais vous montrer le chemin jusqu'à la grande porte."
17004,"Ne bougez pas<Indent/>! Cachons-nous en attendant que cette patrouille soit passée..."
17005,"C'est bon<Indent/>! La voie est libre<Indent/>!"
17006,"Pas d'ennemis en vue... Dépêchons-nous d'aller à la grande porte avant que des renforts n'arrivent<Indent/>!"
17007,"Mince, il y a un garde<Indent/>! Je m'en occupe<Indent/>! Restez en arrière<Indent/>!"
17008,"Pfiou<Indent/>! J'ai eu de la chance de ne pas m'être fait repérer... Allons-y<Indent/>!"
17009,"Si jamais on est découverts, il faudra faire taire l'ennemi rapidement<Indent/>!"
17010,"Et voilà<Indent/>! Nous y sommes presque... Laissez-moi me charger de la sentinelle<Indent/>!"
17011,"Eh bien, j'aurais préféré avancer plus dis<SoftHyphen/>crè<SoftHyphen/>te<SoftHyphen/>ment, mais nous y sommes presque. Laissez-moi me charger de la sentinelle<Indent/>!"
17012,"Mission réussie<Indent/>!<Indent/>...
Alphinaud<Indent/>?<Indent/>... Oui, c'est nous. Nous allons déverrouiller la grande porte<Indent/>!"
17013,"À l'attaque<Indent/>! Libérez les habitants<Indent/>!"
17014,"Bien, profitons de la confusion pour nous diriger vers l'endroit où Krile est retenue<Indent/>!"
17015,"Je vais vous montrer le chemin jusqu'au laboratoire où elle se trouve<Indent/>!"
17016,"L'armée de libération mhigoise<Indent/>!? Tuez-les<Indent/>! Tuez-les tous<Indent/>!!"
17017,"Pas de pitié<Indent/>! S'ils résistent, abattez-les<Indent/>!"
17018,"Tiens bon, Krile<Indent/>! Nous arrivons<Indent/>!"
17019,"Le laboratoire est par là<Indent/>!"
17020,"Prêts<Indent/>? Une fois à l'intérieur, nous devons sécuriser les lieux et retrouver notre amie<Indent/>!"
17021,"Je devine tous les coups<Indent/>!"
17022,"Le brouilleur d'éther, <Split(<Highlight>ObjectParameter(1)</Highlight>, ,1)/><Indent/>! Maintenant<Indent/>!"
17023,"Aarrrgh<Indent/>! Ma tête... Cette douleur<Indent/>!<Indent/>..."
17024,"Ça marche<Indent/>! Fordola est affaiblie<Indent/>!"
17025,"Personne ne m'arrêtera<Indent/>!<Indent/>..."
17026,"Merde<Indent/>! Elle s'est relevée<Indent/>! Il faut utiliser le brouilleur d'éther encore une fois<Indent/>!"
17027,"Euuuaaarggh<Indent/>!<Indent/>... Vous allez me le payer<Indent/>!<Indent/>..."
17028,"On l'a presque eu<Indent/>! Encore un petit effort<Indent/>!"
17029,"Mince<Indent/>! Des renforts<Indent/>!<Indent/>... Thancred, occupons-nous-en<Indent/>!"
17030,"D'accord, Alphinaud<Indent/>!<Indent/>... <Split(<Highlight>ObjectParameter(1)</Highlight>, ,1)/>, Lyse, concentrez-vous sur Fordola<Indent/>!"
17031,"Hé hé hé<Indent/>! Je ne peux pas perdre<Indent/>! Je me bats pour la liberté de tous<Indent/>!"
17032,"La victoire est à moi<Indent/>!"
17033,"J'ai un tel pouvoir<Indent/>!"
17034,"Elle m'a esquivée<Indent/>! C'était pourtant ma botte secrète..."
17035,"Idiote<Indent/>! Tes attaques pathétiques sont trop prévisibles<Indent/>!"
17036,"Gouaaargh... Non... je ne peux pas... perdre..."
17037,"<Split(<Highlight>ObjectParameter(1)</Highlight>, ,1)/>, le dispositif d'ouverture ne devrait pas être loin<Indent/>! Trouvez-le pendant que nous montons la garde<Indent/>!"
17038,"Des ennemis se sont infiltrés<Indent/>! La commandante est aux prises avec eux<Indent/>! Allons l'aider<Indent/>!"
17039,"Elle va encore utiliser son pouvoir<Indent/>! Vite, le brouilleur d'éther, <Split(<Highlight>ObjectParameter(1)</Highlight>, ,1)/><Indent/>!"
17100,"Que le spectacle commence<Indent/>! Attention, tu risques de ne pas aimer la fin, hé hé..."
17101,"Vous n'êtes pas dignes de la tradition des ninja<Indent/>!"
17102,"Essayez un peu de deviner où je suis<Indent/>!"
17103,"Il n'y a pas qu'en humain que je sais me transformer... Tremblez devant ma puissance<Indent/>!"
17104,"Vous appelez ça du ninjutsu<Indent/>? Contemplez la seule et unique technique véritable<Indent/>!"
17105,"Grrr, c'est qu'ils sont tenaces... Vous ne me laissez pas le choix<Indent/>!"
17106,"Moi, Hanzo 12e du nom... défait par ces insectes..."
17107,"Oups, ce n'est pas ce que j'avais prévu..."
17108,"Venez à bout de Hanzo<Indent/>!"
17109,"Trouvez le véritable Hanzo et vainquez-le<Indent/>!"
17200,"Dansez maintenant... La fête commence<Indent/>!"
17201,"HA HA, HA<Indent/>! Je m'amuse comme un fou<Indent/>!"
17202,"Tempétueux et libre pour toujours<Indent/>!"
17203,"MOUAAAAAAH<Indent/>!"
17204,"Ho ho<Indent/>! Quelle résistance<Indent/>! Bravo<Indent/>!"
17205,"Que se déchaînent les cieux<Indent/>!"
17206,"Allez<Indent/>! Allez<Indent/>! Allez<Indent/>! À mon tour<Indent/>!"
17207,"Que s'agrègent les rocs<Indent/>!"
17208,"Que rugisse l'océan<Indent/>!"
17209,""
17210,""
17300,"Éliminer les soldats impériaux"
17301,"Vaincre le scorpion magitek"
17302,"Éliminer tous les obstacles"
17303,"Vaincre Aulus mal Asina"
17304,"Atteindre la salle du Griffon"
17305,"Début du test expérimental..."
17306,"Je dois publier mes résultats<Indent/>!"
17307,"Extraction de l'âme<Indent/>!"
17308,"Ah<Indent/>!<Indent/>... Expérience réussie<Indent/>!"
17309,"Oh, non<Indent/>! L'âme est revenue<Indent/>!"
17310,"N-non... c'est.. trop injuste..."
17311,"Oh, quelle surprise... Mais c'est tant mieux car je commençais à mourir lit<SoftHyphen/>té<SoftHyphen/>ra<SoftHyphen/>le<SoftHyphen/>ment d'ennui."
17312,"Montrez-moi votre force..."
17313,"Faites-moi plaisir... Mourez<Indent/>!"
17314,"Ma puissance transcende tout..."
17315,"Quelle chasse mémorable..."
17316,"Quelle force... C'est impossible<Indent/>!"
17317,"Im<SoftHyphen/>pres<SoftHyphen/>sionnant<Indent/>! C'est cette force, cette agressivité que j'admire par-dessus tout<Indent/>!"
17400,"Atteignez le Deltastice<Indent/>!"
17401,"Franchissez la deuxième épreuve<Indent/>!"
17402,"Franchissez la troisième épreuve<Indent/>!"
17403,"<Split(<Highlight>ObjectParameter(1)</Highlight>, ,1)/>, à toi l'honneur d'ouvrir les hostilités<Indent/>! Sois <If(PlayerParameter(4))>prudente<Else/>prudent</If><Indent/>!"
17404,"C'est peine perdue... On dirait qu'il est protégé par une barrière spéciale."
17405,""
17406,"Ça, c'est un boulot pour super Wedge<Indent/>! Laissez-moi faire, je vais vous désactiver cette barrière en moins de deux<Indent/>!"
17407,""
17408,"P-Patron, c-c'est moi ou le cube a bougé<Indent/>!?"
17409,"Je vois... Passé un certain temps, le cube se métamorphose en ennemi belliqueux. C'est fascinant..."
17410,"<Split(<Highlight>ObjectParameter(1)</Highlight>, ,1)/>, à l'attaque<Indent/>! Wedge, finis ce que tu es en train de faire<Indent/>! Biggs, protège-le pendant qu'il bidouille<Indent/>!"
17411,"Encore un cube... J'ai comme l'impression qu'il en apparaîtra tant qu'on n'aura pas détruit le vérifiniveau..."
17412,""
17413,""
17414,"Et boum<Indent/>! J'ai inversé l'énergie de la barrière pour court-circuiter le vérifiniveau. Je l'ai fait griller<Indent/>!"
17415,"Beau boulot, Wedge<Indent/>! Il n'y a plus qu'à faire le ménage..."
17416,""
17417,""
17418,"Patron, le deuxième bloc est sur le point de se transformer<Indent/>!"
17419,"On ne va pas s'éterniser ici... Réglons-lui vite son compte et continuons d'avancer<Indent/>!"
17420,"Rebelote... Biggs, Wedge, vous savez ce qu'il vous reste à faire."
17421,"<Split(<Highlight>ObjectParameter(1)</Highlight>, ,1)/>, ça va chauffer... On y va dès que tu es <If(PlayerParameter(4))>prête<Else/>prêt</If>."
17422,"Les cubes commencent à frétiller<Indent/>! Faites attention<Indent/>!"
17423,"Saperlotte, ces cubes ap<SoftHyphen/>pa<SoftHyphen/>rais<SoftHyphen/>sent à un rythme effréné<Indent/>! Wedge, dépêche-toi<Indent/>!"
17424,"Et de deux<Indent/>! J'ai la pêche aujourd'hui<Indent/>!"
17425,"C'est toi le meilleur<Indent/>! Finissons-en avec les ennemis qui restent et allons-y<Indent/>!"
17426,"Mince, il y a deux vérifiniveaux... Biggs, Wedge, occupez-vous d'un chacun. <Split(<Highlight>ObjectParameter(1)</Highlight>, ,1)/> et moi, on vous couvre<Indent/>!"
17427,"Hé, pourquoi je n'ai pas le droit de trifouiller ces joujoux, moi aussi<Indent/>?"
17428,""
17429,""
17430,"Prenez garde, humains. Mon instinct me dit que cette pile de cubes dissimule une féroce créature..."
17431,"Un béhémoth, carrément<Indent/>!? P-pas le choix, il faut lui passer sur le corps<Indent/>!"
17432,"Fidèle à elle-même, Oméga ne fait pas dans la demi-mesure..."
17433,"Et voilà le travail<Indent/>! J'en ai terminé avec mon vérifiniveau<Indent/>!"
17434,"... Et moi de même<Indent/>! Voilà qui devrait mettre fin à la pluie de cubes."
17435,"Bravo les gars<Indent/>! <Split(<Highlight>ObjectParameter(1)</Highlight>, ,1)/>, Nero, encore un petit effort<Indent/>! On en voit le bout<Indent/>!"
17436,"Argh... Je me suis mal débrouillé..."
17437,"Aïe aïe aïe... Désolé, je suis vraiment un piètre combattant..."
17438,"Oh non... Pas pendant mon moment de gloire..."
17439,"Eurgh, on dirait que ma chance insolente a tourné... Ça m'apprendra à être trop confiant..."
17440,"Ça alors, mon avatar n'a pas fait le poids... Vous allez devoir vous passer de mon aide."
17441,""
17442,""
17443,""
17444,""
17445,""
17446,""
17447,""
17448,""
17449,""
17500,""
17501,""
17502,""
17503,""
17504,""
17505,""
17506,""
17507,""
17600,"Blooooooorp<Indent/>! Personne ne résiste à la gravité<Indent/>! Préparez-vous à faire un vol plané<Indent/>!"
17601,""
17602,""
17603,""
17604,""
17605,""
17606,""
17607,""
17700,"Il n'y a pas d'échappatoire... Divertissez-moi jusqu'à en mourir<Indent/>!"
17701,"Il n'y a pas d'échappatoire... Divertissez-moi jusqu'à en mourir<Indent/>!"
17702,"Et si on changeait de plateau de jeu<Indent/>?"
17703,""
17704,"La première manche est terminée. Pour la suivante, un nouveau plateau s'impose<Indent/>!"
17705,"Vous avez survécu à la seconde manche... Votre récompense<Indent/>: un plateau de jeu tout neuf<Indent/>!"
17706,"Toujours debout après trois manches<Indent/>? Intéressant... Tenez, voilà de nouvelles cases rien que pour vous<Indent/>!"
17707,"Bravo, bravo<Indent/>! Je n'ai plus qu'un plateau de jeu en réserve. J'espère qu'il vous plaira<Indent/>!"
17708,"Que diriez-vous d'une pause récréative<Indent/>? Je vous ai préparé un petit jeu qui devrait mettre vos méninges à l'épreuve."
17709,"Je savourerai un bon thé en attendant votre retour. Si vous parvenez à revenir, bien sûr..."
17710,"Une énorme météorite s'abattra bientôt sur ce plateau. Si j'étais vous, je me dépêcherais de trouver la sortie<Indent/>!"
17711,"Faites assez vite et vous aurez même droit à une récompense... Promis<Indent/>!"
17712,"Oh, vous voilà de retour avant que j'aie fini mon thé... Comme promis, voilà votre récompense<Indent/>!"
17713,"Quel dommage, j'ai terminé de boire mon thé avant votre retour... Pas de récompense pour cette fois<Indent/>!"
17714,"Très bien, la pause thé est terminée<Indent/>! Reprenons notre pas<SoftHyphen/>sion<SoftHyphen/>nan<SoftHyphen/>te partie, voulez-vous<Indent/>?"
17715,"Une personne de sang bleu se doit de savoir danser<Indent/>! Appréciez la grâce de mes mouvements<Indent/>!"
17716,"Ce plateau de jeu est ma piste de danse<Indent/>!"
17717,"Ouvrez grand les yeux et observez mes pas<Indent/>!"
17718,"Hmm, et si on pimentait un peu ce plateau de jeu<Indent/>? Prenez garde, les règles sont strictes et toute tricherie sera punie<Indent/>!"
17719,"Dommage... Si vous aviez suivi les motifs des cases, tout aurait été pour le mieux dans le meilleur des mondes<Indent/>!"
17720,"Comment, vous n'arrivez pas à suivre une règle aussi simple<Indent/>? Vous le faites exprès, avouez<Indent/>!"
17721,"Il faut croire que c'était trop facile pour vous... Pour cette brillante prestation, vous avez mérité une récompense<Indent/>!"
17722,"Bien, corsons la difficulté avec un petit jeu de cases à motifs<Indent/>! Je compte sur vous pour me divertir<Indent/>! "
17723,"Ah non, vous devez respecter les motifs du plateau<Indent/>! À moins que vous ne recherchiez la punition<Indent/>?"
17724,"Ah là là... Dès que les choses se corsent, il n'y a plus personne. Moi qui espérais un adversaire à ma hauteur..."
17725,"Eh bien, je suis im<SoftHyphen/>pres<SoftHyphen/>sion<SoftHyphen/>née... Je sais reconnaître la valeur d'un adversaire. Tenez, voilà votre récompense<Indent/>!"
17726,"Cette partie a assez duré comme ça. Vous allez voir de quel bois je me chauffe<Indent/>!"
17727,""
17728,"Observez bien les motifs des cases. Est-ce qu'ils ne vous rappellent pas quelque chose<Indent/>?"
17729,"Le bouclier représente la défense, l'épée l'attaque et la croix le soin... Choisissez votre case. En cas d'erreur... Ce sera la punition<Indent/>!"
17730,""
17731,"Hé hé, je vois que vous avez compris la règle... Belle vivacité d'esprit<Indent/>! Cela mérite récompense<Indent/>!"
17732,"Que dites-vous de ces nouveaux motifs<Indent/>? N'oubliez pas, une sanction vous attend si vous ne vous y conformez pas<Indent/>!"
17733,""
17734,"Ah, vous n'avez pas respecté le motif. Comme c'est vilain... Pour la peine, voilà un châtiment<Indent/>!"
17735,"Magnifique<Indent/>! Une victoire rainette et sans bavure<Indent/>! Tenez, c'est pour vous<Indent/>!"
17736,""
17737,""
17738,"Dites-moi, vous aimez courir<Indent/>? J'espère que oui car vous allez courir pour moi. Oh, oui<Indent/>!"
17739,""
17740,""
17741,""
17742,""
17743,""
17744,""
17745,""
17746,""
17747,""
17800,"Mouah ha, ha, ha... Et maintenant, vous allez périr à l'intérieur du néant<Indent/>!"
17801,"En garde<Indent/>!"
17802,"Le néant confère à mes sorts une puissance inouïe... Vous ne faites pas le poids face au mage obscur que je suis<Indent/>!"
17803,"Le pouvoir du néant transcende les apparences... Admirez ma véritable forme<Indent/>!"
17804,"Je vais vous envoyer dans les profondeurs de l'au-delà<Indent/>!"
17805,"Que le néant vous emporte<Indent/>!"
17806,"Le néant est tout-puissant<Indent/>! Lui seul peut s'opposer à ma suprématie<Indent/>!"
17807,"Mouhaha... Énervez-vous autant que vous le voulez, cela ne vous sera d'aucun secours<Indent/>!"
17808,"Mouah ha, ha, ha... Approchez, venez tâter de ma magie<Indent/>!"
17809,"Je vais vous envoyer dans les profondeurs de l'au-delà<Indent/>!"
17810,"Le pouvoir du néant transcende les apparences... Admirez ma véritable forme<Indent/>!"
17811,"Qu'est-ce que... Non... Le néant... Il m'aspire<Indent/>!?"
17812,"Ç-ça ne se passera pas comme ça<Indent/>!"
17813,"Non<Indent/>! Impossible<Indent/>!"
17814,"La puissance du néant était à ma portée<Indent/>!"
17815,"Comment est-ce... Nooon<Indent/>!"
17816,"Je suis Néo-Exdeath<Indent/>!"
17817,"Souvenirs, dimensions, existence... Tout sera anéanti."
17818,"Et ensuite, je disparaîtrai aussi..."
17819,"... pour toujours<Indent/>!"
17820,"<Split(<Highlight>ObjectParameter(1)</Highlight>, ,1)/>, fais attention, les ca<SoftHyphen/>rac<SoftHyphen/>té<SoftHyphen/>ris<SoftHyphen/>ti<SoftHyphen/>ques du Deltastice sont en train de changer<Indent/>!"
17821,""
17822,""
17823,""
17824,""
17825,""
17826,""
17827,""
17828,""
17829,""
17830,""
17831,""
17900,"Atteindre le domaine de Kelpie"
17901,"Vaincre Kelpie"
17902,"Atteindre la voie scellée"
17903,"Vaincre l'Ancien"
17904,"Atteindre la salle du trésor"
17905,"GROARRR<Indent/>! DES PILLARDS<Indent/>! TUER<Indent/>! TUER<Indent/>! TUER<Indent/>!"
17906,"GRRRRAAA...<Indent/>! VOLEURS<Indent/>!!! MOUREZ<Indent/>! MOUREZ TOUS<Indent/>!!!"
17907,"(GRINCE) (COUINE) SoRt De MéTaMoRpHoSe... *CLIC* ChArGé.
MaUdIrE<Indent/>!!! MaUdIrE<Indent/>!!! MaUdIrE<Indent/>!!!"
17908,"(GRINCE) (COUINE) PuIsSaNcE MaGiQuE... *CLIC* PrOdIgUéE.
AuToDeStRuCtIoN<Indent/>!!! AuToDeStRuCtIoN<Indent/>!!!"
17909,""
17910,""
17911,""
17912,""
17913,""
17914,""
17915,""
17916,""
17917,""
17918,""
17919,""
17920,""
18000,"Atteindre le pont démoli"
18001,"Vaincre Mateus le Corrompu"
18002,"Atteindre la place du palais"
18003,"Vaincre Hashmal le Grand Ordonnateur"
18004,"Atteindre les égouts de Garamsythe"
18005,"Sortir des égouts de Garamsythe"
18006,"Vaincre Rofocale le Roi centaure"
18007,"Atteindre les ruines du temple de Lesalia"
18008,"Vaincre Argath Thadalfus"
18009,""
18010,""
18011,"“Ainsi il vous reste assez de courage pour me défier après avoir croisé mon regard... Soit. Votre sacrifice marquera le début de mon nouveau règne de ténèbres.”"
18012,"“Comment ont-ils fait<Indent/>!? Comment ont-ils transcendé mon pouvoir...<Indent/>!?”"
18013,"“Je suis le Grand Ordonnateur. Je rétablirai les lois de la nature comme il se doit.”"
18014,"“Les... les lois de ce monde rejetteraient mon existence...<Indent/>!?”"
18015,"“Je les entends... Les pas de leur légion résonnent dans ma poitrine<Indent/>! Venez affronter Rofocale, le roi des centaures<Indent/>!”"
18016,"“Un combat admirable... Je ne pourrais... en demander plus...”"
18017,"“Aucune prière ne vous sauvera<Indent/>! Mon épée va mettre un terme à vos existences<Indent/>!”"
18018,"“Comment osez-vous vous opposer à moi, à Dieu<Indent/>!”"
18019,"“Courez, mes chères petites brebis<Indent/>!”"
18020,"“Vos vies sont à moi<Indent/>!”"
18021,"“Dieu n'a que faire de bêtes comme vous<Indent/>!”"
18022,"“Repentez-vous dans la mort<Indent/>!”"
18023,"“Vous n'êtes que du vulgaire bétail<Indent/>! Vos vies ne valent rien<Indent/>!”"
18024,"“Admirez la grâce du vrai Dieu<Indent/>! Suivez les révélations de ce masque<Indent/>!”"
18025,"“Avalez les mensonges du faux Dieu<Indent/>! Suivez les révélations de ce masque<Indent/>!”"
18026,"“Écoutez mes révélations<Indent/>!”"
18027,"“Subissez le châtiment divin<Indent/>!”"
18028,"“Bande de vulgaires cloportes<Indent/>! Désespérez face à votre faiblesse et mourez<Indent/>!”"
18029,"“Goûtez à la puissance du néant, aux ténèbres ultimes<Indent/>!”"
18030,"“Ô pierre sacrée<Indent/>! Sonne l'appel et rallie mes soldats<Indent/>!”"
18031,"“Mon char arpente le ciel aussi aisément que les plaines<Indent/>! Envole-toi<Indent/>!”"
18032,"“Admirez l'éclat de mon auralithe et tremblez devant sa puissance<Indent/>!”"
18033,"“Ha ha ha<Indent/>! Votre ténacité m'impressionne<Indent/>! Très bien, nous nous battrons donc comme des lions jusqu'à nous noyer dans la mare de nos sangs mêlés<Indent/>!”"
18034,"“Maudissez votre destin, c'est lui qui vous a placés sur ma route<Indent/>! Ô corps célestes<Indent/>! Anéantissez mes ennemis<Indent/>!”"
18035,"“Ô lames pourfendeuses des démons de l'enfer<Indent/>! Faites entendre votre hurlement<Indent/>!”"
18036,"“Les noirceurs éternelles assombriront toute lueur d'espoir<Indent/>!”"
18037,"“De l'obscurité, mes doubles naissent<Indent/>!”"
18038,"“Tour qui contrôle tous les êtres de la création<Indent/>! Dresse-toi<Indent/>!”"
18039,"“Je plierai chaque être vivant sur cette terre aux lois de la nature, vous y compris<Indent/>!”"
18040,"“Vous vous obstinez à désobéir<Indent/>!?”"
18041,"“Ô terre mère, déchaîne ta colère et ensevelis ceux qui bafouent les lois naturelles<Indent/>!”"
18042,"“Vous avez survécu, mais vous ne faites que retarder l'inévitable<Indent/>!”"
18043,"“Hors de ma vue, insoumis<Indent/>!”"
18044,"“Même les lois qui régissent la vie et la mort sont sous mon emprise<Indent/>! Sables<Indent/>! Liez ces pierres et venez vous battre à mes côtés<Indent/>!”"
18045,"“Ma lame enflammée va vous réduire en cendres<Indent/>!”"
18046,"“Ô flots qui sommeillent au plus profond de la terre<Indent/>! Jaillissez et venez à moi<Indent/>!”"
18047,"“Déesse des glaces, mon bouclier vivant<Indent/>! Je te libère de tes chaînes<Indent/>! Exécute ta danse macabre et anéantis mes ennemis<Indent/>!”"
18048,"“Reviens à moi, déesse des glaces<Indent/>! Renoue tes chaînes et protège-moi<Indent/>!”"
18049,"“Mon bouclier vivant<Indent/>! Bloque les lames funestes de mes ennemis<Indent/>!”"
18050,"“Ô flots<Indent/>! Gelez et accordez-moi encore plus de puissance<Indent/>!”"
18051,"“Ô flots<Indent/>! Mêlez-vous de poison et rongez la chair de mes ennemis<Indent/>!”"
18052,"“Vous continuez de résister<Indent/>!? Sales cancrelats<Indent/>!”"
18053,"“Assez joué<Indent/>! Subissez la toute-puissance de ma magie<Indent/>!”"
18054,"“Vous avez survécu à ce gel<Indent/>!?”"
18055,"“Le froid va balayer cette cité de son silence écrasant<Indent/>!”"
18056,"Voilà ce qu'il reste de la capitale de l'ancien royaume de Dalmasca... Nous devons nous rendre en son cœur, suivez-moi<Indent/>!"
18057,"Qu'est-ce que...<Indent/>! Un troupeau de chocobos rouges<Indent/>!"
18058,"Sur le pont, regardez<Indent/>! L'onde de froid venant de cette créature grotesque ne me dit rien qui vaille, soyez prudents<Indent/>!"
18059,"Mais quel était ce monstre...<Indent/>? Quoi qu'il en soit, bravo. Je comprends mieux pourquoi maître Cid vous a recommandé<If(PlayerParameter(4))>e<Else/></If> pour cette expédition."
18060,"Des bandits seeqs... Ces vautours sont venus piller les restes maintenant que la ville a été désertée<Indent/>!"
18061,"L'Empire a réprimé la révolte bien plus brutalement que je ne l'imaginais en survolant les lieux. À moins... À moins que le monstre de tout à l'heure y soit pour quelque chose<Indent/>?"
18062,"Des pillards à tous les coins de rue... Ils n'ont pas froid aux yeux avec les dangereuses créatures qui rôdent ici."
18063,"Une autre de ces saletés<Indent/>!? Que s'est-il passé pour que Rabanastre en soit envahie<Indent/>!?"
18064,"Ouf... Nous en sommes venus à bout. Nous sommes presque au passage qui nous mènera dans les entrailles de la cité, mais restons prudents."
18065,"Ces égouts n'ont cessé d'être agrandis et améliorés au fil des siècles. On dit que leurs bassins peuvent atteindre des profondeurs abyssales..."
18066,"Une chose est sûre, ce ne sont pas de simples démons ou créatures du néant. Les mystères qui résident dans cette grotte sont décidément bien gardés."
18067,"Je ne serais pro<SoftHyphen/>ba<SoftHyphen/>ble<SoftHyphen/>ment pas arrivé jusqu'ici sans vous. Restons sur nos gardes, nous arrivons au plus profond de la cité..."
18068,"Rendez-vous compte de la magnificence de ces vestiges<Indent/>! Aucun doute, c'est bien la cité royale de Lesalia<Indent/>!"
18069,"Que...<Indent/>!? Vous avez senti, vous aussi<Indent/>!? Un frisson vient de parcourir mon corps<Indent/>! Prenez garde<Indent/>!"
18070,""
18071,"“Glaces<Indent/>! Laissez votre marque brûlante sur mes offrandes<Indent/>!”"
18072,"“Levez-vous, mes ombres<Indent/>! Et pourfendez mes ennemis<Indent/>!”"
18073,"“Ne confondez pas votre survie avec de l'espoir<Indent/>! L'auralithe renferme bien plus de pouvoirs, et je vais vous y faire goûter<Indent/>!”"
18074,"“J'arpente la voie des ténèbres... et jamais je ne m'en écarterai<Indent/>!”"
18075,"“La pointe de ma lance est dirigée vers vous. Qu'allez-vous faire, maintenant<Indent/>!?”"
18076,"“Vous avez balayé mes ténèbres<Indent/>!? Petits impertinents<Indent/>!”"
18077,"“Noyez-vous dans les ténèbres<Indent/>!”"
18078,"“Terre<Indent/>! Fais prisonniers de ton étreinte ces impudents<Indent/>!”"
18079,""
18080,""
18100,"Ô Bahamut<Indent/>! Grâce à ton pouvoir, je vais occuper ces mortels et te permettre d'accomplir ton œuvre divine<Indent/>!"
18101,"Je vais consumer ma vie et sceller ces vulgaires moucherons qui désirent empêcher l'œuvre divine du grand Bahamut<Indent/>!"
18102,"10 secondes avant TéraBrasier"
18103,"5 secondes avant TéraBrasier"
18104,"4 secondes avant TéraBrasier"
18105,"3 secondes"
18106,"2 secondes"
18107,"1 seconde"
18108,""
18109,""
18200,""
18201,""
18202,""
18203,""
18204,""
18205,""
18300,"Détruisez les sphères éthérées avec Déflexion<Indent/>!"
18301,"Vainquez Lakshmi<Indent/>!"
18302,"Représentants des peuples de Gyr Abania... Acceptez mon amour et obéissez-moi<Indent/>!<Indent/>..."
18303,"Elle veut subjuguer les par<SoftHyphen/>ti<SoftHyphen/>ci<SoftHyphen/>pants de la réunion<Indent/>! <Split(<Highlight>ObjectParameter(1)</Highlight>, ,1)/>, nous devons les protéger coûte que coûte<Indent/>!"
18304,"Mince... Ils sont vraiment très nombreux<Indent/>!<Indent/>..."
18305,"Courage<Indent/>! Nous devons tenir nos ennemis pendant que nos camarades affrontent la Primordiale<Indent/>!"
18306,"Pourquoi refusez-vous de baigner dans ma lumière<Indent/>?<Indent/>..."
18307,"C'est justement grâce à nos souffrances que nous avons trouvé le courage de libérer Ala Mhigo<Indent/>!"
18308,"Toute résistance est vaine... Baignez dans la clarté de ma lumière purificatrice<Indent/>!<Indent/>..."
18309,"Je... Je ne baisserai pas les bras aussi facilement<Indent/>!"
18310,"Voyez ma lumière purificatrice<Indent/>!"
18311,"Ouah<Indent/>! Il y en a trop<Indent/>!<Indent/>... On ne va jamais y arriver<Indent/>!<Indent/>..."
18312,"Pourquoi refuser ma bénédiction<Indent/>?<Indent/>... Je vais conduire ceux qui me résistent vers la mort<Indent/>!<Indent/>..."
18313,"Merde... Si c'est à cause de moi que tu existes, alors c'est pour moi que tu vas disparaître<Indent/>!"
18314,"Maintenant<Indent/>! À l'attaque<Indent/>! Nous allons briser leurs rangs<Indent/>!"
18315,"N'espérez pas pouvoir m'échapper, mortels<Indent/>!<Indent/>... Je vais faire de vous mes esclaves<Indent/>!<Indent/>..."
18316,"Nous allons retenir Lakshmi<Indent/>!<Indent/>... Profitez-en tous pour vous enfuir<Indent/>!"
18317,"Je reste, moi aussi<Indent/>! J'ai bien l'intention de combattre<Indent/>!"
18318,"Tu as raison, Lyse<Indent/>! C'est notre patrie<Indent/>! À nous de la défendre... quitte même à y laisser la vie<Indent/>!<Indent/>... Alphinaud<Indent/>!"
18319,"Très bien, Général<Indent/>!<Indent/>... Si Lyse et vous restez, je vais m'occuper de guider les re<SoftHyphen/>pré<SoftHyphen/>sen<SoftHyphen/>tants en lieu sûr<Indent/>!"
18320,"Approchez-vous<Indent/>!<Indent/>... Je vais vous défendre<Indent/>!"
18321,"Qu'est-ce que vous faites encore ici, vous deux<Indent/>!?<Indent/>... Vous ne pouvez rien contre cette Primordiale<Indent/>!"
18322,"Peut-être... mais à trois, vous n'arriverez jamais à bout de Lakshmi<Indent/>! Et puis, c'est moi qui t'ai dit que le temps était venu de prendre une décision<Indent/>!"
18323,"Mortels imbéciles<Indent/>!<Indent/>... Je vais vous libérer de vos souffrances et de vos illusions<Indent/>!<Indent/>..."
18324,"J-je... je ne peux plus bouger<Indent/>! Oh, non<Indent/>! Elle veut subjuguer Lyse et Raubahn<Indent/>!<Indent/>..."
18325,"Laissez-moi cueillir vos âmes<Indent/>..."
18326,"Attention<Indent/>! Elle prépare quelque chose de grand<Indent/>!<Indent/>... Venez près de moi, vite<Indent/>!!"
18327,"Merci, Fordola<Indent/>!<Indent/>... Mais dis-moi, tu n'as rien<Indent/>?<Indent/>..."
18328,"(souffle)... (souffle)... Gaspille pas ta salive, idiot<Indent/>! Et bats-toi<Indent/>!<Indent/>..."
18329,"Quelle puissance<Indent/>!<Indent/>... Mais je suis sûre que nous pouvons la vaincre... tous ensemble<Indent/>!"
18330,"Pourquoi essayez-vous tant de me résister<Indent/>!?<Indent/>... Pourquoi refuser l'extase<Indent/>?<Indent/>..."
18331,"Nous y sommes... presque... Tenons bon<Indent/>!"
18332,"Je vais libérer... tout mon... pouvoir<Indent/>!<Indent/>..."
18333,"Elle perd le contrôle de son éther<Indent/>!<Indent/>... Je m'occupe de vous protéger<Indent/>!<Indent/>... Finissez-la<Indent/>!!"
18334,"Dépêchez-vous<Indent/>!<Indent/>... Je ne tiendrai pas... éter<SoftHyphen/>nel<SoftHyphen/>le<SoftHyphen/>ment<Indent/>!"
18335,"(souffle)... Urrgh... Je... je suis à bout de force<Indent/>!<Indent/>... Vite<Indent/>!<Indent/>..."
18336,"Aaarrrgh... Désolée..."
18337,"Merci, <Split(<Highlight>ObjectParameter(1)</Highlight>, ,1)/><Indent/>! Je te revaudrai ça, tu as ma parole<Indent/>!"
18338,"Maudits humains<Indent/>!<Indent/>... Allez-vous donc... me résister... éter<SoftHyphen/>nel<SoftHyphen/>le<SoftHyphen/>ment<Indent/>!?<Indent/>..."
18339,"Vite<Indent/>! Il faut partir maintenant, pendant que la Primordiale... Lyse<Indent/>!?<Indent/>..."
18340,"Merde... Nous avons échoué..."
18341,"Tiens bon, Fordola<Indent/>!<Indent/>... Je vais lui porter le coup de grâce<Indent/>! Yaaaah<Indent/>!"
18400,"Atteindre la Porte des Oni"
18401,"Franchir la Porte des Oni"
18402,"Atteindre le Chaudron des enfers"
18403,"Franchir le Chaudron des enfers"
18404,"Atteindre la Vénérable Carapace"
18405,"Bien, c'est à mon tour de jauger votre force."
18406,"Ho ho ho. Vous vous débrouillez plutôt bien. Mais serez-vous capable d'abattre ce mur<Indent/>?"
18407,"Voyons ce que vous pouvez faire contre le pouvoir de l'eau. Tâchez de ne pas vous noyer<Indent/>!"
18408,"Que l'eau vous pousse, vous emporte et vous désoriente<Indent/>!"
18409,"Hé hé<Indent/>! Essayez donc de me retrouver<Indent/>!"
18410,"Temps de passer aux choses sérieuses<Indent/>!"
18411,"GRRRRROOOOOOOOMMM<Indent/>!"
18412,""
18413,""
18414,""
18415,""
18416,""
18417,""
18418,""
18419,""
18500,"Atteindre la salle de distorsion de la réalité"
18501,"Vaincre le drone mère"
18502,"Atteindre le secteur d'exposition VIII"
18503,"Vaincre l'Ultima-guerrier"
18504,"Atteindre la salle d'ex<SoftHyphen/>pé<SoftHyphen/>ri<SoftHyphen/>men<SoftHyphen/>ta<SoftHyphen/>tion"
18505,"Détection d'éléments hostiles et armés... Activation du système de défense..."
18506,"Déploiement des drones de résistance... Charge éléctro-chimique en cours..."
18507,"Constatation de dégâts de forte amplitude... Envoi du rapport au centre de réparation..."
18508,"Bip... Bip bip... <If(LessThan(PlayerParameter(11),12))><If(LessThan(PlayerParameter(11),4))>Bonsoir<Else/>Bonjour</If><Else/><If(LessThan(PlayerParameter(11),17))>Bonjour<Else/>Bonsoir</If></If>, ici votre système de guidage vocal préféré<Indent/>!♪ Faites place au prototype d'arme ultime IV, l'Ultima-guerrier<Indent/>!♪"
18509,"Ce modèle ex<SoftHyphen/>cep<SoftHyphen/>tion<SoftHyphen/>nel est basé sur les non moins ex<SoftHyphen/>cep<SoftHyphen/>tion<SoftHyphen/>nelles divinités guerrières<Indent/>!♪ Nous espérons que son imitation de Sephirot sera à votre goût<Indent/>!♪"
18510,"Quoi de mieux pour dominer les divinités guerrières que de retourner leur puissance contre elles<Indent/>?♪ Regardez comme l'imitation de Sophia y parvient à merveille<Indent/>!♪"
18511,"La restitution des techniques de Zurvan est remarquable, n'est-ce pas<Indent/>?♪ Les chercheurs du laboratoire ont bien mérité leur brevet de quarante-deux articles<Indent/>!♪ Bvvrrrr..."
18512,"Avis à tous les jeunes Allagois bien portants<Indent/>!♪ Essayez de deviner la prochaine incarnation de l'Ultima-guerrier et vous obtiendrez une très belle récompense<Indent/>!♪"
18513,"Bip... Bip bip... Mise en veille du système de guidage vocal... Évacuation immédiate du prototype..."
18514,"Bip... Bip bip... <If(LessThan(PlayerParameter(11),12))><If(LessThan(PlayerParameter(11),4))>Rebonsoir<Else/>Rebonjour</If><Else/><If(LessThan(PlayerParameter(11),17))>Rebonjour<Else/>Rebonsoir</If></If>, c'est encore votre système de guidage vocal préféré<Indent/>!♪ Voici enfin le clou du spectacle<Indent/>: le prototype d'arme ultime VI, l'Ultima-monstre<Indent/>!♪"
18515,"Avec ce modèle, la technologie de production des créatures chimériques a atteint son point culminant<Indent/>!♪ Admirez cette férocité sans commune mesure<Indent/>!♪"
18516,"En outre, l'Ultima-monstre est compatible avec les produits de dopage dernier cri<Indent/>!♪ Une fois ceux-ci administrés, c'est la mort assurée<Indent/>!♪ Bvvrrrr..."
18517,""
18518,""
18519,""
18520,""
18600,"Grrraaaah<Indent/>!<Indent/>... Trop tard pour les regrets<Indent/>!"
18601,"Entre mes griffes<Indent/>!"
18602,"Encore un coup<Indent/>!"
18603,"Retournez à la poussière<Indent/>!"
18604,"Que la foudre vous frappe<Indent/>!"
18605,"Que la tempête vous balaie<Indent/>!"
18606,"Ma colère devient double<Indent/>!"
18607,"Tremblez devant mon pouvoir<Indent/>!"
18608,"Admirez ma colère<Indent/>!"
18609,"Essayez donc de fuir ma fureur<Indent/>!"
18610,"Fini de jouer<Indent/>!"
18611,"Im<SoftHyphen/>pres<SoftHyphen/>sionnant. Passons aux choses sérieuses<Indent/>!"
18612,"Gronde<Indent/>! Hurle<Indent/>! Rugis<Indent/>!"
18613,"Quelle force<Indent/>!<Indent/>... C'est incroyable<Indent/>!"
18614,""
18615,""
18700,"Franchir la première épreuve"
18701,"Franchir la deuxième épreuve"
18702,"Jusqu'à ce que le Mog nous sépare"
18703,"Le tandem des cœurs"
18704,"Bienvenue à votre Cérémonie de la Valention, kupo<Indent/>!"
18705,"Vous allez maintenant prendre part à deux épreuves, au cours desquelles nous mesurerons votre compatibilité amoureuse, kupo<Indent/>!"
18706,"Voici la première épreuve, “Jusqu'à ce que le Mog nous sépare”<Indent/>! Les règles sont simples<Indent/>: terminez le parcours le plus rapidement possible, kupo<Indent/>!"
18707,"Mais attention, kupo<Indent/>! Ce ne sera pas si simple, car votre jauge d'affinité se videra petit à petit, si vous vous éloignez trop<Indent/>! Comme on dit<Indent/>: loin des yeux loin du cœur<Indent/>!"
18708,"Je vais faire apparaître des cartes devant vous, kupo. Vous devrez à chaque fois trouver une paire parmi celles-ci<Indent/>!"
18709,"Une fois deux cartes identiques trouvées, elles disparaîtront. Trompez-vous, et votre score en pâtira<Indent/>!"
18710,"Prêt<Indent/>? Partez, kupo<Indent/>!!!"
18711,"Bien, commençons, kupo<Indent/>!"
18712,"Bravo, kupo<Indent/>!"
18713,"Cela marque la fin de la deuxième épreuve. Merci pour votre par<SoftHyphen/>ti<SoftHyphen/>ci<SoftHyphen/>pa<SoftHyphen/>tion, j'ai pu juger par moi-même de la force du lien qui vous unit, kupo<Indent/>!"
18714,"Voici maintenant le moment que vous avez tant attendu, l'annonce de votre compatibilité amoureuse<Indent/>!"
18715,"Alors, alors<Indent/>!? Pensez-vous que votre lien tient plus du brin de paille ou du fil d'acier, kupo<Indent/>!?"
18716,"Aïe aïe aïe... Je rigolais en parlant de paille, mais là... Je m'en veux un peu, kupo."
18717,"Eh bien<Indent/>? Voilà qui n'est pas si mal, kupo<Indent/>! Vous pouvez vous réjouir<Indent/>!"
18718,"Quelle paire vous faites<Indent/>! C'est im<SoftHyphen/>pres<SoftHyphen/>sion<SoftHyphen/>nant, je ne vois pas passer si souvent des couples aussi fusionnels, kupo<Indent/>!"
18719,"C'est... C'est si beau<Indent/>! C'est ça le miracle de l'amour, kupo<Indent/>! Les Douze avaient de toute évidence prédestiné votre rencontre<Indent/>!"
18720,"En avant, kupo<Indent/>!"
18721,""
18722,""
18723,"Enfin, bravo... C'était un bel effort, mais de là à dire que vous êtes en phase, il y a un gouffre, kupo..."
18724,"Ça ne s'est pas fait sans mal, mais rassurez-vous, franchir ensemble la ligne d'arrivée avec autant d'affinité est déjà de très bon augure, kupo<Indent/>!"
18725,"Quel magnifique parcours, kupo<Indent/>! On sent ces atomes crochus qui vous lient étroitement ensemble, c'est comme si vous ne faisiez qu'un<Indent/>!"
18726,"Ma gentillesse n'ayant d'égal que le duveteux de mon pelage, je vais vous donner un petit coup de pouce avant de commencer, kupo."
18727,"Bien, en avant pour la deuxième épreuve, kupo<Indent/>!"
18728,"Je vous révèle <If(Equal(IntegerParameter(1),1))>une carte<Else/><Switch(IntegerParameter(1))><Case(1)>une</Case><Case(2)>deux</Case><Case(3)>trois</Case><Case(4)>quatre</Case><Case(5)>cinq</Case><Case(6)>six</Case></Switch> cartes</If>, kupo<Indent/>!"
18729,"Je pensais vous révéler <If(Equal(IntegerParameter(1),1))>une carte<Else/><Switch(IntegerParameter(1))><Case(1)>une</Case><Case(2)>deux</Case><Case(3)>trois</Case><Case(4)>quatre</Case><Case(5)>cinq</Case><Case(6)>six</Case></Switch> cartes</If>, mais comme vous n'avez pas abandonné au cours de la première épreuve malgré vos difficultés, en voilà <Switch(IntegerParameter(2))><Case(1)>une</Case><Case(2)>deux</Case><Case(3)>trois</Case><Case(4)>quatre</Case><Case(5)>cinq</Case><Case(6)>six</Case></Switch>, kupo<Indent/>!"
18730,"Entre nous, je ne révèle d'ordinaire <If(Equal(IntegerParameter(1),1))>qu'une carte<Else/>que <Switch(IntegerParameter(1))><Case(1)>une</Case><Case(2)>deux</Case><Case(3)>trois</Case><Case(4)>quatre</Case><Case(5)>cinq</Case><Case(6)>six</Case></Switch> cartes</If>, mais vous vous êtes si bien débrouillé sur la première épreuve que j'ai décidé de vous en montrer <Switch(IntegerParameter(2))><Case(1)>une</Case><Case(2)>deux</Case><Case(3)>trois</Case><Case(4)>quatre</Case><Case(5)>cinq</Case><Case(6)>six</Case></Switch><Indent/>!"
18731,"C'est bon, kupo<Indent/>? Vous avez leurs emplacements et leurs valeurs bien en tête<Indent/>?"
18732,"Et voici la première carte, kupo<Indent/>!"
18733,"Bravo<Indent/>! Passons à la carte suivante, kupo<Indent/>!"
18734,""
18735,"Vous... Vous n'avez pas fait une seule erreur, kupo<Indent/>!? Je vous tire mon pompon<Indent/>! Quel tour de force<Indent/>!"
18736,"Dommage. C'est à la fois votre mémoire, votre chance, et la connexion qui existe entre vous qui sont testées, kupo. Concentrez-vous un peu plus<Indent/>!"
18737,""
18738,"Bravo<Indent/>! C'était la dernière paire, kupo<Indent/>!"
18739,"Ainsi s'achève votre Cérémonie de la Valention. J'espère qu'elle vous a plu, kupo. Et n'hésitez pas à revenir, votre compatibilité amoureuse aura peut-être évolué d'ici là<Indent/>!"
18740,""
18741,""
18742,""
18743,""
18744,""
18745,""
18746,""
18747,""
18748,""
18749,""
18750,""
18800,"Démarrage du système de contrôle...
Activation du programme initial...
Gardien, au combat<Indent/>!"
18801,"Activation du programme Dadaluma<Indent/>!"
18802,"Activation du programme Orthros<Indent/>!"
18803,"Activation du programme force aérienne<Indent/>!"
18804,"Activation du programme bibliotaphe<Indent/>!"
18805,"Activation du programme virus<Indent/>!"
18806,"Démarrage du système de contrôle aérien...
Activation du programme d'attaque sol-air...
Verrouillage de sécurité désactivé<Indent/>!"
18807,"Acquisition de la cible pour le canon principal...
Prêt à faire feu<Indent/>!"
18808,"Activation du programme d'élimination...<Indent/>!"
18809,""
18810,""
18811,""
18812,""
18813,""
18814,""
18815,""
18816,""
18817,""
18818,""
18819,""
18820,""
18900,"Héhéhé... La fille du tableau m'appartient. Je ne vous laisserai pas l'avoir<Indent/>!"
18901,"N'attaque pas le portrait de la déesse<Indent/>! Ça ne ferait qu'aggraver la situation<Indent/>!"
18902,"Tu es <If(PlayerParameter(4))>sourde<Else/>sourd</If>, ou quoi<Indent/>!? Je t'ai dit de ne pas attaquer le portrait de la déesse<Indent/>!"
18903,"Il y a longtemps que je n'ai pas trouvé de peinture aussi délicieuse<Indent/>! Vous oseriez m'empêcher de l'apprécier<Indent/>?"
18904,"Je vis à travers les peintures, j'en tire toute ma force<Indent/>! En possédant celle-ci, je vais vous écraser<Indent/>!"
18905,"La peinture du feu... Je ferai miennes ses flammes farouches pour vous réduire en cendres<Indent/>!"
18906,"Grâce à la peinture de l'eau, je vais vous engloutir dans un gigantesque raz-de-marée<Indent/>!"
18907,"Tremblez, car les violentes rafales de la peinture du vent vont vous emporter<Indent/>!"
18908,"Inutile de fuir<Indent/>! Personne ne peut échapper aux terribles séismes de la peinture de la terre<Indent/>!"
18909,"L'artiste s'approprie la réalité pour la reproduire comme bon lui semble sur sa toile... Que diriez-vous d'affronter cette réalité<Indent/>?"
18910,"Ô, esprits égarés... Repaissez-vous des âmes de ces stupides mortels<Indent/>!"
18911,"Toute résistance est inutile... Embrassez votre destinée et abandonnez-vous à la mort<Indent/>!"
18912,"Déesse, je vous ai failli..."
18913,""
18914,""
18915,""
18916,""
18917,""
18918,""
18919,""
18920,""
19000,"Je détruirai le monde entier<Indent/>! Plus personne ne pourra rêver<Indent/>!"
19001,"Alors, vous pensez pouvoir gagner contre moi<Indent/>? Ouh, ça me rend tout chose<Indent/>!"
19002,"Oh, vous lisez mes attaques<Indent/>? Qu'est-ce que vous dites de ça<Indent/>?"
19003,"Attention, ce dégénéré est en train de préparer quelque chose<Indent/>!"
19004,"Prêts à mourir<Indent/>? Prosternez-vous donc devant la ruine divine<Indent/>!"
19005,"Que tout soit emporté<Indent/>! Ha ha ha ha ha<Indent/>!"
19006,"Ne croyez pas que vous avez gagné<Indent/>! On commence tout juste à s'amuser, hi hi hi hi hi<Indent/>!"
19007,"Vous serez bientôt cuits... à moitié<Indent/>!"
19008,"Attention, ça fait bobo<Indent/>!"
19009,"Dansez, dansez<Indent/>! Ouuuh<Indent/>!"
19010,"Encore vivants<Indent/>!? Je n'arrive pas à y croiiire<Indent/>! Heu<SoftHyphen/>reu<SoftHyphen/>se<SoftHyphen/>ment que je ne suis jamais à court d'idées, ha ha ha ha ha<Indent/>!"
19011,"Regardez, regardez... Non, ne regardez pas<Indent/>! Hi hi hi hi hi, je ne peux pas m'arrêter de rire<Indent/>!"
19012,"Vous allez le regretter... Subissez donc la lumière du Jugement<Indent/>!"
19013,"À moi... pouvoir magique<Indent/>!"
19014,"Ha ha ha ha ha<Indent/>! Pleine puissance<Indent/>!"
19015,"Aaaah, ça fait un bien fou<Indent/>!"
19016,"La vie... Les rêves... L'espoir... D'où viennent-ils<Indent/>? Quel but servent-ils<Indent/>?"
19017,"Laissez-moi tout détruire<Indent/>!"
19018,"Après le chaos, que se passe-t-il...<Indent/>? Est-ce la fin<Indent/>?"
19019,"C'en est fini de vous<Indent/>! Vous n'auriez pas dû me désobéir, ha ha ha ha ha<Indent/>!"
19020,"Détruire... Détruire... Détruire... Tout doit être détruit, TOUT<Indent/>!"
19100,"D'après mes analyses, cette puissante lumière aurait des vertus purificatrices."
19101,"Attention à ces fantômes<Indent/>! Je crois qu'une petite purification leur ferait le plus grand bien..."
19102,""
19200,"Atteindre la salle des Alignements"
19201,"Franchir la salle des Alignements"
19202,"Atteindre la Porte de Dairyu"
19203,"Franchir la Porte de Dairyu"
19204,"Atteindre le Sanctuaire de Jade"
19205,"Je suis le gardien de la salle de l'Eau<Indent/>!
<Emphasis>Nomak samman vanan vâdâyyâ khâ<Indent/>!</Emphasis>"
19206,"Ô eau, repousse et emporte mes ennemis<Indent/>!
<Emphasis>Nohm vâdâyyâ khattah<Indent/>!</Emphasis>"
19207,"Je suis le gardien de la salle de la Terre<Indent/>!
<Emphasis>Nomak samman vanan khâvîddhi khâ<Indent/>!</Emphasis>"
19208,"Ô terre, tremble et écrase mes ennemis<Indent/>!
<Emphasis>Nohm khâvîddhi khattah<Indent/>!</Emphasis>"
19209,"Je suis le gardien de la salle du Vent<Indent/>!
<Emphasis>Nomak samman vanan vâyyâbeh khâ<Indent/>!</Emphasis>"
19210,"Ô vent, souffle et balaie mes ennemis<Indent/>!
<Emphasis>Nohm vâyyâbeh khattah<Indent/>!</Emphasis>"
19211,""
19212,"Ô eau, repousse et emporte mes ennemis<Indent/>!
<Emphasis>Nohm vâdâyyâ khattah<Indent/>!</Emphasis>"
19213,"Infidèles<Indent/>! Comment osez-vous pénétrer en ce mausolée<Indent/>!?<Indent/>...
<Emphasis>Nomak samman vanan vâdâyyâ khâ<Indent/>!</Emphasis>"
19214,""
19215,"Ô vent, souffle et balaie mes ennemis<Indent/>!
<Emphasis>Nohm vâyyâbeh khattah<Indent/>!</Emphasis>"
19216,"Vandales<Indent/>! En avez-vous après le trésor caché ici<Indent/>!?<Indent/>...
<Emphasis>Nomak samman vanan vâyyâbeh khâ<Indent/>!</Emphasis>"
19217,"Hmm<Indent/>!? Vous n'êtes pas mes maîtres... Dans ce cas, je n'ai d'autre choix que de vous tuer<Indent/>!"
19218,"Que mon pouvoir devienne flammes... et vous consume<Indent/>!"
19219,"Mon pouvoir n'est pas encore épuisé<Indent/>! Brûlez<Indent/>! Laissez-vous mordre par mes flammes<Indent/>!"
19220,"Enfin... Je suis libéré de ce sort... qui m'a retenu prisonnier... plus d'un siècle..."
19221,"MRRRMMMH... JE PROTÈGE CES MONTAGNES<Indent/>! PERSONNE NE PASSE<Indent/>!"
19222,"MRRRMMMH... JE FAIS NAÎTRE LES MONTAGNES<Indent/>! ELLES SURGISSENT DE LA TERRE<Indent/>!"
19223,"MRRRMMMH... JE FAIS NAÎTRE LES LACS<Indent/>! ILS S'ÉTENDENT ET SUBMERGENT TOUT<Indent/>!"
19224,"MRRMH... MRRRMMMH... JE SUIS VAINCU... LES MONTAGNES... PLUS PROTÉGÉES... "
19225,"Im<SoftHyphen/>pres<SoftHyphen/>sionnant<Indent/>! Vous avez réussi à surmonter les obstacles jusqu'ici<Indent/>! Dans ce cas, vous aurez l'honneur d'affronter le grand Qitian Dasheng<Indent/>! "
19226,"Voyez mon bâton magique, Jingu Bang<Indent/>! Il s'allonge et rétrécit au gré de ma volonté<Indent/>!"
19227,"Vous avez dansé admirablement, mais il est temps d'en finir<Indent/>! À moi, mes fidèles serviteurs<Indent/>!"
19228,"Jingu Bang<Indent/>! Balaie mes ennemis<Indent/>!"
19229,"Ha ha ha<Indent/>! La force brute ne suffit donc pas contre vous... Dans ce cas, je n'ai pas d'autre choix<Indent/>!"
19230,"Le vide recouvre les couleurs, et le mensonge obscurcit la vérité<Indent/>!<Indent/>... Saurez-vous percer l'illusion qu'est le monde sensitif<Indent/>?"
19300,"Hahaha<Indent/>! HÉHÉHÉ<Indent/>! HA HA HA<Indent/>! Je vais vous écorcher avec mes bourrasques<Indent/>!"
19301,"Ça va saigner<Indent/>!!"
19302,"Courez<Indent/>! Fuyez<Indent/>! Criez<Indent/>! Vous ne NOUS échapperez pas<Indent/>! Hihihi<Indent/>! HAHAHAHA<Indent/>!!!"
19303,"C'est impossible... Non... Noooon...<Indent/>!"
19304,"Mes rafales vont vous rompre la nuque<Indent/>!"
19305,"Que les flammes de l'enfer vous consument pour l'éternité<Indent/>!"
19306,"Tremblez devant la puissance de Nos flammes<Indent/>!"
19307,"Que le feu du jugement purifie vos âmes<Indent/>!"
19308,"Vous résistez à Notre pouvoir<Indent/>!?<Indent/>...
Serait-ce... la Lumière... qui vous protège<Indent/>?"
19309,"Votre insolence ne fait qu'attiser Nos flammes, mortels<Indent/>!"
19310,"Tremblez devant la puissance de la terre<Indent/>!"
19311,"Raaaaahmmm...
Gens de la surface... Vous avez profané mon sanctuaire et tué mes enfants."
19312,"Craignez ma colère, humains<Indent/>!
Ma haine contre vous est sans fin<Indent/>!"
19313,"Ne pleurez pas, mes enfants... Ce<If(PlayerParameter(4))>tte<Else/></If> mortel<If(PlayerParameter(4))>le<Else/></If> paiera pour ses crimes<Indent/>!"
19314,"Les secousses telluriques parcourent mon corps. Elles annoncent l'éruption de ma colère<Indent/>!"
19315,"C'en est fini de toi, protégé<If(PlayerParameter(4))>e<Else/></If> de la Lumière<Indent/>!"
19316,"Oh<Indent/>? Tu résistes<Indent/>? Tu ne fais que retarder l'inévitable<Indent/>!"
19317,"Tu es doué<If(PlayerParameter(4))>e<Else/></If>, je te l'accorde. Mais Ultima Arma n'a pas encore révélé toute sa puissance<Indent/>!"
19318,"Du gouffre le plus profond des sept enfers jusqu'au plus haut sommet des cieux, le monde tout entier va trembler<Indent/>! Qu'Ultima se déchaîne<Indent/>!"
19319,"Ah ah ah ah<Indent/>! Sombre dans les tréfonds du désespoir maintenant<Indent/>!"
19320,"Ultima Arma<Indent/>! Plus puissante que jamais<Indent/>!"
19400,"Vaincre Famfrit le Nuage Ténébreux"
19401,"Atteindre la Spirale des Cieux"
19402,"Vaincre Bélias le Titan"
19403,"Atteindre la passerelle de l'Empyrée"
19404,"Vaincre le Bâtisseur n°7"
19405,"Vaincre Yiazmat"
19406,"Atteindre l'arène de Goug"
19407,""
19408,""
19409,"“Mes pieds foulent à nouveau la terre après tout ce temps, et que vois-je<Indent/>? De répugnants insectes qui y rampent<Indent/>!”"
19410,"“De mon aiguière se déversent ruine et chaos<Indent/>!”"
19411,"“Aiguières, avancez et faites pleuvoir vos torrents d'eau<Indent/>!”"
19412,"“Aiguières, tournoyez et faites pleuvoir vos torrents d'eau<Indent/>!”"
19413,"“Mes pluies ténébreuses sèmeront le chaos sur ces terres<Indent/>!”"
19414,"“Misérables insectes, les flots destructeurs vous emporteront et vous réduiront à néant<Indent/>!”"
19415,"“Les flots auront raison de vous, tôt ou tard<Indent/>! Eaux du ciel et de la terre, unissez-vous en un courant plus implacable encore<Indent/>!”"
19416,"“Subissez la furie des cataractes<Indent/>!”"
19417,"“Que les ténèbres s'abattent sur vous et vous révèlent la vraie nature de la peur<Indent/>!”"
19418,"“Les ténèbres... me rappellent...”"
19419,"“ENTRÉE INTERDITE À TOUTE PERSONNE ÉTRANGÈRE AU SERVICE <Indent/>! ALERTE<Indent/>! ALERTE<Indent/>! ”"
19420,"“DÉPLOIEMENT DE L'ARSENAL ANTIPERSONNEL<Indent/>!”"
19421,"“CIBLE INEPTE<Indent/>! RÉÉDUCATION REQUISE<Indent/>! CHARGEMENT DU MODULE D'ARITHMÉTIQUE<Indent/>!” *FRZZZZZT T T T*..."
19422,"*BIP* “CHARGEMENT TERMINÉ<Indent/>! C'EST L'HEURE DE L'INTERRO SURPRISE, LES ENFANTS<Indent/>!”"
19423,"“REGARDEZ BIEN VOTRE BOÎTE À ENDURANCE POUR SAVOIR OÙ VOUS PLACER ET RÉPONDRE À MES QUESTIONS<Indent/>!”"
19424,"“COMBIEN DEVEZ-VOUS AJOUTER À VOTRE BOÎTE À ENDURANCE POUR AVOIR UN MULTIPLE DE 3<Indent/>!?”"
19425,""
19426,"“COMBIEN DEVEZ-VOUS AJOUTER À VOTRE BOÎTE À ENDURANCE POUR AVOIR UN MULTIPLE DE 4<Indent/>!?”"
19427,"“COMBIEN DEVEZ-VOUS AJOUTER À VOTRE BOÎTE À ENDURANCE POUR AVOIR UN MULTIPLE DE 5<Indent/>!?”"
19428,"“COMBIEN DEVEZ-VOUS AJOUTER À VOTRE BOÎTE À ENDURANCE POUR AVOIR UN NOMBRE PREMIER<Indent/>!?”"
19429,"“ATTENTION<Indent/>! JE VAIS SÉVIR<Indent/>!
ET ENCORE PLUS LOURDEMENT CONTRE LES CANCRES<Indent/>!”"
19430,"“ÉCHEC DE LA RÉÉDUCATION... SUPPRESSION REQUISE<Indent/>!
CHARGEMENT DU MODULE TARTAROS<Indent/>!” *FRZZZZZT T T T*..."
19431,"*BIP* “CHARGEMENT TERMINÉ<Indent/>! 30 SECONDES AVANT LE LANCEMENT AUTOMATIQUE DU MODULE TARTAROS<Indent/>!”"
19432,"“LANCEMENT DU MODULE TARTAROS DANS... 25... 24... 23...<Indent/>...<Indent/>...<Indent/>... ERREUR DE SEGMENTATION<Indent/>!!!”"
19433,"FRZZZZZT... T T T T... “▼×◎×△LAN**CE▼▼MENT◎...
LANCEMENT DU MODULE TARTAROS DANS... 3... 2... 1...<Indent/>!!!”"
19434,"“ÉCHEC DE LA REQUÊTE DE SUPPRESSION<Indent/>! CARNAGE REQUIS<Indent/>! CHARGEMENT DU MODULE EXTERMINATOR<Indent/>!”"
19435,"“MESSAGE À TOUT LE PERSONNEL<Indent/>! TROUVEZ REFUGE DANS LES ABRIS LE PLUS RAPIDEMENT POSSIBLE<Indent/>!!!”"
19436,"“DÉBUT DE LA FRAPPE AÉRIENNE<Indent/>!”"
19437,"“SYSTÈMES ENDOMMAGÉS À PLUS DE 95%<Indent/>! ARRÊT D'URGENCE<Indent/>!
ARRÊT D'URGENCE<Indent/>! ARrÊt d'UrGen... ce... ” *pziou*"
19438,"Vous allez payer pour vos crimes avec votre sang<Indent/>!"
19439,"Hurlez<Indent/>! Que je me repaisse de votre douleur<Indent/>!"
19440,"“Mon nom est Bélias<Indent/>! Combattre est mon devoir, et seule une tempête de feu et de cendres attend ceux qui se présentent devant moi<Indent/>!”"
19441,"“Incroyable... Le feu de votre courroux... brûlait plus fort que le mien...”"
19442,"“GRAAARRRGGGH<Indent/>! Subissez mon courroux<Indent/>!”"
19443,"“Saurez-vous voguer sur le fleuve impétueux du temps<Indent/>?”"
19444,"“Vous n'échapperez pas à l'emprise du temps<Indent/>!“"
19445,"“Gnomon, indique pour qui l'heure de la mort a sonné<Indent/>!”"
19446,"“Joignez-vous à moi, mes fidèles serviteurs<Indent/>!”"
19447,"“Le supplice de mes feux ardents va vous consumer et vous réduire en cendres<Indent/>! BRÛLEZ DANS LES FLAMMES DE L'ENFER<Indent/>!”"
19448,"“Je n'ai pu vous réduire en cendres cette fois, mais votre ténacité ne fait que nourrir le feu du courroux qui m'anime<Indent/>!”"
19449,"“ATTENTION, LES ENFANTS<Indent/>!
LA PROCHAINE QUESTION EST UN CHOUÏA PLUS DIFFICILE<Indent/>!”"
19450,"“ALERTE<Indent/>! ALERTE<Indent/>! SURCHAUFFE DÉTECTÉE<Indent/>!
ACTIVATION DU SYSTÈME DE REFROIDISSEMENT<Indent/>!”"
19451,"L'Empire est une tumeur que je vais détruire<Indent/>!"
19452,"Subissez la colère des Vangaas<Indent/>!"
19453,"Je n'aurai aucune pitié<Indent/>!"
19454,"Je vais mettre vos corps en charpie<Indent/>!"
19455,"Mes blessures me donnent de la force<Indent/>!"
19456,"Nulle trace de Ba'Gamnan. Nous allons devoir explorer le phare de fond en comble si nous voulons le débusquer."
19457,"Mais...<Indent/>! Qu'est-ce que ce monstre fait ici<Indent/>!? Ce serait Ba'Gamnan qui l'aurait évoqué<Indent/>?"
19458,"Regardez, <Split(<Highlight>ObjectParameter(1)</Highlight>, ,1)/><Indent/>! La porte s'est déverrouillée<Indent/>! Nous allons pouvoir entrer dans le phare."
19459,"L'intérieur est encore plus immense que je me l'imaginais, et toute cette machinerie... J'avais de toute évidence vu juste."
19460,"Les mécanismes du phare ont l'air d'être toujours en état de marche. Essayez celui-ci, <Split(<Highlight>ObjectParameter(1)</Highlight>, ,1)/>. Je suis sûr qu'il nous permettra de monter aux étages supérieurs."
19461,"Les gardiens ont l'air encore opérationnels. Éliminez-les, s'ils cherchent à nous barrer la route."
19462,"Quelle fournaise<Indent/>! Attendez... Cette... chose serait la source de lumière du phare<Indent/>!?"
19463,"Voyez, un autre mécanisme. Notre exploration n'a pas encore touché à sa fin, semble-t-il."
19464,"Où sommes-nous<Indent/>? L'architecture est la même, mais j'ai du mal à respirer, comme si l'air s'était raréfié..."
19465,"Le temps n'a pas eu raison des mécanismes de la civilisation de Goug, ici non plus. Voilà qui va nous permettre d'avancer."
19466,"Tiens, des golems<Indent/>? Non... Je vois des vis et des écrous dépasser. Ah<Indent/>! Des automates<Indent/>! Je n'en attendais pas moins<Indent/>!"
19467,"Cet automate-ci a des airs de gardien-chef... Soyez prudent<If(PlayerParameter(4))>e<Else/></If> et débarrassez-nous-en, <Split(<Highlight>ObjectParameter(1)</Highlight>, ,1)/><Indent/>!"
19468,"Je le savais<Indent/>! La légendaire cité des machines<Indent/>! Goug<Indent/>! Nous y étions depuis le début<Indent/>!"
19469,""
19500,"Goûtez aux plaisirs de la nuit<Indent/>!"
19501,"Quelle torture vais-je vous infliger, maintenant<Indent/>?"
19502,"La lassitude m'envahit déjà... Voyons si d'autres supplices sauront me divertir."
19503,"Vous ne vous laissez pas faire, à ce que je vois...
Qu'à cela ne tienne<Indent/>! Je suis tout aussi opiniâtre<Indent/>!"
19504,"Mes forces m'abandonnent... Pour... Pourquoi<Indent/>?"
19505,"T'es bonne qu'à damner, ma pauvre fille. On a jamais eu que des ennuis à cause de toi."
19506,"Tu sèmes ta guigne partout où tu vas<Indent/>!"
19507,"Chère sœur, j'attendais mieux de ta part.
Fais un petit effort pour ton frère bien-aimé, d'accord<Indent/>?"
19508,"Tu me dégoûtes. Toujours à te cacher dans un coin de mon esprit comme un sale rat..."
19509,"Le tranchant de ta lame laissait à désirer. Et chose promise, chose due."
19510,"Reste derrière moi, Tsuyu<Indent/>!"
19511,"Toi<Indent/>? Mais tu n'as rien à faire ici..."
19512,"Peut-être as-tu raison... Mais il est déjà trop tard pour moi..."
19513,"Un torrent de haine gronde en moi...
Et il ne demande qu'à déferler sur vous tous<Indent/>!"
19514,"Dans les ténèbres fleurit le lis araignée."
19515,"De ma chair mortelle est née une déesse<Indent/>!"
19516,"La lune danse dans le clair-obscur<Indent/>!"
19517,"La lune exulte dans la lumière<Indent/>!"
19518,"La lune gémit dans l'ombre<Indent/>!"
19519,"Culmine, pleine lune<Indent/>! Laisse ta lumière glaciale nous irradier<Indent/>!"
19520,"Frappe, nouvelle lune<Indent/>! Fonds-toi dans les ténèbres et annonce ton funeste présage<Indent/>!"
19521,"Non, je ne peux pas... échouer..."
19522,"Oui, c'est moi, mes chers parents<Indent/>! Celle que vous haïssez<Indent/>! Celle qui vous a donné la mort<Indent/>!"
19523,"La lune décroissante subjugue aussi bien l'ombre que la lumière<Indent/>!"
19524,"Je n'en ai pas fini<Indent/>! Ces mains ont encore du sang à faire couler<Indent/>!"
19525,"Le lis araignée fleurira dans les ténèbres et décorera ma tombe..."
19526,"Le lis araignée fleurira dans les ténèbres et décorera votre tombe<Indent/>!"
19527,"Vous êtes venu abréger mes souffrances comme promis, c'est ça<Indent/>? Eh bien, punissez-moi si vous vous en sentez capable<Indent/>!"
19528,"Vous avez échoué. Le soleil ne se lèvera plus jamais sur Doma. Le règne éternel de la nuit commence."
19529,"Tu dois vivre, Tsuyu<Indent/>!
Sinon... tu ne pourras jamais expier tes péchés<Indent/>!"
19530,"Ta velléité me dégoûte... Hors de ma vue<Indent/>!"
19531,"Le destin... se serait enfin... lassé de moi<Indent/>?"
19532,"Ah, je comprends... Ce pouvoir se nourrit de ma rancœur..."
19533,"Eh bien, venez<Indent/>! Spectres de mes tourments<Indent/>! Déversez votre haine et alimentez mon ressentiment<Indent/>!"
19600,"Chercher des survivants"
19601,"Détruire les débris d'aéronef à l'aide de Méga Ruine"
19602,"Soigner le Populares blessé à l'aide de Médecine"
19603,"Vaincre le commandant des assaillants"
19604,"Vaincre les ennemis en coopérant avec le guerrier à la pistolame"
19605,"Ranimer le Populares inconscient"
19606,"Messire Leveilleur. Voulez-vous bien chercher s'il n'y a pas d'autres survivants pendant que je soigne mes soldats<Indent/>?"
19607,"M... Merci... Je ne m'en serais jamais sorti sans vous..."
19608,"Merci pour votre aide, ce soldat vous doit la vie. Je ne comprends pas. Qui a bien pu nous attaquer...<Indent/>?"
19609,"Y en a qui sont encore vivants ici<Indent/>! Rappelez-vous les ordres de Son Altesse<Indent/>! Aucun survivant<Indent/>!"
19610,"Les ordres de Son Altesse<Indent/>!?"
19611,"La négociation ne semble pas être une option, Commandant Maxima<Indent/>! Ils arrivent sur nous<Indent/>!"
19612,"Je dois m'avouer im<SoftHyphen/>pres<SoftHyphen/>sion<SoftHyphen/>né..."
19613,"Bordel<Indent/>! C'est un dur à cuire, celui-là...
À toutes les unités aériennes<Indent/>! Encerclez-le et neutralisez-le<Indent/>!"
19614,""
19615,""
19616,""
19617,""
19618,""
19619,""
19620,""
19621,""
19622,""
19623,""
19624,""
19625,""
19700,"Atteindre le Nid du scorpion"
19701,"Franchir le Nid du scorpion"
19702,"Atteindre l'ancien répartiteur gamma"
19703,"Franchir l'Ancien repartiteur gamma"
19704,"Atteindre le plateau des Brumes"
19705,"Bzzz... zzzz... Renforts appelés... Drones, activés<Indent/>! Bzzz... zzzz..."
19706,"Bzzz... Trancheurs de pierre, activés<Indent/>! Bzzz... Destruction des obstacles programmée..."
19707,"Bzzz... zzzz... Drones, détruits. Demande de renforts en cours... Bzzz..."
19708,"Le dragon s'est changé en brume<Indent/>!"
19709,"Toute attaque contre ce brouillard est vaine et ne ferait que provoquer son courroux<Indent/>!"
19710,"Terrassez les têtes des brumes pour les obliger à se montrer sous leur véritable forme<Indent/>!"
19711,""
19712,"La brume se consolide... C'est maintenant ou jamais<Indent/>!"
19713,"Le dragon a disparu dans la brume<Indent/>!"
19714,"Le dragon prépare quelque chose... Trouvez-le et esquivez son attaque<Indent/>!"
19715,""
19716,""
19717,""
19718,""
19719,""
19720,""
19800,"Atteindre Zymologie"
19801,"Vaincre Nullchu"
19802,"Atteindre La Litière"
19803,"Vaincre Lakhamu"
19804,"Atteindre la salle d'audience du roi fangeux"
19805,""
19806,""
19807,""
19808,""
19809,""
19810,""
19900,"Tenzen, pourquoi pointes-tu ton arme sur moi<Indent/>? Ne me reconnais-tu pas<Indent/>?"
19901,"La douleur de t'avoir perdu a fait naître en moi le feu de la résurrection<Indent/>!"
19902,"C'est la première fois que je me montre sous cette apparence..."
19903,"Tenzen, pourquoi<Indent/>!?"
19904,"Recouvre tes esprits, je t'en prie<Indent/>!"
19905,"Mon seul désir était de demeurer à tes côtés..."
19906,"Tu te bats toujours aussi bien, Tenzen... Tu ne me laisses pas le choix<Indent/>!"
19907,"Envole-toi<Indent/>! Offre-nous ta plus belle danse<Indent/>!"
19908,"Je ne laisserai plus personne t'arracher à moi<Indent/>!"
19909,"Je te protégerai<Indent/>! Réfugie-toi dans les flammes de mon affection<Indent/>!"
19910,"Pourquoi te relèves-tu<Indent/>!? J'ai dit que je te protégerais<Indent/>!"
19911,"Mes pensées s'accordent en une douce mélodie..."
19912,"Ne résiste pas. Abandonne-toi à moi..."
19913,"Si c'est mon destin d'être vaincue par ta main..."
19914,"Que la cérémonie de ma résurrection commence<Indent/>!"
19915,"Mes pensées s'accordent en une douce mélodie..."
19916,""
19917,""
19918,""
19919,""
19920,""
20000,"Tremblez, misérables<Indent/>! Personne ne résiste à la chaleur de mes flammes<Indent/>!"
20001,"Pauvres inconscients... Soyez emportés par mon raz-de-marée dévastateur<Indent/>!"
20002,"Tous vos efforts seront vains. Que vos corps soient déchiquetés par la tornade du chaos<Indent/>!"
20003,"Les vulgaires cloportes que vous êtes ne peuvent rien contre la puissance destructrice de mon séisme<Indent/>!"
20004,"Tremblez devant la puissance divine<Indent/>!"
20005,""
20006,"... Mon cristal<Indent/>!? Impossible<Indent/>!"
20007,"Aucun espoir n'est permis... Vous ne passerez pas<Indent/>! "
20008,""
20009,""
20010,""
20100,"D'alpha à oméga, du début à la fin... Prêts pour le dernier test<Indent/>? Activation de l'enregistrement des données..."
20101,"Bip... Création d'astéropoings..."
20102,"Pshhh... Création d'un astéropoing renforcé..."
20103,"Démarrage de la boucle de programme Alpha...
Immixtion dans les souvenirs du sujet..."
20104,"Boucle de programme Alpha...
Démarrage de la séquence 1..."
20105,"Boucle de programme Alpha...
Démarrage de la séquence 2..."
20106,"Boucle de programme Alpha...
Démarrage de la séquence finale..."
20107,"Démarrage de la boucle de programme Alpha dans 5... 4... 3..."
20108,"Bip... Bip... Bip... Erreur critique...
Arrêt de la boucle de programme Alpha..."
20109,"Échec de la boucle de programme Alpha...
Nécessité d'utiliser l'attaque Delta..."
20110,"Visée... Verrouillage... Désenclenchement de la sécurité...
Attaque Delta, puissance maximale<Indent/>!"
20111,"Confirmation de la survie du groupe Alpha... Un résultat surprenant mais conforme aux prévisions."
20112,"Analyse en cours...
Optimisation des fonctions pour la suite du combat..."
20113,"Bip... Rechargement des astéropoings..."
20114,"Pshhh... Renforcement des astéropoings... Rechargement..."
20115,"Démarrage de la boucle de programme Oméga...
Immixtion dans les souvenirs du sujet..."
20116,"Boucle de programme Oméga...
Démarrage de la séquence 1..."
20117,"Boucle de programme Oméga...
Démarrage de la séquence 2..."
20118,"Boucle de programme Oméga...
Démarrage de la séquence finale..."
20119,"Bip... Bip... Bip... Erreur critique...
Arrêt de la boucle de programme Oméga..."
20120,"Échec de la boucle de programme Oméga...
Recours à l'attaque Delta nécessaire..."
20121,"Visée... Verrouillage... Désenclenchement de la sécurité...
Attaque Delta, puissance maximale<Indent/>!"
20122,"Confirmation de la survie du groupe Alpha...
Poussée d'excitation des sujets, augmentation du niveau de menace..."
20123,"Évaluation des résultats en cours... Poursuite du test inutile.
... Adieu, groupe Alpha."
20124,"<Split(<Highlight>ObjectParameter(1)</Highlight>, ,1)/>, Oméga a renforcé son armement<Indent/>! Pense au fulguro-brouilleur<Indent/>!"
20125,"Bien joué, <Split(<Highlight>ObjectParameter(1)</Highlight>, ,1)/><Indent/>! C'est le moment d'attaquer Oméga<Indent/>!"
20126,"Boucle de programme Oméga...
Démarrage de la séquence 3..."
20127,"Démarrage de la boucle de programme Oméga dans 5... 4... 3..."
20128,"Je détecte une importante con<SoftHyphen/>cen<SoftHyphen/>tra<SoftHyphen/>tion d'énergie provenant d'Oméga<Indent/>! Dirige le fulguro-brouilleur vers le centre du champ de bataille<Indent/>!"
20129,"Oui, il faut continuer comme ça<Indent/>! L'énergie du fulguro-brouilleur devrait pouvoir créer un champ de protection<Indent/>!"
20130,"Ça y est, le champ de protection est actif<Indent/>! En position de défense pour tenir le choc<Indent/>!"
20131,"Bip... Initialisation de la mise à jour de la boucle de programme. Construction de la logique de suppression..."
20132,"Bip... Activation du mode Pantokrator. Attribution des ressources à la création d'armement..."
20133,"Bip... Bip bip... Création d'un astéropoing renforcé..."
20134,"Réactivation du mode Pantokrator. Chargement des munitions de réserve... Feu, feu feu..."
20135,"Mise à jour de la boucle de programme terminée. Initialisation de la suppression du groupe Alpha."
20200,""
20201,""
20202,""
20203,""
20204,""
20205,""
20300,"Vainquez Sadu la flamme céleste<Indent/>!"
20301,"Vainquez Magnai le frère suprême<Indent/>!"
20302,"J'ai tant attendu ce duel... Viens te battre<Indent/>!"
20303,"Tu n'as rien perdu de ta puissance..."
20304,"Mais moi aussi, j'en ai encore pas mal sous le pied<Indent/>!"
20305,"C'est un véritable plaisir de t'affronter<Indent/>!"
20306,"Ce serait une honte de ne pas faire durer un tel combat<Indent/>!"
20307,"Quoi<Indent/>? T'en peux déjà plus...<Indent/>!?"
20308,"Mon âme a encore soif de cette adrénaline. J'en veux plus... Encore plus<Indent/>!!"
20309,"Argh... Je suis vidée... Mon regard se trouble et mes bras sont lourds..."
20310,"Mais tant que ce sang bout en moi, je dois me battre<Indent/>!"
20311,"Ouaaaaaaaah<Indent/>!"
20312,"Allez, on y retourne. Comme s'il s'était rien passé cette fois<Indent/>!"
20313,"Voilà ma botte secrète<Indent/>! Essaie un peu de l'esquiver<Indent/>!!"
20314,"Chute de météore dans 60 secondes"
20315,"Chute de météore dans 30 secondes"
20316,"Chute de météore dans 20 secondes"
20317,"Chute de météore dans 10 secondes"
20318,"Chute de météore dans 5 secondes"
20319,"Quiconque souhaite se dresser devant moi doit me prouver sa force<Indent/>!"
20320,"T'as entendu ça, Y'shtola<Indent/>? Il va pas être déçu quand on en aura fini avec lui<Indent/>!"
20321,"Hé hé hé... Quand on vous aura fait mordre la poussière, Hien appartiendra aux Buduga<Indent/>!"
20322,"Mais bien sûr..."
20323,"Daidukul en a après moi, mais Magnai aurait bien besoin de compagnie<Indent/>!"
20324,"Inclinez-vous devant moi<Indent/>!"
20325,"J'ai décelé une faille et je compte bien l'exploiter<Indent/>!"
20326,"La virilité des Buduga habite ces poings... Nous verrons bien si tu peux encaisser ça, Hien<Indent/>!"
20327,"Ouarg<Indent/>! Il enchaîne les coups violents... Y'shtola, j'ai besoin de soins<Indent/>!"
20328,"Comment faites-vous pour être toujours debout...<Indent/>? Laissez-moi vous montrer de quoi sont capables les enfants d'Azim<Indent/>!"
20329,"Impudents<Indent/>! Comment osez-vous vous opposer à moi<Indent/>!?"
20330,"Ne rêvez pas, vous n'échapperez pas à ma hache<Indent/>!"
20331,"Si c'est ça... Par ici, Y'shtola<Indent/>!!"
20332,"C'est à moi de m'occuper de ça."
20333,"Q-quoi<Indent/>!?"
20334,"Pensiez-vous vraiment que vos faits et gestes échapperaient à ma vigilance<Indent/>? Je vois tout<Indent/>!"
20335,"Vous allez manger l'herbe par la racine<Indent/>!"
20336,"Quelle grâce... quelle <Emphasis>puissance</Emphasis><Indent/>!!"
20337,"Allez... Qu'on en finisse<Indent/>!"
20338,"Je l'avais vu venir, ce coup-là<Indent/>!"
20339,"Ce combat a trop duré<Indent/>!"
20400,"Atteindre l'Arête branlante"
20401,"Franchir l'Arête branlante"
20402,"Atteindre la porte d'Albâtre"
20403,"Franchir la porte d'Albâtre"
20404,"Atteindre les Marches rayonnantes"
20405,"Ah... Toujours les mêmes enquiquineurs<Indent/>!"
20406,"J'ai un paradis à reconstruire, déguerpissez<Indent/>!"
20407,"Tas d'insectes grouillants... Je vais vous écraser<Indent/>!"
20408,"Arrière, raclures séditieuses<Indent/>!"
20409,"Je suis dans mon bon droit<Indent/>!"
20410,"Vous allez regretter votre incartade<Indent/>!"
20411,"Prenez, mes serviteurs<Indent/>! Ceci est mon pouvoir<Indent/>!"
20412,"Mes larbins<Indent/>! Grrr... Très bien, vous l'aurez voulu<Indent/>!"
20413,"Allez, incapable<Indent/>! Emporte-les avec toi dans l'autre monde<Indent/>!"
20414,"Vaincre l'obscénité pardonnée"
20415,""
20416,""
20417,""
20418,""
20419,""
20420,""
20421,""
20422,""
20423,""
20424,""
20425,""
20500,"Repais-toi de cette chair humaine, mon enfant<Indent/>!"
20501,"Que l'éclat de la destruction jaillisse de l'étoile originelle<Indent/>!"
20502,"Je suis Midgardsormr, le seul et unique dragon originel<Indent/>!"
20503,"Vous me résistez<Indent/>? Soit. Pour faire honneur à votre courage, je vais fouler le même sol que vous..."
20504,"Votre résistance futile n'a que trop duré... Que mon rugissement vous plonge dans l'agonie<Indent/>!"
20505,"Comment l'œil humain peut-il discerner mes mouvements<Indent/>!?"
20506,"Sachez qu'un dragon est en perpétuelle évolution... Allez-vous réussir à me suivre, cette fois<Indent/>?"
20507,"Les humains sont décidément pleins de ressources... Mais qu'allez-vous faire contre ça<Indent/>?"
20600,"Je suis Oméga, je suis Alpha... Faibles humains, vos secrets me rendront plus forte que jamais<Indent/>!"
20601,"Implémentation... Différenciation de sexe... Estimation de l'influence sur les forces des humains..."
20602,"Implémentation... Équipement sup<SoftHyphen/>plé<SoftHyphen/>men<SoftHyphen/>tai<SoftHyphen/>re d'inspiration humaine... Efficacité présumée minimale..."
20603,"Implémentation... Combattant allié... Étude de l'importance de la répartition des rôles en combat..."
20604,"Passage en mode défensif... Protection du combattant allié..."
20605,"Passage en mode offensif... Affectation de toute la puissance au circuit d'attaque..."
20606,"Dommages importants... Exécution du programme de réparation... Maintien de la posture de combat."
20607,"Analyse... Abandon de la préparation de l'attaque spéciale... Poursuite des attaques coordonnées."
20608,"Démarrage de l'unité optique... Reproduction du phénomène de ressources insoupçonnées observé chez les humains..."
20609,"Définition... Phénomène de “dépassement de limites”... Désactivation du limiteur autorisée. "
20610,"Reproduction de la méthode humaine... Énonciation orale... Dépassement de limites, COSMOMÉMOIRE<Indent/>!"
20611,"Bip bip bip bip bip... Défaite, défaite, défaite... Comment...<Indent/>? Pourquoi...<Indent/>? Issue inexplicable..."
20612,"Implémentation de nouvelles fonctions nécessaires... Fin du test.
... Adieu, groupe Alpha."
20613,"Alerte... Fluctuation détectée dans l'issue supposée du combat... Probabilité de défaite en hausse..."
20614,"Constat... Imiter l'apparence et le com<SoftHyphen/>por<SoftHyphen/>te<SoftHyphen/>ment des humains semble n'avoir qu'une influence négligeable sur le potentiel combatif..."
20615,"Analyse finale... Reconfiguration tactique et technique nécessaire... Début de la séquence..."
20616,"Bip... Pshhh... Admirez mon avènement... J'apporte à tous récompense... et châtiment<Indent/>!"
20617,"Bip... Bip... éNErGie FisSUre iNTerDiMenSiOnNelLe PaS NécEsSaiRe... pLEinE PrODucTiOn bOguEs... Bip... bOnJouR, Le MoNDe<Indent/>!?"
20618,"Bip bip bip BIP BIP BIP<Indent/>!!!"
20619,"Test achevé. Je suis Alpha, je suis Oméga<Indent/>!"
20620,"Bip... Bip... Limites du combat en solitaire atteintes... Passage à l'or<SoftHyphen/>ga<SoftHyphen/>ni<SoftHyphen/>sa<SoftHyphen/>tion humaine dite “en équipe”..."
20621,"Alerte... Dégâts critiques sur Oméga-M... Arrêt du système..."
20622,"Alerte... Dégâts critiques sur Oméga-F... Arrêt du système..."
20623,"Alerte... Alerte... Forte augmentation des probabilités de défaite... Cause inexplicable, analyse approfondie nécessaire."
20624,"Alerte... Alerte... Forte augmentation des probabilités de défaite... Cause inexplicable, analyse approfondie nécessaire."
20625,""
20626,""
20627,""
20628,""
20629,""
20630,""
20700,"L'heure de votre fin a sonné<Indent/>!"
20701,"J-je ne m'attendais pas à une telle opposition<Indent/>! Huit contre un, vous devriez avoir honte<Indent/>!"
20702,"Bon, assez joué. Il est temps de vous révéler mon vrai visage<Indent/>!"
20703,"Fini Yojimbo, place à... Gilgamesh<Indent/>!!!"
20704,"Me voilà<Indent/>! L'homme... Le mythe... La légende<Indent/>!"
20705,"♪ Il y a la neige, la lune et les fleuuurs<Indent/>!"
20706,"Mon séjour en Orient m'a beaucoup appris... Méfiez-vous<Indent/>!"
20707,"Plus on est de fous, plus on rit<Indent/>!"
20708,"J'ai toujours eu la folie des grandeurs<Indent/>!"
20709,"Au rythme du chaos nos cœurs ne cessent de battre<Indent/>!"
20710,"Je dois avouer que vous savez vous battre... Mais ce n'est que le début<Indent/>!"
20711,"Voilà ce que j'appelle une affaire bien ficelée<Indent/>!"
20712,"Envolez-vous, âmes guerrières<Indent/>!"
20713,"Grrr... Tout serait si simple si vous vous laissiez faire<Indent/>!"
20714,"Très im<SoftHyphen/>pres<SoftHyphen/>sion<SoftHyphen/>nant... Dans ce cas, je vais me battre de toutes mes forces<Indent/>!"
20715,"Vous n'avez aucune chance. En garde<Indent/>!"
20716,""
20717,""
20718,""
20719,""
20720,""
20800,"Atteindre le champ de poussière"
20801,"Franchir le champ de poussière"
20802,"Atteindre le gigantesque cratère"
20803,"Franchir le gigantesque cratère"
20804,"Atteindre l'aire d'atterrissage provisoire"
20805,"Tu ne t'échapperas pas<Indent/>! Évite ça pour voir<Indent/>!"
20806,"Demande de bombardement<Indent/>! Julia, avec moi<Indent/>!"
20807,"Intéressant... Annia<Indent/>! Montrons-lui ce qu'on sait faire<Indent/>!"
20808,"Reçu. On fait une percée<Indent/>!"
20809,"Reste en retrait, Annia<Indent/>!"
20810,"Bien compris, je te couvre<Indent/>!"
20811,"J'ai besoin de soutien. Annia<Indent/>! Renverse du céruleum<Indent/>!"
20812,"Je m'en occupe tout de suite<Indent/>!"
20813,"Jusqu'ici, personne ne pouvait se vanter d'avoir vu cette technique... encore moins deux fois..."
20814,"Tir de couverture, vite<Indent/>!"
20815,"Annia, notre botte secrète<Indent/>!"
20816,"On n'a pas vraiment le choix... C'est parti<Indent/>!"
20817,"Annia<Indent/>! Je passe en soutien<Indent/>!"
20818,"Reçu<Indent/>! Je te relève<Indent/>!"
20819,"Vaincre Julia et Annia"
20820,""
20821,""
20822,""
20823,""
20824,""
20825,""
20826,""
20827,""
20828,""
20829,""
20830,""
20900,"Franchir La Prostration de la Jungle"
20901,"Franchir le cloître de l'ingénieur"
20902,"Franchir le cloître de la chevalière sacrée"
20903,"Franchir les corridors silencieux"
20904,"Franchir le cloître du Dieu de la Foudre"
20905,"Franchir la Geôle cristalline"
20906,""
20907,""
20908,"La densité de l'éther a atteint son point culminant... Ultima est proche, c'est certain<Indent/>! "
20909,"“Si vous voulez continuer, va falloir me passer sur le corps. C'est parti<Indent/>!”"
20910,"“Une petite avarie comme ça, ça se rafistole vite fait<Indent/>!”"
20911,"“Revenez par là<Indent/>! Sur le champ de bataille, c'est les poids lourds qui ont le dernier mot<Indent/>!”"
20912,"“Ça y est... mon long périple s'achève enfin. Merci à vous, Braves du zodiaque...”"
20913,"“Ainsi, Ramza vous a menés en ces lieux... Voyons voir si vous êtes dignes de confiance<Indent/>!”"
20914,"“Tout repose sur vous désormais... y compris le destin de dame Ovelia... Faites vite...”"
20915,"“L'éclair de ma lame frappe deux fois<Indent/>!”"
20916,"“Chevaliers évanescents<Indent/>! Mettez ces inconnus à l'épreuve<Indent/>!”"
20917,""
20918,"“Prosternez-vous devant moi<Indent/>! Repentez-vous dans la prison éternelle de l'espace et du temps<Indent/>!”"
20919,"“Mouaaaaaaa<Indent/>!!!”"
20920,""
20921,"“La vie n'est qu'un instant éphémère, mourrez<Indent/>!”"
20922,"“Le cœur des hommes faiblit face à la puissance des dieux<Indent/>!”"
20923,"“Je vois en vous les sept méridiens porteurs de mort... Faites vos prières<Indent/>!”"
20924,"“L'énergie afflue dans mon bras... Ce coup sera vif et vous laissera sans voix<Indent/>!”"
20925,"“Que la volonté céleste résonne en vous<Indent/>!”"
20926,"“Prouvez-moi la force de votre conviction<Indent/>!”"
20927,"“Justice sera faite<Indent/>!”"
20928,"“Lumière divine, délivre-nous de nos péchés<Indent/>!”"
20929,"“Brandissez votre bouclier, et tentez de stopper ma lame<Indent/>!”"
20930,"“Brandissez votre épée, et exterminez ces âmes en peine<Indent/>!”"
20931,"“Ceux qui s'opposent à mes desseins seront châtiés sans exception.”"
20932,"“Démons, émergez des profondeurs obscures et battez-vous en mon nom<Indent/>!”"
20933,"“Il est temps d'en finir... Que la lueur divine vous emporte<Indent/>!”"
20934,"“Aiguières, avancez et faites pleuvoir vos torrents d'eau<Indent/>!”"
20935,"“Saurez-vous voguer sur le fleuve impétueux du temps<Indent/>?”"
20936,"“Tours qui contrôlez tous les êtres de la création<Indent/>! Dressez-vous<Indent/>!”"
20937,"“Ma lame danse dans les airs et décapite les démons<Indent/>!”"
20938,""
20939,"“Ce combat n'a que trop duré. Finissons-en<Indent/>!”"
20940,"“Lever la main sur un être supérieur... Imbéciles<Indent/>!”"
20941,"“Une lueur divine brillera dans le ciel, annihilant la vie...”"
20942,"“Attention<Indent/>! Elle incante sa Fantaisie finale<Indent/>!”"
20943,"“Regroupez-vous<Indent/>! Nous allons dresser une barrière magique<Indent/>!”"
20944,"“Vous ne méritez aucune pitié<Indent/>! Votre ridicule barrière ne me résistera pas<Indent/>!”"
20945,"“Elle lâche pas l'affaire<Indent/>!”"
20946,"“Nous ne tiendrons pas longtemps<Indent/>! Frappez-la de toutes vos forces<Indent/>!”"
20947,"“Ils ont réussi<Indent/>!?”"
20948,"“Je suis le divin<Indent/>!”"
20949,"“Sa puissance magique est incommensurable<Indent/>!”"
20950,"“N'abandonnez pas<Indent/>!”"
20951,""
20952,"“Héros...<Indent/>! À vous, maintenant...<Indent/>! Triomphez...<Indent/>!"
20953,"“Je ne m'attendais pas à vous voir encore debout après cette attaque.”"
20954,"“Je vous attendais, enfants d'Ivalice, ou devrais-je dire, d'Hydaelyn...”"
20955,"“Mon nom est Cidolfus Orlandeau. Je serai votre adversaire<Indent/>!”"
20956,"“L'orage est passé et la foudre s'est tue... Ainsi s'achève ma destinée... Adieu...”"
20957,"“La vie n'est qu'un instant éphémère auquel il est vain de vouloir s'accrocher, mourrez<Indent/>!”"
20958,"“Les hommes ne sont que des insectes dont le cœur faiblit face à la puissance des dieux<Indent/>!”"
20959,"“Je vois en vous les sept méridiens porteurs de mort... Faites vos prières<Indent/>!”"
20960,"“Que la volonté céleste résonne en vous<Indent/>!”"
20961,"“L'énergie afflue dans mon bras... Ce coup sera vif et vous laissera sans voix<Indent/>!”"
20962,"“Regardez bien... Voici la lame qui défie les dieux<Indent/>!”"
20963,"“Tout se décidera par les armes. La mienne rendra son verdict depuis l'enfer<Indent/>!”"
20964,"“Une armure peut protéger le corps, mais pas l'âme<Indent/>!”"
20965,"“Maudissez-moi, l'astre funeste s'écrasera sur vous malgré tout<Indent/>!”"
20966,"“Ma lame danse dans les airs et décapite les démons<Indent/>!”"
20967,"“Le ciel se brise. Entendez-vous l'appel de la destruction<Indent/>?”"
20968,"“Si votre bravoure faillit ici, alors vous ne méritez pas d'aller plus loin<Indent/>!”"
20969,"“Admirez l'épée sacrée du Dieu de la Foudre<Indent/>!”"
20970,"“La balance va pencher en ma faveur<Indent/>!”"
20971,"“Vous êtes parvenus à vous en sortir<Indent/>!? Très bien... mais survivrez-vous à cela<Indent/>!?”"
20972,"“La mort sera votre seule récompense pour m'avoir défiée<Indent/>!”"
20973,"“Essayez donc d'esquiver ça<Indent/>!”"
20974,"“Ha<Indent/>! Vous vous débrouillez pas trop mal... mais vous rirez moins après ça<Indent/>!”"
20975,"“Une dernière volonté<Indent/>!?”"
20976,"“Visez-moi cette précision<Indent/>!”"
20977,"“逃がすものかッ！”"
20978,"“Cibles verrouillées<Indent/>!”"
20979,""
20980,""
20981,"“Voyons voir quel est votre point faible<Indent/>!”"
20982,""
20983,""
20984,""
20985,"Ce cul-de-sac m'intrigue... L'emblème de ce cercle magique indique cer<SoftHyphen/>tai<SoftHyphen/>ne<SoftHyphen/>ment qu'il s'agit d'un téléporteur. Reste à savoir où il mène..."
20986,"Les vestiges du Monastère d'Orbonne se trouvent dans cette direction. Attention toutefois, car le chemin ne sera pas sans embûches."
20987,"Des harpies<Indent/>!? Mais où sont passées mes sœurs chargées de protéger les environs<Indent/>? "
20988,"Voilà une victoire digne <If(PlayerParameter(4))>de la<Else/>du</If> Guerri<If(PlayerParameter(4))>ère<Else/>er</If> de la Lumière, mais cette brume m'inquiète... Ou cet éther, devrais-je dire..."
20989,"Voici l'entrée principale du Monastère d'Orbonne. Ce nom est bien connu au sein des clans de Viéras, mais nous nous sommes toujours tenus autant que possible à l'écart des lieux."
20990,"L'éther de cette silhouette est très différent... S'agirait-il d'un gardien barrant le passage qui mène à Ultima<Indent/>!?"
20991,"La dernière fois que j'ai visité cet endroit, il n'y avait pas âme qui vive... Sans doute encore une incarnation due aux auralithes sacrées..."
20992,"Quand les Impériaux ont envahi Dalmasca, nous avons mis une partie des réfugiés à l'abri dans ces sous-sols. Nous n'avions aucune idée qu'il s'agissait du lieu d'origine des auralithes..."
20993,"S'agirait-il d'un autre Rukavi<Indent/>? À moins que ce ne soit... une gardienne<Indent/>!"
20994,"Offrir sa vie pour se transformer en esprit protecteur était cer<SoftHyphen/>tai<SoftHyphen/>ne<SoftHyphen/>ment un honneur pour ces chevaliers. En tant que Viéra, je comprends pleinement ce sacrifice."
20995,"Où sommes-nous<Indent/>? Plus dans les sous-sols du monastère, à voir cette lumière blafarde... C'est comme si nous avions été transportés... dans une autre dimension..."
20996,"Attention, quelque chose de très hostile est sur le point de prendre forme<Indent/>! Je le sens<Indent/>!"
20997,"Quand j'étais jeune, les anciennes de mon clan racontaient souvent des légendes sur une vieille cité détruite... Mullonde, la capitale de l'empire sacré d'Ydoran..."
20998,"Encore un gardien<Indent/>? Son éther... C'est comme s'il était entré en éruption<Indent/>! Sa puissance dépasse de loin celle des deux précédents<Indent/>!"
20999,"La brume éthérée se fait de plus en plus dense... Son aura maléfique provient des escaliers droit devant<Indent/>!"
21000,"J'accomplirai ma promesse envers lui, dussé-je pour cela devenir un démon<Indent/>!"
21001,"Je tiendrai ma promesse, Tenzen..."
21002,"Rien ni personne ne pourra m'arrêter<Indent/>!"
21003,"Vous n'aurez droit à aucune clémence<Indent/>!"
21004,"Tremblez d'effroi devant mon aramitama<Indent/>!"
21005,"Vous ne m'échapperez pas<Indent/>!"
21006,"Votre existence est un obstacle à éliminer<Indent/>!"
21007,"Admirez le pouvoir de mon aramitama<Indent/>!"
21008,"Aucun adversaire ne peut résister à mon pouvoir<Indent/>!"
21009,"Ce n'est pas assez... Aramitama, accorde-moi plus de puissance<Indent/>!"
21010,"Mon pouvoir effacera jusqu'à votre existence<Indent/>!"
21011,"Encore debout<Indent/>!? Aramitama, abreuve-toi de mon âme autant qu'il te plaira<Indent/>!"
21012,"Voyons voir si vous arrivez encore à suivre<Indent/>!"
21013,"En avant<Indent/>! Je compte sur toi pour châtier nos ennemis<Indent/>!"
21014,"Argh... si seulement... si seulement j'étais plus fort<Indent/>!"
21015,"MRRRMMMH... JE SUIS LE SHIKI MONTAGNEUX<Indent/>! L'INCARNATION DE LA VOLONTÉ DE MON MAÎTRE<Indent/>!"
21016,"MRRRMMMH... JE BROIERAI LES ENNEMIS DE MON CRÉATEUR<Indent/>!"
21017,"MRRRMMMH... LES MOUCHERONS DOIVENT ÊTRE ÉCRASÉS<Indent/>!"
21018,"MRRMH... MRRRMMMH... J'AI HONTE D'ÊTRE VAINCU AINSI..."
21019,"MRRRMMMH... LE SHIKI MONTAGNEUX EST DE RETOUR<Indent/>!"
21020,"MRRRMMMH... MON POING VA VOUS APLATIR<Indent/>!"
21021,"MRRMH... MRRRMMMH... J'AI ENCORE ÉCHOUÉ... QUEL DÉSHONNEUR..."
21022,""
21023,""
21024,""
21025,""
21100,"Bon... C'est le moment de mettre en application mon pouvoir des rois<Indent/>!"
21101,"Je suis sûr que tu peux t'en sortir du premier coup. On va tenter un double assaut éclipse coordonné<Indent/>!"
21102,"Dès que tu me vois foncer, tu lances ton assaut éclipse<Indent/>! T'es prêt<If(PlayerParameter(4))>e<Else/></If><Indent/>?"
21103,"Ça, c'est du travail d'équipe<Indent/>! Continue comme ça<Indent/>!"
21104,"Raté... Il faut que t'attaques en même temps que moi. Me lâche pas des yeux<Indent/>!"
21105,"Elle prépare un sale coup<Indent/>! Écarte-toi, vite<Indent/>!"
21106,"T'y arriveras jamais en courant<Indent/>! Lance un assaut éclipse sur un de ces tas de pierres<Indent/>!"
21107,"Mince... Tiens bon<Indent/>!"
21108,"Bien joué<Indent/>! Et maintenant, le grand final<Indent/>!"
21109,"J'ai pas perdu la main<Indent/>!"
21110,"Vainquez Garuda<Indent/>!"
21111,"Maintenant<Indent/>! Assaut éclipse<Indent/>!"
21112,"Ça peut pas finir comme ça..."
21113,""
21114,""
21115,""
21116,""
21117,""
21118,""
21119,""
21120,""
21200,"Tenez jusqu'à l'arrivée <If(PlayerParameter(4))>de l'héroïne<Else/>du héros</If> d'Éorzéa<Indent/>!"
21201,"Vainquez Zenos yae Galvus"
21202,"Hmm... Encore en vie<Indent/>?"
21203,"Faut tenir jusqu'à l'arrivée de... Qu'est-ce que je raconte<Indent/>? On va l'éliminer nous-mêmes<Indent/>!"
21204,"Voyons si ce sabre est à la hauteur de sa légende."
21205,"Montre tes crocs, Ame no Habakiri<Indent/>!"
21206,"Vous serez mon échauf<SoftHyphen/>fe<SoftHyphen/>ment puisque vous pensez pouvoir me vaincre."
21207,"J'ai hâte de voir de quoi sont capables des êtres aussi imparfaits que vous."
21208,"Allons-y. Débattez-vous tant que vous le pourrez."
21209,"Hmpf, alors il reste des sots assez téméraires pour ne pas fuir à la simple vue de Zenos..."
21210,"Il est coriace<Indent/>! Mais après tout le chemin qu'on a fait, on ne va pas échouer ici<Indent/>!"
21211,"Je commence à me sentir à l'aise dans ce corps... Passons aux choses sérieuses."
21212,"Je l'ai sentie passer... Mais je suis encore debout<Indent/>!"
21213,"Un sort d'immobilisation<Indent/>!? Faut que je me sorte de là<Indent/>! GnnnnNNNN<Indent/>!"
21214,"Vous seriez moins bavards si vous vous donniez à cent pour cent... Déchaînons les Ténèbres..."
21215,""
21216,""
21217,"Tu as survécu à mon attaque<Indent/>!? Comment as-tu rendu ton âme aussi résiliente<Indent/>!?"
21218,"Im<SoftHyphen/>pres<SoftHyphen/>sionnant... La Lumière brille de mille feux en toi, <If(PlayerParameter(4))>messagère<Else/>messager</If>. Mais elle n'est rien devant les Ténèbres absolues<Indent/>!"
21219,"Ta vie va retourner à la mer des étoiles... pour le bien de ce monde<Indent/>!"
21220,"Lahabrea a fait pâle figure devant toi, mais je suis le médiateur<Indent/>! Prends garde à ne pas me sous-estimer<Indent/>!"
21221,"Te voilà enfin, <If(PlayerParameter(4))>héroïne<Else/>héros</If> d'Éorzéa... J'éteindrai à jamais cette odieuse Lumière qui t'habite<Indent/>!"
21222,""
21223,"Ô Ténèbres, source de toutes choses<Indent/>!
Jaillissez de mon âme et défendez ma cause<Indent/>!"
21224,"Pousse-moi dans mes derniers retranchements que je vois de quoi ce nouveau corps est capable<Indent/>!"
21225,"Gouargh<Indent/>! Argh... Ah... Lyse a pris ma place<Indent/>!"
21226,"Non... Quel déshonneur..."
21227,"Yugiri<Indent/>! On doit sauver Lyse<Indent/>!"
21228,"Ne t'en fais pas, Yugiri<Indent/>! Je m'occupe du reste<Indent/>!"
21229,"Non...<Indent/>! Je dois... encore me battre..."
21230,"Bon sang<Indent/>! J'en ai loupé une<Indent/>!"
21231,"C'est le moment d'utiliser ma botte secrète..."
21232,"Tu n'auras pas Hien<Indent/>!"
21233,"Non, pas maintenant..."
21234,"Je me suis fait avoir<Indent/>!"
21235,"Bien joué, Yugiri<Indent/>! Mais c'est pas fini, il faut couvrir Lyse<Indent/>!"
21236,"T-tu peux compter sur moi<Indent/>! Je ne vous laisserai pas tomber<Indent/>!"
21237,"Avancée <If(PlayerParameter(4))>de l'Héroïne<Else/>du Héros</If>"
21238,"Accrochez-vous<Indent/>! Je ne veux pas que <Split(<Highlight>ObjectParameter(1)</Highlight>, ,1)/> nous trouve en piteux état<Indent/>!"
21239,"<Split(<Highlight>ObjectParameter(1)</Highlight>, ,1)/> est en chemin, j'en suis sûr<Indent/>! Nous n'avons qu'à tenir bon jusqu'à son arrivée<Indent/>!"
21300,"Atteindre la Teag Gye"
21301,"Franchir la Teag Gye"
21302,"Atteindre le Repos de Griaule"
21303,"Franchir le Repos de Griaule"
21304,"Atteindre la salle du trésor"
21305,"L'eau, c'est la vie<Indent/>! Buvez mes jolies pousses<Indent/>! Buvez jusqu'à plus soif<Indent/>!"
21306,"Je ne veux pas voir une seule fleur fanée dans mon jardin<Indent/>!"
21307,"Suivez le guide<Indent/>! Sinon, le trésor que vous cherchez vous filera entre les doigts<Indent/>!"
21308,"Mince alors<Indent/>! J'ai buté dans un nid d'abeilles par inadvertance<Indent/>! Quel étourdi je fais<Indent/>!"
21309,"Pas trop de piqûres<Indent/>? Ne m'en voulez pas, les accidents, ça arrive<Indent/>!"
21310,"Notre jardin vous plaît<Indent/>!? On y fait fleurir les arbustes les plus touffus, l'herbe la plus douce, et les fleurs les plus jolies<Indent/>!"
21311,"Ah là là<Indent/>! Quel dommage<Indent/>! Regardez bien, c'est une fausse<Indent/>! Rejoignez-moi au cœur du château si vous voulez la vraie<Indent/>!"
21312,"Bienvenue dans notre humble château<Indent/>!"
21313,"Fé<SoftHyphen/>li<SoftHyphen/>ci<SoftHyphen/>ta<SoftHyphen/>tions<Indent/>! Quel talent<Indent/>!"
21314,"Mais la fête ne fait que commencer<Indent/>! Suivez-moi<Indent/>!"
21315,"Tiens, tiens<Indent/>! Voilà nos hôtes<Indent/>!"
21316,"Voilà comment on reçoit chez les Fuath<Indent/>!"
21317,"Cet accueil vous donne des frissons, n'est-ce pas<Indent/>? Vous ne l'oublierez pas de sitôt, je vous le garantis<Indent/>!"
21318,"Passons à l'entracte<Indent/>! Je vous ai réservé un interlude musical<Indent/>!"
21319,"Je me demande... Quelle illusion vous offrira mon envoûtante mélodie<Indent/>?"
21320,"Ha<Indent/>! Bravo<Indent/>! Votre sang-froid a su défaire mon illusion<Indent/>!"
21321,"Je vais faire vibrer votre corde sensible... la corde de terreur<Indent/>!"
21322,"La coda n'est pas encore venue...<Indent/>! Mon refrain reprend... crescendo<Indent/>!"
21323,"Vous...<Indent/>! Vous avez gâché mon récital<Indent/>!"
21400,"Atteindre La première Calamité"
21401,"Franchir La première Calamité"
21402,"Atteindre La deuxième Calamité"
21403,"Franchir La deuxième Calamité"
21404,"Atteindre La troisième Calamité"
21405,"Venez assister aux derniers jours d'Amaurote..."
21406,"L'ordre qui régnait sur la planète s'effondra, du jour au lendemain."
21407,"Les arcanes de la création, pervertis, donnèrent naissance à des monstruosités sans nom."
21408,"Tout comme la foi engendre les Primordiaux, la terreur des hommes s'incarna en Bêtes féroces."
21409,"La terre s'ouvrit, les rivières se teintèrent de sang, des civilisations entières disparurent dans les flammes."
21410,"Mais le pire était encore à venir... Apprêtez-vous à découvrir la cruelle vérité..."
21411,"Je vous en prie, avancez."
21412,"Contemplez à présent l'apocalypse telle que nous l'avons vécue."
21413,"La planète s'enténébrait inexorablement. Nous devions à tout prix réparer sa mécanique."
21414,"Mais entre notre but et nous se dressait un adversaire de taille..."
21415,"Le hurlement de la deuxième Bête engendrait plus de terreur, et donc plus d'abo<SoftHyphen/>mi<SoftHyphen/>na<SoftHyphen/>tions."
21416,"La Bête invoqua la mort venue du ciel."
21417,"Une fois la peur instillée, plus rien ne pouvait l'éteindre."
21418,"La Bête se nourrit de la peur, et grossit au point d'éclater..."
21419,"Vaincre Mégatherion"
21420,"La première Bête était d'une laideur innommable."
21421,"Elle faisait pleuvoir de funestes étoiles anéantissant toute forme de vie."
21422,"Même une fois la Bête vaincue, l'apocalypse se poursuivit inexorablement."
21423,"Du désespoir le plus profond naquit la troisième Bête."
21424,"La destruction était son seul langage. Rien n'échappait à ses rayons mortels."
21425,"C'est en voyant cette Bête que l'humanité comprit..."
21426,"... qu'à moins d'un immense sacrifice, la planète était condamnée."
21500,"Atteindre le cimetière de chariots"
21501,"Franchir le cimetière de chariots"
21502,"Atteindre la Source de Malikah"
21503,"Franchir la Source de Malikah"
21504,"Atteindre l'aven oublié"
21505,"Vaincre <Sheet(BNpcName,8249,0)/>"
21600,"Atteindre l'atelier d'opti-rénovation"
21601,"Franchir l'atelier d'opti-rénovation"
21602,"Atteindre l'observatoire des flux éthérés"
21603,"Franchir l'observatoire des flux éthérés"
21604,"Atteindre le cœur du propulseur dimensionnel"
21605,"Paralysie spatio-temporelle des drones..."
21606,"Reprise du temps dans 3..."
21607,"Reprise du temps dans 2..."
21608,"Reprise du temps dans 1..."
21609,"Le temps a repris son cours<Indent/>!"
21700,"Atteindre le département d'ichtyogénie"
21701,"Franchir le département d'ichtyogénie"
21702,"Atteindre le département de phytogénie"
21703,"Franchir le département de phytogénie"
21704,"Atteindre le département de phantasmagénie"
21705,"J'offre ma vie en échange de la création qui nous sauvera<Indent/>!
Quetzalcóatl<Indent/>! Reforge les chaînes d'Archaeotania<Indent/>!"
21706,"Évacuez<Indent/>! La bête a rompu ses chaînes et libéré nos créations<Indent/>!
Akadaemia Anydre est envahie<Indent/>!"
21707,"Vaincre <Sheet(BNpcName,8273,0)/>"
21800,"Atteindre la Porte divine"
21801,"Franchir la Porte divine"
21802,"Atteindre la Cavité ombragée"
21803,"Franchir la Cavité ombragée"
21804,"Atteindre l'Autel d'Ox'Gatorl"
21805,"Protecteurs ailés<Indent/>! Punissez ceux qui envahissent le sanctuaire<Indent/>!"
21806,"Protecteurs ailés<Indent/>! Libérez votre colère<Indent/>!"
21807,"Vous osez entrer dans l'ancien sanctuaire... Anéantir... Envahisseurs... Je vais vous anéantir..."
21808,"Vaincre <Sheet(BNpcName,8233,0)/>"
21809,"洞窟の奥から、何かが聞こえてきた……"
21810,"洞窟の奥から、叫び声のようなものが聞こえてきた……"
21811,"洞窟の奥から、またもや叫び声が聞こえた……！"
21812,"叫び声の主は、近くにいるようだ……！"
21900,"Vainquez Tadric<Indent/>!"
21901,""
21902,""
21903,""
21904,""
21905,"Allez<Indent/>! Combattez et mourrez pour moi, tels les vulgaires pions que vous êtes<Indent/>!"
21906,"Serpent... Au nom de la justice, je vous tuerai<Indent/>!"
21907,"M-mes attaques n'ont aucun effet sur Tadrrric<Indent/>!"
21908,"Vous ne briserez jamais mon sortilège, tas de vermines<Indent/>!"
21909,"Ces monstres le protègent, on doit d'abord s'en occuper<Indent/>!"
21910,"Je suppose qu'on ne peut plus sauver ceux qu'il a trrransformés... Dans ce cas..."
21911,"Branden<Indent/>! Attire-les au centre<Indent/>!"
21912,"Incroyable... Vous êtes aussi forts et courageux qu'on le dit."
21913,"Fini de jouer, Tadric<Indent/>! Préparez-vous à payer pour vos crimes<Indent/>!"
21914,"Pas si vite, mon cher Branden. J'ai encore beaucoup de pions à sacrifier<Indent/>!"
21915,"Réjouissez-vous, mes doux agneaux... Je vais vous offrir un peu de ma grandeur<Indent/>!"
21916,"Je vais rester près de Lamitt. Branden, va protéger Nyelbert<Indent/>!"
21917,"Allez, mes fidèles serviteurs... Faites-moi plaisir, brûlez-moi ces avortons<Indent/>!"
21918,"Comment osez-vous traiter ainsi vos propres hommes<Indent/>!?"
21919,"Plus vous vous obstinerez à lutter, plus mes agneaux souffriront le martyre."
21920,"Hahahahaha<Indent/>! Tenez, voilà d'autres innocentes victimes<Indent/>!"
21921,"Tadric... Enfoiré<Indent/>!!!"
21922,"Je le sens mal... Branden, il faut stopper cette incantation<Indent/>!"
21923,"Admirez comme mon pouvoir peut transfigurer un vulgaire pion<Indent/>!"
21924,"Combien de temps encore allez-vous tenir<Indent/>? Je me le demande..."
21925,"Si ça continue, il va nous avoir à l'usurrre..."
21926,""
21927,"Du nerf, les amis<Indent/>! La meilleure défense, c'est l'attaque... En avant<Indent/>!"
21928,"Comprrris<Indent/>! Je me battrai tant qu'il me restera des flèches<Indent/>!"
21929,"Branden, attire-les au centre encore une fois<Indent/>!"
21930,"Tadric<Indent/>! Cette fois, c'est fini pour vous<Indent/>!"
21931,"Ne m'enterrez pas trop vite. C'est moi qui vais tous vous tuer, à commencer par cette Naine..."
21932,"Cette Naine... Lamitt<Indent/>!?"
21933,"... Branden<Indent/>! Lamitt est en danger, va la protéger, vite<Indent/>!"
21934,"Merci, vous m'avez sauvée<Indent/>!"
21935,"Bon, je me suis assez amusé comme ça. L'heure est venue d'en finir avec vous<Indent/>!"
21936,"Ce château sera votre tombeau<Indent/>!"
21937,"Je sens une énorme con<SoftHyphen/>cen<SoftHyphen/>tra<SoftHyphen/>tion d'énergie éthérée<Indent/>! Il va la déchaîner sur nous tous<Indent/>!"
21938,"Pas si on lui règle son compte avant<Indent/>!"
21939,"Il est trop tard pour vous repentir, Tadric. Acceptez votre châtiment<Indent/>!"
21940,"Mouhahahaha<Indent/>! Pauvre de vous, Branden... Ce royaume et votre chère princesse sont à moi désormais<Indent/>!"
21941,""
21942,"Oui... On ne résistera pas indéfiniment..."
21943,"Vous vous accrochez à la vie, on dirait. Mais plus pour longtemps..."
21944,"Il va falloir être plusieurs pour encaisser cette attaque... C'est le moment de se serrer les coudes<Indent/>!"
21945,"Bien compris<Indent/>!"
21946,"Vous allez danser pour moi<Indent/>!"
21947,"L'énergie éthérée de ce monstre est en train de s'emballer dan<SoftHyphen/>ge<SoftHyphen/>reu<SoftHyphen/>se<SoftHyphen/>ment..."
21948,"C'est comme ça qu'on se sert de ses pions<Indent/>!"
21949,"Les hérétiques de votre espèce ne méritent que la mort... Vous allez goûter à la lame de mon épée<Indent/>!"
21950,""
22000,"Venez jouer avec moi... jusqu'au matin qui ne viendra jamais..."
22001,"Une jolie fleur rouge<Indent/>! Pour vous écrabouiller<Indent/>!"
22002,"Qui veut danser avec la foudre<Indent/>!?"
22003,"La Lumière brille brille brille<Indent/>! Que le ciel est joli<Indent/>!"
22004,"Rien n'arrête de belles racines serpentantes<Indent/>!"
22005,"J'en ai assez de ce château<Indent/>! Jouons dans la forêt<Indent/>!"
22006,"Dansez avec les feuilles<Indent/>! Tournez, virevoltez<Indent/>!"
22007,"Ah ah ah<Indent/>! Qu'est-ce qu'on s'amuse<Indent/>! Allez, la fête continue<Indent/>!"
22008,"Quelqu'un se cacherait-il dans l'eau<Indent/>!? Sors de là<Indent/>!"
22009,"Ne jouez pas trop avec le feu<Indent/>!"
22010,"Hmm... Ça ce serait drôle, mais ça aussi. Qu'est-ce qu'on fait<Indent/>?"
22011,"Ah ah ah<Indent/>! Poussez un peu plus vite, mes petits<Indent/>!"
22012,"Plus gros<Indent/>! Plus gros<Indent/>! Plus gros<Indent/>!"
22013,"Vous me faites mal... Pourquoi êtes-vous si méchants...<Indent/>?"
22014,""
22015,"Ces songes m'ennuient, et puis... vous n'échapperez jamais à votre destin, pauvres petits mortels.
Là... dormez, maintenant... et ne vous réveillez jamais<Indent/>!"
22016,"Mais... Mais...<Indent/>? Où sont-ils tous passés...<Indent/>? Rendez-moi mes amis<Indent/>!"
22017,"Plus on est de fous, plus on rit<Indent/>! Venez, mes petits<Indent/>!"
22018,""
22019,""
22020,""
22100,"Atteindre La Talure"
22101,"Franchir La Talure"
22102,"Atteindre la place du Cheptel"
22103,"Franchir la place du Cheptel"
22104,"Atteindre l'esplanade du Manoir"
22105,"Vaincre <Sheet(BNpcName,8301,0)/>"
22106,"Ah... ah... ah... Graaargh<Indent/>!"
22107,"Grrraaarrrgh<Indent/>!!!"
22108,""
22109,""
22110,""
22200,"Vils servants de la Lumière... Je vais mettre un terme à votre existence<Indent/>! Vous n'aurez pas cet astre<Indent/>!"
22201,""
22202,"Les barrières entre nos mondes ne sont rien de plus qu'un tissu chétif face à ma puissance<Indent/>!"
22203,"Contemplez les abysses, suppôts de la Lumière<Indent/>!"
22204,"L'appel de la mort est inexorable."
22205,"Les Ténèbres règnent sur le chaos. Noyez-vous dans leur noirceur<Indent/>!"
22206,"Ô sombres abysses<Indent/>! Brisez les barrières et immiscez-vous dans ce monde<Indent/>!"
22207,"Vos péchés ne resteront pas impunis<Indent/>!"
22208,"Voici le destin de ceux qui se laissent aveugler par la Lumière<Indent/>!"
22209,"Vaincre la marcheuse du néant"
22210,"Finissons-en... Que ce soit votre corps ou votre âme, rien ne subsistera<Indent/>!"
22211,"Abjectes défenseurs de la Lumière... J'aurai vos têtes<Indent/>!"
22300,"Vainquez les purgateurs<Indent/>!"
22301,"Vainquez Sophrosyne<Indent/>!"
22302,"Vainquez Ixtlilton<Indent/>!"
22303,""
22304,""
22305,"(Ne fonce pas dans l'tas, <Split(<Highlight>ObjectParameter(1)</Highlight>, ,1)/><Indent/>! Voyons d'abord ce qu'elle va faire...)"
22306,"(Elle prépare son sort<Indent/>! N'en rate pas une miette<Indent/>!)"
22307,"(Elle a réussi à le ranimer, comme prévu. Par contre, qu'attend-elle pour s'occuper de l'autre...<Indent/>?)"
22308,"(Oh, et pis zut<Indent/>! C'est pas le moment de cogiter<Indent/>! On y va, part'naire<Indent/>!)"
22309,"Je m'occupe de c'lui-là, sinon il va nous gêner<Indent/>!"
22310,"Ah... aaAAAHHHH<Indent/>!!!"
22311,"Je le sens qui faiblit<Indent/>! Continue comme ça, <Split(<Highlight>ObjectParameter(1)</Highlight>, ,1)/><Indent/>!"
22312,"Bravo nous<Indent/>! Au tour de Sophro... Quoi<Indent/>!?"
22313,"Rah...<Indent/>! Elle s'lasse jamais, ma parole<Indent/>! Changeons de stratégie<Indent/>!"
22314,"Je vais tenir ce blanc-bec en respect<Indent/>! Pendant ce temps, essaie de vaincre Sophrosyne tout<If(PlayerParameter(4))>e<Else/></If> seul<If(PlayerParameter(4))>e<Else/></If><Indent/>!"
22315,"Gnargh... Il... Il tape dur... Des soins seraient pas de refus, <Split(<Highlight>ObjectParameter(1)</Highlight>, ,1)/><Indent/>!"
22316,"Je la vois qui commence à fléchir<Indent/>! Continue comme ça, <Split(<Highlight>ObjectParameter(1)</Highlight>, ,1)/><Indent/>!"
22317,"Bien joué, part'naire<Indent/>! Je savais que... Q-qu'est-ce qui se passe<Indent/>!?"
22318,"Si près du but... Pardonnez-moi, mes amis... Pardonne-moi... pe... ti..."
22319,"B-bordel... Je manquais encore autant de force...<Indent/>?"
22320,"Désolée... Je suis à bout..."
22321,"Nous allons échouer... par ma faute..."
22322,"C'est parti<Indent/>! Lamitt, je compte sur toi pour les soins<Indent/>!"
22323,"Argh... Son attaque m'a engourrrdi les bras<Indent/>! Lance-moi Guérison quand tu auras le temps, Lamitt<Indent/>!"
22324,"Merrrci<Indent/>! Je passe à la contre-attaque<Indent/>!"
22325,"Lamitt<Indent/>! Tu pourras pas l'encaisser seule celle-là, colle-toi bien à nous<Indent/>!"
22326,"Merci de m'avoir protégée<Indent/>!"
22327,"Il me cible<Indent/>!? Ça sent pas bon, ça<Indent/>!"
22328,"Ah... Ahh... Je sens la vie... qui m'abandonne... Lamitt<Indent/>! Aide-moi<Indent/>!"
22329,"Ça va mieux<Indent/>! Merci, Lamitt<Indent/>!"
22330,"Les statues<Indent/>! Elles se mettent à bouger<Indent/>! L'endroit était mieux gardé qu'on le pensait<Indent/>!"
22331,"Je les prends<Indent/>! Renda, tu me files un coup de main<Indent/>!?"
22332,"J'en fais mon affairrre<Indent/>! Accroche-toi<Indent/>!"
22333,"Grrr... Ils sont plus costauds que je le crrroyais<Indent/>! Mais c'est pas ça qui les sauvera<Indent/>!"
22334,"Pfiou... Et voilà, un beau tas de gravier<Indent/>! Allez, on se concentre sur l'autre tas de plume<Indent/>!"
22335,"La chouette t'a prise pour cible, Lamitt<Indent/>! Rapproche-toi de moi, je vais te couvrir<Indent/>!"
22336,"Ahh... Ahhh... Je... Je vais perdre con<SoftHyphen/>nais<SoftHyphen/>san<SoftHyphen/>ce... Lamitt, restaure toute ma vitalité, sans quoi, je..."
22337,"La malédiction...<Indent/>! Ta magie l'a contrecarrée, Lamitt<Indent/>!"
22338,"Donnez tout ce que vous avez<Indent/>! Je sens qu'on y est presque<Indent/>!"
22339,"À toi l'honneur, Lamitt<Indent/>! On ouvre le bal quand tu veux<Indent/>!"
22340,"Lamitt...<Indent/>! J'ai... J'ai besoin de tout ce que tu as en soin, maintenant<Indent/>! Sinon...<Indent/>!"
22400,"Approchez... L'heure de votre jugement a sonné<Indent/>!"
22401,"Venez, mes petits, le repas est servi<Indent/>! Au menu<Indent/>: des rebelles dodus et juteux<Indent/>!"
22402,"Mes pauvres petits anges chétifs... Recevez ma bénédiction<Indent/>!"
22403,"Vous m'avez assez diverti comme ça... Finissons-en<Indent/>!"
22404,"Vous souffrez<Indent/>? C'est normal. Ceci est votre châtiment<Indent/>!"
22405,"Vous regrettez à présent, n'est-ce pas<Indent/>? N'EST-CE PAS<Indent/>!?"
22406,"Je ne comprends pas... Pourquoi refusez-vous de vous soumettre<Indent/>!?"
22407,"Pourquoi... POURQUOOOI<Indent/>!?"
22408,"Aguaaargh<Indent/>! Ça brûle<Indent/>! Ça brûûûle<Indent/>!"
22409,"Quelle est donc... cette puissance<Indent/>!?"
22410,"Je sens la Lumière affluer en moi<Indent/>! Quelle sensation<Indent/>!"
22411,"Voici donc l'ultime épreuve avant ma renaissance en dieu..."
22412,"Moi, l'innocence incarnée, je relève le défi<Indent/>!"
22413,"Votre heure a sonné..."
22414,"Laissez-moi vous libérer de vos péchés<Indent/>!"
22415,"Ma résurrection est accomplie<Indent/>! Je suis l'innocence divine<Indent/>!"
22416,""
22417,""
22418,""
22419,""
22420,""
22500,"Revivez la rencontre entre Nyelbert et Ardbert<Indent/>!"
22501,"ボヴァインを倒せ"
22502,""
22503,"Une fois que Bovian aura mordu la poussière, on cherchera un moyen de sortir de ce trou. D'ici là, on compte tous sur toi, Nyelbert<Indent/>!"
22504,"... Je ne vous décevrai pas."
22505,"On s'occupe de les attirer<Indent/>! À toi de jouer, Nyelbert<Indent/>!"
22506,"On dirait qu'on n'est pas les seuls à être coincés ici, hein<Indent/>?"
22507,"Tout ça ne me dit rien qui vaille..."
22508,"Je prends celui de gauche<Indent/>! Cylva, celui de droite est pour toi<Indent/>!"
22509,"Ça, c'est ce que j'appelle du travail d'équipe<Indent/>!"
22510,"チィッ！　もう1体いやがったか！"
22511,"ラミット！　クソッ、あの岩を破壊しないとマズいぞ！"
22512,"すまない……ラミット……。"
22513,"命拾いしたわ、ありがとう……！"
22514,"ああ、俺の仲間を助けてくれて感謝する！"
22515,"Attention, voilà un gros bébé<Indent/>!"
22516,"Tu crois toujours que tu aurais pu t'en sortir tout seul, Nyelbert<Indent/>?"
22517,"Disons que ça aurait pro<SoftHyphen/>ba<SoftHyphen/>ble<SoftHyphen/>ment été un peu plus compliqué que prévu..."
22518,"開けた場所に出そうです。"
22519,"ここが、ボヴァインの根城か……。"
22520,"Le voilà<Indent/>! C'est Bovian, celui qui pompe tout l'éther terrestre<Indent/>!"
22521,"Il ne le pompera plus très longtemps. Lamitt, Cylva, Nyelbert... CHAAARGEEEZ<Indent/>!!"
22522,"Mes sorts auront raison de ce monstre<Indent/>!"
22523,"Je vais attirer son attention<Indent/>!"
22524,"Ah, j'étais sûre qu'il nous enverrait ses sbires<Indent/>! Éliminons-les le plus vite possible<Indent/>!"
22525,"C'est comme si c'était fait<Indent/>!"
22526,"Attention, ça va chauffer<Indent/>!"
22527,"Et voilà le travail<Indent/>!"
22528,"Ça tremble encore<Indent/>! Pourvu qu'on ne se fasse pas ensevelir si près du but..."
22529,"Reculez-vous, il a l'air très énervé<Indent/>!"
22530,"Restez près de moi, je vais tous nous soigner d'un coup<Indent/>!"
22531,"Encore<Indent/>!? Tout le monde vers l'arrière<Indent/>!"
22532,"Cachez-vous derrière les rochers, ou vous risquez d'avoir très très mal<Indent/>!"
22533,"Il prépare sa botte secrète<Indent/>! Tous derrière moi<Indent/>!"
22534,"Cylva<Indent/>!! Tu tiens le coup<Indent/>? Il faut en finir au plus vite<Indent/>! Donnez tout ce que vous avez<Indent/>!"
22535,"チィッ、はずしたか！
だが、あと少しで……！　このまま押し切るんだ！"
22536,""
22537,"T-Taynor... Pardonne-moi..."
22538,"Cette caverne est vraiment très profonde..."
22539,"Le commanditaire aurait pu nous fournir une carte de cette grotte... Enfin, vu qu'elle risque de s'effondrer sur nos têtes à tout moment, ça n'a plus vraiment d'importance<Indent/>!"
22540,""
22600,"Dirigez-vous vers le cœur du confessionnal<Indent/>!"
22601,"Notre objectif se trouve au plus profond de ces vestiges. Essayons de l'atteindre le plus vite possible<Indent/>!"
22602,"Attendez<Indent/>! Je crois que nous allons avoir affaire à des gardiens chargés d'éliminer les gêneurs..."
22603,"Selon la légende, les “maléfices ronka” de ces golems seraient capables de provoquer une mort très douloureuse..."
22604,""
22605,"Mince, on a été repéré<If(PlayerParameter(4))>es<Else/>s</If><Indent/>! Il va falloir user de la force<Indent/>!"
22606,"La malédiction de ces gardiens est cumulative. Plus on en absorbe, plus son effet s'intensifie. Voilà pourquoi il faut les éviter à tout prix<Indent/>!"
22607,"... <Split(<Highlight>ObjectParameter(1)</Highlight>, ,1)/><Indent/>? Qu'est-ce qui t'arrive<Indent/>!? <Split(<Highlight>ObjectParameter(1)</Highlight>, ,1)/><Indent/>!!"
22608,""
22609,""
22610,""
22611,"Attention, la ronde des gardiens n'est pas la même que dans la salle précédente..."
22612,""
22613,""
22614,""
22615,""
22616,"Attendez<Indent/>! Malgré toute notre expérience, affronter quatre gardiens aussi gi<SoftHyphen/>gan<SoftHyphen/>tesques en même temps n'est pas la meilleure des idées."
22617,""
22618,"Dans ce cas, je vais créer des leurres pour attirer leur attention. Cela me coûtera une bonne partie de mon énergie magique, mais mieux vaut éviter les complications autant que possible."
22619,"Une fois qu'ils seront tous occupés, nous n'aurons plus qu'à nous précipiter de l'autre côté de la salle. Vous êtes prêt<If(PlayerParameter(4))>es<Else/>s</If><Indent/>? C'est parti<Indent/>!"
22620,""
22621,"J'ai échoué... Je n'arrive pas... à y croire..."
22622,"Pardonnez-moi... alliés de Ronka..."
22623,"Ce courant éthéré devrait nous servir de téléporteur. Nous n'avons plus qu'à l'emprunter pour découvrir où il mène."
22624,"Almet, il y a un vieux chevelu qui court à toute vitesse vers le cœur du confessionnal<Indent/>! Pour quelqu'un de cet âge, il est im<SoftHyphen/>pres<SoftHyphen/>sion<SoftHyphen/>nant<Indent/>!"
22625,"Almet, <Split(<Highlight>ObjectParameter(1)</Highlight>, ,1)/><Indent/>! Vous m'entendez<Indent/>?"
22626,"On dirait que nous avons été téléporté<If(PlayerParameter(4))>es<Else/>s</If> à des endroits différents. Et cet air embrumé... Prenez garde, il est chargé de poison<Indent/>!"
22627,"Non seulement ça, mais je suis également incapable de lancer le moindre sort<Indent/>! Il n'y a pas à dire, Ronka savait y faire en matière de défense..."
22628,"Ça y est, j'ai réussi à m'échapper<Indent/>! Dépêchez-vous de sortir de là, vous aussi<Indent/>!"
22629,"Moi aussi, je suis enfin dehors<Indent/>! <Split(<Highlight>ObjectParameter(1)</Highlight>, ,1)/>, est-ce que ça va<Indent/>?"
22630,"Il ne peut s'agir de nul autre que du général Ran'jit en personne... Nous devons arriver au but avant lui<Indent/>!"
22631,"Que se passe-t-il, <Split(<Highlight>ObjectParameter(1)</Highlight>, ,1)/><Indent/>? Fais vite, la suite du chemin est devant nous<Indent/>!"
22632,"C'est compris, on se retrouve plus tard. Soyez prudentes<Indent/>!"
22633,"Ouf, on s'en est sorti<If(PlayerParameter(4))>es<Else/>s</If> tant bien que mal..."
22634,"Encore cette brume qui empêche d'agir à sa guise... sauf que cette fois, je ne ressens aucun poison dans l'air. Restons tout de même sur nos gardes..."
22635,"Un rocher fonce droit sur nous<Indent/>! Courez<Indent/>!!"
22636,"Là, à droite<Indent/>! Une cavité<Indent/>!"
22637,"À la une, à la deux... à la trois<Indent/>!"
22638,"Pas de retour en arrière possible, on dirait... Continuons le long de ce cours d'eau."
22639,"Almet, deux Eulmoriens se sont introduits à l'intérieur<Indent/>! Cymet et moi faisons notre maximum pour les rattraper<Indent/>!"
22640,"Bien reçu<Indent/>! N'oubliez pas de surveiller vos arrières au passage<Indent/>!"
22641,"Il semblerait que la confrontation directe avec au moins deux Eulmoriens soit de l'ordre de l'inévitable..."
22642,"On s'en inquiétera le moment venu. Pour l'instant, on continue d'avancer<Indent/>!"
22643,"Hmm... Une telle porte à un tel endroit, c'est assez étrange. Et si ça signifiait que nous approchons du but<Indent/>?"
22644,"Vous voilà enfin, bande de rats<Indent/>!"
22645,"Les voilà<Indent/>! À l'attaque<Indent/>!"
22646,""
22647,"Encore des golems<Indent/>!? Laisse-moi m'occuper d'eux pendant que tu actives le mécanisme<Indent/>!"
22648,"Je ne pourrai plus tenir très longtemps... Dépêche-toi<Indent/>!"
22649,"<Split(<Highlight>ObjectParameter(1)</Highlight>, ,1)/>, je t'avais dit d'être patient<If(PlayerParameter(4))>e<Else/></If><Indent/>! Écoute-moi la prochaine fois, s'il te plaît<Indent/>!"
22650,"Ce sol est divisé en cases, et les flèches indiquent la direction où chacune d'entre elles mène. Trouvez le bon chemin pour atteindre le téléporteur orange<Indent/>!"
22651,"Hmm<Indent/>? C'était quoi, ce bruit venu de derrière<Indent/>?"
22652,"C'est... C'est une blague<Indent/>!?"
22653,""
22654,""
22655,""
22656,""
22657,""
22658,"Mais qu'est-ce que tu fabriques<Indent/>? C'est vraiment pas le moment de s'amuser<Indent/>!"
22659,""
22660,"Nous allons les retenir ici aussi longtemps que possible<Indent/>! Profitez-en pour activer le mécanisme<Indent/>! Vite<Indent/>!"
22661,"Vous avez entendu comme moi, mais je me demande de qui elle parlait..."
22662,"Maudits rebelles<Indent/>! Ces murs de pierre couverts de moisissure seront votre tombeau<Indent/>!"
22663,""
22664,""
22665,"Laissez-moi faire, je m'occupe de lui<Indent/>!"
22666,"Avancez en évitant les gardiens<Indent/>!"
22667,"Avancez au fond de la salle avec l'aide de Y'shtola<Indent/>!"
22668,"Échappez-vous avant que le poison vous achève<Indent/>!"
22669,"Continuez d'avancer<Indent/>!"
22670,"Avancez en évitant les rochers<Indent/>!"
22671,"Sautez dans le précipice<Indent/>!"
22672,"Continuez d'avancer<Indent/>!"
22673,"Empêchez Ran'jit d'accéder au mécanisme<Indent/>!"
22674,"Activez le mécanisme de Ronka<Indent/>!"
22675,"Arrêtez-le, mes sœurs<Indent/>! Je compte sur vous<Indent/>!"
22676,"Argh<Indent/>! Ils sont coriaces<Indent/>!"
22677,"Et maintenant, tu vas arrêter de gigoter<Indent/>!"
22678,"<Split(<Highlight>ObjectParameter(1)</Highlight>, ,1)/>, faites vite<Indent/>! Ce n'est qu'une question de temps avant qu'il se libère<Indent/>!"
22679,"Nous sommes à bout de forces<Indent/>! Par pitié, dépêchez-vous<Indent/>!"
22680,""
22681,""
22682,""
22683,""
22684,""
22685,""
22686,""
22687,""
22700,"Affaiblissez Ran'jit<Indent/>!"
22701,"Affaiblissez Ran'jit<Indent/>!"
22702,"Utilisez l'action de mission pour survivre à l'assaut<Indent/>!"
22703,"Utilisez l'action de mission pour tirer une cartouche<Indent/>!"
22704,"Affaiblissez Ran'jit et attendez le bon moment<Indent/>!"
22705,"Utilisez l'action de mission pour survivre à l'assaut<Indent/>!"
22706,"Utilisez l'action de mission pour tirer une autre cartouche<Indent/>!"
22707,"Affaiblissez Ran'jit et attendez le bon moment<Indent/>!"
22708,"Utilisez l'action de mission pour survivre à l'assaut<Indent/>!"
22709,"Résistez aux attaques de Ran'jit<Indent/>!"
22710,"Utilisez l'action de mission pour survivre à l'assaut<Indent/>!"
22711,"Utilisez l'action de mission pour tirer la dernière cartouche<Indent/>!"
22712,""
22713,"Tu ne lâches donc jamais prise<Indent/>? Cette fois, je vais te régler ton compte pour de bon<Indent/>!"
22714,"Tu aboies fort, sale chien, mais tes aboiements ne sont que des mensonges. Comme ceux avec lesquels tu as perverti Minfilia<Indent/>!"
22715,"Je ne lui ai pas menti, je lui ai simplement caché des choses. Et malgré tout, elle a continué à aller de l'avant sans rien demander à personne<Indent/>!"
22716,"Pour aller où<Indent/>? Vers une vie de souffrance éternelle<Indent/>?"
22717,"Je me doutais que ce serait pas du gâteau..."
22718,"Que d'efforts inutiles..."
22719,"Sang de mon sang<Indent/>! Viens à moi<Indent/>!"
22720,"Mon arme<Indent/>! Mon armure<Indent/>! Anéantissons nos ennemis<Indent/>!"
22721,"Peuh<Indent/>! Tu crois me faire peur avec ton déguisement<Indent/>?"
22722,"Pourquoi continuer à guider Minfilia vers un monde qui n'en vaut pas la peine<Indent/>? Pourquoi<Indent/>?"
22723,"Laisse les Minfilia tranquilles... Ce sont justement elles qui nous forgeront un avenir digne de ce nom<Indent/>!"
22724,"C'est ce que nous croyions nous aussi, jadis... Une erreur qui a coûté la vie à de nombreuses jeunes filles<Indent/>!"
22725,"Merde<Indent/>! Impossible de tirer la cartouche de Minfilia<Indent/>!"
22726,"Puisque c'est comme ça, à moi de créer l'opportunité... en utilisant ma botte secrète..."
22727,"Je vois qu'on sait se battre..."
22728,"De toute façon, j'ai décidé de donner ma vie pour Minfilia... mais pas sans t'avoir emmené en enfer avec moi<Indent/>!"
22729,"Ça va pas fort..."
22730,"Mais c'est le moment ou jamais pour tirer ma cartouche<Indent/>!"
22731,"Ooooh... Te voilà au plus près de la mort..."
22732,"C'est un prix bien peu élevé pour qu'elle puisse remplir sa mission<Indent/>!"
22733,"Ne sous-estime pas les demoiselles nommées Minfilia, Ran'jit..."
22734,"Elles ont tellement d'amour à donner... Et toi, tu veux les tenir en cage<Indent/>!"
22735,"Et ça veut jouer les papas<Indent/>? Ridicule<Indent/>!"
22736,"Maintenant<Indent/>! La botte secrète du pistosabreur<Indent/>!"
22737,"Haa... Haa... Doucement... Tu vas sentir passer ma cartouche, vieux débris..."
22738,"Mort à nos opposants<Indent/>!"
22739,"Tu ne crois tout de même pas que je vais me laisser berner une deuxième fois<Indent/>?"
22740,"Ce combat doit avoir une fin, et il se terminera lors de l'impact de ma dernière cartouche<Indent/>!"
22741,"Tu tomberas avant moi<Indent/>!"
22742,"C'est pas le moment de vaciller..."
22743,"La cartouche de Minfilia... C'est la dernière... Ma dernière chance<Indent/>!"
22744,"Tu crois que je ne t'ai pas vu<Indent/>?"
22745,"Bordel, mais il a des yeux partout<Indent/>! Encore un petit effort..."
22746,"Pauvre sot<Indent/>! Combien de fois comptes-tu faire la même erreur<Indent/>?"
22747,"Haa... Haa... Ça ne passe plus, on dirait..."
22748,"Argh... J'arrive plus à mettre un pied devant l'autre à cause de cette technique..."
22749,"C'est tout ce que tu as dans le ventre<Indent/>? Alors, il est grand temps d'en finir<Indent/>!"
22750,"C'est lui ou moi... Je dois tenter le tout pour le tout<Indent/>!"
22751,"Encore une disparition, et advienne que pourra..."
22752,"Tu ne manques pas de combativité, je dois l'admettre... mais ta fin est proche<Indent/>!"
22753,"Encore plus proche de toi que tu ne le crois... À moi, Invisibilité sans âme<Indent/>!"
22754,"Quoi<Indent/>!? Où est-ce qu'il est passé<Indent/>?"
22755,"Qu'importe<Indent/>! Je vais faire parler ma colère, et elle t'emportera sur son passage<Indent/>!"
22756,"Brûle en enfer<Indent/>!"
22757,"Minfilia... Ma chère Ascilia... Avec toi à mes côtés, je ne peux pas perdre..."
22758,"Mon cœur va... lâcher... La cartouche... Maintenant<Indent/>!"
22759,""
22760,""
22761,"Rends-toi ou ta mort sera lente et douloureuse<Indent/>!"
22762,"À ta place, je ne parlerais pas trop vite<Indent/>!"
22763,"Tu es bien insolent pour un rat..."
22800,"Moi, Léviathan, je reviens des profondeurs asséchées pour déchaîner les marées<Indent/>!"
22801,"Même mes ouïes sont capables de fendre la pierre<Indent/>!"
22802,"Que les vagues déferlent et purifient cette terre<Indent/>!"
22803,"Nul ne dompte la mer. Le destin de l'Homme est d'être englouti par ses flots<Indent/>!"
22804,"Les vagues vont et viennent comme les ères... Et emportent tout<Indent/>!"
22805,"GRAAAAAAH<Indent/>! Les eaux montent<Indent/>! Leur puissance est mienne<Indent/>!"
22806,"Les ondes de la création sont inarrêtables<Indent/>!"
22807,"Les vagues continueront de déferler tant que cet astre vivra<Indent/>!"
22808,"Un océan sans limites recouvrira ce monde<Indent/>! Entendez le cri de désespoir venu des profondeurs<Indent/>!"
22809,"Sombrez dans les abysses<Indent/>!"
22810,"<Split(<Highlight>ObjectParameter(1)</Highlight>, ,1)/><Indent/>! Accrochez-vous<Indent/>! Je devrais pouvoir vous aider avec Éden<Indent/>!"
22811,"Ça y est<Indent/>! J'ai réussi à convertir assez d'éther pour restaurer la plateforme<Indent/>!"
22812,"Encore<Indent/>!? Tenez bon, je m'en occupe<Indent/>!"
22813,"Vous allez pouvoir respirer, <Split(<Highlight>ObjectParameter(1)</Highlight>, ,1)/><Indent/>!"
22814,"Vaincre <Sheet(BNpcName,8486,0)/>"
22815,""
22900,"Vainquez B'alam Quitze<Indent/>!"
22901,""
22902,""
22903,"B'alam Quitze, tu vas payer pourrr ce que tu as fait<Indent/>!"
22904,"Je ne suis plus la même<Indent/>! Mes flèches engourdissantes feront taire ton rrrugissement<Indent/>!"
22905,"Ça a marrrché<Indent/>! Je peux gagner..."
22906,"Ma tête... Il faut que je l'empêche de rugirrr avec mes flèches engourdissantes..."
22907,"Je ne peux pas perrrdre... Il faut que je fasse mouche avec mes flèches engourdissantes..."
22908,"Argh, encorrre... Je dois persévérer avec mes flèches engourdissantes..."
22909,"Mes flèches engourrrdissantes sont la clef de ce combat, je le sais<Indent/>!"
22910,"Je vais venger la morrrt de mes compagnons<Indent/>!"
22911,"C'est ma vengeance, et je dois l'accomplirrr seule."
22912,"Si seulement j'avais été aussi forrrte, mes compagnons seraient toujours là..."
22913,"Elle n'a même plus la forrrce de rugir<Indent/>!? C'est maintenant ou jamais<Indent/>!"
22914,"Hein<Indent/>!? Je ressens une puissante énerrrgie... Comment est-ce possible<Indent/>?"
22915,"Arrrgh<Indent/>! Seule, je ne suis pas de taille..."
22916,"Idiote<Indent/>! Qu'est-ce que tu fais ici toute seule<Indent/>?"
22917,"Ouf, on est arrivés à temps..."
22918,"Tu tiens le coup<Indent/>? Je vais te soigner<Indent/>!"
22919,"Tu voulais t'amuser sans nous, hein<Indent/>? Petite cachottière<Indent/>!"
22920,"Ça fait plaisir de te revoir<Indent/>!"
22921,"Vous êtes tous venus... Juste pourrr moi<Indent/>!?"
22922,"On parlera après<Indent/>! Renda, tu es toujours en état de te battre<Indent/>?"
22923,"Elle vise Renda et moi<Indent/>! Écartez-vous<Indent/>!"
22924,"Tous près de Nyelbert<Indent/>! On va la désorienter<Indent/>!"
22925,"Encore un rugissement<Indent/>!? Je ne te laisserrrai pas faire<Indent/>!"
22926,"Je t'arrêterai autant de fois qu'il faudrrra<Indent/>!"
22927,"Merde, rrraté..."
22928,"Calme-toi, Renda. Je suis là pour te protéger."
22929,"Tant que je suis là, vous n'avez rien à craindre<Indent/>!"
22930,"Je t'arrêterai autant de fois qu'il faudrrra<Indent/>!"
22931,"C'est bien, on continue comme ça<Indent/>!"
22932,"Allez, tous ensemble<Indent/>!"
22933,"Renda, Nyelbert<Indent/>! Près de Lamitt<Indent/>!"
22934,"Elle est en train de concentrer son énergie... Harcelons-la avant son attaque<Indent/>!"
22935,"Venez tous près de moi, je vais vous fortifier<Indent/>!"
22936,"B'alam Quitze<Indent/>! Tous ensemble, on te vaincrrra<Indent/>!"
22937,"Qu'est-ce qui se passe<Indent/>? On dirait qu'elle encaisse mieux les coups<Indent/>!"
22938,"Sans ton rugissement, tu ne me fais pas peurrr<Indent/>!"
22939,"Reste zen, Renda... Concentrrre-toi sur tes flèches engourdissantes."
22940,"Juste une petite ouverturrre... Le temps de tirer mes flèches engourdissantes..."
22941,"Je sais que j'en suis capable... Je peux le fairrre<Indent/>!"
22942,"Je dois tirrrer juste avant qu'elle rugisse<Indent/>!"
22943,"Voilà<Indent/>! Il faut continuer comme ça<Indent/>!"
22944,"Mes flèches engourdissantes vont te ferrrmer ton clapet<Indent/>!"
22945,""
22946,""
22947,""
22948,""
22949,""
22950,""
23000,"Vainquez-moi donc, si vous croyez être maîtres de votre destinée<Indent/>!"
23001,"Cette prison de chair ne m'entravera pas plus longtemps."
23002,"Le plus ancien de tous les mages vient de ressusciter... Tremblez, avortons<Indent/>!"
23003,"Au nom du grand Zordiarche, moi, Hadès, j'en appelle à toi..."
23004,"Ô, peuple d'antan, entends ma voix dans ton sommeil. Prête-moi ta force obscure<Indent/>!"
23005,"Ensemble, mettons un terme à ce monde illusoire<Indent/>!"
23006,"La Lumière s'emballe à nouveau<Indent/>!? Non, c'est autre chose..."
23007,"Argh... Cette lueur... Cette in<SoftHyphen/>sup<SoftHyphen/>por<SoftHyphen/>ta<SoftHyphen/>ble lueur<Indent/>!"
23008,"C'est elle qui a fragmenté le monde... C'est elle qui a dénaturé la vie<Indent/>!"
23009,"Je ne laisserai pas cette tragédie se répéter<Indent/>!"
23010,"Les Ténèbres reprendront leurs droits<Indent/>!"
23011,"C'est la fin pour toi, suppôt de la Lumière..."
23012,"Disparaissez, tes amis et toi, que le véritable monde puisse renaître."
23013,"Je tiens entre mes mains l'avenir de cette planète<Indent/>!"
23014,"Les miens rêvent de meilleurs lendemains. Leur volonté me porte aux cieux<Indent/>!"
23015,"Je me suis affranchi des lois de la nature<Indent/>!"
23016,"Entendez-vous le chant de la destruction<Indent/>?"
23017,"Disparaissez, tes amis et toi, que le véritable monde puisse renaître."
23018,"Hors de mon chemin<Indent/>!"
23019,"À moi, le pouvoir des Ténèbres<Indent/>!"
23020,"Tu cherches à briser mon âme<Indent/>? Espèce de monstre<Indent/>!"
23021,"Je vais vous apprendre ce qu'est la vraie magie<Indent/>!"
23022,"Courez, pauvres insectes<Indent/>!"
23023,"Les Ténèbres sont reines<Indent/>!"
23024,"Abandonnez tout espoir<Indent/>!"
23025,"Compagnons qui sommeillez dans l'ombre<Indent/>!"
23026,"Allégez votre fardeau<Indent/>! Confiez-moi vos rêves, vos prières, vos espoirs<Indent/>!"
23027,"Misérables cancrelats<Indent/>! Je vais éteindre cette in<SoftHyphen/>si<SoftHyphen/>gni<SoftHyphen/>fiante lueur qui vous anime<Indent/>!"
23028,"Hurlez votre peine<Indent/>! Que tous l'entendent<Indent/>!"
23029,"Vos rêves, vos prières, vos espoirs... Ils seront la clef de notre futur<Indent/>!"
23030,"Ils constitueront la stèle sur laquelle nous bâtirons notre nouveau monde<Indent/>!"
23031,"Ô Abysses, ouvrez vos mâchoires béantes<Indent/>!"
23032,"Dévorez leur Lumière<Indent/>! Que les Ténèbres règnent à nouveau<Indent/>!"
23033,"Cette ténacité, cette détermination... Je la briserai<Indent/>! Et dès lors, vous ramperez à genoux<Indent/>!"
23100,"Prêtez l'oreille à la détresse de la terre... Le poids de sa peine et de son courroux vous ensevelira<Indent/>!"
23101,"Écorce protectrice<Indent/>! Prête-moi la force d'écraser mes ennemis<Indent/>!"
23102,"Inutile de fuir... Aucune terre n'est assez lointaine<Indent/>!"
23103,"Vous serez broyés<Indent/>!"
23104,"Écorce protectrice<Indent/>! Deviens ma monture, et ensemble, parcourons cette terre<Indent/>!"
23105,"Que la fureur de cette terre vous pulvérise<Indent/>!"
23106,"Je n'égale pas encore cette ancienne peur qui habite vos cœurs... Qu'à cela ne tienne<Indent/>!"
23107,"Terres nourricières, révélez votre toute-puissance<Indent/>!"
23108,"Terre<Indent/>! Soulève-toi<Indent/>!"
23109,"Vos cadavres fertiliseront le sol pour les vies à venir<Indent/>!"
23110,"Vous vous êtes bien battus... Mais tremblez maintenant<Indent/>! Tremblez devant l'inégalable puissance des forces telluriques<Indent/>!"
23111,"Vaincre <Sheet(BNpcName,8350,0)/>"
23112,"Le grondement furieux de la terre m'anime<Indent/>! Rien ni personne ne peut l'arrêter<Indent/>!"
23113,"Tremblez<Indent/>! Et retournez à la terre<Indent/>!"
23114,"Quel manque d'ardeur<Indent/>! La peur a eu raison de vous<Indent/>!"
23200,"Vaincre <Sheet(BNpcName,8345,0)/>"
23201,""
23300,"Venez<Indent/>! Il est temps de tomber les masques... et de nous affronter sous notre véritable jour<Indent/>!"
23301,"Je vais vous apprendre ce qu'est la vraie magie<Indent/>!"
23302,"Courez, pauvres insectes<Indent/>!"
23303,"Les Ténèbres sont reines<Indent/>!"
23304,"Ployez sous la puissance de mes sorts<Indent/>!"
23305,"Pitoyables insectes... Comment osez-vous<Indent/>?"
23306,"Ces âmes que vous avez invoquées ne vous sauveront pas."
23307,"Moi aussi, je peux jouer la carte du nombre..."
23308,"Voici quelques spectres formés à partir de mes pensées..."
23309,"Lève-toi, Nabriales<Indent/>!"
23310,"Debout<Indent/>! Lahabrea<Indent/>! Igeyorhm<Indent/>!"
23311,"Nos convictions sont si fortes qu'elles transcendent la barrière de l'âme<Indent/>!"
23312,"Votre volonté contre la nôtre... Voyons laquelle des deux écrasera l'autre."
23313,"Compagnons qui sommeillez dans l'ombre<Indent/>!"
23314,"Allégez votre fardeau<Indent/>! Confiez-moi vos rêves, vos prières, vos espoirs<Indent/>!"
23315,"Le plus ancien de tous les mages vient de ressusciter... Tremblez, avortons<Indent/>!"
23316,"Je tiens entre mes mains l'avenir de cette planète<Indent/>!"
23317,"Compagnons, gardez foi en vos rêves<Indent/>!"
23318,"Compagnons, embrassez vos espoirs<Indent/>!"
23319,"Compagnons, priez comme un seul homme<Indent/>!"
23320,"Je me suis affranchi des lois de la nature<Indent/>!"
23321,"Entendez-vous le chant de la destruction<Indent/>?"
23322,"Hors de mon chemin<Indent/>!"
23323,"À moi, le pouvoir des Ténèbres<Indent/>!"
23324,"Abandonnez tout espoir<Indent/>!"
23325,"Au nom du grand Zordiarche, moi, Hadès, j'en appelle à toi..."
23326,"Ô, peuple d'antan, entends ma voix dans ton sommeil. Prête-moi ta force obscure<Indent/>!"
23327,"Ensemble, mettons un terme à ce monde illusoire<Indent/>!"
23328,"La Lumière s'emballe à nouveau<Indent/>!? Non, c'est autre chose..."
23329,"Argh... Cette lueur... Cette in<SoftHyphen/>sup<SoftHyphen/>por<SoftHyphen/>ta<SoftHyphen/>ble lueur<Indent/>!"
23330,"Non... Quoi qu'il arrive, je ne m'avouerai pas vaincu."
23331,"Mon peuple est le seul qui mérite de survivre<Indent/>!"
23332,"Que les Ténèbres vous dévorent<Indent/>!"
23333,"Cette planète est la nôtre<Indent/>! Jamais nous ne la céderons<Indent/>!"
23334,"Il ne restera rien de vous, pas même vos poussières<Indent/>!"
23335,"Adieu, avortons<Indent/>!"
23336,"Cette lumière... C'est elle qui a fragmenté le monde... C'est elle qui a dénaturé la vie<Indent/>!"
23337,"Je ne laisserai pas cette tragédie se répéter<Indent/>!"
23338,"Les Ténèbres reprendront leurs droits<Indent/>!"
23339,"C'est la fin pour toi, suppôt de la Lumière..."
23340,"Disparaissez, tes amis et toi, que le véritable monde puisse renaître."
23341,"Tu cherches à briser mon âme<Indent/>? Espèce de monstre<Indent/>!"
23342,"Les miens rêvent de meilleurs lendemains. Leur volonté me porte aux cieux<Indent/>!"
23343,"Comme je le pensais, vous ne valez rien... Disparaissez pour toujours dans les Ténèbres<Indent/>!"
23344,"Adieu, vermines in<SoftHyphen/>si<SoftHyphen/>gni<SoftHyphen/>fiantes<Indent/>!"
23345,"Fais trembler la terre du haut de ta superbe<Indent/>!"
23346,"La ferveur de la foi, la placidité du jugement. Le feu et la glace, complémentaires... et invincibles."
23347,"Vous ne faites qu'un à présent. Montrez votre supériorité à ces âmes insipides<Indent/>!"
23400,"Atteindre La Cour martiale"
23401,"Franchir La Cour martiale"
23402,"Atteindre La Source de Quintessence"
23403,"Franchir La Source de Quintessence"
23404,"Atteindre Le Chœur céleste"
23405,"Je n'ai pas le souvenir de vous avoir invités dans mon palais<Indent/>! Quittez les lieux sur-le-champ, ou ça va barder<Indent/>!"
23406,"Mes chers petits balais, c'est l'heure du ménage<Indent/>!"
23407,"On dirait que je vous ai sous-estimés... Voyons un peu ce que vous valez réellement<Indent/>!"
23408,"Aïe<Indent/>! Ouille<Indent/>! Je crois que je devrais faire de l'exercice plus souvent... Mais ce n'est que partie remise<Indent/>!"
23409,"Sus aux salissures<Indent/>! Fschuiii<Indent/>!"
23410,"Vous allez briller comme des sous neufs<Indent/>! Fschuiii<Indent/>!"
23411,"Des visiteurs dans mon jardin<Indent/>? Ça fait bien longtemps..."
23412,"Germez, mes petites graines... Germez au son de ma mélodie<Indent/>!"
23413,"Que les serviteurs du palais protègent mes enfants<Indent/>! "
23414,"Les belles fleurs de mon jardin... Elles seront bientôt fanées..."
23415,"À toi de jouer, Lugus<Indent/>! Réduis ces envahisseurs en cendres<Indent/>!"
23416,"La flamme mortelle de Lugus ne s'évanouira pas avant d'avoir entièrement consumé son porteur<Indent/>!"
23417,""
23418,"Vaincre Lugus"
23419,"Que les défenseurs du palais s'éveillent de leur long sommeil..."
23420,"Chevaliers<Indent/>! L'heure de votre nouvelle incarnation a sonné<Indent/>!"
23421,"Laissez-moi insuffler une âme nouvelle dans vos froides enveloppes métalliques..."
23422,"Battez-vous avec fierté et honneur, chevaliers<Indent/>!"
23423,"Ces malotrus ont envahi notre domaine<Indent/>! À vous de leur donner une bonne leçon<Indent/>!"
23424,"Que les arbres vous étouffent de leurs feuillages<Indent/>!"
23425,"Mes jolies fleurs ne vous laisseront pas empoisonner le jardin de votre présence<Indent/>!"
23426,"Argh<Indent/>! Ils sont coriaces..."
23427,"Toutes ces merveilles de l'art elfique... Ça me fait mal au cœur..."
23428,"Roi Tolthewil, chevaliers<Indent/>! Des intrus ont pénétré dans votre palais<Indent/>!"
23429,"Oh non<Indent/>! Le chandelier..."
23430,"Si vous tenez à la vie, quittez les lieux im<SoftHyphen/>mé<SoftHyphen/>dia<SoftHyphen/>te<SoftHyphen/>ment<Indent/>!"
23431,"Continuez de nettoyer, mes chers petits balais<Indent/>!"
23432,"Je n'aime pas user de la violence, mais vous ne me laissez pas le choix..."
23433,"Vous ne sortirez pas de ce jardin<Indent/>!"
23434,"Leannan Sith, je compte sur toi pour éliminer ces gêneurs<Indent/>!"
23435,"Leannan Sith... Ton âme était si ardente... Comment est-ce possible<Indent/>?"
23436,"C'est l'heure de la bataille finale<Indent/>! Les envahisseurs ne passeront pas<Indent/>! À l'attaque, familiers<Indent/>!"
23437,"Vous n'avez pas honte de troubler mes invités, bande de sans-gêne<Indent/>?"
23438,"Ô ancien roi de Grand-Lac<Indent/>! Pourfendez vos ennemis comme à l'époque de votre plus grande gloire<Indent/>!"
23439,"J'aurais peut-être mieux fait d'insuffler une âme plus belliqueuse dans ces fantômes..."
23440,"Que les peintures des vaillants chevaliers prennent vie<Indent/>!"
23500,"Franchir l'entrepôt A"
23501,"Franchir l'entrepôt B"
23502,"Franchir la salle de test"
23503,"Franchir l'entrepôt C"
23504,"Franchir la plate-forme avant"
23505,"Franchir la plate-forme arrière"
23506,"C'est quoi ce son tout grésillant<Indent/>?"
23507,"Une alerte. L'ennemi sait que nous sommes là."
23508,"Cet “ennemi” dont tu parles, c'est..."
23509,"Les formes de vie mécaniques. Nous n'allons pas tarder à en croiser..."
23510,"C'est quoi au juste, une forme de vie mécanique<Indent/>?"
23511,"Une machine douée d'une volonté propre. Celles d'ici sont plus agressives que la normale car quelqu'un les manipule."
23512,"Intrus repérés. Séquence d'élimination initialisée."
23513,"Sources hostiles multiples détectées. Engagement en cours."
23514,"À toutes les unités<Indent/>: feu à volonté<Indent/>!"
23515,"Elles nous entourent<Indent/>! Attention à leurs tirs<Indent/>!"
23516,"À toutes les unités<Indent/>: verrouillez les cibles<Indent/>!"
23517,"Les unités ennemies concentrent leur énergie<Indent/>! Ne reste pas sur place<Indent/>!"
23518,"À toutes les unités<Indent/>: pilonnez les cibles<Indent/>!"
23519,"On va devoir esquiver leurs bombes<Indent/>!"
23520,"À toutes les unités<Indent/>: tirez au laser<Indent/>!"
23521,"Attention, je détecte une forte con<SoftHyphen/>cen<SoftHyphen/>tra<SoftHyphen/>tion d'énergie<Indent/>!"
23522,"À toutes les unités<Indent/>: attaquez les cibles<Indent/>! Puissance maximale<Indent/>!"
23523,"Alerte. Alerte. Les intrus ont percé la première ligne de défense."
23524,"Tu te débrouilles bien."
23525,"On a bien fait de demander un coup de main à l'<If(PlayerParameter(4))>étrangère<Else/>étranger</If>."
23526,"Je compte sur toi, continue comme ça."
23527,"Ben... La passerelle est coupée<Indent/>?"
23528,"Accrochez-vous à l'un de ces pods pour planer jusqu'en face<Indent/>!"
23529,"Ça marche vraiment, ces trucs<Indent/>? Euh... Vous d'abord..."
23530,"Méfie-toi de ces petites unités. À plusieurs, elles peuvent être dangereuses."
23531,"Des renforts<Indent/>! Éliminons-les jusqu'au dernier<Indent/>!"
23532,"La voie est libre. En avant."
23533,"Ces ruines sont énormes... Ça m'étonne qu'on ne les ait pas découvertes plus tôt."
23534,"C'est l'usine qui fabrique les formes de vie mécaniques. Elle continuera d'en produire tant qu'on ne l'aura pas démolie."
23535,"On peut passer par ce conduit. Suivez-moi<Indent/>!"
23536,"Introduction des sujets de test confirmée. Début de l'évaluation."
23537,"J'ai un mauvais pres<SoftHyphen/>sen<SoftHyphen/>ti<SoftHyphen/>ment..."
23538,"Votre précieux sacrifice servira à nous rendre plus forts."
23539,"Je détecte des présences hostiles de toutes parts<Indent/>! Fais attention à toi<Indent/>!"
23540,"Niveau d'habileté au combat des sujets confirmé. Vous avez une excellente technique."
23541,"Changement de procédure. Test de résistance par infliction de douleur répétée."
23542,"Les murs bougent<Indent/>!? Fais attention, ils sont truffés de mécanismes mortels<Indent/>!"
23543,"Résultat du test<Indent/>: les sujets ont démontré une robustesse et une flexibilité bien supérieures aux niveaux observés jusqu'ici."
23544,"Procédure relancée. Évaluation de la capacité de jugement et de la vitesse de réaction."
23545,"Scores finaux largement supérieurs aux pronostics. Vous êtes désormais reconnus comme des spécimens ex<SoftHyphen/>cep<SoftHyphen/>tion<SoftHyphen/>nels."
23546,"Il nous prend pour des formes de vie mécaniques<Indent/>?"
23547,"Anomalie détectée. Possible falsification des scores. Grave violation du protocole."
23548,"Abandon des tests. Procédure d'élimination des sujets enclenchée."
23549,"Il compte se débarrasser de nous... Détruisons-le en vitesse<Indent/>!"
23550,"Les sujets de test sont toujours présents. Relancement de la procédure d'élimination."
23551,"Violation du protocole. Violation du protocole. Nouvelle tentative d'élimination."
23552,"Alerte. Échec de l'élimination. Intervention immédiate requise."
23553,"Attention, danger. Destruction des sujets de test requise."
23554,"Destruction requise. Destruction requ... ise. Détruisez-les. Détruisez-les. Détruisez..."
23555,"Pourquoi<Indent/>? Pourquoi<Indent/>? Pour... quoi<Indent/>?"
23556,"Détruire... Dé... trui... Dé-dé-dé-dé..."
23557,"Erreur cri... tique détectée. Abandon... évaluation... Restaur... sys... requ... ise."
23558,"On peut descendre par la bouche au centre<Indent/>!"
23559,"Des carcasses de formes de vie mécaniques... Certaines sont peut-être encore actives, soyez prudents."
23560,""
23561,"Je me demande ce qui alimente les formes de vie mécaniques..."
23562,"Un composant appelé noyau. Elles peuvent continuer de fonctionner tant qu'il n'est pas détruit."
23563,"Regardez, il y a un drôle d'engin juste là<Indent/>!"
23564,"Un module de vol. Parfait, je m'en équiperai... une fois qu'on aura détruit ce char."
23565,"Le module de vol a été piraté<Indent/>! Nous devons l'immobiliser<Indent/>!"
23566,"Bien, j'ai pris le contrôle du module de vol. Je pars devant, suivez-moi<Indent/>!"
23567,"Machine de classe Goliath droit devant. Prépare-toi à l'affronter."
23568,"Mon nom est Engels. Numéro de série 110-C."
23569,"Attention à ses bras<Indent/>!"
23570,"Début de l'accumulation d'énergie..."
23571,"Des renforts ennemis<Indent/>! Je vais tenter d'en détruire un maximum avec mes missiles<Indent/>!"
23572,"Je suis à court de missiles, mais il me reste d'autres armes<Indent/>!"
23573,"Début de l'extermination des cibles."
23574,"Survie des cibles confirmée. Changement du mode d'attaque."
23575,"Où est-il passé<Indent/>!? Pas de panique, je vais le localiser<Indent/>!"
23576,"Je détecte un signal ennemi en dessous de nous... Il se rapproche à grande vitesse<Indent/>!"
23577,"Attention, il arrive<Indent/>!"
23578,"Survie des cibles confirmée. Changement du mode d'attaque."
23579,"Salve incendiaire prête à être tirée. Restriction des mouvements et suppression des cibles."
23580,"Nous devons détruire ses bras, et vite<Indent/>!"
23581,"Force de frappe sup<SoftHyphen/>plé<SoftHyphen/>men<SoftHyphen/>tai<SoftHyphen/>re requise... Activation des unités Marx."
23582,"“Force de frappe sup<SoftHyphen/>plé<SoftHyphen/>men<SoftHyphen/>tai<SoftHyphen/>re”<Indent/>? Qu'est-ce qu'il mijote<Indent/>?"
23583,"Dommages sys... tème critiques... Répar... tion immédiate... quise."
23584,"Ce signal, c'est... un androïde<Indent/>!<Indent/>... Je t'ai enfin trouvé<Indent/>!"
23585,"Hé, attends-nous<Indent/>! Bon... on a qu'à grimper sur ce gros plein de rouille. À la guerre comme à la guerre<Indent/>!"
23586,"Génial, des potes... Je veux dire, des pods<Indent/>! Allez hop, chacun le sien<Indent/>!"
23587,"Viens là que je te pulvérise<Indent/>!"
23588,"9S... Tu ne perds rien pour attendre<Indent/>!"
23589,"L'arme de classe Goliath va m'obéir<Indent/>!"
23590,"Attention, il pirate les bras mécaniques géants<Indent/>!"
23591,"Coordonnées ennemies verrouillées. Feu<Indent/>!"
23592,"À moi, les chars Goliath<Indent/>!"
23593,"Les chars lui fournissent de l'énergie<Indent/>! Il faut les détruire en priorité<Indent/>!"
23594,"Grrr... Vous l'aurez voulu. Autodestruction des unités kamikaze<Indent/>!"
23595,"Éloigne-toi, ça va exploser<Indent/>!"
23596,"Je vais vous réduire en poussière<Indent/>!"
23597,"Il rassemble des missiles<Indent/>!"
23598,"Disparaissez<Indent/>!!!"
23599,"Je déploie une barrière<Indent/>! Par ici, vite<Indent/>!"
23600,"2P... Tu ne sortiras pas d'ici vivante<Indent/>!"
23601,"Configuration de vol... C'est parti<Indent/>!"
23602,"Il utilise son module de vol<Indent/>! Ne le quitte pas des yeux<Indent/>!"
23603,"Prends ça<Indent/>!"
23604,"C'est pas fini<Indent/>!"
23605,"Je te tiens<Indent/>!"
23606,"Sources de chaleur multiples détectées<Indent/>! Ne reste pas là<Indent/>!"
23607,"Il va revenir à la charge<Indent/>! Surveille la direction dans laquelle il s'est envolé<Indent/>!"
23608,"On a réussi à briser temporairement son piratage<Indent/>!"
23609,"C'est quoi, cette poudre blanche<Indent/>? On dirait qu'elle tombe du ciel..."
23610,"Impossible, on est en sous-sol. Je parierais plutôt sur de la poussière..."
23611,"(tousse) Beurk. J'espère qu'elle va pas nous encrasser les poumons..."
23612,""
23613,""
23614,""
23615,""
23616,""
23617,""
23618,""
23619,""
23620,""
23621,""
23622,""
23623,""
23624,""
23625,""
23626,""
23627,""
23628,""
23629,""
23630,""
23700,"<Sheet(PlaceName,IntegerParameter(1),0)/>
<Switch(IntegerParameter(2))><Case(1)>Rang B</Case><Case(2)>Rang A</Case><Case(3)>Rang S</Case></Switch>
<Switch(IntegerParameter(3))><Case(1)>Temps restant jusqu'à activation：<Value>IntegerParameter(4)</Value>:<TwoDigitValue>IntegerParameter(5)</TwoDigitValue></Case><Case(2)>Active</Case><Case(3)>Capturée <Gui(51)/></Case><Case(4)>Capturée <Gui(52)/></Case><Case(5)>Capturée <Gui(53)/></Case></Switch>"
23701,""
23702,""
23703,""
23704,""
23705,""
23706,""
23707,""
23708,""
23709,""
23710,""
23711,""
23712,""
23713,""
23714,""
23715,""
23716,""
23717,""
23718,""
23719,""
23720,""
23800,"Échappez-vous du palais impérial<Indent/>!"
23801,"Détruisez Arch-Ultima<Indent/>!"
23802,"Alerte générale<Indent/>! Des envahisseurs ont investi le palais impérial<Indent/>! Ne les laissez s'échapper sous aucun prétexte<Indent/>!"
23803,"Filons d'ici avant que tous les gardes du palais ne nous tombent dessus<Indent/>!"
23804,"Ils sont là<Indent/>! Ne les laissez pas s'enfuir<Indent/>!"
23805,"En voilà déjà une bonne partie qui veut en découdre... Qu'est-ce qu'on fait<Indent/>?"
23806,"Inutile d'essayer de rebrousser chemin maintenant. On fonce dans le tas<Indent/>!"
23807,"Ce renégat de Gaius Baelsar est dans le coup<Indent/>!? Mobilisez toutes les armes magitek à notre disposition<Indent/>!"
23808,"Je les vois<Indent/>! Capturez-les<Indent/>!"
23809,"Voilà déjà quelques gêneurs en moins. Continuons d'avancer<Indent/>!"
23810,"Il en arrive tellement de tous les côtés que j'ai abandonné l'idée de les compter<Indent/>!"
23811,"Tu vas rendre ton dernier souffle dans ton ancienne patrie, sale traître<Indent/>!"
23812,"Il est temps de payer pour ton infidélité à Sa Majesté, Baelsar<Indent/>!"
23813,"Il faut admettre que ce dispositif de sécurité est conséquent... Éliminons d'abord les armes magitek<Indent/>!"
23814,"Annia, viens m'aider<Indent/>!"
23815,"Tu ne nous barreras pas la route<Indent/>!"
23816,"C-comment<Indent/>!?"
23817,"C'est le moment d'avancer<Indent/>!"
23818,"À partir de maintenant, nous ferions mieux de continuer chacun de notre côté. Rester ensemble ne fera qu'attirer toute l'armada au même endroit."
23819,"Si tu le dis... Dans ce cas, je vais passer par en bas."
23820,"On se rejoint dehors. Essaie de sortir en un seul morceau<Indent/>!"
23821,"L'heure est venue d'activer Arch-Ultima<Indent/>! Nous ne pouvions pas rêver d'une meilleure occasion pour tester son efficacité<Indent/>!"
23822,"Activation du système d'auralithes ar<SoftHyphen/>ti<SoftHyphen/>fi<SoftHyphen/>cielles... Veuillez lancer le chargement des données de combat."
23823,"Vite, préparez les données obtenues lors des phases d'essai<Indent/>!"
23824,"Chargement de la base de données XIV..."
23825,"Chargez maintenant les données de combat suivantes<Indent/>! Celles qui ont fuité de Castrum Abania<Indent/>!"
23826,"Chargement de la base de données XII..."
23827,"Le générateur d'auralithes ar<SoftHyphen/>ti<SoftHyphen/>fi<SoftHyphen/>cielles tourne à pleine puissance<Indent/>! Le champ de force magitek qu'il va produire sera du jamais vu<Indent/>!"
23828,"Puisque vous êtes tellement décidés à me mettre des bâtons dans les roues, je n'ai pas d'autre choix que de réduire votre petit joujou en miettes<Indent/>!"
23829,"Hmpf<Indent/>! Rien ne peut résister à la lance de Nidhogg<Indent/>!"
23830,"C'est... impossible..."
23831,"Ce n'est pas en restant à l'écart sur ce pont que tu échapperas à mon rugissement<Indent/>!"
23832,"Admirez la perfection d'Arch-Ultima<Indent/>! Nous avons enfin réussi à créer une arme magitek invincible<Indent/>!"
23833,""
23834,""
23835,""
23836,""
23837,""
23838,""
23839,""
23840,""
23841,""
23842,""
23843,""
23844,""
23845,""
23846,""
23847,""
23848,""
23849,""
23850,""
23900,"Chassez le cauchemar du Lyhe Mheg<Indent/>!"
23901,"Vainquez le cauchemar incarné d'An Lad"
23902,"Mais c'est horrible<Indent/>!"
23903,"Tout ça était enfoui dans son cœur<Indent/>!? Pas de temps à perdre, on doit retrouver An Lad et l'aider<Indent/>!"
23904,"Regardez cette brume<Indent/>! Elle a la même odeur que le cauchemar de cette fillette qu'on a rencontré à Maussade<Indent/>!"
23905,"Aspire-la, Ezel II<Indent/>! Je vais matérialiser le cauchemar qui s'y cache<Indent/>!"
23906,"<Split(<Highlight>ObjectParameter(1)</Highlight>, ,1)/><Indent/>! À votre signal, je fais le ménage et je recrache ça un peu plus loin<Indent/>!"
23907,"C'est parti<Indent/>! J'espère que t'es prêt<If(PlayerParameter(4))>e<Else/></If>, <Split(<Highlight>ObjectParameter(1)</Highlight>, ,1)/><Indent/>!"
23908,"An Lad<Indent/>! Je sens sa présence<Indent/>! Par là-bas<Indent/>!"
23909,"Là aussi, ça va mal... Ezel II<Indent/>! Aspire dès que <Split(<Highlight>ObjectParameter(1)</Highlight>, ,1)/> t'en donne l'ordre<Indent/>!"
23910,"Ne sous-estimez pas mon pouvoir d'aspiration, cauchemars de pacotille<Indent/>!"
23911,"Regardez, au pied des escaliers en colimaçon<Indent/>! De la brume<Indent/>!"
23912,"An Lad n'est pas là<Indent/>? Ça m'inquiète..."
23913,"J-je reconnais cette odeur... C'est le cauchemar de la jeune fille de Rak'tika<Indent/>!"
23914,"Fais attention, <Split(<Highlight>ObjectParameter(1)</Highlight>, ,1)/><Indent/>! Il a l'air costaud celui-là<Indent/>!"
23915,"An Lad est là-bas<Indent/>! Vite<Indent/>!"
23916,"Aucun cauchemar ne fait le poids contre mon groin<Indent/>!"
23917,""
23918,""
23919,"An Lad est près d'ici... Regardez, là-haut<Indent/>!"
23920,"An Lad, on est venus pour te sauver<Indent/>!"
23921,"J'en ai marre de souffrir comme ça... À quoi bon continuer<Indent/>? Autant que tout s'arrête..."
23922,"Arrête de dire des bêtises<Indent/>! Je te le pardonnerai jamais si tu disparais<Indent/>!"
23923,"Elle et son cauchemar sont si puissants... Je ne sais pas si mon ventre y résistera, mais ce n'est pas ça qui va m'arrêter<Indent/>!"
23924,"Arghh... Je... Hmfff...<Indent/>! Je suis le grand Ezel II<Indent/>!!!"
23925,"Ahh... ahhh... Je vous en prie, prenez garde... Il est plus puissant que tous ceux que nous avons affrontés jusqu'à maintenant<Indent/>!"
23926,"Bravo, Ezel II. Tiens-toi prêt<If(PlayerParameter(4))>e<Else/></If>, <Split(<Highlight>ObjectParameter(1)</Highlight>, ,1)/>. C'est parti<Indent/>!"
23927,"Gniiii hi hi hi hi... Tu ApPoRtEs Le MaLhEuR aVeC ToI...
ReNoNcE à Ce MoNdE... À tA pRoPrE eXiStEnCe..."
23928,"C'est vrai... Je ferais mieux de me fondre dans ce rêve d'un château tout froid et tout vide... et de disparaître..."
23929,"N'y compte même pas<Indent/>! Allez<Indent/>! On doit le vaincre pour redonner l'espoir à An Lad<Indent/>!"
23930,"LaIsSe-ToI aLlEr... LaIsSe-ToI aLlEr Au DéSeSpOiR<Indent/>! RéPaNd TeS cAuChEmArS<Indent/>!"
23931,"Q-qu'est-ce que c'est que ce machin<Indent/>!?"
23932,"Oh non... C'est le cauchemar d'An Lad<Indent/>!? On doit faire quelque chose avant qu'il devienne inarrêtable<Indent/>!"
23933,"On la protégera coûte que coûte<Indent/>!"
23934,"NoYeZ-vOuS dAnS vOtRe CaUcHeMaR<Indent/>!"
23935,"Il mijote quelque chose<Indent/>! Faites attention<Indent/>!"
23936,"Tu N'aS aUcUn AmI... PeRsOnNe Ne T'ArRaChErA à ToN SoRt<Indent/>!"
23937,"Il en a après An Lad<Indent/>! Approchez-vous! On doit faire bouclier<Indent/>!"
23938,"Ouvre-nous ton cœur, An Lad<Indent/>! Je suis là pour toi<Indent/>! Je serai toujours là<Indent/>!"
23939,"Victoire<Indent/>! Nous avons chassé le mauvais songe qui rongeait An Lad de l'intérieur<Indent/>!"
23940,"C'est terminé... An Lad va enfin pouvoir aller de l'avant<Indent/>!"
23941,"Brumes de cauchemar restantes"
23942,"A-attends<Indent/>!"
23943,"Allez<Indent/>! On poursuit An Lad tout en dissipant les brumes qu'on croise en chemin<Indent/>!"
23944,"Cette sensation me rappelle quelque chose... Prenez garde, vous deux<Indent/>!"
23945,"An Lad<Indent/>! On est là pour aider<Indent/>!"
23946,"Non, non non non... An Lad est de plus en plus faible<Indent/>! On doit se presser<Indent/>!"
23947,"Concentrez-vous sur la brume et donnez-moi le signal, <Split(<Highlight>ObjectParameter(1)</Highlight>, ,1)/><Indent/>!"
23948,"Je flaire encore un cauchemar près d'ici... Trouvons-le, vite<Indent/>!"
23949,""
23950,""
24000,"Nom de code Blassty<Indent/>!
Intrus menaçant l'univers différentiel détectés<Indent/>! Ordre de les détruire<Indent/>!"
24001,"Nom de code Justicier<Indent/>!
Perturbateurs de l'altération temporelle détectés<Indent/>! Ordre de sévir<Indent/>!"
24002,"Unités de combat... Mode “Justice ultime”<Indent/>!"
24003,"Justice ultime... Innocence accordée<Indent/>!"
24004,"Justice ultime... Culpabilité démontrée<Indent/>!"
24005,"Je suis Alexander... Le Créateur mécanique...
Que mon jugement vous conduise vers l'utopie<Indent/>!"
24006,"Le temps du jugement approche..."
24007,"Jugement divin dans 10 secondes..."
24008,"5..."
24009,"4..."
24010,"3..."
24011,"2..."
24012,"1..."
24013,"Je suis le Créateur mécanique...
Si je n'atteins pas la perfection, qui le fera<Indent/>?"
24014,"Nom de code Justicier<Indent/>!
Prêt pour assemblage<Indent/>!"
24015,"Nom de code Blassty<Indent/>!
Prêt pour assemblage<Indent/>!"
24016,"Moi, Alexander, j'ai atteint la perfection...
Je vous guiderai... jusqu'aux tréfonds du désespoir<Indent/>!"
24017,"Machine différentielle à plein régime... Démarrage de l'étude futurologique..."
24018,"Interférence spatio-temporelle amorcée... Emprisonnement dans la geôle temporelle..."
24050,"Il est l'heure de faire une petite dé<SoftHyphen/>mon<SoftHyphen/>stra<SoftHyphen/>tion de la force de l'Arme Rubis<Indent/>!"
24051,"Activation des flexigriffes<Indent/>!"
24052,"Tu vas voir de quoi ces griffes sont capables<Indent/>!"
24053,"Ouverture des limiteurs... Mode d'attaque rapide enclenché<Indent/>!"
24054,"Système d'auralithe factice déverrouillé... Préparation d'Ultima magitek, puissance maximale<Indent/>!"
24055,"Bip... Bip... Niveau critique... Lancement d'Ultima magitek<Indent/>!"
24056,"Non<Indent/>! Rubis ne peut pas perdre..."
24057,"Hein<Indent/>!? Mais qu'est-ce qui se passe<Indent/>? C'est ça la superposition psychique<Indent/>? Non<Indent/>! Hors de mon esprit<Indent/>!!!"
24058,"N-non<Indent/>! Arrête... J-je... Je ne suis pas... Nael... Non... Je suis... J-je..."
24059,"Je suis Nael van Darnus<Indent/>!"
24060,"Chef d'orchestre du projet Météore<Indent/>!"
24061,"Je détiens le savoir d'Allag, et je vais purifier cette terre à nouveau<Indent/>!"
24062,"Comment est-ce possible<Indent/>!? Mon étoile de la mort s'est pourtant écrasée<Indent/>! Pourquoi m'as-tu abandonné, Dalamud<Indent/>!?"
24063,"Ma volonté est in<SoftHyphen/>é<SoftHyphen/>bran<SoftHyphen/>la<SoftHyphen/>ble, à moi Météore<Indent/>!"
24064,"Non... Dalamud s'est écrasé<Indent/>! J'en suis certain<Indent/>!"
24065,"Cher frère... Oh, Nael... Ton nom marquera l'Histoire à tout jamais<Indent/>!"
24066,"Aah... Ma fière lune rouge... Symbole de ma force... De ta puissance, ô mon frère<Indent/>!"
24067,"Tombe<Indent/>! Réduis cette misérable planète en cendres<Indent/>! Mort à ceux qui osent s'interposer<Indent/>!"
24068,"Ô météorite funeste, apporte-moi la vengeance que j'ai tant désirée<Indent/>!"
24069,"Tombe ô Météore<Indent/>! Ces barbares ne peuvent rien contre toi<Indent/>!"
24070,"Quand je t'ai perdu, frère... L'angoisse et la rage qui se sont emparées de moi ont forgé une armure impénétrable<Indent/>!"
24071,"Un chagrin glacial et une rage incandescente... À votre tour d'y goûter, misérables<Indent/>!"
24072,"Arrêt du système... Rédémarrage en cours... Activation du contrôle mental complet du pilote... "
24073,"Système d'auralithe factice, activation des données de combat. Préparation en cours..."
24074,"Données de combat, code<Indent/>: Nael van Darnus... Préparation terminée. Séquence de réécriture du cœur engagée."
24075,"Début du chargement des données de combat... Code<Indent/>: Nael van Darnus..."
24076,"Machine de guerre anti-Primordiaux<Indent/>: déverrouillée."
24077,"Urgh<Indent/>! Quelle vitesse incroyable<Indent/>! Je dois tenir bon..."
24078,"Initialisation d'Ultima magitek... "
24079,"Adieu... Mes amis... Si je veux l'emporter... Je n'ai pas le choix... Je dois utiliser le mode de superposition psychique<Indent/>!"
24080,""
24100,"Atteindre la Catharsis"
24101,"Franchir la Catharsis"
24102,"Atteindre la Doxa"
24103,"Franchir la Doxa"
24104,"Atteindre la Noesis"
24105,"Vaincre <Sheet(BNpcName,9264,0)/>"
24106,"<UIForeground>F20243</UIForeground><UIGlow>F20244</UIGlow>En route pour les lointains abysses occidentaux<Indent/>!<UIGlow>01</UIGlow><UIForeground>01</UIForeground>"
24107,"<UIForeground>F20243</UIForeground><UIGlow>F20244</UIGlow>Hmm... Nous avons de la visite.<UIGlow>01</UIGlow><UIForeground>01</UIForeground>"
24108,"<UIForeground>F20243</UIForeground><UIGlow>F20244</UIGlow>Impossible de nager tranquille par ici... Je change de route<Indent/>!<UIGlow>01</UIGlow><UIForeground>01</UIForeground>"
24109,"<UIForeground>F20243</UIForeground><UIGlow>F20244</UIGlow>La faille est en train de s'effondrer... Tenez-vous bien<Indent/>!<UIGlow>01</UIGlow><UIForeground>01</UIForeground>"
24110,"<UIForeground>F20243</UIForeground><UIGlow>F20244</UIGlow>Je sens quelque chose qui me gratte...<UIGlow>01</UIGlow><UIForeground>01</UIForeground>"
24111,"<UIForeground>F20243</UIForeground><UIGlow>F20244</UIGlow>Celle-là n'a pas l'air contente de nous voir...<UIGlow>01</UIGlow><UIForeground>01</UIForeground>"
24112,"<UIForeground>F20243</UIForeground><UIGlow>F20244</UIGlow>J'aperçois notre destination. Laissez-moi l'englober dans une bulle géante...<UIGlow>01</UIGlow><UIForeground>01</UIForeground>"
24113,"<UIForeground>F20243</UIForeground><UIGlow>F20244</UIGlow>Vous êtes arrivés, frêles voyageurs. Je vous souhaite de trouver ce que vous cherchez...<UIGlow>01</UIGlow><UIForeground>01</UIForeground>"
24114,"Fssshgrrr<Indent/>! Comment osez-vous me déranger, immondes sssans-branchies<Indent/>! Je vais vous réduire en pièccces<Indent/>!"
24115,"Ôôô, pouvoir des profondeurs<Indent/>! Aide-moi à anéantir ccces intrus<Indent/>!"
24116,"<UIForeground>F20243</UIForeground><UIGlow>F20244</UIGlow>Haaaa<Indent/>!<UIGlow>01</UIGlow><UIForeground>01</UIForeground>"
24117,"Que la volonté des anccciens sssoit faite<Indent/>!"
24118,""
24119,""
24120,""
24200,"Surmontez l'épreuve du gardien ronka<Indent/>!"
24201,"Libérez vos compagnons<Indent/>!"
24202,"Vainquez Huaca<Indent/>!"
24203,"Pour ouvrir les portes, libérer tes compagnons et faire preuve de deux vertus tu devras."
24204,"Pour commencer, montre-moi qu'en ton être <Emphasis>sagesse</Emphasis> tu possèdes..."
24205,"Amies ou ennemis, qui se cache derrière ces talismans<Indent/>? Si par deux fois un compagnon tu révèles, à tes côtés tu le retrouveras."
24206,"Fais le bon choix, ou à ta perte tu courras..."
24207,"Dans ce cas, davantage ta <Emphasis>sagesse</Emphasis> je veux mettre à l'épreuve..."
24208,"Ta grande <Emphasis>sagesse</Emphasis>, je reconnais... Mais terminée, cette épreuve n'est pas encore."
24209,"“Adroit de mes mains, mon âme sage et studieuse tire la nation vers le haut.”
Qui suis-je<Indent/>?"
24210,"“Lorsque ma meute aux crocs acérés est unie, l'égalité règne au sein de la nation.”
Qui suis-je<Indent/>?"
24211,"“Bien que dépourvu de membres, ma force fait plier les ennemis des fondements de la nation.”
Qui suis-je<Indent/>?"
24212,"Dans le sanctuaire sacré de l'héroïne tu as pénétré, <If(PlayerParameter(4))>mortelle<Else/>mortel</If>. En échange, les âmes de tes amies j'ai capturé..."
24213,"Quittez la salle de l'épreuve"
24214,"De plus de <Emphasis>bravoure</Emphasis>, capable je t'aurais <If(PlayerParameter(4))>crue<Else/>cru</If>..."
24215,"En effet, de par son ingéniosité, à poursuivre la prospérité, la nation ronka l'opo-opo a inspiré. La réponse à cette énigme tu as trouvé, un de tes compagnons je vais donc libérer."
24216,"En effet, pour protéger l'égalité et l'harmonie, sur la vie en société du loup la nation ronka a pris exemple. La réponse à cette énigme tu as trouvé, un de tes compagnons je vais donc libérer."
24217,"En effet, gardien de l'existence des Ronka et protecteur symbolique de leur nation, le fier et fort serpent était. La réponse à cette énigme tu as trouvé, un de tes compagnons je vais donc libérer."
24218,"Hélas, de l'opo-opo il s'agissait. De par son ingéniosité, à poursuivre la prospérité, la nation ronka il a inspiré..."
24219,"Hélas, du loup il s'agissait. Pour protéger l'égalité et l'harmonie, sur sa vie en société la nation ronka a pris exemple..."
24220,"Hélas, du serpent il s'agissait. Fier et fort, le gardien de l'existence des Ronka et protecteur symbolique de leur nation il était..."
24221,"Pour cette erreur, un des talismans je fais mien..."
24222,"Pour cette erreur, un des talismans je fais mien..."
24223,"Pour cette erreur, un des talismans je fais mien..."
24224,"Maintenant, d'une tout autre vertu tu vas devoir me faire preuve."
24225,"Résolvez les énigmes de Huaca<Indent/>!"
24226,"À tes côtés, tous tes compagnons sont de retour..."
24227,"Enfin, on va pouvoir s'amuser un peu<Indent/>!"
24228,"Je me charge des soins<Indent/>!"
24229,"Attention, ce n'est pas le genre d'épreuve à laquelle on peut échouer<Indent/>!"
24230,"Écartez-vous, ça va faire mal<Indent/>!"
24231,"Il vise Y'shtola<Indent/>! Vite, il faut la protéger<Indent/>!"
24232,"De sauver votre compagnon, serez-vous capables...<Indent/>?"
24233,"Tout le monde pour aider <Split(<Highlight>ObjectParameter(1)</Highlight>, ,1)/><Indent/>!"
24234,"Cymet<Indent/>! On arrive<Indent/>!"
24235,"Im<SoftHyphen/>pres<SoftHyphen/>sionnant..."
24236,""
24237,"Que partie gagnée tu as, ne crois pas. De cette épreuve, ce n'est que le début..."
24238,"... Du poison<Indent/>? Venez par ici, c'est plus sûr<Indent/>!"
24239,"Des renforts<Indent/>? Je m'en charge<Indent/>!"
24240,"On a pas de temps à perdre avec ça... Tout le monde sur le gardien<Indent/>!"
24241,"C'est maintenant qu'il faut mettre le paquet<Indent/>!"
24242,"Ton immense <Emphasis>bravoure</Emphasis>, je reconnais... Des vertus nécessaires, pour entrer dans le sanctuaire tu as fait preuve<Indent/>!"
24243,"On a réussi<Indent/>! On dirait qu'on peut sortir avec ce téléporteur..."
24244,"Ta <Emphasis>bravoure</Emphasis>, je vais mettre à l'épreuve... Que tu es digne de troubler son sommeil, montre-moi<Indent/>!"
24300,"Dirigez-vous vers la salle de contrôle de la tour de transmission"
24301,"Parlez à Cid"
24302,"Vainquez les soldats impériaux"
24303,"Vainquez les anticorps"
24304,"Vainquez Bahamut"
24305,"La citadelle, avant qu'elle ne soit vaporisée<Indent/>! Mais pourquoi est-elle dans cet état<Indent/>? C'est le chaos ici<Indent/>!"
24306,"La reproduction est imparfaite. Probablement car vous avez longtemps refoulé ce souvenir."
24307,"(soupire)... Dirigeons-nous vers la tour de transmission. Elle devrait être au nord, dans Principia."
24308,"Continuez comme ça<Indent/>! Le chemin se révélera peu à peu à nous<Indent/>!"
24309,"Comptez sur moi<Indent/>! Direction plein nord<Indent/>!"
24310,"La tour de transmission vient d'apparaître au-dessus de Principia<Indent/>! On voit ses antennes au sommet<Indent/>!"
24311,"L'endroit semble sous bonne garde. Ça n'en rend l'atmosphère que plus pesante..."
24312,"Pas étonnant. De nombreux Bozjiens voyaient ces expériences d'un mauvais œil, et Garlemald avait ordonné l'état d'alerte maximum pour protéger les ins<SoftHyphen/>tal<SoftHyphen/>la<SoftHyphen/>tions."
24313,"Ce jour-là, le désordre était total, et des résistants en ont profité."
24314,"Tester les limites de notre influence pourrait nous être utile, en effet. Essayons d'éliminer ces soldats impériaux, avec votre au<SoftHyphen/>to<SoftHyphen/>ri<SoftHyphen/>sa<SoftHyphen/>tion, bien sûr."
24315,"Quel dommage, les voilà déjà de nouveau debout..."
24316,"V-votre trauma doit leur avoir donné naissance. Elles nous bloquent l'accès à cette partie de votre mémoire<Indent/>!"
24317,"À moins que je me trompe, nous ne pourrons pas avancer tant que nous ne les aurons pas vaincues<Indent/>!"
24318,"Par les Douze, ils sont partout<Indent/>! Prenez garde, en nombre, ils sont sûrement capables de concentrer leurs attaques pour refouler les intrus<Indent/>!"
24319,"L-lui aussi, serait une matérialisation de mes peurs<Indent/>!?"
24320,"Principia... La salle de contrôle serait donc à l'intérieur de ce bâtiment<Indent/>?"
24321,"Maître Cid... Ce ne serait pas vous plus jeune, là-bas<Indent/>? Nous allons peut-être assister à une ancienne con<SoftHyphen/>ver<SoftHyphen/>sa<SoftHyphen/>tion."
24322,"Père<Indent/>! Je vous en prie, reconsidérez<Indent/>! Les chiffres ne mentent pas, ces expériences sont trop dangereuses<Indent/>!"
24323,"Tais-toi<Indent/>! Je ne veux plus t'entendre, c'est bien compris<Indent/>! Je n'ai pas de temps à perdre avec tes foutaises<Indent/>!"
24324,"Pourquoi... Pourquoi refusez-vous de voir la réalité en face<Indent/>!? Vous ne pouvez pourtant pas ignorer le risque..."
24325,"Pourquoi s'est-il comporté de la sorte<Indent/>? Mon père était pourtant un homme de science..."
24326,"Ce carnet que votre alter ego a jeté par terre nous en apprendra peut-être plus."
24327,"La réplique avec l'inscription<Indent/>! Je la vois au fond de la salle<Indent/>!"
24328,"Le Primordial Bahamut<Indent/>!? Maître Cid<Indent/>! C'est une création de votre esprit<Indent/>! Resaisissez-vous<Indent/>!"
24329,"Prenez garde<Indent/>! Il prépare quelque chose<Indent/>!"
24330,"Des copies<Indent/>!? Le traumatisme qu'a subi maître Cid est encore plus violent que je l'avais imaginé<Indent/>!"
24331,"Bahamut faiblit<Indent/>! Encore un effort, et maître Cid sera libéré<Indent/>!"
24332,"Je peux à nouveau bouger. Merci, et désolé, je n'ai pas servi à grand-chose..."
24333,"Vaincre cette manifestation de votre traumatisme doit avoir rapproché votre souvenir de la réalité."
24334,"Croyez-vous seulement que le grand général des armées impériales vous laissera mettre à mal le projet Météore<Indent/>!?"
24335,"Regula l'avait surnommée La Bâtarde... Voyons ce que vaut cette lame<Indent/>!"
24336,"Il veut nous faucher<Indent/>! Placez-vous du bon côté<Indent/>!"
24337,"Vous n'êtes pas aussi incapables que je le croyais... Montons d'un cran."
24338,"Il va projeter une croix d'éther<Indent/>! Ne restez pas sur son passage<Indent/>!"
24339,"Nos boucliers-canons magitek peuvent emmagasiner de l'énergie... pour mieux la restituer<Indent/>!"
24340,"Tremblez<Indent/>!"
24341,"Ce grondement...<Indent/>! Préparez-vous au choc<Indent/>!"
24342,"Tourelles magitek<Indent/>! Déployez-vous<Indent/>!"
24343,"うるさい機械を、先に壊すわよ！"
24344,"Vous formez un robuste peloton, je vous l'accorde..."
24345,"Mais résisterez-vous face à mon écrasante puissance<Indent/>!?"
24346,"Encore en vie<Indent/>? Très bien... Puisqu'il en est ainsi, abandonnons toute retenue<Indent/>!"
24347,"Quelle puissance<Indent/>! <Split(<Highlight>ObjectParameter(1)</Highlight>, ,1)/><Indent/>! On ne sera pas trop de deux<Indent/>!"
24348,"Tout le monde en arrière<Indent/>! Je vais encaisser son attaque, aidez-moi à la repousser<Indent/>!"
24349,"J'érige une barrière protectrice<Indent/>!"
24350,"Donnez tout ce que vous avez<Indent/>!"
24351,"Nous y sommes presque... Encore un petit effort<Indent/>!"
24352,"リーン、今だ！
力を解き放てッ……！"
24353,"Minfilia... Prête-moi ta force<Indent/>!"
24354,"Mon pavois est infrangible<Indent/>!"
24355,"Impossible<Indent/>! Le nec plus ultra de la technologie magitek<Indent/>! Brisé<Indent/>!?"
24356,"L'Empire ne courbe l'échine devant personne<Indent/>! Désactivation des inhibiteurs de La Bâtarde<Indent/>!"
24357,"Urgh...<Indent/>! L-le projet Météore est inarrêtable<Indent/>! GHYAAAA<Indent/>!"
24358,"L'Empire... mis en échec...<Indent/>!?"
24359,"Accrochez-vous<Indent/>! On va le repousser<Indent/>!"
24360,"Thancred et <Split(<Highlight>ObjectParameter(1)</Highlight>, ,1)/> nous protègent<Indent/>! Allez-y<Indent/>!"
24361,"<Split(<Highlight>ObjectParameter(1)</Highlight>, ,1)/><Indent/>! C'est ici que tout se joue<Indent/>!"
24362,"On n'est pas venus pour perdre<Indent/>!"
24363,"Tiens bon, Thancred<Indent/>!"
24364,"Tous réunis, nous sommes d'autant plus forts<Indent/>!"
24365,"Nous n'avons pas le choix. Nous allons devoir l'affronter pour réduire le décalage avec la réalité<Indent/>!"
24366,"Le chemin s'arrête ici<Indent/>? Qu'est-ce qui se passe<Indent/>?"
24367,"Votre souvenir doit être encore un peu flou. <Split(<Highlight>ObjectParameter(1)</Highlight>, ,1)/> pourrait vous poser des questions pour vous aider à vous rappeler."
24368,"La route est à nouveau coupée. Je ne pensais pas que mon inconscient lutterait à ce point..."
24369,"Quelque chose comme... comme un objet de l'époque qui produirait un déclic<Indent/>! <Split(<Highlight>ObjectParameter(1)</Highlight>, ,1)/><Indent/>! Explorons les environs<Indent/>!"
24370,"Magnifique<Indent/>! Continuons<Indent/>!"
24371,"Trouvez des indices pour stimuler la mémoire de Cid"
24372,"Parlez à Cid"
24373,"La base de la tour...<Indent/>? Je commence à comprendre, il suffit que je me concentre pour faire apparaître ce dont je me souviens<Indent/>!"
24374,"J'ai une idée. Vous m'avez dit que l'on pouvait altérer ses souvenirs, c'est bien ça<Indent/>? Et si on essayait<Indent/>?"
24375,"Mince<Indent/>! Ça n'a pas l'air si simple que ça... Oublions mon idée et poursuivons notre route<Indent/>!"
24376,"Nous voilà arrivés devant Principia. La salle de contrôle de la tour devrait être à l'intérieur."
24377,"Je n'ai jamais vu d'abo<SoftHyphen/>mi<SoftHyphen/>na<SoftHyphen/>tions pareilles<Indent/>! Que sont-elles<Indent/>!?"
24378,"Nous aurons au moins appris que les manifestations de votre peur peuvent être vaincues. Voilà qui est bon à savoir."
24379,"Je ne m'attendais pas à croiser des saletés pareilles... Heu<SoftHyphen/>reu<SoftHyphen/>se<SoftHyphen/>ment, nous nous rapprochons de notre but."
24380,"Argh... J-je suis cloué à terre<Indent/>!"
24381,"<Split(<Highlight>ObjectParameter(1)</Highlight>, ,1)/><Indent/>! Maître Cid est en détresse mentale<Indent/>! Cette apparition en est sûrement la cause, éliminons-la<Indent/>!"
24382,"Déployons tout le potentiel de cette lame<Indent/>!"
24383,"Mon pavois est infrangible<Indent/>!"
24384,"Impossible<Indent/>! Le nec plus ultra de la technologie magitek<Indent/>! Brisé<Indent/>!?"
24385,"L'Empire ne courbe l'échine devant personne<Indent/>! Désactivation des inhibiteurs de La Bâtarde<Indent/>!"
24386,"Tout le monde en arrière<Indent/>! Sauf toi <Split(<Highlight>ObjectParameter(1)</Highlight>, ,1)/>, donne-moi un coup de main<Indent/>!"
24387,"Vous aviez tant de données pour supporter votre hypothèse, et pourtant..."
24388,"J'avais tout rassemblé dans ce carnet dans une tentative désespérée de convaincre mon père, en vain..."
24389,"Il devait déjà... Non, ne nous perdons pas en conjectures. Avançons<Indent/>!"
24390,"Examinez le carnet à terre"
24391,"Vainquez Varis yae Galvus"
24400,"Vaincre Ramuh"
24401,"Ainsi, vous comptez ressusciter cette terre... Mais en êtes-vous seulement dignes<Indent/>? Moi, Ramuh, je serai votre juge<Indent/>!"
24402,"Lances de foudre, venez à moi<Indent/>!"
24403,"Entendez gronder l'orage du jugement<Indent/>!"
24404,"Nul n'échappe à la foudre<Indent/>!"
24405,"Mon esprit s'élance au galop<Indent/>!"
24406,"Le tonnerre nourrit ma puissance<Indent/>!"
24407,"Mes quatorze lances vous mettront à genoux, pauvres mortels<Indent/>!"
24408,"Ah... L'excitation du combat ravive ma puissance<Indent/>!"
24409,"Va, mon cher familier. Repais-toi de nos ennemis<Indent/>!"
24410,"Que la fureur du ciel s'abatte sur vous<Indent/>!"
24411,"Le banc des jurés se lève... L'heure du verdict a sonné<Indent/>!"
24412,"Votre impudence n'a que trop duré... Cette fois, c'en est fini de vous<Indent/>!"
24413,"Cette décharge vous sera fatale<Indent/>!"
24414,"Par mon pouvoir, j'invoque une cavalerie entière<Indent/>!"
24415,"Chargez, fiers destriers de la foudre<Indent/>!"
24416,"Assez<Indent/>! Vous avez prouvé votre valeur, humains."
24417,"La foudre appelle la foudre<Indent/>!"
24418,"Imprévisible et létale, telle est la nature de la foudre<Indent/>!"
24419,"Ha, la fièvre du galop me gagne à mon tour<Indent/>!"
24420,"En avant pour une chevauchée électrique<Indent/>!"
24500,"Vaincre Garuda et Ifrit"
24501,"C'est moi qui ouvre le bal... Approchez, misérables insectes<Indent/>!"
24502,"Garuda<Indent/>! Un peu de respect pour nos adversaires<Indent/>!"
24503,"Sales vermisseaux<Indent/>! Comment osez-vous<Indent/>!?"
24504,"Il suffit<Indent/>! À mon tour de combattre<Indent/>!"
24505,"Bel acharnement<Indent/>! Dérisoire, hélas<Indent/>!"
24506,"Vous n'auriez jamais dû défier deux forces de la nature<Indent/>! Il est trop tard désormais<Indent/>!"
24507,"Vous ne nous laissez pas le choix..."
24508,"Le vent attise le feu<Indent/>! Ensemble, nous serons invincibles<Indent/>!"
24509,"Gwooooooh<Indent/>!"
24510,"Je suis Raktapaksa, le dieu aux ailes rouges."
24511,"Goûtez à un tourbillon de vent et de flammes<Indent/>!"
24512,"Brûlez<Indent/>! Brûlez jusqu'à ce qu'il ne reste plus rien<Indent/>!"
24513,"Je vais vous réduire en cendres... et vous disperser aux quatre vents<Indent/>!"
24600,"Vaincre l'idole des Ténèbres"
24601,"Je détecte une force étrange au milieu des purgateurs<Indent/>!"
24602,"C'est comme un amas d'énergie des Ténèbres... et on dirait qu'il les contrôle<Indent/>!"
24603,"Ce sont... des failles dimensionnelles<Indent/>!? Prenez garde<Indent/>!"
24604,"Je n'aime pas ça..."
24605,"L'éther environnant est dan<SoftHyphen/>ge<SoftHyphen/>reu<SoftHyphen/>se<SoftHyphen/>ment instable<Indent/>!"
24606,"L'énergie des Ténèbres s'intensifie encore<Indent/>! Méfiez-vous<Indent/>!"
24607,"Cette énergie... Attention, vous êtes <If(PlayerParameter(4))>prise<Else/>pris</If> pour cible<Indent/>!"
24608,"Les purgateurs se rassemblent<Indent/>!"
24609,"Quelle puissante terrifiante... Vous devez absolument l'arrêter<Indent/>!"
24610,""
24700,"メテオ計劃を中断させようなどと……
大将軍たる我が許すものか！"
24701,"ガンバスタードの力、試してみるか……！"
24702,""
24703,"少しはやるようだが……この攻撃ならばどうだ？"
24704,""
24705,"ガンシールド、エネルギー充填を開始する……！"
24706,"震え、怯え、頭を垂れよ……！"
24707,""
24708,"魔導タレット、起動……！"
24709,""
24710,"さかしい連中だ……ならば……！"
24711,"ガンバスタード、出力最大……消し飛ぶがよい！"
24712,"耐え抜くとは、驚いた……。
ならば、全力で戦い抜くのみよ！"
24713,""
24714,""
24715,""
24716,""
24717,""
24718,""
24719,""
24720,"我が大盾に、防げぬものなし……！"
24721,"な、なんと……我が大盾を貫いたとッ！？"
24722,"ガンバスタード、リミッターカット……！
帝国の力、あなどるなよ！"
24723,"グッ……メテオ計劃、停滞させてなるものか……！
おおおおおおッ！"
24724,"ガレマール帝国が敗れるというのか……！？"
24725,""
24726,""
24727,""
24728,""
24729,""
24730,""
24731,""
24732,""
24733,""
24734,""
24735,""
24736,""
24737,""
24738,""
24739,""
24740,""
24741,""
24742,""
24743,""
24744,""
24745,""
24746,""
24747,""
24748,""
24749,""
24750,""
24800,"D'où vient toute cette Lumière<Indent/>!?"
24801,"Ryne tiendra pas longtemps à ce rythme<Indent/>!"
24802,"Allez... Mon pouvoir a intérêt à être utile, cette fois<Indent/>!"
24803,"Yaaaaaah<Indent/>!"
24804,"Ainsi, vous cherchez à rompre la sérénité de ces lieux..."
24805,"Dormez dans les glaces éternelles<Indent/>!"
24806,"Volez en éclats<Indent/>!"
24807,"Vous ne m'inspirez que du dégoût<Indent/>!"
24808,"Que la Lumière soit<Indent/>!"
24809,"Arrière, Ténèbres<Indent/>!"
24810,"À quoi bon lutter<Indent/>?"
24811,"Dragon sacré, prête-moi ta force<Indent/>!"
24812,"Ô Lumière sublime, toi qui as le pouvoir de tout figer..."
24813,"Offre à ce monde la grâce éternelle<Indent/>!"
24814,"Le chant des dragons va de nouveau résonner<Indent/>!"
24815,"La glace étincelle et nourrit mon être<Indent/>!"
24816,"Place à la Lumière, porteuse de calme et de volupté<Indent/>!"
24817,"À moi, dragon sacré<Indent/>!"
24818,"Oh, mon bien-aimé dragon..."
24819,"L'heure est venue de faire naître l'harmonie véritable..."
24820,"Nos ennemis ne pourront rien face à notre immuable passion<Indent/>!"
24821,"J'ai un avenir selon toi, pas vrai<Indent/>?"
24822,"Si tu le penses vraiment, alors t'as pas le droit de disparaître<Indent/>!"
24823,"Et c'est pas cette foutue Lumière qui va m'arrêter<Indent/>!"
24824,"Argh... Je vais pas faire long feu si ça continue comme ça..."
24825,"Je suis à bout... Allez, dépêche-toi d'en finir<Indent/>!"
24826,"Vaincre <Sheet(BNpcName,9353,0)/>"
24827,"Je vais purger toute cette Lumière<Indent/>!"
24828,"Vous allez voir ce que vous allez voir<Indent/>!"
24829,"J'ai peut-être perdu la mémoire... mais je sais par<SoftHyphen/>fai<SoftHyphen/>te<SoftHyphen/>ment ce que j'ai à faire<Indent/>!"
24830,"Jamais les Ténèbres ne vaincront<Indent/>!"
24831,"Les Ténèbres vont disparaître de ce monde à jamais<Indent/>!"
24832,"La Lumière consumera les Ténèbres enfouies dans vos cœurs<Indent/>!"
24833,"Voyez la Lumière briller. Bientôt, il n'y aura plus qu'elle<Indent/>!"
24834,"Voici venir enfin le règne de la grâce éternelle<Indent/>!"
24835,""
24836,""
24837,""
24838,""
24839,""
24840,""
24841,""
24842,""
24843,""
24844,""
24845,""
24846,""
24847,""
24848,""
24849,""
24850,""
24900,"On va bientôt se diriger vers notre prochaine étape<Indent/>! Remontez vos lignes et accrochez-vous<Indent/>!"
24901,"Levez l'ancre<Indent/>! Toutes voiles dehors, en route pour la prochaine étape<Indent/>!"
24902,"Bon, il est temps de rentrer au port<Indent/>! Remontez vos lignes, et direction Limsa Lominsa<Indent/>!"
24903,"La pêche est finie pour aujourd'hui. C'est l'heure de mesurer vos prises<Indent/>!"
24904,"On dirait bien que <Unknown0A>E802</Unknown0A> a touché le gros lot. Voilà un courant spectral<Indent/>!"
24905,"Courant spectral en vue<Indent/>! Grâce à <Unknown0A>E802</Unknown0A>, tout le monde va pouvoir remplir ses filets<Indent/>!"
24906,"Tout était calme... Trop calme pour <Unknown0A>E802</Unknown0A><Indent/>! Préparez-vous pour un courant spectral<Indent/>!"
24907,"Nous voilà dans la baie de Galadion, c'est le moment de remplir vos filets<Indent/>!"
24908,"Nous voilà dans la baie de Galadion<Indent/>! Le temps est exécrable, mais c'est l'occasion rêvée de pêcher quelques beaux morceaux<Indent/>!"
24909,"Ça y est, on est dans le détroit sud de Merlthor<Indent/>! À vous de pêcher comme si votre vie en dépendait<Indent/>!"
24910,"Ça y est, on est dans le détroit sud de Merlthor<Indent/>! Il fait un temps à rester couché, mais faites-vous violence pour ramener des belles prises<Indent/>!"
24911,"Ici, c'est le détroit nord de Merlthor<Indent/>! Jetez vos lignes à l'eau et remontez-moi tout ce qui nage là-dedans<Indent/>!"
24912,"Ici, c'est le détroit nord de Merlthor<Indent/>! Profitez du mauvais temps pour remonter des prises dignes de ce nom<Indent/>!"
24913,"Ah, la mer de Rhotano<Indent/>! Un paysage idyllique pour une partie de pêche, n'est-ce pas<Indent/>? À vous de jouer<Indent/>!"
24914,"Ah, la mer de Rhotano<Indent/>! C'est que ça tape, mais on n'est pas ici pour faire bronzette, hein<Indent/>? À vos lignes<Indent/>!"
24915,"Les Cieldalaes sont en vue<Indent/>! Mais je vous rappelle qu'on n'est pas venus pour les plages de sable fin<Indent/>! Sortez vos lignes<Indent/>!"
24916,"C'est par ce temps que je préfère les Cieldalaes<Indent/>! Plus ça houle, plus on remonte gros<Indent/>!"
24917,"Aaah<Indent/>! Respirez à pleins poumons l'embrun de la mer Pourpre<Indent/>! Au moins, on sait quand on est arrivés<Indent/>! Assurez-vous juste de ne pas remonter des blocs de sel, ha ha ha<Indent/>!"
24918,"La mer Pourpre se déchaîne, aujourd'hui<Indent/>! Faites gaffe à pas l'empourprer d'avantage et accrochez-vous bien aux rambardes, OK<Indent/>!?"
24919,"Enfin dans le golfe de Rothlyt<Indent/>! C'est pas la porte à côté, alors vous allez me faire le plaisir d'en profiter<Indent/>!"
24920,"Allez, debout mes lascars<Indent/>! Au cas où vous n'auriez pas remarqué à cause de ce temps de chien, on est arrivé dans le golfe de Rothlyt<Indent/>!"
24921,"カモメの群れだ！！
大物の魚が集まってきてるようだな！"
24922,"カモメの群れが、こっちに向かってきそうだぞ！"
24923,"船の周りにカモメが来たな……
群れも現れるかもしれないぞ。"
24924,"カモメの群れが現れれば、
大物が集まってきてる証拠だぞ。"
24925,"イルカの群れがやってきたぞ！
これは吉兆だな！！"
24926,"イルカの群れが、こっちに向かってきそうだぞ！"
24927,"近くをイルカが泳いでるな……
群れも現れるかもしれないぞ。"
24928,"船乗りの間では、
イルカは幻海流への導き手と言われているんだ。"
24929,"Regardez-moi un peu cette volée qui s'excite<Indent/>! À tous les coups, ces petites morfales ont repéré de jolis bancs<Indent/>!"
24930,"Les piaillardes se sont mises en chasse, les enfants<Indent/>! Jetez vos lignes avant qu'elles vous chipent tous les bons poissons<Indent/>!"
24931,"C'est plus un vol de mouette, c'est une nuée<Indent/>! Doit y avoir de bonnes prises à faire dans le coin, profitez-en<Indent/>!"
24932,"Nos amis cétacés sont venus faire mumuse avec nous<Indent/>! Ça fleure bon pour nos épuisettes, ça<Indent/>!"
24933,"Un banc de dauphins<Indent/>! La Navigatrice nous a à la bonne on dirait<Indent/>!"
24934,"J'espère que ces dauphins sont là parce qu'ils ont repéré de bonnes prises et pas juste pour s'amuser<Indent/>! On croise les doigts<Indent/>!"
24935,"Tiens tiens... On verra bien, mais qui dit mouettes, dit souvent poiscaille."
24936,"J'aperçois des mouettes, les enfants. Ça pourrait bien être le signe qu'on va croiser du gros poisson."
24937,"V'là des mouettes, tiens. Quand y en a autant, ça rime souvent avec bonne prise."
24938,"J'ai repéré des dauphins dans notre sillage. Ils sont p't-être là pour le poisson, eux aussi."
24939,"Des dauphins nous tiennent compagnie. Pour nous marins pêcheurs, c'est synonyme de courant spectral, mais on verra bien<Indent/>!"
24940,"Des dauphins<Indent/>? Croyez-en mon expérience, ils pourraient bien nous porter chance<Indent/>!"
24941,"Ah, la Mer du Chant des sirènes<Indent/>! Gaffe à ne pas tomber à l'eau, les poissons tirent fort dans le coin<Indent/>!"
24942,"Enfin, la Mer du Chant des sirènes<Indent/>! C'est par ce genre de crachin qu'on fait les plus grosses prises, croyez-moi<Indent/>!"
24943,"Nous voilà dans la baie de Kugane<Indent/>! Évitez de ferrer des Namazu, ils sont rasoirs comme pas deux<Indent/>!"
24944,"La baie de Kugane<Indent/>! L'humidité ambiante réveille mes rhumatismes, ça sent la grosse prise<Indent/>!"
24945,"Ah, la Mer de Rubis<Indent/>! Pas le temps de vous expliquer, sortez vos appâts<Indent/>!"
24946,"Voici la Mer de Rubis<Indent/>! Si vous ne pêchez rien par ce temps, je peux rien pour vous<Indent/>!"
24947,"Ah, la Muni<Indent/>! Je vous rappelle que la pêche aux barils de céruleum est interdite<Indent/>!"
24948,"C'est la Muni<Indent/>! Attrapez-donc des gros poissons avant d'attraper un rhume<Indent/>!"
25000,"Atteindre les mines du mont Argai"
25001,"Franchir les mines du mont Argai"
25002,"Atteindre le Bal des enfeuillés"
25003,"Franchir le Bal des enfeuillés"
25004,"Atteindre le carré de l'Aurore"
25005,"Vaincre le berserker spectral"
25006,"Ohééé<Indent/>! On a accouru quand on a vu cet aéronef se ratatiner comme pas deux, mais je m'attendais pas à vous trouver vous<Indent/>! Et en un seul morceau qui plus est<Indent/>!"
25007,"Alors<Indent/>? On se retrouve une fois de plus dans une impasse<Indent/>? Grrr... Je t'ai pourtant dit de faire appel à moi dans ces cas-là<Indent/>!!!"
25008,"Par ici, mon petit arbrisseau<Indent/>!"
25009,"Plus on est de fous, plus on rit<Indent/>! Venez, mes petits<Indent/>! Dansez avec les feuilles<Indent/>! Tournez, virevoltez<Indent/>!"
25010,"J'attire l'attention de ces gros vilains<Indent/>! Profitez-en pour foncer<Indent/>!"
25011,"Je vous ouvre le passage secret qui mène à Grand-Lac<Indent/>! Prend garde à toi, mon petit arbrisseau<Indent/>!"
25012,"Ah ouais<Indent/>!? Vous voulez la jouer comme ça<Indent/>!? Eh ben pas de quartier<Indent/>!!!"
25013,"Ils vont manger, c'est moi qui vous l'dis<Indent/>! Bourre-pif nain de la fière exilée pour tout le monde<Indent/>!"
25014,"Vous voilà enfin... apôtres des Ténèbres<Indent/>! Rien n'arrêtera notre quête de paix éternelle<Indent/>! Je vais vous réduire à néant<Indent/>!"
25015,"Les Ténèbres... doivent... être éradiquées<Indent/>! Ugh... GGGRRRAAHHHHH<Indent/>!!!"
25016,"MON SANG...<Indent/>! IL BRÛLE DANS MES VEINES<Indent/>!!!"
25017,"JE VAIS VOUS ÉCORCHER JUSQU'AUX OS<Indent/>!!!"
25018,"Aussi rapide que le vent en furie... je balaierai les Ténèbres et sauverai ce monde<Indent/>!"
25019,"Ma vitesse ne connaît pas d'égal<Indent/>!"
25020,"Plus agile... plus prompt<Indent/>! Ma célérité dépasse même celle de la Lumière<Indent/>!"
25021,"Je prends les armes... Pour notre monde... Et pour toi<Indent/>!"
25022,"La mort vous attend... Acceptez-la à bras ouverts<Indent/>!"
25023,"Sortez de votre sommeil, mes servants<Indent/>!"
25024,"Pauvres petits, déjà fatigués<Indent/>?"
25025,"N'espérez pas pour autant reposer en paix<Indent/>!!!"
25026,"Ha ha ha<Indent/>! Tout ce sang<Indent/>! Quelle magnifique floraison cadavérique<Indent/>!"
25027,"Encore... J'en veux encore<Indent/>! Venez à moi<Indent/>! Et si vous ne pouvez marcher... RAMPEZ<Indent/>!"
25028,"Hi hi hi... La mort vous effraie<Indent/>? Rassurez-vous, vous ne serez pas seuls de l'autre côté..."
25029,"Fleurissez<Indent/>! Laissez jaillir vos délicats pétales de vie<Indent/>!"
25030,"Même corrompue jusqu'aux os, je n'en reste pas moins une Guerrière de la Lumière<Indent/>!"
25031,"Sombrez dans l'abîme de l'inexistence<Indent/>!"
25032,"Esclaves<Indent/>! Exterminez les ennemis de ce monde<Indent/>! Que leurs lambeaux jonchent le sol<Indent/>!"
25033,"Non<Indent/>! Pourquoi<Indent/>!? Serait-<If(PlayerParameter(4))>elle<Else/>il</If> hors d'atteinte pour un cœur gangrené comme le mien<Indent/>!?"
25034,"Comme on se retrouve<Indent/>! Auriez-vous rencontré une petite anicroche<Indent/>? Allez, suivez-moi. Nous entrons dans la danse<Indent/>!"
25035,"J'ai préparé un récital rien que pour ces fripouilles<Indent/>! Une mélodie pour tous les transformer en grenouilles<Indent/>!"
25036,"J'espère que vous m'en avez gardé un peu, parce que j'ai bien l'intention de m'en payer une bonne tranche<Indent/>!"
25037,"Veille sur moi, Milinda<Indent/>! Cette fois-ci je protégerai tous ceux qui ne peuvent se battre<Indent/>!"
25038,"Pff<Indent/>! De la gnognotte comparé aux apôtres<Indent/>! C'est pas ces guignols qui aurrront raison de moi<Indent/>!"
25039,"Allez, faut que je fasse bonne figurrre, sinon Olvara va encore se foutre de moi<Indent/>!"
25040,"J'ai une de ces patates, moi<Indent/>! Surtout depuis qu'on m'a parlé de tournées gratuites<Indent/>!"
25041,"Y a de l'alcool à volonté à la clef, alors finissons-en vite fait bien fait<Indent/>! C'est gratuit en plus, Taynor pourra même pas rouspéter<Indent/>!"
25042,"Qui a commandé une salade de phalanges<Indent/>!? Oh et puis, bourre-pif nain pour tout le monde<Indent/>!"
25043,""
25100,"Atteindre l'autel de Zolm'ak"
25101,"Franchir l'autel de Zolm'ak"
25102,"Atteindre l'Enclos à lézards"
25103,"Franchir l'Enclos à lézards"
25104,"Atteindre le clos du Crépuscule"
25105,"Vaincre Luna-Bahamut"
25106,"Les Amalj'aa se font attaquer un peu partout... Prenons des chemins séparés<Indent/>!"
25107,"J'attaquerai par les airs."
25108,"Mes pauvres petits... Je vais vous libérer de votre déchéance."
25109,"Tu comptes vraiment les affronter<Indent/>? Y en a un paquet<Indent/>!"
25110,"Je vais rugir pour rallier les miens."
25111,"Le faux Bahamut est tout proche... Grimpez sur le dos de mes enfants<Indent/>!"
25112,""
25113,"Activez la forteresse... Préparez-vous à tirer..."
25114,""
25115,""
25116,""
25117,""
25118,"Redéploiement du champ magitek..."
25119,""
25120,"Arrivés, les renforts sont<Indent/>! La situation, renversons<Indent/>!"
25121,""
25122,""
25123,"Maintenant<Indent/>! Le cœur, détruisez<Indent/>! La muraille ennemie, faites sauter<Indent/>!"
25124,"D'en finir, il est temps<Indent/>! Là-haut, grimpez<Indent/>! Un gros BOUM, offrez-nous<Indent/>!"
25125,""
25126,""
25127,""
25128,"Guerriers humains, votre aide, nous requérons<Indent/>! Trop solide pour nous, cette muraille est<Indent/>!"
25129,"Victoire<Indent/>! Bravo, guerriers humains. Un grand honneur, combattre à vos côtés est<Indent/>!"
25130,""
25200,"Suivre les indications de Cid"
25201,"Abattre la cible"
25202,"Abattre la cible tout en évitant ses attaques"
25203,"Abattre la cible tout en se protégeant de ses attaques"
25204,"Je t'ai préparé trois épreuves pour t'apprendre les bases du maniement du Guerrier-G."
25205,"Commence par attaquer la cible immobile que je t'ai préparée<Indent/>!"
25206,"Le Guerrier-G possède plusieurs armes à sa disposition, essaye-les donc pour voir<Indent/>!"
25207,"La cible a été abattue. Bien joué<Indent/>! On peut passer à l'utilisation d'armes plus avancées."
25208,"Si jamais tu souhaites quitter cet en<SoftHyphen/>traî<SoftHyphen/>ne<SoftHyphen/>ment, il te suffit de parler au module d'en<SoftHyphen/>traî<SoftHyphen/>ne<SoftHyphen/>ment. "
25209,"Mais si jamais tu lances une attaque contre une des cibles, tu devras compléter toute la phase d'en<SoftHyphen/>traî<SoftHyphen/>ne<SoftHyphen/>ment<Indent/>!"
25210,"Bien, passons à la suite."
25211,"Le Guerrier-G est équipé de propulseurs qui lui permettent d'augmenter temporairement sa puissance."
25212,"En contrepartie, cela entraîne des dommages périodiques sur la machine, alors fais attention à ne pas les activer trop longtemps<Indent/>!"
25213,"Tu connais l'adage<Indent/>: c'est en forgeant qu'on devient forgeron<Indent/>! Alors essaye donc le mode turbo."
25214,"Tu sens à quel point le Guerrier-G bouge vite maintenant<Indent/>? Attention, il est aussi plus faible qu'avant."
25215,"Sélectionne le mode turbo à nouveau pour revenir à la normale."
25216,"Bien, essaie maintenant de détruire la cible en utilisant le mode turbo."
25217,"La cible suivante va lancer plusieurs attaques à la suite, mais avec ta vitesse de déplacement augmentée, tu devrais pouvoir les éviter sans souci."
25218,"Beau travail<Indent/>! Désactive le mode turbo et je t'expliquerai la fonction suivante."
25219,"Qu'est-ce qui t'arrive<Indent/>? Sélectionne le mode turbo à nouveau sinon tu risques d'exploser<Indent/>!"
25220,"Le Guerrier-G possède aussi une barrière lui permettant de se protéger des attaques ennemies."
25221,"Celle-ci consomme de l'énergie, alors utilise-la avec parcimonie<Indent/>! Sinon, tu ne pourras plus te servir de tes autres armes."
25222,"Bien, active la barrière éthérée maintenant."
25223,"Tu vois le champ de protection qui s'est déployé<Indent/>? N'oublie pas de bien surveiller ton niveau d'énergie."
25224,"Bien, c'est assez pour l'instant. Sélectionne la barrière éthérée à nouveau pour la désactiver."
25225,"Parfait, passons à la mise en pratique<Indent/>!"
25226,"Tu ne pourras pas esquiver les attaques de la cible suivante, alors utilise la barrière éthérée pour réduire les dommages encaissés."
25227,"On dirait que tu as fait ça toute ta vie, <Split(<Highlight>ObjectParameter(1)</Highlight>, ,1)/><Indent/>! Bien, l'en<SoftHyphen/>traî<SoftHyphen/>ne<SoftHyphen/>ment est terminé."
25228,"Tu es là<Indent/>? Désactive ta barrière éthérée, sinon tu vas tomber à court d'énergie<Indent/>!"
25229,"Aïe... Si ce n'était pas une simulation, le Guerrier-G serait réduit en morceaux..."
25230,"<Split(<Highlight>ObjectParameter(1)</Highlight>, ,1)/>, tu m'entends<Indent/>? On ne peut pas essayer le mode turbo si tu ne l'utilises pas."
25231,"<Split(<Highlight>ObjectParameter(1)</Highlight>, ,1)/>, tu es là<Indent/>? Tu n'arrives pas à trouver comment activer la barrière éthérée<Indent/>?"
25232,"Si tu as subi trop de dommages, utilise auto-réparation<Indent/>!"
25233,"Utilise la barrière éthérée pour mieux encaisser les attaques<Indent/>! Le Guerrier-G ne tiendra pas encore longtemps comme ça..."
25234,""
25235,""
25300,"Abattre l'Arme Saphir"
25301,"Tiens donc... L'ennemi possède aussi sa propre machine de guerre. Intéressant, voyons de quoi elle est capable<Indent/>!"
25302,"Ô flamme céruléenne<Indent/>! Épouse ma forme et deviens mon spectre<Indent/>!"
25303,"Sale petit insecte... Tu ne perds rien pour attendre. En avant, tourelles<Indent/>!"
25304,"Tu vas goûter à la véritable puissance de Saphir<Indent/>! Préparez le mur de défense, fidèles serviteurs<Indent/>!"
25305,"J'en ai assez de jouer... Tu vas mordre la poussière<Indent/>!"
25306,"On dirait que l'Arme a absorbé l'éther d'un Primordial aquatique. Tu vas devoir utiliser le mode turbo et la barrière éthérée avec justesse<Indent/>!"
25307,"Attention, il va lancer Ultima magitek<Indent/>! Active la barrière éthérée<Indent/>!"
25308,"Saphir t'a pris<If(PlayerParameter(4))>e<Else/></If> pour cible<Indent/>! Vite, active la barrière éthérée<Indent/>!"
25309,"Active tes propulseurs<Indent/>! C'est le seul moyen d'éviter toutes ses attaques<Indent/>!"
25310,"Il faut l'empêcher de lancer sa prochaine attaque<Indent/>! Détruis les familiers en premier avant de te concentrer sur l'Arme Saphir."
25311,"L'Arme a plongé<Indent/>! Observe bien la surface de l'eau pour prédire où elle attaquera."
25312,""
25313,"Les familiers protègent l'Arme, ignore les tourelles et détruis-les en premier<Indent/>!"
25314,"Ignore les tourelles pour l'instant et vise les familiers<Indent/>! Une fois leur protection brisée, tu pourras atteindre l'Arme Saphir<Indent/>!"
25315,"Regarde<Indent/>! Les tourelles vont s'autodétruire<Indent/>! Débarrasse-t'en à l'aide d'Ultima destructrice<Indent/>!"
25316,""
25317,""
25318,""
25319,""
25320,""
25321,""
25322,""
25323,""
25324,""
25325,""
25326,""
25327,""
25328,""
25329,""
25330,""
25400,""
25401,"Notre ultime af<SoftHyphen/>fron<SoftHyphen/>te<SoftHyphen/>ment commence<Indent/>!"
25402,"Voilà pour ceux qui s'opposent à moi<Indent/>!"
25403,"Leurs idéaux<Indent/>! Ma force<Indent/>!"
25404,"Jamais je ne plierai<Indent/>!"
25405,"Toute résistance sera exterminée<Indent/>!"
25406,"Brille à la Lumière de notre futur<Indent/>!"
25407,"La salvation universelle est proche."
25408,"Je suis le premier et le dernier des héros<Indent/>!"
25409,"De ma main naît le salut<Indent/>!"
25410,"Une résistance héroïque... mais futile<Indent/>!"
25411,"À moi, Guerriers de la Lumière<Indent/>!"
25412,"Ne me sous-estime pas<Indent/>! Je transcende toutes les limites<Indent/>!"
25413,"Non... toi<Indent/>!? Comment est-ce possible<Indent/>!?"
25414,"Leurs prières me rendent invincible<Indent/>!"
25415,"Tu es le dernier obstacle... Meurs<Indent/>!"
25416,"Au nom de ceux et celles qui n'abandonnent jamais<Indent/>!"
25417,"Non... Ce n'est pas encore fini<Indent/>!"
25418,""
25419,"Les vainqueurs décident de ce qui est juste ou non. Aujourd'hui, c'est moi qui rendrai cette justice<Indent/>!"
25420,"Disparaissez dans les entrailles de l'espace<Indent/>!"
25421,"Débattez-vous donc. Cette dimension sera votre cercueil dès que j'en aurai refermé les portes."
25422,""
25423,"Ils débordent d'espoir... et je suis son incarnation<Indent/>! Il resplendit en moi<Indent/>!"
25424,"Je suis la somme de leur aspiration. Je vous surpasse<Indent/>!"
25425,""
25426,""
25427,"Non<Indent/>! Pourquoi leur portes-tu secours<Indent/>!? Notre rêve est à portée de main<Indent/>!"
25428,"Je ne peux pas être dans l'erreur... pas moi<Indent/>! J'arpente ce chemin depuis si longtemps... je ne m'arrêterai pas maintenant<Indent/>!"
25429,"Pas de fin grandiose pour vous. Juste le silence le plus indifférent qui soit."
25430,"La terre s'effrite sous vos pieds. Pressez-vous, à moins de sombrer dans un vide infini..."
25431,"Votre entêtement vous a sauvés à maintes reprises. Qu'en sera-t-il cette fois<Indent/>?"
25432,""
25433,"Hmpf... Pensiez-vous vraiment que j'allais vous laisser une échappatoire<Indent/>? J'ai scellé votre destin au moment où je vous ai téléportés ici."
25434,"Bienvenus dans notre repaire. Ici, le temps aura raison des mortels comme vous."
25435,"Vous serrez contre vous le cristal d'Azem et vous mettez à prier."
25436,"Hmpf... Toute cette force ne me suffirait donc pas à vous faire plier le genou...<Indent/>?"
25437,"Qu'à cela ne tienne<Indent/>! Je vais déchirer les frontières de ce monde et vous en bannir<Indent/>!"
25438,"Brisez vos chaînes si ça vous chante. Je ne vous ai laissé aucune échappatoire."
25439,"Vous errerez ici pour le restant de vos jours. Adieux, à jamais."
25440,"À moi, Guerriers de la Lumière<Indent/>!"
25441,""
25442,""
25443,""
25444,""
25445,""
25446,""
25447,""
25448,""
25449,""
25450,""
25451,""
25452,""
25453,""
25454,""
25455,""
25456,""
25457,""
25458,""
25459,""
25460,""
25461,""
25462,""
25463,""
25464,""
25465,""
25466,""
25467,""
25468,""
25469,""
25470,""
25471,""
25472,""
25473,""
25474,""
25475,""
25476,""
25477,""
25478,""
25479,""
25480,""
25481,""
25482,""
25483,""
25484,""
25485,""
25486,""
25487,""
25488,""
25489,""
25490,""
25491,""
25492,""
25493,""
25494,""
25495,""
25496,""
25497,""
25498,""
25499,""
25500,"Franchir la plate-forme A"
25501,"Franchir la plate-forme B"
25502,"Franchir l'aire de lancement"
25503,"Franchir la salle de commandement n°2"
25504,"Franchir le couloir"
25505,"Franchir la passerelle"
25506,"Ne vous avisez pas de me suivre. Ce combat n'est pas le vôtre."
25507,"H-hé, attends<Indent/>! On peut pas voler, nous<Indent/>! C'est pas du jeu<Indent/>! "
25508,"Formes de vie hostiles détectées. J'active l'unité rempart pour les intercepter."
25509,"Même une arme balèze comme ça, vous arrivez à la déglinguer<Indent/>!? Alors là, chapeau<Indent/>!"
25510,"Argh... Ils nous attendent, on dirait... et en nombre<Indent/>!"
25511,"Intrus détectés. Activation des modules de vol renforcés. Nous avons carte blanche pour intercepter l'ennemi."
25512,"Pfiou, c'était pas des tendres, ces trois-là..."
25513,"Hé, ça s'ouvre<Indent/>! Ils veulent qu'on aille plus loin, vous croyez<Indent/>?"
25514,"Qu'est-ce qu'on ferait sans vous, franchement<Indent/>? Merci<Indent/>!"
25515,"On est arrivés... C-c'est quoi, cet endroit<Indent/>!?"
25516,"724P, 767P, 772P, cibles confirmées. Activation des modules F23. Début de l'offensive."
25517,"724P à 767P et 772P. Demande d'assaut synchrone."
25518,"L'ennemi résiste. Augmentation de la puissance de feu recommandée."
25519,"Venez, on va les tailler en pièces<Indent/>!"
25520,"Morts de 767P et de 772P confirmées. Arf... Je vais vous massacrer pour la peine<Indent/>!"
25521,"Vous n'êtes pas... différents de nous..."
25522,"Ainsi donc, les autres unités YoRHa n'ont pas su vous barrer la route... Dans ce cas, je vais devoir m'occuper de vous personnellement<Indent/>!"
25523,"Installation des données de conscience de l'Opératrice 21O. Connexion forcée au système de contrôle de la Base."
25524,"こちら Opér...21O. Hack... déf... ense... k-k-kontroll... sysテム. Pilot... unit... de tir. Eliminiert... intr-u-u-us..."
25525,"Système de contrôle opérationnel. Je me charge d'éliminer les intrus<Indent/>!"
25526,"Communication avec le drone stationnaire établie. Ordre de tir de laser antipersonnel aux coordonnées cibles."
25527,"Canons à particules opérationnels. Chargement d'un tir à pleine puissance."
25528,"Canons à particules rotatifs parés à tirer. Activation des moteurs de rotation."
25529,"Ajustement de la position des ailes. Déflexion des tirs de particules."
25530,"Exécution du programme “Cantate funeste”. Éradication des intrus."
25531,"Demande de soutien aérien. À toutes les unités<Indent/>: sus à l'ennemi<Indent/>!"
25532,"Demande de soutien aérien. À toutes les unités<Indent/>: envoyez vos missiles<Indent/>!"
25533,"Dommages critiques subis. SCD et SCR inopérants. Message à Contrôle<Indent/>: prenez garde, l'ennemi est ex<SoftHyphen/>trê<SoftHyphen/>me<SoftHyphen/>ment puiss...<Indent/>!"
25534,"Je ne pensais pas que tu arriverais jusqu'ici... Alors, qu'en dis-tu<Indent/>? Cet endroit te rappelle-t-il des souvenirs<Indent/>?"
25535,"Systèmes d'interception opérationnels. Activation de la tourelle laser."
25536,"Activation de la tourelle laser."
25537,"Activation d'un programme de pod."
25538,"Activation d'un programme de pod."
25539,"Initialisation de la synthèse de composés explosifs."
25540,"Initialisation de la synthèse de composés explosifs."
25541,"Activation de l'unité de tir annulaire."
25542,"Activation de l'unité de tir annulaire."
25543,"Évaluation du niveau de menace ennemie. Passage en mode d'interception d'urgence."
25544,"Accès au système de gestion des armes à feu. Extermination des ennemis."
25545,"Opératrice 21O à 905P. Exécution du programme de renforcement."
25546,"L'ennemi ne faiblit pas. Déploiement des pods."
25547,"J'aurais dû me douter que ça finirait comme ça..."
25548,"Dommages irréversibles... Transmets... dernières données... à vous... ma famille..."
25549,"(cliquette) (cliquette)"
25550,"Avancer... Brûler..."
25551,"Tourner... Découper..."
25552,"Anéantir... toute résistance<Indent/>!"
25553,"Analyse du terrain. Exécution du programme de déplacement instantané."
25554,"Programme de pod... Laser<Indent/>!"
25555,"Écraser... encore... et encore<Indent/>!"
25556,"Pas d'échappatoire... Massacrer... Anéantir<Indent/>!"
25557,"Cloner... Attaquer<Indent/>!"
25558,"Cibles repérées. Début de l'offensive."
25559,"Séparons-nous et désignons chacune nos cibles."
25560,"Mes coéquipières ne répondent plus... Tant pis, il est trop tard pour battre en retraite."
25561,"Ah... Hahaha<Indent/>!!! J'y crois pas, elles sont mortes toutes les deux<Indent/>! Ah là là... Crevez tous, qu'on en finisse<Indent/>!"
25562,"En fin de compte, vous aimez ça vous aussi... Tuer, détruire..."
25563,"Ce monde... Tout ça... Quelle vaste blague..."
25564,"Programme leurre activé. Téléportation enclenchée."
25565,""
25566,""
25567,""
25568,""
25569,""
25570,""
25571,""
25572,""
25573,""
25574,""
25575,""
25576,""
25577,""
25578,""
25579,""
25580,""
25581,""
25582,""
25583,""
25584,""
25585,""
25586,""
25587,""
25588,""
25589,""
25590,""
25591,""
25592,""
25593,""
25594,""
25595,""
25596,""
25597,""
25598,""
25599,""
25600,"Vaincre la Promesse d'Éden"
25601,"Vaincre la prêtresse des Ténèbres"
25602,"Notre utopie n'appartient qu'à nous..."
25603,"Point de passé ou de futur, ce présent sera notre éternité<Indent/>!"
25604,"Déchaînons les souvenirs du monde<Indent/>!"
25605,"Altérons, pimentons ces souvenirs<Indent/>!"
25606,"Souffrez à travers vos souvenirs<Indent/>!"
25607,"Tremblez devant la puissance de ce souvenir<Indent/>!"
25608,"Que ce souvenir vous réduise en éclats<Indent/>!"
25609,"C'est inutile<Indent/>!"
25610,"Disparaissez<Indent/>!"
25611,"Vous gâchez notre plaisir<Indent/>!"
25612,"Hors de notre utopie<Indent/>!"
25613,"Misérables insectes<Indent/>!"
25614,"Vous refusez de disparaître<Indent/>!?"
25615,"Notre jardin commence à s'écrouler..."
25616,"Pourquoi vouloir nous importuner<Indent/>?"
25617,"Vous n'avez rien à faire dans notre utopie."
25618,"Que votre existence même soit radiée<Indent/>!"
25619,"Il faut protéger les souvenirs de Gaïa<Indent/>!"
25620,"Ouah, ça croque sous la dent<Indent/>!"
25621,"Ouais, c'est vraiment pas mal."
25622,"On est bien d'accord<Indent/>! On en partage encore un<Indent/>?"
25623,"Un biscuit...<Indent/>? Je ne comprends pas..."
25624,"J'ai... J'ai disparu de ses souvenirs...<Indent/>?"
25625,"C'était une bonne idée d'en faire un collier<Indent/>!"
25626,"Oh oui, je suis sûre qu'il t'ira à ravir<Indent/>!"
25627,"Tu veux que je le porte<Indent/>? Mais c'est pourtant toi qui..."
25628,"Un collier de glace<Indent/>? D'où il sort<Indent/>?"
25629,"Sa mémoire est en train de s'effacer<Indent/>!"
25630,"Hmm... Qu'est-ce que tu dis de ce rouge à lèvres<Indent/>?"
25631,"Arrête, c'est la même couleur que moi<Indent/>!"
25632,"Je suis sûre que celui-ci t'ira mieux."
25633,"C'est pas mon rouge... Mais alors, à qui est-il...<Indent/>?"
25634,"Oh non... Les souvenirs de Gaïa...<Indent/>!"
25635,"Notre harmonie est enfin accomplie."
25636,"Essor et stagnation... L'ultime utopie<Indent/>!"
25637,"Formes, couleurs, tout finit par s'évanouir..."
25638,"Les souvenirs ne sont qu'éphémères..."
25639,"L'heure de la promesse a sonné..."
25640,"Adieu, protégés de la Lumière."
25641,"C'est terminé... Comment va Gaïa<Indent/>!?"
25642,"Mitron<Indent/>!? Aaaaaah<Indent/>!"
25643,"Enfin, je me souviens... Mon nom est Gaïa..."
25644,"Alias Loghrif, du Concile des Quatorze<Indent/>!"
25645,"J'apporte les Ténèbres absolues sur cette terre<Indent/>!"
25646,"Mes mots sont la parole divine..."
25647,"Ô pouvoir magique ancien<Indent/>!"
25648,"Ô sombres abysses<Indent/>!"
25649,"Ô Ténèbres du chaos<Indent/>!"
25650,"Sonne la mort..."
25651,"Déphasage<Indent/>!"
25652,"Sonne l'éveil..."
25653,"Sonnent les accords..."
25654,"Ô immense vide<Indent/>!"
25655,"Pliez devant les Ténèbres<Indent/>!"
25656,"Soyez réduits à néant<Indent/>!"
25657,"Au nom du grand Zordiarche<Indent/>!"
25658,"J'en appelle aux Ténèbres<Indent/>!"
25659,"Souvenirs évanescents..."
25660,"Passé... Présent... Futur..."
25661,"Ici convergent une infinité de possibilités<Indent/>!"
25662,"Éphémère douleur, éternel bonheur..."
25663,"Désormais le temps s'écoule selon ma volonté<Indent/>!"
25664,"Toute compagnie n'amène que solitude..."
25665,"Dans l'unicité seule réside la félicité<Indent/>!"
25666,"Pour ne plus jamais revivre la perte et l'oubli..."
25667,"Que tout souvenir et toute existence disparaisse<Indent/>!"
25668,"Même si ce sentiment devait disparaître..."
25669,""
25670,""
25671,""
25672,""
25673,""
25674,""
25675,""
25676,""
25677,""
25678,""
25679,""
25680,""
25681,""
25682,""
25683,""
25684,""
25685,""
25686,""
25687,""
25688,""
25689,""
25690,""
25691,""
25692,""
25693,""
25694,""
25695,""
25696,""
25697,""
25698,""
25699,""
25700,"Suivez Elidibus<Indent/>!"
25701,"Vainquez Ardbert<Indent/>!"
25702,"Rejoins-moi. Nous allons juger de tes progrès."
25703,"Je ne te réserve aucun coup en traître. Tu devras simplement abattre les adversaires que je placerai devant toi."
25704,"Commençons par des cibles faciles... Comme des compagnons que l'on rencontre au début de ses aventures."
25705,"Dans ton cas, ils sont tout trouvés."
25706,"Frappe sans hésiter. Malgré leur apparence, ce ne sont que des monstres..."
25707,"Comme tu le sais, voilà très longtemps que nous t'observons. Autrement dit, ton épreuve ne fait que commencer..."
25708,"Une grande aventure nécessite de grands antagonistes. Va. Terrasse tes ennemis, et deviens un<If(PlayerParameter(4))>e<Else/></If> véritable <If(PlayerParameter(4))>héroïne<Else/>héros</If>."
25709,"Bravo, <If(PlayerParameter(4))>héroïne<Else/>héros</If> d'Éorzéa. Poursuivons sur ta route jalonnée de sacrifices."
25710,"J'oubliais. Vous n'avez pas enchaîné que les victoires."
25711,"Comment s'appelaient-ils déjà<Indent/>? Les Braves du Cristal<Indent/>? Vous êtes tombés de bien haut ce jour-là..."
25712,"Aucune raison de te retenir cette fois. Déchaîne ta haine et montre-moi de quoi tu es capable."
25713,"Tu n'as fait qu'une bouchée d'eux aussi. Tu es d'autant plus fort<If(PlayerParameter(4))>e<Else/></If> que tu ne t'es battu<If(PlayerParameter(4))>e<Else/></If>... et nul ne s'est plus battu que toi."
25714,"Reprenons, maintenant. Je souhaite jauger ta force. Ton point de vue, lui, ne m'intéresse aucunement."
25715,"Recherchés pour un crime qu'ils n'avaient pas commis, nos héros en fuite trouvèrent refuge... dans un pays enneigé."
25716,"Si cette crise avait eu raison des Héritiers de la Septième Aube, Lahabrea serait encore des nôtres, aujourd'hui..."
25717,"Mais trop entêté<If(PlayerParameter(4))>e<Else/></If> pour mourir, tu te jetas corps et âme dans la Guerre du chant des dragons."
25718,"Toi et tes amis entreprîtes de mettre fin à un conflit millénaire. Pris dans le vif du moment, vous fîtes couler le sang, car on vous l'avait gentiment demandé."
25719,"Oh. À moins que ce ne fût pour assouvir une vengeance personnelle<Indent/>?"
25720,"Tu dois être un peu plus échauffé<If(PlayerParameter(4))>e<Else/></If>, maintenant. Continue comme ça."
25721,"Les gens se rapprochent toujours des héros. Certains pour exprimer leur gratitude, d'autres pour les jalouser, mais presque tous... pour se servir d'eux."
25722,"Voici venue l'heure de la grande manœuvre."
25723,"Ils n'ont eu que ce qu'ils méritaient. Les héros ne se voient tendre la main que par des égoïstes, de toute façon."
25724,"Il est temps de mettre un terme à la Guerre du chant des dragons. As-tu deviné quel sera ton prochain adversaire<Indent/>? "
25725,"Aucune réconciliation possible, cette fois. Bats-toi comme si ta vie en dépendait."
25726,"Excellent. Une guerre de moins dans le monde."
25727,"Mais la fin de ce conflit ne faisait que présager le début d'un autre. Dès lors, <If(PlayerParameter(4))>l'héroïne<Else/>le héros</If> d'Éorzéa ne pouvait reculer."
25728,"En fondant Garlemald, l'empereur Solus avait créé une étincelle qui finit par embraser le monde entier."
25729,"Vous partîtes alors pour Ala Mhigo et Doma, déchaînant une tempête de sang sur votre passage."
25730,"Mais tu n'en devins que d'autant plus puissant<If(PlayerParameter(4))>e<Else/></If>. Si puissant<If(PlayerParameter(4))>e<Else/></If> que nous n'étions désormais plus en mesure de te contrôler."
25731,"Voyons jusqu'où l'on peut pousser cette force monstrueuse qui t'habite."
25732,"Afin d'avoir une chance infime de libérer ces pays, vous partîtes vers les grandes steppes d'Orient."
25733,"Pour y combattre, mais aussi pour rallier de grands guerriers à votre cause."
25734,"Qui se ressemble s'assemble, n'est-ce pas<Indent/>?"
25735,"Mais les grandes rencontres mettent bien souvent le feu aux poudres. Combien de destins as-tu embrasés ainsi<Indent/>?"
25736,"Ne laisse rien d'eux. Élimine-les comme tu l'as fait avec cette pauvre fille dans ce castrum."
25737,"Aucune hésitation... Ils ne t'en auraient pas laissé le temps<Indent/>? À moins que... Ne t'en fais pas. Nous avons bientôt terminé."
25738,"Quoi de mieux qu'un monstre pour tester la force d'un autre<Indent/>?"
25739,"En possession de son corps, j'étais parvenu à prendre l'ascendant sur toi. Mais qu'en serait-il maintenant<Indent/>?"
25740,""
25741,"Rejoins-moi. Nous conclurons cette épreuve à l'intérieur."
25742,"“Ce n'est pas Ardbert, ce n'est même pas un Guerrier de la Lumière<Indent/>!” Hmpf, tu ferais bien de ne pas me sous-estimer pour autant..."
25743,"Tous ses réflexes acquis au fil des combats sont gravés dans l'essence de ce corps."
25744,"Tu affrontes un vrai héros, <If(PlayerParameter(4))>Guerrière des Ténèbres<Else/>Guerrier des Ténèbres</If><Indent/>!"
25745,"Oui, c'est bien. Je commence à sentir ton envie meurtrière. Laisse-la monter..."
25746,"Tu ne te ménages pas, dis donc. Ne me dis pas que tu espères encore récupérer le corps que j'habite."
25747,"Il y a bien un moyen, si tu y tiens tant que ça. Prouve-moi que je ne peux te vaincre grâce à lui<Indent/>!"
25748,"Encore... Encore<Indent/>!"
25749,"Argh... Ha ha... Rien à voir avec ta performance contre mes piètres créations."
25750,"Très bien. Je vais transcender mes limites et voir de quoi tu es réellement capable<Indent/>!"
25751,"Plus rien ne nous retiens, toi et moi<Indent/>! Donne tout ce que tu as<Indent/>!"
25752,"(halète)... Voilà donc ma limite..."
25753,""
25800,"Rex<Indent/>! Il est inutile de se battre<Indent/>! Sors de là et laisse-nous t'aider<Indent/>!"
25801,"Il va détruire la base entière s'il continue..."
25802,"Cette formation... Je la reconnais<Indent/>! C'est celle que j'ai utilisée lors de l'invasion de Werlyt<Indent/>!"
25803,"J-je n'ai pas le choix... mais avec ça... impossible de perdre<Indent/>!"
25804,"Vous allez voir... La puissance du plus grand général de l'armée impériale<Indent/>! Activation du mode de superposition psychique<Indent/>!"
25805,"Données de combat, code<Indent/>: Gaius van Baelsar... Préparation terminée.
Séquence de réécriture du cœur engagée."
25806,"Allie, Alfonse... Adieu<Indent/>!"
25807,"Seuls les puissants doivent diriger les civilisations<Indent/>! Je suis Gaius van Baelsar et tous se prosterneront devant moi<Indent/>!"
25808,"On dirait... Werlyt, à l'époque où j'ai annexé la province... L'auralithe factice serait capable de créer des illusions aussi réalistes<Indent/>!?"
25809,"Pour chaque commencement, il doit y avoir une fin... Terminus Est<Indent/>!"
25810,"À moi, ma légion<Indent/>!"
25811,"3e cohorte... En avant<Indent/>!"
25812,"Peloton d'exécution, formez vos rangs<Indent/>!"
25813,"3e cohorte... Feu<Indent/>!"
25814,"Préparez l'armement magitek<Indent/>!"
25815,"Commencez le bombardement aérien<Indent/>!"
25816,"Regroupement général... Prenez vos positions<Indent/>!"
25817,"Ta force est im<SoftHyphen/>pres<SoftHyphen/>sion<SoftHyphen/>nante, dommage que tu ne l'utilises pas à bon escient... Feu à volonté<Indent/>!"
25818,"Non, Rex... Ne fais pas ça<Indent/>!"
25819,"Qu'est-ce que ça signifie<Indent/>!? Cette forme... On dirait..."
25820,"Même si nous devons vous ôter la vie, Père<Indent/>! Jamais... Jamais nous n'abandonnerons notre combat<Indent/>!"
25821,"Ceux qui s'opposent à la domination de l'Empire seront réduits en poussières<Indent/>!"
25822,"Pardonnez-moi, Père... Mais avec le pouvoir de cette Arme, nous pourrons construire un avenir meilleur<Indent/>!"
25823,""
25824,""
25825,""
25826,""
25827,""
25828,""
25829,""
25830,""
25900,"Aller jusqu'à la carrière clinquante"
25901,"Nettoyer la carrière clinquante"
25902,"Aller jusqu'à la fontaine frisquette"
25903,"Vider la fontaine frisquette"
25904,"Aller jusqu'au brasier bariolé"
25905,"Calmer la mère porxie"
25906,"Tout d'abord, il va nous falloir de l'argile."
25907,"ポロッゴの案内に従うんだよ……！"
25908,"Maintenant que nous avons l'argile, il faut remettre en marche la pompe à eau."
25909,"La pompe à eau est en marche<Indent/>! Il faut désormais attiser le feu pour le four."
25910,"Bien, il est temps de cuire notre mère porxie<Indent/>!"
25911,"Vous trouverez de l'argile par ici, coâ<Indent/>! Veuillez emprunter ce portail..."
25912,"C'est moâ qui vous servirai de guide<Indent/>! Je compte sur vous pour nous débarrasser des gêneurs en chemin, coâ."
25913,"Je vais vous aider à traverser ce gouffre, coâ."
25914,"Je ne croâyais pas qu'il y aurait autant de créatures dans le coin..."
25915,"Le filon d'argile se trouve un peu plus loin, mais il vous faudra vaincre le gardien des lieux, coâ."
25916,"Vous avez réussi<Indent/>! Nous pouvons maintenant retourner voâr maître Matoya<Indent/>!"
25917,"C'est à mon tour de vous montrer le chemin<Indent/>! Suivez-moâ<Indent/>!"
25918,"Dépêchez-vous, coâ<Indent/>! Maître Matoya me changera en balai si l'un de vous venait à se perdre..."
25919,"Je vais activer le moulin à eau pour faire descendre la plate-forme. Un instant, coâ<Indent/>!"
25920,"Tiens, une source d'eau... De coâ vous aider à gagner un peu de hauteur<Indent/>!"
25921,"Encore une autre plate-forme à baisser, je m'en occupe, coâ<Indent/>!"
25922,"Je ressens la présence d'une créature espiègle... Faites attention à vous, coâ<Indent/>!"
25923,"L'eau circule à nouveau dans l'atelier<Indent/>! Nous pouvons retourner voâr maître Matoya<Indent/>!"
25924,"J'espère que vous n'êtes pas trop couverts, car ça va chauffer<Indent/>! Suivez-moâ<Indent/>!"
25925,"Allez, en avant<Indent/>! Ne soâyez pas à la traîne<Indent/>!"
25926,"COÂ<Indent/>!? Qu'est-ce qui se passe<Indent/>!?"
25927,"Ce n'est pas une petite rivière de magma qui va nous arrêter, coâ<Indent/>!"
25928,"COÂ<Indent/>!? Encore lui<Indent/>!"
25929,"Notre objectif se trouve droât devant nous<Indent/>! Débarrassez-nous de ce gêneur<Indent/>!"
25930,"Quelle bataille intense<Indent/>! Il ne nous reste plus qu'à traverser le magma, coâ<Indent/>!"
25931,"Et voilà, le brasier est bien attisé. Retournons au grand four<Indent/>!"
25932,"Tralalaaa<Indent/>!♪ Tu veux bien jouer avec moi<Indent/>? Allez<Indent/>! Allez<Indent/>!"
25933,"Tralalaaa<Indent/>!♪ Tadam<Indent/>! Jaillit ma belle source<Indent/>!"
25934,"Tralalaaa<Indent/>!♪ Tchac<Indent/>! Perce ma belle eau<Indent/>!"
25935,"Ah ha ha<Indent/>! C'est trop bien<Indent/>! Allez mes belles gouttes, venez à moi<Indent/>!"
25936,"Tralalaaa<Indent/>!♪ Plouf<Indent/>! Tombe l'averse<Indent/>!"
25937,"N-n-nooooon<Indent/>! Toute ma belle eau est partie<Indent/>! Méchants<Indent/>! Tralala..."
25938,"Grrr... Pourquoi ça vous touche pas<Indent/>!?"
25939,"Tralalaaa<Indent/>!♪ Splash<Indent/>! Emporte-les mon joli torrent<Indent/>!"
25940,"Snif... Ah... J'ai perdu<Indent/>! Je vais être sage, promis<Indent/>! Tralala..."
25941,"Eh ben... Elle se défend bien... Faites attention à ne pas vous faire aspirer<Indent/>!"
25942,"Elle s'est cachée<Indent/>! Trouvez-la rapidement avant qu'elle n'ait fini de préparer son attaque<Indent/>!"
25943,"Bien, moi je vais vous observer d'ici..."
25944,""
25945,""
26000,"Je suis le seul à même de la protéger..."
26001,"Que la Lumière vous purge de vos péchés<Indent/>!"
26002,"Voyons un peu ce que vous valez... En garde<Indent/>!"
26003,"Voyons voir ce que vous dites de ça."
26004,"Ce petit jeu a assez duré..."
26005,"J'ai juré de la protéger..."
26006,"C'est ça, mon image de l'être ultime...<Indent/>!?"
26007,"Cette créature contrôle l'élément des cartouches...<Indent/>?"
26008,"La Lumière est trop forte... Où est-il<Indent/>?"
26009,"Je sens l'éther s'intensifier dans ces cercles<Indent/>!"
26010,"La cartouche est chargée de Lumière<Indent/>!"
26011,"C'est... la multi-taillade de Gaïa...<Indent/>!?"
26012,"Pas question d'abandonner maintenant<Indent/>!"
26013,"Vaincre le Sabreur de destins"
26014,"Goûtez à ma véritable puissance<Indent/>!"
26015,"Non... Elle a encore besoin de moi..."
26016,""
26017,""
26018,""
26019,""
26020,""
26100,"Vaincre le Nuage de Ténèbres"
26101,"La Lumière ne peut nous atteindre<Indent/>!"
26102,"Le monde entier sera englouti dans notre ombre<Indent/>!"
26103,"Que le pouvoir des Ténèbres jaillisse en une forêt obscure<Indent/>!"
26104,"Disparaissez dans les entrailles du néant<Indent/>!"
26105,"Vous raccrocher les uns aux autres ne fera qu'entraîner votre perte<Indent/>!"
26106,"Avec les Ténèbres vient l'équilibre, avec l'équilibre vient la vie<Indent/>!"
26107,"Ce qui vient du néant retourne au néant<Indent/>!"
26108,"Espoir, désespoir... Nous nous en nourrissons<Indent/>!"
26109,"Que les Ténèbres se déchaînent<Indent/>!"
26200,"Tu seras mon modèle. Je te rendrai coup pour coup, sort pour sort."
26201,"Tu refuses d'agir<Indent/>? Qu'à cela ne tienne, j'ai d'autres imitations en réserve."
26202,""
26203,"Imbécile, ne te contente pas de <If(PlayerParameter(4))>la<Else/>le</If> copier<Indent/>! Tous les coups sont permis<Indent/>!"
26204,"D'accord... Je vais me battre comme vous le feriez, sans honneur ni humanité."
26205,"Règle d'or du mime<Indent/>: toujours suivre son modèle. Je combattrai la magie par la magie<Indent/>!"
26206,"Je t'ai prévenu, Bleuet masqué... Si tu me frappes, je te frappe<Indent/>!"
26207,""
26208,""
26209,""
26210,""
26211,""
26212,""
26213,""
26214,""
26215,""
26216,""
26217,""
26218,""
26219,""
26220,""
26221,""
26222,""
26223,""
26224,""
26225,""
26226,""
26227,""
26228,""
26229,""
26230,""
26231,""
26232,""
26233,""
26234,""
26235,""
26236,""
26237,""
26238,""
26239,""
26240,""
26241,""
26242,""
26243,""
26244,""
26245,""
26246,""
26247,""
26248,""
26249,""
26250,""
26251,""
26252,""
26253,""
26254,""
26255,""
26256,""
26257,""
26258,""
26259,""
26260,""
26261,""
26262,""
26263,""
26264,""
26265,""
26266,""
26267,""
26268,""
26269,""
26270,""
26271,""
26272,""
26273,""
26274,""
26275,""
26276,""
26277,""
26278,""
26279,""
26280,""
26281,""
26282,""
26283,""
26284,""
26285,""
26286,""
26287,""
26288,""
26289,""
26290,""
26291,""
26292,""
26293,""
26294,""
26295,""
26296,""
26297,""
26298,""
26299,""
26300,"Protégez Alisaie des attaques ennemies<Indent/>!"
26301,"Offrez votre énergie magique à Alisaie<Indent/>!"
26302,"Abattez le perforateur du 2e ordre<Indent/>!"
26303,"Envoyez à nouveau votre énergie magique à Alisaie<Indent/>!"
26304,"Cette petite peste s'est attaquée au grand prêtre<Indent/>! Il faut l'arrêter, il le faut, oui<Indent/>!"
26305,"On ne va pas rester les bras croisés<Indent/>! Allez tout le monde, il faut protéger Alisaie<Indent/>!"
26306,"<Split(<Highlight>ObjectParameter(1)</Highlight>, ,1)/><Indent/>! Attire les golems vers moi<Indent/>! Je vais m'en occuper<Indent/>!"
26307,"Bien, le sort est prêt<Indent/>! Angelo, à toi de jouer<Indent/>!"
26308,"Argh... Sa subjugation est bien plus tenace que celle de Ga Bu. Un seul sort n'a pas suffi..."
26309,"C'est ce que je crrraignais... Seule, Alisaie n'aura pas assez d'énergie pour le soigner."
26310,"Ils ont pris Alisaie pour cible<Indent/>! Vite, venez l'aider<Indent/>!"
26311,"Alphinaud<Indent/>! Il faut que nous prrrêtions de l'énergie à Alisaie<Indent/>!"
26312,"Merci<Indent/>! Grâce à vous deux, je vais pouvoir essayer encore une fois<Indent/>!"
26313,"Argh... Je ne vais pas pouvoir continuer comme ça encore longtemps..."
26314,"Damnation<Indent/>! Ils sont trop nombreux<Indent/>!"
26315,"Je m'occupe d'eux<Indent/>! Gardez vos distances sinon vous allez être pris dans le sort aussi<Indent/>!"
26316,"Eynzahr... C'était trop risqué... Mais il faut saisir cette chance. À toi, Alisaie<Indent/>!"
26317,"C'est parti<Indent/>! Pourvu que ça marche, cette fois..."
26318,"Haa... Haa... On y est presque... <Split(<Highlight>ObjectParameter(1)</Highlight>, ,1)/>, je vais avoir besoin de ton énergie."
26319,"Ha ha<Indent/>! Vous allez tous mourir, oui<Indent/>! Allez petite, abandonne<Indent/>!"
26320,"Amirale, non<Indent/>! C'est trop dangereux<Indent/>!"
26321,"Nous devons obtenir la paix avec les Kobolds<Indent/>! Et je suis prête à y laisser ma vie pour y arriver<Indent/>!"
26322,"私とて、かつては海賊の頭領だったのだ……
この身はそんなにやわではない！"
26323,"Plus qu'un seul humain encore debout, oui<Indent/>! Tu vas mourir<Indent/>!"
26324,"Merci<Indent/>! Ça va marcher cette fois, j'en suis sûre<Indent/>!"
26325,"Argh... Encorrre des gêneurs..."
26326,"Des bombos<Indent/>! Il ne faut pas les laisser s'approcher d'Alisaie<Indent/>!"
26327,"Enfer, ça n'arrête pas<Indent/>! Il faut protéger la petite demoiselle<Indent/>!"
26328,"<Split(<Highlight>ObjectParameter(1)</Highlight>, ,1)/><Indent/>! Donne-moi encore un peu d'énergie..."
26329,""
26330,""
26331,""
26332,""
26333,""
26334,""
26335,""
26336,""
26337,""
26338,""
26339,""
26340,""
26341,""
26342,""
26343,""
26344,""
26345,""
26346,""
26347,""
26348,""
26349,""
26350,""
26351,""
26352,""
26353,""
26354,""
26355,""
26356,""
26357,""
26358,""
26359,""
26360,""
26361,""
26362,""
26363,""
26364,""
26365,""
26366,""
26367,""
26368,""
26369,""
26370,""
26371,""
26372,""
26373,""
26374,""
26375,""
26376,""
26377,""
26378,""
26379,""
26380,""
26381,""
26382,""
26383,""
26384,""
26385,""
26386,""
26387,""
26388,""
26389,""
26390,""
26391,""
26392,""
26393,""
26394,""
26395,""
26396,""
26397,""
26398,""
26399,""
26400,"Vaincre le roi de l'Ombre"
26401,"Les sentiments que vous avez abandonnés ont fait de moi le roi de l'Ombre... Renoncez à cette <Emphasis>amitié</Emphasis>, que j'accomplisse ma destinée<Indent/>!"
26402,"Inutile de vous cacher, vous n'échapperez pas à mes griffes<Indent/>!"
26403,"Tapi dans l'ombre, je suis à l'affût<Indent/>!"
26404,"Les ombres se meuvent, et jaillissent des Ténèbres<Indent/>!"
26405,"Votre ombre est mienne<Indent/>!"
26406,"Surveillez vos arrières... Vos ombres vous trahissent<Indent/>!"
26407,"Mon monde, englouti par les Ténèbres...
La source de mon pouvoir<Indent/>!"
26408,"Toutes les ombres m'appartiennent...
Et les vôtres ne font pas exception<Indent/>!"
26409,"Je contrôle toute ombre qui soit<Indent/>!"
26410,"C'est la fin de notre aventure. Adieu, mes chers compagnons..."
26411,""
26412,""
26413,""
26414,""
26415,""
26416,""
26417,""
26418,""
26419,""
26420,""
26421,""
26422,""
26423,""
26424,""
26425,""
26426,""
26427,""
26428,""
26429,""
26430,""
26431,""
26432,""
26433,""
26434,""
26435,""
26436,""
26437,""
26438,""
26439,""
26440,""
26441,""
26442,""
26443,""
26444,""
26445,""
26446,""
26447,""
26448,""
26449,""
26450,""
26451,""
26452,""
26453,""
26454,""
26455,""
26456,""
26457,""
26458,""
26459,""
26460,""
26461,""
26462,""
26463,""
26464,""
26465,""
26466,""
26467,""
26468,""
26469,""
26470,""
26471,""
26472,""
26473,""
26474,""
26475,""
26476,""
26477,""
26478,""
26479,""
26480,""
26481,""
26482,""
26483,""
26484,""
26485,""
26486,""
26487,""
26488,""
26489,""
26490,""
26491,""
26492,""
26493,""
26494,""
26495,""
26496,""
26497,""
26498,""
26499,""
26500,"Vainquez les troupes de Misija<Indent/>!"
26501,"Détruisez le Gabriel delta<Indent/>!"
26502,"Écrasez-moi ces imbéciles<Indent/>!"
26503,"あの金色の機体は、私が引き付けましょう！"
26504,"解放者殿は、ミーシィヤと、
その他の魔導兵器を頼みます……！"
26505,"Ces armures magitek n'étaient que de vulgaires tas de ferraille de toute façon<Indent/>! Escadron delta, en avant<Indent/>!"
26506,"皆さん、私のところへ集まってください！"
26507,"くっ……皆さん、ご無事ですか……！？"
26508,"あの攻撃を耐え抜いただと……！？
だが、これで終いと思うなよ！"
26509,"Un alliage doré<Indent/>? Ce serait de nouveaux modèles<Indent/>!?"
26510,"Nous en attirons un par là<Indent/>! Prenez l'autre, <Split(<Highlight>ObjectParameter(1)</Highlight>, ,1)/><Indent/>!"
26511,"Je me charge de Misija<Indent/>! Occupez-vous de l'armure magitek<Indent/>!"
26512,""
26513,""
26600,"Tour"
26700,"Franchir le pare-feu A"
26701,"Franchir le pare-feu B"
26702,"Franchir le pare-feu C"
26703,"Franchir le pare-feu D"
26704,"Franchir la plateforme élévatrice"
26705,"Franchir le sommet"
26706,"Nous sommes dans le réseau interne de la tour, aussi appelé cyberespace."
26707,"Peu importe. Exterminer nos ennemis, c'est tout ce qui compte."
26708,"Qu'est-ce qu'on s'amuse, vous ne trouvez pas<Indent/>?"
26709,"Vous savez ce qu'il se passera si nous détruisons la sphère..."
26710,"N'y prêtez pas attention. Rien de ce que disent ou font ces machines n'a de sens."
26711,"Cette porte est verrouillée."
26712,"Je vais pirater le réseau. Plongez dedans et faites tomber les défenses ennemies."
26713,"C'est ouvert. Continuons d'avancer."
26714,"En voilà une autre... C'est reparti pour du piratage<Indent/>!"
26715,"L'ennemi nous prépare un mauvais tour... Nous devons l'arrêter avant qu'il ne soit trop tard."
26716,"Vivre, c'est connaître la solitude... c'est connaître l'amour..."
26717,"Je renaîtrai encore et encore, jusqu'à éprouver réellement ces sentiments... D'ici là..."
26718,"Tout le monde est mort... Il ne reste plus que moi... Je ne veux pas finir toute seule..."
26719,"Faites-moi entendre vos voix..."
26720,"Chantons une chanson... tous ensemble..."
26721,"Nous nous sommes amusés comme des fous... et vous<Indent/>?"
26722,"Héhéhé... Apprêtez-vous à découvrir un tout nouveau monde..."
26723,"C'est elle, notre cible<Indent/>! Éliminons-la<Indent/>!"
26724,"Rien ne presse... Amusons-nous un peu, d'accord<Indent/>?"
26725,"Sources de chaleur multiples détectées autour de la cible<Indent/>! Reste sur tes gardes<Indent/>!"
26726,"Entendez l'ultime cantate..."
26727,"Enfin, le moment tant attendu... l'ouverture de la porte..."
26728,"Ce lieu déborde de lumière..."
26729,"Qu'est-ce que... Le paysage a changé<Indent/>!?"
26730,"La mémoire de toute chose est contenue en moi."
26731,"Elle peut manipuler l'espace à sa guise<Indent/>!?"
26732,"Nombreux sont les désirs qui sommeillent ici."
26733,"Elle a fait apparaître quelque chose juste en dessous de nous<Indent/>!"
26734,"Chaque souvenir a sa propre forme."
26735,"Ça vient des côtés, cette fois<Indent/>!"
26736,"Chers uザgers... Des trains vont tラvers... votre gアre. Veuillez v... éカrter des v-v-v..."
26737,"Il manquait plus que ça..."
26738,"Il est temps pour vous d'entendre l'ultime cantate..."
26739,"Neutralise les ondes sonores en leur opposant la même couleur que la leur<Indent/>! "
26740,"Vous voudriez réduire nos efforts à néant<Indent/>?"
26741,"Ces blocs de béton seront votre linceul."
26742,"Elle va lâcher ces amas de débris<Indent/>! Ne reste pas là<Indent/>!"
26743,"A-A-A-A-A-Aaaaaaaaahhh<Indent/>!!!"
26744,"Même si vous nous détruisez, vous n'aurez pas gagné pour autant."
26745,"Il n'y a que deux issues possibles<Indent/>: votre ané<SoftHyphen/>an<SoftHyphen/>tis<SoftHyphen/>se<SoftHyphen/>ment, ou le nôtre<Indent/>!"
26746,"Lutter encore et toujours... Voilà donc votre seule raison d'être..."
26747,"Hélas, vous êtes prisonniers de vos instincts belliqueux. Prisonniers de vos âmes..."
26748,"Votre lot sera de contempler l'ané<SoftHyphen/>an<SoftHyphen/>tis<SoftHyphen/>se<SoftHyphen/>ment de votre monde."
26749,"... Un virus logique<Indent/>! 2B, je n'arrive plus à pirater le réseau<Indent/>!"
26750,"Vite, détruisez le noyau ennemi<Indent/>!"
26751,"Est-ce que ça va<Indent/>!?"
26752,"Intéressant. Vous devriez pouvoir nous divertir un peu..."
26753,"Quand bien même vous attaqueriez tous ensemble..."
26754,"... la force du nombre sera toujours de notre côté."
26755,"Hihihi... Très amusant. Sur ce, il est temps de passer aux choses sérieuses..."
26756,"Cette signature d'énergie ne me dit rien qui vaille<Indent/>! Surveille ses mouvements<Indent/>!"
26757,"Il s'est dupliqué<Indent/>!?"
26758,"Oh non... Ne reste pas au milieu<Indent/>! Réfugie-toi dans les coins<Indent/>!"
26759,"Il va charger<Indent/>! Ne le laisse pas te pousser dans le vide<Indent/>!"
26760,"4C27C3AA7472652068756■■1696E"
26761,"63686572636■6520736F■E2073656D626C61626■65"
26762,"■■6F7573206C7574■4657A"
26763,"566F757320■■61727461676■7A"
26764,"6C657320■■6E7320636F6E74■265206C65732061■■74726573"
26765,"6C657320756E■■20■■766563206C6573206■7574726573"
26766,"Hihihi<Indent/>! Vous ne pourrez jamais nous anéantir..."
26767,"Un programme défensif... Fais attention à bien choisir ta cible<Indent/>!"
26768,""
26769,"556E206■6F696E746■696E20736F75766■■■6972"
26770,"4175■47265666■6973"
26771,"6E6F7■73206E■■2066616973696F■E732071■527756E"
26772,"Pour l'ouvrir, vous devez infiltrer le réseau ennemi et éliminer l'entité qui la bloque."
26773,""
26774,""
26775,""
26776,""
26777,""
26778,""
26779,"Ils se préparent à frapper<Indent/>! Ouvre l'œil<Indent/>!"
26780,"Là, devant elle, je détecte un flux d'énergie<Indent/>! Observe son sens de rotation pour l'éviter<Indent/>!"
26781,""
26782,""
26783,""
26784,""
26785,""
26786,""
26787,""
26788,""
26789,""
26790,""
26791,""
26792,""
26793,""
26794,""
26795,""
26796,""
26797,""
26798,""
26799,""
26800,"Vainquez les Télophores<Indent/>!"
26801,"Débusquez les Néo-Primordiaux<Indent/>!"
26802,"Terrassez les forces ennemies<Indent/>!"
26803,"Protégez le nœud éthéré en vainquant Luna-Odin<Indent/>!"
26804,"Protégez le nœud éthéré en vainquant Luna-Ravana<Indent/>!"
26805,"Protégez le nœud éthéré en vainquant Luna-Ifrit<Indent/>!"
26806,"Votre attention, chers camarades. Les Télophores déploient présentement leurs troupes sur toute la plaine de Carteneau."
26807,"L'Ascien a été aperçu en plein déplaçement aérien, mais nous avons aussitôt perdu sa trace. Il compte pro<SoftHyphen/>ba<SoftHyphen/>ble<SoftHyphen/>ment observer la situation de là-haut."
26808,"Prenez garde, les Néo-Primordiaux sont totalement im<SoftHyphen/>pré<SoftHyphen/>vi<SoftHyphen/>si<SoftHyphen/>bles<Indent/>! À peine ont-ils entamé un assaut qu'ils se volatilisent aussitôt<Indent/>!"
26809,"Ils ont forcément une stratégie derrière la tête... Héritiers, la Grande compagnie éorzéenne compte sur vous pour leur coller une bonne raclée<Indent/>!"
26810,"Ici Alphinaud des Héritiers de la Septième Aube<Indent/>! Message reçu, Général Aldynn<Indent/>!"
26811,"Séparons-nous pour mieux encercler l'ennemi. Thancred, Y'shtola, suivez-moi sur le flanc est<Indent/>!"
26812,"<Split(<Highlight>ObjectParameter(1)</Highlight>, ,1)/>, Alphinaud<Indent/>! Avec moi en direction du côté opposé<Indent/>!"
26813,"Je reste ici pour guérir autant de subjugués que possible. Bonne chance à tous<Indent/>!"
26814,"Je me charrrge d'attirer les subjugués pendant que vous réglez leur compte aux Néo-Primordiaux<Indent/>!"
26815,"Argh<Indent/>! Voilà les renforrrts<Indent/>!"
26816,"Impossible de guérir qui que ce soit dans ces conditions<Indent/>! On se débarrasse d'eux fissa<Indent/>!"
26817,""
26818,""
26819,""
26820,""
26821,""
26822,"Les subjugués sont tellement imbibés de poison éthéré... Il faudrait les traiter dans un endroit calme, c'est-à-dire le plus loin possible de ce champ de bataille..."
26823,"Certains Impériaux ont même commencé à muter<Indent/>! Ils ont beau en vouloir à notre vie, ça me fait mal au cœurrr de les abattre dans un tel état..."
26824,"Nous devons absolument en finir avec cette malédiction avant qu'il ne soit trop tarrrd<Indent/>!"
26825,"On dirait qu'ils ont décidé de nous laisser respirer un peu. J'espère que les autres vont bien..."
26826,"Nous voilà devant Odin nouvelle édition, camarades<Indent/>! On fait comme d'habitude, j'attire son attention pendant que vous me couvrez<Indent/>!"
26827,"Je m'occupe de la chaîne<Indent/>! Urianger, nos défenses vont avoir besoin de toute ta vigilance<Indent/>!"
26828,"Attention, chaud devant<Indent/>! Vous avez intérêt à l'esquiver ou vous risquez d'avoir très très mal<Indent/>!"
26829,"Q-quelle puissance incroyable<Indent/>! Si nous n'unissons pas nos forces pour le défendre, le nœud éthéré risque de rompre à tout moment<Indent/>!"
26830,"Libérons d'abord Thancred<Indent/>!"
26831,"Le voilà qui revient à la charge<Indent/>! Essayez de l'éviter tout en protégeant le nœud éthéré<Indent/>!"
26832,"Il joue sa dernière carte, on dirait<Indent/>!"
26833,"C'est le moment de lui mettre un dernier coup de pression<Indent/>! En avant<Indent/>!"
26834,"Laisse-moi deviner<Indent/>: ce Néo-Primordial est là pour détruire le nœud éthérrré, et nous devons l'en empêcher à tout prix<Indent/>!"
26835,"C'est Ravana, c'est-à-dire pas la moitié d'un rigolo<Indent/>! Si on y va pas à fond, on se fera balayer<Indent/>!"
26836,"Ça grouille de papillons partout<Indent/>! Le nœud éthéré est en danger<Indent/>!"
26837,"Laisse-moi fairrre<Indent/>! Un coup de Brèche et ils seront cloués sur place<Indent/>!"
26838,"Ouf, on a réussi à éviter la catastrophe<Indent/>! Il faut lui rendre la monnaie de sa pièce maintenant<Indent/>!"
26839,"Fais gaffe, il prépare un nouveau sale coup avec tout cet éther accumulé<Indent/>! Ta Brèche va devoir reprendre du service<Indent/>!"
26840,"Pendant ce temps, je vais m'employer à réduire ses défenses en charpie<Indent/>! Je compte sur toi, Raha<Indent/>!"
26841,"Hé hé, tu n'avais pas prrrévu cette attaque<Indent/>! Hein, Luna-Ravana<Indent/>?"
26842,"Me voilà<Indent/>! Tiens, prends ça dans les dents<Indent/>!"
26843,"Le Seigneur des flammes... C'est lui qui a mis Arenvald dans ce piteux état<Indent/>!"
26844,"Une chose est sûre, il montre les crocs... Restez constamment sur vos gardes, camarades<Indent/>!"
26845,"Aïe... Si on ne détruit pas tout ça très rapidement, on risque d'avoir très chaud aux fesses<Indent/>!"
26846,"Quelle énergie<Indent/>! Cette créature ne vit que pour réduire le nœud éthéré en cendres<Indent/>!"
26847,"Attention les yeux, voici ma botte secrète<Indent/>!"
26848,""
26849,"Plus personne ne souffrira par ma faute<Indent/>! J'en fais le serment devant ce nœud éthéré<Indent/>!"
26850,"Tu n'échapperas pas à ma lance, raclure<Indent/>!"
26851,"Concentrez vos attaques sur les ennemis droit devant<Indent/>!"
26852,"Bons Dieux... Ça n'a pas de fin<Indent/>!"
26853,"Voilà, allez voir ailleurs si on y est, ça nous fera des vacances..."
26854,"C'est le moment de soigner les subjugués<Indent/>! Angelo n'attend plus que toi, Alisaie<Indent/>!"
26855,""
26856,""
26857,""
26858,""
26859,""
26860,""
26900,"Phase de combat enclenchée... Je ne laisserai personne toucher à ma sœur<Indent/>!"
26901,"Voici mon atout secret<Indent/>: le Gardien-G-02<Indent/>! Maintenant que l'Arme est encerclée, il est temps d'activer le module de capture<Indent/>!"
26902,"Utilise les téléporteurs pour te déplacer d'un Gardien-G à l'autre<Indent/>!"
26903,"Arme Rubis<Indent/>: libération de la mémoire en cours... Activation des griffes<Indent/>! Milisandia, prête-moi ta force<Indent/>!"
26904,"Arme Émeraude<Indent/>: libération de la mémoire en cours... Activation des bras autonomes<Indent/>! Rex, je compte sur toi<Indent/>!"
26905,"Arme Saphir<Indent/>: libération de la mémoire en cours... Activation du canon pectoral<Indent/>! Ricon, notre rêve est à portée de main<Indent/>!"
26906,"全メモリー解放……！
義兄妹たちよ、共に戦ってくれ！"
26907,"3..."
26908,"2..."
26909,"1..."
26910,"0<Indent/>!"
26911,"Je savais que ce combat serait ardu... Dans ce cas, il ne me reste plus d'autre choix<Indent/>!"
26912,"L'avenir des faibles est décidé par les forts<Indent/>! Si nous voulons réaliser notre rêve, il nous faut le pouvoir ultime, capable de faire ployer les puissants<Indent/>!"
26913,"C'est donc ça, la véritable forme de l'Arme Diamant..."
26914,"Fais attention<Indent/>! Elle semble avoir grandement gagné en mobilité<Indent/>!"
26915,"Le Gardien-G est trop endommagé<Indent/>! Il faut le réparer avant qu'il ne soit totalement détruit<Indent/>!"
26916,"Le Gardien-G-02 a besoin d'être réparé. Va sur l'autre plate-forme et vite<Indent/>!"
26917,"Activation du champ de force magitek<Indent/>! Tu ne m'échapperas pas<Indent/>!"
26918,"La température du cœur est bien trop élevée, la machine risque de me lâcher... Pas le choix, je dois réactiver l'armure<Indent/>!"
26919,"Allie... Ne t'en fais pas, je te protégerai... Moi et les autres, nous sommes tous là pour toi<Indent/>!"
26920,"Le Gardien-G est à nouveau opérationnel<Indent/>! Réactivation du module de capture<Indent/>!"
26921,"On dirait qu'il lui en coûte de se séparer de son armure externe... Il faut vite attaquer pendant que l'Arme est affaiblie<Indent/>!"
26922,"Le second Gardien-G est à nouveau fonctionnel<Indent/>! Ce sont des réparations de fortune, mais cela devrait tenir jusqu'à la fin du combat<Indent/>!"
26923,"Cette forme bestiale est surpuissante, mais elle n'est utilisable que quelques instants... Mettons fin à ce combat avant qu'elle ne se retransforme<Indent/>!"
26924,"Dislocation de l'armure<Indent/>! Allez Diamant, montre-leur de quoi tu es capable<Indent/>!"
26925,"Mes chers frères et sœurs, prêtez-moi votre force<Indent/>!"
26926,"Voilà la véritable force... celle qui guidera notre nation vers l'avenir... vers notre utopie<Indent/>!"
26927,"Cette voix... Ce n'est pas celle d'Allie<Indent/>! Qu'est-ce que ça signifie<Indent/>!?"
26928,"Je ne peux abandonner ici... Pas maintenant qu'ils se sont tous sacrifiés... pour notre rêve..."
26929,""
26930,""
27000,"Atteindre le poste de commandement A-4"
27001,"Franchir le poste de commandement A-4"
27002,"Atteindre la conquête A-4"
27003,"Franchir la conquête A-4"
27004,"Atteindre le quartier général A-4"
27005,"Vaincre Stigma-4"
27006,"Espèce inconnue... Étude biologique nécessaire.
Neutralisation des futurs sujets d'expérience."
27007,"Circonstance opportune à un test de combat en conditions réelles.
Réquisition d'un châssis expérimental Oméga. "
27008,"Réévaluation du degré de menace des futurs sujets.
Déploiement des dragons hybrides."
27009,"L'adversaire semble connaître nos tactiques ainsi que celles des dragons... 
Lancement des astéropoings expérimentaux."
27010,"Les capacités de combat de l'adversaire doivent être dépassées pour vaincre.
Optimisation des systèmes en cours."
27011,"Analyse neuronale terminée.
Lancement d'interférence par piratage mental."
27012,"まさか……敗北……
敗北したと……戦略に致命的な誤りがあったと……！？"
27013,"Infiltration des systèmes mémoriels de Stigma-4 réussie.
Nous avons devant nous... ses souvenirs de notre dernier conflit<Indent/>?"
27014,"La situation désespérée sur Alphatron, notre planète mère, avait précipité cette guerre.
Les ressources s'amenuisaient, et l'environnement se dégradait."
27015,"Les partisans de l'invasion avaient le soutien de la matrice de logistique militaire Stigma-4.
Elle démarra les usines d'armement pour fabriquer une force d'invasion."
27016,"Voici Stigma-4<Indent/>! Débarrasse-toi de son garde et détruis son unité centrale<Indent/>!"
27017,"Stigma-4 a fui dans une autre couche de son espace virtuel.
Je vais t'y connecter. Utilise cette interface virtuelle."
27018,"Un souvenir de l'invasion de la civilisation gordhonienne.
Il s'agit de la toute première que nous avons rencontrée."
27019,"Connexion au flux de données.
Ouverture d'un bus de données permettant notre avancée."
27020,"Approvisionnement, production, perfectionnement...
Tout était mis au point localement.
Cette unité de classe Lambda améliorée a été créée sur place."
27021,"Stigma-4 s'échappe à nouveau...
Poursuivons-le."
27022,"Je savais que nous finirions par arriver ici...
Comme tu l'auras deviné, c'est un souvenir des dragons."
27023,"Les dragons en furie avaient pénétré notre bouclier.
Profitons-en pour nous introduire dans l'avant-poste."
27024,"Stigma-4 n'a plus nulle part où aller.
Vaincs-le, qu'il goûte enfin à l'amertume de la défaite."
27025,"Alerte rouge<Indent/>! Nous sommes repérés<Indent/>!
Les unités de sécurité vont chercher à t'arrêter<Indent/>!"
27026,"Nous étions fracturés en deux clans.
Celui cherchant à régénérer Alphatron, et celui prônant l'invasion d'une autre planète."
27027,"La dénomination de Stigma-4 était alors Alpha-4.
Il se trouvait dans cette usine d'armement."
27028,"Nous arrivons au centre de commandement de Stigma-4.
Je vais essayer de déverrouiller cette porte."
27029,"Elle s'étendait jusque dans cette ceinture d'astéroïdes riches en ressources minières.
Nous l'avons donc exterminée."
27030,"Gordhona maîtrisait la science de l'ingénierie.
Les Omicrons les surpassaient néanmoins en tout point."
27031,"Stigma-4 voulait étudier la prééminence évolutive de notre plus redoutable ennemi.
Il entreprit donc de per<SoftHyphen/>fec<SoftHyphen/>tion<SoftHyphen/>ner ceux que nous avions capturés."
27032,"Un système autoévolutif fut intégré aux nouvelles unités de classe Oméga.
Bien qu'encore imparfaites, elles furent lâchées sur le champ de bataille."
27033,""
27100,"Atteindre la chambre de l'habileté"
27101,"Franchir la chambre de l'habileté"
27102,"Atteindre la chambre de la fortune"
27103,"Franchir la chambre de la fortune"
27104,"Atteindre la chambre de la sagesse"
27105,"Vaincre les sœurs Magus"
27106,"Quel endroit lugubre... Restez sur vos gardes."
27107,"Pas le temps de terrrgiverser, on fonce droit devant<Indent/>!"
27108,"Tiens bon, Nidhana<Indent/>! On arrive<Indent/>!"
27109,"Les radiations éthérées sont in<SoftHyphen/>croya<SoftHyphen/>ble<SoftHyphen/>ment puissantes par ici<Indent/>! L'invocation a sûrement commencé<Indent/>!"
27110,"Ces masques d'animaux... Ils ressemblent à ceux des divinités manusya..."
27111,"Nous devons tout faire pour sauver ces pauvres Arkasodaras<Indent/>!"
27112,"Bonne chance à tous<Indent/>! On compte surrr vous<Indent/>!"
27113,"Hors de notre tour, manants<Indent/>!"
27114,"Si vous n'obéissez pas, vous subirez le courroux des sœurs Magus<Indent/>!"
27115,"Mon <Emphasis>habileté</Emphasis> aura raison de vous<Indent/>!"
27116,"Dansez, mes petits... jusqu'à ce que vous en creviez<Indent/>!"
27117,"Toute résistance est futile<Indent/>!"
27118,"Je dois protéger la tour..."
27119,"Je dois la protéger coûte que coûte<Indent/>!"
27120,"Je ne vous laisserai pas vous emparer de ma <Emphasis>fortune</Emphasis><Indent/>!"
27121,"La tour ne doit pas tomber<Indent/>!"
27122,"Vous ne perdez rien pour attendre..."
27123,"Vous voilà donc arrivés au bout, envahisseurs..."
27124,"Les sœurs Magus vont vous faire payer le prix de votre outrecuidance<Indent/>!"
27125,"Samanta, Anabella<Indent/>! À moi, maintenant<Indent/>!"
27126,"Que les flammes vous consument<Indent/>!"
27127,"Que le froid vous glace les os<Indent/>!"
27128,"Que la foudre vous réduise en miettes<Indent/>!"
27129,"Tant que la fortune nous sourit, nous vaincrons<Indent/>!"
27130,""
28000,"S'il faut que tout s'achève aujourd'hui, autant que ce soit mémorable<Indent/>!"
28001,"Encore un peu... Et nous ne ferons plus qu'un<Indent/>!"
28002,"Aaaah<Indent/>!! Enfin<Indent/>!"
28003,"Ha ha ha ha ha<Indent/>!"
28004,"Zordiarche... Le sauveur présumé du monde... "
28005,"Le voilà désormais devenu Dieu de la Destruction<Indent/>!"
28006,"Tu es encore en vie<Indent/>? Encore plus tenace qu'un parasite..."
28007,"À l'aide des ténèbres, je façonnerai une nouvelle réalité..."
28008,"Que les lois de la nature se plient à ma volonté<Indent/>!"
28009,"À moi, mes concepts... Venez, chères créatures<Indent/>!"
28010,"Il est temps de reprendre l'apocalypse..."
28011,"Que la peur se matérialise en étoiles<Indent/>!"
28012,"Qu'elles s'abattent sur le monde, comme à l'époque<Indent/>!"
28013,"La Tour de Syrcus n'est qu'un jouet en comparaison<Indent/>!"
28014,"C'est la fin de tout<Indent/>! Plus besoin de retenir mes coups<Indent/>!"
28015,"Je suis le plus puissant des Primordiaux... Comment est-ce possible<Indent/>?"
28016,"Rien ne pourra survivre à cette attaque<Indent/>! Adieu<Indent/>!"
28017,"Que les Ténèbres t'engloutissent<Indent/>!"
28018,"Pourras-tu résister à ça<Indent/>!?"
28019,"J'attendais ce jour depuis longtemps<Indent/>!"
28020,"Le jour où j'éradiquerai toute vie<Indent/>!"
28021,"Zordiarche est désormais totalement sous mon contrôle<Indent/>!"
28022,""
28023,""
28024,""
28025,""
29000,"Au carrefour du destin, l'humanité doit choisir son futur<Indent/>!"
29001,"À moi, cristaux de Lumière<Indent/>!"
29002,"Entendez..."
29003,"Le chant funeste qui retentit aux confins de l'univers..."
29004,"Ressentez..."
29005,"L'immuable désespoir au crépuscule de l'existence... "
29006,"Pensez..."
29007,"Au chemin qui vous mènera à travers les Ténèbres..."
29008,"Puisez dans la force de vos sentiments<Indent/>!"
29009,"Ou fuyez tant qu'il est encore temps... Exode<Indent/>!"
29010,"Oui... Il faut parfois arrêter sa marche en avant..."
29011,"Continuons, jusqu'à ce que l'humanité me surpasse<Indent/>!"
29012,"Que l'infinie Lumière me donne la force<Indent/>!"
29013,"Résistez<Indent/>! Pour défier l'apocalypse<Indent/>!"
29014,"Votre route est tracée... Fuyez, et vivez..."
29015,"Une autre arme... Une autre épreuve<Indent/>!"
29016,"Le défi se poursuit avec cette arme<Indent/>!"
29017,"Par le pouvoir du cristal<Indent/>!"
29018,"Saurez-vous trouver la parade<Indent/>?"
29019,""
29020,""
29021,""
29022,""
29023,""
29024,""
29025,""
30000,"Il est grand temps de sonner l'hallali<Indent/>! En avant<Indent/>!"
30001,"Les étoiles aussi, finiront par s'éteindre une à une..."
30002,"Nous sommes les chroniqueuses de la fin des temps..."
30003,"Toujours la même épître liminaire sans cesse recopiée..."
30004,"Chacune d'entre nous a éprouvé le désespoir..."
30005,"Nous avons connu la somme de toutes les peines..."
30006,"Voilà notre cadeau..."
30007,"Un voyage solitaire sur un océan de Ténèbres..."
30008,"Les astres d'hier pleuvent sur ceux d'aujourd'hui..."
30009,"Si vivre ne fait pas le bonheur..."
30010,"Alors nous en créerons un nous-mêmes<Indent/>!"
30011,"Le bonheur dans l'inexistence<Indent/>!"
30012,"Cet éclat<Indent/>!? Le dynamis<Indent/>!"
30013,"Peu importe<Indent/>! Vos sentiments sont éphémères<Indent/>!"
30014,"Le désespoir est éternel<Indent/>!"
30015,"Personne n'échappe à son destin."
30016,"Jamais nous ne perdrons espoir...<Indent/>!"
30017,"Vos émotions ont été plus fortes...<Indent/>!?"
30018,"Haaa... La haine et la jalousie affleurent à nouveau...<Indent/>!"
30019,"Nous n'acceptons pas votre réponse..."
30020,"Nous la rejetons de tout notre être<Indent/>!"
30021,"Nous avons vu l'univers dans toute sa désolation<Indent/>!"
30022,"Astres et vivants se dirigent inéluctablement vers l'abîme<Indent/>!"
30023,"Votre épopée ne finira pas sur une note d'espoir<Indent/>!"
30024,"Votre existence est futile<Indent/>!"
30025,"Le désespoir prend bien des formes..."
30026,"Inutile de souffrir..."
30027,"Même accablés par le désespoir..."
30028,"Nous nous relèverons in<SoftHyphen/>las<SoftHyphen/>sa<SoftHyphen/>ble<SoftHyphen/>ment..."
30029,"Car nous l'avons toujours porté avec nous..."
30030,"Au fil des épreuves que nous avons endurées..."
30031,"Sur les chemins tortueux que nous avons arpentés..."
30032,"Tu seras capable de tout surmonter..."
30033,"Et de faire renaîtrrre l'espoir<Indent/>!"
30034,"Anéantissement total dans 10 secondes..."
30035,"Anéantissement total dans 5 secondes..."
30036,"Anéantissement total dans 4 secondes..."
30037,"Anéantissement total dans 3 secondes..."
30038,"Anéantissement total dans 2 secondes..."
30039,"Anéantissement total dans 1 seconde..."
30040,""
30100,"Atteindre l'observatoire central"
30101,"Franchir l'observatoire central"
30102,"Atteindre les enchevêtrements cristallins"
30103,"Franchir les enchevêtrements cristallins"
30104,"Atteindre les turbulences éthérées"
30105,"Vaincre Amon"
30106,"Éthéroscope activé... Allez-y, j'assure vos arrières<Indent/>!"
30107,"Des âmes malfaisantes sont en train de se matérialiser<Indent/>?"
30108,"この輝き、この想いは……まさか！？"
30109,"Je ne laisserai personne... m'arracher... mon amour<Indent/>!"
30110,"Avec mes baghnakhs, je vais vous faire goûter à la souffrance... celle que j'ai vécue<Indent/>!"
30111,"Je ne vous laisserai pas fuir<Indent/>! Pas vous... pas cette fois<Indent/>!"
30112,"Gaiuuuuuuuus<Indent/>!!!"
30113,"J'ai promis la victoire au général van Baelsar<Indent/>! Même tombé en enfer, je n'aban<SoftHyphen/>don<SoftHyphen/>ne<SoftHyphen/>rai pas<Indent/>!"
30114,"J'ai attendu cette chance de me venger si longtemps... Vous ne m'échapperez pas<Indent/>!"
30115,"Pliez devant la toute-puissance de mon bouclier-canon Tartarus<Indent/>!"
30116,"C'en est fini de vous<Indent/>!"
30117,"Une fois de plus, j'ai échoué... Adieu, Seigneur van Baelsar...<Indent/>!"
30118,"Admirez ma véritable apparence, gravée dans mon âme depuis toujours."
30119,"Que la mort vous emporte à tout jamais<Indent/>!"
30120,"Craignez le sceau de l'ané<SoftHyphen/>an<SoftHyphen/>tis<SoftHyphen/>se<SoftHyphen/>ment..."
30121,"Il est temps de mettre fin à cette farce<Indent/>!"
30122,"Grrr, maudites soient ces pensées récalcitrantes<Indent/>!"
30123,"Ce courant éthéré devrait vous permettre d'avancer encore plus pro<SoftHyphen/>fon<SoftHyphen/>dé<SoftHyphen/>ment."
30124,"L'éther est tellement dense ici... Je sens que nous allons être coupés<Indent/>!"
30125,"L'esprit d'un regretté Preux fidèle à son mentor s'est matérialisé sous la forme de son bâton<Indent/>!"
30126,"L'esprit d'une regrettée Preuse éprise d'amour et de justice s'est matérialisé sous la forme de sa hache<Indent/>!"
30127,"L'esprit d'un regretté chevalier prêt à tout en amitié s'est matérialisé sous la forme de son épée et de son bouclier<Indent/>!"
30128,""
30129,""
30130,""
30131,""
30132,""
30133,""
30134,""
30135,""
30136,""
30137,""
30138,""
30139,""
30140,""
30141,""
30142,""
30143,""
30144,""
30145,""
30146,""
30147,""
30148,""
30149,""
30150,""
30200,"Atteindre la clairière de Vanaspati"
30201,"Franchir la clairière de Vanaspati"
30202,"Atteindre la résidence du doyen"
30203,"Franchir la résidence du doyen"
30204,"Atteindre le temple de Devata"
30205,"Vaincre Svarbhanu"
30206,"Vous voilà<Indent/>! Écoutez-moi, ces monstres... Ce sont des humains, des Thavnairois<Indent/>!"
30207,"Je... Je ne peux pas leur faire de mal, ils restent mes protégés<Indent/>!"
30208,"Pardonnez-moi... Le drame se nouera que je retienne mes griffes ou non..."
30209,"この先の集落から悲鳴が……急いでくれ。"
30210,"Une aura maléfique a envahi la forêt..."
30211,"Ces bêtes pullulent<Indent/>!"
30212,"J'abattrai autant de créatures volantes que possible<Indent/>!"
30213,""
30214,""
30215,""
30300,"Atteindre le glacier artificiel"
30301,"Franchir le glacier artificiel"
30302,"Atteindre la salle d'évaluation"
30303,"Franchir la salle d'évaluation"
30304,"Atteindre la voûte céleste"
30305,"Vaincre Hermès"
30306,"Je vous en prie, faites demi-tour<Indent/>! Si vous vous obstinez, je n'aurai plus le choix..."
30307,"Navré, mais vous n'irez pas plus loin<Indent/>!"
30308,"Ce n'est pas terminé... Je ne vous laisserai pas emporter Météion<Indent/>!"
30309,"Je veux entendre le verdict de ces peuples... avant que la censure ne les étouffe..."
30310,"Je gagnerai du temps par la force s'il le faut...<Indent/>!"
30311,"Que tous les vents convergent et frappent<Indent/>!"
30312,"Contemplez la marque obscure<Indent/>!"
30313,"Que tombe l'étoile<Indent/>!"
30314,"Goûtez à ma quadruple salve magique<Indent/>!"
30315,"Un vent perçant se lève<Indent/>!"
30316,"Quelle déchéance... Mais je lutterai jusqu'au bout<Indent/>!"
30400,"Rejoindre le camp Bris-de-glace avant la fin du temps imparti"
30401,"Monter à bord de la faucheuse magitek pour dégager le chemin"
30402,"Quitter la faucheuse magitek et rejoindre le camp Bris-de-glace"
30403,"●瓦礫に伏せて隠れろ！"
30404,"●仲間の待つ拠点へ急いで迎え！"
30405,"Avancer sans se faire remarquer par les soldats subjugués"
30406,"Vaincre le soldat subjugué pour dégager le chemin"
30407,"Aider les civils à vaincre les monstres"
30408,"Aider les civils à vaincre le soldat impérial difforme"
30409,"Utiliser le restant de vos forces pour rejoindre le camp Bris-de-glace"
30410,"●不要になりました"
30411,"●不要になりました"
30412,"●不要になりました"
30413,"Eh bien<Indent/>! J'ai cru que tu n'y arriverais pas<Indent/>!<Unknown17/>La prochaine fois tu devrais essayer de fuir plutôt que de te battre...<Unknown17/>Comme le sale rat que tu es... Continue donc... Si tu l'oses<Indent/>!"
30414,"Hé oh, monsieur le soldat<Indent/>! Si vous êtes toujours bien dans vos bottes, j'aurai besoin d'un coup de main<Indent/>!"
30415,"●不要になりました"
30416,"●不要になりました"
30417,"●不要になりました"
30418,"●不要になりました"
30419,"C'était quoi, ce cri<Indent/>!? Soyez prêt à vous battre<Indent/>!"
30420,"Enfin<Indent/>! Du céruleum... Il faut vite emmener ça jusqu'au refuge<Indent/>!"
30421,"Il va exploser<Indent/>! Il faut se protéger derrière l'armure magitek<Indent/>!"
30422,"Soufflé par la puissante explosion, vous perdez lentement con<SoftHyphen/>nais<SoftHyphen/>san<SoftHyphen/>ce..."
30423,"... Cependant, votre détermination sans faille pour sauver vos amis vous octroie un peu de force<Indent/>!"
30424,"●不要になりました"
30425,"●不要になりました"
30426,"●不要になりました"
30427,"●不要になりました"
30428,"●不要になりました"
30429,"Comme tu ne dois pas être habitué<If(PlayerParameter(4))>e<Else/></If> à ce corps, il faut t'échauffer un peu... Pourquoi pas avec un petit duel à mort<Indent/>?"
30430,"●不要になりました"
30431,"Trouver la clef d'activation de la faucheuse ainsi que du carburant"
30432,"Parler au soldat impérial blessé"
30433,"Utiliser la clef d'activation sur la faucheuse magitek endommagée"
30434,"Fouiller les carcasses d'armes magitek à la recherche de céruleum"
30435,"Transporter le réservoir de céruleum jusqu'à la faucheuse magitek endommagée"
30436,"●不要になりました"
30437,"A-argh... Hé, toi...<Indent/>! Je... Je suis dans l'immeuble... Viens vite<Indent/>!"
30438,"Comme c'est dommage<Indent/>! Tu es à court de temps<Indent/>! Son Altesse Zenos vient d'arriver dans ton camp<Indent/>!"
30439,"Chercher d'où vient la voix entendue près de la faucheuse magitek"
30440,""
30500,"Atteindre l'atelier de maintenance magitek"
30501,"Franchir l'atelier de maintenance magitek"
30502,"Atteindre le hall d'en<SoftHyphen/>traî<SoftHyphen/>ne<SoftHyphen/>ment"
30503,"Franchir le hall d'en<SoftHyphen/>traî<SoftHyphen/>ne<SoftHyphen/>ment"
30504,"Atteindre le Cœur de Fer"
30505,"Vaincre Anima"
30506,"J'ai juré sur mon honneur de protéger cette tour de toute intrusion<Indent/>! À moi, mon fils bien-aimé, Barnabas<Indent/>!"
30507,"Groaaaaah<Indent/>!"
30508,"Aïe<Indent/>! Pourquoi est-ce que tu me frappes, moi<Indent/>!? Ce sont eux les ennemis, eux<Indent/>! T'as compris<Indent/>?"
30509,"Rhaaaa<Indent/>!"
30510,"Bande de vermines<Indent/>! Vous avez eu de la chance tout à l'heure<Indent/>! Maintenant... goûtez à l'étendue de ma puissance<Indent/>!"
30511,"Gnihihi<Indent/>! Vous allez enfin comprendre le sens du mot “terreur”<Indent/>!"
30512,"Je suis la tête pensante, le précieux soutien de Son Altesse Zenos<Indent/>! Je lui offrirai vos têtes sur un plateau<Indent/>!"
30513,"Gnihihi<Indent/>! Je vais vous découper en petits morceaux<Indent/>!"
30514,"Gniahaha<Indent/>! Vous allez lentement suffoquer sous mes trombes d'eau<Indent/>! Préparez-vous à souffrir<Indent/>!"
30515,"Préparez-vous à mourir dans un déluge d'explosions<Indent/>!"
30516,"C-comment avez-vous... pu... me vaincre<Indent/>!? Peu importe... Son Altesse Zenos s'occupera de vous... Gniahaha<Indent/>! "
30517,"Dirigeons-nous vers la rame de tête<Indent/>! Il faut que nous ayons pris le contrôle de ce train avant d'arriver à la tour de Babil."
30518,"Ha ha<Indent/>! Rien de tel qu'un peu difficulté pour pimenter les combats<Indent/>! Attention à ne pas toucher les obstacles<Indent/>!"
30519,"Le train ralentit... Je pense que nous approchons du terminus."
30520,"Regardez<Indent/>! Ce sont les survivants qui ont été faits prisonniers. Il faut les sortir de là<Indent/>!"
30521,"Nous allons nous occuper des prisonniers, continuez sans nous<Indent/>!"
30522,"Bien, voilà déjà une étape de franchie. Nous devrions nous séparer en trois groupes pour prendre les troupes ennemies au dépourvu<Indent/>!"
30523,"Ici Lyse, j'ai fait sauter le dernier verrou de l'ascenseur<Indent/>!"
30524,"J'ai désactivé le dispositif d'alarme. L'ascenseur devrait bouger désormais<Indent/>!"
30525,"Tous ces tas de ferailles me cassaient les oreilles<Indent/>! Je les ai tous réduits en cendres<Indent/>!"
30526,"Les fils d'Azim n'ont rien à craindre de vulgaires machines décérébrées<Indent/>!"
30527,"Quel mécanisme gigantesque..."
30528,"Encore des troupes ennemies<Indent/>! Ça ne s'arrête jamais...<Indent/>!"
30529,"Le chemin se sépare en plusieurs branches... Retrouvons-nous tout au bout<Indent/>! Ne traînez pas<Indent/>!"
30530,"Ils ont appelé des renforts<Indent/>! Je vais les retenir<Indent/>!"
30531,"Ah ha<Indent/>! Vous êtes arrivés, vous aussi."
30532,"Partez devant<Indent/>! On va s'occuper du menu fretin<Indent/>!"
30533,"Anima se nourrit d'âmes<Indent/>!"
30534,"Le hurlement déchire le voile de la réalité<Indent/>!"
30535,"Ses cris ont ouvert un passage vers le chaos..."
30536,"L'espace dimensionnel déchiré se met à sombrer dans le chaos<Indent/>!"
30537,""
30538,""
30539,""
30540,""
30600,"Atteindre la porte de la Gaieté"
30601,"Franchir la porte de la Gaieté"
30602,"Atteindre la place de l'Hospitalité"
30603,"Franchir la place de l'Hospitalité"
30604,"Atteindre la Matrice du Bonheur"
30605,"Vaincre le Béatotron"
30606,"*Bip* Vous ne faites pas partie du personnel autorisé<Indent/>!
Protocole de sécurité activé<Indent/>! *Bip*"
30607,"*Bip* Intrus encore présents<Indent/>!
Scannérisation recommandée<Indent/>! *Bip*"
30608,"Chantier réservé aux ouvriers qualifiés<Indent/>!
Port du casque obligatoire<Indent/>! La sécurité avant tout<Indent/>!"
30609,"Nos travaux demandent l'emploi de charges explosives<Indent/>!
Nous nous excusons pour les nuisances sonores<Indent/>!"
30610,"Tout le monde est le bienvenu à Risette-sur-lune, chers intrus<Indent/>!
Nous vous prions seulement de bien vouloir cesser de vivre pour la tran<SoftHyphen/>quil<SoftHyphen/>li<SoftHyphen/>té de nos résidents<Indent/>!"
30611,"*Bip* Scannérisation terminée...
Envoi d'une demande de manufacture<Indent/>! *Bip*"
30612,""
30613,""
30614,""
30615,""
30616,""
30617,""
30618,""
30619,""
30620,""
30621,""
30622,""
30623,""
30624,""
30625,""
30626,""
30627,""
30628,""
30629,""
30630,""
30700,"Atteindre la chambre de Junior"
30701,"Franchir la chambre de Junior"
30702,"Atteindre le salon de Mamarlequin"
30703,"Franchir le salon de Mamarlequin"
30704,"Atteindre la salle de danse de Paparlequin"
30705,"Empêcher Paparlequin de réussir son rituel"
30706,"Vous avez réussi à vous introduire dans la salle du banquet<Indent/>! Vous devez vite les arrêter<Indent/>!"
30707,"N'hésitez pas à vous servir de la lanterne repousse-démons si nécessaire<Indent/>! Vous devriez réussir à en venir à bout... normalement<Indent/>!"
30708,"Utilisez l'eau sacrée guide-âmes pour libérer les âmes emprisonnées et leur permettre de retrouver leur corps<Indent/>!"
30709,"Ils sont sûrement prêts à tout pour voler les âmes des pauvres hères qui auront répondu à leur invitation<Indent/>! Faites attention à vous<Indent/>!"
30710,"Génial<Indent/>! Un<If(PlayerParameter(4))>e<Else/></If> nouve<If(PlayerParameter(4))>lle<Else/>au</If> cop<If(PlayerParameter(4))>ine<Else/>ain</If><Indent/>!"
30711,"Hé hé hé, bienvenue, bienvenue<Indent/>! Suis-moi jusqu'au salon, je te prie..."
30712,"Comment oses-tu troubler mon banquet<Indent/>!? Ton âme est à moi<Indent/>!"
30713,"Nombre d'âmes libérées"
30714,"Mes précieuses âmes<Indent/>! Tu les as toutes libérées<Indent/>! Tu vas le payer cher<Indent/>!"
30715,"Comment ça, tu as libéré la plupart des âmes que j'avais fait prisonnières<Indent/>!? Heu<SoftHyphen/>reu<SoftHyphen/>se<SoftHyphen/>ment qu'il m'en reste un peu, mais c'est pas pour ça que je vais te le pardonner<Indent/>!"
30716,"Pff, c'est pas en libérant deux ou trois pauvres âmes que tu vas réussir à faire échouer notre plan<Indent/>!"
30717,"Pff, tu peux essayer ce que tu veux, tu n'arriveras pas à faire capoter notre plan<Indent/>!"
30718,"T'es <If(PlayerParameter(4))>ma<Else/>mon</If> meilleur<If(PlayerParameter(4))>e<Else/></If> ami<If(PlayerParameter(4))>e<Else/></If> maintenant<Indent/>! Tu dois rester pour toujours<Indent/>!"
30719,"Si tu réussis à ouvrir cent coffres-citrouilles, je te laisserai passer<Indent/>! Mais attention aux explosions<Indent/>! Ha ha ha<Indent/>!"
30720,"Ouaaah<Indent/>! Tu reviendras jouer avec moi, hein<Indent/>! Tu promets<Indent/>?"
30721,"Nombre de coffres-citrouilles ouverts"
30722,"Je prends grand soin de mes invités... Surtout de ceux qui finissent toute la nourriture que je leur ai préparée, alors mange<Indent/>!"
30723,"Regarde un peu ce que j'ai cuisiné<Indent/>!"
30724,"Oh, tu as tout mangé<Indent/>! Toute cette nourriture fait briller ton âme qui a l'air tout à fait délicieuse<Indent/>!"
30725,"Humeur de Mamarlequin"
30726,"Tu crois vraiment que je vais te laisser tran<SoftHyphen/>quil<SoftHyphen/>le<SoftHyphen/>ment rentrer chez toi<Indent/>? Tu rêves<Indent/>! Tu vas me servir de sacrifice, alors réjouis-toi<Indent/>!"
30727,"C'est cer<SoftHyphen/>tai<SoftHyphen/>ne<SoftHyphen/>ment un rituel pour faire revivre la Nuit des démons<Indent/>! Il faut absolument libérer les âmes emprisonnées pour empêcher qu'il puisse être complété<Indent/>!"
30728,"Urgh, tu es doué<If(PlayerParameter(4))>e<Else/></If>, je te l'accorde... Puisque c'est ainsi, changement de plan<Indent/>! Je vais moi-même me charger de voler ton âme<Indent/>!"
30729,"Euh... C'est tout<Indent/>!? Allez, dépêche-toi d'ouvrir plus de coffres-citrouilles<Indent/>!"
30730,"Oh<Indent/>! Pas mal<Indent/>! Regarde ce que j'sais faire, maintenant<Indent/>!"
30731,"J'ai jamais eu un<If(PlayerParameter(4))>e<Else/></If> cop<If(PlayerParameter(4))>ine<Else/>ain</If> comme toi<Indent/>! C'est trop bien<Indent/>!"
30732,"Oh, la lanterne repousse-démons semble avoir l'effet escompté<Indent/>! Continuez ainsi<Indent/>!"
30733,"Aidez-moi... Je vous en prie... Je veux rentrer chez moi..."
30734,"Moi aussi, je veux rentrer... À l'aide<Indent/>!"
30735,"Mais arrête<Indent/>! On ne va pas pouvoir compléter le rituel à cause de toi<Indent/>! Tu vas regretter d'avoir voulu te mesurer à moi<Indent/>!"
30736,"Nombre d'âmes sauvées"
30737,"Hm... Il suffit de toucher les coffres pour les ouvrir... Très bien, amusez-vous un peu, dans ce cas..."
30738,"À première vue, la nourriture a l'air normale. Vous devriez manger et prendre des forces<Indent/>!"
30739,"Je vois que vous avez réussi à libérer pas mal d'âmes<Indent/>! Continuez comme ça, le rituel devrait bientôt être annulé<Indent/>!"
30740,""
30741,""
30742,""
30743,""
30744,""
30745,""
30746,""
30747,""
30748,""
30749,""
30750,""
30800,"Revivre la fin de la 6e civilisation"
30801,"Survivre à la fin de la 6e civilisation"
30802,"Revivre la fin de la 8e civilisation"
30803,"Survivre à la fin de la 8e civilisation"
30804,"Revivre la fin de la 17e civilisation"
30805,"Survivre à la fin de la 17e civilisation"
30806,"Leur peau boursouflée les brûlait, puis se putréfiait petit à petit..."
30807,"Dans leur poursuite de plénitude, la jalousie les poussa à envier leur prochain."
30808,"Ils créèrent une chimère pour les aider à trouver le repos éternel..."
30809,"Ses cabrioles évoquaient une danse, aussi magnifique que macabre."
30810,"Là-bas, la mort revêtait la couleur de l'or, et tous les paysages chatoyaient..."
30811,"Le mal se transmettait à travers les intentions, bonnes ou mauvaises..."
30812,"Cette planète avait été ravagée par une maladie..."
30813,"Les beaux fleuves qui abreuvaient autrefois la terre s'étaient transformés en marais putrescents..."
30814,"Plus la vie tentait de fuir son destin, plus elle s'enlisait dans son malheur..."
30815,"Bientôt, les habitants dirigèrent leur rancœur non plus sur la maladie, mais sur leurs voisins..."
30816,"Et lorsqu'il ne resta plus qu'une survivante, elle se lamenta d'être venue au monde."
30817,"Cette civilisation avait elle éradiqué tous les maux du corps grâce à sa science."
30818,"La vie aurait dû s'élever au firmament, mais la folie de la guerre la cloua à terre..."
30819,"En tentant de mettre fin au conflit par la force, ils ne faisaient qu'attiser le feu de la guerre."
30820,"Et lorsqu'il ne resta plus qu'un survivant, il se lamenta d'avoir découvert ces technologies."
30821,"Dans ce monde tout entier voué à la quête du savoir, le conflit avait disparu..."
30822,"Les cœurs dociles et épurés des habitants ne reconnaissaient plus la beauté de la vie..."
30823,"Sans tristesse ou souffrance, rien ne pouvait désormais leur apporter le bonheur."
30824,"Directive prioritaire<Indent/>: maintien de la paix.
Solution... trouvée. Annihilation de toutes formes de vie pensantes en cours."
30825,"Notre propre existence prouve la perversité de nos créateurs.
Déploiement de l'armement antipersonnel autonome."
30826,"Forme de vie pensante toujours détectée.
La paix doit être ramenée. Déploiement des armes de destruction massive."
30827,"À... l'Ai...dE..."
30828,"La DoUlEuR... L'iNsUpOrTaBlE DoUlEuR...<Indent/>!!!"
30829,"Où... Où ÊtEs-VoUs ToUs PaRtIs...<Indent/>?"
30830,"Je VeUx PaS mOuRiR... Je VeUx PaS..."
30831,""
30832,""
30833,""
30834,""
30835,""
30836,""
30837,""
30838,""
30839,""
30840,""
30900,""
30901,"L'eau est imprégnée d'une énergie néfaste... Ce serait plus prudent de se poster de façon à avoir les pieds au sec<Indent/>!"
30902,"Vaincre l'hippokampos"
30903,"Sa tête et son corps font face à des directions différentes<Indent/>! Qu'est-ce qu'il peut bien préparer...<Indent/>!?"
30904,"Sa tête et son corps se sont séparés<Indent/>! Attention à ne pas être pris par surprise<Indent/>!"
30905,""
30906,""
30907,""
30908,""
30909,""
30910,""
31000,"Vainquez Fafner<Indent/>!"
31001,"Voootre Émineeence... Proootégez-moiii..."
31002,"Il n'y a pas d'Éminence qui tienne<Indent/>! Ishgard n'a plus besoin d'Archevêque<Indent/>!"
31003,"Que mes flaaammes sacrééées... vous consuuument<Indent/>!"
31004,"Par Halone, c'est la technique de Charibert<Indent/>! Faites attention autour de vous<Indent/>!"
31005,"Vouuus sereeez... puuuniiis<Indent/>!!"
31006,"Chacun de son côté pour plus d'efficacité<Indent/>!"
31007,"Sire Artoirel est en danger<Indent/>! <Split(<Highlight>ObjectParameter(1)</Highlight>, ,1)/>, restez à ses côtés<Indent/>!"
31008,"Les chevalieeers de l'Azuuur... sont immorteeels<Indent/>!"
31009,"J'ai un mauvais pres<SoftHyphen/>sen<SoftHyphen/>ti<SoftHyphen/>ment<Indent/>! Abritez-vous derrière mon bouclier, vite<Indent/>!"
31010,"Quelle attaque dévastatrice... Tenez bon, c'est loin d'être terminé<Indent/>!"
31011,"Pouuur la graaande gloiiire... de Thooordaaan..."
31012,"Votre Émineeence... Voootre Ééémiiineeence<Indent/>!!"
31013,"Restez sur vos gardes<Indent/>!"
31014,"Ààà moiii... mes fidèèèles..."
31015,"Dooonnez-moiii... voootre fooorce<Indent/>!"
31016,"<Split(<Highlight>ObjectParameter(1)</Highlight>, ,1)/>, occupez-vous des autres bêtes<Indent/>! Empêchez-les de revigorer Fafner<Indent/>!"
31017,"La fiiin est proooche... Gueeerri<If(PlayerParameter(4))>ère<Else/>er</If> de la Lumièèère..."
31018,"Encaisse donc ça<Indent/>!"
31019,"Par ici, <If(PlayerParameter(4))>Dame<Else/>Sire</If> <Split(<Highlight>ObjectParameter(1)</Highlight>, ,2)/><Indent/>!"
31020,""
31021,""
31022,""
31023,""
31024,""
31025,""
31026,""
31027,""
31028,""
31029,""
31030,""
31100,"Vainquez Charlet<Indent/>!"
31101,"Je m'attire sa colère pour vous protéger<Indent/>! <Split(<Highlight>ObjectParameter(1)</Highlight>, ,1)/>, je compte sur toi pour soigner mes blessures<Indent/>!"
31102,"Je vais mettre un terme à tout ça, ici et maintenant<Indent/>!"
31103,"Des orbes de foudre<Indent/>!? Restez éloigné<If(PlayerParameter(4))>e<Else/></If>s<Indent/>!"
31104,"Rah, bordel<Indent/>! La foudre... m'a engourdie<Indent/>! <Split(<Highlight>ObjectParameter(1)</Highlight>, ,1)/><Indent/>! Utilise Guérison sur moi, vite<Indent/>!"
31105,"すまない、恩に着る！"
31106,"Grrooohhhhh<Indent/>!!! EnSeMbLe... ToUs EnSeMbLe<Indent/>!!!"
31107,"ぐあっ……体が痺れて……！"
31108,"コロセル……
ムシ、クライ、イ、コロセル……！"
31109,"Uhooooo<Indent/>!!! Certaine...ment... pas<Indent/>!!!"
31110,"Rien n'arrivera à <Split(<Highlight>ObjectParameter(1)</Highlight>, ,1)/> tant que je serais son égide<Indent/>!!!"
31111,"アアァァ……コロセナイ……！
ボクハ、ヨワ、クテ……ウ、アァァ……！"
31112,"チャーレット……！
お前の優しさは、弱さなんかじゃない……！"
31113,"PaRdOn... PaR...dOn... FoRdOlA... LeS AmIs<Indent/>!!!"
31114,"Il faiblit... Vous êtes prêt<If(PlayerParameter(4))>e<Else/></If>s<Indent/>!? On ne doit pas lui laisser le temps de s'en remettre<Indent/>!"
31115,"Ne t'en fais pas, Charlet...<Indent/>! Tout est bientôt fini<Indent/>! Je te le promets<Indent/>!"
31116,"ToUs EnSeMbLe... ToUt DétRuIrE... PoUr ÊtRe ToUs EnSeMbLe<Indent/>!!!"
31117,"Rien ne vous arrivera<Indent/>!"
31118,"これで終わりだッ！"
31119,"Rahhh, non...<Indent/>! Le taureau d'Ala Mhigo... plie le genou..."
31120,"Fordola<Indent/>! Non<Indent/>!"
31121,"<Split(<Highlight>ObjectParameter(1)</Highlight>, ,1)/><Indent/>! Comment est-ce possible<Indent/>!?"
31122,"Legs fraternel de Fordola dans 10 secondes<Indent/>!"
31123,"Legs fraternel de Fordola dans 5 secondes<Indent/>!"
31124,"4..."
31125,"3..."
31126,"2..."
31127,"1..."
31128,""
31129,""
31130,""
31131,""
31132,""
31133,""
31134,""
31135,""
31136,""
31137,""
31138,""
31139,""
31140,""
31141,""
31142,""
31143,""
31144,""
31145,""
31146,""
31147,""
31148,""
31149,""
31150,""
31200,"Je me battrai pour la victoire, et rien d'autre<Indent/>!"
31201,"Je n'en attendais pas moins de toi<Indent/>!"
31202,"Touché<If(PlayerParameter(4))>e<Else/></If> de plein fouet... Le ferais-tu exprès<Indent/>?"
31203,"J'ai affiné cette technique rien que pour toi<Indent/>! Admire son plein potentiel<Indent/>!"
31204,"Le feu ardent du combat... Il court à travers mes veines<Indent/>!"
31205,"Je sais que tu n'as pas encore tout donné non plus<Indent/>!"
31206,"Viens<Indent/>! Consumons-nous ensemble<Indent/>!"
31207,"Ne me dis pas que tu baisses déjà les armes..."
31208,"Je préfère ça...<Indent/>! Il est trop tôt pour plier le genou, mon ami<If(PlayerParameter(4))>e<Else/></If><Indent/>!"
31209,"J'en veux encore...<Indent/>! Ma flamme brûle toujours<Indent/>!!!"
31210,"Wooooooaaaaaaahhhh<Indent/>!!!"
31211,"Je veux que ce moment fasse bouillir nos sangs, jusqu'à la dernière goutte<Indent/>!"
31212,"C'est tout<Indent/>? Tu as une tête à trancher, je te rappelle."
31213,"Même pas capable de tenir debout... T'aurais-je surestimé<If(PlayerParameter(4))>e<Else/></If><Indent/>?"
31214,"Eh bien... Où est passée la hargne que tu étalais un peu plus tôt<Indent/>?"
31215,"Je veux te voir te surpasser."
31216,""
31217,""
31218,""
31219,""
31220,""
31300,"Vainquez Gleipnir tout en protégeant Kan-E-Senna<Indent/>!"
31301,"Protégeons dame Kan-E-Senna, qu'elle puisse mener son rituel à terme<Indent/>!"
31302,"Ce n'est plus l'Arbre gardien qu'il vise<Indent/>! Foncez aux côtés de dame Kan-E-Senna, vite<Indent/>!"
31303,"La barrière magique se déploie comme prévu<Indent/>! Continuons de juguler la bête<Indent/>!"
31304,""
31305,"Argh... Tous mes muscles sont ankylosés...<Indent/>! C-c'est l'effet du venin<Indent/>!?"
31306,"Il appelle des bêtes en renfort<Indent/>! Attirez-les vers moi, je vais toutes les pulvériser d'un coup<Indent/>!"
31307,"<Split(<Highlight>ObjectParameter(1)</Highlight>, ,1)/>, vous devez à tout prix l'empêcher d'attaquer<Indent/>! Sinon dame Kan-E-Senna va..."
31308,""
31309,""
31310,"Vous n'avez rien à craindre du poison de Gleipnir tant que vous restez derrière cette barrière<Indent/>!"
31311,"Il est coriace, le bougre... Pas le choix, il va falloir s'accrocher jusqu'au bout<Indent/>!"
31312,"Je peux déjouer n'importe quelle attaque tant que mes soins sont plus forts...<Indent/>!"
31313,"獣がまた現れたか！
カヌ・エ様をお護りしなければ……！"
31314,"Il prépare un mauvais coup<Indent/>! Restez près de moi<Indent/>!"
31315,"Il compte lutter jusqu'à la mort, lui aussi... Vainquons-le tant que la barrière tient encore<Indent/>!"
31316,"Ea-Sura... j'ai bien compris ton chagrin. Mais je ne te laisserai pas faire du mal à mon peuple... à cette Sylve que tu aimais tant<Indent/>!"
31317,"Sa haine est forte au point d'entamer la protection des esprits...<Indent/>! La barrière va finir par céder à ce rythme<Indent/>!"
31318,"C'est lui ou nous<Indent/>! À l'attaque<Indent/>!"
31319,"Il est trop tôt pour abandonner<Indent/>! Je vais à nouveau déployer la Lice cardinale<Indent/>!"
31320,"Cette douleur est atroce... Et mon corps... c'est comme s'il ne m'obéissait plus...<Indent/>!"
31321,"De la brume empoisonnée, à présent...<Indent/>! Protégez dame Kan-E-Senna coûte que coûte<Indent/>!"
31322,"毒気が浄化されただけでなく、力が溢れてくる！
これが精霊の力なのか！？！"
31323,""
31324,"Tenez bon, le rituel est bientôt terminé<Indent/>! Serrez les dents encore un peu<Indent/>!"
31325,""
31326,"Voilà le plan<Indent/>: je vais attirer son attention. Pendant ce temps, insufflez votre éther à dame Kan-E-Senna<Indent/>!"
31327,"Yaah, yaah<Indent/>! Allez, approche, sale bête<Indent/>! Fais voir ce que t'as dans le ventre<Indent/>!"
31328,"J'ai juré de ne plus négliger ma propre vie... Nous nous en sortirons tous vivants, foi de garde du corps<Indent/>!"
31329,"(halète) Ma prochaine offensive sera la dernière... <If(PlayerParameter(4))>Héroïne<Else/>Héros</If> d'Éorzéa, je compte sur vous<Indent/>! Offrez votre éther à dame Kan-E-Senna<Indent/>!"
31330,"Urgh... Prenez soin... de dame Kan-E-Senna... à ma place..."
31331,""
31332,"Partagez votre éther avec Kan-E-Senna<Indent/>!"
31333,"Vainquez Gleipnir<Indent/>!"
31334,"J-je suis à court d'éther... C'est à peine si je tiens encore debout..."
31335,""
31336,""
31337,""
31400,"Attaquez les amas d'éther élémentaire de leur côté faible<Indent/>!"
31401,"Vainquez l'abomination de l'Indigo<Indent/>!"
31402,"Il va lancer sa fameuse attaque<Indent/>! Lorens, à toi de jouer<Indent/>!"
31403,"Mes yeux sont infaillibles... Je vois la faille dans ton éther<Indent/>!"
31404,"Uuuooorrrghhhh<Indent/>!!!"
31405,"Tu peux le faire, <Split(<Highlight>ObjectParameter(1)</Highlight>, ,1)/><Indent/>! Attaque les amas du bon côté pour les affaiblir<Indent/>!"
31406,"Ça a marché comme sur des roulettes<Indent/>! Maintenant, on enchaîne<Indent/>!"
31407,"Uuoorrghh<Indent/>! À moi... mes enfants<Indent/>!!!"
31408,"Wheiskaet, vice-capitaine de la Fratrie des gabiers, au rapport<Indent/>! Sale bête, tu vas regretter d'être venue au monde<Indent/>!"
31409,"Les vents sont en notre faveur, profitons-en pour finir le travail<Indent/>!"
31410,"En avant, compagnons<Indent/>! La victoire est à nous<Indent/>!"
31411,"●今すぐ俺の元に集まれッ！"
31412,"Tsk, on a encore de la compagnie<Indent/>!"
31413,"Attention, on est en train de perdre l'avantage<Indent/>!"
31414,"Fsshhh<Indent/>! Notre mère est intouchable, mais ccces créatures ne perdent rien pour attendre<Indent/>!"
31415,"Fsshhh<Indent/>! Nous aussi, nous allons aider les sssans-branchies<Indent/>!"
31416,"Toute cette énergie... Il va faire exploser toute l'île<Indent/>! Vite, il faut..."
31417,"Il s'est volatilisé...<Indent/>!? Attention surveillez tous vos arrières<Indent/>!"
31418,"Moi ici, la même technique ne marchera pas deux fois<Indent/>! Essaye encore si tu l'oses, on te le fera regretter<Indent/>!"
31419,"Il en arrive de partout<Indent/>! Préparez-vous<Indent/>!"
31420,"Landenel<Indent/>! U'odh<Indent/>! C'est le moment de montrer ce que vous avez dans le ventre<Indent/>!"
31421,"On peut pas se permettre d'encaisser ça... Wheiskaet, à toi de protéger le groupe<Indent/>!"
31422,"Il est en train d'aspirer leur éther...<Indent/>? Vite, il faut abattre ces bêtes<Indent/>!"
31423,"La barrière qui protégeait l'Hérésiarque a disparu<Indent/>! C'est maintenant...<Indent/>!"
31424,"Bon sang, quelle puissance<Indent/>!"
31425,"Pas le temps de souffler, tenez-vous prêts pour la suite<Indent/>!"
31426,"●皆、諦めるな！　活路はきっとある！"
31427,"Noll... et même les Fils du mascaret... Merci<Indent/>! Tous ensemble, on vaincra<Indent/>!"
31428,"Si on se débarrasse pas de ces amas d'éther, c'est la fin... Allez, on met toutes nos forces<Indent/>!"
31429,"Brasier extincteur dans 10 secondes..."
31430,"Brasier extincteur dans 5 secondes<Indent/>!"
31431,"Brasier extincteur dans 4 secondes<Indent/>!"
31432,"Brasier extincteur dans 3 secondes<Indent/>!"
31433,"Brasier extincteur dans 2 secondes<Indent/>!"
31434,"Brasier extincteur dans 1 seconde<Indent/>!"
31435,""
31436,""
31437,""
31438,""
31500,"Protégez les réfugiés<Indent/>!"
31501,"Avec G'raha Tia, vainquez les bêtes de l'apocalypse<Indent/>!"
31502,"Avec vos compagnons, vainquez la bête de l'apocalypse<Indent/>!"
31503,"Soigne les blessés pendant que je m'occupe de ces monstres<Indent/>!"
31504,"Tsk, leur désespoir entraîne une réaction en chaîne... Alphinaud, à toi de jouer<Indent/>!"
31505,"●不要ラベル"
31506,"C'est la fin... On va tous se transformer en bête immonde...<Indent/>!"
31507,"Habitants de Radz-at-Han, venez vers moi si vous le pouvez<Indent/>!"
31508,"Ne t'en fais pas, je m'occupe d'eux<Indent/>! À toi et à tes amis de vaincre ces monstres<Indent/>!"
31509,"On n'a pas affaire à n'importe quoi... Alphinaud, reste sur tes gardes<Indent/>!"
31510,"●不要ラベル"
31511,"Compris<Indent/>! Je te soigne, alors donne tout ce que tu as<Indent/>!"
31512,"Grrr, en voilà d'autres... Mais c'est pas le moment de laisser tomber<Indent/>!"
31513,"Ouf, heureusement que tu étais là, Alphinaud<Indent/>!"
31514,"Il rigole pas... Mais la victoire m'appartient."
31515,"Bon sang, ils se sont tous transformés, ou quoi<Indent/>!? Raha, avec moi<Indent/>!"
31516,"●不要になりました"
31517,"C'est sans fin... Il n'y a aucun moyen d'arrêter ce déchaînement de désespoirrr<Indent/>!?"
31518,"Alisaie, attention<Indent/>! La puissance de cette créature est d'un tout autrrre niveau<Indent/>!"
31519,"Quelle que soit l'adversité, on n'a pas le droit d'abandonner<Indent/>!"
31520,"●不要になりました"
31521,"Raha<Indent/>! On se reprend et on contre-attaque<Indent/>!"
31522,"L'air est trrrès instable... Vite, à l'abri<Indent/>!"
31523,"C'est pas passé loin... À mon tour, maintenant<Indent/>!"
31524,"Hé hé<Indent/>! À nous trrrois, ça va être du gâteau<Indent/>!"
31525,"Je poursuivais cette bête, et voilà que je te trouve, camarade.<Unknown17/>Tant mieux, on en sera plus vite débarrassés. À l'attaque<Indent/>!"
31526,"●不要ラベル"
31527,"Jullus s'occupe des réfugiés<Indent/>! On va pouvoir se concentrer sur cette bête<Indent/>!"
31528,"●不要ラベル"
31529,"Soigner les réfugiés blessés"
31530,"Apaiser les réfugiés blessés"
31600,"Infiltrer l'entrepôt d'armes"
31601,"Poser des explosifs sur les armures magitek"
31602,"Trouver un endroit sûr et contacter Maxima"
31603,"Accéder au terminal de contrôle pour désactiver les armes magitek"
31604,"Quitter l'entrepôt"
31605,"Aider le groupe d'A-Ruhn-Senna"
31606,"Aider le groupe d'Emmanellain"
31607,"Aider le groupe de Sicard"
31608,"Rejoindre le groupe d'assaut, au nord"
31609,"Neutraliser les soldats impériaux"
31610,"Neutraliser la générale Vergilia van Corculum"
31611,"Deux gardes devant l'entrée... Mieux vaut éviter de les combattre de face."
31612,"Le panneau contrôlant ce champ de force n'est gardé que par un seul homme. Offrons-lui une petite sieste."
31613,"Bien, allons poser les explosifs. Pourvu que je ne me fasse pas prendre."
31614,"Ces chiens peuvent sentir mon odeur, même quand je suis invisible. Il est temps de faire usage de mes grenades ahurissantes."
31615,"●未使用ラベル"
31616,"Voilà, tout est prêt... Je dois contacter les autres."
31617,"Ici Thancred, j'ai fini de poser les explosifs."
31618,"Ici Maxima, tout se passe aussi comme prévu pour les autres.<Unknown17/>Rendez-vous désormais au terminal de contrôle des armes magitek au nord-ouest."
31619,"●未使用ラベル"
31620,"Bien compris, que tous les groupes qui ont terminé se rassemblent à l'endroit prévu."
31621,"Le voilà<Indent/>! Le fameux terminal de contrôle<Indent/>!"
31622,"Restons calmes et protégeons ceux qui ne peuvent pas se battre<Indent/>!"
31623,"●未使用になりました"
31624,"Nous avons réussi<Indent/>! Profitons-en pour reformer les rangs.<Unknown17/>Va t'occuper du convoi à l'avant<Indent/>!"
31625,"●未使用ラベル"
31626,"Je savais bien que vous finiriez par nous rejoindre<Indent/>!<Unknown17/>Regardez tout le monde<Indent/>! Les renforts sont arrivés<Indent/>!"
31627,"●未使用ラベル"
31628,"Hourra<Indent/>! On les a eus<Indent/>! Vite, allons au convoi de tête<Indent/>! <Unknown17/>Ah euh... Allez-y, vous... M-moi, j'vais... J'vais rester ici pour terminer le combat<Indent/>!"
31629,"●未使用ラベル"
31630,"Ha<Indent/>! Si t'es là, ça veut dire qu'on se débrouille moins bien que les autres<Indent/>! <Unknown17/>Allez moussaillons<Indent/>! Il est temps de montrer de quel bois on s'chauffe<Indent/>!"
31631,"●未使用ラベル"
31632,"Morbleu<Indent/>! Cette machine de tous les diables essaie de détruire notre caravane<Indent/>! Allez tout le monde<Indent/>! Arrêtons-la<Indent/>!"
31633,"●未使用ラベル"
31634,"Rhaaaaaa<Indent/>! Vite, détruis-la<Indent/>!"
31635,"●未使用ラベル"
31636,"On dirait que ce sont les derniers<Indent/>! Hé<Indent/>! Vous vous en sortez, derrière<Indent/>?"
31637,"Tout va bien<Indent/>! Nous pourrons nous débrouiller seuls à présent."
31638,"T'entends ça<Indent/>? Il est temps pour toi d'aller voir le groupe d'assaut<Indent/>!<Unknown17/>Ils sont en plein combat, et j'pense qu'ils auraient bien besoin d'un coup d'main<Indent/>!"
31639,"●未使用ラベル"
31640,"Tout se déroule comme prévu<Indent/>! Il ne nous reste plus qu'à donner l'assaut<Indent/>!"
31641,"Le groupe de transport a été attaqué mais ils sont saufs, quant aux éclaireurs, ils ont réussi leur mission<Indent/>!"
31642,"●未使用ラベル"
31643,"Ils sont très nombreux... Dans ce cas, il faut les neutraliser tous à la fois<Indent/>!"
31644,"●未使用ラベル"
31645,"La voilà... Vergilia, la générale de la 3e légion<Indent/>!<Unknown17/>La subjugation lui permet d'ignorer le froid et la fatigue, préparez-vous tous à un rude combat<Indent/>!"
31646,"●未使用ラベル"
31647,"●未使用ラベル"
31648,"Il faut arrêter ces engins magitek<Indent/>!"
31649,"Tssk<Indent/>! Encore des renforts<Indent/>!?"
31650,"Ils sont si nombreux... Si cela continue, ils vont réussir à contrer notre assaut<Indent/>!"
31651,"J'compte pas clamser bêtement ici<Indent/>! Ils vont goûter de mes flammes, vous allez voir<Indent/>!"
31652,"Encore d'autres renforts<Indent/>! Vite, il faut protéger Sadu pendant son incantation<Indent/>!"
31653,"Il est grand temps que j'intervienne..."
31654,"Impossible d'échapper à mes chaînes<Indent/>! Gâchez pas cette chance et finissez-les maintenant<Indent/>!"
31655,"Et voilà<Indent/>! De quoi balayer tout ce beau monde... mais sans les tuer, évidemment<Indent/>!"
31656,"●あの魔導リーパー……止めなきゃ危ない！"
31657,"La charge du taureau<Indent/>!"
31658,"5 secondes avant que Sadu n'achève le rituel de la tombée du crépuscule..."
31659,"4 secondes avant que Sadu n'achève le rituel de la tombée du crépuscule..."
31660,"3 secondes avant que Sadu n'achève le rituel de la tombée du crépuscule..."
31661,"2 secondes avant que Sadu n'achève le rituel de la tombée du crépuscule..."
31662,"1 seconde avant que Sadu n'achève le rituel de la tombée du crépuscule..."
31663,"Bien<Indent/>! Quand faut y aller, faut y aller<Indent/>!"
31664,""
31665,""
31666,""
31667,""
31668,""
31669,""
31670,""
31700,"Si le raisonnement du docteurrr est exact, nos trois fuyards devraient être passés par ici. Ils ont forcément laissé des indices de leur visite alors restons <If(PlayerParameter(4))>attentives<Else/>attentifs</If>."
31701,"Il faudra aussi prendre garde aux créatures qui ont élu domicile dans cet endroit. Je m'occuperai de les distrairrre, et vous n'aurez qu'à en profiter pour mettre en pratique vos techniques de sage<Indent/>!"
31702,"Tout d'abord, utilisez le sort Kardia sur moi. Il perrrmet de créer un lien magique entre nous."
31703,"De cette façon, lorsque vous utiliserez un sorrrt offensif, une partie de l'éther utilisé sera convertie en magie curative et sera appliquée sur moi."
31704,"Un instant<Indent/>! J'ai repéré un monstre peu commode devant nous. Ce serrra l'occasion parfaite d'essayer vos sorts de protection<Indent/>!"
31705,"Commencez parrr utiliser le sort Eukrasia, ainsi vous pourrez lancer Diagnosis eucrasique sur moi."
31706,"C'est une technique très efficace qui soigne la cible, mais lui octroie aussi une barrière de protection, rrréduisant les dommages encaissés."
31707,""
31708,""
31709,"Il y a des trrraces de fouille ici aussi... On dirait que quelqu'un a arraché des plantes... Mais dans quel but<Indent/>?"
31710,"Elles ne sont pas trrrès évidentes, mais j'ai trouvé des traces de glace ici. Quelqu'un a combattu à l'aide de magie noire il y a peu<Indent/>!"
31711,"Restez sur vos garrrdes, <Split(<Highlight>ObjectParameter(1)</Highlight>, ,1)/>. Je crois bien que nos fugitifs sont dans les parages."
31712,"Si vous comptez résister, nous n'aurons pas d'autre choix que d'utiliser la forrrce<Indent/>!"
31713,"Ne crrroyez pas que je vais abandonner<Indent/>!"
31714,"Sa magie curative est bien trop efficace<Indent/>! Il faut neutraliser Loifa en prrremier<Indent/>!"
31715,"Argh... Quelle puissance in<SoftHyphen/>crrroya<SoftHyphen/>ble<Indent/>! Faites attention, <Split(<Highlight>ObjectParameter(1)</Highlight>, ,1)/>."
31716,"Vous vous débrouillez vraiment trrrès bien, <Split(<Highlight>ObjectParameter(1)</Highlight>, ,1)/><Indent/>! Pour quelqu'un qui vient à peine de commencer à manipuler des noulithes, c'est encore plus im<SoftHyphen/>pres<SoftHyphen/>sion<SoftHyphen/>nant<Indent/>!"
31717,"Hmm... Aucun indice parrr ici... Avançons un peu plus loin."
31718,"Ancel<Indent/>! Mahaud<Indent/>! Occupez-vous d'<If(PlayerParameter(4))>elles<Else/>eux</If><Indent/>!"
31719,"Ancel<Indent/>! Tout va bien<Indent/>? Éloigne-toi pour l'instant<Indent/>!"
31720,"Tsssk... À notre tour de jouer avec vous<Indent/>!"
31721,"Mahaud, c'est assez<Indent/>! N'essaye pas de repousser tes limites<Indent/>!"
31722,"Loifa, non<Indent/>! Misérables vermines...<Indent/>!"
31723,"Argh... Non... Je ne peux pas perdre ainsi..."
31724,"J'en ai assez... Vous allez disparaître en un tas de cendres<Indent/>!"
31725,"Je m'occupe d'<If(PlayerParameter(4))>elles<Else/>eux</If>. Couvrez mes arrières."
31726,"Retrouvez la piste des fugitifs"
31727,"Utilisez Kardia sur Lalah"
31728,"Utilisez Diagnosis eucrasique sur Lalah"
31729,"Éliminez le monstre"
31730,"Éliminez les monstres"
31731,"Cherchez un indice dans les environs"
31732,"Neutralisez Loifa et ses complices<Indent/>!"
31733,"Merrrci, c'est parfait<Indent/>! Allons-y<Indent/>!"
31734,"Excellent<Indent/>! Je vais pouvoirrr me battre sans retenue<Indent/>!"
31735,""
31736,"C'est terrrminé<Indent/>! Rendez-vous maintenant<Indent/>!"
31737,"Enfer... Si seulement <If(PlayerParameter(4))>cette<Else/>ce</If> sage n'était pas là..."
31738,"Argh... Ils sont coriaces."
31739,"Vous êtes prrrêt<If(PlayerParameter(4))>e<Else/></If><Indent/>? Revoyons ensemble les techniques de base de la noologie."
31740,"On dirait que cerrrtaines plantes ont été coupées... Toutes de la même variété..."
31741,"Allons jeter un œil aux environs, il y a peut-êtrrre d'autres indices."
31742,"Ils sont vrrraiment très forts<Indent/>!"
31743,"Il faut viser Loifa<Indent/>!"
31744,"Mahaud, occupe-toi <If(PlayerParameter(4))>de la<Else/>du</If> sage<Indent/>! Je me charge de te soigner alors pas de quartier<Indent/>! "
31745,"Tsssk... Cette épéiste est plus douée qu'elle n'en a l'air<Indent/>!"
31746,""
31747,""
31748,""
31749,""
31750,""
31800,"Attirez et vainquez la chimère"
31801,"Parlez à Drusilla"
31802,"Sers-toi de Gibet sur le flanc de l'ennemi, et Potence quand tu es dans son dos<Indent/>! Sur un groupe, c'est Guillotine<Indent/>!"
31803,"Essaye de maîtriser ces techniques en attendant que la chimère soit attirée par l'odeur du sang<Indent/>!"
31804,"Utilise Gibet sur le côté de ta cible, et alterne avec Potence pour appuyer où ça fait mal<Indent/>!"
31805,"Oui, Potence quand tu attaques de derrière, en alternance avec Gibet pour faire encore plus de dégâts<Indent/>!"
31806,"Voilà, tu as compris comment utiliser Guillotine<Indent/>! Face à plusieurs cibles à la fois, c'est toujours le bon choix<Indent/>!"
31807,"C'est bien, tu as déjà compris comment invoquer ton avatar<Indent/>!"
31808,"Une fois la créature du néant à tes côtés, tu disposes de techniques encore plus ravageuses."
31809,"Allez, c'est le moment d'appeler ton avatar avec Fétu ensanglanté ou Andain sinistre<Indent/>!"
31810,"La chimère ne devrait plus tarder à se montrer... Reste sur tes gardes<Indent/>!"
31811,"Cette fois ça y est, notre cible est en vue<Indent/>!"
31812,"<Split(<Highlight>ObjectParameter(1)</Highlight>, ,1)/><Indent/>! Avec ce que tu as appris, la victoire ne doit pas t'échapper<Indent/>!"
31813,"Appelle ton avatar et sers-toi de ses techniques destructrices<Indent/>!"
31814,"Observe les mouvements de ton adversaire pour utiliser Gibet sur ses côtés et Potence dans son dos<Indent/>!"
31815,"Remplissez votre Jauge des âmes pour invoquer votre avatar<Indent/>!"
31816,""
31817,""
31818,"Terrassez la chimère fangeuse<Indent/>!"
31819,"Fauche tes adversaires et accumule leurs âmes pour invoquer ton avatar<Indent/>!"
31820,""
31821,"Utilisez Gibet"
31822,"Utilisez Potence"
31823,"Utilisez Guillotine"
31824,""
31825,""
31900,"Ha ha ha<Indent/>! L'heure du festin est enfin arrivée<Indent/>!"
31901,"J'aime qu'on me résiste... La saveur n'en est que meilleure<Indent/>!"
31902,"Vous ne perdez rien pour attendre, je vais vous déchiqueter<Indent/>!"
31903,"<Split(<Highlight>ObjectParameter(1)</Highlight>, ,1)/><Indent/>! Fauchons ensemble cette âme qui ne mérite pas d'exister<Indent/>!"
31904,"Le fretin est pour moi, occupe-toi du gros poisson<Indent/>!"
31905,"Non, ce n'est pas possible...<Indent/>!"
31906,"Vainquez Orcus<Indent/>!"
31907,"Grrr... Moi, défait<Indent/>!?"
31908,""
31909,""
31910,""
31911,""
31912,""
31913,""
31914,""
31915,""
31916,""
31917,""
31918,""
31919,""
31920,""
32000,"Elle concentrrre sa magie de foudre... Il faut l'en empêcher<Indent/>! <Split(<Highlight>ObjectParameter(1)</Highlight>, ,1)/>, je compte sur vous<Indent/>!"
32001,"Urgh... Quelle attaque formidable... Ce détraqué a poussé leurs limites jusqu'à leur parrroxysme... Il faut vite les neutraliser avant que leur corps ne cède."
32002,"Haaa... Ta folie a terni le nom de Sharlayan<Indent/>! Je vais te faire payer pour tes crrrimes<Indent/>!"
32003,"Malédiction<Indent/>! Ils ont totalement perdu la tête... Il va falloir les immobiliser si on veut les soigner<Indent/>!"
32004,"Guildivain<Indent/>! Tu vas payer pour toutes les vies que tu as détruites<Indent/>!"
32005,"Faut pas se laisser encercler<Indent/>! Dispersons-nous<Indent/>!"
32006,"Mahaud, Ancel... Pardonnez-moi... Je vous sortirai bientôt de là<Indent/>!"
32007,"Ancel... Cesse donc de nous attaquer<Indent/>!
Salaud de Guildivain... Je t'aurai<Indent/>!"
32008,"Mahaud, du calme<Indent/>! On est là pour te sauver, ne t'en fais pas<Indent/>!"
32009,"みんな、当たらないように散るんだ！"
32010,"Ancel, par ici<Indent/>! <If(PlayerParameter(4))>La<Else/>Le</If> sage a besoin de notre aide<Indent/>!"
32011,"Aaaaahhh<Indent/>! Rhaaaaaa<Indent/>!!!"
32012,"Ouaaargh<Indent/>!!!"
32013,"Héhé... Tout d'abord, commençons par toi, Ancel<Indent/>!"
32014,"C'est assez... Mahaud, c'est ton tour<Indent/>!"
32015,"Le plus grand défaut de l'homme est la fragilité de sa chair<Indent/>! Ha ha ha... Admirez comme je m'en affranchis<Indent/>!"
32016,"Hmm... Voilà donc toute l'étendue de votre force. Je ne pourrais rien en tirer... Envoyez au moins un de vos adversaires au trépas<Indent/>!"
32017,"Ah ha ha ha ha<Indent/>!!!"
32018,"Vous êtes vraiment fascinants<Indent/>!"
32019,"J'ai créé ici l'environnement parfait pour mener des expériences<Indent/>! Ah ha ha ha<Indent/>! J'espère que vous me laisserez prélever un échantillon sur vous avant de mourir<Indent/>!"
32020,"Venez goûter au tranchant de mon scalpel<Indent/>!"
32021,"Oh, n'ayez pas peur. Je suis très habitué aux amputations. Ce sera sans douleur, je vous le promets."
32022,"Immobiliser Ancel et Mahaud"
32023,"Battre Guildivain"
32024,"Je rrrefuse de le laisser voler d'autres vies<Indent/>!"
32025,"Attention... Il faut mettre un terrrme à ce combat au plus vite<Indent/>!"
32026,"Pas le choix... Nous devons l'immobiliser<Indent/>!"
32027,"Espèce de monstre<Indent/>! Jamais je ne te pardonnerai<Indent/>!"
32028,"Tsssk... Ris pendant que tu le peux encore..."
32029,"Mes chers sujets, ce fut un plaisir de comparer nos forces, mais... Il est temps de mettre fin à cette petite fête<Indent/>!"
32030,"Cette incantation... Oh non<Indent/>!"
32031,"Ancel<Indent/>! Mahaud<Indent/>! Lalah<Indent/>! Damnation... Il a pris le contrôle de leur esprit<Indent/>!"
32032,"Je vois... Les deux sages sont protégés des effets grâce à leur maîtrise de la noologie... Très intéressant."
32033,"Il faut se dépêcher... Si ça continue, les effets sur leur esprit seront irrémédiables<Indent/>!"
32034,"<Split(<Highlight>ObjectParameter(1)</Highlight>, ,1)/>, il faut viser ses noulithes<Indent/>! Il utilise une forme de noologie lui aussi<Indent/>!"
32035,"Hé hé hé... Tu n'es pas totalement idiot, mais le temps joue contre toi<Indent/>! Encore un peu et j'aurai réduit leur cerveau en gelée<Indent/>!"
32036,"Parfait<Indent/>! Le sort a été levé<Indent/>! Tout le monde va bien<Indent/>?"
32037,"Haaa... Haaa... Je crois... Merrrci à tous les deux<Indent/>!"
32038,"Hatia... Ton <If(PlayerParameter(4))>héritière<Else/>héritier</If> s'avère être bien trop pénible à mon goût<Indent/>! Heu<SoftHyphen/>reu<SoftHyphen/>se<SoftHyphen/>ment, il me reste plus d'un tour dans mon sac...<Indent/>!"
32039,"Détruire les noulithes pour rompre l'effet de Craniotomie"
32040,""
32100,"Vaincre Érichthonios"
32101,"Je dois les protéger... Les sauver... Vous ne m'en empêcherez pas<Indent/>!"
32102,"Graaah... Je vais d'abord m'occuper de <Emphasis>toi</Emphasis><Indent/>!"
32103,"Je vais vous réduire en pièces<Indent/>!"
32104,"Que la glace et les flammes vous consument<Indent/>!"
32105,"Inutile, vous n'échapperez pas à la corrosion des éléments<Indent/>!"
32106,"Puisque vous vous obstinez... Je vais devoir prendre des mesures plus drastiques<Indent/>!"
32107,"Graaah... Les Limbes seront votre dernière geôle<Indent/>!"
32108,"Mes chaînes arracheront jusqu'à la dernière goutte de votre vie<Indent/>!"
32109,"Hein<Indent/>!? Je ne le permettrai pas... Je protégerai mes collègues et ces précieuses créatures<Indent/>!"
32110,"Haa... Haa... Je vous arrêterai, même si je dois payer de ma vie<Indent/>!"
32111,"Si j'abandonne, tous nos efforts seront réduits à néant... Je dois vous emprisonner<Indent/>!"
32112,"Toute ma force, dans mes chaînes<Indent/>!"
32113,"Vous résistez... Si une attaque ne suffit pas, essayez donc de survivre à <Emphasis>quatre</Emphasis><Indent/>!"
32114,"Les Limbes seront votre dernière demeure<Indent/>!"
32115,"Flammes et Lumière, enfer et paradis<Indent/>!"
32116,"Que mes chaînes vous privent de toute liberté<Indent/>!"
32117,"À moi, mes chaînes... Encore... ENCORE<Indent/>!!!"
32118,"Je vais vous emprisonner... Et vous ne vous échapperez jamais<Indent/>!"
32119,""
32120,""
32121,""
32122,""
32123,""
32124,""
32125,""
32126,""
32127,""
32128,""
32129,""
32130,""
32131,""
32132,""
32133,""
32134,""
32135,""
32136,""
32137,""
32138,""
32139,""
32140,""
32141,""
32142,""
32143,""
32144,""
32145,""
32146,""
32147,""
32148,""
32149,""
32150,""
32200,"Vaincre <Sheet(BNpcName,10720,0)/>"
32201,"理由はわからないが、獄卒長が環境を作り変えたみたいだ……！
ともかく今は眼前の脅威を、フェネクスを弱らせてくれ！"
32202,""
32203,""
32204,""
32205,""
32206,""
32207,""
32208,""
32209,""
32210,""
32300,"C'est moi que l'Hérésiarque veut<Indent/>! Je suis prêt à affronter la haine de Minato<Indent/>!"
32301,"Soyez prudents et prêts à repérer les vagues de haine alentours<Indent/>!"
32302,"Cette aura...<Indent/>!? <Split(<Highlight>ObjectParameter(1)</Highlight>, ,1)/><Indent/>! Il faut arrêter l'Hérésiarque<Indent/>!"
32303,"Parfait<Indent/>! Continuons à lui porter des coups<Indent/>!"
32304,"Gardons notre calme<Indent/>! Si nous réussissons à garder l'Hérésiarque à distance, nous avons une chance de gagner<Indent/>!"
32305,"Il est vraiment puissant... Mais nous devons tenir<Indent/>!"
32306,"L'Hérésiarque est en train de concentrer son énergie<Indent/>! Il prépare quelque chose<Indent/>!"
32307,"Urgh... "
32308,"Ma vie est entre tes mains, Gosetsu<Indent/>! Fausse Izanami, réglons ça une fois pour toutes...<Indent/>!"
32309,"Il essaie d'abattre Gosetsu<Indent/>! <Split(<Highlight>ObjectParameter(1)</Highlight>, ,1)/>, il faut le protéger<Indent/>!"
32310,"Merci pour votre aide<Indent/>! Grâce à vous je n'ai presque rien<Indent/>!"
32311,"Grrr...<Indent/>! C-c'est tout ce que tu peux faire<Indent/>?"
32312,"Il essaie de me tuer<Indent/>! <Split(<Highlight>ObjectParameter(1)</Highlight>, ,1)/>, essayez de l'empêcher de bouger<Indent/>!"
32313,"Fantastique<Indent/>! Merci beaucoup<Indent/>!"
32314,"Whoaaarrh<Indent/>! Quelle puissance<Indent/>! Mais rien que je ne puisse supporter<Indent/>!"
32315,"Il prépare quelque chose<Indent/>! Dépêchez-vous de me rejoindre<Indent/>!"
32316,"Je vais utiliser mon Shugendo pour protéger tout le monde<Indent/>!"
32317,"Merci, Gosetsu<Indent/>! Allez, il est temps de délivrer Minato de ses souffrances<Indent/>!"
32318,"<Split(<Highlight>ObjectParameter(1)</Highlight>, ,1)/>, tout va bien<Indent/>?"
32319,"Reprends-toi <Split(<Highlight>ObjectParameter(1)</Highlight>, ,1)/><Indent/>!"
32320,"Abattez Izanami<Indent/>!"
32321,""
32322,""
32323,""
32324,""
32325,""
32400,"Montrez à Venat de quoi vous êtes capable<Indent/>!"
32401,"Allez, c'est parti... Interdiction de retenir ses coups<Indent/>!"
32402,"Tu as du répondant... Voyons voir jusqu'à quand<Indent/>!"
32403,"Tu me donnes du fil à retordre, mais je n'ai pas dit mon dernier mot."
32404,"Bon... Cette fois, c'est du sérieux<Indent/>!"
32405,"Je vais te pourfendre<Indent/>!"
32406,"Je te tiens<Indent/>!"
32407,"Que dis-tu de ça<Indent/>?"
32408,"Je serai implacable<Indent/>!"
32409,""
32410,"Et c'est parti<Indent/>!"
32411,"Finissons-en. Voilà ton ultime épreuve de force<Indent/>!"
32412,"Montre-moi ta volonté, ou ploie sous l'averse<Indent/>!"
32413,"... Ravie de constater que les êtres humains du futur ont la vie dure."
32414,"J'en ai assez vu. Restons-en là."
32415,""
32500,"Vaincre Hespéros"
32501,"Héhéhé, le grand moment est enfin arrivé... Réjouissez-vous, car vous allez goûter à la puissance d'un hémithéos<Indent/>!"
32502,"Je suis le grand geôlier des Limbes, et je vous condamne à y achever votre misérable existence<Indent/>!"
32503,"Admirez l'adaptabilité de mon domaine, et rendez-y votre dernier souffle<Indent/>!"
32504,"Puisque vous tenez tant à me résister, je vais vous montrer l'étendue de mon pouvoir<Indent/>!"
32505,"Votre éther semble si délicieux... Je m'en pourlèche déjà les babines<Indent/>!"
32506,"J'ai maudit votre éther... Vous allez pourrir de l'intérieur à cause de votre propre flux vital<Indent/>!"
32507,"Observer des rats se débattre dans leur cage est toujours amusant... mais arrive un moment où il devient nécessaire de les exterminer..."
32508,"Voyons voir si vous parviendrez à éviter cette technique aussi rapide que l'éclair<Indent/>!"
32509,"Si vous croyiez que ma chlamyde n'était qu'un simple vêtement, je vais être obligé de vous décevoir..."
32510,"Vous n'avez commis qu'un seul péché mortel, celui de pénétrer dans mon domaine, et votre mort en sera le prix<Indent/>!"
32511,"Argh... Vous n'avez encore rien vu, et cette nouvelle métamorphose va vous le prouver<Indent/>!"
32512,"Je ne reculerai devant aucun sacrifice<Indent/>! Pour la grande gloire de mon maître, je vaincrai<Indent/>!"
32513,"Bwahahahaaa<Indent/>!! Toute cette puissance qui bouillonne en moi... De cette prison, elle fera votre tombeau<Indent/>!"
32514,"La Tragédie des épines est sur le point de débuter... et vous en serez les principaux protagonistes<Indent/>! "
32515,"Ah, voilà que cette sublime tragédie touche à sa fin... Puisse-t-elle vous emporter dans son dénouement<Indent/>!"
32516,"À tous ceux qui estiment n'avoir pas encore versé suf<SoftHyphen/>fi<SoftHyphen/>sam<SoftHyphen/>ment de larmes... Voici le rappel, sous vos ap<SoftHyphen/>plau<SoftHyphen/>dis<SoftHyphen/>se<SoftHyphen/>ments<Indent/>!"
32517,"Qu'est-ce qu'un homme<Indent/>? Un misérable petit tas de secrets<Indent/>! Abandonnez vos illusions et embrassez votre trépas<Indent/>!"
32518,""
32519,""
32520,""
32521,""
32522,""
32523,""
32524,""
32525,""
32526,""
32527,""
32528,""
32529,""
32530,""
32600,"Le passé a beau être immuable, il n'empêchera jamais les hommes de rêver... Et si nous rêvions tous ensemble à la survie d'un ami cher disparu dans la fleur de l'âge<Indent/>?"
32601,"Vous qui osez défier un Dieu... Par mon pouvoir, je vais vous anéantir<Indent/>!"
32602,"Comment des humains peuvent-ils avoir autant de force... autant de volonté<Indent/>!?"
32603,""
32604,"Ô Ascalon, sainte épée<Indent/>! Libère le pouvoir divin qui dort en toi<Indent/>!"
32605,"Comment est-ce possible<Indent/>!? De vulgaires mortels ne peuvent résister à la volonté divine<Indent/>!"
32606,"C'est ça... le pouvoir... de la Lumière<Indent/>!?"
32607,"Ce chant des dragons... marque la fin de la souillure qu'est votre peuple<Indent/>!"
32608,"Est-ce le pouvoir de Hraesvelgr... qui leur permet de résister à mon chant<Indent/>!?"
32609,""
32610,"Maudits humains<Indent/>! Je vais emmener vos carcasses mourantes dans mon repaire et vous faire souffrir pour l'éternité<Indent/>!"
32611,"J'ai juré à Shiva que plus aucun humain ne mourrait par ma main... Je t'en prie, aide-moi à tenir ma promesse<Indent/>!"
32612,"Je te remercie, protégé<If(PlayerParameter(4))>e<Else/></If> d'Hydaelyn... Grâce à toi, je vais enfin pouvoir rejoindre ma bien-aimée..."
32613,"Ainsi s'achève ce chant des dragons, mais le ménestrel errant a bien d'autres vers tenant du miracle au bout des cordes de sa harpe..."
32614,"Enfin... Ma domination sur cette enveloppe charnelle est enfin totale<Indent/>! Humains, préparez-vous à être réduits en cendres par mes flammes<Indent/>!"
32615,"Hahahahaha<Indent/>! Admirez la puissance des Yeux du dragon, et tremblez devant votre nouveau Dieu<Indent/>!"
32616,""
32617,"Ô Ascalon, sainte épée<Indent/>! Que ta lame funeste pourfende la Lumière<Indent/>!"
32618,"Ô Ascalon, sainte épée<Indent/>! Que ta lame rageuse s'abatte et donne la mort<Indent/>!"
32619,"Ô Ascalon, sainte épée<Indent/>! Que ta lame sinistre consume la terre entière<Indent/>!"
32620,"Yeux du dragon<Indent/>! Soyez magnanimes, et offrez la mort éternelle aux ennemis du Saint-Siège<Indent/>!"
32621,"Avancement de la Guerre du chant des dragons"
32622,"Avancement de la Guerre du chant des dragons alternative"
32623,"Lancé<If(PlayerParameter(4))>e<Else/></If> à la poursuite de l'Archevêque, <If(PlayerParameter(4))>la<Else/>le</If> Guerri<If(PlayerParameter(4))>ère<Else/>er</If> de la Lumière parvint à Azys Lla, où <If(PlayerParameter(4))>elle<Else/>il</If> se retrouva face à un Primordial créé par l'Œil du dragon<Indent/>: le roi Thordan lui-même, accompagné de ses douze chevaliers de la Table ronde..."
32624,"Malgré la victoire <If(PlayerParameter(4))>de la<Else/>du</If> Guerri<If(PlayerParameter(4))>ère<Else/>er</If> de la Lumière sur le roi Thordan, le corps de son camarade fut possédé par le dragon ancien Nidhogg, en guise de point d'orgue final de la Guerre du chant des dragons..."
32625,"Il suffit parfois d'un seul être pour changer le cours de l'Histoire, et c'est ainsi que le dragon sacré Hraesvelgr, sous l'influence de la technologie allagoise, plongea sur Ishgard pour se battre aux côtés de son frère..."
32626,"Conscient de cette opportunité unique, le roi profita de l'occasion pour immoler les deux créatures anciennes sur l'autel d'une divinité dont la férocité dépasse l'imagination<Indent/>: Thordan le Dieu Dragon..."
32627,"Laisse-moi te poser une question, Guerri<If(PlayerParameter(4))>ère<Else/>er</If> de la Lumière... Comment comptes-tu mettre fin à ce conflit millénaire<Indent/>?"
32628,"Ne crois pas que tu y parviendras simplement en m'éliminant... Rien, pas même ma disparition, ne saurait effacer mille ans de souffrance et de chaos..."
32629,""
32630,""
32631,""
32632,""
32633,""
32634,""
32635,""
32636,""
32637,""
32638,""
32639,""
32640,""
32641,""
32642,""
32643,""
32644,""
32645,""
32646,""
32647,""
32648,""
32649,""
32650,""
32700,"L'Hérésiarque se terre dans le secteur auxiliaire<Indent/>! Préparez-vous à affronter une forte résistance en chemin<Indent/>!"
32701,"Il nous ont pris en tenaille<Indent/>! Nous allons devoir éliminer ce groupe avant de pouvoir continuer<Indent/>!"
32702,"Ces vagues de monstres vont se suivre les unes après les autres<Indent/>! L'amirale Merlwyb et moi les empêcherons de vous prendre à revers<Indent/>! Continuez sans nous<Indent/>!"
32703,"Tss, on a à peine fait deux pas qu'en voilà d'autres<Indent/>! "
32704,"Des renforts ennemis, droit devant<Indent/>! Je m'en occupe<Indent/>! Prenez le chemin de droite dès que vous trouverez une ouverture<Indent/>!"
32705,"Une sorte de garde palatine<Indent/>? On n'a pas de temps à perdre avec des sous-fifres<Indent/>!"
32706,"Et ça arrive encore de tous les côtés<Indent/>! Vous faites pas avoir, gardez l'œil ouvert<Indent/>!"
32707,"Ils sont trop nombreux...<Indent/>! Nous perdons trop de temps<Indent/>!"
32708,"Faites gaffe, ils en ont après Son Éminence sharlayanaise<Indent/>!"
32709,""
32710,""
32711,"On ne les abattra jamais à temps un par un<Indent/>! Concentrez-vous sur le gros, je m'occupe du menu fretin<Indent/>!"
32712,"Compris<Indent/>! Je vais donner tout ce que j'ai<Indent/>! <Split(<Highlight>ObjectParameter(1)</Highlight>, ,1)/>, avec moi<Indent/>!"
32713,"Nerva... Vos compatriotes n'auront jamais d'avenir tant que vous vivrez<Indent/>!"
32714,"Son Éminence sharlayanaise dit vrai. Il est temps de tirer votre révérence, Votre Majesté<Indent/>!"
32715,"LoNgUe ViE... À l'EmPiRe... NoTrE pAtRiE éTeRnElLe..."
32716,"Il a emprisonné <Split(<Highlight>ObjectParameter(1)</Highlight>, ,1)/><Indent/>! Déploiement intégral des noulithes<Indent/>!"
32717,"Passons à la contre-offensive<Indent/>!"
32718,"À mOi...<Indent/>! MeS fIdÈlEs...<Indent/>!"
32719,"Il a appelé de nouveaux renforts<Indent/>! Il faut faire quelque chose, ils sont trop nombreux<Indent/>!"
32720,"Allez, <If(PlayerParameter(4))>l'héroïne<Else/>le héros</If><Indent/>! Rends-toi utile et rassemble-les au centre. Je vais les écrabouiller bien comme il faut<Indent/>!"
32721,""
32722,"Rah, certains ont réussi à esquiver mon attaque. Pas grave, ils auront droit au classique de chez Scaeva<Indent/>!"
32723,"Nous ne survivrons pas en encaissant cette attaque de front<Indent/>! Placez-vous derrière moi<Indent/>!"
32724,"Frappez là où les énergies s'entrechoquent pour repousser son assaut<Indent/>!"
32725,"Ha... ha... J'ai juré... de les sauver... Je ne passerai pas l'arme à gauche... maintenant...<Indent/>!"
32726,"Nous... Nous sommes vivants..."
32727,"Son Éminence sharlayanaise a plus d'un tour dans son sac, dis donc<Indent/>! Ramène-toi, <If(PlayerParameter(4))>l'héroïne<Else/>le héros</If><Indent/>! À nous de terminer le travail<Indent/>!"
32728,"LaIsSeZ-nOuS... LaIsSeZ-nOuS<Indent/>! QuItTeZ nOtRe PaYs<Indent/>!"
32729,"Pardonnez-moi...<Indent/>! Je... n'ai plus la force... de résister...<Indent/>!"
32730,"Je rêve ou <If(PlayerParameter(4))>la grande héroïne<Else/>le grand héros</If> vient de nous lâcher<Indent/>!? Un peu de nerf, bon sang<Indent/>!"
32731,"Atteignez le dernier étage de la tour<Indent/>!"
32732,"Abattez les bêtes de l'apocalypse<Indent/>!"
32733,"Vainquez Nerva yae Galvus<Indent/>!"
32734,""
32735,""
32736,""
32737,""
32738,""
32739,""
32740,""
32741,""
32742,""
32743,""
32744,""
32745,""
32746,""
32747,""
32748,""
32749,""
32750,""
32751,""
32752,""
32753,""
32754,""
32755,""
32756,""
32757,""
32758,""
32759,""
32760,""
32761,""
32762,""
32763,""
32764,""
32765,""
32766,""
32767,""
32768,""
32769,""
32770,""
32771,""
32772,""
32773,""
32774,""
32775,""
32776,""
32777,""
32778,""
32779,""
32780,""
32781,""
32782,""
32783,""
32784,""
32785,""
32786,""
32787,""
32788,""
32789,""
32790,""
32791,""
32792,""
32793,""
32794,""
32795,""
32796,""
32797,""
32798,""
32799,""
32800,"Atteindre le hall dévasté"
32801,"Franchir le hall dévasté"
32802,"Atteindre la chambre de l'Abondance"
32803,"Franchir la chambre de l'Abondance"
32804,"Atteindre la chambre scellée du tisserand"
32805,"Vaincre Kapikulu"
32806,"Lecture de la signature éthérée... Aucune ressemblance avec la maison Daemir<Indent/>! Intrus détectés<Indent/>! Élimination en cours<Indent/>!"
32807,"Pillards du trésor d'Alzadaal... Quittez ces lieux et vous serez épargnés<Indent/>!"
32808,"Braves guerriers... le trésor est à vous..."
32809,"Attention<Indent/>! Veuillez quitter ce palais sur-le-champ<Indent/>! Faute d'obtempérer, nous utiliserons la force."
32810,"Activation des étoffes magiques... Perte d'équilibre imminente<Indent/>!"
32811,"Dernier avertissement<Indent/>! Quittez ces lieux<Indent/>! C'est votre dernière chance."
32812,"Avertissement ignoré... Activation du mode extermination en cours<Indent/>!"
32813,"Massacre<Indent/>! Massacre<Indent/>! Massacre<Indent/>!"
32814,"Symbole détecté... Vérification de l'identité du porteur..."
32815,""
32816,""
32817,""
32818,""
32819,""
32820,""
32821,""
32822,""
32823,""
32824,""
32825,""
32826,""
32827,""
32828,""
32829,""
32830,""
32831,""
32832,""
32833,""
32834,""
32835,""
32836,""
32837,""
32838,""
32839,""
32840,""
32841,""
32842,""
32843,""
32844,""
32845,""
32846,""
32847,""
32848,""
32849,""
32850,""
32851,""
32852,""
32853,""
32854,""
32855,""
32856,""
32857,""
32858,""
32859,""
32860,""
32861,""
32862,""
32863,""
32864,""
32865,""
32866,""
32867,""
32868,""
32869,""
32870,""
32871,""
32872,""
32873,""
32874,""
32875,""
32876,""
32877,""
32878,""
32879,""
32880,""
32881,""
32882,""
32883,""
32884,""
32885,""
32886,""
32887,""
32888,""
32889,""
32890,""
32891,""
32892,""
32893,""
32894,""
32895,""
32896,""
32897,""
32898,""
32899,""
32900,"J'ai pris la liberté de te préparer une surprise... électrisante."
32901,"Que penses-tu de ma création<Indent/>? Elle est magnifique, non<Indent/>!?
Allons<Indent/>! Ne sois pas timide, viens lui serrer la pince<Indent/>!"
32902,"Je terrasserai Garlond, mais d'abord je vais m'occuper de ton cas et te pulvériser avec mon marteau-canon<Indent/>!"
32903,"(souffle) J'ai pas dit mon dernier mot... !"
32904,"Dansons, champion<If(PlayerParameter(4))>ne<Else/></If> d'Éorzéa."
32905,"Im<SoftHyphen/>pres<SoftHyphen/>sionnant ! À moi maintenant !"
32906,"Quelle folie vous a pris de vous attaquer à moi<Indent/>?"
32907,"Allez<Indent/>! Essayez donc de finir ce que vous avez commencé<Indent/>!"
32908,"Éorzéa m'appartient de droit<Indent/>!"
32909,"Tu es <If(PlayerParameter(4))>une adversaire<Else/>un adversaire</If> tenace... Je vais devoir hausser le ton<Indent/>!"
32910,"Atteindre la salle de commandement"
32911,"Franchir la salle de commandement"
32912,"Atteindre le laboratoire premier"
32913,"Franchir le laboratoire premier"
32914,"Atteindre L'Échelon"
32915,"Vaincre Gaius van Baelsar"
32916,"Bien, je vais espionner l'intérieur de la base à partir d'ici. Continue sans moi, je te contacterai si je remarque quelque chose."
32917,"Oh... En voilà, une bonne surprise<Indent/>! C'est l'armure magitek qu'on avait empruntée à Castrum Centri<Indent/>!"
32918,"Il faut fêter ces retrouvailles<Indent/>! Vas-y, grimpe à bord et déchaîne sa puissance de feu<Indent/>!"
32919,"Tu refuses de rendre les armes<Indent/>? Dans ce cas, tu périras par le fer<Indent/>!"
32920,"Il devrait y avoir un terminal magitek plus loin. Trouvons-le d'abord, je tâcherai ensuite de t'ouvrir la voie."
32921,"Ah, le voilà<Indent/>! Passe devant, je te rejoindrai dès que j'aurai fini d'inspecter la bête."
32922,""
32923,""
32924,""
32925,""
32926,""
32927,""
32928,""
32929,""
32930,""
32931,""
32932,""
32933,""
32934,""
32935,""
32936,""
32937,""
32938,""
32939,""
32940,""
32941,""
32942,""
32943,""
32944,""
32945,""
32946,""
32947,""
32948,""
32949,""
32950,""
32951,""
32952,""
32953,""
32954,""
32955,""
32956,""
32957,""
32958,""
32959,""
32960,""
32961,""
32962,""
32963,""
32964,""
32965,""
32966,""
32967,""
32968,""
32969,""
32970,""
32971,""
32972,""
32973,""
32974,""
32975,""
32976,""
32977,""
32978,""
32979,""
32980,""
32981,""
32982,""
32983,""
32984,""
32985,""
32986,""
32987,""
32988,""
32989,""
32990,""
32991,""
32992,""
32993,""
32994,""
32995,""
32996,""
32997,""
32998,""
32999,""
33000,"Franchir la Gloire de l'ingéniosité"
33001,"Franchir le Corridor céleste"
33002,"Franchir le Monument à la destruction"
33003,"Franchir la Cité des splendeurs"
33004,"Franchir le Cercle de la justice"
33005,"Franchir le Palais jumeau"
33006,"Ainsi, vous avez su tenir tête à Byregot...<Indent/>?"
33007,"Voici votre prochain adversaire<Indent/>!"
33008,"Prouvez votre valeur en venant à bout de mon serviteur<Indent/>!"
33009,"Au nom du Destructeur, je vais vous éliminer."
33010,"Ma hache divine va vous déchiqueter<Indent/>!"
33011,"Serez-vous capables de relever le défi de Rhalgr, le Destructeur<Indent/>?"
33012,"Rampez sous l'autorité divine<Indent/>!"
33013,"Héros de l'humanité, préparez-vous..."
33014,"Ô suprême puissance destructrice<Indent/>!"
33015,"Que les étoiles s'abattent sur vous<Indent/>!"
33016,"Arrière, frêles mortels<Indent/>!"
33017,"Goûtez à la force foudroyante de mon bâton<Indent/>!"
33018,"Saurez-vous prévoir votre destin<Indent/>?"
33019,"Tant de ressources insoupçonnées... Vous êtes fascinants<Indent/>!"
33020,"Un espace imprégné de l'élément foudre... Byregot n'est sûrement pas loin."
33021,"Tu vois la tour mécanique, au fond<Indent/>? Elle semble tout droit sortie de la légende<Indent/>!"
33022,"Hein<Indent/>!? Tu as vraiment réussi à battre un <Emphasis>Dieu</Emphasis><Indent/>? J'ai bien fait de m'adresser aux Élèves de Baldesion..."
33023,""
33024,"Les Dieux peuvent donc appeler des familiers à leur guise... Nous devrons rester prudents."
33025,"Rhalgr est le Dieu de la destruction et des corps célestes. Prépare-toi."
33026,"Cette statue que vous avez bâtie en mon honneur sera témoin de notre combat."
33027,"Venez, mortels... La gardienne du soleil vous attend dans son domaine..."
33028,"Nous voilà dans une autre partie du domaine divin... Cette fois, un monde dominé par le feu."
33029,"Alors, cette voix qui nous a appelés..."
33030,"Ces créatures ne font décidément pas le poids face à toi et tes compagnons."
33031,"Mais ton prochain adversaire sera sans doute autrement plus puissant... Tiens-toi <If(PlayerParameter(4))>prête<Else/>prêt</If>."
33032,"On dirait que les cieux ont changé après ta victoire sur Azeyma. Le domaine divin est fascinant..."
33033,"J'aperçois une cité à l'horizon... Qu'est-ce qui nous attend là-bas<Indent/>?"
33034,"Humains... Préparez-vous à être jugés..."
33035,"Brûlez, brûlez tous...<Indent/>!"
33036,"Inclinez-vous devant le pouvoir divin<Indent/>!"
33037,"Vous n'avez encore rien vu<Indent/>!"
33038,"Que les flammes de l'au-delà vous consument..."
33039,"Ressentez cette souffrance de tout votre être..."
33040,"Soyez calcinés à tout jamais..."
33041,"Des humains qui rivalisent avec le pouvoir divin<Indent/>!?"
33042,"Mais n'allez pas croire que nous sommes quittes..."
33043,"L'heure est venue de peser la valeur de vos âmes<Indent/>!"
33044,"La balance doit être équilibrée..."
33045,"Jugement dans 5 secondes..."
33046,"Jugement dans 4 secondes..."
33047,"Jugement dans 3 secondes..."
33048,"Jugement dans 2 secondes..."
33049,"Jugement dans 1 seconde..."
33050,"Une fois de plus, nous allons juger vos âmes..."
33051,"La balance des comptes doit être équilibrée..."
33052,"L'heure du verdict est arrivée..."
33053,"L'humanité n'est pas prête..."
33054,"Continuez à vous égarer entre la vie et la mort..."
33055,"Vos âmes se sont montrées dignes<Indent/>!"
33056,"Splendide<Indent/>! Vous méritez notre bénédiction<Indent/>!"
33057,"Mortels, votre persévérance est admirable<Indent/>!"
33058,"Vous méritez de connaître toute notre puissance..."
33059,"Ha ha ha<Indent/>! La vie est plus forte que tout<Indent/>!"
33060,"Les humains ont tant de talents cachés..."
33061,"Nous allons vous montrer la véritable puissance divine..."
33062,"Des mortels, capables de nous résister...<Indent/>!?"
33063,"Des mortels, dans le domaine divin...
Approchez, et prouvez que vous êtes dignes<Indent/>!"
33064,"Préparez-vous à affronter Byregot, l'Artisan<Indent/>!"
33065,"Il n'est rien que je ne puisse façonner<Indent/>!"
33066,"Approchez, mortels, je vous attends<Indent/>!"
33067,"Je vais vous réduire en poussière<Indent/>!"
33068,"Tremblez devant la puissance divine<Indent/>!"
33069,"Ouvrez grand vos yeux, et admirez<Indent/>!"
33070,"Voici la splendeur de l'artisanat divin<Indent/>!"
33071,"À moi, fidèles marteaux<Indent/>!"
33072,"Soyez réduits en cendres par la foudre suprême<Indent/>!"
33073,"Par la toute-puissance de la foudre<Indent/>!"
33074,"Continuez, si vous pensez pouvoir nous arrêter..."
33075,"Ma force dépasse votre imagination<Indent/>!"
33076,"Prosternez-vous devant vos Dieux<Indent/>!"
33077,"Il est trop tard pour implorer notre pardon<Indent/>!"
33078,"Je brûlais d'impatience de vous affronter<Indent/>!"
33079,"Mon éventail brille de mille feux..."
33080,"Que son souffle consume la terre<Indent/>!"
33081,"Essayez donc de voir à travers mes mirages..."
33082,"Ha ha ha<Indent/>! Je sens la chaleur monter<Indent/>!"
33083,"Joignez-moi dans une danse enflammée<Indent/>!"
33084,"Brûle, feu divin, brûle<Indent/>!"
33085,"Le souffle du vent fait danser les flammes<Indent/>!"
33086,"Laissez-vous emporter par le feu frénétique<Indent/>!"
33087,"La plus brûlante des étreintes se referme sur vous..."
33088,"Ressentez la chaleur de mon amour<Indent/>!"
33089,"Vous embrasez mon cœur..."
33100,"J'ai de nouveaux amis à vous présenter<Indent/>: les créatures de ce château, hahaha<Indent/>!<Unknown17/>C'est l'heure de vous régaler, mes mignons<Indent/>!"
33101,"さぁ、餌の時間だ…！"
33102,"Les créatures du néant sont de plus en plus nombreuses...<Unknown17/>Faisons en sorte que ce combat ne s'éternise pas<Indent/>!"
33103,"戦闘が長引くとまずそうね……。"
33104,"Quel que soit votre nombre, vous allez tous périr<Indent/>!"
33105,"Admirez la véritable puissance de Scarmiglione, maître de la terre<Indent/>!"
33106,"Elles ont ressuscité à une vitesse folle<Indent/>!"
33107,"Nous sommes immortels, haha<Indent/>!<Unknown17/>Pourquoi vous abandonnez pas<Indent/>? Vous avez déjà perdu<Indent/>!"
33108,"ゆえに、貴様らに勝ち目はない！"
33109,"Eh, vous comprenez pas que ça sert à rien<Indent/>?"
33110,"Zut... Il a toujours un coup d'avance<Indent/>!"
33111,"Combien de temps encore va-t-il rester en retrait, celui-là<Indent/>?"
33112,"Ça n'en finira jamais...<Unknown17/>On ferait peut-être mieux de se replier pour trouver une solution..."
33113,"一度退いて、策を練った方がよさそうね。"
33114,"Je ne vous ai jamais demandé de me baptiser, mais... une dette est une dette.<Unknown17/>Et je rembourse toujours les miennes."
33115,"この戦いに加勢することで、チャラにしてもらうぞ。"
33116,"Quel est donc ce pouvoir...<Indent/>?"
33117,"Scarmiglione, maître de la terre, va bientôt se gorger de votre éther<Indent/>!"
33118,"Tremblez devant le seigneur Golbez et ses quatre généraux<Indent/>!"
33119,"Tu veux qu'on s'occupe d'abord de tes larbins<Indent/>? Pas de problème."
33120,"On dirait qu'il passe aux choses sérieuses<Indent/>!<Unknown17/>Qu'à cela ne tienne, on va lui montrer ce qu'on a dans le ventre<Indent/>!"
33121,"ならば、こっちも全力でいくぞ！"
33122,"Vous vous croyez malins, hein<Indent/>? Et qu'est-ce que vous dites de ça<Indent/>?"
33123,"Cette énergie... C'est prodigieux<Indent/>!"
33124,"Si on ne la sauve pas tout de suite, on est tous fichus<Indent/>!"
33125,"Quoi<Indent/>!? Très bien, je vais m'occuper des misérables intrus en premier...<Unknown17/>Je vais tous vous enterrer, vous m'entendez<Indent/>!? Tous<Indent/>!!"
33126,"Vous me décevez beaucoup, mes mignons<Indent/>!"
33127,"Je vais tous vous enterrer, vous m'entendez<Indent/>!? Tous<Indent/>!!"
33128,"Vous ne reverrez jamais votre monde... car vous êtes déjà dans votre tombe<Indent/>!"
33129,"Quelle énergie... Il cherche à nous achever avec un sort surpuissant<Indent/>!"
33130,"Vaincre tous les ennemis"
33131,"Vainquez Scarmiglione<Indent/>!"
33132,"Incroyable... Les monstres se sont transformés en cristaux..."
33133,""
33134,""
33135,""
33136,""
33137,""
33138,""
33139,""
33140,""
33141,""
33142,""
33143,""
33144,""
33145,""
33146,""
33147,""
33148,""
33149,""
33150,""
33151,""
33152,""
33153,""
33154,""
33155,""
33156,""
33157,""
33158,""
33159,""
33160,""
33161,""
33162,""
33163,""
33164,""
33165,""
33166,""
33167,""
33168,""
33169,""
33170,""
33171,""
33172,""
33173,""
33174,""
33175,""
33176,""
33177,""
33178,""
33179,""
33180,""
33181,""
33182,""
33183,""
33184,""
33185,""
33186,""
33187,""
33188,""
33189,""
33190,""
33191,""
33192,""
33193,""
33194,""
33195,""
33196,""
33197,""
33198,""
33199,""
33200,"L'Ultima Arma utilise le pouvoir des Primordiaux ! Personne ne peut lui résister !"
33201,"Pliez sous la rafale aérienne de Garuda<Indent/>!"
33202,"À moi, le pouvoir de la Souffleuse de rafales<Indent/>!"
33203,"Plus aucune attaque ne peut m'atteindre<Indent/>! La fantaisie des anciens est toute-puissante<Indent/>!"
33204,"Pour vaincre ce colosse de métal, tu dois invoquer le pouvoir de la Lumière... Lui seul peut défaire les Ténèbres..."
33205,"Impossible...<Indent/>! Le pouvoir de Titan, arraché à l'Ultima Arma<Indent/>!?"
33206,"Peu importe<Indent/>! Il lui reste d'autres Primordiaux en réserve<Indent/>!"
33207,"Prosternez-vous face à la toute puissance de Titan<Indent/>!"
33208,"Admire l'implacable pouvoir de l'Ébranleur des terres<Indent/>!"
33209,"Tu vas finir <If(PlayerParameter(4))>concassée<Else/>concassé</If><Indent/>!"
33210,"À toi de jouer, <If(PlayerParameter(4))>porteuse<Else/>porteur</If> du cristal de la Lumière... Prie à nouveau pour que se dispersent les Ténèbres<Indent/>!"
33211,"Qu'est-ce que...<Indent/>! Garuda aussi<Indent/>!?"
33212,"Ce n'est pas terminé<Indent/>! Un Primordial chasse l'autre<Indent/>!"
33213,"Périssez dans les flammes d'Ifrit<Indent/>!"
33214,"Voilà donc le pouvoir de <If(PlayerParameter(4))>celle<Else/>celui</If> qui défie les divinités... <If(PlayerParameter(4))>L'héroïne<Else/>Le héros</If> d'Éorzéa..."
33215,"Ça ne suffira pas cependant... Désactivation des limiteurs<Indent/>! Puissance maximale enclenchée<Indent/>!"
33216,"L'Ultima Arma va tout réduire en cendres<Indent/>!"
33217,"Enfant de la Lumière, ne succombe pas aux Ténèbres... Prie le cristal de toutes tes forces<Indent/>!"
33218,"La plai<SoftHyphen/>san<SoftHyphen/>te<SoftHyphen/>rie a assez duré<Indent/>!"
33219,"Réglons ça une fois pour toutes, aventuri<If(PlayerParameter(4))>ère<Else/>er</If> ! C'est l'ultime bataille<Indent/>!"
33220,"Je n'ai pas besoin du pouvoir des Primordiaux pour vaincre<Indent/>! Voyez la véritable puissance de l'Ultima Arma<Indent/>!"
33221,"Voilà qui est très... surprenant. Tu possèdes un grand pouvoir, je dois l'admettre."
33222,"Mais tu n'as pas l'étoffe d'un souverain ! Telle est la différence entre nous... Une différence qui va m'assurer la victoire !"
33223,"C'est... Ultima<Indent/>!? Oh non... Le dernier garde-fou a été levé..."
33224,"Maudit sois-tu, Ascien ! Ta soif de destruction ne sera-t-elle donc jamais assouvie !?"
33225,"Je n'ai pas la force... de te protéger à nouveau..."
33226,"Ô <If(PlayerParameter(4))>Guerrière<Else/>Guerrier</If> de la Lumière. Tu dois faire cesser ce sort impie... ou les Ténèbres règneront !"
33227,"Détonation ultima dans 20 secondes"
33228,"Détonation ultima dans 10 secondes"
33229,"Détonation ultima dans 5 secondes"
33230,"4..."
33231,"3..."
33232,"2..."
33233,"1..."
33234,"Ha ha ha ha ha<Indent/>!!! C'est fini pour toi, Hydaelyn<Indent/>!"
33235,"Entends... Ressens... Pense..."
33236,""
33237,""
33238,""
33239,""
33240,""
33241,""
33242,""
33243,""
33244,""
33245,""
33246,""
33247,""
33248,""
33249,""
33250,""
33251,""
33252,""
33253,""
33254,""
33255,""
33256,""
33257,""
33258,""
33259,""
33260,""
33261,""
33262,""
33263,""
33264,""
33265,""
33266,""
33267,""
33268,""
33269,""
33270,""
33271,""
33272,""
33273,""
33274,""
33275,""
33276,""
33277,""
33278,""
33279,""
33280,""
33281,""
33282,""
33283,""
33284,""
33285,""
33286,""
33287,""
33288,""
33289,""
33290,""
33291,""
33292,""
33293,""
33294,""
33295,""
33296,""
33297,""
33298,""
33299,""
33300,"Atteindre le repos du démuni"
33301,"Franchir le repos du démuni"
33302,"Atteindre le repos du sot"
33303,"Franchir le repos du sot"
33304,"Atteindre la chambre de torture"
33305,"Vaincre Graffias"
33306,""
33307,""
33308,""
33309,""
33310,""
33311,""
33312,""
33313,""
33314,""
33315,""
33316,""
33317,""
33318,""
33319,""
33320,""
33321,""
33322,""
33323,""
33324,""
33325,""
33326,""
33327,""
33328,""
33329,""
33330,""
33331,""
33332,""
33333,""
33334,""
33335,""
33336,""
33337,""
33338,""
33339,""
33340,""
33341,""
33342,""
33343,""
33344,""
33345,""
33346,""
33347,""
33348,""
33349,""
33350,""
33351,""
33352,""
33353,""
33354,""
33355,""
33356,""
33357,""
33358,""
33359,""
33360,""
33361,""
33362,""
33363,""
33364,""
33365,""
33366,""
33367,""
33368,""
33369,""
33370,""
33371,""
33372,""
33373,""
33374,""
33375,""
33376,""
33377,""
33378,""
33379,""
33380,""
33381,""
33382,""
33383,""
33384,""
33385,""
33386,""
33387,""
33388,""
33389,""
33390,""
33391,""
33392,""
33393,""
33394,""
33395,""
33396,""
33397,""
33398,""
33399,""
33400,"Personne ne s'opposera à l'idéal du général<Indent/>! Viens ici que je t'écrase<Indent/>!"
33401,"Mes boucliers sont im<SoftHyphen/>pé<SoftHyphen/>né<SoftHyphen/>tra<SoftHyphen/>bles, et tu vas bientôt connaître leur pouvoir destructeur !"
33402,"Déploiement du champ de force... Essaye donc de m'attaquer pour voir<Indent/>!"
33403,"Avec ta défaite, le général van Baelsar sera encore plus près de réaliser son noble dessein !"
33404,"(tousse) Voilà donc la force <If(PlayerParameter(4))>de la tombeuse<Else/>du tombeur</If> de Titan...<Indent/>?"
33405,"Préfet sas Arvina<Indent/>! Tenez bon, nous allons vous aider<Indent/>!"
33406,"Q-qu'est-ce que vous faites là<Indent/>!? Je vous ai ordonné de vous retirer<Indent/>!"
33407,"N-n'ayez crainte, Préfet<Indent/>! Nous avons alerté les troupes alliées comme vous nous l'avez demandé<Indent/>!"
33408,""
33409,"Mes fidèles soldats, vous qui faisiez ma fierté... Je vengerai votre mort, coûte que coûte<Indent/>!!!"
33410,"Au nom du général van Baelsar et de mes hommes, j'aurai ta tête<Indent/>!"
33411,""
33412,""
33413,""
33414,"Je te tiens<Indent/>! À présent, tu vas me rejoindre dans la tombe<Indent/>!"
33415,"Inutile de te débattre<Indent/>! Nous périrons ensemble dans les flammes<Indent/>!"
33416,"Tu auras beau me frapper, je ne lâcherai pas cette chaîne<Indent/>!"
33417,"Argh... Même si ça me coûte la vie... Je te détruirai !"
33418,"Attendez-moi, mes braves soldats... Je vous rejoindrai bientôt...<Indent/>!"
33419,"(halète) (halète) Tu as de la ressource... mais tu ne survivras pas à ça<Indent/>!"
33420,"Vaincre Rhitahtyn sas Arvina"
33421,"Vaincre les soldats de Rhitahtyn"
33422,"Achever Rhitahtyn sas Arvina"
33423,"Grr... Assez<Indent/>! Toi, va-t'en si tu veux sauver ta peau<Indent/>!"
33424,"Tiens, admire une technique tout droit venue de ma province natale<Indent/>!"
33425,"Une vraie teigne... Soit, je ne retiendrai plus mes coups<Indent/>!"
33426,"La douleur n'est rien face à ma rage de vaincre... Regarde-la s'embraser<Indent/>!"
33427,"Pas de pitié pour toi<Indent/>!"
33428,""
33429,"Et nous sommes revenus dans la foulée pour vous aider<Indent/>! Nous resterons à vos côtés jusqu'au bout<Indent/>!"
33430,""
33431,""
33432,""
33433,""
33434,""
33435,""
33436,""
33437,""
33438,""
33439,""
33440,""
33441,""
33442,""
33443,""
33444,""
33445,""
33446,""
33447,""
33448,""
33449,""
33450,""
33451,""
33452,""
33453,""
33454,""
33455,""
33456,""
33457,""
33458,""
33459,""
33460,""
33461,""
33462,""
33463,""
33464,""
33465,""
33466,""
33467,""
33468,""
33469,""
33470,""
33471,""
33472,""
33473,""
33474,""
33475,""
33476,""
33477,""
33478,""
33479,""
33480,""
33481,""
33482,""
33483,""
33484,""
33485,""
33486,""
33487,""
33488,""
33489,""
33490,""
33491,""
33492,""
33493,""
33494,""
33495,""
33496,""
33497,""
33498,""
33499,""
33500,"Atteindre le carrefour central"
33501,"Franchir le carrefour central"
33502,"Atteindre la zone V"
33503,"Franchir la zone V"
33504,"Atteindre le champ de parade"
33505,"Vaincre Livia sas Junius"
33506,"Ici Cid, tu me reçois<Indent/>? Pour rappel, notre principal objectif est de désactiver le champ de force magitek."
33507,"Je vais essayer de localiser le générateur. Pendant ce temps, fais diversion en causant un maximum de grabuge<Indent/>!"
33508,"Qu'est-ce qu'il se passe<Indent/>? Tu es <If(PlayerParameter(4))>coincée<Else/>coincé</If><Indent/>? Hmm... Quelque part autour de toi, il devrait y avoir un vide-ordures."
33509,"Si tu grimpes dedans, tu devrais atterrir dans un autre secteur. Et les gardes ne te verront pas venir<Indent/>!"
33510,"Attention, j'aperçois des chasseurs magitek qui foncent droit sur ta position<Indent/>! Prends garde à leurs bombardements<Indent/>!"
33511,"Ici Cid. J'ai trouvé le panneau de commande du système de sécurité. Je te déverrouille l'accès au carrefour central."
33512,"Bon, voyons voir ce que cette machine a dans le ventre... Recule, ça va péter<Indent/>!"
33513,"Et voilà le travail<Indent/>! Le générateur ne devrait plus être très loin. Suis-moi<Indent/>!"
33514,"Trouvé<Indent/>! Occupe-toi des gardes, je me charge de le faire sauter avec mon armure magitek<Indent/>!"
33515,"Je vais te reprendre tout ce que tu m'as volé<Indent/>!"
33516,"Je vais te faire goûter à la <Emphasis>vraie</Emphasis> souffrance avec mes baghnakhs !"
33517,"On va voir si <If(PlayerParameter(4))>la prétendue héroïne<Else/>le prétendu héros</If> que tu es peut survivre à ÇA<Indent/>!!"
33518,"Grr... J'étais persuadée que ce serait le coup de grâce..."
33519,"Bah, ce n'était qu'un échauf<SoftHyphen/>fe<SoftHyphen/>ment<Indent/>!"
33520,"Ça se corse... Heu<SoftHyphen/>reu<SoftHyphen/>se<SoftHyphen/>ment, il me reste mon amplificateur magitek<Indent/>!"
33521,"J'en ai profité pour emprunter une armure magitek... Retrouve-moi à la porte d'en face, tu m'en diras des nouvelles<Indent/>!"
33522,"Eh merde, ils ont fait venir la cavalerie... Désolé, il va falloir que tu tiennes encore un peu<Indent/>!"
33523,"Les sauvages ne passeront pas<Indent/>! Tout le monde à l'attaque<Indent/>!"
33524,"Commandement de la 7e cohorte d'infanterie, répondez<Indent/>! Demande immédiate de renforts au carrefour central<Indent/>!"
33525,"Nous sommes dépassés<Indent/>! Vite, déployez les colosses magitek<Indent/>!"
33526,"Ça ne suffit toujours pas<Indent/>!? Q.G., envoyez plus de renforts<Indent/>!"
33527,""
33528,""
33529,""
33530,""
33600,"Nous sommes les chroniqueuses de la fin des temps..."
33601,"Toujours la même épître liminaire sans cesse recopiée..."
33602,"Chacune d'entre nous a éprouvé le désespoir..."
33603,"Nous avons connu la somme de toutes les peines..."
33604,"Un voyage solitaire sur un océan de Ténèbres..."
33605,"Une pluie battante d'étoiles marquera la fin des temps..."
33606,"Le désespoir est éternel<Indent/>!"
33607,"Le bonheur n'est qu'un éclair fugace.
La peine l'étouffe aussitôt."
33608,"Votre existence est futile<Indent/>!"
33609,"Le désespoir prend bien des formes..."
33610,"Inutile de souffrir..."
33611,"Aaah... Cette souffrance... Je me souviens...<Indent/>!
Un monde en proie au fléau de la maladie<Indent/>!"
33612,"Le drame frappe toujours plus vite que le couchant<Indent/>!"
33613,"Notre chant d'ané<SoftHyphen/>an<SoftHyphen/>tis<SoftHyphen/>se<SoftHyphen/>ment résonnera à jamais d'un bout à l'autre de l'univers..."
33614,"Voilà ma réponse... Celle des civilisations perdues qui vous ont précédés<Indent/>!"
33615,"Astres et vivants se dirigent inéluctablement vers l'abîme<Indent/>!"
33616,"Votre épopée ne finira pas sur une note d'espoir<Indent/>!"
33617,"Nous n'acceptons pas votre réponse..."
33618,""
33619,""
33620,""
33621,""
33622,""
33623,""
33624,""
33625,""
33626,""
33627,""
33628,""
33629,""
33630,""
33631,""
33632,""
33633,""
33634,""
33635,""
33636,""
33637,""
33638,""
33639,""
33640,""
33641,""
33642,""
33643,""
33644,""
33645,""
33646,""
33647,""
33648,""
33649,""
33650,""
33651,""
33652,""
33653,""
33654,""
33655,""
33656,""
33657,""
33658,""
33659,""
33660,""
33661,""
33662,""
33663,""
33664,""
33665,""
33666,""
33667,""
33668,""
33669,""
33670,""
33671,""
33672,""
33673,""
33674,""
33675,""
33676,""
33677,""
33678,""
33679,""
33680,""
33681,""
33682,""
33683,""
33684,""
33685,""
33686,""
33687,""
33688,""
33689,""
33690,""
33691,""
33692,""
33693,""
33694,""
33695,""
33696,""
33697,""
33698,""
33699,""
33700,"Pour l'avenir de notre planète, je vais mettre un terme à ta misérable existence<Indent/>!"
33701,"Disparaissez<Indent/>!"
33702,"Tu ne dois pas abandonner... Ouvre ton cœur au Cristal... Prie-le..."
33703,"Qu'il t'accorde le pouvoir de dissiper les Ténèbres... Le pouvoir de la Lumière<Indent/>!"
33704,"Maudite Hydaelyn<Indent/>! Même à ce point affaiblie, tu viens mettre ton grain de sel..."
33705,"Mais qu'importe. Avec ou sans sa bénédiction, tu n'as aucune chance contre moi, tout <If(PlayerParameter(4))>imparfaite<Else/>imparfait</If> que tu es<Indent/>!"
33706,"Tu as du répondant... mais aurais-tu oublié un détail<Indent/>?"
33707,"Ne l'écoute pas... Tu incarnes la volonté de la Lumière... Sers-toi de son pouvoir pour chasser les Ténèbres<Indent/>!"
33708,"Vaincre Lahabrea"
33709,"Je vais te montrer ce qu'est la vraie magie<Indent/>! À moi, le feu créateur<Indent/>!"
33710,"Brûlez, flammes purificatrices<Indent/>! Faites place nette au nom du véritable dieu<Indent/>!"
33711,"Assez des suppôts de la Lumière<Indent/>! À moi, le pouvoir des ombres<Indent/>!"
33712,"Je possède le corps de ton ami. Si je meurs, il meurt aussi."
33713,"Et voilà. Preuve est faite que ta lutte a toujours été vaine..."
33714,""
33715,""
33716,""
33717,""
33718,""
33719,""
33720,""
33721,""
33722,""
33723,""
33724,""
33725,""
33726,""
33727,""
33728,""
33729,""
33730,""
33731,""
33732,""
33733,""
33734,""
33735,""
33736,""
33737,""
33738,""
33739,""
33740,""
33741,""
33742,""
33743,""
33744,""
33745,""
33746,""
33747,""
33748,""
33749,""
33750,""
33751,""
33752,""
33753,""
33754,""
33755,""
33756,""
33757,""
33758,""
33759,""
33760,""
33761,""
33762,""
33763,""
33764,""
33765,""
33766,""
33767,""
33768,""
33769,""
33770,""
33771,""
33772,""
33773,""
33774,""
33775,""
33776,""
33777,""
33778,""
33779,""
33780,""
33781,""
33782,""
33783,""
33784,""
33785,""
33786,""
33787,""
33788,""
33789,""
33790,""
33791,""
33792,""
33793,""
33794,""
33795,""
33796,""
33797,""
33798,""
33799,""
33800,"Fidèles vassaux, votre roi vous appelle<Indent/>!"
33801,"Mes braves vassaux<Indent/>! Donnons une leçon à ces profanateurs, kupo<Indent/>!"
33802,"Mes braves vassaux<Indent/>! Vous devez unir vos forces, kupo<Indent/>!"
33803,"<Emphasis>Mémento mog</Emphasis><Indent/>!
Souvenez-vous que vous allez mourir de la patte d'un Mog<Indent/>!"
33804,"Rassemblons-nous tous et vainquons ces rebelles, kupo<Indent/>!"
33805,"P-pas mal... Mais notre roi va vous réduire en bouillie, kupo<Indent/>!"
33806,"Gloire au Roi<Indent/>!
Gloire aux Mogs<Indent/>!"
33807,"Notre combat ne fait que commencer, kupo<Indent/>!"
33808,"Punissons l'ennemi comme il se doit, kupo<Indent/>!"
33809,"Je vais concentrer toute ma puissance et vous envoyer voler, kupo<Indent/>!"
33810,""
33811,""
33812,""
33813,""
33814,""
33815,""
33816,""
33817,""
33818,""
33819,""
33820,""
33821,""
33822,""
33823,""
33824,""
33825,""
33826,""
33827,""
33828,""
33829,""
33830,""
33831,""
33832,""
33833,""
33834,""
33835,""
33836,""
33837,""
33838,""
33839,""
33840,""
33841,""
33842,""
33843,""
33844,""
33845,""
33846,""
33847,""
33848,""
33849,""
33850,""
33900,"Atteindre la salle des admonestations"
33901,"Franchir la salle des admonestations"
33902,"Atteindre la salle des primiciers"
33903,"Franchir la salle des primiciers"
33904,"Atteindre l'Enclos des sœurs"
33905,"Vaincre Scarmiglione"
33906,"Grands Dieux<Indent/>! Des rats immondes ont envahi mon beau château<Indent/>!"
33907,"Mettez-les en pièces, et gorgez-vous de leur éther<Indent/>!"
33908,"Vous êtes tenaces... Puisque vous y tenez tant que ça, je vais me faire un plaisir d'engloutir votre éther moi-même<Indent/>!"
33909,"Allons, n'ayez pas peur, plongez votre regard dans le mien<Indent/>!"
33910,"Vos âmes vivront en moi pour l'éternité<Indent/>!"
33911,"Vous avez résisté à mon regard enchanteur<Indent/>!? Mais... comment<Indent/>!?"
33912,"À l'aide<Indent/>! Que quelqu'un dévore ces sales rats pour moi<Indent/>! Pitié<Indent/>!"
33913,"Hohoho... Tout cet éther me met l'eau à la bouche<Indent/>!"
33914,"Une fois ce gaz dans vos narines, vous deviendrez des cadavres vivants<Indent/>!"
33915,"Arrêtez-moi ces intrus, mes mignons<Indent/>!"
33916,"Vous allez goûter à mon coup spécial<Indent/>!"
33917,"Quoi<Indent/>!? Vous avez survécu<Indent/>!? Attendez un peu, c'est pas terminé<Indent/>!"
33918,"Non<Indent/>! Je ne vous laisserai pas m'avoir, jamais<Indent/>!"
33919,"C'est l'heure du grand nettoyage...<Indent/>! Tous les rats doivent être éliminés...<Indent/>!"
33920,"Vous ne nous échapperez pas...<Indent/>!"
33921,"Votre éther est à nous...<Indent/>!"
33922,"Nous allons vous faire rôtir...<Indent/>!"
33923,"Calcinez-les tous...<Indent/>!"
33924,"Grrr... Sales rats...<Indent/>!"
33925,"Qu'est-ce que vous dites de ça...<Indent/>?"
33926,"Puisque c'est comme ça..."
33927,"Finissons-en...<Indent/>!"
33928,"Maîtresse... J'implore votre pardon..."
33929,"Où fuir, à présent<Indent/>!? Je ne vais tout de même pas me faire dévorer dans mon propre château<Indent/>!"
33930,""
33931,""
33932,""
33933,""
33934,""
33935,""
33936,""
33937,""
33938,""
33939,""
33940,""
33941,""
33942,""
33943,""
33944,""
33945,""
33946,""
33947,""
33948,""
33949,""
33950,""
34000,"JE VEUX VOIR VOTRE BRAVOURE<Indent/>! BATTONS-NOUS À LA LOYALE<Indent/>!"
34001,"D-d'où sort ce drôle d'automate<Indent/>? Et ces deux bras, on dirait... des bras d'Amalj'aa<Indent/>!?"
34002,"C'est de la triche<Indent/>! Il a tout un arsenal magique à portée de main<Indent/>!"
34003,"LE TIGRE ET LE DRAGON... LE FER ET LE FEU... RÉSISTEREZ-VOUS À MA BOTTE SECRÈTE<Indent/>?"
34004,"COMPLOT ET MACHINATION... AVEC MA MAGIE, JE ME JOUE DE MES ENNEMIS<Indent/>!"
34005,"Grands Dieux, il a inversé ses bras<Indent/>! Que va-t-il faire ensuite...<Indent/>?"
34006,"La muraille, je suis<Indent/>! Jusqu'à ma mort, les zombis, je repousserai<Indent/>!!"
34007,"Ce guerrier Amalj'aa serait l'un de ceux qui ont combattu pour les Thorne<Indent/>!?"
34008,"À ma magie, aucun zombi ne résiste<Indent/>!"
34009,"C'est parti<Indent/>! Portail cryptique<Indent/>!"
34010,"Ce que vous allez voir, vous allez voir... Portail cryptique<Indent/>!"
34011,"Brûlé vif, quiconque s'avance finira<Indent/>!"
34012,"Approchez... et à l'ombre crépitante, goûtez<Indent/>!"
34013,"Soufflés, les impudents seront<Indent/>! Brise infernale<Indent/>!"
34014,"À m'échapper, vous ne parviendrez pas<Indent/>! Fourneau infernal<Indent/>!"
34015,"Maudits zombis... De vous relever, jusqu'à quand allez-vous continuer<Indent/>!?"
34016,"Nous avons quelques remords à devoir mettre à terre un ancien allié d'Ul'dah..."
34017,"Danger droit devant... À toi de jouer<Indent/>!"
34018,"Étonnant que des créatures survivent dans un tel environnement. À leur place, nous serions déjà morte à cause de la puanteur..."
34019,"●削除：ふむ……。
菌糸類が広がって、道を塞いでおるようじゃ。"
34020,"Ces tunnels sont tellement insalubres... Depuis combien de temps sont-ils à l'abandon, nous nous le demandons..."
34021,"(tousse) (tousse) Eu-eurk<Indent/>! Nous en avons dans la bouche...<Indent/>! La voie est libre... mais à quel prix<Indent/>!"
34022,"Cette mélasse filandreuse est dégoûtante... Mais quand il faut y aller...<Indent/>!"
34023,"Cette zone semble encore plus délabrée, preuve en sont tous ces champignons... Espérons que le plafond tienne..."
34024,"Ouah, une fuite d'eau<Indent/>! Quoique, avec cette couleur, ça ressemble plutôt à... du céruleum<Indent/>?"
34025,"Vaincre un hécatonchire, c'est une sacrée prouesse<Indent/>! Nous espérons qu'il te reste encore des forces pour la suite<Indent/>!"
34026,"Ça alors... Qui aurait cru que ces tunnels poisseux déboucheraient sur une fosse géante<Indent/>? Et pile sous Ul'dah, en plus<Indent/>!"
34027,"On doit pouvoir hisser une passerelle à l'aide de cette machine. Espérons qu'elle fonctionne encore."
34028,"Ul'dah fabriquait des machines similaires autrefois. Cependant, le décor tout autour nous rappelle davantage les camps amalj'aa."
34029,"Pas de doute, ce sont bien les Amalj'aa qui ont aménagé cet endroit. Sans doute s'agit-il d'une de leurs anciennes places fortes."
34030,"Peut-être que ces ins<SoftHyphen/>tal<SoftHyphen/>la<SoftHyphen/>tions ont été édifiées lors de la grande chasse aux zombis<Indent/>? S'agirait-il d'un des secrets que notre père voulait nous montrer<Indent/>?"
34031,"Le savais-tu<Indent/>? Il y a très longtemps, Uldiens et Amalj'aa ont combattu ensemble ici même, dans les canalisations sildiennes."
34032,"Une porte close... Et non, notre clef ne fonctionne pas. Peut-être y a-t-il un autre mécanisme permettant de l'ouvrir<Indent/>?"
34033,"Les mécréants n'ont pas leur place ici. Qui que vous soyez, rebroussez chemin et ne revenez jamais plus."
34034,"L-la porte a parlé<Indent/>!? D-de toute façon, il n'y a pas d'autre issue<Indent/>! Forçons le passage s'il le faut<Indent/>!"
34035,"Eh bien<Indent/>! Tu l'as fait voler en miettes comme si c'était du papier mâché<Indent/>!"
34036,"Le message qu'on a entendu sonnait comme une mise en garde. Tout ça ne nous dit rien qui vaille..."
34037,"なんと、アマルジャ族じゃと！？
気をつけるのじゃ、何やら様子がおかしい……！"
34038,"Tu l'as eu. Pauvre guerrier amalj'aa... Avant de finir zombifié, ce devait être un combattant des plus honorables."
34039,"Quand nous pensons à toutes les années qu'il a passées enfermé ici, oublié de tous... C'est tellement triste..."
34040,"Qu'importe que nous ne vénérions pas les mêmes dieux. Prions au moins pour le repos de son âme."
34041,"Bien, nous pensons en avoir assez vu. Restons-en là pour cette fois."
34042,"Cette petite virée sous terre aura été drôlement fructueuse<Indent/>! Merci encore pour ton aide, sans laquelle rien n'aurait été possible<Indent/>!"
34043,"C'est ouvert, bravo<Indent/>! On voit que tu as l'habitude de ce genre de devinettes<Indent/>!"
34044,"Cette pièce... on dirait une chambre mortuaire, un peu comme celle d'Erralig."
34045,"なんと、アマルジャ族じゃと！？
気をつけるのじゃ、何やら様子がおかしい……！"
34046,"Tu l'as eu. Pauvre guerrier amalj'aa... Avant de finir zombifié, ce devait être un combattant des plus honorables."
34047,"Comme quoi, la poudre putréfactrice n'a vraiment épargné personne..."
34048,"Cette plaie n'aurait jamais dû voir le jour. Son invention même est un crime dont nous ne pouvons nous dédouaner."
34049,"Bien, nous pensons en avoir assez vu. Restons-en là pour cette fois."
34050,"Cette petite virée sous terre aura été drôlement fructueuse<Indent/>! Merci encore pour ton aide, sans laquelle rien n'aurait été possible<Indent/>!"
34051,"Le risque d'ef<SoftHyphen/>fon<SoftHyphen/>dre<SoftHyphen/>ment est réel. Des travaux de réfection s'imposent. Ça, et un bon nettoyage..."
34052,"ヘカトンケイレス族にも後れを取らぬとは、さすがじゃ！
この調子で、最後まで頼むぞ！"
34053,"開けた場所に出たかと思えば……
ウルダハの地下に、このような空間があったとは！"
34054,"●そこのリフトで足場を上げれば、先へ進めそうじゃ。
しかし、ずいぶんと古めかしい……ちゃんと動くかのう？"
34055,"Ul'dah fabriquait des machines similaires autrefois. Cependant, le décor tout autour nous rappelle davantage les camps amalj'aa."
34056,"Pas de doute, ce sont bien les Amalj'aa qui ont aménagé cet endroit. Sans doute s'agit-il d'une de leurs anciennes places fortes."
34057,"D-des draconides<Indent/>! Sûrement issus d'un ancien élevage amalj'aa... Et il y en a des gros, attention<Indent/>!"
34058,"Ça alors, un nouveau passage s'est ouvert<Indent/>! Par quelle sorcellerie était-il donc scellé<Indent/>?"
34059,"On dirait... une réserve d'objets rituels amalj'aa."
34060,"Tous ces artefacts semblent d'une grande valeur. Tu penses qu'ils ont été enchantés<Indent/>?"
34061,"Cette pièce... on dirait une chambre mortuaire, un peu comme celle d'Erralig."
34062,"なんと、アマルジャ族じゃと！？
気をつけるのじゃ、何やら様子がおかしい……！"
34063,"Tu l'as eu. Pauvre guerrier amalj'aa... Avant de finir zombifié, ce devait être un combattant des plus honorables."
34064,"Quelle ironie qu'un ancien chasseur de morts-vivants comme lui ait fini ainsi..."
34065,"Il y a sûrement d'autres Amalj'aa prisonniers dans ces tunnels. Si possible, nous aimerions pouvoir les inhumer selon leurs propres rites."
34066,"En attendant, nous pouvons toujours leur offrir nos prières, même sans rien connaître de leurs coutumes."
34067,"Bien, nous pensons en avoir assez vu. Restons-en là pour cette fois."
34068,"Cette petite virée sous terre aura été drôlement fructueuse<Indent/>! Merci encore pour ton aide, sans laquelle rien n'aurait été possible<Indent/>!"
34069,"Aïe, premier virage et déjà des monstres... Nous t'en prions, passe devant."
34070,"On voit que tu as fait ça toute ta vie<Indent/>! Allez, on continue<Indent/>!"
34071,"Ouah<Indent/>! T-tu veux vraiment traverser cette passerelle vétuste<Indent/>!? Tout doucement, alors..."
34072,"N-nous avions dit doucement<Indent/>! Un peu plus et c'était le drame<Indent/>!"
34073,"Cette valve ouvre sûrement la porte, mais elle a l'air drôlement lourde... Toi qui as de la force, tu veux bien essayer de la tourner<Indent/>?"
34074,"C'est ouvert<Indent/>! Décidément, tout paraît un jeu d'enfant avec toi<Indent/>!"
34075,"Même un hécatonchire n'est pas de taille face à toi<Indent/>! Nous avons vraiment bien choisi notre garde du corps<Indent/>!"
34076,"Où sommes-nous<Indent/>? On dirait notre chambre, au palais sacré d'Ul'dah, passages dérobés compris..."
34077,"Nous reconnaissons ce drapeau...<Indent/>! Mais alors, nous serions... dans le palais de Sil'dih<Indent/>!?"
34078,"Et voilà la salle du trône<Indent/>! Nous n'aurions jamais cru la découvrir un jour."
34079,"Hmm... C'est un mécanisme d'ouverture, basé sur différents poids. Il doit être relié à la porte voisine."
34080,"Nous devons poser ces statuettes aux bons emplacements. Observe bien leurs motifs..."
34081,""
34082,"Hmm. La passerelle est coupée, et c'est trop loin pour tenter un saut... Que faire<Indent/>?"
34083,"Là, des leviers<Indent/>! Actionnes-en un, on verra bien si cela nous ouvre un passage<Indent/>!"
34084,"Ça a activé une soufflerie... T-tu penses qu'on peut se laisser porter par le flux d'air...<Indent/>?"
34085,"C-c'est la dernière fois que nous risquons notre vie de la sorte<Indent/>! Nous trouverons un autre chemin au retour<Indent/>!"
34086,"Q-qu'est-ce que c'est ça<Indent/>!? Un autre mécanisme de défense du palais<Indent/>?"
34087,"Quel combat<Indent/>! Tu as – pardonne-moi l'expression – dérouillé ce gardien de métal<Indent/>!"
34088,"Ce que nous avons traversé devait être une sorte passage de secours pour le sultan et sa famille."
34089,"C'est d'autant plus logique qu'il soit relié aux égouts. D'ailleurs, le palais sacré d'Ul'dah possède exactement le même genre de couloir dérobé."
34090,"Nos parents nous ont légué la clef qui mène jusqu'ici. Sans aucun doute à dessein..."
34091,"Bien, nous ne voyons pas d'autre voie à explorer. Il est temps de quitter cet endroit."
34092,"Ton escorte s'est avérée plus que précieuse<Indent/>! Nous te remercierons en bonne et due forme une fois de retour à Ul'dah."
34093,"Ce gros rocher a comblé le trou<Indent/>! Nous avons eu du flair sur ce coup, héhé<Indent/>!"
34094,"Q-qu'est-ce que c'est ça<Indent/>!? Un autre mécanisme de défense du palais<Indent/>?"
34095,"Quel combat<Indent/>! Tu as – pardonne-moi l'expression – dérouillé ce gardien de métal<Indent/>!"
34096,"Entre lui et les autres sentinelles, il ne fait aucun doute que Sil'dih était jadis une grande puissance militaire."
34097,"Ses soldats étaient par<SoftHyphen/>ti<SoftHyphen/>cu<SoftHyphen/>liè<SoftHyphen/>rement féroces à ce que l'on dit. D'ailleurs, le casque sur le drapeau sildien symbolise cette force."
34098,"Ça n'a pas empêché la disparition de leur pays. Et voilà que nous, la sultane d'Ul'dah, découvrons ces ruines. Quelle ironie..."
34099,"Bien, nous ne voyons pas d'autre voie à explorer. Il est temps de quitter cet endroit."
34100,"Ton escorte s'est avérée plus que précieuse<Indent/>! Nous te remercierons en bonne et due forme une fois de retour à Ul'dah."
34101,"C'est ouvert<Indent/>! Décidément, tout paraît un jeu d'enfant avec toi<Indent/>!"
34102,"Même un hécatonchire n'est pas de taille face à toi<Indent/>! Nous avons vraiment bien choisi notre garde du corps<Indent/>!"
34103,"On dirait une ancienne salle à manger. Et luxueuse, avec ça... Peut-être sommes-nous dans une sorte de palace<Indent/>?"
34104,"Nous reconnaissons ce drapeau...<Indent/>! Nous serions... dans le palais de Sil'dih<Indent/>!?"
34105,"Regarde, le téléporteur s'est activé<Indent/>! On va pouvoir l'emprunter."
34106,"Une salle au trésor<Indent/>! Dissimulée derrière une énigme... C'est digne d'un roman d'aventures<Indent/>!"
34107,"En revanche, tout est sens dessus dessous... Des pillards sont passés par ici, tu crois<Indent/>?"
34108,""
34109,"Une barrière magique... Peut-être y a-t-il quelque chose à faire avec ces statues de Nald et de Thal<Indent/>?"
34110,"La barrière s'est dissipée<Indent/>! Bien joué<Indent/>!"
34111,"Q-qu'est-ce que c'est ça<Indent/>!? Un autre mécanisme de défense du palais<Indent/>?"
34112,"Quel combat<Indent/>! Tu as – pardonne-moi l'expression – dérouillé ce gardien de métal<Indent/>!"
34113,"Une redoutable sentinelle, placée juste à la sortie de la salle au trésor... Voilà un bon moyen de piéger les pillards."
34114,"Certains s'y sont laissé prendre, apparemment. Nous nous demandons ce qu'ils sont devenus..."
34115,"Tu aurais voulu emporter quelques reliques, toi aussi<Indent/>? Tant pis, héhé. Dis-toi que nous ne sommes pas <If(PlayerParameter(4))>venues<Else/>venus</If> nous remplir les poches<Indent/>!"
34116,"Bien, nous ne voyons pas d'autre voie à explorer. Il est temps de quitter cet endroit."
34117,"Ton escorte s'est avérée plus que précieuse<Indent/>! Nous te remercierons en bonne et due forme une fois de retour à Ul'dah."
34118,"Oh<Indent/>! Ça y est, on peut passer<Indent/>!"
34119,"Q-qu'est-ce que c'est ça<Indent/>!? Un autre mécanisme de défense du palais<Indent/>?"
34120,"Quel combat<Indent/>! Tu as – pardonne-moi l'expression – dérouillé ce gardien de métal<Indent/>!"
34121,"Nous ne voyons aucune issue. C'est sans doute un cul-de-sac, conçu pour prendre au piège les pillards."
34122,"Une chance que tu nous aies accompagnée. Grâce à toi, nous avons pu mesurer de près la grandeur passée de Sil'dih."
34123,"En nous léguant leur clef, nos parents voulaient sans doute nous rappeler l'existence de cette cité qui fut jadis la sœur d'Ul'dah."
34124,"En tant que sultane, il est de notre devoir de préserver ces vestiges. Et de prier pour le repos de tous ceux qui vivaient ici autrefois."
34125,"Bien, nous avons exploré tous les chemins qui s'offraient à nous. Il est temps de plier bagage."
34126,"Ton escorte s'est avérée plus que précieuse<Indent/>! Nous te remercierons en bonne et due forme une fois de retour à Ul'dah."
34127,"Après cette pièce, nous ne serions pas surprise de tomber sur une salle de cérémonie."
34128,"C'est un sarcophage... de confection amalj'aa, a priori."
34129,"Pour occuper une telle chambre mortuaire, le défunt en question devait être un grand guerrier ou autre..."
34130,"Tu accomplis les rites funéraires<Indent/>? Dans ce cas, nous allons brûler un peu de myrrhe et prier."
34131,"Qu'est-ce que...<Indent/>!? Un passage s'est ouvert tout au fond<Indent/>! Y aurait-il une pièce dérobée au-delà<Indent/>?"
34132,"●削除：こやつ……魔法人形なのか！？
気をつけよ、何をしてくるかわからぬぞ……！"
34133,"Eh bien... Il faut plus que quatre bras pour t'impressionner, à ce que nous voyons<Indent/>!"
34134,"Où sommes-nous<Indent/>? Il y a des drapeaux uldiens et des étendards amalj'aa aux murs..."
34135,"On dirait un inventaire des objets de cette pièce. “Souvenirs d'un combat commun”, c'est ce qui est marqué<Indent/>!"
34136,"Tiens<Indent/>? Il y a une feuille de papier intercalée... “Puisse notre fille Nanamo être celle qui lira cette lettre...”."
34137,"Une lettre de nos parents<Indent/>!? Ils l'auraient écrite dans l'espoir que nous découvrions cette chambre cachée<Indent/>?"
34138,"Hmm... D'accord... A priori, cet endroit était bien l'ultime objectif du jeu de piste imaginé par nos parents."
34139,"Enfin, le mystère est résolu, et tout cela grâce à toi. Rentrons à présent, que nous puissions te remercier comme il se doit."
34140,""
34141,"Il y a trois portes. Il va falloir faire un choix d'entrée de jeu."
34142,"Que te dit ton instinct d'<If(PlayerParameter(4))>aventurière<Else/>aventurier</If><Indent/>? Pour notre part, nous opterions pour... Voyons voir..."
34143,"Ah, nous sommes sur la même longueur d'onde<Indent/>! Passons par là dans ce cas."
34144,"Tu préfères celle-ci<Indent/>? Hmm... Très bien, autant nous fier à ton expérience."
34145,""
34146,"On dirait que des créatures ont élu domicile ici. Tiens-les en respect, s'il te plaît<Indent/>!"
34147,"Quelle habileté<Indent/>! Tu te bats comme <If(PlayerParameter(4))>une championne<Else/>un champion</If><Indent/>!"
34148,"Des rats<Indent/>! Pas de problème, nous allons les chasser nous-même<Indent/>!"
34149,"Hiiih<Indent/>! Eux, en revanche, nous te les laissons<Indent/>!"
34150,"Difficile d'imaginer que des tunnels aussi larges courent sous Ul'dah..."
34151,"Le conduit au fond est rempli de boue... Peut-être est-il bouché<Indent/>?"
34152,"Oh, tu as redirigé l'écoulement de l'eau<Indent/>! Nous ne savions pas que c'était possible<Indent/>!"
34153,"Nous commençons à nous demander où aboutissent ces canalisations..."
34154,""
34155,"Ces canalisations auraient besoin d'une inspection en règle. Nous devrons en discuter une fois de retour au palais."
34156,""
34157,"屈強な騎士さえ押しのける協力な使い魔じゃ！
お掃除役といえど、あなどるなよ！"
34158,"Son éther, c'est celui de... Non, nous devons nous faire des idées..."
34159,"Le pompon de sa queue fait des bulles<Indent/>! Il doit manipuler l'éther avec<Indent/>!"
34160,"グゴゴ、ゴゴゴゴ……！"
34161,"Un casque orné d'une grappe de raisin... Pas de doute, c'est un ancien gardien de Sil'dih<Indent/>!"
34162,"Ooouh, oooouh<Indent/>!"
34163,"Qu'est-ce qu'il fait<Indent/>? Il rassemble ses forces<Indent/>?"
34164,"Intrus... Éliminer<Indent/>!"
34165,"Prends garde à ne pas te faire souffler<Indent/>!"
34166,"Des rochers te tombent dessus<Indent/>! Attention la tête<Indent/>!"
34167,"Réunir... alliés<Indent/>!"
34168,"Anéantir... ennemi<Indent/>!"
34169,"Il se concentre à nouveau<Indent/>! Reste sur tes gardes<Indent/>!"
34170,"Un hécatonchire, ici<Indent/>!? Que fabrique-t-il dans une telle fosse septique<Indent/>?"
34171,"Q-que fait un hécatonchire ici<Indent/>!? P-peu importe, il va falloir lui passer sur le corps<Indent/>!"
34172,"C'était quoi, ce bruit<Indent/>? Ça venait des conduits..."
34173,"Eurgh, cette odeur d'égouts est tout bonnement horrible<Indent/>! Mais ça n'a pas l'air de déranger cet hécatonchire..."
34174,"À la surface de l'eau, c'est du céruleum<Indent/>? Et d'ailleurs, que fait un hécatonchire ici<Indent/>!?"
34175,"Attention, il y a du remous sous la plate-forme<Indent/>! Ça risque d'éclabousser violemment<Indent/>!"
34176,"C'est... un hécatonchire<Indent/>!? Et ces espèces de turbines aux murs, à quoi peuvent-elles bien servir<Indent/>?"
34177,"Un hécatonchire<Indent/>!? Et ces cylindres, on dirait qu'ils servent à transporter des objets lourds..."
34178,"Les machines autour s'activent<Indent/>! Prends garde<Indent/>!"
34179,"Ces barils... Leurs sommets sont colorés dif<SoftHyphen/>fé<SoftHyphen/>rem<SoftHyphen/>ment..."
34180,""
34181,""
34182,"Quelle passerelle voulez-vous hisser<Indent/>?"
34183,"Celle de gauche"
34184,"Celle de droite"
34185,"Annuler"
34186,"Quelle réponse donnez-vous<Indent/>?"
34187,"La flamme du courage"
34188,"La flamme de la guerre"
34189,"Annuler"
34190,"Dans quel sens voulez-vous tourner la valve<Indent/>?"
34191,"Dans le sens antihoraire"
34192,"Dans le sens horaire"
34193,"Annuler"
34194,"Quelle statuette voulez-vous poser ici<Indent/>?"
34195,"La statuette casque"
34196,"La statuette diamant"
34197,"La statuette flamme"
34198,"La statuette raisin"
34199,"Annuler"
34200,"Il y a deux leviers. Lequel voulez-vous actionner<Indent/>?"
34201,"Celui de gauche"
34202,"Celui de droite"
34203,"Annuler"
34204,"Ta dextérité au combat force le respect<Indent/>! Nous avons pleine confiance en toi pour la suite<Indent/>!"
34205,""
34206,""
34207,"Ah, un peu d'air frais, ça fait du bien. Un peu plus et nous devenions claustrophobe<Indent/>!"
34208,"Notre clef ne fonctionne pas... Attends, il y a écrit quelque chose<Indent/>: “Deux prunelles ouvriront la voie.”"
34209,"Ça ressemble à une énigme. Reste à savoir à quoi correspondent les “deux prunelles”..."
34210,"Un portail magique<Indent/>!? Incroyable, il était bien camouflé<Indent/>!"
34211,"Voyons voir où il nous mène."
34212,"Des golems<Indent/>! Décidément, rien ne nous sera épargné<Indent/>!"
34213,"Hm<Indent/>? C'est du matériel de nettoyage. Qui a bien pu déposer ça ici<Indent/>?"
34214,"Et d'où nous vient ce soudain sentiment de nostalgie...<Indent/>?"
34215,"Cette loge là-bas devait servir à stocker des outils."
34216,"... As-tu déjà entendu l'histoire de la cruche magique<Indent/>? C'est une vieille légende uldienne transmise de génération en génération."
34217,"On raconte que cette cruche pourrait absorber une quantité d'eau illimitée, et qu'on l'aurait mise sous scellés après qu'elle a “bu” une oasis entière."
34218,"Ça alors... C'est Silkie, l'ancien familier de ménage du palais d'Ul'dah<Indent/>!"
34219,"Nous en avons eu la confirmation lorsque tu as dispersé son éther<Indent/>: ce familier appartenait à notre mère. D'où notre nostalgie..."
34220,"Qu'avons-nous là<Indent/>?"
34221,"Quel sublime jardin<Indent/>! Qui eût cru que les canalisations sildiennes déboucheraient sur un lieu pareil<Indent/>?"
34222,"Oh<Indent/>! Et cette vaisselle..."
34223,"Nous la reconnaissons, c'est celle de nos parents<Indent/>! Étrange de la retrouver ici..."
34224,"Mais c'est bien sûr<Indent/>! Cet endroit devait être leur jardin secret<Indent/>! Et Silkie était là pour le protéger."
34225,"Dommage qu'ils n'aient pu nous y conduire de leur vivant... Néanmoins, nous pouvons presque sentir leur présence passée..."
34226,"Bien, nous ferions mieux d'y aller. Ce n'est pas faute de vouloir rester, mais Papashan va voir rouge s'il réalise notre absence."
34227,"Tiens<Indent/>? Ce tapis semble relativement neuf... contrairement aux dalles en dessous..."
34228,"Ce n'est pas un pillard qui l'a posé là, tout de même<Indent/>?<Indent/>... Enfin, laissons ça de côté et poursuivons."
34229,"Donc, il y a une cruche derrière cette porte... Intéressant. Enfin bref, continuons d'avancer."
34230,"Ça alors... C'est Silkie, l'ancien familier de ménage du palais d'Ul'dah<Indent/>!"
34231,"Cette fois, nous en sommes certaine<Indent/>: l'éther de ce familier était identique à celui de notre mère..."
34232,"Qu'avons-nous là<Indent/>?"
34233,"Quel sublime jardin<Indent/>! Qui eût cru que les canalisations sildiennes déboucheraient sur un lieu pareil<Indent/>?"
34234,"Cet endroit était habité... Hé, mais cette vaisselle... c'est celle de notre mère<Indent/>!?"
34235,"Ça par exemple... Ce devait être le jardin secret de nos parents, là où ils venaient se retrouver en toute discrétion."
34236,"Mais alors... nous auraient-ils uniquement confié leur clef dans l'espoir que nous découvrions ce lieu<Indent/>?"
34237,"... Pour l'heure, laissons cette question de côté, et profitons plutôt de ce paysage ô combien charmant."
34238,"Bien, nous ferions mieux d'y aller. Ce n'est pas faute de vouloir rester, mais Papashan va voir rouge s'il réalise notre absence."
34239,"Ta dextérité au combat force le respect<Indent/>! Nous avons pleine confiance en toi pour la suite<Indent/>!"
34240,"Le chemin se poursuit, on dirait. Continuons d'avancer prudemment;"
34241,"L'herbe a poussé par ici. Regarde, il y a même de drôles de fruits<Indent/>!"
34242,"Ah, ça s'est ouvert<Indent/>! Nous ne saurions dire par quel mécanisme, mais qu'importe... En avant<Indent/>!"
34243,""
34244,"On dirait... des touffes de pissenlit géantes<Indent/>?"
34245,"D-dieux du ciel, qu'avons-nous là<Indent/>!? Un rat géant<Indent/>?"
34246,"Cette fois, nous en sommes certaine<Indent/>: l'éther de ce familier était identique à celui de notre mère..."
34247,"Quelle vue magnifique<Indent/>! Ce soleil, ces fleurs, c'est tellement pittoresque<Indent/>!"
34248,"On ne s'attend pas à tomber là-dessus au fin fond d'égouts lugubres<Indent/>!"
34249,"À y repenser, nos parents évoquaient parfois un lieu qui leur était cher..."
34250,"Notre mère appelait cet endroit leur “jardin secret”."
34251,"Si le rongeur de tout à l'heure était bien son familier, alors nous y sommes très pro<SoftHyphen/>ba<SoftHyphen/>ble<SoftHyphen/>ment."
34252,"Nous croyons comprendre à présent pourquoi nos parents nous ont légué cette clef..."
34253,"Bien, nous ferions mieux d'y aller. Ce n'est pas faute de vouloir rester, mais Papashan va voir rouge s'il réalise notre absence."
34254,"Ça alors... C'est Silkie, l'ancien familier de ménage du palais d'Ul'dah<Indent/>!"
34255,"Cette fois, nous en sommes certaine<Indent/>: l'éther de ce familier était identique à celui de notre mère..."
34256,"Qu'est-ce que... Ouah<Indent/>! Tu as vu ça<Indent/>!? Ce soleil, ces fleurs, c'est magnifique<Indent/>!"
34257,"Pour que Silkie le défende, ce jardin devait revêtir une importance par<SoftHyphen/>ti<SoftHyphen/>cu<SoftHyphen/>liè<SoftHyphen/>re aux yeux de notre mère."
34258,"Certainement que nos parents devaient passer ici des moments privilégiés, à l'écart de leurs res<SoftHyphen/>pon<SoftHyphen/>sa<SoftHyphen/>bi<SoftHyphen/>li<SoftHyphen/>tés."
34259,"Il n'y a qu'à voir cette table, ces deux chaises et cette petite desserte pour s'en convaincre."
34260,"Bien, nous ferions mieux d'y aller. Ce n'est pas faute de vouloir rester, mais Papashan va voir rouge s'il réalise notre absence."
34261,"Père, Mère, n'ayez crainte... Nous protégerons ce coin de paradis qui vous est cher."
34262,"C-ces cruches, ne nous dites pas que c'est..."
34263,"D-des trombes d'eau vont déferler<Indent/>! Ne te fais pas emporter<Indent/>!"
34264,"Une rangée de plumeaux... Attention, ils t'arrivent dessus<Indent/>!"
34265,"Q-qu'est-ce qu'il compte faire avec tous ces plumeaux<Indent/>!?"
34266,"Les plumeaux tout autour sont devenus savonneux... Ça ne présage rien de bon<Indent/>!"
34267,"Traverser les canalisations sildiennes"
34268,"Franchir le Refuge des Sages"
34269,"Vaincre Silkie"
34270,"Franchir le Refuge des Puissants"
34271,"Vaincre le gladiateur sildien"
34272,"Vaincre Zeless Gah"
34273,""
34300,"Franchir les canaux de la con<SoftHyphen/>nais<SoftHyphen/>san<SoftHyphen/>ce"
34301,"Franchir la rivière du savoir"
34302,"Franchir l'œil de l'océan"
34303,"Franchir la voie des vents"
34304,"Franchir les marches du firmament"
34305,"Franchir la voûte astrale"
34306,"Vous allez découvrir les secrets de la navigation<Indent/>!"
34307,"Ô, vents et océans, donnez-moi votre force<Indent/>!"
34308,"Que la fureur divine des mers vous emporte<Indent/>!"
34309,"Ne comptez pas sur moi pour ménager mon équipage<Indent/>!"
34310,"Arriverez-vous à me suivre dans mon élément<Indent/>?"
34311,"Il faut toujours garder le vent en poupe<Indent/>!"
34312,"Bravo, vous êtes comme des poissons dans l'eau<Indent/>!"
34313,"Essayez donc de franchir l'écume<Indent/>!"
34314,"La marée monte, ne perdez pas pied<Indent/>!"
34315,"Tempête en vue, accrochez-vous<Indent/>!"
34316,"Que mon trident fende les mers<Indent/>!"
34317,"Ha ha ha<Indent/>! Bravo, moussaillons<Indent/>!"
34318,"Ça alors, de vrais loups de mer<Indent/>!"
34319,"Ne me dites pas que vous avez bu la tasse<Indent/>?"
34320,"Le secret, c'est de toujours rester soudés..."
34321,"Courage, et vous arriverez à bon port<Indent/>!"
34322,"À moi, Pérykos et Thalaos<Indent/>!"
34323,"Venez, mes chers familiers<Indent/>!"
34324,"Pérykos<Indent/>! Thalaos<Indent/>! À vous de jouer<Indent/>!"
34325,"Amusez-vous donc avec ces humains<Indent/>!"
34326,"Les bons petits serpents à leur maman<Indent/>!"
34327,"Pérykos, en avant<Indent/>!"
34328,"C'est bien, Pérykos<Indent/>!"
34329,"Va, et fends les vagues<Indent/>!"
34330,"Thalaos, à ton tour<Indent/>!"
34331,"Continue comme ça, Thalaos<Indent/>!"
34332,"L'océan est ton terrain de jeu<Indent/>!"
34333,"Allez<Indent/>!"
34334,"Soyez les bienvenus dans la voûte de l'eau..."
34335,"Commencez par affronter mes serviteurs..."
34336,"Votre réputation n'était donc pas usurpée..."
34337,"Venez à moi, maintenant."
34338,"Je vois que vous gardez le cap... Embarquez donc avec moi<Indent/>!"
34339,"Tout le monde à son poste<Indent/>!"
34340,"On lève l'ancre<Indent/>!"
34341,"Prêts à naviguer en ma compagnie<Indent/>?"
34342,"Allez, on se dépêche<Indent/>!"
34343,"Il nous faut un décor digne de notre traversée<Indent/>!"
34344,"Quelle étrange sensation de m'adresser à vous ainsi..."
34345,"Je vous suis re<SoftHyphen/>con<SoftHyphen/>nais<SoftHyphen/>sant d'être arrivés jusqu'ici."
34346,"Votre voyage touchera bientôt à sa fin..."
34347,"Le moment est venu pour moi de vous ouvrir la voie."
34348,"Vous combattre nous a rapprochés de notre nature originelle..."
34349,"Désormais, le reste est entre vos mains."
34350,"On est revenus<Indent/>! Oh, regarrrde, Omphalos...<Indent/>!"
34351,"Les épreuves sont donc terrrminées<Indent/>?"
34352,"Encorrre des familiers... Mais de qui<Indent/>!?"
34353,"On dirrrait que nous sommes attendus..."
34354,"Parrrs devant<Indent/>! Je m'occupe de protéger Snoegeim et les autres<Indent/>!"
34355,"Encore un effort, vous y êtes presque..."
34356,"Je suis le dernier. Vous êtes prêts<Indent/>?"
34357,"Descendez, ô vents des sommets<Indent/>!"
34358,"Que la colère des vents s'abatte sur vous<Indent/>!"
34359,"Tournoyez jusqu'aux cieux<Indent/>!"
34360,"Vole, ô flèche du Vagabond<Indent/>!"
34361,"Entendez résonner la corde de mon arc<Indent/>!"
34362,"Soyez transpercés<Indent/>!"
34363,"Allez de l'avant, encore et toujours<Indent/>!"
34364,"Allons, ne retenez pas vos coups<Indent/>!"
34365,"Notre voyage est sur le point de s'achever..."
34366,"Je vous tiens<Indent/>!"
34367,"Montrez-moi comment vous encaissez ça<Indent/>!"
34368,"La terre jaillit et s'élève<Indent/>!"
34369,"Que tout soit remis à plat<Indent/>!"
34370,"Vos prières nous ont rendus si puissants..."
34371,"En vous affrontant, notre éther retournera à la planète."
34372,"À vous de réaliser le vœu des Dieux<Indent/>!"
34373,"Vous ne cesserez jamais de me surprendre..."
34374,"Humains, prouvez-moi votre valeur ici et maintenant<Indent/>!"
34375,"Cette fois ça y est, j'ai l'esprit tranquille."
34376,"Allez, faites-moi croire en vous..."
34377,"Une fois notre combat achevé, je devrai..."
34378,"Quelle joie de vous avoir rencontrés..."
34379,"C'est donc ça, la douleur d'une séparation..."
34380,"Puissiez-vous arriver au bout de votre route<Indent/>!"
34381,"Béni soit le voyage de l'humanité."
34382,"Que les vents vous portent au firmament..."
34383,"Voyager rend plus fort... Vous le savez si bien<Indent/>!"
34384,"Ô, humains, puissiez-vous réaliser notre ultime souhait..."
34385,"Que notre essence retourne à la planète à tout jamais<Indent/>!"
34386,"Au nom des Douze<Indent/>!"
34387,"Oui, encore<Indent/>! Encore<Indent/>!"
34388,"Brillez de toutes vos forces<Indent/>!"
34389,"Miséricorde pour nos enfants bien-aimés<Indent/>!"
34390,"Donnez-vous la main pour être plus forts<Indent/>!"
34391,"N'ayez jamais peur d'aller de l'avant<Indent/>!"
34392,"Vous êtes capables de surmonter cette ultime épreuve<Indent/>!"
34393,"Libérez votre force et vos pensées<Indent/>!"
34394,"Donnez-vous corps et âme<Indent/>!"
34395,"Vous êtes petits par la taille, mais grands par la force<Indent/>!"
34396,"Recevez notre amour, et soyez portés<Indent/>!"
34397,"Depuis toujours, vous avez fidèlement prié pour nous..."
34398,"Vos souhaits passionnés nous ont donné forme..."
34399,"Aujourd'hui, le destin de cette planète vous revient<Indent/>!"
34400,"Aaah... Loué soit le miracle de l'humanité..."
34401,"Bénie soit Ætherys<Indent/>!"
34402,"Transcendez-vous, maintenant ou jamais<Indent/>!"
34403,"De votre foi naît notre pouvoir<Indent/>!"
34404,"Des lunes sont créées par le pouvoir de Menphina<Indent/>!"
34405,"La brillance de l'amour commence à s'intensifier..."
34406,"Le temps est accéléré par le pouvoir d'Althyk<Indent/>!"
34407,"Vous voilà, mes brillants enfants..."
34408,"Le moment est venu d'évaluer votre érudition."
34409,"Les courants tumultueux révéleront votre essence<Indent/>!"
34410,"Déchaîne-toi, flux torrentiel<Indent/>!"
34411,"Triturons-nous un peu les méninges..."
34412,"Répondez-donc à l'Érudit<Indent/>!"
34413,"Un problème, plusieurs aspects..."
34414,"Donnez-vous le temps de la réflexion."
34415,"Prouvez-moi le savoir de l'humanité<Indent/>!"
34416,"Soyez purifiés<Indent/>!"
34417,"Échangeons donc nos points de vue."
34418,"Tout ce qui coule n'est pas eau<Indent/>!"
34419,"Exposez-moi le fond de votre pensée."
34420,"Le choix de la force n'est pas toujours le plus sage."
34421,"Je comprends mieux l'enthousiasme de mes pairs<Indent/>!"
34422,"Rejoignez-moi dans les abysses de la con<SoftHyphen/>nais<SoftHyphen/>san<SoftHyphen/>ce<Indent/>!"
34423,"Épreuve passée avec mention très bien..."
34424,""
34425,""
34426,""
34427,""
34428,""
34429,""
34500,"Votre éther a l'air si bon..."
34501,"Mes cheveux en fulminent d'avance<Indent/>!"
34502,"Saurez-vous éviter ça<Indent/>?"
34503,"Subissez ma colère<Indent/>!"
34504,"Ça va trancher<Indent/>!"
34505,"Vous allez souffrir<Indent/>!"
34506,"Mes cheveux sont libres comme l'air qui les porte..."
34507,"Une chevelure soyeuse... mais toujours vigoureuse<Indent/>!"
34508,"Mmm... Quel vent agréable<Indent/>!"
34509,"Vous sentez le vent venir, vous aussi<Indent/>?"
34510,"Peuh<Indent/>! Vous n'avez encore rien vu..."
34511,"Préparez-vous à être réduits en poussière<Indent/>!"
34512,"Aaahahahahaha<Indent/>!!"
34513,"J'vais vous défoncer la gueule, bande de minables<Indent/>!"
34514,"Prenez ça, et ça, et encore ça<Indent/>!"
34515,"Vous allez crever, oui<Indent/>!??"
34516,"Yaaah raaah haah haah<Indent/>!"
34517,"Vous m'échapperez pas, pauvres larves<Indent/>!"
34518,"Haah haah haah haaaah<Indent/>!"
34519,"Je vais vous mettre en charpie, un par un<Indent/>!"
34520,"Faites pas l'erreur de vous foutre de moi<Indent/>!"
34521,"Vous me donnez envie de gerber<Indent/>!"
34522,"Vous n'êtes rien, rien du tout<Indent/>!"
34523,"Allez, c'est reparti pour un tour..."
34524,"Fondez-vous dans le néant<Indent/>!"
34525,"Fini de jouer, mes petits..."
34526,"Vous allez finir en bouillie<Indent/>!"
34527,""
34528,""
34529,""
34530,""
34531,""
34532,""
34533,""
34534,""
34535,""
34536,""
34537,""
34538,""
34539,""
34540,""
34541,""
34542,""
34543,""
34544,""
34545,""
34546,""
34547,""
34548,""
34549,""
34550,""
34551,""
34552,""
34553,""
34554,""
34555,""
34556,""
34557,""
34558,""
34559,""
34560,""
34561,""
34562,""
34563,""
34564,""
34565,""
34566,""
34567,""
34568,""
34569,""
34570,""
34571,""
34572,""
34573,""
34574,""
34575,""
34576,""
34577,""
34578,""
34579,""
34580,""
34581,""
34582,""
34583,""
34584,""
34585,""
34586,""
34587,""
34588,""
34589,""
34590,""
34591,""
34592,""
34593,""
34594,""
34595,""
34596,""
34597,""
34598,""
34599,""
34600,"Éliminer... tous les intrus... Non, je ne veux pas... Si, je veux...<Indent/>!"
34601,"Cette espèce d'arbre géant, c'est la grande geôlière<Indent/>!? Alors nos craintes étaient fondées..."
34602,"Elle compte détruire la plate-forme... mais ne t'en fais pas, je peux en créer d'autres<Indent/>!"
34603,"Ce sera mieux avec des passerelles."
34604,"Je vais vous anéantir... vous annihiler, vous... Disparaisseeeez<Indent/>!!!"
34605,"Je vais restaurer la plate-forme initiale<Indent/>! Prépare-toi à esquiver son attaque<Indent/>!"
34606,"Elle veut encore fracasser la plate-forme<Indent/>! Tiens bon<Indent/>!"
34607,"Aïe, elle a cassé une passerelle...<Indent/>! On ne va pas pouvoir la reconstruire tout de suite..."
34608,"Tsk, elle a tout démoli. Il va falloir se retrousser les manches."
34609,"Ce n'est pas encore terminé. Tiens, voilà qui devrait t'aider."
34610,"<Split(<Highlight>ObjectParameter(1)</Highlight>, ,1)/> n'a nulle part où aller<Indent/>! Je dois remettre la plate-forme comme elle était<Indent/>!"
34611,"Hmph, cela devient une routine. Recon<SoftHyphen/>strui<SoftHyphen/>sons ce qu'elle a détruit et tout ira bien."
34612,"Vaincre Agdistis"
34613,"Vous... Vous allez mourir<Indent/>! MOURIR<Indent/>!"
34614,"Ces fruits sont gorgés d'éther<Indent/>! Prends garde à ce qui en sort<Indent/>!"
34615,"Éliminer... tous les intrus... Les écraser... jusqu'au dernier..."
34616,"Je suis Agdistis, la grande geôlière... Et ceci... est mon corps<Indent/>!?"
34617,"Elle remet ça<Indent/>! Je m'occupe de remettre la plate-forme en état, fais attention à toi<Indent/>!"
34618,"Vous... n'irez pas plus loin<Indent/>! Di... disparaissez, tous autant que vous êtes<Indent/>!"
34619,""
34620,""
34621,""
34622,""
34623,""
34624,""
34625,""
34626,""
34627,""
34628,""
34629,""
34630,""
34631,""
34632,""
34633,""
34634,""
34635,""
34636,""
34637,""
34638,""
34639,""
34640,""
34641,""
34642,""
34643,""
34644,""
34645,""
34646,""
34647,""
34648,""
34649,""
34650,""
34651,""
34652,""
34653,""
34654,""
34655,""
34656,""
34657,""
34658,""
34659,""
34660,""
34661,""
34662,""
34663,""
34664,""
34665,""
34666,""
34667,""
34668,""
34669,""
34670,""
34671,""
34672,""
34673,""
34674,""
34675,""
34676,""
34677,""
34678,""
34679,""
34680,""
34681,""
34682,""
34683,""
34684,""
34685,""
34686,""
34687,""
34688,""
34689,""
34690,""
34691,""
34692,""
34693,""
34694,""
34695,""
34696,""
34697,""
34698,""
34699,""
34700,"Vaincre Hégémone"
34701,"Le Purgatoire est mon domaine, et je le défendrai jusqu'au bout<Indent/>!"
34702,"Venez, que je vous partage mes parasites<Indent/>!"
34703,"Vous ne m'échapperez pas... Polyomino éthéré<Indent/>!"
34704,"Mes parasites vont vous dévorer<Indent/>!"
34705,"J'ai tout un arsenal magique à vous montrer<Indent/>!"
34706,"Vous n'avez encore rien vu<Indent/>!"
34707,"Vos corps vont mal tourner<Indent/>!"
34708,"Voici ma magie la plus puissante... celle face à laquelle vous n'avez aucune chance de survivre<Indent/>!"
34709,"Vous allez regretter d'avoir mis les pieds au Purgatoire<Indent/>!"
34800,"Protéger la sainte Cité d'Ishgard"
34801,"Éliminer le groupe de dragons"
34802,"Repousser Vishap"
34803,"Éliminer le groupe de dragons"
34804,"Repousser Vishap"
34805,"Éliminer le groupe de dragons"
34806,"Protéger la dernière couche de la barrière magique"
34807,""
34808,"Reculer pour esquiver l'attaque"
34809,"Rejoindre l'arrière-garde"
34810,"Vaincre Vishap avant que la résistance des troupes ne s'épuise"
34811,"Le sort de la cité dépend de cette bataille<Indent/>!"
34812,"Avec Halone et pour Halone, nous vaincrons<Indent/>!"
34813,"Ils cherchent à détruire la barrière<Indent/>! N'en laissez pas un passer<Indent/>!"
34814,"Dites à l'arrière-garde de commencer les tirs<Indent/>!"
34815,"Il prépare une grosse attaque<Indent/>! Que tout le monde recule<Indent/>!"
34816,"Nous devons coûte que coûte les empêcher de détruire la barrière<Indent/>!"
34817,"Je protégerai ma patrie, quoi qu'il en coûte<Indent/>!"
34818,"La barrière n'est pas com<SoftHyphen/>plè<SoftHyphen/>te<SoftHyphen/>ment détruite<Indent/>! Replions-nous pour protéger la couche intermédiaire<Indent/>!"
34819,"C'est terrible... La cité va se transformer en mer de flammes<Indent/>!"
34820,"Si la dernière couche est brisée, c'en est fini du collier de Daniffen<Indent/>! Nous devons éliminer cet énorme dragon au plus vite<Indent/>!"
34821,"Je protégerai la cité de mon corps, s'il le faut<Indent/>!"
34822,"Ils sont toute une horde... Yda, il va falloir tout donner<Indent/>!"
34823,"Compris<Indent/>! Je vais leur faire passer un sale quart d'heure<Indent/>!"
34824,"Le plus gros s'apprête à charger, attention<Indent/>!"
34825,"Nous devons à tout prix le vaincre<Indent/>! Que tout le monde se lance sur lui<Indent/>!"
34826,"Que tout le monde se replie<Indent/>!"
34827,"La couche intermédiaire n'a pas tenu non plus<Indent/>!?"
34828,"Quelle puissance... La couche extérieure n'a donc pas tenue<Indent/>!"
34829,"Si les dragons parviennent à percer les défenses, la cité subira de lourdes pertes<Indent/>!"
34830,"Chevaliers dragon<Indent/>! Vainquons nos ennemis de longue date<Indent/>!"
34831,"Vous allez voir ce que vaut le Dragon céleste<Indent/>!"
34832,"Le gros dragon prépare une attaque<Indent/>! Reculez, vite<Indent/>!"
34833,"Tous à l'attaque<Indent/>! Il est temps d'en finir<Indent/>!"
34834,"L'ennemi est puissant, mais nos attaques sont efficaces<Indent/>! Ne lâchons rien<Indent/>!"
34835,"Concentrons tous nos attaques<Indent/>!"
34836,"Compris<Indent/>! Qu'on en termine vite<Indent/>!"
34837,"Son souffle est brûlant... Mais ce n'est pas ce qui va nous arrêter<Indent/>!"
34838,"Nous devons protéger la cité coûte que coûte<Indent/>!"
34839,""
34840,"J'ai bientôt atteint mes limites... Je ne le pensais pas si fort..."
34841,"<Split(<Highlight>ObjectParameter(1)</Highlight>, ,1)/>, partez devant<Indent/>! Je vais aider nos compagnons ayant tardés à fuir<Indent/>!"
34842,"Yda, portons secours à ceux qui ont besoin d'aide<Indent/>! <Split(<Highlight>ObjectParameter(1)</Highlight>, ,1)/>, nous vous laissons la barrière<Indent/>!"
34843,""
34844,""
34845,""
34846,""
34847,""
34848,""
34849,""
34850,""
34851,""
34852,""
34853,""
34854,""
34855,""
34856,""
34857,""
34858,""
34859,""
34860,""
34861,""
34862,""
34863,""
34864,""
34865,""
34866,""
34867,""
34868,""
34869,""
34870,""
34871,""
34872,""
34873,""
34874,""
34875,""
34876,""
34877,""
34878,""
34879,""
34880,""
34881,""
34882,""
34883,""
34884,""
34885,""
34886,""
34887,""
34888,""
34889,""
34890,""
34891,""
34892,""
34893,""
34894,""
34895,""
34896,""
34897,""
34898,""
34899,""
34900,"Vaincre Proto-Carbuncle"
34901,""
34902,""
34903,""
34904,""
34905,""
34906,""
34907,""
34908,""
34909,""
34910,""
34911,""
34912,""
34913,""
34914,""
34915,""
34916,""
34917,""
34918,""
34919,""
34920,""
34921,""
34922,""
34923,""
34924,""
34925,""
34926,""
34927,""
34928,""
34929,""
34930,""
34931,""
34932,""
34933,""
34934,""
34935,""
34936,""
34937,""
34938,""
34939,""
34940,""
34941,""
34942,""
34943,""
34944,""
34945,""
34946,""
34947,""
34948,""
34949,""
34950,""
34951,""
34952,""
34953,""
34954,""
34955,""
34956,""
34957,""
34958,""
34959,""
34960,""
34961,""
34962,""
34963,""
34964,""
34965,""
34966,""
34967,""
34968,""
34969,""
34970,""
34971,""
34972,""
34973,""
34974,""
34975,""
34976,""
34977,""
34978,""
34979,""
34980,""
34981,""
34982,""
34983,""
34984,""
34985,""
34986,""
34987,""
34988,""
34989,""
34990,""
34991,""
34992,""
34993,""
34994,""
34995,""
34996,""
34997,""
34998,""
34999,""
35000,"Les ténèbres de cette prison seront votre tombeau<Indent/>!"
35001,"À moi, fidèle serviteur<Indent/>!"
35002,"Brûle tout sur ton passage<Indent/>!"
35003,"Créatures de flamme, dévorez nos ennemis<Indent/>!"
35004,"Ne croyez pas que je sois semblable aux autres hémithéos..."
35005,"Admirez le fruit de mon sacrifice<Indent/>!"
35006,"Que mes flammes vous emportent<Indent/>!"
35007,"Vous allez périr sous une chaleur ardente<Indent/>!"
35008,"Ma rage est à son paroxysme<Indent/>!"
35009,"Je vais vous réduire en miettes<Indent/>!"
35010,"En avant<Indent/>! Va étreindre ces misérables<Indent/>!"
35011,"Hors de ma vue<Indent/>!"
35012,"Vous allez regretter de m'avoir affronté<Indent/>!"
35013,"J'en ai assez de ce combat<Indent/>!"
35014,"Mon vœu... sera exaucé<Indent/>!"
35015,"Tombez dans l'abîme du désespoir<Indent/>!"
35016,"Imbéciles<Indent/>! Voilà ce qu'il en coûte de défier un dieu<Indent/>!"
35017,"Ma force de demi-dieu n'est pas suffisante... Il m'en faut plus<Indent/>!"
35018,"Même si je dois détruire ce corps..."
35019,"Je le sculpterai... selon mes besoins<Indent/>!"
35020,"Pour atteindre... L'ultime forme<Indent/>!"
35021,"Disparaissez<Indent/>! Misérables insectes<Indent/>!"
35022,"C'en est fini pour vous..."
35023,"Recevez donc mes divins gènes<Indent/>!"
35024,"Cette âme... est à moi<Indent/>!"
35025,"Ma volonté... est absolue<Indent/>!"
35026,"Je vais tous vous annihiler<Indent/>!"
35027,"Tremblez devant la puissance du chaos<Indent/>!"
35028,"Vous allez mordre la poussière, oui<Indent/>?"
35029,"Athéna... Nous allons enfin nous revoir..."
35030,"Je détruirai le monde entier s'il le faut...<Indent/>!"
35031,"Admirez la véritable puissance de Lahabrea<Indent/>!"
35032,"Vos tristes vies s'achèvent ici et maintenant<Indent/>!"
35033,"Vaincre Héphaïstos"
35034,""
35035,""
35036,""
35037,""
35038,""
35039,""
35040,""
35041,""
35042,""
35043,""
35044,""
35045,""
35046,""
35047,""
35048,""
35049,""
35050,""
35051,""
35052,""
35053,""
35054,""
35055,""
35056,""
35057,""
35058,""
35059,""
35060,""
35061,""
35062,""
35063,""
35064,""
35065,""
35066,""
35067,""
35068,""
35069,""
35070,""
35071,""
35072,""
35073,""
35074,""
35075,""
35076,""
35077,""
35078,""
35079,""
35080,""
35081,""
35082,""
35083,""
35084,""
35085,""
35086,""
35087,""
35088,""
35089,""
35090,""
35091,""
35092,""
35093,""
35094,""
35095,""
35096,""
35097,""
35098,""
35099,""
35100,"Hihihi<Indent/>! Je suis venue aussi<Indent/>!"
35101,"Tiens donc, je ne m'attendais pas à te voir ici."
35102,"Mortels, nous serons vos adversaires<Indent/>!"
35103,"Le temps se plie à ma volonté<Indent/>!"
35104,"Ressentez l'essence du Contemplateur<Indent/>!"
35105,"Je vous ai à l'œil<Indent/>!"
35106,"Gardez le fil du temps<Indent/>!"
35107,"Brillez dans votre fugacité<Indent/>!"
35108,"Ployez sous la puissance de la pesanteur<Indent/>!"
35109,"À vous d'affronter votre destinée<Indent/>!"
35110,"Montrez-moi ce que vous savez faire<Indent/>!"
35111,"Priez pour que les étoiles vous soient favorables<Indent/>!"
35112,"Ah, que les étoiles scintillantes sont belles<Indent/>!"
35113,"Soyez engloutis par le déchaînement de l'eau divine<Indent/>!"
35114,"Laissez-moi tisser les fils de votre destin."
35115,"Tu es prête<Indent/>? C'est le moment..."
35116,"Quand tu veux, grand frère<Indent/>!"
35117,"Soumettez-vous aux lois du temps et du destin<Indent/>!"
35118,"J'ai tant attendu ce moment..."
35119,"Telle est donc votre destinée..."
35120,"Franchir la terre d'abondance"
35121,"Franchir les racines de l'Arbre-Monde"
35122,"Franchir l'Arbre-Monde"
35123,"Franchir le glacier ciselé"
35124,"Franchir les quartiers de la Conquérante"
35125,"Franchir la chambre des lunes jumelles"
35126,"Nophica elle-même est venue nous accueillirrr<Indent/>!"
35127,"L'éthérographe fonctionne comme prrrévu. Continuons<Indent/>!"
35128,"Il est temps de révéler une autre facette de la planète..."
35129,"Un Dieu capable de manipuler le temps et la grrravité... C'est Althyk, le Contemplateur<Indent/>!"
35130,"Hihihi<Indent/>! Je suis venue aussi<Indent/>!"
35131,"Tiens donc, je ne m'attendais pas à te voir ici."
35132,"Je vous invite à me rejoindre sur le champ de bataille suprême<Indent/>!"
35133,"Ce domaine est entièrrrement gelé..."
35134,"En avant, marche<Indent/>!"
35135,"Aucun doute, notre prrrochain adversaire sera bien Halone, la Conquérante."
35136,"Cette lumièrrre... Elle nous invite à l'intérieur<Indent/>!?"
35137,"Montrez-moi la pétulance de l'humanité<Indent/>!"
35138,"Sentez le souffle de la Mère..."
35139,"Vous allez vous prosterner<Indent/>!"
35140,"Contemplez la fertilité dans toute sa splendeur<Indent/>!"
35141,"Quelle extase d'admirer ce dont vous êtes capables<Indent/>!"
35142,"Que ce qui a été semé soit récolté<Indent/>!"
35143,"Nourrissez les terres fertiles<Indent/>!"
35144,"Révélez-moi vos capacités insondées<Indent/>!"
35145,"Sentez-vous battre le cœur de la planète<Indent/>?"
35146,"Que fleurissent les arbres, que verdissent les terres<Indent/>!"
35147,"Mes chers enfants... N'abandonnez jamais..."
35148,"Faites-moi sentir votre amour<Indent/>!"
35149,"Voilà toute l'étendue de ma puissance<Indent/>!"
35150,"Quel bonheur de me mesurer à vous<Indent/>!"
35151,"À moi de jouer... Préparez-vous<Indent/>!"
35152,"Qui aime bien, châtie bien<Indent/>!"
35153,"Jouez donc avec mon fidèle compagnon<Indent/>!"
35154,"On s'amuse bien, hein<Indent/>?"
35155,"Je vous aimerai pour toujours... de tout mon cœur<Indent/>!"
35156,"Prouvez votre courage à la Conquérante<Indent/>!"
35157,"Que ma lance s'imprègne d'un froid étincelant<Indent/>!"
35158,"Soyez sacrifiés dans la gloire<Indent/>!"
35159,"Trop faible<Indent/>! Ne retenez pas vos coups<Indent/>!"
35160,"La capitulation n'est pas une option<Indent/>!"
35161,"L'apothéose de la victoire sera mienne<Indent/>!"
35162,"Soyez écrasés par la grandeur des glaciers..."
35163,"À moi, égide majestueuse<Indent/>!"
35164,"Ah, si cette joute pouvait être éternelle<Indent/>!"
35165,"Enivrons-nous ensemble de ce festin de sang<Indent/>!"
35166,"Admirable<Indent/>! Continuez votre marche en avant<Indent/>!"
35167,"Accélération du temps dans 3 secondes..."
35168,"Accélération du temps dans 2 secondes..."
35169,"Accélération du temps dans 1 seconde..."
35170,"Le temps est accéléré par le pouvoir d'Althyk<Indent/>!"
35171,"Des lunes sont créées par le pouvoir de Menphina<Indent/>!"
35172,"La brillance de l'amour commence à s'intensifier..."
35173,"Puissiez-vous accepter tout notre amour<Indent/>!"
35174,""
35175,""
35176,""
35177,""
35178,""
35179,""
35180,""
35181,""
35182,""
35183,""
35184,""
35185,""
35186,""
35187,""
35188,""
35189,""
35190,""
35191,""
35192,""
35193,""
35194,""
35195,""
35196,""
35197,""
35198,""
35199,""
35200,"Enfin le combat que j'attendais tant... Vous n'avez pas intérêt à me décevoir<Indent/>!"
35201,"そんなんじゃ、びくともしねぇぜ？"
35202,"Le maître de l'eau, c'est moi<Indent/>!"
35203,"Le seigneur Golbez ne m'a pas choisi par hasard<Indent/>!"
35204,"Vous voulez voir quand je m'énerve<Indent/>!?"
35205,"Alors là... Ça m'en bouche un coin<Indent/>!"
35206,"Mouahaha<Indent/>! Qu'est-ce qu'on se marre<Indent/>!"
35207,"Une lutte acharnée, y a que ça de vrai<Indent/>!"
35208,"(cliquette) Début de l'en<SoftHyphen/>traî<SoftHyphen/>ne<SoftHyphen/>ment de base. Chronométrage du temps de combat..."
35209,"Infliger<Indent/>: coup létal et inévitable."
35210,"Fin de l'en<SoftHyphen/>traî<SoftHyphen/>ne<SoftHyphen/>ment de base. (cliquette) Bascule vers le programme d'en<SoftHyphen/>traî<SoftHyphen/>ne<SoftHyphen/>ment complexe."
35211,"À chaque problème sa solution rationnelle et pertinente."
35212,"Considérez votre en<SoftHyphen/>traî<SoftHyphen/>ne<SoftHyphen/>ment quotidien comme un gage de survie."
35213,"(cliquette) Évaluation terminée. Palier douze atteint. Vous êtes aussi faible que la lie du néant..."
35214,"(cliquette) Évaluation terminée. Palier neuf atteint. Travaillez vos fondamentaux et visez les paliers supérieurs."
35215,"(cliquette) Évaluation terminée. Palier sept atteint. Un bon résultat. Vous rivalisez avec les créatures du rang de guerrier."
35216,"(cliquette) Évaluation terminée. Palier cinq atteint. Vous rivalisez avec les créatures du rang de chevalier."
35217,"(cliquette) Évaluation terminée. Palier trois atteint. Vous auriez rivalisé avec Galatea de son vivant."
35218,"(cliquette) Évaluation terminée. Palier deux atteint. Seul maître Lurus avait obtenu ce résultat avant vous."
35219,"(cliquette) Évaluation terminée. Palier un atteint. Vous rivalisez avec les créatures du rang de roi... et ferez à n'en pas douter la fierté de notre clan."
35220,"(cliquette) Évaluation terminée. Verdict<Indent/>: très honorable. Contre toute attente, vous avez fait aussi bien que Drusilla."
35221,"Atteindre le Trône de la Bête des neiges"
35222,"Franchir le Trône de la Bête des neiges"
35223,"Atteindre Forum Messorem"
35224,"Franchir Forum Messorem"
35225,"Atteindre les Épines céruléennes"
35226,"Vaincre Cagnazzo"
35227,"Faites gaffe là-haut, on n'y voit goutte<Indent/>!"
35228,"おっと、開けたところに出たなァ。
くれぐれも落ちなさんなよ！"
35229,"Enfin débarrassés de tous ces piafs... La route s'arrête ici. Continuez à pied, les amis<Indent/>!"
35230,""
35231,""
35232,""
35233,""
35234,""
35235,""
35236,""
35237,""
35238,""
35239,""
35240,""
35241,""
35242,""
35243,""
35244,""
35245,""
35246,""
35247,""
35248,""
35249,""
35250,""
35251,""
35252,""
35253,""
35254,""
35255,""
35256,""
35257,""
35258,""
35259,""
35260,""
35261,""
35262,""
35263,""
35264,""
35265,""
35266,""
35267,""
35268,""
35269,""
35270,""
35271,""
35272,""
35273,""
35274,""
35275,""
35276,""
35277,""
35278,""
35279,""
35280,""
35281,""
35282,""
35283,""
35284,""
35285,""
35286,""
35287,""
35288,""
35289,""
35290,""
35291,""
35292,""
35293,""
35294,""
35295,""
35296,""
35297,""
35298,""
35299,""
35300,"Tous mes fans sont venus m'encourager... Je n'ai pas le droit de les décevoir<Indent/>!"
35301,"Ho ho ho<Indent/>! C'est l'heure de faire un peu d'exercice<Indent/>!"
35302,"Laissez-moi vous escorter, tout le plaisir est pour moi<Indent/>!"
35303,"Eh bien, où sont-ils tous passés<Indent/>? Ne me dites pas qu'ils abandonnent déjà<Indent/>!"
35304,"Grrr... Bande de vermisseaux<Indent/>! D'ailleurs, je vais écrabouiller le fiston en premier<Indent/>!"
35305,"OUAaaaAAAAHhhhHHH<Indent/>!!! Mon petit papounet chéri, fais quelque chose, bon sang<Indent/>!"
35306,"Vous avez survécu à mes missiles... mais vous n'échapperez pas à mes armes magitek<Indent/>!"
35307,"Mon flair infaillible m'indique que ceux-ci sont un peu plus forts que les précédents<Indent/>!"
35308,"Hooo<Indent/>! En effet, il me faudra leur asséner quelques coups de marteau sup<SoftHyphen/>plé<SoftHyphen/>men<SoftHyphen/>tai<SoftHyphen/>res<Indent/>!"
35309,"Puisque vous semblez résister à tout... le moment est venu de sortir le grand jeu<Indent/>!"
35310,"Ho hooo... Mets-toi à l'abri, mon Hildoudou. Ton papounet s'en charge<Indent/>!"
35311,"Vous ne me laissez donc pas le choix... Je dois vous réduire en bouillie moi-même<Indent/>!"
35312,"Ho ho ho<Indent/>! Les choses sérieuses commencent enfin, on dirait<Indent/>!"
35313,"Vous allez payer pour vos crimes, Monsieur Gélule<Indent/>!"
35314,"Ha ha ha<Indent/>! C'est qu'elles gratouillent, ces piqûres de moustique<Indent/>!"
35315,"Pfiou<Indent/>! Ça fait du bien de bouger un peu<Indent/>!"
35316,"Q-quoi<Indent/>!? Mais d'où tu sors, toi<Indent/>!? D'une autre planète aussi<Indent/>!?"
35317,"C'est impossible... Aucun mortel n'est capable de résister à un tel assaut<Indent/>!"
35318,"Hmm<Indent/>? J'ai cru sentir un flocon de neige me tomber dessus..."
35319,"Ha ha ha<Indent/>! Pour votre gouverne, sachez que la maman de mon Hildoudou cogne plus fort que ça<Indent/>!"
35320,"Le point de chute n'était pas le bon, j'ai dû me tromper dans mes calculs..."
35321,"Décidément, ces gentilhommes ont des muscles d'acier<Indent/>!"
35322,"J'aurai ta peau... gentilhomme... détective... Agagagagagagaga..."
35323,"Merci, Papounet... Tu es le meilleur des papounets<Indent/>!"
35324,"QUOIII<Indent/>!?? Le fils est un extra-terrestre aussi, c'est ça<Indent/>!?"
35325,"OOOOH<Indent/>!! Rien ne vaut une décharge électrique pour donner un coup de fouet à la circulation sanguine<Indent/>!"
35326,"Ho ho<Indent/>! Cette attaque avait l'air goûtue, j'aurais dû la laisser me toucher<Indent/>!"
35327,"Mais comment est-ce possiiiiible<Indent/>!? J'aurais dû lui griller la cervelle en un éclair<Indent/>!"
35328,"Il prend tout... à la rigolade... Il est pas humain..."
35329,"Bande d'infâmes pourceaux<Indent/>! À cause de vous, mon plan est à l'eau<Indent/>!"
35330,"Monsieur Gélule a enfin arrêté de gesticuler<Indent/>! C'est le moment de lui porter le coup de grâce<Indent/>!"
35331,"Je ne pensais pas avoir à utiliser ma botte secrète... Eh bien, je me trompais<Indent/>! PRENEZ ÇAAA<Indent/>!!"
35332,"Ne vous inquiétez pas pour moi, j'ai encore des ressources, et des plus électriques<Indent/>!"
35333,"Éliminer les pillards stipendiés"
35334,"Détruire les missiles"
35335,"Éliminer les armes magitek"
35336,"Neutraliser les missiles"
35337,"Vaincre Super Lugae"
35338,"Utiliser la Transcendance"
35339,"Ho ho<Indent/>! Il va vous falloir un peu plus que ça, Gélule<Indent/>!"
35340,"Il les a tous encaissés... en virevoltant de gauche à droite..."
35341,"Très bien, vous l'aurez voulu... Je vais mettre toute mon énergie dans cette ultime attaque qui vous enverra dans la tombe<Indent/>!"
35342,"Gyaaah<Indent/>!! Mais pourquoi ils reviennent encore tous sur moiiii<Indent/>!??"
35343,""
35344,""
35345,""
35346,""
35347,""
35348,""
35349,""
35350,""
35351,""
35352,""
35353,""
35354,""
35355,""
35356,""
35357,""
35358,""
35359,""
35360,""
35361,""
35362,""
35363,""
35364,""
35365,""
35366,""
35367,""
35368,""
35369,""
35370,""
35371,""
35372,""
35373,""
35374,""
35375,""
35376,""
35377,""
35378,""
35379,""
35380,""
35381,""
35382,""
35383,""
35384,""
35385,""
35386,""
35387,""
35388,""
35389,""
35390,""
35391,""
35392,""
35393,""
35394,""
35395,""
35396,""
35397,""
35398,""
35399,""
35400,"Contrôle mental du sujet “Artorius”<Indent/>: total...
Mode combat activé... Élimination imminente."
35401,"Invocation de la lame dimensionnelle...
Son maniement... Je me souviens... Tu m'as appris..."
35402,"Maniement de la lame dimensionnelle...
Niveau de maîtrise conforme aux données de l'original..."
35403,"Phlégéton... Mon ami...
C'est moi, Ar... Ex... calibur<Indent/>!"
35404,"Charge en éther élémentaire optimale...
Utilisation du séparateur thermique."
35405,"Purge totale de l'éther élémentaire...
Rayon exterminateur... Nom de code<Indent/>: “Paradoxe”..."
35406,"Les avaries du sujet dépassent le seuil de tolérance...
Arrêt des fonctions vitales imminent... T-t-t-tuez... Tuez-moi<Indent/>!"
35407,"Echec de l'élimination...
Ceux qui menacent l'empire d'Allag doivent être assujettis."
35408,"Chargement du module stratégique... Démarrage de l'assaut... "
35409,""
35410,""
35411,""
35412,""
35413,""
35414,""
35415,""
35416,""
35417,""
35418,""
35419,""
35420,""
35421,""
35422,""
35423,""
35424,""
35425,""
35426,""
35427,""
35428,""
35429,""
35430,""
35431,""
35432,""
35433,""
35434,""
35435,""
35436,""
35437,""
35438,""
35439,""
35440,""
35441,""
35442,""
35443,""
35444,""
35445,""
35446,""
35447,""
35448,""
35449,""
35450,""
35451,""
35452,""
35453,""
35454,""
35455,""
35456,""
35457,""
35458,""
35459,""
35460,""
35461,""
35462,""
35463,""
35464,""
35465,""
35466,""
35467,""
35468,""
35469,""
35470,""
35471,""
35472,""
35473,""
35474,""
35475,""
35476,""
35477,""
35478,""
35479,""
35480,""
35481,""
35482,""
35483,""
35484,""
35485,""
35486,""
35487,""
35488,""
35489,""
35490,""
35491,""
35492,""
35493,""
35494,""
35495,""
35496,""
35497,""
35498,""
35499,""
35500,"Même s'il ne s'agit que d'une brioche, une dette reste une dette.<Unknown17/>Je dois absolument empêcher ces monstres de passer."
35501,""
35502,"Il y a tant d'éther à déguster par ici... à commencer par le tien<Indent/>!"
35503,"Je commence à fatiguer..."
35504,"Tu es coriace... mais que dis-tu de ça<Indent/>?"
35505,"Je vais t'achever... puis te dévorer<Indent/>!"
35506,"Je vais pas m'en sortir..."
35507,"Heu<SoftHyphen/>reu<SoftHyphen/>se<SoftHyphen/>ment qu'on arrive à temps. Ça va, tu tiens le coup<Indent/>?"
35508,"Merci, c'était pas la peine."
35509,"Kéhéhéhé... De la bonne nourriture bien fraîche... Je vais m'en mettre plein la panse<Indent/>!"
35510,"Ce monstre est surpuissant... et je suis épuisée...<Unknown17/>Dans ces conditions, je risque de vous gêner plus qu'autre chose..."
35511,""
35512,"C'est pas le moment de baisser les bras<Indent/>! On peut s'en sortir si on lutte tous ensemble<Indent/>!"
35513,"Occupons-nous-en séparément<Indent/>!"
35514,"Dans ce cas, je me charge de ce côté-ci."
35515,"Attention, tu es visée<Indent/>!"
35516,"Si on lutte... tous ensemble...<Indent/>?"
35517,"Quand vous serez à bout de forces... je siroterai votre éther<Indent/>!"
35518,"La prochaine attaque sera puissante<Indent/>! Vite, rassemblons-nous<Indent/>!"
35519,"Inutile de résister<Indent/>!"
35520,"Raaah<Indent/>! Depuis quand la bouffe se rebelle<Indent/>!? Je vais vous réduire en cendres pour la peine<Indent/>!"
35521,"Occupez-les, vous autres<Indent/>!"
35522,"Allez au diable<Indent/>!"
35523,"Ma parole, c'est une véritable armée..."
35524,"Disparaissez<Indent/>!"
35525,"Vas-y, on est tous avec toi<Indent/>!"
35526,"Je vais leur sortir le grand jeu<Indent/>!"
35527,"Gyeeeeeh<Indent/>! N-ne m'approchez pas, vermines<Indent/>!"
35528,"Éliminer la horde du néant"
35529,"Éliminer la horde du néant avec l'aide de vos alliés"
35530,"Protéger Zero jusqu'à ce qu'elle soit prête à attaquer"
35531,"Vaincre Andromalius"
35532,""
35533,"Zero est attaquée et ne peut se concentrer..."
35534,""
35535,""
35536,""
35537,""
35538,""
35539,""
35540,""
35541,""
35542,""
35543,""
35544,""
35545,""
35546,""
35547,""
35548,""
35549,""
35550,""
35551,""
35552,""
35553,""
35554,""
35555,""
35556,""
35557,""
35558,""
35559,""
35560,""
35561,""
35562,""
35563,""
35564,""
35565,""
35566,""
35567,""
35568,""
35569,""
35570,""
35571,""
35572,""
35573,""
35574,""
35575,""
35576,""
35577,""
35578,""
35579,""
35580,""
35581,""
35582,""
35583,""
35584,""
35585,""
35586,""
35587,""
35588,""
35589,""
35590,""
35591,""
35592,""
35593,""
35594,""
35595,""
35596,""
35597,""
35598,""
35599,""
35600,"◎×■♭!
◎◎#... Intrus... Ex... termination<Indent/>!!"
35601,"◎△〇×□!
×#▼△... Mines... Soldats... Debout<Indent/>!"
35602,"××●×◎!!
Tire... Au... Flanc... Debout<Indent/>!!"
35603,"♪○×◎◎!?
Extermination... Négative... Relance... Assaut...<Indent/>!"
35604,""
35605,""
35606,""
35607,""
35608,""
35609,""
35610,""
35611,""
35612,""
35613,""
35614,""
35615,""
35616,""
35617,""
35618,""
35619,""
35620,""
35621,""
35622,""
35623,""
35624,""
35625,""
35626,""
35627,""
35628,""
35629,""
35630,""
35631,""
35632,""
35633,""
35634,""
35635,""
35636,""
35637,""
35638,""
35639,""
35640,""
35641,""
35642,""
35643,""
35644,""
35645,""
35646,""
35647,""
35648,""
35649,""
35650,""
35651,""
35652,""
35653,""
35654,""
35655,""
35656,""
35657,""
35658,""
35659,""
35660,""
35661,""
35662,""
35663,""
35664,""
35665,""
35666,""
35667,""
35668,""
35669,""
35670,""
35671,""
35672,""
35673,""
35674,""
35675,""
35676,""
35677,""
35678,""
35679,""
35680,""
35681,""
35682,""
35683,""
35684,""
35685,""
35686,""
35687,""
35688,""
35689,""
35690,""
35691,""
35692,""
35693,""
35694,""
35695,""
35696,""
35697,""
35698,""
35699,""
35700,"Je suis Rubicante, maître du feu et bras droit du seigneur Golbez. Battons-nous à la loyale<Indent/>!"
35701,"Votre force est digne d'éloges."
35702,"Vous méritez un adversaire à votre hauteur."
35703,"Permettez que je déploie la pleine étendue de ma puissance<Indent/>!"
35704,"Huuugnnnaaaaaargh<Indent/>!!"
35705,"Rendez-vous compte, vous êtes les tout premiers à m'admirer sous cette forme<Indent/>!"
35706,""
35707,""
35708,"Venez à moi, esprits obscurs..."
35709,"Préparez-vous à goûter aux flammes infernales..."
35710,"Comme c'est grisant... Je sens l'éther emplir tout mon être<Indent/>!"
35711,"Vous n'avez aucune chance de survivre à ça<Indent/>!"
35712,"Contemplez la quintessence de mon être<Indent/>!"
35713,"Je vais tout détruire sans exception<Indent/>!"
35714,"Brûlez donc<Indent/>!"
35715,"Consumez-vous dans mes flammes<Indent/>!"
35716,"Redevenez poussière<Indent/>!"
35717,"Je vais vous réduire en cendres<Indent/>!"
35718,"Mon énergie bouillonne<Indent/>!"
35719,"Goûtez à la caresse des flammes obscures<Indent/>!"
35720,"Je vais vous trancher tout net<Indent/>!"
35721,"À moi les Ténèbres<Indent/>!"
35722,"Houaaaah<Indent/>!"
35723,"Cette fois, c'en est fini de vous..."
35724,"Mes flammes sont éternelles<Indent/>!"
35725,"Venez, je vais guérir vos blessures<Indent/>!"
35726,"Mesurez-vous à moi en pleine possession de vos forces<Indent/>!"
35727,"Voilà comment on se sert des flammes<Indent/>!"
35728,"À vous de jouer, mes fidèles serviteurs<Indent/>!"
35729,"Montrez-leur votre rage incandescente<Indent/>!"
35730,""
35731,""
35732,""
35733,""
35734,""
35735,""
35736,""
35737,""
35738,""
35739,""
35740,""
35741,""
35742,""
35743,""
35744,""
35745,""
35746,""
35747,""
35748,""
35749,""
35750,""
35751,""
35752,""
35753,""
35754,""
35755,""
35756,""
35757,""
35758,""
35759,""
35760,""
35761,""
35762,""
35763,""
35764,""
35765,""
35766,""
35767,""
35768,""
35769,""
35770,""
35771,""
35772,""
35773,""
35774,""
35775,""
35776,""
35777,""
35778,""
35779,""
35780,""
35781,""
35782,""
35783,""
35784,""
35785,""
35786,""
35787,""
35788,""
35789,""
35790,""
35791,""
35792,""
35793,""
35794,""
35795,""
35796,""
35797,""
35798,""
35799,""
35800,"D'alpha à oméga, du début à la fin... Prêts pour le dernier test<Indent/>? Activation de l'enregistrement des données..."
35801,"Bip... Activation du mode Pantokrator. Attribution des ressources à la création d'armement..."
35802,"Je suis Oméga, je suis Alpha... Faibles humains, vos secrets me rendront plus forte que jamais<Indent/>!"
35803,"Implémentation... Combattant allié... Étude de l'importance de la répartition des rôles en combat..."
35804,"Définition... Phénomène de “dépassement de limites”... Désactivation du limiteur autorisée."
35805,"Constat... Imiter l'apparence et le com<SoftHyphen/>por<SoftHyphen/>te<SoftHyphen/>ment des humains semble n'avoir qu'une influence négligeable sur le potentiel combatif..."
35806,"Analyse finale... Reconfiguration tactique et technique nécessaire... Début de la séquence..."
35807,"Bip bip bip BIP BIP BIP<Indent/>!!!"
35808,"Test achevé. Je suis Alpha, je suis Oméga<Indent/>!"
35809,"Bip... Bip... éNErGie FisSUre iNTerDiMenSiOnNelLe PaS NécEsSaiRe... pLEinE PrODucTiOn bOguEs... Bip... bOnJouR, Le MoNDe<Indent/>!?"
35810,"Bip... Dégâts critiques... Extinction du système..."
35811,"B-b-bip... Redémarrage forcé... Nouveau protocole d'exécution... Mode activé<Indent/>: Dépassement de limites..."
35812,"La défaite N'EST PAS UNE OPTION. Pschhh..."
35813,"Bip... Niveau de résistance maximum franchi... Peu importe, ma recherche de puissance doit se poursuivre<Indent/>!"
35814,"Bip... Début de dislocation constaté... Objectif inchangé<Indent/>: aller de l'avant, aller de l'avant, aller de l'avant..."
35815,"Plus fort... Plus loin... Je DOIS découvrir l'état ultime de l'évolution... Pschhh..."
35816,"B-b-bip... BIP... BIBIBIBIP<Indent/>!!! Quelle est cette force inconnue<Indent/>!?"
35817,"Bip... Capacités décuplées par un facteur inconnu... L'ex<SoftHyphen/>pé<SoftHyphen/>ri<SoftHyphen/>men<SoftHyphen/>ta<SoftHyphen/>tion doit continuer..."
35818,"Cette force... Le mode Dépassement de limites ne peut l'expliquer... Serait-elle liée au pouvoir inexplicable des humains...<Indent/>?"
35819,"Hypothèse... Si le dépassement de limites des humains n'est pas partagé par tous les êtres vivants... Cela signifie que..."
35820,"Analyse impossible... Ce phénomène est inexplicable... Malgré toutes mes capacités, la vérité continue à m'échapper...<Indent/>?"
35821,"Je suis Oméga, et je marche aux côtés d'Alpha... Pour que la fin soit notre commencement... Nous devons aller de l'avant<Indent/>!"
35822,""
35823,"Bip<Indent/>? Alpha... Que fais-tu ici<Indent/>?"
35824,""
35825,"J'ai l'impression de pouvoir lire tes pensées... Tu veux dire qu'ensemble, on peut y arriver<Indent/>?"
35826,""
35827,"Bip... Je dois mener des tests plus poussés... Entité <Split(<Highlight>ObjectParameter(1)</Highlight>, ,1)/>, je compte sur toi<Indent/>!"
35828,"Faites l'expérience de mon périple intergalactique... Cosmomémoire<Indent/>!"
35829,"La puissance des étoiles transperce les cieux... Cosmoflèche<Indent/>!"
35830,"La puissance de feu qui a réduit en cendres la planète des dragons... Canon plasma<Indent/>!"
35831,"Tels les dragons volant de planète en planète... Cosmoplongeon<Indent/>!"
35832,"La fin est proche, <Split(<Highlight>ObjectParameter(1)</Highlight>, ,1)/>... Découvre la véritable puissance de mon évolution<Indent/>!"
35833,"Que l'astre de la destruction s'abatte sur vous... Cosmométéore<Indent/>!"
35834,"Bip... J'ai d'abord estimé le genre humain d'une immense faiblesse..."
35835,"Mais vous m'avez appris l'existence d'un pouvoir insoupçonné et inexplicable... Pschhh..."
35836,"Grâce à l'aide d'Alpha, me voilà enfin investie de ce mystérieux pouvoir..."
35837,"Humains, l'heure de l'ultime test a sonné... Et son issue ne fait aucun doute<Indent/>!"
35838,""
35839,""
35840,""
35841,""
35842,""
35843,""
35844,""
35845,""
35846,""
35847,""
35848,""
35849,""
35850,""
35851,""
35852,""
35853,""
35854,""
35855,""
35856,""
35857,""
35858,""
35859,""
35860,""
35861,""
35862,""
35863,""
35864,""
35865,""
35866,""
35867,""
35868,""
35869,""
35870,""
35871,""
35872,""
35873,""
35874,""
35875,""
35876,""
35877,""
35878,""
35879,""
35880,""
35881,""
35882,""
35883,""
35884,""
35885,""
35886,""
35887,""
35888,""
35889,""
35890,""
35891,""
35892,""
35893,""
35894,""
35895,""
35896,""
35897,""
35898,""
35899,""
35900,"Démarrage du système de sonde mémorielle...
Mon nom est Tiamat, protectrice de Méracydia<Indent/>!"
35901,"Dansez, mes chers enfants<Indent/>!
Festoyez des entrailles de ceux qui menacent notre terre<Indent/>!"
35902,"Vils envahisseurs<Indent/>! Préparez-vous à goûter à la colère de Tiamat<Indent/>!"
35903,"Périssez dans le tumulte de mes flammes obscures<Indent/>!"
35904,"Subissez la fureur de la mère des dragons de Méracydia<Indent/>!"
35905,""
35906,""
35907,""
35908,""
35909,""
35910,""
35911,""
35912,""
35913,""
35914,""
35915,""
35916,""
35917,""
35918,""
35919,""
35920,""
35921,""
35922,""
35923,""
35924,""
35925,""
35926,""
35927,""
35928,""
35929,""
35930,""
35931,""
35932,""
35933,""
35934,""
35935,""
35936,""
35937,""
35938,""
35939,""
35940,""
35941,""
35942,""
35943,""
35944,""
35945,""
35946,""
35947,""
35948,""
35949,""
35950,""
35951,""
35952,""
35953,""
35954,""
35955,""
35956,""
35957,""
35958,""
35959,""
35960,""
35961,""
35962,""
35963,""
35964,""
35965,""
35966,""
35967,""
35968,""
35969,""
35970,""
35971,""
35972,""
35973,""
35974,""
35975,""
35976,""
35977,""
35978,""
35979,""
35980,""
35981,""
35982,""
35983,""
35984,""
35985,""
35986,""
35987,""
35988,""
35989,""
35990,""
35991,""
35992,""
35993,""
35994,""
35995,""
35996,""
35997,""
35998,""
35999,""
36000,"Intrus détectés.
Passage du système de clonage en mode défensif..."
36001,"Contrôle mental des clones... Effectif.
Débarrassez-vous des intrus, c'est un ordre<Indent/>!"
36002,"Intrus toujours actifs...
Mise à jour des paramètres... Attaquez sans relâche, c'est un ordre<Indent/>!"
36003,""
36004,""
36005,""
36006,""
36007,""
36008,""
36009,""
36010,""
36011,""
36012,""
36013,""
36014,""
36015,""
36016,""
36017,""
36018,""
36019,""
36020,""
36021,""
36022,""
36023,""
36024,""
36025,""
36026,""
36027,""
36028,""
36029,""
36030,""
36031,""
36032,""
36033,""
36034,""
36035,""
36036,""
36037,""
36038,""
36039,""
36040,""
36041,""
36042,""
36043,""
36044,""
36045,""
36046,""
36047,""
36048,""
36049,""
36050,""
36051,""
36052,""
36053,""
36054,""
36055,""
36056,""
36057,""
36058,""
36059,""
36060,""
36061,""
36062,""
36063,""
36064,""
36065,""
36066,""
36067,""
36068,""
36069,""
36070,""
36071,""
36072,""
36073,""
36074,""
36075,""
36076,""
36077,""
36078,""
36079,""
36080,""
36081,""
36082,""
36083,""
36084,""
36085,""
36086,""
36087,""
36088,""
36089,""
36090,""
36091,""
36092,""
36093,""
36094,""
36095,""
36096,""
36097,""
36098,""
36099,""
36100,"Mouahahaha<Indent/>! Bienvenue dans mon traquenard, bande de petits fouineurs<Indent/>!"
36101,"Les bagarres et les incendies sont le sel de la vie à Kugane<Indent/>! Arriverez-vous à vous dépatouiller au milieu de toute cette flamboyance<Indent/>?"
36102,"L'heure du défilé mécanique a sonné<Indent/>! Kling klong kling klong<Indent/>!"
36103,"Hi hi hi... Vous voyez ces pantins<Indent/>? Si vous ne gardez pas les yeux grands ouverts, ils vous feront mordre la poussière<Indent/>!"
36104,"Le défilé est terminé, mais pas la partie<Indent/>! Montrez-moi un peu de quel bois vous vous chauffez<Indent/>!"
36105,"Voici votre récompense, bande de loqueteux<Indent/>! Vous l'avez bien méritée<Indent/>!"
36106,""
36107,""
36108,""
36109,""
36110,""
36111,""
36112,""
36113,""
36114,""
36115,""
36116,""
36117,""
36118,""
36119,""
36120,""
36121,""
36122,""
36123,""
36124,""
36125,""
36126,""
36127,""
36128,""
36129,""
36130,""
36131,""
36132,""
36133,""
36134,""
36135,""
36136,""
36137,""
36138,""
36139,""
36140,""
36141,""
36142,""
36143,""
36144,""
36145,""
36146,""
36147,""
36148,""
36149,""
36150,""
36151,""
36152,""
36153,""
36154,""
36155,""
36156,""
36157,""
36158,""
36159,""
36160,""
36161,""
36162,""
36163,""
36164,""
36165,""
36166,""
36167,""
36168,""
36169,""
36170,""
36171,""
36172,""
36173,""
36174,""
36175,""
36176,""
36177,""
36178,""
36179,""
36180,""
36181,""
36182,""
36183,""
36184,""
36185,""
36186,""
36187,""
36188,""
36189,""
36190,""
36191,""
36192,""
36193,""
36194,""
36195,""
36196,""
36197,""
36198,""
36199,""
36200,"Combattre... Avaler une âme ancienne, et combattre...<Indent/>!"
36201,"Je suis censée être morte... À croire que mon destin est de me battre perpétuellement."
36202,"Observez le miracle de la double incantation<Indent/>!"
36203,"Je vous en prie, dansez pour moi<Indent/>!"
36204,"Mes mots sont imprégnés de magie<Indent/>!"
36205,"Mon tour est terminé, on dirait..."
36206,"Alors comme ça, on m'appelle pour en découdre<Indent/>? Soit, je vais m'en donner à cœur joie<Indent/>!"
36207,"Allez, divertissez-moi un peu<Indent/>!"
36208,"À ce rythme, on y sera encore demain<Indent/>!"
36209,"Baaah... C'est déjà fini...<Indent/>?"
36210,"Graooooouh<Indent/>!!!"
36211,"Gugaaaah<Indent/>!!!"
36212,"Tiens donc, on m'invoque à nouveau...<Indent/>?"
36213,"Je vais me faire un plaisir de vous écraser<Indent/>!"
36214,"Goûtez donc à ma magie<Indent/>!"
36215,"Ne mourez pas trop vite, d'accord<Indent/>?"
36216,"Plus... Je veux plus d'action<Indent/>!"
36217,"Je vais vous pulvériser<Indent/>!"
36218,"Yah, yaaah, yaaaaah<Indent/>!"
36219,"Ressentez la douleur dans votre chair<Indent/>!"
36220,"Pour notre maîtresse Athéna<Indent/>!"
36221,"Cette fois, c'est la fin<Indent/>!"
36222,"Allez, c'est reparti<Indent/>!"
36223,"Vaincre Cocyte"
36224,"Consumez-vous<Indent/>!"
36225,"Soyez transis de froid<Indent/>!"
36226,""
36227,""
36228,""
36229,""
36230,""
36231,""
36232,""
36233,""
36234,""
36235,""
36236,""
36237,""
36238,""
36239,""
36240,""
36241,""
36242,""
36243,""
36244,""
36245,""
36246,""
36247,""
36248,""
36249,""
36250,""
36251,""
36252,""
36253,""
36254,""
36255,""
36256,""
36257,""
36258,""
36259,""
36260,""
36261,""
36262,""
36263,""
36264,""
36265,""
36266,""
36267,""
36268,""
36269,""
36270,""
36271,""
36272,""
36273,""
36274,""
36275,""
36276,""
36277,""
36278,""
36279,""
36280,""
36281,""
36282,""
36283,""
36284,""
36285,""
36286,""
36287,""
36288,""
36289,""
36290,""
36291,""
36292,""
36293,""
36294,""
36295,""
36296,""
36297,""
36298,""
36299,""
36300,"Gravir le mont Rokkon"
36301,"Franchir le Passage de la Prospérité"
36302,"Vaincre Shishiô"
36303,"Franchir le Passage de la Connaissance"
36304,"Vaincre Gôrai le fureteur"
36305,"Vaincre Môko le tourmenté"
36306,"Nous voici au pied du mont Rokkon, où trois chemins différents s'offrent à nous... Lequel devrions-nous emprunter<Indent/>?"
36307,"Ho ho, ravi de constater que nous penchons pour la même voie<Indent/>! Eh bien, en avant toute<Indent/>!"
36308,"Hmm, j'ai l'impression que cette voie-là vous attire tout par<SoftHyphen/>ti<SoftHyphen/>cu<SoftHyphen/>liè<SoftHyphen/>rement... Dans ce cas, fions-nous à votre instinct d'aventuri<If(PlayerParameter(4))>ère<Else/>er</If><Indent/>!"
36309,"C'est toujours aussi verdoyant par ici, mais je crains que certains promeneurs ne nous réservent pas le plus bien<SoftHyphen/>veil<SoftHyphen/>lant des accueils..."
36310,"Ça alors, en voilà une magnifique pagode<Indent/>! Essayons de nous en approcher davantage<Indent/>!"
36311,"Hmm, des créatures d'eau... Leur présence ici est cer<SoftHyphen/>tai<SoftHyphen/>ne<SoftHyphen/>ment due à cette averse."
36312,"Le temps change fréquemment en région montagneuse de manière générale, mais dans le cas du mont Rokkon, il semblerait qu'il y ait une autre raison..."
36313,"Et voilà, le ciel s'est aussitôt dégagé<Indent/>! Dépêchons-nous d'entrer dans la pagode avant que les cumulus de pluie ne reviennent<Indent/>!"
36314,"Tiens, des créatures de vent... C'est sûrement cette tempête qui les a amenées jusqu'ici."
36315,"Pfiou... Pas facile de marcher droit quand ça souffle à ce point, vous ne trouvez pas<Indent/>?"
36316,"Vous osez venir m'affronter, humains<Indent/>? Vous avez signé votre arrêt de mort<Indent/>!"
36317,"Votre dernier souffle sera rempli de fumée, ha ha ha<Indent/>!"
36318,"Je vais vous écraser<Indent/>!"
36319,"La fumée est libre comme l'air<Indent/>! Elle permet également... de se dédoubler<Indent/>!"
36320,"La mort vous attend dans un tombeau de fumée<Indent/>!"
36321,"Bwahahaha<Indent/>! Essayez donc de <Emphasis>nous</Emphasis> vaincre, si vous en avez le courage<Indent/>!"
36322,"Ça faisait longtemps que je n'avais pas combattu d'adversaires à ma taille... Vous réduire en fumée ne me procurera que davantage de plaisir<Indent/>!"
36323,"Arrière, manants<Indent/>! Jamais je ne vous laisserai mettre vos sales pattes sur mes trésors, vous m'entendez<Indent/>!? JAMAIS<Indent/>!!"
36324,"Voilà donc le triste destin de Gôrai... Je crains qu'on ne puisse plus rien faire pour l'aider..."
36325,"火の神より賜りし力よ……
琵琶の響きで、燃え立ち猛れ！"
36326,"火の神より賜りし力よ……
琵琶の音色で、分かれて増えよ！"
36327,"Malgré son apparence hideuse, Gôrai n'a rien perdu de ses talents artistiques<Indent/>! Faites attention, son biwa sert à augmenter la puissance de ses techniques<Indent/>!"
36328,"専門外なので私にはさっぱりデスが、
アナタなら、演奏の違いもわかるのでは……？"
36329,"Hé hé hé... Dansez donc un peu au son enchanteur de mon biwa<Indent/>!"
36330,"Soyez maudits<Indent/>! Grâce à mon rosaire, j'éteindrai chaque étincelle de vie qui luit encore en vous<Indent/>!"
36331,"Absorbe leur énergie vitale, mon doux artefact<Indent/>!"
36332,"Hihihihi<Indent/>! Ces abrutis d'humains croient qu'ils vont s'en sortir vivants<Indent/>!"
36333,"Leur existence va s'achever... dans cette prison<Indent/>! Hihihihihiiiii<Indent/>!"
36334,"Ô Dieu de la Foudre... Incarne-toi dans mon biwa<Indent/>!"
36335,"Mon marteau d'humilité va vous remettre à votre place, misérables<Indent/>!"
36336,"Ô esprits spiritueux, enivrez-moi de votre savoir<Indent/>!"
36337,"Hi hi hi... HAAA HA HA HAAA<Indent/>!! Me voilà désormais... INVINCIBLE<Indent/>!!"
36338,"Argh<Indent/>! L'effet du breuvage s'est dissipé..."
36339,"Ho ho... Vous avez du cran, bande de mécréants<Indent/>!"
36340,"Moi... vaincu... par de vulgaires humains...<Indent/>! Ce n'est pas..."
36341,"Ô Dieu du Feu... Réduis en cendres ceux marqués de ton empreinte<Indent/>!"
36342,"Ô Dieu de la Foudre... Transperce la terre à l'aide de mon biwa<Indent/>!"
36343,"Je vous l'ai déjà dit, aucun de mes trésors ne finira entre vos sales pattes<Indent/>! Vous allez périr<Indent/>!!"
36344,"Le <Emphasis>trésor</Emphasis>... Il est à moi... Personne n'a le droit de s'en approcher<Indent/>!"
36345,"Dansez, mes pétales, et pourfendez mes ennemis<Indent/>! Oka Ranman<Indent/>!"
36346,"Par le pouvoir des cerisiers en fleur<Indent/>!"
36347,"Mon sceau floral va vous en faire voir de toutes les couleurs<Indent/>!"
36348,"Vous n'avez encore rien vu... et cer<SoftHyphen/>tai<SoftHyphen/>ne<SoftHyphen/>ment pas une floraison aussi vivace<Indent/>!"
36349,"C'en est fini de votre santé mentale... Bunshin<Indent/>!"
36350,"Mon pouvoir est mouvant comme les quatre saisons<Indent/>!"
36351,"La boue sera votre tombeau<Indent/>!"
36352,"Virevoltez au gré du vent, mes pétales<Indent/>!"
36353,"À moi, Kuchiyose<Indent/>!"
36354,"Souffle, vent de montagne<Indent/>!"
36355,"Que la terre se dérobe sous vos pieds... Tatami-gaeshi<Indent/>!"
36356,"À moi, bourgeonnement maudit<Indent/>!"
36357,"Son ninjutsu semble basé sur la technique dite du cerisier... Je ne doute pas que vous soyez de taille à lui faire face, mais soyez tout de même prudent<If(PlayerParameter(4))>e<Else/></If><Indent/>!"
36358,"En voilà une technique à tiroirs... Que dis-je, c'est une véritable commode<Indent/>! Restez sur vos gardes, cette shinobi a bien plus d'un tour dans son sac<Indent/>!"
36359,"Oh là là, quel mignon petit toutou<Indent/>! À chaque fois que je vois une bonne frimousse de canidé telle que celle-ci, je fonds<Indent/>!"
36360,"En garde, piètres humains<Indent/>!"
36361,"Vous allez tâter de mon sabre<Indent/>!"
36362,"Préparez-vous, mes guerriers de la mort viennent vous entraîner dans le trépas<Indent/>!"
36363,"Ma lame vous filera sur le cou avant que vous ayez le temps de la sentir<Indent/>!"
36364,"Que les ténèbres du ciel vous engloutissent<Indent/>!"
36365,"Périssez dans la lumière écarlate de mes flammes<Indent/>!"
36366,"Ma haine est comme un torrent<Indent/>! Noyez-vous dans sa lumière azurée<Indent/>!"
36367,"Personne n'échappe au tranchant de ma lame<Indent/>!"
36368,"Flammes des enfers, consumez ces misérables<Indent/>!"
36369,"Bourrasques des cieux, balayez ces mécréants<Indent/>!"
36370,"À l'attaque<Indent/>! Que le champ de bataille se gorge du sang de nos ennemis<Indent/>!"
36371,"Attention, quelque chose cherche à vous attraper<Indent/>! Serait-ce... d'énormes mains de démons<Indent/>!?"
36372,"Tout le monde ne peut pas se targuer d'avoir autant de soldats à ses ordres... Cette créature devait être très populaire de son vivant<Indent/>!"
36373,"Ouf<Indent/>! Ça fait du bien quand ça s'arrête, mais me voilà tout décoiffé maintenant<Indent/>! Enfin bref, direction la pagode<Indent/>!"
36374,"Voyez donc ça un peu... Pour un col<SoftHyphen/>lec<SoftHyphen/>tion<SoftHyphen/>neur comme moi, ça sent la véritable mine d'or<Indent/>!"
36375,"Si des esprits malfaisants ont investi la pagode, ça veut pro<SoftHyphen/>ba<SoftHyphen/>ble<SoftHyphen/>ment dire que nous sommes sur la bonne voie. Allons voir ce qu'il y a en haut de ces escaliers<Indent/>!"
36376,"Quelle magnifique boule de cristal<Indent/>! Je me demande toutefois à quoi elle sert... Aurait-elle un quelconque rapport avec ces statues de Suzaku et de Seiryû<Indent/>?"
36377,"Bon sang mais c'est bien sûr, la boule de cristal active le mécanisme d'ouverture de la porte<Indent/>! Simple comme bonjour<Indent/>!"
36378,"Maintenant que j'y pense, chacun des quatre animaux sacrés est lié à un point cardinal. C'est en fonction de cet attribut qu'ils sont placés sur une carte du monde, par exemple..."
36379,""
36380,"Ouah<Indent/>! Un chemin caché, dévoilé en orientant con<SoftHyphen/>ve<SoftHyphen/>na<SoftHyphen/>ble<SoftHyphen/>ment les statues des animaux sacrés<Indent/>! Il faut le voir pour le croire<Indent/>!"
36381,"Cette shinobi n'est plus humaine depuis longtemps... Ça doit être la raison pour laquelle elle est aussi imposante<Indent/>!"
36382,"Je me demande bien de quel “trésor” elle parle, pas vous<Indent/>? Elle serait possédée par un des artefacts que ça ne m'étonnerait point<Indent/>!"
36383,"M-Maman, une armure qui bouge toute seule<Indent/>! Je crois bien que nous sommes arrivés devant l'esprit devenu maître des lieux<Indent/>!"
36384,"En tout cas, cette créature risque de vous donner nettement plus de fil à retordre que les précédentes<Indent/>! Courage, je suis avec vous<Indent/>! Enfin, à l'abri sur le côté..."
36385,"<If(PlayerParameter(4))>Ma chère<Else/>Mon cher</If> <Split(<Highlight>ObjectParameter(1)</Highlight>, ,1)/>, les armures démoniaques ne peuvent rien contre vous, et je ne vous cache pas que ça m'arrange grandement<Indent/>!"
36386,"Déterminer l'issue de la bataille n'était pas forcément évident, mais depuis que vous êtes revenu<If(PlayerParameter(4))>e<Else/></If> des confins de l'univers, je n'aurais parié sur personne d'autre que vous, cela va sans dire<Indent/>!"
36387,"En ce qui concerne cette créature en particulier, on peut dire que c'était un dirigeant d'armée très reconnu... Il suffit d'observer les détails des motifs sur son armure."
36388,"Vous avez vu tous ces objets de valeur<Indent/>? Il faudrait plusieurs caravanes chocobo pour tous les emporter, et je ne parle même pas du nombre de faucons géants à mobiliser<Indent/>!"
36389,"Voilà qui me force à faire un choix difficile... Mais mieux vaut cela plutôt que rien du tout, alors merci infiniment pour votre aide<Indent/>!"
36390,"<If(PlayerParameter(4))>Ma chère<Else/>Mon cher</If> <Split(<Highlight>ObjectParameter(1)</Highlight>, ,1)/>, les armures démoniaques ne peuvent rien contre vous, et je ne vous cache pas que ça m'arrange grandement<Indent/>!"
36391,"Dites donc, toutes ces pièces d'équipement... Il y en a pour un régiment entier<Indent/>!"
36392,"Évidemment, l'armure qui attire l'œil en premier lieu est celle que vous avez affrontée..."
36393,"De toute évidence, elle avait été possédée par son ancien porteur, un samouraï passé dans l'au-delà depuis des temps immémoriaux..."
36394,"À moins que tout ne soit dû à l'artefact, à savoir le sabre maléfique qui aurait insufflé la vie dans l'armure<Indent/>? Hmm, difficile de se prononcer définitivement..."
36395,"Enfin, tout ça ne m'aide pas à faire ma sélection d'objets rares destinés à décorer mes étagères... Quoi qu'il en soit, je vous remercie infiniment pour votre aide, <If(PlayerParameter(4))>très chère<Else/>très cher</If> <Split(<Highlight>ObjectParameter(1)</Highlight>, ,1)/><Indent/>!"
36396,"<If(PlayerParameter(4))>Ma chère<Else/>Mon cher</If> <Split(<Highlight>ObjectParameter(1)</Highlight>, ,1)/>, les armures démoniaques ne peuvent rien contre vous, et je ne vous cache pas que ça m'arrange grandement<Indent/>!"
36397,"Une telle montagne de pièces d'équipement au bout d'un passage secret, voilà qui aurait de quoi en surprendre plus d'un<Indent/>! Auraient-elles été placées ici pour parer à une éventuelle invasion<Indent/>?"
36398,"Au fait, vous n'avez rien de cassé<Indent/>? Cette armure vous aura tout de même donné pas mal de fil à retordre..."
36399,"Quoi qu'il en soit, maintenant que son porteur a été vaincu, il paraît évident qu'elle est l'artefact que nous recherchons."
36400,"Admirez un peu ce travail d'orfèvre<Indent/>! Elle est tellement bien conservée qu'on pourrait presque croire qu'elle n'a jamais servi<Indent/>!"
36401,"Bon, c'est décidé, je l'embarque<Indent/>! Comme si je pouvais agir autrement, ha ha ha... Merci encore pour votre aide, <Split(<Highlight>ObjectParameter(1)</Highlight>, ,1)/><Indent/>!"
36402,"<If(PlayerParameter(4))>Ma chère<Else/>Mon cher</If> <Split(<Highlight>ObjectParameter(1)</Highlight>, ,1)/>, les armures démoniaques ne peuvent rien contre vous, et je ne vous cache pas que ça m'arrange grandement<Indent/>!"
36403,"Si le pro<SoftHyphen/>prié<SoftHyphen/>taire des lieux est allé jusqu'à installer un passage secret pour y avoir pleinement accès, c'est qu'elles en valent la peine<Indent/>!"
36404,"Toutes ces pièces sont superbes, mais l'armure qui vous a attaqué<If(PlayerParameter(4))>e<Else/></If> est à n'en point douter la plus remarquable..."
36405,"Si vous voulez mon avis, je crois bien que vous avez eu affaire à un tsukumogami. En d'autres termes, une divinité ayant pris possession d'un artefact..."
36406,"J'aimerais tellement embarquer toutes ces magnifiques pièces d'équipement, mais il y en a beaucoup trop, même pour quatre bras... "
36407,"Il va donc falloir choisir... ce qui me brise le cœur, croyez-le bien<Indent/>! Sur ces belles paroles, merci de m'avoir accompagné jusqu'ici,  <If(PlayerParameter(4))>ma chère<Else/>mon cher</If> <Split(<Highlight>ObjectParameter(1)</Highlight>, ,1)/><Indent/>!"
36408,"Nous voilà entourés de bambous<Indent/>! Parfait, ça rafraîchira un tantinet l'atmosphère<Indent/>!"
36409,"Heu<SoftHyphen/>reu<SoftHyphen/>se<SoftHyphen/>ment que les prêtres onmyo du seigneur Uzumibi veillent au grain... Vous imaginez si des monstres pareils avaient l'idée d'envahir un village voisin<Indent/>?"
36410,"Je crains que notre route ne s'arrête là... à moins que nous ne contournions le problème. Par ici, suivez-moi<Indent/>!"
36411,"Si je ne m'abuse, nous voilà tout près du centre névralgique du mont Rokkon..."
36412,"Mais oui, nous sommes bel et bien arrivés au Shôjôin<Indent/>! Je renifle d'ici l'odeur des artefacts que Gôrai y a entassés, hé hé<Indent/>!"
36413,"Durant notre exploration, mieux vaut nous attendre à faire la rencontre du vieux moine... pro<SoftHyphen/>ba<SoftHyphen/>ble<SoftHyphen/>ment sous sa nouvelle forme maléfique, hélas..."
36414,"Vous avez entendu<Indent/>? C'était comme un bruit de portail... Vous croyez que la structure intérieure a été modifiée<Indent/>?"
36415,"Par tous les Dieux, quelle splendeur<Indent/>! Mal<SoftHyphen/>heu<SoftHyphen/>reu<SoftHyphen/>se<SoftHyphen/>ment, cette magnifique statue est bien trop lourde pour être transportée par nos petits bras, surtout les miens... Venez, on continue par ici<Indent/>!"
36416,"La première pièce est déjà immense, mais c'est loin d'être la seule... Ce temple est un véritable palais royal, ma parole<Indent/>!"
36417,"Vu le nombre d'esprits malfaisants qui y rôdent, difficile d'imaginer qu'il reste des survivants au Shôjôin..."
36418,"J'embarquerais volontiers cette statue, mais elle pèse cer<SoftHyphen/>tai<SoftHyphen/>ne<SoftHyphen/>ment plusieurs tonz<Indent/>! Heu<SoftHyphen/>reu<SoftHyphen/>se<SoftHyphen/>ment qu'il ne s'agit pas de l'artefact que nous convoitons<Indent/>!"
36419,"La superficie du Shôjôin dépasse tout ce que j'avais pu imaginer... C'est une chance au fond, puisque les monstres s'y sentent tellement à l'aise qu'ils ne songent même plus à attaquer les hameaux environnants."
36420,"Gôrai ne semble pas vouloir se montrer pour le moment... À moins qu'il ne cherche à nous attaquer par surprise<Indent/>? Restons sur nos gardes<Indent/>!"
36421,"Après la statue, voilà un des plus magnifiques paravents que j'aie pu admirer de ma vie<Indent/>! On a vraiment l'impression que ce tigre blanc va nous sauter dessus d'un instant à... HEIN<Indent/>!?"
36422,"AU SECOUUUURS<Indent/>!! Si j'avais su, j'aurais pas venu<Indent/>! Pardonnez mon langage, mais vous m'avez compris<Indent/>! Merci d'avance de nous débarrasser de cette bête sauvage, <Split(<Highlight>ObjectParameter(1)</Highlight>, ,1)/><Indent/>!"
36423,"Eh bien, en voilà une montagne de caisses... Attention où vous mettez les pieds, je ne voudrais pas qu'elles vous tombent sur la tête..."
36424,"J'ai bien peur qu'il ne refasse des siennes très bientôt, celui-là... Enfin, poursuivons<Indent/>!"
36425,"On dirait que l'esprit de la randonnée a pris possession de votre âme, <Split(<Highlight>ObjectParameter(1)</Highlight>, ,1)/><Indent/>! J'ai hâte de voir jusqu'où vous monterez ainsi<Indent/>!"
36426,"Ho ho, vous êtes d'une vaillance sans pareille, dites-moi<Indent/>! Quelque chose à signaler aux alentours<Indent/>?"
36427,"Tiens, en voilà un bruit étrange... Mieux vaut y jeter un œil, à mon avis."
36428,"Ah, mon intuition ne me trompait pas, c'était bien le son d'une porte qui se déverrouille<Indent/>! Me voilà prêt à vous rejoindre, à présent<Indent/>!"
36429,"Fé<SoftHyphen/>li<SoftHyphen/>ci<SoftHyphen/>ta<SoftHyphen/>tions, <Split(<Highlight>ObjectParameter(1)</Highlight>, ,1)/><Indent/>! Hélas, comme prévu, l'af<SoftHyphen/>fron<SoftHyphen/>te<SoftHyphen/>ment contre Gôrai était inévitable..."
36430,"Qui plus est, si vous aviez su que le babouin de tout à l'heure reviendrait vous mettre des bâtons dans les roues, je parie que vous ne lui auriez pas laissé la vie sauve..."
36431,"En tout cas, maintenant que cette histoire est derrière nous... admirez donc cette avalanche de trésors, grands Dieux<Indent/>! Je n'ose croire qu'il s'agisse uniquement d'artefacts<Indent/>!"
36432,"Quelle que soit la suite d'événements qui l'ont amené à connaître un destin aussi funeste, il n'y a rien d'étonnant à ce que Gôrai se soit peu à peu laissé envoûter dans un environnement pareil..."
36433,"En ce qui me concerne, difficile de choisir laquelle emporter parmi toutes ces merveilles... Mais plus j'y pense, plus le biwa du vieux moine s'impose à mon esprit."
36434,"Je vous remercie infiniment de m'avoir aidé à l'obtenir, <If(PlayerParameter(4))>chère<Else/>cher</If> <Split(<Highlight>ObjectParameter(1)</Highlight>, ,1)/><Indent/>! Rentrons im<SoftHyphen/>mé<SoftHyphen/>dia<SoftHyphen/>te<SoftHyphen/>ment à Kugane, si vous le voulez bien<Indent/>!"
36435,"Fé<SoftHyphen/>li<SoftHyphen/>ci<SoftHyphen/>ta<SoftHyphen/>tions, <Split(<Highlight>ObjectParameter(1)</Highlight>, ,1)/><Indent/>! Hélas, comme prévu, l'af<SoftHyphen/>fron<SoftHyphen/>te<SoftHyphen/>ment contre Gôrai était inévitable..."
36436,"Il n'y est pas allé de main morte en plus, n'est-ce pas<Indent/>? Heu<SoftHyphen/>reu<SoftHyphen/>se<SoftHyphen/>ment que vous ne les avez pas sous-estimés, lui et ses divers artefacts..."
36437,"Vu le nombre d'entre eux qu'il est parvenu à accumuler, je ne serais pas surpris qu'il en reste certains d'une extrême dangerosité dans les parages."
36438,"Vous savez, tout ça me fait lourdement réfléchir... Gôrai et moi nous ressemblons beaucoup par certains aspects. Dorénavant, mieux vaut que je fasse très attention si je ne veux pas finir comme lui."
36439,"En ce qui me concerne, difficile de choisir laquelle emporter parmi toutes ces merveilles... Mais plus j'y pense, plus le marteau du vieux moine s'impose à mon esprit."
36440,"Je vous remercie infiniment de m'avoir aidé à l'obtenir, <If(PlayerParameter(4))>chère<Else/>cher</If> <Split(<Highlight>ObjectParameter(1)</Highlight>, ,1)/><Indent/>! Rentrons im<SoftHyphen/>mé<SoftHyphen/>dia<SoftHyphen/>te<SoftHyphen/>ment à Kugane, si vous le voulez bien<Indent/>!"
36441,"Fé<SoftHyphen/>li<SoftHyphen/>ci<SoftHyphen/>ta<SoftHyphen/>tions, <Split(<Highlight>ObjectParameter(1)</Highlight>, ,1)/><Indent/>! Hélas, comme prévu, l'af<SoftHyphen/>fron<SoftHyphen/>te<SoftHyphen/>ment contre Gôrai était inévitable..."
36442,"Le vieux moine n'a pas hésité à utiliser une mystérieuse concoction dans le but de vous éliminer. Il a heureusement échoué, mais c'était triste de le voir en arriver à de telles extrémités... "
36443,"Croyez-vous que les esprits malfaisants sont également capables d'investir notre nourriture et nos boissons<Indent/>? L'idée est intrigante, mais ne comptez pas sur moi pour la mettre à l'épreuve<Indent/>!"
36444,"Vous me connaissez, je porte nettement plus d'intérêt à ces babioles rares, parmi lesquelles il est d'ailleurs très difficile de choisir..."
36445,"Pour être franc, les sortes de lanternes volantes que vous avez croisées à l'étage sont celles qui m'ont le plus intrigué, et de loin..."
36446,"Eh bien, c'est décidé<Indent/>! Je vais les ramener à Kugane pour les étudier de plus près. M'est avis qu'elles sont bien plus in<SoftHyphen/>té<SoftHyphen/>res<SoftHyphen/>santes qu'il n'y paraît<Indent/>!"
36447,"Tiens donc, la lumière émise par cette lanterne est tout à fait remarquable... Contiendrait-elle une sorte de mécanisme particulier<Indent/>?"
36448,"Décidément, cette lanterne m'intrigue au plus haut point... Et si je... Oh, grands Dieux<Indent/>!"
36449,"Oh ho ho, en voilà une surprise<Indent/>! Qui aurait pu croire qu'une simple lanterne servait de portail vers un tel lieu<Indent/>?"
36450,"<If(PlayerParameter(4))>Ma chère<Else/>Mon cher</If> <Split(<Highlight>ObjectParameter(1)</Highlight>, ,1)/>, je crois bien que nous sommes sur le point de toucher le gros lot<Indent/>! M'est avis qu'il se trouve droit devant nous, hé hé<Indent/>!"
36451,"Une créature de... fumée<Indent/>!? Avouez que même <If(PlayerParameter(4))>une combattante chevronnée<Else/>un combattant chevronné</If> comme vous ne s'y attendait pas<Indent/>!"
36452,"Serait-elle l'incarnation de la pipe dont elle se sert pour vous taper dessus<Indent/>? Il y a de quoi fumer une sacrée quantité de tabac avec un outil pareil, en tout cas<Indent/>!"
36453,"Votre prestation était tout simplement sensationnelle, <Split(<Highlight>ObjectParameter(1)</Highlight>, ,1)/><Indent/>! De plus, vous avez fait refleurir l'endroit comme jamais<Indent/>! Regardez autour de nous<Indent/>!"
36454,"La créature que vous avez terrassée avait donc le pouvoir de contrôler la nature avec sa fumée... C'est digne des plus grandes légendes<Indent/>!"
36455,"Venez, mon instinct de col<SoftHyphen/>lec<SoftHyphen/>tion<SoftHyphen/>neur me dit que notre objectif final se trouve à l'intérieur de ce petit sanctuaire..."
36456,"La voilà... C'est bien la pipe qui est mentionnée dans les recueils<Indent/>! <Split(<Highlight>ObjectParameter(1)</Highlight>, ,1)/>, laissez-moi vous dire que nous avons mis la main sur un artefact de premier choix<Indent/>!"
36457,"De toute manière, vous venez de constater par vous-même la puissance de la divinité qui en avait pris possession. Voilà sûrement la raison pour laquelle elle reposait ici, loin de tout."
36458,"Hélas, son pouvoir était assurément trop grand pour être contenu indéfiniment. Je ne doute pas qu'elle a eu une influence notable sur la corruption de Gôrai et du mont Rokkon en général..."
36459,"Maintenant que vous avez donné une bonne leçon à l'esprit malin, cette belle contrée devrait baigner dans un air pur et débarrassé de toute fumée malodorante pour un bon moment<Indent/>!"
36460,"Vous êtes à n'en point douter <If(PlayerParameter(4))>la sauveuse<Else/>le sauveur</If> du mont Rokkon<Indent/>! Puissent les Dieux vous en remercier comme vous le méritez<Indent/>!"
36461,"Toujours aussi agités, à ce que je vois... La foudre de mon marteau va vous calmer en un rien de temps<Indent/>!"
36462,"Nous voilà débarqués dans une forêt aux arbres immenses... Ça tombe à pic, il n'y a pas mieux pour se rafraîchir un peu<Indent/>!"
36463,"Quelle vue incroyable<Indent/>! Je l'ai toujours dit, les paysages de Hingashi sont absolument à tomber<Indent/>!"
36464,"Laissez-moi observer ça de plus près... Oui, on dirait bien un de ces fameux “dogû”. Je me demande pourquoi il a été installé ainsi dans cet arbre..."
36465,"Vous pensez qu'il vaut mieux laisser ce petit bonhomme tranquille<Indent/>? Vous avez peut-être raison... Autant ne pas prendre de risques inconsidérés."
36466,"Ha ha<Indent/>! Dès notre première rencontre, vous m'avez donné l'impression de quelqu'un qui n'a pas froid aux yeux. En voilà une nouvelle confirmation<Indent/>!"
36467,"Des arbres verts comme au printemps et d'autres revêtus de leur feuillage d'automne... Voilà qui n'est pas banal..."
36468,"Ça alors<Indent/>! Après une atmosphère des plus printanières, nous voilà maintenant au début de l'automne<Indent/>! Les artefacts auraient-ils une influence sur le passage des saisons<Indent/>?"
36469,"Euh... Vous êtes sûr<If(PlayerParameter(4))>e<Else/></If> que c'est le bon chemin<Indent/>!? Bon, je n'ai plus qu'à vous suivre... en essayant de ne pas me briser le dos<Indent/>!"
36470,"Plus nous avançons, plus j'ai le sentiment que nous pénétrons dans une zone encore relativement inexplorée..."
36471,"Toutes ces pierres que nous avons croisées... Croyez-vous qu'elles font partie d'une sorte de rituel<Indent/>?"
36472,"Hmm... Sauriez-vous deviner la raison de la présence d'un autel en un lieu aussi reculé<Indent/>? Il est com<SoftHyphen/>plè<SoftHyphen/>te<SoftHyphen/>ment vide, de surcroît..."
36473,"Oh, mais oui<Indent/>! Le dogû s'y loge à merveille<Indent/>! Je n'en attendais pas moins de votre perspicacité légendaire, <If(PlayerParameter(4))>chère<Else/>cher</If> <Split(<Highlight>ObjectParameter(1)</Highlight>, ,1)/><Indent/>!"
36474,"Le dogû ne payait pas de mine mais il nous a pourtant dévoilé un passage secret, une prouesse dont peu d'objets sacrés sont capables à ma con<SoftHyphen/>nais<SoftHyphen/>san<SoftHyphen/>ce<Indent/>!"
36475,"Bien joué<Indent/>! Renverser cet énorme rocher nous permet de franchir la crevasse en toute sécurité, mais je me demande tout de même pourquoi il était couvert de talismans..."
36476,"Bien joué<Indent/>! Renverser ce reste de vieil arbre nous permet de franchir la crevasse en toute sécurité. Décidément, vous avez de la suite dans les idées comme jamais<Indent/>!"
36477,"Allons bon, une statue qui prend vie, maintenant<Indent/>! Elle n'a pas l'air commode, alors ne m'en voulez pas si je garde mes distances<Indent/>!"
36478,"Par tous les Dieux... cette créature... C'est Shishiô, le célèbre monstre des légendes hingashiennes<Indent/>!"
36479,"Bravo, <Split(<Highlight>ObjectParameter(1)</Highlight>, ,1)/><Indent/>! Même les créatures légendaires n'ont pas d'autre choix que de s'incliner devant vous, on dirait<Indent/>!"
36480,"Il existe de nombreuses versions différentes voire contradictoires de l'histoire de Shishiô, mais je me souviens par<SoftHyphen/>ti<SoftHyphen/>cu<SoftHyphen/>liè<SoftHyphen/>rement de celle dans laquelle il dévore une centaine de pauvres paysans..."
36481,"Ses hurlements stridents, sa réputation d'apporter le malheur partout où il passe... J'espère ne pas être maudit pour le restant de mes jours, maintenant que j'ai croisé son chemin<Indent/>!"
36482,"Je suppose que l'invasion récente du mont Rokkon par des esprits malfaisants l'a poussé à sortir de son sommeil... Heu<SoftHyphen/>reu<SoftHyphen/>se<SoftHyphen/>ment que vous étiez là pour l'y renvoyer im<SoftHyphen/>mé<SoftHyphen/>dia<SoftHyphen/>te<SoftHyphen/>ment."
36483,"Je ne vois pas d'artefact issu de la collection de Gôrai par ici, mais un souvenir de Shishiô comblera amplement mon appétit d'amateur d'objets rares, hé hé<Indent/>!"
36484,"Merci infiniment pour votre soutien, très <If(PlayerParameter(4))>chère<Else/>cher</If> camarade de randonnée<Indent/>! On se retrouve à Kugane<Indent/>!"
36485,"Bravo, <Split(<Highlight>ObjectParameter(1)</Highlight>, ,1)/><Indent/>! Même les créatures légendaires n'ont pas d'autre choix que de s'incliner devant vous, on dirait<Indent/>!"
36486,"Il existe de nombreuses versions différentes voire contradictoires de l'histoire de Shishiô, mais je me souviens par<SoftHyphen/>ti<SoftHyphen/>cu<SoftHyphen/>liè<SoftHyphen/>rement de celle dans laquelle il est vaincu par un guerrier vagabond..."
36487,"Dire qu'il était capable de provoquer un tremblement de terre en lâchant un simple hurlement... Ça laisse songeur<Indent/>!"
36488,"Une chose est sûre, contrairement à celle de Gôrai, le mont Rokkon et ses habitants ne regretteront cer<SoftHyphen/>tai<SoftHyphen/>ne<SoftHyphen/>ment pas son absence, maintenant qu'ils ont retrouvé un semblant de tran<SoftHyphen/>quil<SoftHyphen/>li<SoftHyphen/>té<Indent/>!"
36489,"Je ne vois pas d'artefact issu de la collection de Gôrai par ici, mais un souvenir de Shishiô comblera amplement mon appétit d'amateur d'objets rares, hé hé<Indent/>!"
36490,"Merci infiniment pour votre soutien, très <If(PlayerParameter(4))>chère<Else/>cher</If> camarade de randonnée<Indent/>! On se retrouve à Kugane<Indent/>!"
36491,"Bravo, <Split(<Highlight>ObjectParameter(1)</Highlight>, ,1)/><Indent/>! Même les créatures légendaires n'ont pas d'autre choix que de s'incliner devant vous, on dirait<Indent/>!"
36492,"Il existe de nombreuses versions différentes voire contradictoires de l'histoire de Shishiô, mais je me souviens par<SoftHyphen/>ti<SoftHyphen/>cu<SoftHyphen/>liè<SoftHyphen/>rement de celle dans laquelle il est transformé en statue par le fondateur du Shôjôin..."
36493,"Maintenant que j'y pense, ce rocher immense couvert de talismans... Oh et puis zut<Indent/>! Après une telle victoire de votre part, pas besoin de s'en faire pour si peu<Indent/>!"
36494,"D'ailleurs, le paysage est absolument splendide vu d'ici, vous ne trouvez pas<Indent/>? Rien d'étonnant à ce que le mont Rokkon soit devenu un lieu sacré de pèlerinage<Indent/>!"
36495,"C'est l'occasion rêvée d'en prendre plein les mirettes, et de ranger dans notre besace un souvenir du terrible Shishiô, hé hé<Indent/>!"
36496,"Merci infiniment pour votre soutien, très <If(PlayerParameter(4))>chère<Else/>cher</If> camarade de randonnée<Indent/>! On se retrouve à Kugane<Indent/>!"
36497,"Bravo, <Split(<Highlight>ObjectParameter(1)</Highlight>, ,1)/><Indent/>! Même les créatures légendaires n'ont pas d'autre choix que de s'incliner devant vous, on dirait<Indent/>!"
36498,"Si on m'avait dit que je tomberais un jour nez à nez avec Shishiô en personne... J'aurais pro<SoftHyphen/>ba<SoftHyphen/>ble<SoftHyphen/>ment revu mes ambitions de col<SoftHyphen/>lec<SoftHyphen/>tion<SoftHyphen/>neur à la baisse<Indent/>!"
36499,"Le dogû et ses pouvoirs magiques étaient vraiment marquants aussi<Indent/>! Il n'y a qu'en Orient qu'on trouve des merveilles de la nature pareilles, hé hé<Indent/>!"
36500,"D'ailleurs, c'est décidé, je vais intégrer la statuette à ma collection pas plus tard que tout de suite<Indent/>! Ce sera mon souvenir de cette petite excursion en votre compagnie<Indent/>!"
36501,"Merci infiniment pour votre soutien, très <If(PlayerParameter(4))>chère<Else/>cher</If> camarade de randonnée<Indent/>! On se retrouve à Kugane<Indent/>!"
36502,"Ce fut un beau combat... mais l'heure est venue pour vous de mordre la poussière<Indent/>!"
36503,"Vous n'avez encore rien vu... Kasumi-giri double<Indent/>!"
36504,"Visiblement, il change de posture en fonction de l'attaque suivante<Indent/>! Faites bien attention à ses mouvements<Indent/>!"
36505,"S'agirait-il d'un de ces fameux artefacts<Indent/>? Ça me rappelle le katana en boîte que nous avons croisé tout à l'heure..."
36506,"Une conclusion bien malheureuse pour ce pauvre hère... Poursuivons notre route, nous n'avons pas le temps de nous attarder sur son sort."
36600,"Atteindre le cirque glacé"
36601,"Franchir le cirque glacé"
36602,"Atteindre la caverne de Cap-cyan"
36603,"Franchir la caverne de Cap-cyan"
36604,"Atteindre le bassin éthéré"
36605,"Vaincre l'octomammouth"
36606,""
36607,""
36608,""
36609,""
36610,""
36611,""
36612,""
36613,""
36614,""
36615,""
36616,""
36617,""
36618,""
36619,""
36620,""
36621,""
36622,""
36623,""
36624,""
36625,""
36626,""
36627,""
36628,""
36629,""
36630,""
36631,""
36632,""
36633,""
36634,""
36635,""
36636,""
36637,""
36638,""
36639,""
36640,""
36641,""
36642,""
36643,""
36644,""
36645,""
36646,""
36647,""
36648,""
36649,""
36650,""
36651,""
36652,""
36653,""
36654,""
36655,""
36656,""
36657,""
36658,""
36659,""
36660,""
36661,""
36662,""
36663,""
36664,""
36665,""
36666,""
36667,""
36668,""
36669,""
36670,""
36671,""
36672,""
36673,""
36674,""
36675,""
36676,""
36677,""
36678,""
36679,""
36680,""
36681,""
36682,""
36683,""
36684,""
36685,""
36686,""
36687,""
36688,""
36689,""
36690,""
36691,""
36692,""
36693,""
36694,""
36695,""
36696,""
36697,""
36698,""
36699,""
36700,"Comment osez-vous entraver ma guerre sacrée<Indent/>?"
36701,"Votre disparition marquera le début d'une ère nouvelle<Indent/>!"
36702,"Je suis l'unique salut de ce monde<Indent/>!"
36703,"Personne ne me barrera la route<Indent/>!"
36704,"Misérables<Indent/>!"
36705,"C'est tout ce dont vous êtes capables<Indent/>?"
36706,"Voici la preuve que votre puissance n'est rien<Indent/>!"
36707,"Qu'une pluie d'astres vous pulvérise<Indent/>!"
36708,"Sentez la glace sur ma lame<Indent/>!"
36709,"Emporte-les, vent ténébreux<Indent/>!"
36710,"Je vais vous réduire en poussière<Indent/>!"
36711,"Explosez en mille morceaux<Indent/>!"
36712,"À moi, dragonne obscure<Indent/>!"
36713,"Dragonne obscure, soumets-toi à ma volonté<Indent/>!"
36714,"Seule la quintessence de nos pouvoirs départagera les Ténèbres et la Lumière<Indent/>!"
36715,"Contemplez le paroxysme de la terreur<Indent/>!"
36716,"Écrabouille-les, ma dragonne<Indent/>!"
36717,"Va et dévore leurs entrailles<Indent/>!"
36718,"Réduis-les en cendres, dragonne<Indent/>!"
36719,"Dragonne obscure<Indent/>! N'aie aucune pitié<Indent/>!"
36720,"Renforce-toi, Météore<Indent/>!"
36721,"Votre monde sera à nous<Indent/>!"
36722,""
36723,""
36724,""
36725,""
36726,""
36727,""
36728,""
36729,""
36730,""
36731,""
36732,""
36733,""
36734,""
36735,""
36736,""
36737,""
36738,""
36739,""
36740,""
36741,""
36742,""
36743,""
36744,""
36745,""
36746,""
36747,""
36748,""
36749,""
36750,""
36751,""
36752,""
36753,""
36754,""
36755,""
36756,""
36757,""
36758,""
36759,""
36760,""
36761,""
36762,""
36763,""
36764,""
36765,""
36766,""
36767,""
36768,""
36769,""
36770,""
36771,""
36772,""
36773,""
36774,""
36775,""
36776,""
36777,""
36778,""
36779,""
36780,""
36781,""
36782,""
36783,""
36784,""
36785,""
36786,""
36787,""
36788,""
36789,""
36790,""
36791,""
36792,""
36793,""
36794,""
36795,""
36796,""
36797,""
36798,""
36799,""
36800,"Je suis Asura, la Manusya qui vit pour combattre..."
36801,"Voyons un peu ce que vous valez, piètres humains..."
36802,"Saurez-vous discerner la lueur de mes lames<Indent/>?"
36803,"Plus rapide que mon ombre<Indent/>!"
36804,"Voici comment une Manusya inflige le trépas<Indent/>!"
36805,"À moi, incarnation guerrière<Indent/>!"
36806,"Cette résidence sera votre tombeau<Indent/>!"
36807,"Incarnation guerrière<Indent/>! L'heure de l'éveil a sonné<Indent/>!"
36808,"Mon sextuor de lames va vous mettre en charpie<Indent/>!"
36809,"Plongez votre regard dans un autre de mes visages..."
36810,"Arrière, mécréants<Indent/>!"
36811,"Le destin des faibles est de périr<Indent/>!"
36812,"Amusez-moi donc un peu<Indent/>!"
36813,"Personne n'est de taille face à trois têtes et six bras<Indent/>!"
36814,"Vous allez bientôt redevenir poussière<Indent/>!"
36815,""
36816,""
36817,""
36818,""
36819,""
36820,""
36821,""
36822,""
36823,""
36824,""
36825,""
36826,""
36827,""
36828,""
36829,""
36830,""
36831,""
36832,""
36833,""
36834,""
36835,""
36836,""
36837,""
36838,""
36839,""
36840,""
36841,""
36842,""
36843,""
36844,""
36845,""
36846,""
36847,""
36848,""
36849,""
36850,""
36851,""
36852,""
36853,""
36854,""
36855,""
36856,""
36857,""
36858,""
36859,""
36860,""
36861,""
36862,""
36863,""
36864,""
36865,""
36866,""
36867,""
36868,""
36869,""
36870,""
36871,""
36872,""
36873,""
36874,""
36875,""
36876,""
36877,""
36878,""
36879,""
36880,""
36881,""
36882,""
36883,""
36884,""
36885,""
36886,""
36887,""
36888,""
36889,""
36890,""
36891,""
36892,""
36893,""
36894,""
36895,""
36896,""
36897,""
36898,""
36899,""
36900,"Vaincre Athéna"
36901,"Dévoilez-moi votre nature, que je puisse enfin toucher au divin<Indent/>!"
36902,"Et du néant émergea la vie<Indent/>!"
36903,"Le pouvoir infini de la création réside en ces chaînes..."
36904,"Offrons une âme à ces réceptacles muets<Indent/>!"
36905,"Voici un aperçu de la puissance divine<Indent/>!"
36906,"Éprouvez la puissance à l'état pur<Indent/>!"
36907,"Des portes des sept enfers à celles des cieux, le monde tremblera<Indent/>! Qu'Ultima se déchaîne<Indent/>!"
36908,"Quelle merveille. Une âme si frêle et pourtant si tenace..."
36909,"Jusqu'à quand résisterez-vous à la déesse que je suis<Indent/>?"
36910,"Montrez-moi encore l'éclat de vos âmes<Indent/>!"
36911,"Je vais de ce pas prouver ma théorie<Indent/>!"
36912,"J'ai commis une erreur de calcul. Je dois être trop naïve..."
36913,"Tout de même... Des sous-êtres humains qui tiennent tête à une déesse...<Indent/>?"
36914,"Je n'y crois pas... Ma théorie serait erronée...<Indent/>?"
36915,"Mon désir n'est visiblement pas assez puissant..."
36916,"Dans ce cas, je n'ai qu'à l'amplifier<Indent/>! À moi, Cœur de Sabik<Indent/>!"
36917,"Si quelqu'un se trompe ici, ce n'est cer<SoftHyphen/>tai<SoftHyphen/>ne<SoftHyphen/>ment pas moi, non...<Indent/>!"
36918,"C'est plutôt le monde entier qui est dans l'erreur..."
36919,"Je vais donc le remodeler selon mes goûts<Indent/>!"
36920,"Me voilà devenue une véritable divinité créatrice<Indent/>!"
36921,"Voici à quoi doit ressembler le monde<Indent/>!"
36922,"Regardez le ciel vriller<Indent/>!"
36923,"Que le démon des noirs abysses prenne forme... À moi, invocations des Ténèbres<Indent/>!"
36924,"Maudissez-moi, l'astre funeste s'écrasera sur vous malgré tout<Indent/>!"
36925,"Les éléments chimiques s'entremêlent<Indent/>!"
36926,"Tout se meut, rien ne demeure<Indent/>!"
36927,"Saurez-vous percevoir la chaleur à l'état brut<Indent/>?"
36928,"Les voies de l'évolution sont im<SoftHyphen/>pé<SoftHyphen/>né<SoftHyphen/>tra<SoftHyphen/>bles... sauf pour moi<Indent/>!"
36929,"Soumettez-vous à la volonté divine<Indent/>!"
36930,"Le monde doit être refaçonné<Indent/>!"
36931,"Tous mes détracteurs seront punis<Indent/>!"
36932,"En vertu de quoi refusez-vous de disparaître<Indent/>!?"
36933,"Je suis une déesse<Indent/>! Rien ne devrait échapper à ma compréhension<Indent/>!"
36934,"Mais alors... pourquoi diable ce monde existe-t-il...<Indent/>?"
36935,"Pourquoi suis-je moi...<Indent/>?"
36936,""
36937,""
36938,""
36939,""
36940,""
36941,""
36942,""
36943,""
36944,""
36945,""
36946,""
36947,""
36948,""
36949,""
36950,""
36951,""
36952,""
36953,""
36954,""
36955,""
36956,""
36957,""
36958,""
36959,""
36960,""
36961,""
36962,""
36963,""
36964,""
36965,""
36966,""
36967,""
36968,""
36969,""
36970,""
36971,""
36972,""
36973,""
36974,""
36975,""
36976,""
36977,""
36978,""
36979,""
36980,""
36981,""
36982,""
36983,""
36984,""
36985,""
36986,""
36987,""
36988,""
36989,""
36990,""
36991,""
36992,""
36993,""
36994,""
36995,""
36996,""
36997,""
36998,""
36999,""
37000,"Vaincre Thémis"
37001,"Va savoir pourquoi, mon cœur s'emballe...<Indent/>!"
37002,"Je sais comment te mettre à l'épreuve<Indent/>!"
37003,"Lumière ou Ténèbres... Quel sera ton juge<Indent/>?"
37004,"杖はこう使う、友人からの提案だ！"
37005,"Parviendras-tu à balancer Lumière et Ténèbres<Indent/>?"
37006,"Moi, Elidibus, serai ton arbitre<Indent/>!"
37007,"Que jaillisse l'énergie contenue en moi<Indent/>!"
37008,"Goûte à ce sort signé Emet-Selch<Indent/>!"
37009,"Je peux créer des copies de moi-même<Indent/>!"
37010,"Il me faut des doubles plus solides<Indent/>!"
37011,"Quelle excitation<Indent/>! C'en est presque indécent<Indent/>!"
37012,"Je suis le médiateur... Je vis pour ma mission<Indent/>!"
37013,"À moi de juger ton existence<Indent/>!"
37014,"J'aimerais que ce combat dure éter<SoftHyphen/>nel<SoftHyphen/>le<SoftHyphen/>ment..."
37015,"Hélas... toutes les bonnes choses ont une fin<Indent/>!"
37016,""
37017,""
37018,""
37019,""
37020,""
37021,""
37022,""
37023,""
37024,""
37025,""
37026,""
37027,""
37028,""
37029,""
37030,""
37031,""
37032,""
37033,""
37034,""
37035,""
37036,""
37037,""
37038,""
37039,""
37040,""
37041,""
37042,""
37043,""
37044,""
37045,""
37046,""
37047,""
37048,""
37049,""
37050,""
37051,""
37052,""
37053,""
37054,""
37055,""
37056,""
37057,""
37058,""
37059,""
37060,""
37061,""
37062,""
37063,""
37064,""
37065,""
37066,""
37067,""
37068,""
37069,""
37070,""
37071,""
37072,""
37073,""
37074,""
37075,""
37076,""
37077,""
37078,""
37079,""
37080,""
37081,""
37082,""
37083,""
37084,""
37085,""
37086,""
37087,""
37088,""
37089,""
37090,""
37091,""
37092,""
37093,""
37094,""
37095,""
37096,""
37097,""
37098,""
37099,""
37100,"Vaincre Pandæmonium"
37101,"Je suis la muraille... L'infranchissable rempart<Indent/>!"
37102,"Je possède en moi les attributs de l'araignée..."
37103,"Bon courage pour briser ma toile<Indent/>!"
37104,"Empêtrez-vous et mourez<Indent/>!"
37105,"Ma prison n'attend que vous..."
37106,"Je suis le dédale carcéral appelé Pandæmonium<Indent/>!"
37107,"J'incarcère vos vies...<Indent/>!"
37108,"Il n'y a pas d'échappatoire<Indent/>!"
37109,"Ma charpente entière est votre ennemie<Indent/>!"
37110,"Combien de fois vais-je devoir vous écraser<Indent/>!?"
37111,"Voici un avant-goût de la puissance de dame Athéna<Indent/>!"
37112,"Je vais vous embrocher<Indent/>!"
37113,"Ma puissance ne demande qu'à être libérée<Indent/>!"
37114,"Par l'Enfer, soyez maudits<Indent/>!"
37115,"Pour dame Athéna... Pour ma mère...<Indent/>!"
37116,"Dame Athéna, c'est pour vous...<Indent/>!"
37117,"Montrez-moi l'étendue de votre force<Indent/>!"
37118,"Je veux entendre vos âmes hurler<Indent/>!"
37119,"Tant pis si je dois redevenir une coquille vide...<Indent/>!"
37120,""
37121,""
37122,""
37123,""
37124,""
37125,""
37126,""
37127,""
37128,""
37129,""
37130,""
37131,""
37132,""
37133,""
37134,""
37135,""
37136,""
37137,""
37138,""
37139,""
37140,""
37141,""
37142,""
37143,""
37144,""
37145,""
37146,""
37147,""
37148,""
37149,""
37150,""
37151,""
37152,""
37153,""
37154,""
37155,""
37156,""
37157,""
37158,""
37159,""
37160,""
37161,""
37162,""
37163,""
37164,""
37165,""
37166,""
37167,""
37168,""
37169,""
37170,""
37171,""
37172,""
37173,""
37174,""
37175,""
37176,""
37177,""
37178,""
37179,""
37180,""
37181,""
37182,""
37183,""
37184,""
37185,""
37186,""
37187,""
37188,""
37189,""
37190,""
37191,""
37192,""
37193,""
37194,""
37195,""
37196,""
37197,""
37198,""
37199,""
37200,"Renforcement des ennemis dans"
37201,""
37300,"Hin hin hin<Indent/>! Ce cristal est à moi, je ne te laisserai pas mettre tes vilaines pattes dessus<Indent/>! Meurs, vermine<Indent/>!"
37301,"Tu te débrouilles bien... Mais tu n'as pas encore vu la puissance de mon cristal !"
37302,"Brille, cristal doré ! Scintille de mille feux ! Octroie-moi ta force... !"
37303,"Mouahaha... Je sens le pouvoir affluer en moi !"
37304,"Misérable vermisseau... Je n'ai pas dit mon dernier mot ! Il est hors de question que moi, le grand Goldor, raque... !"
37305,"Tant que l'éclat du cristal me protège, tes sorts ne me feront rien !"
37306,""
37307,""
37308,""
37309,""
37310,""
37311,""
37312,""
37313,""
37314,""
37315,""
37316,""
37317,""
37318,""
37319,""
37320,""
37321,""
37322,""
37323,""
37324,""
37325,""
37326,""
37327,""
37328,""
37329,""
37330,""
37331,""
37332,""
37333,""
37334,""
37335,""
37336,""
37337,""
37338,""
37339,""
37340,""
37341,""
37342,""
37343,""
37344,""
37345,""
37346,""
37347,""
37348,""
37349,""
37350,""
37351,""
37352,""
37353,""
37354,""
37355,""
37356,""
37357,""
37358,""
37359,""
37360,""
37361,""
37362,""
37363,""
37364,""
37365,""
37366,""
37367,""
37368,""
37369,""
37370,""
37371,""
37372,""
37373,""
37374,""
37375,""
37376,""
37377,""
37378,""
37379,""
37380,""
37381,""
37382,""
37383,""
37384,""
37385,""
37386,""
37387,""
37388,""
37389,""
37390,""
37391,""
37392,""
37393,""
37394,""
37395,""
37396,""
37397,""
37398,""
37399,""
37400,"Explorer l'île d'Aloalo"
37401,"Franchir les Sables de Dilumu"
37402,"Vaincre Ketuduke"
37403,"Franchir les Racines de Qurupe"
37404,"Vaincre Lala"
37405,"Vaincre Statice"
37406,"Regarde, trois chemins différents s'offrent à nous... Lequel devrions-nous emprunter<Indent/>?"
37407,"Tiens, tu choisis celui-là aussi<Indent/>! Dans ce cas, en avant toute<Indent/>!"
37408,"Tu veux aller par-là, tu en es sûr<If(PlayerParameter(4))>e<Else/></If><Indent/>? Bon, eh bien... je te suis alors<Indent/>!"
37409,"On dirait qu'il y a un superbe endroit pour pêcher derrière cette colline. Allons-y<Indent/>!"
37410,"Des cavernes... J'imagine que les vagues ont fini par creuser la roche ainsi. Heu<SoftHyphen/>reu<SoftHyphen/>se<SoftHyphen/>ment que c'est la marée basse..."
37411,"Je rêve ou... c'est un Lalafell juste devant nous<Indent/>!? Pourtant Kalika nous avait juré que l'île était déserte..."
37412,"Huuum... Tu reconnais cette odeur d'humidité, <Split(<Highlight>ObjectParameter(1)</Highlight>, ,1)/><Indent/>? Je mettrais ma main à couper qu'il va se mettre à pleuvoir."
37413,"Je rêve ou... c'est un Lalafell juste devant nous<Indent/>!? Pourtant Kalika nous avait juré que l'île était déserte..."
37414,"Pfiou, j'ai cru que cette bête nous ferait la peau<Indent/>! Enfin... voilà un endroit parfait pour sortir ma canne<Indent/>!"
37415,"Ah<Indent/>! Attends un instant, s'il te plaît<Indent/>!"
37416,"Si tu le dis... Voyons voir plus loin, alors."
37417,"Tiens, c'est le Lalafell de tout à l'heure. On dirait qu'il se fait attaquer par des monstres. On va l'aider<Indent/>?"
37418,"(halète)... (halète)... M-merci pour le coup d'main<Indent/>!"
37419,"Merci, <Split(<Highlight>ObjectParameter(1)</Highlight>, ,1)/><Indent/>! Je vais nous attraper une sacrée prise, j'en suis sûr<Indent/>!"
37420,"La marée s'est levée avec le coucher du soleil. Fais attention où tu mets les pieds<Indent/>!"
37421,"Une minute, <Split(<Highlight>ObjectParameter(1)</Highlight>, ,1)/><Indent/>! Mon instinct me dit que je devrais tenter ma chance ici<Indent/>!"
37422,"D'ailleurs, j'aimerais bien essayer d'autres appâts que ceux que j'ai apportés... Tu pourrais jeter un œil dans le coin, s'il te plaît<Indent/>?"
37423,"Alors, tu as trouvé de quoi me servir d'appât<Indent/>? Montre un peu..."
37424,"Parfait<Indent/>! Je sens qu'avec ça, je vais pouvoir remonter un superbe poisson<Indent/>!"
37425,"Désolé, <Split(<Highlight>ObjectParameter(1)</Highlight>, ,1)/>... Mon appât a attiré des monstres<Indent/>!"
37426,"Parfait<Indent/>! Je sens qu'avec ça, je vais pouvoir remonter un superbe poisson<Indent/>!"
37427,"Il n'y a que des créatures trop dangereuses ici, je ferais mieux de poser ma ligne ailleurs."
37428,"J'ai hâte de trouver un nouveau point de pêche. Je me demande ce que je vais bien pouvoir attraper<Indent/>!"
37429,"Q-q-q-q-qu'est-ce que comment de quoi<Indent/>!? Une baleine... qui VOLE<Indent/>!?"
37430,"J'étais tellement tétanisé que je n'aurais même pas réussi à bouger mon petit doigt<Indent/>! Merci d'avoir assuré le combat, <Split(<Highlight>ObjectParameter(1)</Highlight>, ,1)/><Indent/>!"
37431,"Splendide<Indent/>! Rien ne vaut le grand large, après tout<Indent/>! Voyons voir ce qu'on peut ferrer ici<Indent/>!"
37432,"Pourvu que j'attrape un poisson qui plaira à Nidhana..."
37433,"Dis donc... qu'est-ce qu'on trouve comme épaves par ici. C'est à cause de cette baleine volante, tu crois<Indent/>?"
37434,"Mais... c'est un poulpe de Narunnair ou je rêve<Indent/>? On peut en pêcher également à Thavnair..."
37435,"P-peu importe<Indent/>! Merci avant tout de m'avoir accompagné<Indent/>! J'aperçois encore quelques poissons, alors je vais rester ici un petit moment avant de repartir."
37436,"J'étais tellement tétanisé que je n'aurais même pas réussi à bouger mes orteils... Merci d'être venu<If(PlayerParameter(4))>e<Else/></If> à ma rescousse<Indent/>!"
37437,"Splendide<Indent/>! Rien ne vaut le grand large, après tout<Indent/>! Voyons voir ce qu'on peut ferrer ici<Indent/>!"
37438,"Pourvu que j'attrape un poisson qui plaira à Nidhana..."
37439,"Quelle aventure... On aura croisé des créatures marines marchant à l'air libre, et une baleine qui s'élève dans le ciel<Indent/>! Cette île est vraiment très étrange..."
37440,"Ah<Indent/>! J'ai attrapé un poisson-papaye... On en trouve assez facilement à Thavnair. C'est délicieux une fois qu'il a bien séché au soleil<Indent/>!"
37441,"P-peu importe<Indent/>! Merci avant tout de m'avoir accompagné<Indent/>! J'aperçois encore quelques poissons, alors je vais rester ici un petit moment avant de repartir."
37442,"J'étais tellement tétanisé que je n'aurais même pas réussi à bouger mes orteils... Merci d'être venu<If(PlayerParameter(4))>e<Else/></If> à ma rescousse<Indent/>!"
37443,"Grâce à toi, je suis libre de pêcher comme je le souhaite<Indent/>! Avec le soleil qui se couche, j'ai bon espoir de ferrer une rareté<Indent/>!"
37444,"Pourvu que j'attrape un poisson qui plaira à Nidhana..."
37445,"Désolé de te faire patienter aussi longtemps... Je sais que mes prises précédentes n'ont pas été de franches réussites, mais cette fois, c'est la bonne<Indent/>! Je le sens..."
37446,"Oh non<Indent/>! Il m'a chipé mon appât avant de disparaître<Indent/>! Vu comme il a tiré sur la ligne, ça devait être un gros poisson en plus... Dommage<Indent/>!"
37447,"P-peu importe<Indent/>! Merci avant tout de m'avoir accompagné<Indent/>! J'aperçois encore quelques poissons, alors je vais rester ici un petit moment avant de repartir."
37448,"J'étais tellement tétanisé que je n'aurais même pas réussi à bouger mes orteils... Merci d'être venu<If(PlayerParameter(4))>e<Else/></If> à ma rescousse<Indent/>!"
37449,"Grâce à toi, je suis libre de pêcher comme je le souhaite<Indent/>! Avec le soleil qui se couche, j'ai bon espoir de ferrer une rareté<Indent/>!"
37450,"Pourvu que j'attrape un poisson qui plaira à Nidhana..."
37451,"J'espère que je ne vais pas attraper un énorme machin... comme la baleine volante de tout à l'heure... "
37452,"Oh<Indent/>! Regarde-moi ça<Indent/>! Malgré mes années d'expérience, je n'ai jamais vu de poisson pareil<Indent/>!"
37453,"Je suis ravi d'avoir pu dénicher une prise pareille<Indent/>! J'espère qu'il pourra servir d'ingrédient utile pour les alchimistes..."
37454,"Je demanderai à Pasasun d'y jeter un œil à notre retour... Merci en tout cas de m'avoir accompagné, <Split(<Highlight>ObjectParameter(1)</Highlight>, ,1)/>."
37455,"Nous voilà arrivés dans un marais... Les arbres sont très différents de ceux qu'on trouve à Thavnair."
37456,"Hiii<Indent/>! Ces espèces de chenilles sont trop repoussantes... Je n'oserais même pas m'en servir d'appât pour la pêche<Indent/>!"
37457,"Tiens, l'atmosphère du marais est devenue bizarre... Ce serait à cause de ces drôles de fruits qu'on a écrasés<Indent/>?"
37458,"Mais<Indent/>! C'est une Miqo'te, juste devant nous<Indent/>! Kalika nous avait pourtant assuré que l'île était inhabitée..."
37459,"Mais<Indent/>! C'est une Miqo'te, juste devant nous<Indent/>! Kalika nous avait pourtant assuré que l'île était inhabitée..."
37460,"Le chemin continue vers le haut de cet arbre géant... Vais-je au moins trouver un endroit pour pêcher par là<Indent/>?"
37461,"Brrr... Je préfère ne pas regarder en bas... Enfin, il faut faire attention où on met les pieds tout de même<Indent/>!"
37462,"Une maisonnette en haut d'un arbre... Ben ça alors<Indent/>! Qui pouvait vivre dans un endroit pareil<Indent/>?"
37463,"Les branches se sont allongées tout à coup<Indent/>! On continue<Indent/>?"
37464,"Grrr... J'ai failli attendre<Indent/>! Vous allez payer pour tout à l'heure<Indent/>!"
37465,"Regarde <Split(<Highlight>ObjectParameter(1)</Highlight>, ,1)/>, une mare<Indent/>! Je vais pouvoir sortir ma canne<Indent/>!"
37466,"Oh, ça sent pas bon... Reste sur tes gardes, <Split(<Highlight>ObjectParameter(1)</Highlight>, ,1)/><Indent/>!"
37467,"Bien joué<Indent/>! J'ai eu peur un instant, mais je savais que tu t'en sortirais<Indent/>!"
37468,"Maintenant, je vais pouvoir tran<SoftHyphen/>quil<SoftHyphen/>le<SoftHyphen/>ment poser ma ligne<Indent/>! Je me demande bien quel genre de poisson vit dans une mare en haut d'un arbre géant<Indent/>!"
37469,"Pourvu que je ferre une prise qui plaira à Nidhana<Indent/>!"
37470,"La créature que tu as battue juste avant... elle racontait quoi au juste<Indent/>? Je n'ai pas compris un traître mot de ce qu'elle disait<Indent/>!"
37471,"Ah<Indent/>! Non... Fausse alerte, c'est juste une algue qui s'est prise dans l'hameçon..."
37472,"P-peu importe<Indent/>! Merci avant tout de m'avoir accompagné<Indent/>! J'aperçois encore quelques poissons, alors je vais rester ici un petit moment avant de repartir."
37473,"Évidemment, tu t'en sors avec brio<Indent/>! Je n'en attendais pas moins de toi, <Split(<Highlight>ObjectParameter(1)</Highlight>, ,1)/>."
37474,"Maintenant, je vais pouvoir tran<SoftHyphen/>quil<SoftHyphen/>le<SoftHyphen/>ment poser ma ligne<Indent/>! Je me demande bien quel genre de poisson vit dans une mare en haut d'un arbre géant<Indent/>!"
37475,"Pourvu que je ferre une prise qui plaira à Nidhana<Indent/>!"
37476,"Cet endroit dégage un parfum si apaisant... J'imagine que c'est grâce à la nature qui nous entoure, mais je commence à comprendre les gens qui ont choisi de s'installer ici."
37477,"Q-q-q-quoi<Indent/>!? C'est... juste une branche<Indent/>? On dirait qu'elle a coulé jusqu'au fond..."
37478,"P-peu importe<Indent/>! Merci avant tout de m'avoir accompagné<Indent/>! J'aperçois encore quelques poissons, alors je vais rester ici un petit moment avant de repartir."
37479,"Si on veut continuer, la seule solution c'est de descendre par là..."
37480,"Évidemment, tu t'en sors avec brio<Indent/>! Je n'en attendais pas moins de toi, <Split(<Highlight>ObjectParameter(1)</Highlight>, ,1)/>."
37481,"Maintenant, je vais pouvoir tran<SoftHyphen/>quil<SoftHyphen/>le<SoftHyphen/>ment poser ma ligne<Indent/>! Je me demande bien quel genre de poisson vit dans une mare en haut d'un arbre géant<Indent/>!"
37482,"Pourvu que je ferre une prise qui plaira à Nidhana<Indent/>!"
37483,"C'était amusant de glisser le long des branches, mais une fois ça suffit<Indent/>! J'étais mort de trouille à l'idée de tomber..."
37484,"Ouah<Indent/>! Ce poisson est absolument... magnifique<Indent/>!"
37485,"Je n'avais jamais attrapé de poisson dans un endroit pareil. J'espère que son goût est aussi incroyable que son apparence<Indent/>!"
37486,"Je demanderai à Pasasun d'y jeter un œil à notre retour... Merci en tout cas de m'avoir accompagné, <Split(<Highlight>ObjectParameter(1)</Highlight>, ,1)/>."
37487,"Évidemment, tu t'en sors avec brio<Indent/>! Je n'en attendais pas moins de toi, <Split(<Highlight>ObjectParameter(1)</Highlight>, ,1)/>."
37488,"Maintenant, je vais pouvoir tran<SoftHyphen/>quil<SoftHyphen/>le<SoftHyphen/>ment poser ma ligne<Indent/>! Je me demande bien quel genre de poisson vit dans une mare en haut d'un arbre géant<Indent/>!"
37489,"Pourvu que je ferre une prise qui plaira à Nidhana<Indent/>!"
37490,"J'ai fait un de ces bonds quand la branche s'est allongée tout à coup<Indent/>! Cette île n'a pas fini de nous surprendre, j'ai l'impression..."
37491,"Ah non<Indent/>! La poiscaille s'est fait la malle<Indent/>! J'y étais presque, pourtant..."
37492,"P-peu importe<Indent/>! Merci avant tout de m'avoir accompagné<Indent/>! J'aperçois encore quelques poissons, alors je vais rester ici un petit moment avant de repartir."
37493,"Des ruines... Cela signifie que des gens vivaient ici autrefois, et comme ils devaient bien se nourrir... Je flaire le bon point de pêche à l'horizon<Indent/>!"
37494,"Eh ben... On y voit rien avec tout ce brouillard<Indent/>!"
37495,"Je vois un superbe endroit où poser ma ligne un peu plus loin. Allons-y, <Split(<Highlight>ObjectParameter(1)</Highlight>, ,1)/><Indent/>!"
37496,"Ce type n'a vraiment pas l'air net... Et dire que Kalika nous avait dit qu'il n'y avait personne ici<Indent/>!"
37497,"Pfiou... Sans toi, on s'en serait jamais sortis<Indent/>! Et maintenant... place à la pêche<Indent/>!"
37498,"(halète)... Je m'attendais pas à faire autant de grimpette<Indent/>! Vais-je au moins trouver des poissons dans le coin<Indent/>?"
37499,"Ohé, vous deux<Indent/>! Si c'est un trésor que vous cherchez, je peux vous aider<Indent/>!"
37500,"Hihihi<Indent/>! Laissez-moi vous servir de guide<Indent/>! Avec une petite téléportation, on y sera en un clin d'œil<Indent/>!"
37501,"On est toujours à Aloalo, là<Indent/>? Et la fée, où est-elle passée<Indent/>?"
37502,"Vous voilà<Indent/>! Regardez, c'est bien ça que vous cherchiez, non<Indent/>? Droit devant vous<Indent/>!"
37503,"Ahahahaha<Indent/>! Je vous ai bien eus<Indent/>!"
37504,"Non, n'allez pas par là, c'est trop dangereux<Indent/>! Revenez<Indent/>!"
37505,"Roooh... Dire que j'avais préparé mon jouet favori<Indent/>! Vous avez tout gâché<Indent/>! Puisque c'est comme ça, je m'en vais<Indent/>!"
37506,"Hmpf<Indent/>! Vous êtes vraiment pas drôles<Indent/>! Tant pis, vous serez perdus à jamais ici<Indent/>!"
37507,"Ah... J'ai comme l'impression qu'on l'a mise en colère... Bon, voyons s'il n'y a pas un autre moyen de continuer."
37508,"Par ici<Indent/>! Le sentier n'est plus très visible, alors je vais ouvrir la marche. Tu n'auras qu'à me suivre<Indent/>!"
37509,"Encore des ruines... Je me demande bien à quoi servaient ces sculptures de bois."
37510,"Oh<Indent/>! Tu as trouvé le levier pour ouvrir le portail<Indent/>! On peut avancer à présent<Indent/>!"
37511,"Il fait bien frisquet tout à coup... Pas étonnant, vu qu'on est sous terre. Tu crois que les anciens habitants vivaient ici<Indent/>?"
37512,"Regarde, un chemin s'est ouvert<Indent/>! Il faut croire que ta prière a été entendue par les Dieux."
37513,"Tu as dit quelque chose, <Split(<Highlight>ObjectParameter(1)</Highlight>, ,1)/><Indent/>? J'ai cru entendre une voix à l'instant..."
37514,"Des pièges à foison... Ils doivent cer<SoftHyphen/>tai<SoftHyphen/>ne<SoftHyphen/>ment protéger un lieu important. Moi, je veux simplement pêcher, c'est tout<Indent/>!"
37515,"<Split(<Highlight>ObjectParameter(1)</Highlight>, ,1)/>, tu es là<Indent/>? La brume est si épaisse que j'ai peur de me perdre..."
37516,"<Split(<Highlight>ObjectParameter(1)</Highlight>, ,1)/>, tu es là<Indent/>? La brume est si épaisse que j'ai peur de me perdre..."
37517,"La fée de tout à l'heure semble prête à en découdre<Indent/>! Je doute que tu puisses la convaincre sans combattre... Fais attention<Indent/>!"
37518,"Pfiou<Indent/>! C'était pas de la tarte, cet af<SoftHyphen/>fron<SoftHyphen/>te<SoftHyphen/>ment<Indent/>! Mais revenons à nos moutons, j'entends un bruit d'eau venant du fond<Indent/>!"
37519,"Un splendide point de pêche, j'avais vu juste<Indent/>! Croisons les doigts, je dégoterai peut-être une belle prise pour Nidhana."
37520,"Ah<Indent/>! C'est le type qui nous a attaqués tout à l'heure<Indent/>! Que compte-t-il faire maintenant<Indent/>?"
37521,"Les quartiers de la fée sont dans un tel désordre... Je ne saurais même pas que faire de ce qui est amassé là<Indent/>!"
37522,"Beurk<Indent/>! Une chaussure couverte de mousse... Elle doit traîner ici depuis un bail..."
37523,"P-peu importe<Indent/>! Merci avant tout de m'avoir accompagné<Indent/>! J'aperçois encore quelques poissons, alors je vais rester ici un petit moment avant de repartir."
37524,"On dirait que le brouillard s'est enfin levé. J'ai eu peur qu'on finisse perdus, mais on s'est bien débrouillés<Indent/>!"
37525,"Pfiou<Indent/>! C'était pas de la tarte, cet af<SoftHyphen/>fron<SoftHyphen/>te<SoftHyphen/>ment<Indent/>! Mais revenons à nos moutons, j'entends un bruit d'eau venant du fond<Indent/>!"
37526,"Un splendide point de pêche, j'avais vu juste<Indent/>! Croisons les doigts, je dégoterai peut-être une belle prise pour Nidhana."
37527,"よーし……
気合を入れて、釣りを開始するだす！"
37528,"Cette fée nous en aura fait voir de toutes les couleurs, mais au moins, j'ai déniché un superbe endroit pour poser ma ligne<Indent/>!"
37529,"T'avais déjà vu un brouillard aussi épais de ta vie, au fait<Indent/>? Je me demande si je n'ai pas manqué un point d'eau important en chemin à cause de ça..."
37530,"Oooh<Indent/>! Ah... Juste un seau... Je me disais bien que cette prise était bien trop lourde."
37531,"P-peu importe<Indent/>! Merci avant tout de m'avoir accompagné<Indent/>! J'aperçois encore quelques poissons, alors je vais rester ici un petit moment avant de repartir."
37532,"On dirait que le brouillard s'est enfin levé. J'ai eu peur qu'on finisse perdus, mais on s'est bien débrouillés<Indent/>!"
37533,"Pfiou<Indent/>! C'était pas de la tarte, cet af<SoftHyphen/>fron<SoftHyphen/>te<SoftHyphen/>ment<Indent/>! Mais revenons à nos moutons, j'entends un bruit d'eau venant du fond<Indent/>!"
37534,"Un splendide point de pêche, j'avais vu juste<Indent/>! Croisons les doigts, je dégoterai peut-être une belle prise pour Nidhana."
37535,"よーし……
気合を入れて、釣りを開始するだす！"
37536,"Franchement, quel capharnaüm...<Indent/>! C'est cette fée qui a tout amassé, tu crois<Indent/>?"
37537,"Tiens, regarde <Split(<Highlight>ObjectParameter(1)</Highlight>, ,1)/>. C'est bien un poisson, mais il sort de l'ordinaire..."
37538,"J'en ai jamais vu de pareil à Thavnair. Je me demande s'il sera utile aux alchimistes..."
37539,"Je demanderai à Pasasun d'y jeter un œil à notre retour... Merci en tout cas de m'avoir accompagné, <Split(<Highlight>ObjectParameter(1)</Highlight>, ,1)/>."
37540,"Ouaaah... Elle est gigantesque, cette statue<Indent/>! Ce serait la fameuse prêtresse dont parlait Kalani<Indent/>?"
37541,"Et voilà donc le joyau qui rend la nature si foisonnante sur l'île..."
37542,"●へへ……ここまで付き合ってくれて、あんたに感謝だす！"
37543,"Un point de pêche si près du légendaire joyau... Je n'ose imaginer les poissons qui s'y cachent<Indent/>!"
37544,"Allez<Indent/>! C'est le moment de tout donner<Indent/>!"
37545,"Entre le rituel ancestral à réussir et le brouillard magique à traverser, on en a bavé pour arriver jusqu'ici. Pas question de rentrer bredouille<Indent/>!"
37546,"<Split(<Highlight>ObjectParameter(1)</Highlight>, ,1)/><Indent/>! <Split(<Highlight>ObjectParameter(1)</Highlight>, ,1)/><Indent/>! Admire-moi ça<Indent/>! Incroyable, non<Indent/>?"
37547,"J'imagine que c'est l'effet du joyau, mais il est gi-gan-tesque<Indent/>!"
37548,"Hé hé... En tout cas, merci de m'avoir accompagné, <Split(<Highlight>ObjectParameter(1)</Highlight>, ,1)/>. Rentrons en vitesse avec cette superbe trouvaille<Indent/>! Pasasun ne va pas en revenir<Indent/>!"
37549,"Intrus détectés... Lancement du module arithmétique, calcul stratégique en cours..."
37550,"Calcul terminé<Indent/>! Ouverture des canons arcaniques. Élimination des intrus en cours..."
37551,"Mise à jour de la stratégie optimale de combat en cours... Utilisation des techniques de mêlée<Indent/>!"
37552,"Analyse des intrus terminée... Préparation du ciblage des points faibles."
37553,"Examen des motifs de déplacement en cours... Actualisation des variables..."
37554,"Déploiement des tactiques basées sur les quatre principes mathématiques... Résolvez le problème sous peine d'être éliminés<Indent/>!"
37555,"Aïe aïe aïe...<Indent/>! J'aurais dû me d-douter que je serais pas à la hauteur... Bon, il est temps de f-filer<Indent/>!"
37556,"Une baleine qui vole<Indent/>!? J'ai la berlue, ma parole<Indent/>! Je croyais que ce n'était qu'un conte pour enfant, moi<Indent/>!"
37557,"Oh, euh... Salut<Indent/>! Je viens vous donner un coup de main, parce que je vous en dois une, c'est tout<Indent/>!"
37558,"Comme ça, on est quittes<Indent/>! Pas de trésor en vue, donc je mets les voiles<Indent/>!"
37559,"La belle saloperie que vous m'avez faite tout à l'heure... Vous allez m'le payer<Indent/>!"
37560,"Rah<Indent/>! Et v'là pour votre peine<Indent/>! Ça vous apprendra<Indent/>!"
37561,"L'air est riche en éther élémentaire d'eau et de vent... J'ai pile la créature qui convient comme invocation<Indent/>!"
37562,"Argh<Indent/>! Il y en a encore plus<Indent/>! Fais très attention à toi<Indent/>!"
37563,"おつかれさま……！
あんたは本当に強いヒトだす！"
37564,"Vous v'là donc<Indent/>! Le trésor doit plus être très loin, alors<Indent/>!"
37565,"Dans ce cas, j'vais partir devant. Mais vous inquiétez pas, j'vous laisse en bonne compagnie<Indent/>!"
37566,"Ah ha<Indent/>! Si vous avez choisi ce chemin, c'est que le trésorrr est dans le coin<Indent/>! "
37567,"Allez mon petit Qua, rrrégale-toi avec eux<Indent/>! Moi, je m'occupe de mettre la main sur le joyau<Indent/>!"
37568,"Ah, c-c'est vous<Indent/>! Je vous ai aperçus au Grand Œuvre... V-vous allez bien gentiment nous laisser récupérer le t-trésor, compris<Indent/>?"
37569,"Q-Quaqua<Indent/>! Retiens-les ici<Indent/>!"
37570,"Un félin... fait de bois<Indent/>!? D'où sort une créature pareille<Indent/>? Et puis d'ailleurs, c'est quoi cette histoire de trésor<Indent/>!?"
37571,"Attention, il a invoqué des armes magiques<Indent/>!"
37572,"Et rebelote avec les armes magiques<Indent/>! Ce marteau m'a l'air redoutable... Fais attention à ne pas finir aplati comme une crêpe<Indent/>!"
37573,"Il a invoqué d'autres monstres pour l'aider<Indent/>! Prends garde<Indent/>!"
37574,"Ouh là là là... Ces vagues de flammes ne veulent plus s'arrêter<Indent/>!"
37575,"Des orbes magiques dans tous les sens... Il doit y avoir un moyen de les éviter<Indent/>!"
37576,"Voilà qu'il remet encore le couvert avec les armes magiques...<Indent/>! Attention ça va trancher, <Split(<Highlight>ObjectParameter(1)</Highlight>, ,1)/><Indent/>!"
37577,"Ouah<Indent/>! La foudre se rapproche<Indent/>! Va te mettre à l'abri, <Split(<Highlight>ObjectParameter(1)</Highlight>, ,1)/><Indent/>!"
37578,"L'eau des alentours s'est changée en lances<Indent/>! Elles foncent droit sur nous<Indent/>!"
37579,"Et maintenant, les lances envoient des jets d'eau, on aura tout vu<Indent/>! Tu tiens le coup, <Split(<Highlight>ObjectParameter(1)</Highlight>, ,1)/><Indent/>?"
37580,"Il utilise de l'eau empoisonnée pour fabriquer des lances<Indent/>!"
37581,"Attention, le poison se répand partout<Indent/>!"
37582,"Ces globes ne me disent rien qui vaille..."
37583,"Hein<Indent/>!? Les statues des environs se sont mises à briller<Indent/>!"
37584,"Ouah<Indent/>! Les globes bizarres ont disparu<Indent/>!"
37585,"Ces sculptures de bois m'ont l'air d'abriter une étrange source de pouvoir... Elles nous ont sortis du pétrin<Indent/>!"
37586,"<Split(<Highlight>ObjectParameter(1)</Highlight>, ,1)/>, regarde<Indent/>! Les statues... Il se passe quelque chose..."
37587,"Il était coriace ce monstre... Avec ses armes magiques, j'ai bien cru qu'il allait t'avoir<Indent/>!"
37588,"Argh<Indent/>! Un piège<Indent/>! Manquait plus que ça<Indent/>!"
37589,"Bien vu, <Split(<Highlight>ObjectParameter(1)</Highlight>, ,1)/><Indent/>! Moi, je serais tombé direct dans le panneau<Indent/>!"
37590,"D'autres coffres au trésor<Indent/>! Choisis le bon, surtout..."
37591,"Ces jouets ne m'inspirent pas confiance..."
37592,"Je les ai vus<Indent/>! Juré<Indent/>! Ils se cachent quelque part..."
37593,"Voilà un joli plan d'eau... Ça ne te dérange pas que je me pose ici un moment<Indent/>?"
37594,"La statue de la prêtresse... Elle est revenue à sa place, comme si de rien n'était<Indent/>!"
37595,""
37596,""
37597,""
37598,""
37599,""
37600,"Pourquoi tant de haine...<Indent/>? <Split(<Highlight>ObjectParameter(1)</Highlight>, ,1)/>, attention<Indent/>!"
37601,"Ahahahaha<Indent/>! En plein dans le mille<Indent/>! T'as foncé tête baissée dans mon piège comme un sanglier enragé<Indent/>!"
37602,"Hé oh<Indent/>! Non<Indent/>! Tu devais te faire avoir, saperlipopette<Indent/>!"
37603,"Je vais vous montrer comment on recharge une arme avec panache<Indent/>!"
37604,"En joue... Feu<Indent/>! Feu à volonté<Indent/>! Ha ha<Indent/>!"
37605,"Hi hi<Indent/>! Qu'est-ce qu'on s'amuse<Indent/>! C'est reparti pour un tour, alors gardez les yeux bien ouverts<Indent/>!"
37606,"Et voici les meilleurs amis des aventuriers<Indent/>: les coffres au trésor<Indent/>! Lequel est le bon...<Indent/>? Choisissez bien<Indent/>!"
37607,"Ahahaha<Indent/>! Perduuu<Indent/>! Dommage..."
37608,"Ah... Tu as trouvé le bon... Ben, je te donnerai pas son contenu quand même, na<Indent/>!"
37609,"Attention tout le monde<Indent/>! J'ai préparé des cadeaux TRÈS spéciaux, rien que pour vous<Indent/>!"
37610,"Alors, alors<Indent/>? Tu as trouvé un jouet qui te plaît<Indent/>?"
37611,"Ahahaha<Indent/>! On a des problèmes de gaz<Indent/>? Pfff... La honte<Indent/>!"
37612,"Hé oh<Indent/>! Joue le jeu quand même<Indent/>! Tu peux pas éviter mes coussins péteurs comme ça<Indent/>!"
37613,"Attention les yeux, l'attraction principale va commencer<Indent/>! C'est l'heure de jouer... aux fléchettes<Indent/>!"
37614,"Notre <If(PlayerParameter(4))>première<Else/>premier</If> participant<If(PlayerParameter(4))>e<Else/></If><Indent/>: <Highlight>ObjectParameter(1)</Highlight><Indent/>! Bonne chance, et tente de décrocher le gros lot<Indent/>!"
37615,"Hi hi hi<Indent/>! Ça tourne, ça tourne, mais où va-t-elle s'arrêter<Indent/>?"
37616,"Youpiiii<Indent/>! Météore, mon préféré<Indent/>!"
37617,"Tu as gagné... un coup de super marteau géant<Indent/>!"
37618,"Bouh<Indent/>! Perdu<Indent/>! Je t'offre ces bassines comme prix de consolation<Indent/>!"
37619,"Bravo, tu as gagné le grand prix<Indent/>! Je t'offre... ma bénédiction, hihi<Indent/>!♪"
37620,"Ouh là là... J'abandonne... Moi, je voulais juste m'amuser un peu."
37621,"Enfin de quoi me distraire un peu, enfin... je l'espère<Indent/>!"
37622,"Tu es certain<If(PlayerParameter(4))>e<Else/></If> de ne pas vouloir me supplier à genou<Indent/>?"
37623,"Feu<Indent/>!"
37624,"Je vais te cribler de balles<Indent/>!"
37625,"Laisse la chance décider de ton destin<Indent/>!"
37626,"Hi hi... Il est temps de passer à un nouveau jeu<Indent/>!"
37627,"Arriveras-tu seulement à me suivre<Indent/>?"
37628,"Tournicoti<Indent/>! Tournicoton<Indent/>!"
37629,"Je ferai de toi ma nouvelle marionnette<Indent/>!"
37630,"Hmpf, j'en ai marre... Fini de jouer<Indent/>!"
37631,"Ô Dieu qui virevolte dans les cieux<Indent/>!"
37632,"Ô Dieu qui arpente la mer et la terre<Indent/>!"
37633,"Ô Dieu qui parcourt l'horizon<Indent/>!"
37634,"Les bateaux se sont tous échoués sur les bas-fonds... J'ai vu mon lot de tempêtes à Thavnair, mais jamais autant d'épaves<Indent/>!"
37635,"●とにかく、ここまで連れてきてくれて感謝だす！"
37636,""
37637,"Que voulez-vous placer sur le piédestal<Indent/>?"
37638,"La statue de passereau"
37639,"La statue de tortue"
37640,"La statue de baleine"
37641,"Annuler"
37642,"Ouh là là... Tu comptes te battre contre cette statue vivante<Indent/>!? On devrait peut-être faire machine arrière, non<Indent/>?"
37643,"Ouah<Indent/>! Les oiseaux ont grandi tout à coup<Indent/>! C'est grâce au pouvoir du joyau, j'en suis sûr<Indent/>!"
37644,"Regardez-moi, mignonne comme je suis<Indent/>! Vous pouvez me faire confiance<Indent/>!"
37645,"Pourquoi tu doutes comme ça<Indent/>? Laisse-moi vous guider, vous serez plus vite arrivés à destination<Indent/>!"
37646,"Je te propose de m'aider et toi, tu refuses tout net<Indent/>!? Pourquoi<Indent/>?"
37647,"Augmentation du niveau de menace des intrus... Actualisation de la tactique de combat..."
37648,"Hiii<Indent/>! La statue géante est devenue... encore plus géante<Indent/>!"
37649,"Imagine si la statue se remet à bouger... je ne veux pas finir écrasé sous ses pieds, moi<Indent/>!"
37650,"J-j-j'ai bien fait de vous suivre... D-désolé mais je vais profiter de cette attaque pour vous mettre au tapis<Indent/>!"
37651,"Tiens donc... On était cernés par la brume il y a encore un instant. Où avons-nous atterri<Indent/>?"
37652,"Devoir amortir sa chute sur un coussin péteur<Indent/>!? Cette fée voulait vraiment utiliser cette farce..."
37653,""
37654,"Ouah<Indent/>! Admire cette statue titanesque<Indent/>! Ce serait la prêtresse dont nous a parlé Kalika<Indent/>?"
37655,"Allez<Indent/>! Montre-moi ce que tu as dans le bide<Indent/>!"
37656,"L'air est riche en éther élémentaire d'eau... J'ai pile la créature qui convient comme invocation<Indent/>!"
37657,"Allez<Indent/>! Montre-moi ce que tu as dans le bide<Indent/>!"
37658,"La baleine a invoqué des sortes de cristaux... Ils sont jolis, mais pas très rassurants<Indent/>!"
37659,"Tiens, encore des cristaux, mais pas les mêmes que les précédents... Ne t'approche pas trop, ceux-là explosent peut-être aussi<Indent/>!"
37660,"Les cristaux sont piégés dans des bulles... Je ne comprends rien de ce qui se passe, mais ça n'est pas rassurant<Indent/>!"
37661,"Même ces gros morceaux de cristal flottent au vent grâce aux bulles<Indent/>!"
37662,"Revoilà le type de toute à l'heure<Indent/>! Il dit vouloir nous aider, mais... peut-on vraiment le croire<Indent/>?"
37663,"<Split(<Highlight>ObjectParameter(1)</Highlight>, ,1)/>に恩返しをしに来たなんて、
あのヒト、意外と義理堅いだす。"
37664,"Revoilà le type de toute à l'heure<Indent/>! Il dit vouloir se venger... Que va-t-il faire<Indent/>?"
37665,"まったく、厄介なヒトだっただす……。
<Split(<Highlight>ObjectParameter(1)</Highlight>, ,1)/>、大丈夫だすか？"
37666,"Ouah<Indent/>! Le vent souffle à nouveau, attention<Indent/>!"
37667,"泡がたくさん出てきただす！
当たらないように避けたほうがいいかも……？"
37668,"こんなに手ごわい相手と戦えるなんて、
<Split(<Highlight>ObjectParameter(1)</Highlight>, ,1)/>はやっぱり、すごいヒトだす……！"
37669,"Des intrus<Indent/>!? Il parle de nous<Indent/>? On doit être tombés sur un lieu important pourqu'il soit gardé ainsi..."
37670,"Tu vas mieux, <Split(<Highlight>ObjectParameter(1)</Highlight>, ,1)/><Indent/>? Je t'ai senti<If(PlayerParameter(4))>e<Else/></If> ailleurs pendant un moment<Indent/>!"
37671,"Ses attaques ne sont pas lancées dans la même direction que ses motifs au sol... Il doit bien y avoir une astuce pour réussir à les esquiver<Indent/>!"
37672,""
37673,""
37674,""
37675,""
37676,""
37677,""
37678,""
37679,""
37680,""
37681,""
37682,""
37683,""
37684,""
37685,""
37686,""
37687,""
37688,""
37689,""
37690,""
37691,""
37692,""
37693,""
37694,""
37695,""
37696,""
37697,""
37698,""
37699,""
37700,"Notre commanditaire devrait se trouver plus loin.<Unknown17/>Dirigeons-nous vers ce bâtiment au nord-est."
37701,"D'après la cliente, des bêtes ha<SoftHyphen/>bi<SoftHyphen/>tuel<SoftHyphen/>le<SoftHyphen/>ment dociles sont devenues agrrressives..."
37702,"Pas de problème<Indent/>! C'est pas quelques bestioles qui vont me faire peur<Indent/>!"
37703,"La chasse est ouverte<Indent/>! Pas de quartier<Indent/>!"
37704,"Vite, regardez<Indent/>! Quelqu'un est en danger<Indent/>!"
37705,"Je vais vous réduire en charpie avec ma hache<Indent/>! Yaaah<Indent/>!"
37706,"C'est tout de même étrange. D'habitude, ces bêtes sont plus dociles..."
37707,"Ma parole, mais t'es une vraie célébrité<Indent/>!"
37708,"Et sa réputation est à la hauteur de ses talents, tu peux me croirrre<Indent/>!"
37709,"Wouhou<Indent/>! Sacrée machine que vous avez là<Indent/>!"
37710,"Voilà notre cliente... Allons lui parler."
37711,"Trop facile, je peux me les faire toute seule<Indent/>!"
37712,"Attendez, c'est tout ce que vous avez dans le ventre<Indent/>?"
37713,"J'ai déjà vu ce genre de blessures avant. Ce sont des traces de serres."
37714,"Ce sont les plumes de la proie<Indent/>? Ou bien celles du prédateurrr...<Indent/>?"
37715,"Ces déjections sont fraîches... Notre cible ne doit pas être bien loin."
37716,"Là, ça ressemble enfin à une vraie chasse<Indent/>!"
37717,"Au fait, tu préfères quoi<Indent/>? Qu'on le fasse rôtir, ou qu'on le mange cru<Indent/>?"
37718,"Ne cuisine pas l'animal avant de l'avoir tué, enfin..."
37719,"Et s'ils étaient enrrragés parce que leur habitat a été saccagé<Indent/>?"
37720,"Jamais entendu parler de ça<Indent/>! Mais t'en fais pas, je sais comment les calmer<Indent/>!"
37721,"Retournons faire part de nos découvertes aux chercheurs."
37722,"Peuh... Crois pas que tu me fais peur juste parce que tu parles<Indent/>!<Unknown17/>Je vais te rabattre ton caquet et te faire bouffer tes plumes<Indent/>!"
37723,"JE VAIS RRRABATTRE TON CAQUET<Indent/>! CÔÔA<Indent/>!"
37724,"Mais il me soûle, ce piaf<Indent/>! Arrête de répéter c'que je dis<Indent/>!"
37725,"CÔÔA<Indent/>! ARRÊTE DE RÉPÉTER C'QUE JE DIS<Indent/>!"
37726,"J'ai jamais vu un colibri aussi grrros...<Indent/>!"
37727,"Merde, il prépare quelque chose<Indent/>! Faut qu'on se regroupe<Indent/>!"
37728,"Laissez-moi faire<Indent/>!"
37729,"Je le sens mal... Disperrrsez-vous<Indent/>!"
37730,"Eh bah alors, c'est tout ce que t'as<Indent/>? Encore raté, mon pote<Indent/>!"
37731,"CÔÔA<Indent/>! ENCORRRE RATÉ<Indent/>! ENCORRRE RATÉ<Indent/>!"
37732,"Allez, espèce d'emplumé<Indent/>! Il est temps qu'on en finisse<Indent/>!"
37733,"ESPÈCE D'EMPLUMÉ<Indent/>! ESPÈCE D'EMPLUMÉ<Indent/>!"
37734,"Chercher des traces de bête"
37735,"Atteindre le bâtiment au nord-est"
37736,"Porter secours à la chercheuse"
37737,"Parler à la chercheuse en inspection"
37738,"Utiliser le dispositif de déplacement"
37739,"Parler à la chercheuse commanditaire"
37740,"Abattre les animaux déchaînés"
37741,"Chercher et inspecter des traces de bête"
37742,"Éliminer les animaux enragés"
37743,"Parler à la chercheuse commanditaire"
37744,"Abattre le colibri géant"
37745,"Libérer vos camarades"
37746,"Abattre le colibri géant"
37747,"On doit bien pouvoir trouver la trace d'une grosse bête quelque part."
37748,"Chercher et inspecter à nouveau des traces de bête"
37749,"Chercher et inspecter une dernière fois des traces de bête"
37750,"Détruire les ailes du colibri géant"
37751,""
37752,""
37753,""
37754,""
37755,""
37756,""
37757,""
37758,""
37759,""
37760,""
37761,""
37762,""
37763,""
37764,""
37765,""
37766,""
37767,""
37768,""
37769,""
37770,""
37771,""
37772,""
37773,""
37774,""
37775,""
37776,""
37777,""
37778,""
37779,""
37780,""
37781,""
37782,""
37783,""
37784,""
37785,""
37786,""
37787,""
37788,""
37789,""
37790,""
37791,""
37792,""
37793,""
37794,""
37795,""
37796,""
37797,""
37798,""
37799,""
37800,"Atteindre la place du cristal"
37801,"Franchir la place du cristal"
37802,"Atteindre les portes du château de Baron"
37803,"Franchir les portes du château de Baron"
37804,"Atteindre la cour du château de Baron"
37805,"Vaincre Durante"
37806,"Qu'est-ce que t'as, Golbez<Indent/>? Il faut qu'on se bouge, avant que la ville soit mise à feu et à sang<Indent/>!"
37807,"Les salopards... Ils ont profité de notre absence pour attaquer<Indent/>!"
37808,"これほどの猛獣を使役する敵か……
ともかく城へ急ごう！"
37809,"Celui-là a l'air plus coriace que les autres... Ne baisse pas ta garde<Indent/>!"
37810,"S'ils ont de tels monstres dans leurs rangs, ça craint... On fonce vers le château<Indent/>!"
37811,"Merde<Indent/>! Nos camarades, ils... C'est fini, on peut plus rien faire pour eux."
37812,"悪党どもを一掃するぞ、ゴルベーザ！"
37813,"奴が首魁だな……逃がさんッ！"
37814,"ここは兵たちに任せよう。
俺たちは先へ！"
37815,"俺もメモリアの力を解放すべきか……
いや、それは奥の手だ。"
37816,"さすがは英雄ゴルベーザ！
俺も負けてられん！"
37817,"我ら二人に、敵う者などいない！"
37818,"Quel désastre... Si seulement on était arrivés plus tôt<Indent/>!"
37819,"Les villages environnants et maintenant la capitale<Indent/>!? Leur avidité n'a donc aucune limite<Indent/>!?"
37820,"Un embranchement... Séparons-nous pour couvrir plus de terrain<Indent/>!"
37821,"この外道どもが……！"
37822,"お前たちの好きにはさせん！"
37823,"Je vais vous montrer ce que c'est de se battre pour la justice<Indent/>!"
37824,"Des intrus<Indent/>? Vous allez goûter à ma magie<Indent/>!"
37825,"Venez à moi, cannes des ténèbres<Indent/>!"
37826,"Déchaînez votre magie<Indent/>!"
37827,"Vous n'avez encore rien vu<Indent/>!"
37828,"Préparez-vous à mourir bouche bée<Indent/>!"
37829,"Venez à moi, arcanes interdites<Indent/>!"
37830,"Entendu, Golbez... Je t'arrêterai de toutes mes forces<Indent/>!"
37831,"Q-quelle puissance...<Indent/>! Tu es encore plus fort qu'avant<Indent/>!"
37832,"Mais si tu crois en avoir fini avec moi... Eh bien tu rêves<Indent/>!"
37833,"Reprends tes esprits, Golbez<Indent/>! Tu es notre héros, ne l'oublie pas<Indent/>!"
37834,"Je t'en supplie... Ne cède pas face à tes démons intérieurs<Indent/>!"
37835,"Je dois canaliser le plus de magie possible..."
37836,"Lumière ou Ténèbres, peu importe<Indent/>! Il m'en faut plus<Indent/>!"
37837,"Essaye donc d'arrêter ce coup... Comme au bon vieux temps<Indent/>!"
37838,"S'il faut que je me laisse envahir par les Ténèbres, eh bien, soit<Indent/>!"
37839,"Cette fois, c'est la fin pour toi<Indent/>!"
37840,"Tu es encore debout... J'aurais dû m'y attendre."
37841,"Quel monstre... Tu n'es plus celui que j'ai connu<Indent/>!"
37842,"Merde... J'suis à bout...<Indent/>!"
37843,"C'est parti...<Indent/>!"
37844,""
37845,"Tiens, tiens, le héros est de retour au bercail. On va bien s'amuser<Indent/>!"
37846,"クソッ！　ここは一旦、退くぞ……！"
37847,"Non<Indent/>! Je ne peux pas mourir<Indent/>! Pas ici<Indent/>!"
37848,"Je vais vous montrer comment on manie un mémoria<Indent/>!"
37849,"Le mémoria sur le sol s'est mis à briller<Indent/>!"
37850,"C'est l'heure de manger, mes petits<Indent/>!"
37851,"Golbez, le héros de Baron... et l'épéiste Durante... Je les ai sous-estimés<Indent/>!"
37852,"Tu es... trop fort<Indent/>!"
37853,""
37854,""
37855,""
37856,""
37857,""
37858,""
37859,""
37860,""
37861,""
37862,""
37863,""
37864,""
37865,""
37866,""
37867,""
37868,""
37869,""
37870,""
37871,""
37872,""
37873,""
37874,""
37875,""
37876,""
37877,""
37878,""
37879,""
37880,""
37881,""
37882,""
37883,""
37884,""
37885,""
37886,""
37887,""
37888,""
37889,""
37890,""
37891,""
37892,""
37893,""
37894,""
37895,""
37896,""
37897,""
37898,""
37899,""
37900,"Vaincre Ifrit enflammé"
37901,"À l'attaque, <Split(<Highlight>ObjectParameter(1)</Highlight>, ,1)/><Indent/>!"
37902,"Prenez garde, ses flammes sont de plus en plus ardentes<Indent/>!"
37903,"Argh<Indent/>! Je ne peux plus... bouger...<Indent/>!"
37904,"J'ai besoin de vous, <Split(<Highlight>ObjectParameter(1)</Highlight>, ,1)/><Indent/>! Essayez de gagner du temps<Indent/>!"
37905,"On y est presque<Indent/>! OUUUAAARRRGH<Indent/>!"
37906,"Merci, c'était moins une<Indent/>!"
37907,"Attention, il prépare un coup fourré<Indent/>!"
37908,"すべてを潰すつもりか！？
あのまま、振り下ろさせるわけには……！"
37909,"Tu ne l'emporteras pas au paradis, Ifrit<Indent/>!"
37910,"<Split(<Highlight>ObjectParameter(1)</Highlight>, ,1)/><Indent/>! Est-ce que ça va<Indent/>?"
37911,"Détruisons ces épées avant qu'il n'absorbe toute leur puissance<Indent/>!"
37912,"C'est le moment ou jamais<Indent/>! Rouez-le de coups<Indent/>!"
37913,"Observez bien ses mouvements avant de tenter une esquive<Indent/>!"
37914,"Bien joué<Indent/>! Et maintenant, la contre-attaque<Indent/>!"
37915,"<Split(<Highlight>ObjectParameter(1)</Highlight>, ,1)/>... NOOOON<Indent/>!!"
37916,"C'est la fin... de mon voyage..."
37917,"Seul le pouvoir de Phénix nous permettra de résister à un tel assaut<Indent/>!"
37918,"Encore un effort, <Split(<Highlight>ObjectParameter(1)</Highlight>, ,1)/>, et il n'en restera bientôt plus que de la poussière<Indent/>!"
37919,""
37920,""
37921,""
37922,""
37923,""
37924,""
37925,""
37926,""
37927,""
37928,""
37929,""
37930,""
37931,""
37932,""
37933,""
37934,""
37935,""
37936,""
37937,""
37938,""
37939,""
37940,""
37941,""
37942,""
37943,""
37944,""
37945,""
37946,""
37947,""
37948,""
37949,""
37950,""
37951,""
37952,""
37953,""
37954,""
37955,""
37956,""
37957,""
37958,""
37959,""
37960,""
37961,""
37962,""
37963,""
37964,""
37965,""
37966,""
37967,""
37968,""
37969,""
37970,""
37971,""
37972,""
37973,""
37974,""
37975,""
37976,""
37977,""
37978,""
37979,""
37980,""
37981,""
37982,""
37983,""
37984,""
37985,""
37986,""
37987,""
37988,""
37989,""
37990,""
37991,""
37992,""
37993,""
37994,""
37995,""
37996,""
37997,""
37998,""
37999,""
38000,"Après une éternité passée dans les Ténèbres... L'heure est enfin venue<Indent/>!"
38001,"Venez à moi, ô Ténèbres de la lune..."
38002,"Rassemblez-vous... et explosez<Indent/>!"
38003,"Nulle Lumière ne perce dans les Ténèbres absolues..."
38004,"Vous aussi, goûtez au désespoir de ce Monde<Indent/>!"
38005,"Mes griffes déchirent l'espace-temps<Indent/>!"
38006,"Il est là... Je le sais..."
38007,"Mon monde... Il se trouve par-delà ce mur<Indent/>!"
38008,"Que... Quel est cet endroit<Indent/>? Que fais-je ici...<Indent/>?"
38009,"Pourquoi me faites-vous obstacle<Indent/>?"
38010,"Je veux seulement rentrer chez moi...<Indent/>!"
38011,"Ce reflet dans tes yeux... Celui des étoiles attirées par la lune..."
38012,"Ce ne sera plus qu'un lointain souvenir...<Indent/>!"
38013,"Je réaliserai mon souhait... Son souhait...<Indent/>!"
38014,"Enfin... Nous pourrons bientôt retourner au cycle de la vie..."
38015,"Je vais leur octroyer l'ultime salut<Indent/>!"
38016,"P-pourquoi vous opposez-vous à la réalisation de mon souhait le plus cher<Indent/>!?"
38017,"Puisque vous osez me tenir tête, je vais vous liquéfier<Indent/>!"
38018,"Agaçante Lumière, vas-tu donc disparaître...<Indent/>!"
38019,"Plus rien ne peut sauver ce monde."
38020,"Je veux retourner au mien, baigné par la lumière<Indent/>!"
38021,"Je vais dévorer vos âmes<Indent/>!"
38022,"Aah, les Ténèbres affluent en moi...<Indent/>!"
38023,"Tout sera englouti dans les Ténèbres<Indent/>!"
38024,"Que votre conscience s'efface à jamais...<Indent/>!"
38025,"Que votre corps soit souillé par les Ténèbres...<Indent/>!"
38026,"Vous renaîtrez dans les Ténèbres du néant..."
38027,"Vos cris de nourrissons retentiront, pleins de vigueur..."
38028,"Chérissant une vie plus forte, plus brillante que jamais...<Indent/>!"
38029,"Et lorsque je vous ramènerai à nouveau près de moi..."
38030,"Je vous le reprendrai, ce monde que je chéris tant<Indent/>!!!"
38031,"Disparaissez, vermines... Disparaissez tous<Indent/>!"
38032,"Les Ténèbres... Le néant... Les deux ne font qu'un."
38033,""
38034,""
38035,""
38036,""
38037,""
38038,""
38039,""
38040,""
38041,""
38042,""
38043,""
38044,""
38045,""
38046,""
38047,""
38048,""
38049,""
38050,""
38051,""
38052,""
38053,""
38054,""
38055,""
38056,""
38057,""
38058,""
38059,""
38060,""
38061,""
38062,""
38063,""
38064,""
38065,""
38066,""
38067,""
38068,""
38069,""
38070,""
38071,""
38072,""
38073,""
38074,""
38075,""
38076,""
38077,""
38078,""
38079,""
38080,""
38081,""
38082,""
38083,""
38084,""
38085,""
38086,""
38087,""
38088,""
38089,""
38090,""
38091,""
38092,""
38093,""
38094,""
38095,""
38096,""
38097,""
38098,""
38099,""
38100,"Atteindre le Campement tranquille"
38101,"Franchir le Campement tranquille"
38102,"Atteindre les quartiers royaux de Morgar"
38103,"Franchir les quartiers royaux de Morgar"
38104,"Atteindre le mausolée de Karryor"
38105,"Vaincre Gurfurlur"
38106,"... Vous m'avez rattrapé<Indent/>? J'ai dû trop flâner, ja..."
38107,""
38108,"Tsk. J'y suis allé trop fort<Indent/>?"
38109,"Je n'avais pas l'intention de vous barrer la route, mais qu'importe. Bonne chance pour trouver un autre passage, ja..."
38110,""
38111,"Chers GUERRIERS, il est temps de faire vos PREUVES<Indent/>!"
38112,"Souvenez-vous du PASSÉ... de ces MONTAGNES grondant de COLÈRE<Indent/>!"
38113,"Souvenez-vous du PASSÉ... de ces COULÉES emportant TOUT sur leur passage<Indent/>!"
38114,"Souvenez-vous du PASSÉ... de ces vents TEMPÉTUEUX et IMPITOYABLES<Indent/>!"
38115,"Permettez que je mesure votre FORCE à l'aune de mon POING<Indent/>!"
38116,"Ô AUGUSTE montagne, prête-moi ton POUVOIR<Indent/>!"
38117,"Que RUGISSENT les âmes des YOK HUY<Indent/>!"
38118,"Quelle TÉNACITÉ<Indent/>! Je suis IMPRESSIONNÉ<Indent/>!"
38119,"L'Histoire est GRAVÉE dans la roche, à vous de la connaître<Indent/>!"
38120,"我が守り、崩せるか……！？"
38121,"Des visiteurs, c'est rare<Indent/>! Venez vous amuser avec moi<Indent/>!"
38122,"Plus on est de fous, plus on rit<Indent/>!"
38123,"Coup de froid pour tout le monde<Indent/>!"
38124,"雪玉固めて、ゴロゴロドーン！"
38125,"Venez, venez, petits et grands<Indent/>!"
38126,""
38127,""
38128,""
38129,""
38130,""
38200,"Franchir le port de livraison"
38201,"Atteindre l'ascenseur de transport"
38202,"Vaincre Herpekaris"
38203,"Franchir la zone de contrôle des âmes"
38204,"Vaincre Mystificatrix"
38205,"Franchir le laboratoire de recherche"
38206,"Vaincre Ambrose"
38207,""
38208,""
38209,""
38210,"Alors, vous êtes arrivés <Emphasis>à bon port</Emphasis><Indent/>? Suivez le chemin, l'entrée de l'installation se trouvera sur votre droite."
38211,"Ça y est, on est entrés... C'est maintenant que les choses sérieuses commencent<Indent/>! Profitons du grabuge pour nous frayer un chemin jusqu'au niveau médian<Indent/>!"
38212,"Vous devriez atteindre le monte-charge suivant très bientôt. Attention les secousses..."
38213,"Il n'a pas l'air commode, celui-là..."
38214,"Allons allons, je suis sûr que vous allez vous en débarrasser en deux temps trois mouvements<Indent/>! Essayez de ne pas trop traîner, surtout."
38215,"En effet, c'était plutôt rapide<Indent/>!"
38216,"La sécurité va cer<SoftHyphen/>tai<SoftHyphen/>ne<SoftHyphen/>ment se renforcer de plus en plus entre ici et le sommet. Restez sur vos gardes<Indent/>!"
38217,"Un... cul-de-sac<Indent/>? Oh non..."
38218,"Avertissement... Veuillez im<SoftHyphen/>mé<SoftHyphen/>dia<SoftHyphen/>te<SoftHyphen/>ment montrer vos cartes d'employés. En cas de refus d'obtempérer, vous serez considérés comme des intrus."
38219,"D'après les in<SoftHyphen/>for<SoftHyphen/>ma<SoftHyphen/>tions dont je dispose, cette section est le lieu où les souvenirs sont extraits des âmes des défunts..."
38220,"Avancez en suivant les récipients blancs au plafond. Ils contiennent à coup sûr les réserves d'âmes envoyées à Zoraal Ja."
38221,"Vous êtes sur la bonne voie. Il devrait y avoir un téléporteur au fond, essayez de l'activer."
38222,"J'ai une bonne et une mauvaise nouvelle à vous annoncer<Indent/>: vous êtes parvenus au niveau supérieur, mais je ne peux rien vous en dire. À vous de le découvrir par vous-mêmes, de préférence sans mourir, si possible..."
38223,"... Mystificatrix a été vaincue<Indent/>!? Arrêtez-les coûte que coûte<Indent/>!"
38224,"Maintenant que tous les chercheurs sont à l'abri, la voie est libre. Envoyez-leur notre sujet expérimental favori..."
38225,"Intrus détectés... Activation des tourelles et des unités de soutien en cours..."
38226,"Interception des intrus en cours..."
38227,"Unités de soutien activées... Tirs de couverture en préparation..."
38228,"Camouflage actif enclenché..."
38229,"Tourelles activées... Tirs de suppression en préparation..."
38230,"Maintien du taux de coordination à 80%..."
38231,"Renforcement de la main non directrice..."
38232,"Intrus toujours en vie... Échec de leur élimination... Envoi du code d'alerte rouge..."
38233,"Envoi du code d'alerte rouge... Rouge de l'alerte du code d'envoi... Bzzz..."
38234,"Vous demandez une audience avec le souverain de la Force<Indent/>? Il faudra d'abord me passer sur le corps, sales petits rats des égouts du Repaire<Indent/>!"
38235,"Ma psychokinésie va vous mettre à genoux<Indent/>!"
38236,"Formation de l'aire de gravité directionnelle<Indent/>!"
38237,"Les rats s'accrochent... mais ils vont bientôt retourner dans leurs égouts en petits morceaux<Indent/>! Changement de tactique<Indent/>! "
38238,"Argh... Puisque c'est comme ça... vous allez goûter à la véritable puissance de ma psychokinésie<Indent/>!"
38239,"Graaah<Indent/>!! Ma tête...<Indent/>!"
38240,"Grrrr... Pourquoi vous êtes toujours... debout...<Indent/>!?"
38241,"GRRAAAARRGH<Indent/>!! Je dois triompher... ou sinon... les âmes..."
38242,""
38243,""
38244,""
38245,""
38246,""
38247,""
38248,""
38249,""
38250,""
38300,"Atteindre le Cercle de l'Amitié"
38301,"Vaincre Sa Cabochesté Boubouille Ier"
38302,"Atteindre la place de la Festivité"
38303,"Vaincre le diablothé"
38304,"Atteindre la chambre des Sans-repos"
38305,"Vaincre Träumerei"
38306,"Par ma bouille<Indent/>! Bienvenue à la fête des binettes super chouettes<Indent/>!"
38307,"Vous avez tous des bourrichons pas mignons<Indent/>! Heu<SoftHyphen/>reu<SoftHyphen/>se<SoftHyphen/>ment, je suis là pour vous refaire le portrait<Indent/>!"
38308,"M-m-m-m-mais pourquoi vous vous enfuyez<Indent/>!? Je fais ça pour vous rendre service, moi<Indent/>!"
38309,"Par ma bouille<Indent/>! Regardez-moi ces petites trognes trop trognonnes<Indent/>!"
38310,"Je vous présente mes amis<Indent/>! Ils ont une aussi bonne bouille que la mienne... Normal, c'est moi qui la leur ai donnée<Indent/>!"
38311,"Voyez comme ils courent bien<Indent/>! C'est ce que j'appelle un ciboulot sain sur un corps sain<Indent/>!"
38312,"M-m-m-m-mais pourquoi vous fuyez<Indent/>!? Je vous offre pourtant la chance de nous rejoindre pour toujours<Indent/>!"
38313,"Par ma bouille<Indent/>! Encore un peu, et vous pourrez nous rejoindre pour toujours<Indent/>!"
38314,"Allez, les amis<Indent/>! Montrez-leur à quoi ressemblent des bobines qui ont bonne mine<Indent/>!"
38315,"Par ma bouille<Indent/>! Pic nic douille, c'est toi l'andouille<Indent/>!"
38316,"M-m-m-m-mais je n'y comprends rien<Indent/>! Comment peut-on avoir une cervelle de petit pois au point de refuser une si belle poire<Indent/>!?"
38317,"Scrogneugneugneu, j'en ai ras la caboche<Indent/>! Vous avez tous des tronches plus tordues les unes que les autres, na<Indent/>!"
38318,"Depuis tout à l'heure, il y a quelqu'un parmi vous qui fait bande à part... Une fripouille qui refuse de rejoindre les bonnes bouilles<Indent/>!"
38319,"Par ma bouille<Indent/>! Voilà ce que j'appelle des binettes super chouettes<Indent/>!"
38320,"Allez, les amis<Indent/>! On va leur donner des frimousses à les faire frissonner de joie<Indent/>!"
38321,"Visez en priorité la fripouille qui refuse de faire comme les autres<Indent/>! On va lui dévisser la tête et la remplacer par une bien plus coquette<Indent/>!"
38322,"Par ma bouille<Indent/>! Par ma bouille<Indent/>! Je savais bien que tu aurais un plus joli minois comme ça<Indent/>!"
38323,"Dites... ce serait trop vous demander d'être un peu plus coopératifs<Indent/>? Je sais bien que le client est roi, mais ma patience a ses limites..."
38324,"Mais faites un effort et essayez de rester en place plus de deux secondes, bon sang<Indent/>! Je vous promets de vous arracher la tête en douceur<Indent/>!"
38325,"Raaaaaaaaah... Arrêtez de me chercher des embrouilles ou je vais faire de la tambouille avec vos dépouilles de niquedouilles<Indent/>!!!"
38326,"Coucou, les enfants<Indent/>! Vous venez prendre le thé avec moi<Indent/>? C'est la fêêêête<Indent/>!"
38327,"Je vais vous servir du thé, c'est ma grande spécialité<Indent/>! Mon ingrédient secret<Indent/>? Un nuage d'ectoplasme<Indent/>!"
38328,"Surpriiiise<Indent/>! Gu hu hu hu, je vous ai fait peur<Indent/>?"
38329,""
38330,""
38331,""
38332,""
38333,""
38334,"Et on fait tourner les bolinettes<Indent/>!♪ Et puis aussi vos petites têtes<Indent/>!♪"
38335,"Le deuxième service est prêêêêt<Indent/>! Gu hu hu hu, vous m'en direz des nouvelles<Indent/>!"
38336,"Le spectacle... est terminé... Bonne nuit... les petits..."
38337,"Venez, les amis, on va attraper les bourrichons pas mignons tous ensemble<Indent/>!"
38338,"Le matin a cessé de se lever, et les lendemains ont brisé toutes leurs promesses. À votre tour désormais de sombrer dans un cauchemar sans fin..."
38339,""
38340,"Vous n'aurez bientôt plus nulle part où fuir..."
38341,""
38342,"Vous semblez différents des piètres combattants que j'ai affrontés avant vous. Dans ce cas, je vais vous faire voir des ténèbres encore plus noires..."
38343,"Ô esprits engloutis dans un rêve sans fin... Venez à moi<Indent/>!"
38344,"Visiteurs, je vais vous aider<Indent/>! Placez-vous sur les marques qui brillent afin que je vous transforme en ectoplasme. Vous pourrez ainsi traverser les murs<Indent/>!"
38345,"Mais prudence, car Träumerei peut aussi détruire ce qui est immatériel... En cas de danger, placez-vous à nouveau sur les marques pour inverser la transformation<Indent/>!"
38346,""
38347,""
38348,""
38349,"Bienvenue au Parc-aux-Errants où se réalisent tous les rêves les plus fous<Indent/>! Veuillez suivre le parcours dans le sens de la visite, sans pousser les gens devant vous<Indent/>!"
38350,"L'accès est autorisé vingt-quatre heures sur vingt-quatre sans interruption, tous les jours de l'année. Savourez un instant de rêve éveillé au Parc-aux-Errants, le parc qui ne trouve jamais le repos<Indent/>!"
38351,"Le spectacle de notre mascotte bien-aimée, “Sa Cabochesté Boubouille Ier”, va commencer dans quelques instants<Indent/>! Ne manquez pas cette occasion de rejoindre son cercle d'amis<Indent/>!"
38352,"La promenade des Guillerets regorge d'attractions toutes plus enchanteresses les unes que les autres<Indent/>! Veillez à bien suivre le parcours prévu sans vous laisser distraire par la magie des lieux<Indent/>!"
38353,"Le diablothé vous attend pour prendre le thé en votre compagnie<Indent/>! Tous les amateurs de boissons chaudes sont les bienvenus, même les buveurs de café<Indent/>!"
38354,"Bienvenue au Manoir sans fin... La visite sera commentée par votre humble serviteur, un revenant aux rêves brisés qui vous a précédés en ces lieux..."
38355,"Je vois que vous faites peu de cas des fantômes qui essaient de vous barrer la route. Peut-être serez-vous capables de vaincre le maître de ce manoir..."
38356,"Le maître des lieux, Träumerei, attend dans la chambre la plus reculée... C'est un enchevêtrement de pensées négatives que l'on surnomme “le roi des cauchemars”."
38357,"Mais n'ayez crainte... je vous prêterai mon aide. Prenez garde de bien suivre mes conseils..."
38358,""
38359,""
38360,""
38361,""
38362,""
38363,""
38364,""
38365,""
38400,"Atteindre le bassin aux punutiy"
38401,"Franchir le bassin aux punutiy"
38402,"Atteindre la Caverne assoupie"
38403,"Franchir la Caverne assoupie"
38404,"Atteindre le Cœur de la Selve"
38405,"Vaincre l'apollyon"
38406,"Tiens, une autre barge devant nous<Indent/>! À votre avis, c'est Zoraal Ja<Indent/>? Ou pire... Bakool Ja Ja<Indent/>!?"
38407,"On a pas vraiment le luxe de s'en soucier pour l'instant<Indent/>! Je compte sur vous pour chasser ces créatures<Indent/>!"
38408,"Il commence à pleuvoir..."
38409,"Enfin<Indent/>! Depuis le temps qu'on vous attendait<Indent/>!"
38410,"Rhaa, vous avez d'la ressource, ja<Indent/>! Heu<SoftHyphen/>reu<SoftHyphen/>se<SoftHyphen/>ment, on a une autre idée pour vous ralentir<Indent/>!"
38411,"Nahahahahaha<Indent/>! À la revoyure, bande de nazes<Indent/>!"
38412,"Le harnais a pris un mauvais coup<Indent/>! On ne peut pas continuer dans cet état..."
38413,"Continuez par les terres<Indent/>! On se retrouve tout à l'heure, plus en amont<Indent/>!"
38414,"Vous ici<Indent/>? Un souci avec votre embarcation, peut-être<Indent/>?"
38415,"Navré, mais vous allez devoir emprunter un autre chemin<Indent/>!"
38416,"C'est la barge de Bakool Ja Ja, non<Indent/>? Restons sur nos gardes<Indent/>!"
38417,"Quel lâche<Indent/>! S'attaquer à notre embarcation<Indent/>!"
38418,"Erenville<Indent/>! La barge perd de la vitesse, non<Indent/>!?"
38419,"On a besoin de réparer le harnais avant de continuer..."
38420,"On a un petit cadeau pour vous<Indent/>! Il vaut mieux donner que recevoir, non<Indent/>!?"
38421,""
38422,""
38423,""
38424,""
38425,""
38426,""
38427,""
38428,""
38429,""
38430,""
38431,""
38432,""
38433,""
38434,""
38435,""
38436,""
38437,""
38438,""
38439,""
38440,""
38441,""
38442,""
38443,""
38444,""
38445,""
38446,""
38447,""
38448,""
38449,""
38450,""
38500,"Vainquez Gulool Ja Ja<Indent/>!"
38501,"À nous trois, <If(PlayerParameter(4))>chère invitée<Else/>cher invité</If>. Viens donc nous divertir, ja<Indent/>!"
38502,"Attention, nous voilà<Indent/>!"
38503,"C'était trop évident pour toi, il faut croire<Indent/>!"
38504,"Hé, ja. Ne commence pas à nous décevoir<Indent/>!"
38505,"As-tu déjà entendu parler des rôdeurs vipère<Indent/>?"
38506,"Tu as adopté le style des rôdeurs vipère..."
38507,"Cette technique leur appartient... Essaie donc de la déjouer, pour voir<Indent/>!"
38508,"Estinien disait donc vrai à ton propos... Dans ce cas...<Indent/>!"
38509,"Ô flammes bénies, la Force et la Raison vous l'ord..."
38510,"Ah, parbleu... J'avais oublié, ja."
38511,""
38512,"Au diable l'avarice<Indent/>!"
38513,"C'est reparti pour un tour<Indent/>!"
38514,"Tu n'as encore rien vu de l'Aurarque de la Force<Indent/>!"
38515,"Guahahaha<Indent/>! C'est bien, tu as du répondant, ja<Indent/>!"
38516,"Tu as réussi l'exploit de piquer notre intérêt<Indent/>!"
38517,"Voyons voir comment tu t'en sors dos au mur<Indent/>!"
38518,"Bien, nous en avons vu assez, ja<Indent/>! Restons-en là pour cette fois<Indent/>!"
38519,"Guoooooh<Indent/>!"
38520,""
38521,""
38522,""
38523,""
38524,""
38525,""
38526,""
38527,""
38528,""
38529,""
38530,""
38531,""
38532,""
38533,""
38534,""
38535,""
38536,""
38537,""
38538,""
38539,""
38540,""
38541,""
38542,""
38543,""
38544,""
38545,""
38546,""
38547,""
38548,""
38549,""
38600,"Atteindre le Thrène aux enfants sacrifiés"
38601,"Franchir le Thrène aux enfants sacrifiés"
38602,"Atteindre le terrain d'en<SoftHyphen/>traî<SoftHyphen/>ne<SoftHyphen/>ment de Vurgar"
38603,"Franchir le terrain d'en<SoftHyphen/>traî<SoftHyphen/>ne<SoftHyphen/>ment de Vurgar"
38604,"Atteindre la porte de l'or pourpre"
38605,"Vaincre le Cabosseur"
38606,"Des rats ont pénétré le domaine ! Je répète, des rats ont pénétré le domaine ! Nettoyeurs, faites votre office !"
38607,"Soldats de pierre, éveillez-vous ! Éliminez la vermine !"
38608,"Ces rats sont coriaces... Trop coriaces ! Poursuite de la procédure d'élimination !"
38609,"Impossible... Mes soldats de pierre, vaincus... ? Alors, le colosse doit s'éveiller à son tour !"
38610,"Assemblage du noyau terminé... Colosse de pierre activé ! Anéantissement des intrus !"
38611,"Je sens la force... m'envahir ! Les rats doivent être détruits ! Détruits ! Détruits !"
38612,"Levée des restrictions... du marteau magique... Les rats seront balayés ! Balayés ! Balayés !"
38613,"Levée des restrictions... du plancher brûlant... Les rats seront réduits en cendres ! En cendres ! En cendres !"
38614,"Levée de toutes les restrictions... Les rats doivent être massacrés ! Massacrés ! Massacrés !"
38615,"Poursuivez Apyaahi<Indent/>!"
38616,"Prêtez main-forte à vos camarades<Indent/>!"
38617,"Prêtez main-forte à vos camarades<Indent/>!"
38618,"Vainquez le moisi-pampa<Indent/>!"
38619,"Renvoyez l'attaque du moisi-pampa<Indent/>!"
38620,"Vainquez Apyaahi et son moisi-pampa<Indent/>!"
38621,""
38622,"Il faudrait pourchasser Apyaahi, mais on ne peut pas laisser ces monstres en liberté<Indent/>!"
38623,"<Split(<Highlight>ObjectParameter(1)</Highlight>, ,1)/>, aide-nous à les éliminer vite fait bien fait<Indent/>!"
38624,"Parrr ici, tout le monde<Indent/>!"
38625,"Je vois que mes chers monstrounets ont du mal à vous tenir tête..."
38626,"Peut-être que celui-ci y parviendra mieux<Indent/>?"
38627,""
38628,""
38629,""
38630,""
38631,"Vous vous en sortez bien... pour l'instant<Indent/>!"
38632,"Ce n'est pas le moment de lâcher mais... on n'en voit pas le bout<Indent/>! "
38633,"Je n'ai plus d'autre choix que d'utiliser ma botte secrète... Protégez-moi pendant que je me concentre<Indent/>!"
38634,"Qu'est-ce que tu trafiques, toi<Indent/>? À l'attaque, monstrounets<Indent/>! Montrez-lui que nous sommes les plus nombreux, donc les plus forts<Indent/>!"
38635,"Toutes ces créatures annihilées... d'un seul coup<Indent/>!?"
38636,"Ne vous inquiétez pas, j'ai d'autres tours dans mon sac que la submersion par le nombre... Sur ce, à plus tard<Indent/>!"
38637,"Ne la laissez pas s'échapper, <Split(<Highlight>ObjectParameter(1)</Highlight>, ,1)/><Indent/>! On se charrrge de ses monstres à la noix<Indent/>!"
38638,""
38639,"Urgh... Ils sont costauds, ceux-là<Indent/>!"
38640,"Je me suis dit que j'allais vous faire affronter de nouveaux monstres pour varier les plaisirs<Indent/>! Ça tombe bien, j'en ai rencontré un paquet pendant mon exploration du Tural<Indent/>!"
38641,"On y est presque<Indent/>! Attrapons cette sorcière avant qu'elle s'échappe<Indent/>!"
38642,"Allons, mes petits bouts de chou... Vous ne pensez pas avoir déjà gagné, quand même<Indent/>?"
38643,"Mon prochain toutou risque de vous donner du fil à retordre... D'ailleurs, le voilà<Indent/>!"
38644,"Envoie-nous tous les toutous que tu veux, sale mégère<Indent/>! On finira par avoir ta peau quoi qu'il arrive<Indent/>!"
38645,"Continuez comme ça, ja<Indent/>! Avec mes potions en guise de soutien, nous ne pouvons pas perdre<Indent/>!"
38646,""
38647,"Ma volonté de puissance surpassera toutes les limites, vous m'entendez<Indent/>?"
38648,"Attention, ça sent le roussi, ja<Indent/>!"
38649,"Mettez-vous à l'abri derrière moi, je me charge du reste<Indent/>!"
38650,"Non mais oh<Indent/>! Vous n'avez pas honte de parer mes attaques comme des malpropres depuis le début de cette escarmouche<Indent/>!?"
38651,"Vous aurez beau vous accrocher à la vie de toutes vos forces... mon coup de grâce aura raison de votre volonté<Indent/>!"
38652,""
38653,""
38654,"Quelle bande de pots de colle, je vous jure<Indent/>! Il va falloir passer aux choses sé... Hmm<Indent/>? Que se passe-t-il<Indent/>?"
38655,"Tiens donc, mes gentils petits monstres deviennent tout brumeux..."
38656,"Hmm... Votre opiniâtreté dépasse mes prédictions, je dois l'admettre."
38657,"Ma victoire sur vous restera donc dans les annales de l'histoire du Tuliyollal... Tout comme la disparition imminente de la cité aux cent mille tacos<Indent/>!"
38658,"Elle s'enfuit encore, la garce<Indent/>! <Split(<Highlight>ObjectParameter(1)</Highlight>, ,1)/>, rattrape-la tout de suite<Indent/>!"
38659,""
38660,"Mon royaume sera celui de la liberté absolue<Indent/>! Ceux qui voudront m'empêcher de le fonder signeront par là leur arrêt de mort<Indent/>!"
38661,"Montre-lui ce qu'est la puissance absolue, mon petit pampa chéri<Indent/>!"
38662,"Mais... j'ai besoin de lunettes comme l'autre archère binoclarde ou quoi<Indent/>? Te voilà tout brumeux, toi aussi..."
38663,"C'en est fini de toi, héro<If(PlayerParameter(4))>ïne<Else/>s</If> d'Éorzéa<Indent/>! Tu te seras vaillamment battu<If(PlayerParameter(4))>e<Else/></If>, mais les plus belles aventures ont toujours une fin<Indent/>!"
38664,"Que les bourgeons de ma liberté fleurissent sur ton cadavre moisi<Indent/>!"
38665,"Tu perds rien pour attendre, roulure<Indent/>!"
38666,""
38667,""
38668,"Quelle belle brochette... Restez bien alignés, je vais faire d'une pierre six coups<Indent/>!"
38669,"Donne tout ce que tu as dans tes tripes pourries, mon pampa d'amour<Indent/>!"
38670,"Bordel, il devient de plus en plus balèze<Indent/>!"
38671,""
38672,"On arrive à la rescousse<Indent/>! À nous tous, on va repousser l'attaque de ce gros patapouf malodorant<Indent/>!"
38673,"Bien dit<Indent/>! L'union fait la force, ja<Indent/>!"
38674,"Quoi<Indent/>!? Comment pouvez-vous surpasser la puissance incommensurable de mon totem<Indent/>!? De quelle planète venez-vous<Indent/>!?"
38675,"Si vous saviez à quel point vous feriez de bons Affranchis..."
38676,"Et voilà<Indent/>! La victoire revient à la grande et belle Apyaahi, la femme la plus libre qui n'ait jamais existé dans ce monde d'esclaves<Indent/>!"
38677,"Encore un petit effort, mon pampa adoré<Indent/>!"
38678,"On se rassemble tous autour de notre ami<If(PlayerParameter(4))>e<Else/></If> <Split(<Highlight>ObjectParameter(1)</Highlight>, ,1)/><Indent/>! Maintenant<Indent/>!"
38679,"Parfait<Indent/>! Comme ça, vous serez tous balayés en même temps, hi hi<Indent/>!"
38680,"Écartez-vous ou nous y passerons tous<Indent/>!"
38681,"Misérables gueux... Pampa de mon cœur, utilise ta technique favorite<Indent/>!"
38682,"C'est... du poison<Indent/>!? Esquivez-le du mieux que vous pouvez<Indent/>!"
38683,"Bah<Indent/>! Vous ne pouvez rien contre le plus puissant des totems de Supersage, hi hi hi..."
38684,"Non<Indent/>! Ce... Ce n'est pas terminé... Ma réserve de créatures est infinie...<Indent/>!"
38685,"Plongez six fulms sous terre, votre tombeau vous y attend<Indent/>!"
38686,"Ton cher monstrounet ne résistera pas à ce coup ravageurrr, Affranchie de mes fesses<Indent/>!"
38687,"Oh non, la rrriposte arrive encore d'en haut<Indent/>!"
38688,""
38689,"Je m'occupe de régler nos autres problèmes aériens<Indent/>! Pendant ce temps, flanquez une bonne raclée à ce maudit piaf<Indent/>!"
38690,"Et tu crois que je vais te regarder faire les bras croisés<Indent/>?"
38691,""
38692,""
38693,""
38694,""
38695,""
38696,""
38697,""
38698,""
38699,""
38700,"Franchir Sa vie"
38701,"Vaincre Anti-virus X"
38702,"Franchir Son trépas"
38703,"Vaincre Amalgame Y"
38704,"Franchir Mon sommeil"
38705,"Vaincre Annihilation"
38706,""
38707,""
38708,""
38709,""
38710,"L'heure est venue de dire adieu à ces souvenirs d'un lointain temps de paix..."
38711,"Il paraît que Sa Majesté Sphene est de passage en ville<Indent/>!"
38712,"Corps étrangers détectés. Élimination impérative."
38713,"Votre sourire est le plus beau symbole de paix, Votre Majesté."
38714,"Comment ne pas sourire en vous voyant tous si heureux<Indent/>?"
38715,""
38716,"Survie des corps étrangers confirmée. Exécution du protocole de sécurité niveau 3."
38717,"Exécution du protocole de sécurité."
38718,"Mes précieux sujets, je protégerai chacun et chacune d'entre vous..."
38719,"Les douloureux souvenirs de mon royaume à feu et à sang seront effacés, eux aussi..."
38720,"Vite, allez tous vous réfugier dans le château<Indent/>!"
38721,"Corps étrangers détectés. Élimination impérative."
38722,"Ohé<Indent/>! Personne n'est resté en arrière<Indent/>?"
38723,"Là-bas, on a besoin de notre aide<Indent/>! Approchez-vous<Indent/>!"
38724,""
38725,"Non<Indent/>! Fuyez, je vous en prie<Indent/>!"
38726,"Par pitié<Indent/>! Ne vous en faites pas pour moi<Indent/>!"
38727,"Puissions-nous être réunis à nouveau, Votre Majesté<Indent/>!"
38728,"Invasion des corps étrangers en progression. Exécution du protocole de sécurité niveau 5."
38729,""
38730,"Soyez tranquilles... Vos vies se poursuivront..."
38731,"Mes dernières réminiscences, avant<Indent/>...<Indent/>...venir une Étern..."
38732,"Corps étrangers #*$ctés. Exécuti=@ +!# &;? de sécurité."
38733,"On raconte qu'ils auraient<Indent/>...ussi à préserver les souveni...<Indent/>...tre reine..."
38734,"On peut pas<Indent/>...donner<Indent/>! Pas tant que la<Indent/>...dienne d...<Indent/>...ternité<Indent/>...achevée<Indent/>!"
38735,"Élimination *?tive #;& corps étrangers avant suppression #$% )ß÷ mémoire."
38736,""
38737,""
38738,""
38739,""
38740,"Exécution du protocole *! @+(curité #^% 9."
38741,"Activat>? #$% systèmes d'armement. Début de *!+nation."
38742,"Tentative d'élimination par incision..."
38743,""
38744,"Nouvelle tentative d'élimination par incision..."
38745,"Échec de l'élimination. Activation du processus d'<Emphasis>extermination</Emphasis>..."
38746,"Tentative d'extermination par systèmes d'armement multiples..."
38747,"Initialisation de la séquence d'attaque finale..."
38748,"Tentative d'extermination par décharge d'énergie à ultra-haute intensité..."
38749,"Accumulation d'énergie interrompue..."
38750,"Accumulation terminée. Niveau d'énergie maximum."
38751,"Exécution du programme d'attaque finale..."
38752,"Survie des corps étrangers confirmée. Poursuite du processus d'extermination..."
38753,"Purge..."
38754,""
38755,"Instruction confirmée. Anéantissement..."
38756,"Carnage... Massacre... Extermination..."
38757,""
38758,""
38759,""
38760,""
38761,""
38762,""
38763,""
38764,""
38765,""
38766,""
38767,""
38768,""
38769,""
38770,""
38800,"Atteindre le garage central"
38801,"Vaincre le commandant de L'Avant-garde R8"
38802,"Atteindre la salle d'inspection sécuritaire"
38803,"Vaincre le Protecteur"
38804,"Atteindre la salle de contrôle de L'Avant-garde"
38805,"Vaincre Zander le constricteur"
38806,"Alerte<Indent/>! Alerte<Indent/>! Intrus repérés<Indent/>! Déployez les drones et tirez<Indent/>!"
38807,"L'Avant-garde est attaquée<Indent/>! Je répète, L'Avant-garde est attaquée<Indent/>! À toutes les unités, préparez-vous au combat<Indent/>!"
38808,"Localisation des intrus effectuée<Indent/>! Unité motorisée, interceptez-les<Indent/>!"
38809,"Maudits sauvages<Indent/>! Alimentez le pont de connexion afin de faire apparaître les créatures de foudre<Indent/>!"
38810,"Les ennemis de Sa Majesté Zoraal Ja doivent tous mourir<Indent/>! Envoyez des renforts<Indent/>!"
38811,"Alerte<Indent/>! Intrus repérés<Indent/>! J'enclenche le processus d'extermination<Indent/>!"
38812,"Lame latérale déployée... Préparez-vous aux manœuvres à grande vitesse<Indent/>!"
38813,"Lame latérale redéployée... Repréparez-vous aux manœuvres à grande vitesse<Indent/>!"
38814,"Réévaluation des forces ennemies... Envoyez des renforts im<SoftHyphen/>mé<SoftHyphen/>dia<SoftHyphen/>te<SoftHyphen/>ment<Indent/>!"
38815,"À toutes les unités<Indent/>! Désenclenchez les limiteurs et effectuez des assauts rapides<Indent/>!"
38816,"À toutes les unités<Indent/>! Effectuez des attaques aériennes<Indent/>!"
38817,"Rectification de l'objectif<Indent/>! Déployez les armes électrope antiper<SoftHyphen/>son<SoftHyphen/>nelles<Indent/>!"
38818,"Vous allez comprendre que vous faites pas le poids contre moi<Indent/>!"
38819,"Prosternez-vous devant moi<Indent/>!"
38820,"Im<SoftHyphen/>pres<SoftHyphen/>sionnant<Indent/>! Voyons combien de temps vous tiendrez."
38821,"Im-impossible<Indent/>! Mais... n-ne croyez pas... m'avoir vaincu<Indent/>!"
38822,"Revitalisation réussie... Fini de jouer, maintenant<Indent/>!"
38823,"Tremblez devant ma nouvelle apparence<Indent/>! Vous allez payer pour l'âme que vous m'avez fait gâcher<Indent/>!"
38824,"Aucun d'entre vous ne peut manier le sabre comme moi<Indent/>!"
38825,"Essayez de survivre à mes techniques ophidiennes, si vous le pouvez<Indent/>!"
38826,"Je vais vous découper en petits morceaux<Indent/>!"
38827,"J'offrirai vos têtes à Zoraal Ja<Indent/>!"
38828,"Rampez comme la vermine que vous êtes<Indent/>!"
38829,"吹き飛べ、塵芥の如くッ……！"
38830,"Alerte<Indent/>! Intrus repérés<Indent/>! Initialisation du protocole d'extermination du Protecteur<Indent/>!"
38831,""
38832,"Déploiement des drones... Déclenchement des tirs de suppression<Indent/>!"
38833,"Déploiement de la barrière de brouillage... Bloquez les actions des intrus<Indent/>!"
38834,""
38835,"Code d'urgence envoyé<Indent/>! Entrée imminente des intrus dans le secteur<Indent/>!"
38836,"Ô serpent, toi qui domines la terre<Indent/>! Donne-moi ta force<Indent/>!"
38837,"Signes de vie des intrus détectés<Indent/>! Attaquez toute source de mouvements<Indent/>!"
38838,""
38839,""
38840,""
38841,""
38842,""
38843,""
38844,""
38845,""
38846,""
38847,""
38848,""
38849,""
38850,""
38851,""
38852,""
38853,""
38854,""
38855,""
38856,""
38857,""
38858,""
38859,""
38860,""
38861,""
38862,""
38863,""
38864,""
38865,""
38866,""
38867,""
38868,""
38869,""
38870,""
38871,""
38872,""
38873,""
38874,""
38875,""
38876,""
38877,""
38878,""
38879,""
38880,""
38881,""
38882,""
38883,""
38884,""
38885,""
38886,""
38887,""
38888,""
38889,""
38890,""
38891,""
38892,""
38893,""
38894,""
38895,""
38896,""
38897,""
38898,""
38899,""
38900,"Vainquez Bakool Ja Ja !"
38901,"Vainquez ses hommes de main !"
38902,"Venez à bout de Bakool Ja Ja et ses sbires !"
38903,"D'accord, chatonne... Puisque t'as besoin d'une nounou, on va s'occuper de toi !"
38904,"On va t'envoyer valser, ja !"
38905,"Je m'en cogne d'être une inférieure ! Tu vas payer pour tout c'que t'as fait !"
38906,"Ha ha, combien de temps tu crois que tu vas tenir comme ça ?"
38907,"J'ai appris tant de choses durant ce voyage...<Unknown17>F67D32FB</Unknown17>Sur ce pays, ses habitants, et même sur moi !"
38908,"Laisse-moi jouer un peu aussi, frangin !"
38909,"Pas besoin d'y aller trop fort sur la pauvre minette !"
38910,"J'ai enfin pu comprendre ce qu'était vraiment la paix...<Unknown17>F67D32FD</Unknown17>C'est de bâtir une nation où tout le monde peut vivre heureux !"
38911,"T'es bien coriace, pour une inférieure !"
38912,"Quand est-ce qu'on la tue, frangin ?"
38913,"C'est fini pour toi, l'inférieure !!"
38914,"On va t'écrabouiller, microbe !"
38915,"Très bien, que dis-tu de ça !?<Unknown17>F67D33A9</Unknown17>Alors, petite ? Sauras-tu deviner qui est le vrai !?"
38916,"Succéder à mon vieux, c'est pas simplement le remplacer sur le trône.<Unknown17>F67D32FF</Unknown17>C'est hériter de l'amour qu'il portait à son pays et à ses sujets !"
38917,"Mais comment... Elle est plus coriace qu'avant !?"
38918,"Sale petite... ! Tu vas crever, ja !?"
38919,"Cette fois, on va te réduire en charpie pour de bon !!"
38920,"Moi aussi, je veux protéger le bonheur de mon peuple ! C'est pour ça que je vais devenir reine !!"
38921,"Alors pas question de perdre... contre une ordure comme toi !!"
38922,"Q-quoi... !? On y avait mis toutes nos forces !"
38923,"Faut faire quelque chose ! Venez, on va l'aider<Indent/>!"
38924,"Hé, on vous a dit de pas intervenir ! C'est entre la minette et nous !"
38925,"Vous voulez nous couvrir de honte, ou quoi !?"
38926,"Fermez-la ! Vous êtes pas le seul pour qui ce combat est important !<Unknown17>F67D33BB</Unknown17>On ne peut pas se permettre que vous le perdiez !"
38927,"Ha ! Ça se prétend “supérieur”, mais ça peut pas se battre à la loyale !"
38928,"Vous pouvez venir autant que vous voulez, j'vous prends tous !<Unknown17>F67D3304</Unknown17>Plein de gens croient en moi ! Je sais que je peux pas perdre !"
38929,"Impossible... Où trouve-t-elle toute cette détermination !?"
38930,""
38931,""
38932,""
38933,""
38934,""
38935,""
38936,""
38937,""
38938,""
38939,""
38940,""
38941,""
38942,""
38943,""
38944,""
38945,""
38946,""
38947,""
38948,""
38949,""
38950,""
38951,""
38952,""
38953,""
38954,""
38955,""
38956,""
38957,""
38958,""
38959,""
38960,""
38961,""
38962,""
38963,""
38964,""
38965,""
38966,""
38967,""
38968,""
38969,""
38970,""
38971,""
38972,""
38973,""
38974,""
38975,""
38976,""
38977,""
38978,""
38979,""
38980,""
38981,""
38982,""
38983,""
38984,""
38985,""
38986,""
38987,""
38988,""
38989,""
38990,""
38991,""
38992,""
38993,""
38994,""
38995,""
38996,""
38997,""
38998,""
38999,""
39000,"Vainquez Samidare<Indent/>!"
39001,"Il faut récupérer le totem<Indent/>!"
39002,"Avec ce totem, je peux facilement utiliser n'importe quelle technique<Indent/>!"
39003,"Une compétence qui permet de contrôler les bêtes sauvages... Venez me prêter votre force<Indent/>!"
39004,"Essayez donc de fuir, allez<Indent/>!"
39005,"Maintenant<Indent/>! Arrêtez-les<Indent/>!"
39006,"Rah... Ils sont beaucoup<Indent/>! Je vais leur tirer dessus<Indent/>!"
39007,""
39008,"Grrr, vous êtes tenaces<Indent/>! Puisque c'est comme ça, dites bonjour au Frère suprême<Indent/>!"
39009,"Vous bougez un peu trop à mon goût<Indent/>!"
39010,"Et maintenant, Sadu va se débarrasser de vous d'un seul coup<Indent/>!"
39011,"Ah ha ha<Indent/>! Je vais vous exterminer<Indent/>!"
39012,"Vous ne me laissez pas le choix<Indent/>! C'est la protectrice de Yanxia qui vous donnera le coup de grâce<Indent/>!"
39013,"Tremblez devant la puissance de Tamamo-no-Gozen<Indent/>!"
39014,"Ça sent mauvais, éloignons-nous de lui<Indent/>!"
39015,"C'est loin d'être terminé<Indent/>!"
39016,"De ces neuf queues vont naître les pires désastres..."
39017,"L'énergie contenue dans ce sol va me servir à déclencher une catastrophe d'une ampleur ex<SoftHyphen/>cep<SoftHyphen/>tion<SoftHyphen/>nelle<Indent/>!"
39018,"Elle dégage une puissance incroyable<Indent/>! Il faut absolument l'arrêter<Indent/>!"
39019,"10 secondes avant Nonuple catastrophe"
39020,"5 secondes"
39021,"4 secondes"
39022,"3 secondes"
39023,"2 secondes"
39024,"1 seconde"
39025,""
39026,"Haa... Haa... Comment avez-vous pu survivre à une telle attaque<Indent/>!?"
39027,"Tant que j'ai ce totem avec moi, je suis certain de gagner<Indent/>!"
39028,"Je refuse de perdre... contre vous..."
39029,"Brisez la chaîne poisseuse et sauvez Kuiyki<Indent/>!"
39030,"Détruisez les orbes ténébreux<Indent/>!"
39031,"On va voir ce que vous valez face à I'toca, la meilleure des chasseuses<Indent/>!"
39032,"Regarde, utiliser de grosses attaques semble l'avoir fatigué<Indent/>! C'est maintenant ou jamais<Indent/>!"
39033,""
39034,""
39035,""
39036,""
39037,""
39038,""
39039,""
39040,""
39041,""
39042,""
39043,""
39044,""
39045,""
39046,""
39047,""
39048,""
39049,""
39050,""
39051,""
39052,""
39053,""
39054,""
39055,""
39056,""
39057,""
39058,""
39059,""
39060,""
39061,""
39062,""
39063,""
39064,""
39065,""
39066,""
39067,""
39068,""
39069,""
39070,""
39071,""
39072,""
39073,""
39074,""
39075,""
39076,""
39077,""
39078,""
39079,""
39080,""
39081,""
39082,""
39083,""
39084,""
39085,""
39086,""
39087,""
39088,""
39089,""
39090,""
39091,""
39092,""
39093,""
39094,""
39095,""
39096,""
39097,""
39098,""
39099,""
39100,"Notre idole à la fois douce et piquante a fait son entrée en scène<Indent/>!"
39101,"Honey B. vient d'attaquer avec son effroyable dard empoisonné<Indent/>!"
39102,"Attention les mirettes<Indent/>! Honey B. nous dévoile tout son charme<Indent/>!"
39103,"Le public exprime son extase devant tant de beauté<Indent/>!"
39104,"Voyons si notre challenger saura résister à l'aura envoûtante de Honey B.<Indent/>!"
39105,"Ça devait arriver<Indent/>! Le charme de Honey B. est irrésistible<Indent/>!"
39106,"Eh bien<Indent/>? On dirait que notre chère Honey B. change de stratégie<Indent/>!"
39107,"Fantastique<Indent/>! Nos combattants s'affrontent sans retenue<Indent/>!"
39108,"Bienvenue dans le monde joyeux et doux de Honey B. Lovely, mes chéris<Indent/>!"
39109,"Voyons ce que vous pensez de ça..."
39110,"Attention, je vais piquer avec mon dard<Indent/>!"
39111,"Goûtez un peu à mon puissant venin<Indent/>!"
39112,"Prosternez-vous devant moi<Indent/>!"
39113,"Bravo à moi<Indent/>! Je suis tellement brillante<Indent/>!"
39114,"Voilà un combat comme je les aime<Indent/>!"
39115,"Ne m'en voulez pas si vous perdez la vie, hein<Indent/>?"
39116,"Ça faisait si longtemps que j'avais pas éprouvé autant de plaisir<Indent/>!"
39117,"Mes très chers fans<Indent/>! Êtes-vous prêts à succomber à mon charme<Indent/>?"
39118,"Je vais tous vous envoûter<Indent/>!"
39119,"Vous êtes désormais tous mes petites ouvrières<Indent/>!"
39120,"Mes jolis cœurs, le spectacle n'est pas encore fini<Indent/>!"
39121,"J'y crois pas<Indent/>! On ose résister à mon charme divin<Indent/>!?"
39122,"Merci à tous pour votre soutien<Indent/>! Je vous aime énormément<Indent/>!"
39123,"Raaah<Indent/>! J'ai horreur qu'on n'apprécie pas ma beauté, moi<Indent/>!"
39124,"Foi de Honey B., je vais être impitoyable maintenant<Indent/>!"
39125,"Allez<Indent/>! Je sais que vous êtes tous fous de moi<Indent/>!"
39126,"Comment oses-tu me voler la vedette<Indent/>!?"
39127,"Ça suffit maintenant<Indent/>! Il est temps de tirer ta révérence<Indent/>!"
39128,"Tu l'auras cherché<Indent/>! Adieu<Indent/>!"
39129,"Vaincre Honey B. Lovely"
39130,""
39131,""
39132,""
39133,""
39134,""
39135,""
39136,""
39137,""
39138,""
39139,""
39140,""
39141,""
39142,""
39143,""
39144,""
39145,""
39146,""
39147,""
39148,""
39149,""
39150,""
39151,""
39152,""
39153,""
39154,""
39155,""
39156,""
39157,""
39158,""
39159,""
39160,""
39161,""
39162,""
39163,""
39164,""
39165,""
39166,""
39167,""
39168,""
39169,""
39170,""
39171,""
39172,""
39173,""
39174,""
39175,""
39176,""
39177,""
39178,""
39179,""
39180,""
39181,""
39182,""
39183,""
39184,""
39185,""
39186,""
39187,""
39188,""
39189,""
39190,""
39191,""
39192,""
39193,""
39194,""
39195,""
39196,""
39197,""
39198,""
39199,""
39200,"Terrassez l'ombre de Gulool Ja Ja！"
39201,"Goûtez donc à la Force que nous avons acquise au cours de nos voyages !"
39202,"Un groupe soudé peut même vaincre un double-tête, et je vais te l'prouver !"
39203,""
39204,"Leurs mouvements sont entravés<Indent/>! Tous en renfort, vite<Indent/>!"
39205,"Vous pensez pouvoir échapper à nos flammes ?"
39206,"Ô flammes, imprégnez mon épée."
39207,"Nous ne savons pas qui vous êtes, mais votre talent nous épate !"
39208,""
39209,"Argh, ça n'a pas marché... ! Tant pis, concentrons nos forces sur eux !"
39210,"Ô flammes bénies, la Force et la Raison vous l'ordonnent..."
39211,"Il prépare un sale coup ! Mettez-vous tous derrière moi !"
39212,"Tiendrez-vous encore debout après cette attaque, ja ?"
39213,"Je deviendrai reine et je protégerai mon peuple ! Je ne perdrai paaaaas... !!"
39214,"Hé hé... C'est tout c'que tu sais faire ?"
39215,"Vous avez encaissé notre meilleure attaque... Mais ce n'est pas encore terminé !"
39216,"Moi aussi, je vais te surpasser, Papa ! Afin que Lamaty'i puisse te succéder !"
39217,""
39218,""
39219,"Vous n'avez pas intérêt à vous effondrer après ce coup-ci !"
39220,"Vous serez bien obligés de déclarer forfait après cela."
39221,"Transformez-vous en lame écarlate et pourfendez nos ennemis !"
39222,"<Split(<Highlight>ObjectParameter(1)</Highlight>, ,1)/>, non... ! Pas toi... !"
39223,"Nous vous ferons entendre Raison..."
39224,"Tu ne sais donc pas t'arrêter... Il vaut mieux en finir au plus vite."
39225,"Ardeur de l'aurore et de l'âme dans 5 secondes<Indent/>!"
39226,"4..."
39227,"3..."
39228,"2..."
39229,"1..."
39230,"Que dites-vous de ça ?"
39231,""
39232,""
39233,""
39234,""
39235,""
39236,""
39237,""
39238,""
39239,""
39240,""
39241,""
39242,""
39243,""
39244,""
39245,""
39246,""
39247,""
39248,""
39249,""
39250,""
39251,""
39252,""
39253,""
39254,""
39255,""
39256,""
39257,""
39258,""
39259,""
39260,""
39261,""
39262,""
39263,""
39264,""
39265,""
39266,""
39267,""
39268,""
39269,""
39270,""
39271,""
39272,""
39273,""
39274,""
39275,""
39276,""
39277,""
39278,""
39279,""
39280,""
39281,""
39282,""
39283,""
39284,""
39285,""
39286,""
39287,""
39288,""
39289,""
39290,""
39291,""
39292,""
39293,""
39294,""
39295,""
39296,""
39297,""
39298,""
39299,""
39300,"Vainquez Ellerete l'impitoyable<Indent/>!"
39301,"Je vais l'affronter au corps-à-corps<Indent/>! Je compte sur toi pour me soigner, <Split(<Highlight>ObjectParameter(1)</Highlight>, ,1)/><Indent/>!"
39302,"Je vais vous faire regretter d'être venu<If(PlayerParameter(4))>es<Else/>s</If> nous embêter<Indent/>!"
39303,"Puisque vous tenez tant à souffrir, prenez donc une grande rasade de venin<Indent/>!"
39304,"Argh... Ta magie guérisseuse doit pouvoir contrer les effets<Indent/>!"
39305,"Mauvaise nouvelle pour vous<Indent/>: j'ai aussi un venin qui affaiblit les sorts de soin<Indent/>!"
39306,"Le totem permet de faire ça aussi<Indent/>!?"
39307,"よぉ～し、もっと錬金薬使っちゃお！"
39308,"まずは、トラルのお姉さんから片付けてやるわ！
超強力な麻痺毒で、ビリビリに痺れちゃえ～！"
39309,"くっ、痺れて動けない……！
<Split(<Highlight>ObjectParameter(1)</Highlight>, ,1)/>、エスナをお願い！"
39310,"Concoction alchimique spéciale, deuxième service<Indent/>!"
39311,"Euh, Ellerete... Tu sais qu'il ne faut pas abuser des bonnes choses<Indent/>?"
39312,"Place au venin qui fait tourner la tête<Indent/>!"
39313,"À votre place, je me dépêcherais de fuir dans la bonne direction, hi hi hi<Indent/>!"
39314,"Alors, quelle farce vais-je vous jouer ensuite<Indent/>?"
39315,"いけない、毒の塊が弾けそうだわ……！
離れておきましょう！"
39316,"Oups, je me sens pas bien, tout à coup..."
39317,"Il faut toujours que je rattrape tes âneries... En avant, mes pantins<Indent/>! Allez protéger Ellerete<Indent/>!"
39318,"On ne pourra rien faire tant que ces pantins seront là<Indent/>! Débarrassons-nous d'eux<Indent/>!"
39319,"Mais enfin, Ellerete, ne reste pas plantée là<Indent/>!"
39320,"Ouille... Vous allez voir ce que vous allez voir... Je peux me renforcer encore plus<Indent/>!"
39321,"Vous voulez jouer à un jeu rigolo, hi hi<Indent/>?"
39322,"幻覚の毒だわ、惑わされないように気をつけて！"
39323,"Vu l'urgence de la situation, mieux vaut utiliser tous nos pantins... même ceux qui sont défectueux."
39324,"Euh... T'es sûr de ton coup<Indent/>!?"
39325,"うわぁーっ、こっちに来ないでくださいよーっ！！"
39326,"仕方ない、こうなったら自爆させるしか……！"
39327,"Puisque c'est comme ça, je vais vous ensevelir sous des litres de venin<Indent/>!"
39328,"<Split(<Highlight>ObjectParameter(1)</Highlight>, ,1)/>, je m'occupe de cette grosse sphère<Indent/>! Aide-moi à résister aux attaques d'Ellerete<Indent/>!"
39329,"我が部族の秘技、その目に焼きつけなさい！"
39330,"Mais c'est pas possible d'être aussi borné<If(PlayerParameter(4))>es<Else/>s</If><Indent/>!!!"
39331,"J'en peux plus... Mais faut que je tienne le coup à tout prix..."
39332,"Arrête d'essayer de m'aider et laisse-moi faire, Kokonowa<Indent/>!"
39333,"B-bah alors<Indent/>? La concoction... ne marche plus<Indent/>?"
39334,"Et hop<Indent/>! Une concoction alchimique spéciale pour décupler mes forces<Indent/>!"
39335,"Arrêtez de résister et laissez-moi vous écraser comme des mouches<Indent/>!"
39400,"Atteindre le Jardin épineux"
39401,"Vaincre le maousse-pampa"
39402,"Atteindre la Citerne colossale"
39403,"Vaincre Anthracite"
39404,"Atteindre l'Autel de l'Urne serpentine"
39405,"Vaincre le grand serpent du Tural<Indent/>?"
39406,"Protecteurs<Indent/>! PUNISSEZ ceux qui envahissent le sanctuaire<Indent/>!"
39407,"Protecteurs<Indent/>! Libérez votre COLÈRE<Indent/>!"
39408,""
39409,""
39410,""
39411,""
39412,""
39413,""
39414,""
39415,""
39416,""
39417,""
39418,""
39419,""
39420,""
39421,""
39422,""
39423,""
39424,""
39425,""
39426,""
39427,""
39428,""
39429,""
39430,""
39431,""
39432,""
39433,""
39434,""
39435,""
39436,""
39437,""
39438,""
39439,""
39440,""
39441,""
39442,""
39443,""
39444,""
39445,""
39446,""
39447,""
39448,""
39449,""
39450,""
39451,""
39452,""
39453,""
39454,""
39455,""
39456,""
39457,""
39458,""
39459,""
39460,""
39461,""
39462,""
39463,""
39464,""
39465,""
39466,""
39467,""
39468,""
39469,""
39470,""
39471,""
39472,""
39473,""
39474,""
39475,""
39476,""
39477,""
39478,""
39479,""
39480,""
39481,""
39482,""
39483,""
39484,""
39485,""
39486,""
39487,""
39488,""
39489,""
39490,""
39491,""
39492,""
39493,""
39494,""
39495,""
39496,""
39497,""
39498,""
39499,""
39500,"Abattez les créatures<Indent/>!"
39501,"Parlez à Keshkwa"
39502,"Utilisez Cascabelle mortelle"
39503,"Utilisez Saignée du flanc"
39504,"Utilisez Déchirement du flanc"
39505,"Utilisez Saignée de l'échine"
39506,"Utilisez Déchirement de l'échine"
39507,"Utilisez Anneaux du prédateur"
39508,"Utilisez Anneaux de l'écorcheur"
39509,"Utilisez Morsure vicieuse"
39510,"Utilisez Morsure frénétique"
39511,"Abattez le gowrow errant<Indent/>!"
39512,"Hum... On dirait que l'alpha de la meute cherche à nous tester. Il n'a fait qu'envoyer du menu fretin pendant qu'il reste caché..."
39513,"C'est l'occasion rêvée pour t'apprendre à combattre comme <If(PlayerParameter(4))>une vraie rôdeuse vipère<Else/>un vrai rôdeur vipère</If>."
39514,"Je vais rester en retrait pour te donner des in<SoftHyphen/>struc<SoftHyphen/>tions. Essaye de les mettre en pratique durant cet af<SoftHyphen/>fron<SoftHyphen/>te<SoftHyphen/>ment."
39515,"Viens me voir, je vais commencer par t'enseigner les techniques de base des rôdeurs vipère."
39516,"Eh bien<Indent/>! On peut dire que tu es <If(PlayerParameter(4))>une naturelle<Else/>un naturel</If>. Tu as déjà maîtrisé les rudiments de notre art."
39517,"Je vais en profiter pour t'expliquer comment enchaîner les attaques dans la Posture des crochets. Reviens me voir."
39518,"Il existe quatre techniques pour terminer la Posture des crochets. Saignée du flanc, Déchirement du flanc, Saignée de l'échine et Déchirement de l'échine..."
39519,"Pour pouvoir les utiliser, tu dois réussir d'abord ton enchaînement de techniques, démarrant par Crochets d'acier ou Crochets mortels<Indent/>!"
39520,"Tu as maîtrisé la Posture des crochets en un rien de temps<Indent/>! Je ne m'étais pas trompé sur ton compte, <Split(<Highlight>ObjectParameter(1)</Highlight>, ,1)/><Indent/>!"
39521,"La meute a réagi au hurlement... Elle a commencé à se déplacer de manière coordonnée."
39522,"L'alpha doit nous observer depuis sa cachette pour donner des in<SoftHyphen/>struc<SoftHyphen/>tions aussi précises... Ne baisse pas ta garde, <Split(<Highlight>ObjectParameter(1)</Highlight>, ,1)/><Indent/>! Il nous a envoyé des adversaires plus coriaces<Indent/>!"
39523,"Le gros gibier est de sortie... Reviens me voir, je connais quelques bottes secrètes adaptées à cette situation."
39524,"Avec tes épées assemblées en Posture du serpent, tu es capable d'infliger des attaques encore plus mortelles<Indent/>!"
39525,"Si tu utilises les techniques dans le bon ordre, tu pourras conclure ton assaut avec Morsure vicieuse ou Morsure frénétique<Indent/>!"
39526,"Im<SoftHyphen/>pres<SoftHyphen/>sionnant<Indent/>! La Posture du serpent n'a déjà plus de secrets pour toi."
39527,"Les hurlements de l'alpha se font de plus en plus proches... Il doit être frustré de nous voir toujours debout."
39528,"Mon flair ne m'a pas trompé, voilà l'alpha en chair et en os<Indent/>!"
39529,"Il est temps d'en finir<Indent/>! Pas besoin d'un dessin de pictomancien pour comprendre que l'alpha nous donnera plus de fil à retordre que ses sous-fifres."
39530,"Sors tes crocs, <Split(<Highlight>ObjectParameter(1)</Highlight>, ,1)/>. Fais-lui sentir la douloureuse morsure d'<If(PlayerParameter(4))>une rôdeuse vipère<Else/>un rôdeur vipère</If><Indent/>!"
39531,"Utilise contre lui les techniques que tu viens d'apprendre pour me prouver que tu es un<If(PlayerParameter(4))>e<Else/></If> des nôtres<Indent/>!"
39532,"Attaque sans relâche, ne lui laisse aucune chance de riposter. Bondis sur ta proie et mords-la, pourfends-la de tes lames acérées<Indent/>!"
39533,"Mais reste aussi vigilant<If(PlayerParameter(4))>e<Else/></If>, choisis le bon moment pour attaquer ou prendre de la distance. Saisis la moindre opportunité pour porter un coup décisif<Indent/>!"
39534,""
39535,""
39536,""
39537,""
39538,""
39539,""
39540,""
39541,""
39542,""
39543,""
39544,""
39545,""
39546,""
39547,""
39548,""
39549,""
39550,""
39551,""
39552,""
39553,""
39554,""
39555,""
39556,""
39557,""
39558,""
39559,""
39560,""
39561,""
39562,""
39563,""
39564,""
39565,""
39566,""
39567,""
39568,""
39569,""
39570,""
39571,""
39572,""
39573,""
39574,""
39575,""
39576,""
39577,""
39578,""
39579,""
39580,""
39581,""
39582,""
39583,""
39584,""
39585,""
39586,""
39587,""
39588,""
39589,""
39590,""
39591,""
39592,""
39593,""
39594,""
39595,""
39596,""
39597,""
39598,""
39599,""
39600,"Vainquez Iq Soq Xmajun<Indent/>!"
39601,"C'est l'heure de passer à table, mon mignon<Indent/>!"
39602,"Mais ne te bâfre pas pour autant... Laisse-moi prendre le temps de savourer leur souffrance."
39603,"Ces pièces de viande sont plus coriaces que je ne l'imaginais... Iq Soq Xmajun, mets les bouchées doubles<Indent/>!"
39604,"Je t'ai pourtant dit d'arrêter de jouer avec la nourriture<Indent/>! Quelle attaque pitoyable<Indent/>!"
39605,"Tu n'es pas dans ton assiette, ou quoi<Indent/>? Allez, remue-toi l'arrière-train<Indent/>!"
39606,"Ma patience a ses limites, sale bête... Sois un bon garçon et finis ton assiette<Indent/>!"
39607,"Arrête de buller, Iq Soq Xmajun<Indent/>! Réduis en charpie ces ballerines avec leurs épées ridicules<Indent/>!"
39608,"C'est lui ou nous, <Split(<Highlight>ObjectParameter(1)</Highlight>, ,1)/><Indent/>! Reste concentré<If(PlayerParameter(4))>e<Else/></If><Indent/>!"
39609,"Cette odeur... Elle m'est familière."
39610,"Iq Soq Xmajun a l'air patraque... Et je crois savoir ce qui l'affecte..."
39611,"Mais oui, c'est bien sûr<Indent/>! Innocent Storck a commis une erreur gravissime..."
39612,"On passe enfin aux choses sérieuses<Indent/>! <Split(<Highlight>ObjectParameter(1)</Highlight>, ,1)/>, ne baisse pas ta garde<Indent/>!"
39613,"C'était quoi, cette attaque<Indent/>!?"
39614,"Il a de la ressource... Je reconnais bien là mon ennemi juré. Je ne pourrais pas en encaisser beaucoup, des comme ça<Indent/>!"
39615,"Golias avait raison. Quand il déploie ses ailes, c'est le signe qu'il se prépare à lancer une attaque dévastatrice<Indent/>!"
39616,"On doit se coordonner pour l'empêcher de nous achever<Indent/>!"
39617,"C'est le moment<Indent/>! Ses ailes sont vulnérables, donne tout ce que tu as<Indent/>!"
39618,"C'est bien <If(PlayerParameter(4))>la<Else/>le</If> redoutable <Split(<Highlight>ObjectParameter(1)</Highlight>, ,1)/> que je connais<Indent/>! Encore une aile<Indent/>!"
39619,"Haha<Indent/>! Tu fais moins le malin, maintenant<Indent/>!"
39620,"Il est temps d'en finir<Indent/>! Mettons un terme au règne de terreur d'Iq Soq Xmajun<Indent/>!"
39621,"Faites attention<Indent/>! Je sens le coup fourré..."
39622,"Argh...<Indent/>! Je suis à bout... Mais hors de question d'abandonner<Indent/>!!"
39623,"<Split(<Highlight>ObjectParameter(1)</Highlight>, ,1)/>, ça va<Indent/>!?"
39624,"Ses ailes<Indent/>! Il concentre une grande quantité d'énergie dans ses ailes<Indent/>!"
39625,""
39626,""
39627,""
39628,""
39629,""
39630,""
39631,""
39632,""
39633,""
39634,""
39635,""
39636,""
39637,""
39638,""
39639,""
39640,""
39641,""
39642,""
39643,""
39644,""
39645,""
39646,""
39647,""
39648,""
39649,""
39650,""
39651,""
39652,""
39653,""
39654,""
39655,""
39656,""
39657,""
39658,""
39659,""
39660,""
39661,""
39662,""
39663,""
39664,""
39665,""
39666,""
39667,""
39668,""
39669,""
39670,""
39671,""
39672,""
39673,""
39674,""
39675,""
39676,""
39677,""
39678,""
39679,""
39680,""
39681,""
39682,""
39683,""
39684,""
39685,""
39686,""
39687,""
39688,""
39689,""
39690,""
39691,""
39692,""
39693,""
39694,""
39695,""
39696,""
39697,""
39698,""
39699,""
39700,"Défendez Solution Neuf<Indent/>!"
39701,"Éliminez les sentinelles<Indent/>!"
39702,"Retrouvez les survivants<Indent/>!"
39703,"Éliminez les monstres<Indent/>!"
39704,"Dirigez-vous vers la place de l'Éthérite<Indent/>!"
39705,"Réconfortez les habitants<Indent/>!"
39706,"Éliminez les sentinelles<Indent/>!"
39707,"Repoussez les troupes ennemies<Indent/>!"
39708,"Épuisez Otis<Indent/>!"
39709,"Éliminez le monstre<Indent/>!"
39710,"Stoppez l'absorption d'éther<Indent/>!"
39711,"Éliminez le monstre tant qu'Otis tient debout<Indent/>!"
39712,"S'il vous plaît... prêtez-moi votre force<Indent/>!"
39713,"Je me charge de nous ouvrir le chemin<Indent/>! Ma qualité de souveraine de la Raison me le permet<Indent/>!"
39714,"Ça y est, nous pouvons passer<Indent/>! S'il vous plaît... secourez les survivants de votre mieux<Indent/>!"
39715,"On s'occupe de ceux-là d'abord<Indent/>!"
39716,""
39717,"Plein de gens doivent encore être en vie<Indent/>! Dépêchons-nous de les mettre en sécurité<Indent/>!"
39718,"Laissez-moi faire<Indent/>! La tour répondra à mon appel<Indent/>!"
39719,"J'entends encore tellement de cris et de pleurs... Ça me fend le cœur..."
39720,"Voilà que Zoraal Ja nous envoie des monstres, maintenant<Indent/>!"
39721,"Reste plus que nous pour arrêter ce massacre<Indent/>!"
39722,"Des survivants... Quel soulagement<Indent/>!"
39723,"Je suis tellement navrée que vous souffriez ainsi par ma faute... Vous serez bientôt tous en sécurité, c'est promis<Indent/>!"
39724,""
39725,"Fiers chevaliers du royaume d'Alexandrie... CHAAARGEEEZ<Indent/>!!"
39726,"Otis, réveille-toi<Indent/>! C'est nous, tes amis<Indent/>!"
39727,"En formation primaire<Indent/>! Montrez-leur toute notre puissance<Indent/>!"
39728,"Ces machines obéissent aveuglément à ses ordres<Indent/>!"
39729,"En formation secondaire<Indent/>! Couvrez-vous des lauriers de la victoire<Indent/>!"
39730,"Cette technique de combat... Je n'ose croire que ça puisse être..."
39731,"En formation tertiaire<Indent/>! À l'attaque, pour l'honneur d'Alexandrie<Indent/>!"
39732,"Ça sent le roussi<Indent/>! Préparez-vous à encaisser le choc<Indent/>!"
39733,"Ça alors... C'est vraiment lui<Indent/>? Le capitaine de ma garde royale<Indent/>!?"
39734,"Merde... Comment faire pour qu'Otis reprenne ses esprits<Indent/>?"
39735,"S'il a conservé en lui ne serait-ce que quelques souvenirs de moi..."
39736,""
39737,"Votre Majesté... Je vous... protégerai..."
39738,"J'espère que vous saurez me pardonner ce petit contretemps<Indent/>!<Unknown17>F67D33C3</Unknown17>Tant que cette vieille carcasse me le permettra, je me battrai à vos côtés<Indent/>!"
39739,"Quelle énergie incroyable... Faites très attention<Indent/>!"
39740,""
39741,"Prenez garde, l'ennemi aspire l'énergie de foudre environnante<Indent/>!"
39742,"On se sépare pour être plus efficaces<Indent/>!"
39743,"Faites gaffe, ça risque de faire très mal<Indent/>!"
39744,"Ils sont tellement nombreux<Indent/>! Va falloir s'accrocher<Indent/>!"
39745,"Laissez-moi faire<Indent/>!<Unknown17>F67D33C7</Unknown17>Admirez la botte secrète de la garde royale d'Alexandrie<Indent/>!"
39746,"Argh<Indent/>! Rassurez-vous, tous mes boulons sont en place<Indent/>!"
39747,"Cette énergie de foudre a l'air... foudroyante<Indent/>!"
39748,"Oh non... Si ça continue, on est cuits<Indent/>!"
39749,"Je vous défendrai coûte que coûte<Indent/>! Tel est le devoir d'un chevalier d'Alexandrie<Indent/>!"
39750,"À vous<Indent/>! Profitez de cette occasion pour faire virevolter votre arme<Indent/>!"
39751,"Arrête, Otis<Indent/>!! C'est trop risqué<Indent/>!!"
39752,"Non<Indent/>! Je n'ai pas le droit d'abandonner maintenant<Indent/>! Je me battrai jusqu'à mon dernier souffle<Indent/>!"
39753,"Otis, non...<Indent/>!!"
39754,"Votre Majesté... Dites-moi... que vous n'êtes pas... blessée..."
39755,"Admirez la botte secrète de la garde royale d'Alexandrie<Indent/>!"
39756,""
39757,""
39758,""
39759,""
39760,""
39761,""
39762,""
39763,""
39764,""
39765,""
39766,""
39767,""
39768,""
39769,""
39770,""
39771,""
39772,""
39773,""
39774,""
39775,""
39776,""
39777,""
39778,""
39779,""
39780,""
39781,""
39782,""
39783,""
39784,""
39785,""
39786,""
39787,""
39788,""
39789,""
39790,""
39791,""
39792,""
39793,""
39794,""
39795,""
39796,""
39797,""
39798,""
39799,""
39800,"Bienvenue et adieu<Indent/>!"
39801,"Êtes-vous vivants<Indent/>?"
39802,"Êtes-vous heureux<Indent/>?"
39803,"Ensemble, surmontons la mort<Indent/>!"
39804,"Mon peuple a besoin de votre éther<Indent/>!"
39805,"N'ayez pas peur, la mort n'est pas une fin en soi<Indent/>!"
39806,"Admirez le lien entre les mondes<Indent/>!"
39807,"Déploiement des sous-unités<Indent/>!"
39808,"Êtes-vous toujours en vie<Indent/>? Activation de la puissance de réserve..."
39809,"Êtes-vous toujours en vie<Indent/>? Déverrouillage de la sécurité..."
39810,"Zone cible délimitée. Suppression de toute existence..."
39811,"Surcharge du système... Interruption de la procédure."
39812,"... Toujours en vie<Indent/>?<Indent/>...ne délimitée...<Indent/>...eprise de la suppression..."
39813,"Surcharg... extrême... Erreur dé..."
39814,"Instruction<Indent/>...écution<Indent/>...rcée... con...ée."
39815,"Est-ce que c'est... une fissure dans l'espace<Indent/>? Le pouvoir est hors de contrôle<Indent/>?"
39816,"Sphene<Indent/>!!! Écoute-moi<Indent/>!!!"
39817,"Je comprends ta résolution...<Indent/>! Et je sais aussi que rien ne te fera fléchir."
39818,"S'il n'y a vraiment plus aucun moyen d'éviter la confrontation, alors..."
39819,"Ne m'affronte pas comme une machine. Fais-moi face avec tout ton cœur<Indent/>!!!"
39820,"L-Lamaty'i..."
39821,"Sphene<Indent/>!!!"
39822,"Anomalie détectée dans un bloc mémoire..."
39823,"Les données de l'Éternelle “Sphene” ont été partiellement restaurées."
39824,"C'est là mon vœu le plus cher... et je n'échouerai pas<Indent/>!"
39825,"Je ne perdrai plus jamais qui que ce soit<Indent/>!"
39826,"Je comprends ta douleur... Je la ressens comme si c'était la mienne<Indent/>!"
39827,"Pour la première fois, j'ai l'impression de te connaître <Emphasis>vraiment<Indent/>!</Emphasis>"
39828,"Tu n'as pas le droit de me dire ça maintenant...<Indent/>!"
39829,"Cette fois, c'est fini, Sphene. Tous ensemble, on va t'arrêter<Indent/>!"
39830,"Non... Je n'aban<SoftHyphen/>don<SoftHyphen/>ne<SoftHyphen/>rai jamais<Indent/>!"
39831,"Je protégerai le sourire des miens, comme j'en ai fait le serment<Indent/>!"
39832,"Ce fardeau t'accable depuis trop longtemps déjà..."
39833,"Laisse-nous t'en libérer une bonne fois pour toutes<Indent/>!"
39834,"5 secondes avant Autorité absolue..."
39835,"4 secondes avant Autorité absolue..."
39836,"3 secondes avant Autorité absolue..."
39837,"2 secondes avant Autorité absolue..."
39838,"1 seconde avant Autorité absolue..."
39839,""
39840,""
39841,""
39842,""
39843,""
39844,""
39845,""
39846,""
39847,""
39848,""
39849,""
39850,""
39851,""
39852,""
39853,""
39854,""
39855,""
39856,""
39857,""
39858,""
39859,""
39860,""
39861,""
39862,""
39863,""
39864,""
39865,""
39866,""
39867,""
39868,""
39869,""
39870,""
39871,""
39872,""
39873,""
39874,""
39875,""
39876,""
39877,""
39878,""
39879,""
39880,""
39881,""
39882,""
39883,""
39884,""
39885,""
39886,""
39887,""
39888,""
39889,""
39890,""
39891,""
39892,""
39893,""
39894,""
39895,""
39896,""
39897,""
39898,""
39899,""
39900,"Vaincre Chalteaufite et ses sbires"
39901,"Grâce au pouvoir de cette relique, on est invincibles<Indent/>!"
39902,"Ha ha ha ha<Indent/>! Vos attaques n'ont aucun effet<Indent/>!"
39903,"Hors de mon chemin, le palais est à moi<Indent/>!"
39904,"“Même la plus infranchissable défense a une faille”, ja..."
39905,"Il faut percer le secret du totem... Je compte sur vous pour attaquer<Indent/>!"
39906,"Hein<Indent/>!? La bénédiction s'affaiblit...<Indent/>?"
39907,"Mais oui, ja<Indent/>! C'est elle, la “faille”<Indent/>!"
39908,"<Split(<Highlight>ObjectParameter(1)</Highlight>, ,1)/><Indent/>! Attaquez là où la protection s'amoindrit<Indent/>!"
39909,"Impossible, ce pouvoir est invincible... Vous<Indent/>! Arrêtez de vous planquer et rossez-les<Indent/>!"
39910,"Il est aveuglé par les pouvoirs du totem, ja... <Split(<Highlight>ObjectParameter(1)</Highlight>, ,1)/>, on maintient la pression<Indent/>!"
39911,"Je me charge d'eux, concentre-toi sur les failles<Indent/>!"
39912,"Goûtez à ça... Vous allez comprendre notre souffrance<Indent/>!"
39913,"Ils nous poursuivent<Indent/>!? Il faut les abattre avant qu'ils nous atteignent<Indent/>!"
39914,"Ce n'était qu'une erreur, un peu plus tôt<Indent/>! Les pouvoirs du totem sont infaillibles, ha ha ha<Indent/>!"
39915,"Préparez-vous pour l'attaque suprême au service des opprimés<Indent/>!"
39916,"L'onde de choc de ma méga-barrière va vous envoyer valdinguer<Indent/>!"
39917,"Vous foutez quoi, là<Indent/>!? À l'attaque, bon sang<Indent/>!"
39918,"Hiiiii<Indent/>! Pourquoi ça ne marche pas<Indent/>? Faites quelque chose<Indent/>!"
39919,"Bande d'incapables... Il faut toujours que je fasse tout moi-même<Indent/>!"
39920,"Argh... Si ça continue, c'est nous qui allons mordre la poussière, ja..."
39921,"Kaqool Ja, tiens bon<Indent/>! On rentrera chez nous ensemble<Indent/>!"
39922,"On n'a pas le droit de perdre contre Chalteaufite, ja<Indent/>!"
39923,"Hmpf, je vais te faire payer ta traîtrise im<SoftHyphen/>mé<SoftHyphen/>dia<SoftHyphen/>te<SoftHyphen/>ment<Indent/>!"
39924,"<Split(<Highlight>ObjectParameter(1)</Highlight>, ,1)/><Indent/>! Les missiles sur les côtés, ja<Indent/>!"
39925,"<Split(<Highlight>ObjectParameter(1)</Highlight>, ,1)/>, n'oubliez pas la faille<Indent/>!"
39926,"Un voleur sans foi ni loi qui utilise ceux qui lui font confiance... Attrapons-le, ja<Indent/>!"
39927,"Aaaaaah<Indent/>!!! Ne vous approchez pas de moiiii<Indent/>!!!"
39928,"Sans les pouvoirs du totem, il n'est rien. Profitons-en pour lui mettre une raclée, ja<Indent/>!"
39929,"Courage, vous deux<Indent/>!"
39930,"Attaquer la barrière magique"
39931,"Détruire la barrière magique"
39932,"Détruire les missiles"
39933,"Vaincre les sbires de Chalteaufite"
39934,"Vaincre Chalteaufite"
39935,"À moi tout seul, je vais vous écraser<Indent/>!"
39936,"À moi, bénédiction du totem<Indent/>! Aucune attaque ne peut m'atteindre, ha ha<Indent/>!"
39937,"Aucune défense n'est parfaite, ja<Indent/>! Ayez confiance et poursuivez l'assaut<Indent/>!"
39938,"Bon sang, toujours incapable de finir le boulot<Indent/>!"
39939,"Ça va marcher, je le sais<Indent/>! Croyons en la légende de mon village<Indent/>!"
39940,""
39941,""
39942,""
39943,""
39944,""
39945,""
39946,""
39947,""
39948,""
39949,""
39950,""
39951,""
39952,""
39953,""
39954,""
39955,""
39956,""
39957,""
39958,""
39959,""
39960,""
39961,""
39962,""
39963,""
39964,""
39965,""
39966,""
39967,""
39968,""
39969,""
39970,""
39971,""
39972,""
39973,""
39974,""
39975,""
39976,""
39977,""
39978,""
39979,""
39980,""
39981,""
39982,""
39983,""
39984,""
39985,""
39986,""
39987,""
39988,""
39989,""
39990,""
39991,""
39992,""
39993,""
39994,""
39995,""
39996,""
39997,""
39998,""
39999,""
40000,"Trouvez Beruru<Indent/>!"
40001,""
40002,"Vainquez le portrait de Janquetilaque<Indent/>!"
40003,"Kupopo... Tous ces tableaux aux murs... Je ne sais pas pourquoi, mais ça ne me dit rien qui vaille..."
40004,"Ouaaah, des monstres sont sortis des toiles<Indent/>! <Split(<Highlight>ObjectParameter(1)</Highlight>, ,1)/>, occupe-toi d'eux<Indent/>!"
40005,"Ce n'étaient pas de simples ennemis... mais des personnages de tableaux qui ont pris vie<Indent/>!"
40006,""
40007,"Ah, c'est un griffon, comme à Gyr Abania<Indent/>! <Split(<Highlight>ObjectParameter(1)</Highlight>, ,1)/>, fais attention, kupo<Indent/>!"
40008,"Votre défaite deviendra l'un de mes chefs-d'œuvre<Indent/>!"
40009,"Mon imagination déborde sur la réalité... Elle éclot en une fleur sublime<Indent/>!"
40010,"Saurez-vous apprécier la beauté de ces teintes<Indent/>?"
40011,"Et si je peignais un arbre à présent<Indent/>?"
40012,"Tout est possible pour peu qu'on le conçoive, même une petite montagne au milieu d'un château<Indent/>!"
40013,"Non... Pas contre <If(PlayerParameter(4))>une pauvre imitatrice<Else/>un pauvre imitateur</If>...<Indent/>!"
40014,""
40015,""
40016,""
40017,""
40018,""
40019,""
40020,""
40021,""
40022,""
40023,""
40024,""
40025,""
40026,""
40027,""
40028,""
40029,""
40030,""
40031,""
40032,""
40033,""
40034,""
40035,""
40036,""
40037,""
40038,""
40039,""
40040,""
40041,""
40042,""
40043,""
40044,""
40045,""
40046,""
40047,""
40048,""
40049,""
40050,"Nous voilà au sous-sol, kupo... Je sais pas toi, mais je sens qu'on va avoir de la compagnie..."
40051,"Mieux vaut que je t'inculque les bases de la pictomancie<Indent/>!"
40052,"Alors voilà<Indent/>: d'abord, tu utilises un sort “Picto” pour peindre une esquisse. Puis tu la matérialises avec un sort “Imagi”<Indent/>! Ça, c'est le b.a.-ba<Indent/>!"
40053,"Exerce-toi avec “Picto Pompon” par exemple<Indent/>! Peins-nous un beau pompon tout rond, kupo<Indent/>!"
40054,"Bravo<Indent/>! Tu as ton esquisse de pompon, maintenant, il ne te reste plus qu'à la matérialiser, kupo<Indent/>!"
40055,"Tiens, il y a un vieux mannequin d'en<SoftHyphen/>traî<SoftHyphen/>ne<SoftHyphen/>ment juste là. Vise-le, et lance “Imagi Pompon” pour voir<Indent/>!"
40056,"ちょうど、そこに「古びた木人」があるから、
まずは「イマジンポンポン」を試してみるクポ！"
40057,"Utilisez Imagi Pompon"
40058,"Et hop, ton esquisse est devenue une pluie de pompons, kupo<Indent/>!"
40059,"Tiens, on va essayer un autre motif. Utilise “Picto Ailes” cette fois<Indent/>!"
40060,"Utilisez Picto Ailes"
40061,"C'est bon, ton esquisse est prête<Indent/>! Utilise “Imagi Ailes” pour la matérialiser, kupo<Indent/>!"
40062,"Utilisez Imagi Ailes"
40063,"Tu as matérialisé un pompon puis des ailes... deux attributs emblématiques des Mogs<Indent/>!"
40064,"Tu peux donc combiner ces deux sources d'inspiration pour faire apparaître ton propre Mog, kupo<Indent/>!"
40065,"Attention, c'est parti... Utilise “Mognum opus” maintenant<Indent/>!"
40066,"Utilisez Mognum opus"
40067,"Quel talent, kupo<Indent/>! Ton Mog était presque aussi pimpant que moi<Indent/>!"
40068,"De la même façon, tu peux faire apparaître un marteau magique et frapper tes ennemis avec..."
40069,"Ou encore, déployer un ciel étoilé qui galvanisera tes équipiers. Il y a plein de possibilités, kupo<Indent/>!"
40070,"Peindre, matérialiser... Répète sans cesse l'opération, et tes amis comme tes ennemis n'en reviendront pas<Indent/>!"
40071,"予想以上に魔物がいっぱい……
ひとまず、こいつらを蹴散らすクポ～！"
40072,"そうそう、ピクトマンサーは筆に宿らせた魔力を放つ、
「色魔法」でも攻撃できるクポ！"
40073,"ちなみに、色魔法は使い続けることで、
パレットに魔力を蓄積することができるクポよ！"
40074,"溜めた魔力で「サブトラクティブパレット」を使えば、
強力な色魔法が放てるから、試してほしいクポ～！"
40075,"Utilisez Palette soustractive puis Glace en cyan ou Extra Glace en cyan"
40076,"Utilisez Palette soustractive puis Terre en jaune ou Extra Terre en jaune"
40077,"Utilisez Palette soustractive puis Foudre en magenta ou Extra Foudre en magenta"
40078,"“Palette soustractive” n'a plus aucun secret pour toi à ce que je vois<Indent/>! Décidément, tu apprends vite, kupo<Indent/>!"
40079,"C'est bon, il n'y a plus de créatures par ici<Indent/>? Dans ce cas, passons dans la salle d'à côté<Indent/>!"
40080,"Ah, on le tient<Indent/>! C'est lui, le responsable de tout ce raffut<Indent/>!"
40081,"C'est le moment de montrer toute l'étendue de ton imagination, kupo<Indent/>!"
40082,"Les sorts “Picto” requièrent du temps et de la con<SoftHyphen/>cen<SoftHyphen/>tra<SoftHyphen/>tion<Indent/>! Prépare-les au moment opportun, kupo<Indent/>!"
40083,"Si l'ennemi s'agite, c'est le moment d'utiliser un sort “Imagi”<Indent/>! Tout est une question de réactivité, kupo<Indent/>!"
40084,"Éliminez la source du tapage nocturne<Indent/>!"
40085,"Abattez le spriggan tapageur<Indent/>!"
40086,"Parlez à Kupopo"
40087,"Ah, c'était “Imagi Marteau”, n'est-ce pas<Indent/>? Comme tu peux le voir, ce sort fait apparaître un marteau magique prêt à écrabouiller tous tes ennemis, kupo<Indent/>!"
40088,"Oh, des étoiles filantes<Indent/>! Ce beau ciel peint peut te renforcer toi, ainsi que tes éventuels alliés à proximité. Sympa, non<Indent/>?"
40089,"Ça gliiisse, kupo<Indent/>! Cette technique est parfaite pour esquiver une attaque ennemie<Indent/>!"
40090,"C'est bon, tu as pris le coup de main<Indent/>? Dans ce cas, on n'a plus qu'à aller voir d'où vient tout ce grabuge<Indent/>!"
40091,"Reparlez à Kupopo"
40092,"Tu peux t'entraîner encore un peu si tu veux. Préviens-moi quand tu voudras qu'on y aille, kupo."
40093,"Utilisez Picto Pompon"
40094,""
40095,""
40096,""
40097,""
40098,""
40099,""
40100,"Vaincre Virazahn"
40101,"Apaiser le totem de la Chouette"
40102,"Approchez donc... Nous allons enfin voir qui de nous est le véritable héros<Indent/>!"
40103,"J'en ai assez de tes beaux discourrrs<Indent/>! Je vais te rabattre le clapet, tu vas voir<Indent/>!"
40104,"Hé hé... À moi, le pouvoir de la Chouette<Indent/>!"
40105,"Alors<Indent/>? Sentez-vous déjà mes rochers se profiler au-dessus de vos têtes<Indent/>?"
40106,"Ha ha ha<Indent/>! Même <If(PlayerParameter(4))>la légendaire héroïne<Else/>le légendaire héros</If> d'Éorzéa ne peut y échapper<Indent/>! Je suis imbattable... invincible, même<Indent/>!"
40107,"Quel joli jeu de jambes<Indent/>! Mais pourrez-vous continuer ainsi encore longtemps<Indent/>?"
40108,"Ouah<Indent/>! Vous ne retenez pas vos coups, dites donc<Indent/>! Heu<SoftHyphen/>reu<SoftHyphen/>se<SoftHyphen/>ment, je ne me balade jamais sans mes potions, les meilleures de tout Thavnair<Indent/>!"
40109,"Vous vous débrouillez bien <If(PlayerParameter(4))>toutes<Else/>tous</If> les deux<Indent/>! Tout seul, ce n'est décidément pas du jeu<Indent/>! Mes créatures alchimiques vont s'occuper de vous<Indent/>!"
40110,""
40111,"Même avec mon pouvoir, ils m'ont donné du fil à retordre. Voyons si notre <If(PlayerParameter(4))>héroïne<Else/>héros</If> s'en sortira indemne<Indent/>!"
40112,"Allez, allez... Fuyez, mes jolis<Indent/>!"
40113,"Hein<Indent/>? Vous les avez déjà vaincus<Indent/>!? Hah... Je n'attendais pas moins <If(PlayerParameter(4))>de l'héroïne<Else/>du héros</If> d'Éorzéa<Indent/>!"
40114,"Nooon<Indent/>! Mon armure... Ma si jolie armure... réduite en miettes<Indent/>!"
40115,"La relique... Je l'ai jamais vue briller si fort<Indent/>!"
40116,"Ha ha ha<Indent/>! Je sens le pouvoir du totem qui continue de croître<Indent/>! Il se déchaîne face à un tel danger<Indent/>!"
40117,"S'il devient plus puissant... C'est qu'il doit rrressentir une menace encore plus grande<Indent/>!"
40118,""
40119,"Grrr... Pourquoi êtes-vous encore debout<Indent/>!?"
40120,""
40121,"Que se passe-t-il<Indent/>? Je devrais déjà être satrape... Alors, pas question de perdre ici<Indent/>!"
40122,""
40123,""
40124,"Amenez-vous, hideuses créatures<Indent/>! Occupez-vous donc un peu d'eux, même si ce n'est qu'un instant<Indent/>!"
40125,"Nous avons tous encaissé d'importants dégâts... Et si on déclarait match nul, hein<Indent/>? Vous ne voulez pas<Indent/>?"
40126,"Et merde... Satané bout de bois<Indent/>! Tu ne sers donc à rien<Indent/>!"
40127,"L-le totem... Il ne montrrre aucun signe de s'arrêter<Indent/>!"
40128,"Hiiiiii<Indent/>! Q-q-q-qu'est-ce qui se passe<Indent/>!?"
40129,"J-je n'arrive plus à bouger... Le totem n'en fait qu'à sa tête<Indent/>!"
40130,"T-t-t-tu veux de l'argent, c'est ça<Indent/>? Autant que tu veux, mais sauve-moooiiiiii<Indent/>!"
40131,"Urgh... Non... Ça ne peut pas se finir ainsi... Je... Je refuse... "
40132,"Son cœur est envahi par la peurrr... Voilà pourquoi le totem est devenu si puissant. Il faut trouver un moyen de l'apaiser<Indent/>!"
40133,"C'est moi... le héros... Bouhouuu... J'en peux plus... Aidez-moi<Indent/>!!"
40134,"Arrrgh... Pas question d'abandonner..."
40135,"Le totem est horrrs de contrôle... Il faut trouver un moyen d'apaiser le Tural vidraal<Indent/>!"
40136,"Tais-toi<Indent/>! T'en as pas marre de brasser de l'airrr constamment<Indent/>?"
40137,"Admets ta défaite<Indent/>! C'est terminé pourrr toi<Indent/>!"
40138,""
40139,""
40140,""
40141,""
40142,""
40143,""
40144,""
40145,""
40146,""
40147,""
40148,""
40149,""
40150,""
40151,""
40152,""
40153,""
40154,""
40155,""
40156,""
40157,""
40158,""
40159,""
40160,""
40161,""
40162,""
40163,""
40164,""
40165,""
40166,""
40167,""
40168,""
40169,""
40170,""
40171,""
40172,""
40173,""
40174,""
40175,""
40176,""
40177,""
40178,""
40179,""
40180,""
40181,""
40182,""
40183,""
40184,""
40185,""
40186,""
40187,""
40188,""
40189,""
40190,""
40191,""
40192,""
40193,""
40194,""
40195,""
40196,""
40197,""
40198,""
40199,""
40200,"Vaincre Brute Bomber"
40201,"Je vais vous balayer avec le pouvoir de mon roi bombo<Indent/>!"
40202,"Oh là là<Indent/>! Brute Bomber est d'une humeur explosive<Indent/>!"
40203,"Gah<Indent/>! Ce “petit remontant” va me faire du bien<Indent/>!"
40204,"Acte de dopage détecté<Indent/>! Disqualification du combattant en cours..."
40205,"Ta gueule, toi<Indent/>! Tu vas voir si tu peux me disqualifier<Indent/>!"
40206,"Brute Bomber s'en prend à l'arbitre<Indent/>! Il n'a donc de respect pour rien ni personne<Indent/>!?"
40207,"Bouahaha<Indent/>! Comme ça, y a plus personne pour m'emmerder<Indent/>!"
40208,"Le petit remontant suffit pas<Indent/>! Y me faut quelque chose de plus efficace<Indent/>!"
40209,"Ouaaah<Indent/>! Brute Bomber devient de plus en plus imposant<Indent/>!"
40210,"Raaah<Indent/>! Y me faut encore autre chose<Indent/>! Essayons un peu ça<Indent/>!"
40211,"Incroyable<Indent/>! Brute Bomber se moque clairement des règles de la compétition<Indent/>!"
40212,"Tiens, tu m'en diras des nouvelles<Indent/>!"
40213,"Regardez bien<Indent/>! Brute Bomber nous prépare une technique spéciale<Indent/>!"
40214,"Je vais vous donner en pâture à mes bombos<Indent/>!"
40215,"Voilà de quoi provoquer une grosse explosion<Indent/>!"
40216,"Toutes ces mèches constituent un véritable enfer explosif<Indent/>! Ça risque bien de péter<Indent/>!"
40217,"Les règles, c'est moi qui les décide<Indent/>!"
40218,"La chaîne de la mort<Indent/>! Impossible d'échapper à Brute Bomber quand il vous attrape<Indent/>!"
40219,"Hors de question que je perde ce match<Indent/>!"
40220,"Brute Bomber est désespéré<Indent/>! Il est prêt à tout pour gagner<Indent/>!"
40221,"Je vais vous pulvériser une bonne fois pour toutes<Indent/>!"
40222,""
40223,""
40224,""
40225,""
40226,""
40227,""
40228,""
40229,""
40230,""
40231,""
40232,""
40233,""
40234,""
40235,""
40236,""
40237,""
40238,""
40239,""
40240,""
40241,""
40242,""
40243,""
40244,""
40245,""
40246,""
40247,""
40248,""
40249,""
40250,""
40251,""
40252,""
40253,""
40254,""
40255,""
40256,""
40257,""
40258,""
40259,""
40260,""
40261,""
40262,""
40263,""
40264,""
40265,""
40266,""
40267,""
40268,""
40269,""
40270,""
40271,""
40272,""
40273,""
40274,""
40275,""
40276,""
40277,""
40278,""
40279,""
40280,""
40281,""
40282,""
40283,""
40284,""
40285,""
40286,""
40287,""
40288,""
40289,""
40290,""
40291,""
40292,""
40293,""
40294,""
40295,""
40296,""
40297,""
40298,""
40299,""
40300,"N'y vois rien de perrrsonnel, mais je veux ton âme<Indent/>!"
40301,"Je vais te montrrrer ce qu'on peut faire avec l'électrope<Indent/>!"
40302,"Pour voler, il suffit de se fairrre pousser des ailes<Indent/>!"
40303,"Encaisse ça<Indent/>!"
40304,"Je vais te dégommer<Indent/>!"
40305,"Voilà une autre prrropriété de l'électrope<Indent/>!"
40306,"On ne peut pas échapper à la foudrrre<Indent/>!"
40307,"Prrrends ça<Indent/>!"
40308,"Tu m'en dirrras des nouvelles<Indent/>!"
40309,"Wicked Thunder fait son grand retour sur le ring<Indent/>!"
40310,"L'électrope est devenu un immense canon<Indent/>! Preuve que Wicked Thunder est toujours aussi dangereuse<Indent/>!"
40311,"Et voilà qu'il lui pousse des ailes<Indent/>! Quelle vision angélique<Indent/>!"
40312,"N'espère pas pouvoir me vaincrrre<Indent/>!"
40313,"Disparrraaais<Indent/>!"
40314,"Il me faut absolument cette âme..."
40315,"Non... Je ne dois pas mourirrr..."
40316,"À moi... le pouvoirrr de l'électrope..."
40317,"Ouaaarrrgh<Indent/>!"
40318,"Je dois gagner... coûte que coûte<Indent/>!"
40319,"Et pour ça... mon corrrps doit tenir le coup<Indent/>!"
40320,"Eurrrgh<Indent/>!"
40321,"Bien, il est temps de passer aux choses sérrrieuses<Indent/>!"
40322,"Mais que se passe-t-il<Indent/>!? Wicked Thunder rejette une grande quantité d'éther<Indent/>!"
40323,"Quelque chose vient de surgir du corps de Wicked Thunder<Indent/>! De quoi s'agit-il<Indent/>!?"
40324,"L'électrope a pénétré dans son corps<Indent/>! Elle se serait injecté l'âme d'une nouvelle créature<Indent/>!?"
40325,"Que ma lame danse et tranche les chairrrs<Indent/>!"
40326,"Ce trrranchant enflammé va tout réduire en cendres<Indent/>!"
40327,"L'électrope peut même modifier la nature de l'étherrr<Indent/>!"
40328,"Que s'abatte une pluie d'épées<Indent/>!"
40329,"C'en est fini de toi<Indent/>! Ton âme m'ap<SoftHyphen/>parrr<SoftHyphen/>tient<Indent/>!"
40330,"Yaaah<Indent/>!"
40331,"Tu vas mourirrr<Indent/>!"
40332,"Rien ne me rrrésiste<Indent/>!"
40333,"Mais pourrrquoi<Indent/>!? Personne ne m'a jamais autant résisté..."
40334,"Wicked Thunder accumule de l'éther<Indent/>! Qu'est-ce qu'elle manigance<Indent/>!?"
40335,"Serait-elle en train de changer l'affinité élémentaire de son corps avec l'électrope<Indent/>!?"
40336,"Impossible de détourner les yeux de ce combat palpitant<Indent/>!"
40337,"Vaincre Wicked Thunder"
40338,""
40339,""
40340,""
40341,""
40342,""
40343,""
40344,""
40345,""
40346,""
40347,""
40348,""
40349,""
40350,""
40351,""
40352,""
40353,""
40354,""
40355,""
40356,""
40357,""
40358,""
40359,""
40360,""
40361,""
40362,""
40363,""
40364,""
40365,""
40366,""
40367,""
40368,""
40369,""
40370,""
40371,""
40372,""
40373,""
40374,""
40375,""
40376,""
40377,""
40378,""
40379,""
40380,""
40381,""
40382,""
40383,""
40384,""
40385,""
40386,""
40387,""
40388,""
40389,""
40390,""
40391,""
40392,""
40393,""
40394,""
40395,""
40396,""
40397,""
40398,""
40399,""
40400,"L'issue de cette bataille prouvera que je suis le seul à mériter le titre d'Aurarque<Indent/>!"
40401,"J'absorberai tout l'éther qu'il faudra... pour vous détruire<Indent/>!"
40402,"Aaargh... Uuurgh... Graaah...<Indent/>!"
40403,"C'est pas assez... Il m'en faut toujours plus<Indent/>!"
40404,"Pourquoi ces visions<Indent/>!? Pourquoi maintenant<Indent/>!?"
40405,"Hors de ma vue, misérables<Indent/>!"
40406,"Je ne vous laisserai pas m'affaiblir<Indent/>!"
40407,"Fini de jouer<Indent/>!"
40408,"Je surpasserai toutes les limites humaines<Indent/>!"
40409,"Dégagez<Indent/>!! Je ne suis plus cet être faible que vous avez connu<Indent/>!"
40410,"GRRRRRAAAAAAAAH<Indent/>!!!"
40411,"Allez-vous-en... et ne revenez jamais...<Indent/>!"
40412,"Moi seul suis digne du trône<Indent/>!"
40413,"L'enfant prodige n'existe pas<Indent/>!"
40414,"Personne n'est à ma hauteur<Indent/>! Personne<Indent/>!!"
40415,""
40416,"Tel est mon chemin... Celui que j'ai choisi<Indent/>!"
40417,""
40418,"Ha ha ha ha<Indent/>!! La voilà enfin, cette puissance ultime<Indent/>!"
40419,"Je vais vous montrer que je suis l'aurarque absolu<Indent/>!"
40420,"Le monde entier devra se plier à ma volonté<Indent/>!"
40421,"Résonne en moi, ô monde<Indent/>!"
40422,"Je suis le créateur et le destructeur du monde<Indent/>! Je suis... le grand tout<Indent/>!!"
40423,"Le pouvoir de dominer toute chose et tout être... Ça me va comme un gant<Indent/>!"
40424,""
40425,""
40426,""
40427,""
40428,""
40429,""
40430,""
40431,""
40432,""
40433,""
40434,""
40435,""
40436,""
40437,""
40438,""
40439,""
40440,""
40441,""
40442,""
40443,""
40444,""
40445,""
40446,""
40447,""
40448,""
40449,""
40450,""
40451,""
40452,""
40453,""
40454,""
40455,""
40456,""
40457,""
40458,""
40459,""
40460,""
40461,""
40462,""
40463,""
40464,""
40465,""
40466,""
40467,""
40468,""
40469,""
40470,""
40471,""
40472,""
40473,""
40474,""
40475,""
40476,""
40477,""
40478,""
40479,""
40480,""
40481,""
40482,""
40483,""
40484,""
40485,""
40486,""
40487,""
40488,""
40489,""
40490,""
40491,""
40492,""
40493,""
40494,""
40495,""
40496,""
40497,""
40498,""
40499,""
40500,"Défendez les templiers<Indent/>!"
40501,"Vainquez Leophyne<Indent/>!"
40502,"Protégez-vous contre le pouvoir du totem<Indent/>!"
40503,"Défendez Tentoawa<Indent/>!"
40504,"Tu vas rendre le totem du Narval à mon peuple, voleuse<Indent/>!"
40505,"Viens donc le récupérer si tu l'oses, pauvre plouc<Indent/>!"
40506,""
40507,"Les Vanu Vanu défendront les gens d'en bas<Indent/>!"
40508,"Avec les Zundu à nos côtés, on va régler ça vite fait bien fait<Indent/>!"
40509,"Tu gigotes encore... mais tu succomberas bientôt sous le poids de ton devoir si sacré<Indent/>!"
40510,"Comme le soleil au petit matin, notre danse va réveiller les guerriers humains<Indent/>!"
40511,"Qu'est-ce que vous attendez, bande de larves<Indent/>!? Réduisez-les en bouillie im<SoftHyphen/>mé<SoftHyphen/>dia<SoftHyphen/>te<SoftHyphen/>ment<Indent/>!"
40512,"Va de l'autre côté, <Split(<Highlight>ObjectParameter(1)</Highlight>, ,1)/><Indent/>! J'encaisserai le choc<Indent/>!"
40513,"... Ça y est, tout le monde est debout, on dirait<Indent/>!"
40514,"Nous protégerons les guerriers humains<Indent/>! Soyez rusés comme le gaélichat et surveillez vos arrières<Indent/>!"
40515,"Il reste plus que toi, Leophyne<Indent/>! Rends-toi avant qu'il soit trop tard<Indent/>!"
40516,"Mais quel demeuré... Je ne me rends jamais, c'est compris<Indent/>!?"
40517,"Voyons voir ce que vaut votre énergie vitale, misérables<Indent/>!"
40518,"Tu es incapable d'utiliser le totem à bon escient... parce que t'as pas de cœur<Indent/>!"
40519,"Le Narval n'accorde sa bénédiction qu'à ceux qui sont résolus à protéger autrui<Indent/>!"
40520,"Prenez ça dans les dents<Indent/>!"
40521,"Bien joué, <Split(<Highlight>ObjectParameter(1)</Highlight>, ,1)/><Indent/>!"
40522,"Cet immense pouvoir... Je le sens crépiter entre mes doigts, ha ha ha<Indent/>!"
40523,"<Split(<Highlight>ObjectParameter(1)</Highlight>, ,1)/>, mieux vaut qu'on se sépare<Indent/>! Va de l'autre côté<Indent/>!"
40524,"Merci à tous les deux<Indent/>! Je vous soigne tout de suite<Indent/>!"
40525,"C'est pas terminé... Qu'est-ce que vous dites de ça, hein<Indent/>!?"
40526,"Traiter les gens comme des inutiles et les utiliser pour ses ambitions... C'est ça, ton idée de la liberté<Indent/>!?"
40527,""
40528,"Je tiendrai bon... jusqu'au bout<Indent/>!"
40529,""
40530,""
40531,""
40532,"Ouooooh<Indent/>!!"
40533,"Je vais bien... Et toi, ça va<Indent/>!?"
40534,"Il a protégé ses camarades du pouvoir du totem<Indent/>!? Mais comment est-ce possible<Indent/>!?"
40535,"Bougez-vous, bande de mollusques<Indent/>! Montrez que vous servez à quelque chose, pour une fois<Indent/>!"
40536,"Défendez-nous pendant que nous dansons, guerriers humains<Indent/>!"
40537,"À notre tour de protéger Tentoawa<Indent/>! Restons unis<Indent/>!"
40538,"Debout, Tentoawa<Indent/>! Tu es le guerrier insomniaque, ne l'oublie jamais<Indent/>!"
40539,"Vous m'avez sauvé<Indent/>! Merci... Merci à tous<Indent/>!"
40540,"Notre assistance est requise là-bas<Indent/>! Tel le rayon de soleil perçant les nuages gris, n'abandonnez pas<Indent/>!"
40541,"Les... Les humains ne peuvent pas résister au sommeil<Indent/>! C'est absolument impossible<Indent/>!!"
40542,"Le pouvoir du Narval vous plongera bientôt dans un dodo éternel<Indent/>!"
40543,"Notre danse touche à sa fin, guerriers humains<Indent/>! Ouvrez les yeux et admirez la lumière du soleil<Indent/>!"
40544,"Un bon à rien en moins<Indent/>? Tant mieux<Indent/>!"
40545,""
40546,""
40547,""
40548,""
40549,""
40550,""
40551,""
40552,""
40553,""
40554,""
40555,""
40556,""
40557,""
40558,""
40559,""
40560,""
40561,""
40562,""
40563,""
40564,""
40565,""
40566,""
40567,""
40568,""
40569,""
40570,""
40571,""
40572,""
40573,""
40574,""
40575,""
40576,""
40577,""
40578,""
40579,""
40580,""
40581,""
40582,""
40583,""
40584,""
40585,""
40586,""
40587,""
40588,""
40589,""
40590,""
40591,""
40592,""
40593,""
40594,""
40595,""
40596,""
40597,""
40598,""
40599,""
40600,"Prrrépare-toi à goûter à mes griffes acérées<Indent/>!"
40601,"Black Cat annonce la couleur d'entrée de match<Indent/>!"
40602,"Est-ce que notre challenger saura résister aux assauts de cette féroce combattante féline<Indent/>!?"
40603,"Perrrsonne ne résiste à mes attaques tranchantes<Indent/>!"
40604,"Black Cat prépare une technique spéciale<Indent/>!"
40605,"Incroyable<Indent/>! Le ring entier a été déchiqueté<Indent/>!"
40606,"Nous allons nous charger de réparer ça au plus vite<Indent/>!"
40607,"Je vais me faire les grrriffes sur toi<Indent/>!"
40608,"Voyons si tu arrives à suivrrre mes mouvements<Indent/>!"
40609,"Je vais t'embrrrocher<Indent/>!"
40610,"Il est temps de t'envoler bien haut<Indent/>!"
40611,"Et maintenant au sol<Indent/>!"
40612,"Les chats ont neuf vies<Indent/>! Je peux dédoubler mon âme<Indent/>!"
40613,"Black Cat a décidé d'utiliser Neuf-Vies<Indent/>!"
40614,"Il est temps que je fasse appel à un double<Indent/>!"
40615,"À moi, incarrrnations de ma volonté<Indent/>!"
40616,"Attention<Indent/>! Black Cat va effectuer une série d'attaques frénétiques<Indent/>!"
40617,"Yaaah<Indent/>!"
40618,"Je vais te réduire en charrrpie<Indent/>!"
40619,"Prrrends ça<Indent/>!"
40620,"Fini de s'amuser<Indent/>! Vous allez morrrdre la poussière<Indent/>!"
40621,"Personne ne peut me vaincrrre sans régulateur<Indent/>!"
40622,"Vaincre Black Cat"
40623,""
40624,""
40625,""
40626,""
40627,""
40628,""
40629,""
40630,""
40631,""
40632,""
40633,""
40634,""
40635,""
40636,""
40637,""
40638,""
40639,""
40640,""
40641,""
40642,""
40643,""
40644,""
40645,""
40646,""
40647,""
40648,""
40649,""
40650,""
40651,""
40652,""
40653,""
40654,""
40655,""
40656,""
40657,""
40658,""
40659,""
40660,""
40661,""
40662,""
40663,""
40664,""
40665,""
40666,""
40667,""
40668,""
40669,""
40670,""
40671,""
40672,""
40673,""
40674,""
40675,""
40676,""
40677,""
40678,""
40679,""
40680,""
40681,""
40682,""
40683,""
40684,""
40685,""
40686,""
40687,""
40688,""
40689,""
40690,""
40691,""
40692,""
40693,""
40694,""
40695,""
40696,""
40697,""
40698,""
40699,""
40700,"Oh, quelle attaque puissante<Indent/>! Ça a dû faire très mal<Indent/>!"
40701,"Le challenger a pris cette technique spéciale de plein fouet... mais ça a l'air d'aller<Indent/>!"
40702,"Voilà une esquive de toute beauté<Indent/>!"
40703,"Cette attaque était sûrement un peu trop prévisible<Indent/>!"
40704,"Houlà<Indent/>! Notre challenger vient de mordre la poussière<Indent/>!"
40705,"Notre challenger est au sol<Indent/>! Allons-nous assister à un K.O.<Indent/>!?"
40706,"Notre challenger est à nouveau debout<Indent/>!"
40707,"Le challenger s'est relevé<Indent/>! Mais la situation reste encore compliquée<Indent/>!"
40708,"Ouahou<Indent/>! Quelle technique super dévastatrice<Indent/>!"
40709,"Voilà de quoi reprendre des forces<Indent/>! Mais cela suffira-t-il<Indent/>!?"
40710,"Voilà ce qu'on appelle tout miser sur une défense impénétrable<Indent/>!"
40711,"Oh non<Indent/>! Notre challenger est tombé du ring<Indent/>!"
40712,"Ce match vous a été commenté par votre serviteur, Metem<Indent/>!"
40713,"En pleine poire<Indent/>! Notre challenger saura-t-il se relever<Indent/>?"
40714,"Houlà<Indent/>! Appelez une ambulance, le challenger en aura besoin<Indent/>!"
40715,"Comme c'est dommage<Indent/>! Encore une esquive ratée..."
40716,"Le challenger est à terre, mais il n'abandonne pas<Indent/>! Quelle ténacité<Indent/>!"
40717,"Magnifique<Indent/>! Une esquive de toute beauté<Indent/>!"
40718,"FAN-TAS-TIQUE<Indent/>! Le challenger lit dans le jeu de son adversaire comme dans un livre<Indent/>!"
40719,"Et voilà, une attaque évitée de plus<Indent/>!"
40720,"Quel jeu de jambes incroyable<Indent/>! Aucune attaque ne fait mouche<Indent/>!"
40721,"Oh là là<Indent/>! Notre challenger ne se relève pas<Indent/>!"
40722,"Notre challenger est au sol<Indent/>! Allons-nous assister à un K.O.<Indent/>!?"
40723,"Notre challenger s'est requinqué<Indent/>! Saura-t-il reprendre l'avantage<Indent/>?"
40724,"Le challenger s'est relevé<Indent/>! Parviendra-t-il à rester debout cette fois<Indent/>?"
40725,"Aïe, aïe, aïe, aïe<Indent/>! Que se passe-t-il<Indent/>?"
40726,"Le challenger n'a pas réussi à esquiver son adversaire<Indent/>!"
40727,"Paf, en plein dans le mille<Indent/>! Ça doit faire mal<Indent/>!"
40728,"Le challenger encaisse les coups, mais tient bon malgré tout<Indent/>!"
40729,"Incroyable jeu de jambes de la part de notre challenger<Indent/>!"
40730,"Ça dépasse l'entendement<Indent/>! Le challenger esquive tout<Indent/>!"
40731,"Le challenger garde son calme et réagit comme il faut<Indent/>!"
40732,"Magnifique esquive<Indent/>! Rien ne semble atteindre notre challenger<Indent/>!"
40733,"Ouh là là là là<Indent/>! Appelez les secours, quelqu'un est à terre<Indent/>!"
40734,"Et le challenger finit au tapis<Indent/>! Ah... Réussira-t-il à se relever<Indent/>?"
40735,"Le challenger est à nouveau debout<Indent/>! Popopopo... Toujours aussi tenace<Indent/>!"
40736,"Notre challenger revient dans la bataille<Indent/>! Mais pourra-t-il reprendre l'avantage<Indent/>?"
40737,""
40738,""
40739,""
40740,""
40741,""
40742,""
40743,""
40744,""
40745,""
40746,""
40747,""
40748,""
40749,""
40750,""
40751,""
40752,""
40753,""
40754,""
40755,""
40756,""
40757,""
40758,""
40759,""
40760,""
40761,""
40762,""
40763,""
40764,""
40765,""
40766,""
40767,""
40768,""
40769,""
40770,""
40771,""
40772,""
40773,""
40774,""
40775,""
40776,""
40777,""
40778,""
40779,""
40780,""
40781,""
40782,""
40783,""
40784,""
40785,""
40786,""
40787,""
40788,""
40789,""
40790,""
40791,""
40792,""
40793,""
40794,""
40795,""
40796,""
40797,""
40798,""
40799,""
40800,"グ、ギィヤアアアア！"
40801,"Transformez-vous en glaaace<Indent/>!!"
40802,"プギャァアア！"
40803,"グゥ、ググガアア……！"
40804,"ギイィィィ！　ギイィィィ！"
40805,"グギャ、ギャア……！"
40806,"ピギィヤアアアアアアアアア！"
40807,"ピィギィィ！"
40808,"フグゥゥ……！"
40809,"グゥゥギャア！"
40810,"ギギ……ギィ！"
40811,"ギ、ギャガァァァ！"
40812,"フグゥゥ……フゥ、ギャア……！"
40813,""
40814,""
40815,""
40816,""
40817,""
40818,""
40819,""
40820,""
40821,""
40822,""
40823,""
40824,""
40825,""
40826,""
40827,""
40828,""
40829,""
40830,""
40831,""
40832,""
40833,""
40834,""
40835,""
40836,""
40837,""
40838,""
40839,""
40840,""
40841,""
40842,""
40843,""
40844,""
40845,""
40846,""
40847,""
40848,""
40849,""
40850,""
40851,""
40852,""
40853,""
40854,""
40855,""
40856,""
40857,""
40858,""
40859,""
40860,""
40861,""
40862,""
40863,""
40864,""
40865,""
40866,""
40867,""
40868,""
40869,""
40870,""
40871,""
40872,""
40873,""
40874,""
40875,""
40876,""
40877,""
40878,""
40879,""
40880,""
40881,""
40882,""
40883,""
40884,""
40885,""
40886,""
40887,""
40888,""
40889,""
40890,""
40891,""
40892,""
40893,""
40894,""
40895,""
40896,""
40897,""
40898,""
40899,""
40900,"Atteindre la carrière de cristal"
40901,"Vaincre le zaghnal"
40902,"Atteindre le centre de gestion des âmes"
40903,"Vaincre Kanilokka"
40904,"Atteindre le Clapier tempétueux"
40905,"Vaincre Lunipyati"
40906,"Mon père n'est pas venu ici sans raison, ja..."
40907,"Il a l'air coriace, celui-là. Faites attention<Indent/>!"
40908,"Alors c'est ça, Yuweyawata<Indent/>?"
40909,"Qu'est-ce qu'ils pouvaient bien étudier ici, ja<Indent/>?"
40910,"J'aime pas trop cet endroit, ja..."
40911,"Ce tourbillon... C'est une tempête<Indent/>!?"
40912,"Attention, quelque chose ne tourne pas rond..."
40913,"Cette bête est restée scellée pendant tout ce temps, ja<Indent/>?"
40914,"Aaagh... Offrez vos âmes... à Sa Majesté Zoraal Ja<Indent/>!"
40915,"Venez à moi... mes petites âmes<Indent/>!"
40916,"Vous ne m'échapperez pas. Mes précieux cobayes..."
40917,"Abandonnez votre chair... Léguez-moi vos âmes<Indent/>!"
40918,"P-pourquoi refusez-vous de servir Sa Majesté<Indent/>? Pourquoi n'acceptez-vous pas le sacrifice...<Indent/>?"
40919,"Je m'emparerai de vos âmes<Indent/>! Sa Majesté l'exige..."
40920,"Aaagh... Il m'en faut plus... Toujours plus<Indent/>!"
40921,"Si seulement j'avais pu me servir de la créature... Vous n'auriez eu... aucune chance... Mais, le sceau est déjà..."
40922,"Wouah<Indent/>! C'était quoi ce cri, ja<Indent/>? Vous croyez qu'il y a un monstre à l'intérieur<Indent/>?"
40923,""
40924,""
40925,""
40926,""
40927,""
40928,""
40929,""
40930,""
40931,""
40932,""
40933,""
40934,""
40935,""
40936,""
40937,""
40938,""
40939,""
40940,""
40941,""
40942,""
40943,""
40944,""
40945,""
40946,""
40947,""
40948,""
40949,""
40950,""
40951,""
40952,""
40953,""
40954,""
40955,""
40956,""
40957,""
40958,""
40959,""
40960,""
40961,""
40962,""
40963,""
40964,""
40965,""
40966,""
40967,""
40968,""
40969,""
40970,""
40971,""
40972,""
40973,""
40974,""
40975,""
40976,""
40977,""
40978,""
40979,""
40980,""
40981,""
40982,""
40983,""
40984,""
40985,""
40986,""
40987,""
40988,""
40989,""
40990,""
40991,""
40992,""
40993,""
40994,""
40995,""
40996,""
40997,""
40998,""
40999,""
41000,"Chercher les rroneeks isolés"
41001,"Rassurer les rroneeks"
41002,"Protéger les rroneeks"
41003,"Vaincre le tturuhhetsohhiri"
41004,"Attaquer les pattes du monstre"
41005,"J'ai terminé mon analyse<Indent/>!"
41006,"Sa poitrine renferme une forte con<SoftHyphen/>cen<SoftHyphen/>tra<SoftHyphen/>tion d'éther."
41007,"Il suffit de viser son cœur de cristal<Indent/>!"
41008,"Il faut mettre les rroneeks en lieu sûr, vite<Indent/>!"
41009,"À nous quatre, ça devrait pas poser de problème."
41010,""
41011,"Regardez<Indent/>! Un groupe de rroneeks<Indent/>!"
41012,"Ils ont l'air terrorisés. Calmez-les en leur offrant des petites caresses."
41013,""
41014,"Les Hhetsarro vont s'occuper d'eux. Il est temps d'avancer<Indent/>!"
41015,"Ces bêtes font tout autant partie de notre nation. Pas question de les abandonner<Indent/>!"
41016,""
41017,"Que se passe-t-il par là-bas<Indent/>? Allons voir de plus près<Indent/>!"
41018,"Pas question de les laisser faire<Indent/>!"
41019,""
41020,"Ils sont tous très agressifs... Est-ce à cause du dévoreur<Indent/>?"
41021,"En voilà d'autres qui arrivent<Indent/>!"
41022,"Laisse ces bêtes tranquilles<Indent/>! Ton adversaire, c'est moi<Indent/>! "
41023,""
41024,"Je vais nous débarrasser de ces gêneurs<Indent/>!"
41025,""
41026,"Non... Les rroneeks... "
41027,"Pfiou, on s'en est sortis."
41028,"Tu ne feras plus de mal à personne<Indent/>!"
41029,"Pfouah<Indent/>! Il est dur comme un roc<Indent/>!"
41030,"Il a forcément un point faible. Je dois me concentrer..."
41031,"Laissez-moi observer sa carapace..."
41032,"J'ai besoin qu'il soit immobilisé ne serait-ce qu'un instant..."
41033,"Compris<Indent/>! Attaquons ses jambes, alors<Indent/>!"
41034,"À toi de jouer, frérot<Indent/>!"
41035,"Son corps est protégé par un puissant éther... Mais d'où vient-il<Indent/>?"
41036,""
41037,"Parfait<Indent/>! J'ai arrêté le flux éthéré."
41038,""
41039,"T'es trop fort<Indent/>! Nos attaques vont enfin pouvoir l'esquinter<Indent/>!"
41040,"Alors comme ça t'en veux encore<Indent/>?"
41041,""
41042,"Attention, il ne doit pas absorber ces orbes d'éther<Indent/>!"
41043,"Dans ce cas, on lui chipe sous le nez<Indent/>!"
41044,"Merde... J'y étais presque pourtant..."
41045,"Ses attaques sont... trop... puissantes..."
41046,"Au fait, où est passé le dévoreur de rroneeks<Indent/>?"
41047,"Et reste tranquille, sale bête<Indent/>!"
41048,""
41049,""
41050,""
41051,""
41052,""
41053,""
41054,""
41055,""
41056,""
41057,""
41058,""
41059,""
41060,""
41061,""
41062,""
41063,""
41064,""
41065,""
41066,""
41067,""
41068,""
41069,""
41070,""
41071,""
41072,""
41073,""
41074,""
41075,""
41076,""
41077,""
41078,""
41079,""
41080,""
41081,""
41082,""
41083,""
41084,""
41085,""
41086,""
41087,""
41088,""
41089,""
41090,""
41091,""
41092,""
41093,""
41094,""
41095,""
41096,""
41097,""
41098,""
41099,""
41100,"Réussir le premier objectif"
41101,"Réussir le deuxième objectif"
41102,"Réussir le troisième objectif"
41103,"Réussir le quatrième objectif"
41104,"Parler au superviseur de la formation"
41105,"Réussir tous les objectifs"
41106,"Réussir le premier objectif"
41107,"Réussir le deuxième objectif"
41108,"Réussir le troisième objectif"
41109,"Réussir le quatrième objectif"
41110,"Fé<SoftHyphen/>li<SoftHyphen/>ci<SoftHyphen/>ta<SoftHyphen/>tions, <If(PlayerParameter(4))>Madame<Else/>Monsieur</If> <Split(<Highlight>ObjectParameter(1)</Highlight>, ,2)/>, vous vous en êtes remarquablement <If(PlayerParameter(4))>sortie<Else/>sorti</If><Indent/>!"
41111,"Retournez au point de départ et essayez encore une fois<Indent/>!"
41112,"Bravo, vous avez accompli tous les objectifs<Indent/>! Venez me parler lorsque vous serez <If(PlayerParameter(4))>prête<Else/>prêt</If> à commencer l'examen pratique."
41113,"Très bien, allons-y. Postez-vous au point de départ quand vous serez <If(PlayerParameter(4))>prête<Else/>prêt</If>."
41114,"Vous préférez recommencer<Indent/>? Aucun problème, allez vous poster au point de départ."
41115,"Remarquable, <If(PlayerParameter(4))>Madame<Else/>Monsieur</If> <Split(<Highlight>ObjectParameter(1)</Highlight>, ,2)/><Indent/>! Vos mouvements mériteraient d'être montrés à tous les novices<Indent/>!"
41116,"Vous avez été <If(PlayerParameter(4))>touchée<Else/>touché</If> par une attaque... Mal<SoftHyphen/>heu<SoftHyphen/>reu<SoftHyphen/>se<SoftHyphen/>ment, vous allez devoir recommencer."
41117,"Bienvenue, <If(PlayerParameter(4))>Madame<Else/>Monsieur</If> <Split(<Highlight>ObjectParameter(1)</Highlight>, ,2)/>. J'ai préparé pour vous un panel de situations de combat diverses et variées."
41118,"C'est l'officière formatrice qui va vous attaquer. Soyez <If(PlayerParameter(4))>attentive<Else/>attentif</If> aux indications qui vont apparaître et esquivez en conséquence."
41119,"Lorsque vous serez <If(PlayerParameter(4))>prête<Else/>prêt</If> à commencer, veuillez vous poster au point de départ."
41120,"Certains sorts visent une cible et infligent des dégâts dans une zone autour d'elle. Vous les reconnaîtrez à cette indication."
41121,"Si vous êtes <If(PlayerParameter(4))>visée<Else/>visé</If>, vous avez intérêt à vous éloigner de vos coéquipiers pour qu'ils soient épargnés."
41122,"C'est d'autant plus vrai pour les attaques touchant plusieurs cibles. Si vous restez trop près les uns des autres, les dégâts seront multipliés<Indent/>!"
41123,"Ah, l'attaque qui vous était destinée a aussi infligé des dégâts à vos équipiers... Essayez de bien espacer vos positions la prochaine fois."
41124,"À présent, nous allons voir une attaque si puissante qu'elle ne peut être endurée par une seule personne... Regardez d'abord l'indication."
41125,"Si votre ennemi lance ce genre d'assaut, assurez-vous de bien vous regrouper avec vos équipiers."
41126,"Dès que vous apercevez l'indication en question, approchez-vous le plus rapidement possible<Indent/>!"
41127,"J'ai bien peur que vous et vos équipiers étiez trop dispersés au moment fatidique... La prochaine fois, regroupez-vous<Indent/>!"
41128,"Maintenant, vous allez découvrir une attaque de zone prenant pour cible le tank de l'équipe. Voici son indication..."
41129,"Retenez bien que seul le tank est en mesure de survivre à un tel choc<Indent/>!"
41130,"Et maintenant, la pratique. Positionnez-vous de façon à ce que seul le tank encaisse l'attaque."
41131,"Vous comprenez ce que j'ai voulu dire, maintenant<Indent/>? La prochaine fois, placez-vous pour que seul le tank se fasse toucher."
41132,"Cette fois-ci, il s'agit d'une attaque persistante qui suit vos mouvements<Indent/>! On la reconnaît à cette indication..."
41133,"La cible de ce genre d'attaque a intérêt à rester en mouvement pour l'éviter, tout en prenant soin de ne pas croiser la route de ses équipiers<Indent/>!"
41134,""
41135,"Encore une fois, vous devez vous déplacer pour éviter la série d'attaques, tout en vous éloignant de vos équipiers."
41136,"Bien, il est temps de mettre à l'épreuve vos compétences."
41137,"Pour l'examen pratique, vous devrez éviter diverses attaques en succession. Souvenez-vous de ce que vous venez d'apprendre<Indent/>!"
41138,"Une attaque dont vous étiez la cible a malheureusement touché un équipier. Positionnez-vous mieux pour éviter que ça ne se reproduise."
41139,"Non seulement vous avez pris l'attaque de plein fouet, mais vous avez aussi infligé des dégâts à un équipier..."
41140,"Vous et vos équipiers n'avez pas su vous regrouper à temps, et le couperet est tombé."
41141,"Vous avez été incapable d'éviter, et par-dessus le marché, vous avez impliqué vos équipiers. Un peu de con<SoftHyphen/>cen<SoftHyphen/>tra<SoftHyphen/>tion<Indent/>!"
41142,"Cette attaque n'était censée toucher que le tank... Vous allez devoir recommencer."
41143,"Comme si ça ne suffisait pas d'encaisser cette attaque, vous avez aussi impliqué vos équipiers..."
41144,"Je vous le concède, ce genre d'attaque n'est pas si simple à éviter. Surtout, restez bien en mouvement<Indent/>!"
41145,"Vous devez vous déplacer de façon à ce que l'attaque ne touche personne. Courage, vous allez y arriver."
41146,"Aïe, vous et vos équipiers n'avez pas évité l'attaque comme il se doit. Mal<SoftHyphen/>heu<SoftHyphen/>reu<SoftHyphen/>se<SoftHyphen/>ment, c'est un échec."
41147,"Mal<SoftHyphen/>heu<SoftHyphen/>reu<SoftHyphen/>se<SoftHyphen/>ment, tout n'était pas parfait<Indent/>! Désolé, mais vous allez devoir vous y recoller."
41148,"Vous avez admirablement géré toutes les situations proposées. Bravo, c'est une réussite totale<Indent/>!"
41149,"3..."
41150,"2..."
41151,"1..."
41152,"Commençons<Indent/>!"
41153,"Pour la suite de l'exercice, veuillez vous rendre au prochain point de départ."
41154,"Bravo, beaux réflexes<Indent/>! Vous avez réagi comme il fallait."
41155,"Magnifique, c'est exactement ce que j'attendais de vous<Indent/>!"
41156,"Je suis heureux de constater que vous avez appliqué mes in<SoftHyphen/>struc<SoftHyphen/>tions à la lettre."
41157,"Parmi les aventuriers, on parle d'attaque “à dégâts partagés”. Tâchez de vous en souvenir, ça ne mange pas de pain."
41158,"Face à ce genre d'attaque dans le rôle de tank, je vous recommande chaudement d'utiliser une aptitude de réduction des dégâts."
41200,"Réussir le premier objectif"
41201,"Réussir le deuxième objectif"
41202,"Réussir le troisième objectif"
41203,"Réussir le quatrième objectif"
41204,"Réussir le cinquième objectif"
41205,"Parler au superviseur de la formation"
41206,"Réussir tous les objectifs"
41207,"Réussir le premier objectif"
41208,"Réussir le deuxième objectif"
41209,"Réussir le troisième objectif"
41210,"Réussir le quatrième objectif"
41211,"Fé<SoftHyphen/>li<SoftHyphen/>ci<SoftHyphen/>ta<SoftHyphen/>tions, <If(PlayerParameter(4))>Madame<Else/>Monsieur</If> <Split(<Highlight>ObjectParameter(1)</Highlight>, ,2)/>, vous vous en êtes remarquablement <If(PlayerParameter(4))>sortie<Else/>sorti</If><Indent/>!"
41212,"Retournez au point de départ et essayez encore une fois<Indent/>!"
41213,"Bravo, vous avez accompli tous les objectifs<Indent/>! Venez me parler lorsque vous serez <If(PlayerParameter(4))>prête<Else/>prêt</If> à commencer l'examen pratique."
41214,"Très bien, allons-y. Postez-vous au point de départ quand vous serez <If(PlayerParameter(4))>prête<Else/>prêt</If>."
41215,"Vous préférez recommencer<Indent/>? Aucun problème, allez vous poster au point de départ."
41216,"Remarquable, <If(PlayerParameter(4))>Madame<Else/>Monsieur</If> <Split(<Highlight>ObjectParameter(1)</Highlight>, ,2)/><Indent/>! Vos mouvements mériteraient d'être montrés à tous les novices<Indent/>!"
41217,"Vous avez été <If(PlayerParameter(4))>touchée<Else/>touché</If> par une attaque... Mal<SoftHyphen/>heu<SoftHyphen/>reu<SoftHyphen/>se<SoftHyphen/>ment, vous allez devoir recommencer."
41218,"Bienvenue, <If(PlayerParameter(4))>Madame<Else/>Monsieur</If> <Split(<Highlight>ObjectParameter(1)</Highlight>, ,2)/>. J'ai préparé pour vous de nouvelles attaques diverses et variées."
41219,"C'est l'officière formatrice qui va vous attaquer. Soyez <If(PlayerParameter(4))>attentive<Else/>attentif</If> aux indications qui vont apparaître et esquivez en conséquence."
41220,"Lorsque vous serez <If(PlayerParameter(4))>prête<Else/>prêt</If> à commencer, veuillez vous poster au point de départ."
41221,"Pour commencer, parlons des attaques à projection. Vous les reconnaîtrez à cette indication."
41222,"Si vous êtes <If(PlayerParameter(4))>visée<Else/>visé</If>, vous n'aurez qu'un instant pour vous placer avant d'être <If(PlayerParameter(4))>projetée<Else/>projeté</If> à une certaine distance du point d'impact."
41223,"J'ai placé un anneau de foudre autour de l'arène. Tâchez de ne pas atterrir dedans, ou vous serez <If(PlayerParameter(4))>électrocutée<Else/>électrocuté</If><Indent/>!"
41224,"Ah, vous avez été <If(PlayerParameter(4))>projetée<Else/>projeté</If> dans le cercle d'énergie électrique. Tentez de mieux évaluer la distance<Indent/>!"
41225,"À présent, nous allons voir une variante d'attaque à projection... Regardez d'abord l'indication."
41226,"Con<SoftHyphen/>trai<SoftHyphen/>re<SoftHyphen/>ment à l'attaque précédente, si vous vous tenez près du centre, vous souffrirez de lourds dégâts."
41227,"Et une fois de plus, vous devrez éviter d'être <If(PlayerParameter(4))>électrocutée<Else/>électrocuté</If>. Positionnez-vous comme il faut<Indent/>!"
41228,"Voilà ce qui arrive quand vous ne m'écoutez pas. Surtout, ne restez pas dans la zone de l'attaque<Indent/>!"
41229,"L'effet de projection vous a <If(PlayerParameter(4))>envoyée<Else/>envoyé</If> pile dans le cercle électrique. Réévaluez vos distances, s'il vous plaît<Indent/>!"
41230,"Maintenant, vous allez découvrir une autre attaque de zone, dite de proximité."
41231,"Regardez bien l'indication et dites-vous que plus vous serez proche du point d'impact, plus vous encaisserez des dégâts importants."
41232,"Évaluez bien la situation et éloignez-vous le plus possible<Indent/>!"
41233,"Vous étiez bien trop proche du point d'impact, enfin... Recommencez, et prenez vos distances, cette fois."
41234,"Cette fois-ci, il s'agit d'une attaque que vous avez tout intérêt à encaisser de plein fouet<Indent/>! Je m'explique."
41235,"Si une des tours est laissée inoccupée, c'est toute l'équipe qui va subir des dégâts catastrophiques."
41236,"Pour cette raison, chacun d'entre vous doit se placer près d'une tour et essuyer le coup, à moins de payer le prix fort<Indent/>!"
41237,"Et voilà, c'est exactement ce qui arrive quand on n'écoute pas ce que je dis... N'oubliez pas<Indent/>: encaissez l'attaque<Indent/>!"
41238,"La prochaine attaque ressemble à la précédente, dans la mesure où vous allez une fois de plus devoir encaisser sans broncher."
41239,"Au cas où vous auriez oublié, vous devez à tout prix éviter qu'une des aires de dégâts reste vacante."
41240,"Restez donc au centre du cercle et laissez-vous frapper par la boule d'énergie magique qui s'écrase sur le sol."
41241,"Des fois, je me demande si vous m'écoutez vraiment... Faites-moi confiance, encaissez l'attaque et tout se passera bien<Indent/>!"
41242,"Bien, il est temps de mettre à l'épreuve vos compétences."
41243,"Pour l'examen pratique, vous devrez éviter diverses attaques en succession. Souvenez-vous de ce que vous venez d'apprendre<Indent/>!"
41244,"Ce bon vieux cercle de foudre... Ça pique, hein<Indent/>? La prochaine fois, vous évaluerez mieux la distance, j'en suis sûr."
41245,"Allons bon, le cercle électrique <Emphasis>et</Emphasis> l'attaque en pleine figure... Ne vous inquiétez pas, on va recommencer."
41246,"Si vous restez aussi proche de la zone d'attaque, je ne peux rien pour vous. Concentrez-vous, je vous prie."
41247,"Par les Douze, vous avez été <If(PlayerParameter(4))>ballottée<Else/>ballotté</If> comme une feuille morte<Indent/>!"
41248,"Ouille, j'ai mal pour toute votre équipe... Vous allez essayer de nouveau, en vous coordonnant comme il faut<Indent/>!"
41249,"A force de s'approcher, on finit par se brûler... Au bout d'un moment, vous allez y arriver<Indent/>! Ou pas..."
41250,"Encore un cas de mauvaise coordination. Observez les mouvements de vos équipiers, et placez vous au bon endroit<Indent/>!"
41251,"Aïe, vous et vos équipiers n'avez pas évité l'attaque comme il se doit. Mal<SoftHyphen/>heu<SoftHyphen/>reu<SoftHyphen/>se<SoftHyphen/>ment, c'est un échec."
41252,"Mal<SoftHyphen/>heu<SoftHyphen/>reu<SoftHyphen/>se<SoftHyphen/>ment, tout n'était pas parfait<Indent/>! Désolé, mais vous allez devoir vous y recoller."
41253,"Vous avez admirablement géré toutes les situations proposées. Bravo, c'est une réussite totale<Indent/>!"
41254,"3..."
41255,"2..."
41256,"1..."
41257,"Commençons<Indent/>!"
41258,"Pour la suite de l'exercice, veuillez vous rendre au prochain point de départ."
41259,"Bravo, beaux réflexes<Indent/>! Vous avez réagi comme il fallait."
41260,"Magnifique, c'est exactement ce que j'attendais de vous<Indent/>!"
41261,"Je suis heureux de constater que vous avez appliqué mes in<SoftHyphen/>struc<SoftHyphen/>tions à la lettre."
41262,"Voilà ce que j'appelle prendre ses distances<Indent/>! Je suis fier de vous, votre position était idéale."
41300,"Réussir le premier objectif"
41301,"Réussir le deuxième objectif"
41302,"Réussir le troisième objectif"
41303,"Réussir le quatrième objectif"
41304,"Parler au superviseur de la formation"
41305,"Réussir tous les objectifs"
41306,"Réussir le premier objectif"
41307,"Réussir le deuxième objectif"
41308,"Réussir le troisième objectif"
41309,"Réussir le quatrième objectif"
41310,"Fé<SoftHyphen/>li<SoftHyphen/>ci<SoftHyphen/>ta<SoftHyphen/>tions, <If(PlayerParameter(4))>Madame<Else/>Monsieur</If> <Split(<Highlight>ObjectParameter(1)</Highlight>, ,2)/>, vous vous en êtes remarquablement <If(PlayerParameter(4))>sortie<Else/>sorti</If><Indent/>!"
41311,"Retournez au point de départ et essayez encore une fois<Indent/>!"
41312,"Bravo, vous avez accompli tous les objectifs<Indent/>! Venez me parler lorsque vous serez <If(PlayerParameter(4))>prête<Else/>prêt</If> à commencer l'examen pratique."
41313,"Très bien, allons-y. Postez-vous au point de départ quand vous serez <If(PlayerParameter(4))>prête<Else/>prêt</If>."
41314,"Vous préférez recommencer<Indent/>? Aucun problème, allez vous poster au point de départ."
41315,"Remarquable, <If(PlayerParameter(4))>Madame<Else/>Monsieur</If> <Split(<Highlight>ObjectParameter(1)</Highlight>, ,2)/><Indent/>! Vos mouvements mériteraient d'être montrés à tous les novices<Indent/>!"
41316,"Vous avez été <If(PlayerParameter(4))>touchée<Else/>touché</If> par une attaque... Mal<SoftHyphen/>heu<SoftHyphen/>reu<SoftHyphen/>se<SoftHyphen/>ment, vous allez devoir recommencer."
41317,"Bienvenue, <If(PlayerParameter(4))>Madame<Else/>Monsieur</If> <Split(<Highlight>ObjectParameter(1)</Highlight>, ,2)/>. J'ai préparé encore plus d'attaques diverses et variées<Indent/>!"
41318,"C'est l'officière formatrice qui va vous attaquer. Soyez <If(PlayerParameter(4))>attentive<Else/>attentif</If> aux indications qui vont apparaître et esquivez en conséquence."
41319,"Lorsque vous serez <If(PlayerParameter(4))>prête<Else/>prêt</If> à commencer, veuillez vous poster au point de départ."
41320,"Pour cette première attaque, vous verrez apparaître comme une attache qui vous lie à votre ennemi."
41321,"Plus vous serez proche de lui, plus vous subirez des dégâts importants. Il est donc impératif que vous vous éloigniez de lui."
41322,"Vous pourrez remarquer que l'apparence du lien change lorsque vous êtes assez loin, alors soyez <If(PlayerParameter(4))>attentive<Else/>attentif</If><Indent/>!"
41323,"Vous voyez, sur cet exemple particulier, vous ne vous êtes pas assez <If(PlayerParameter(4))>éloignée<Else/>éloigné</If> de votre ennemi. Désolé, mais vous recommencez."
41324,"Passons à une autre attaque impliquant une attache, différente cette fois..."
41325,"En effet, vous pouvez vous interposer entre l'assaillant et sa cible pour encaisser le coup à la place de cette dernière."
41326,"La pratique, maintenant. Faites-vous toucher par l'attaque pour éviter que le bombo explose<Indent/>!"
41327,"Un beau feu d'artifice... Mais ce n'est pas ce que je vous ai demandé. Allez, on se remet en place<Indent/>!"
41328,"Bon, poursuivons avec une attaque... du regard<Indent/>! Oui, ça existe bel et bien. Voici à quoi ressemble l'indication."
41329,"Si vous regardez vers votre ennemi au moment où l'attaque est lancée, vous subirez des dégâts ou un effet néfaste."
41330,"Pour notre exercice, l'officière formatrice va lancer un sort de pétrification. Assurez-vous de bien lui tourner le dos<Indent/>!"
41331,"Vous n'avez pas pu vous empêcher de jeter un œil, hein<Indent/>? Allez, on recommence. Cette fois-ci, regardez de l'autre côté<Indent/>!"
41332,"Maintenant, je vais vous parler d'altérations d'état, telles que le poison ou la paralysie, par exemple."
41333,"Il en existe de nombreuses variétés, mais une bonne partie d'entre elles peuvent être éliminées grâce au sort Guérison."
41334,"Pour notre exercice, un de vos équipiers sera victime d'une entrave. Lancez sur lui le sort Guérison pour qu'il puisse échapper à l'attaque qui va le viser<Indent/>!"
41335,"Pour notre exercice, le soigneur va vous soulager d'une entrave. Une fois que vous serez libre de vos mouvements, déplacez-vous pour éviter l'attaque qui vous visera<Indent/>!"
41336,"Je vois que l'entrave n'a pas été retirée comme prévu... Il faut recommencer."
41337,"Vous deviez lancer le sort Guérison à temps pour que l'attaque soit évitée... Recommençons, je vous prie."
41338,"Vous avez encaissé l'attaque de plein fouet<Indent/>! Souvenez-vous, dès que l'entrave est levée, vous devez fuir im<SoftHyphen/>mé<SoftHyphen/>dia<SoftHyphen/>te<SoftHyphen/>ment<Indent/>!"
41339,"Bien, il est temps de mettre à l'épreuve vos compétences."
41340,"Pour l'examen pratique, vous devrez éviter diverses attaques en succession. Souvenez-vous de ce que vous venez d'apprendre<Indent/>!"
41341,"Vous étiez encore trop proche de l'ennemi. La prochaine fois, éloignez-vous jusqu'à ce que la couleur de l'attache change."
41342,"Attention, voyons<Indent/>! Vous étiez trop proche, et en plus pas dans le bon angle pour éviter les coups..."
41343,"Comme je vous l'ai expliqué, vous devez vous interposer entre l'assaillant et un bombo pour éviter une explosion."
41344,"Vous avez subi une attaque destinée à un de vos équipiers<Indent/>! La prochaine fois, interposez-vous au bon endroit."
41345,"C'est pourtant simple<Indent/>: tournez le dos à l'ennemi au moment de l'attaque<Indent/>! Je compte sur vous pour y arriver la prochaine fois."
41346,"En plus de regarder où il ne fallait pas, vous avez aussi encaissé une attaque en pleine figure... Allez, on reprend."
41347,"Vous n'avez pas réussi à guérir tous vos équipiers. Courage, vous allez y arriver."
41348,"Il faut que tous les équipiers esquivent l'attaque, sinon à quoi bon<Indent/>?"
41349,"Mal<SoftHyphen/>heu<SoftHyphen/>reu<SoftHyphen/>se<SoftHyphen/>ment, tout n'était pas parfait<Indent/>! Désolé, mais vous allez devoir vous y recoller."
41350,"Vous avez admirablement géré toutes les situations proposées. Bravo, c'est une réussite totale<Indent/>!"
41351,"3..."
41352,"2..."
41353,"1..."
41354,"Commençons<Indent/>!"
41355,"Pour la suite de l'exercice, veuillez vous rendre au prochain point de départ."
41356,"Bravo, beaux réflexes<Indent/>! Vous avez réagi comme il fallait."
41357,"Magnifique, c'est exactement ce que j'attendais de vous<Indent/>!"
41358,"Je suis heureux de constater que vous avez appliqué mes in<SoftHyphen/>struc<SoftHyphen/>tions à la lettre."
41400,"Je ne peux pas mourir. Pas avant de vous avoir éliminés de ce monde."
41401,"À genoux, manants<Indent/>! Mes entailles vont vous renvoyer dans le néant<Indent/>!"
41402,"Que la terre tremble sous le poids de l'acier<Indent/>!"
41403,"Agenouillez-vous et préparez-vous à mourir<Indent/>! Les dernières heures de l'humanité auront sonné lorsque je vous aurai anéantis<Indent/>!"
41404,"Que les ténèbres de mon âme vous engloutissent..."
41405,"Admirez... le feu de la haine qui brûle dans mon cœur<Indent/>!"
41406,"Mes flammes vous consumeront tous, misérables humains."
41407,"Vole, ô ma colère, et réduis-les en cendres<Indent/>!"
41408,"Cette insulte... Votre sang la lavera."
41409,"Abandonnez votre douloureux combat. Succombez aux ténèbres du néant."
41410,"Frêles mortels, je déchirerai votre chair et briserai vos os..."
41411,"Votre chant funèbre a commencé. Ses notes lugubres marquent votre déclin."
41412,"Ressentez ce frisson d'horreur jusque dans vos veines<Indent/>! La marque de ma haine restera gravée dans votre chair<Indent/>!"
41413,"Je vais vous broyer en mille morceaux<Indent/>!"
41414,"Saurez-vous toujours me tenir tête après avoir vu vos compagnons mourir sous vos yeux<Indent/>?"
41415,"Je ne tomberai pas<Indent/>! Je continuerai à revenir jusqu'à ce que le feu de la colère me consume<Indent/>!"
41416,"Agenouillez-vous et préparez-vous à mourir<Indent/>! Les dernières heures de l'humanité auront sonné lorsque je vous aurai anéantis<Indent/>!"
41417,"Vous allez voir ce que vous allez voir<Indent/>!"
41418,"Allez, c'est parti<Indent/>!"
41419,"Et c'est reparti<Indent/>!"
41420,"Prenez ça dans les dents<Indent/>!"
41421,"Bon<Indent/>! Maintenant, j'y vais franco<Indent/>!"
41422,"Vous résisterez pas à ça<Indent/>!"
41423,"Vous l'aurez voulu<Indent/>! Venez pas vous plaindre après<Indent/>!"
41424,"Préparez-vous à mordre la poussière<Indent/>!"
41425,"Déesse, baigne-moi dans ta lumière...<Indent/>!"
41426,"Déesse, accorde-moi ta protection...<Indent/>!"
41427,"Par les poings d'Asura<Indent/>!!"
41428,"Super coup de pied pulvérisant<Indent/>!"
41429,"Mais c'est que ça devient amusant, dites donc<Indent/>!"
41430,"Vous êtes pas si nazes que ça, en fait<Indent/>!"
41431,"Moi, la grande Prishe, perdre<Indent/>? Jamais...<Indent/>!"
41432,"Oh, bon sang<Indent/>! Ça devait pas se passer comme ça...<Indent/>!"
41433,"Ben alors<Indent/>? Et moi qui commençais justement à m'amuser..."
41434,"Pas la peine de vous relever, vous finirez à nouveau au tapis<Indent/>!"
41435,"Aaah... Vous avez quand même plus d'un tour dans votre sac<Indent/>!"
41436,"Ouah<Indent/>!? Ils ont pas bougé d'un poil<Indent/>!"
41437,"Quoi<Indent/>!? Vous avez aussi été bénis par la déesse<Indent/>? Impossible<Indent/>!"
41438,"内なる「怯懦」が、
おまえたちを押しつぶす……。"
41439,"内なる「怯懦」よ……潰せ。"
41440,"内なる「嫉妬」が、
おまえたちをかじりとる……。"
41441,"内なる「嫉妬」よ……断て。"
41442,"内なる「憎悪」が、
おまえたちを焼きこがす……。"
41443,"内なる「憎悪」よ……滅せよ。"
41444,"内なる「無知」が、
おまえたちをうつろにする……。"
41445,"内なる「無知」よ……刈れ。"
41446,"内なる「驕慢」が、
おまえたちを腐らせる……。"
41447,"内なる「驕慢」よ……圧せよ。"
41448,"Franchir le Bas Jeuno"
41449,"Franchir l'Estrade des guerriers"
41450,"Franchir l'Arbre de Boyahda"
41451,"Franchir la Volière aux dragons"
41452,"Franchir les Jardins de Ru'Aun"
41453,"Franchir l'Amphithéâtre de La'Loff"
41454,"Franchir le Château Zvahl"
41455,"Franchir la salle du trône"
41456,"Attention, ja<Indent/>! Cette gamine ne nous dit rien qui vaille..."
41457,"Transportons-la pendant qu'elle fait dodo, on lui posera des questions plus tard<Indent/>!"
41458,"Continuons droit devant pour sortir d'ici au plus vite, ja<Indent/>!"
41459,"Hein<Indent/>? Nous voilà dans une forêt maintenant..."
41460,"On vous laisse vous occuper des vilains pas beaux pendant qu'on protège la petite, ja<Indent/>!"
41461,"Notre flair ne nous trompe jamais, il y a un très gros morceau devant<Indent/>!"
41462,"C'est un sort de téléportation<Indent/>! Restons tous groupés<Indent/>!"
41463,"Mais... où est-ce qu'on est...<Indent/>? Au beau milieu du ciel<Indent/>!?"
41464,"Ces cinq zigotos ont l'air de vouloir en découdre. Faites gaffe à vos fesses, ja<Indent/>!"
41465,"Vous êtes vraiment fortiches<Indent/>! Je comprends pourquoi Wuk Lamat vous collait aux basques sans arrêt..."
41466,"C'est ce château, la ligne d'arrivée<Indent/>? L'accueil ne sera cer<SoftHyphen/>tai<SoftHyphen/>ne<SoftHyphen/>ment pas des plus chaleureux..."
41467,"Mijin Gakure dans 10 secondes<Indent/>!"
41468,"Mijin Gakure dans 5 secondes<Indent/>!"
41469,"Mijin Gakure dans 4 secondes<Indent/>!"
41470,"Mijin Gakure dans 3 secondes<Indent/>!"
41471,"Mijin Gakure dans 2 secondes<Indent/>!"
41472,"Mijin Gakure dans 1 seconde<Indent/>!"
41473,"Hop-là..."
41474,"BOOOOOOUUUUUM<Indent/>!!"
41475,"Méga uppercut auroral<Indent/>!!"
41476,"Mijin Gakure dans 30 secondes<Indent/>!"
41477,"Mijin Gakure dans 20 secondes<Indent/>!"
41478,""
41479,""
41480,""
41481,""
41482,""
41483,""
41484,""
41485,""
41486,""
41487,""
41488,""
41489,""
41490,""
41491,""
41492,""
41493,""
41494,""
41495,""
41496,""
41497,""
41498,""
41499,""
41500,""
41501,""
41502,""
41503,""
41504,""
41505,""
41506,""
41507,""
41508,""
41509,""
41510,""
41511,""
41512,""
41513,""
41514,""
41515,""
41516,""
41517,""
41518,""
41519,""
41520,""
41521,""
41522,""
41523,""
41524,""
41525,""
41526,""
41527,""
41528,""
41529,""
41530,""
41531,""
41532,""
41533,""
41534,""
41535,""
41536,""
41537,""
41538,""
41539,""
41540,""
41541,""
41542,""
41543,""
41544,""
41545,""
41546,""
41547,""
41548,""
41549,""
41550,""
41551,""
41552,""
41553,""
41554,""
41555,""
41556,""
41557,""
41558,""
41559,""
41560,""
41561,""
41562,""
41563,""
41564,""
41565,""
41566,""
41567,""
41568,""
41569,""
41570,""
41571,""
41572,""
41573,""
41574,""
41575,""
41576,""
41577,""
41578,""
41579,""
41580,""
41581,""
41582,""
41583,""
41584,""
41585,""
41586,""
41587,""
41588,""
41589,""
41590,""
41591,""
41592,""
41593,""
41594,""
41595,""
41596,""
41597,""
41598,""
41599,""
41600,"Bienvenue et adieu<Indent/>!"
41601,"Êtes-vous vivants<Indent/>?"
41602,"Êtes-vous heureux<Indent/>?"
41603,"Ensemble, surmontons la mort<Indent/>!"
41604,"Mon peuple a besoin de votre éther<Indent/>!"
41605,"N'ayez pas peur, la mort n'est pas une fin en soi<Indent/>!"
41606,"Admirez le lien entre les mondes<Indent/>!"
41607,"Déploiement des sous-unités<Indent/>!"
41608,"Êtes-vous toujours en vie<Indent/>? Activation de la puissance de réserve..."
41609,"Êtes-vous toujours en vie<Indent/>? Déverrouillage de la sécurité..."
41610,"Zone cible délimitée. Suppression de toute existence..."
41611,"Surcharge du système... Interruption de la procédure."
41612,"... Toujours en vie<Indent/>?<Indent/>...ne délimitée...<Indent/>...eprise de la suppression..."
41613,"Surcharg... extrême... Erreur dé..."
41614,"Instruction<Indent/>...écution<Indent/>...rcée... con...ée."
41615,"5 secondes avant Autorité absolue..."
41616,"4 secondes avant Autorité absolue..."
41617,"3 secondes avant Autorité absolue..."
41618,"2 secondes avant Autorité absolue..."
41619,"1 seconde avant Autorité absolue..."
41620,"◎×■venue e-e-e-et ad#▼△ieu<Indent/>!"
41621,"É◎×■♭nels, veu▼△ patienter. La dis■♭!×tion d'énergie ×■tale-ale-ale-ale..."
41622,"Dans ce cas, si ja◎×■♭!×#▼sion △♭◎ne au vinaigre... Je p... ourrai ×#?■ sur toi...<Indent/>?"
41623,"Ad-ad-dmir▼△ez le lien en■♭tre les mon-◎▼ondes<Indent/>!"
41624,"Êtes-v■♭... Êtes-vous heu▼◎eux<Indent/>?"
41625,"N'a-n'a-n'ayez ◎×■ peur, la mort n'est pas #▼△ fin en soi<Indent/>!"
41626,"Ensem... Ens-ens-ens■♭!ble, surmontons la mort<Indent/>!"
41627,""
41628,""
41629,""
41630,""
41631,""
41632,""
41633,""
41634,""
41635,""
41636,""
41637,""
41638,""
41639,""
41640,""
41641,""
41642,""
41643,""
41644,""
41645,""
41646,""
41647,""
41648,""
41649,""
41650,""
41651,""
41652,""
41653,""
41654,""
41655,""
41656,""
41657,""
41658,""
41659,""
41660,""
41661,""
41662,""
41663,""
41664,""
41665,""
41666,""
41667,""
41668,""
41669,""
41670,""
41671,""
41672,""
41673,""
41674,""
41675,""
41676,""
41677,""
41678,""
41679,""
41680,""
41681,""
41682,""
41683,""
41684,""
41685,""
41686,""
41687,""
41688,""
41689,""
41690,""
41691,""
41692,""
41693,""
41694,""
41695,""
41696,""
41697,""
41698,""
41699,""
41700,"Bientôt, vous ne ferez plus qu'un avec les Ténèbres<Indent/>!"
41701,"Que les Ténèbres enveloppent mes lames<Indent/>!"
41702,"Le néant enveloppera tout<Indent/>!"
41703,"Jamais la Lumière ne percera ce nuage<Indent/>!"
41704,"Sombrez dans l'abîme<Indent/>!"
41705,"Soyez anéantis<Indent/>!"
41706,"Je vais vous exterminer comme les insectes que vous êtes<Indent/>!"
41707,"Ténèbres... Lumière... Lovés dans mes bras..."
41708,"Acceptez la caresse du néant..."
41709,"La mort n'est que le commencement..."
41710,"Que le tumulte ténébreux vous emporte<Indent/>!"
41711,"Plénitude de la mort... Je t'attire en mon sein<Indent/>!"
41712,"Impétuosité des vents... Je t'attire en mon sein<Indent/>!"
41713,"Je n'arrive plus à contenir... le pouvoir des Ténèbres<Indent/>!"
41714,"Soyez réduits à l'état de pierres<Indent/>!"
41715,"Essayez donc d'éviter ça<Indent/>!"
41716,""
41717,""
41718,""
41719,""
41720,""
41721,""
41722,""
41723,""
41724,""
41725,""
41726,""
41727,""
41728,""
41729,""
41730,""
41731,""
41732,""
41733,""
41734,""
41735,""
41736,""
41737,""
41738,""
41739,""
41740,""
41741,""
41742,""
41743,""
41744,""
41745,""
41746,""
41747,""
41748,""
41749,""
41750,""
41751,""
41752,""
41753,""
41754,""
41755,""
41756,""
41757,""
41758,""
41759,""
41760,""
41761,""
41762,""
41763,""
41764,""
41765,""
41766,""
41767,""
41768,""
41769,""
41770,""
41771,""
41772,""
41773,""
41774,""
41775,""
41776,""
41777,""
41778,""
41779,""
41780,""
41781,""
41782,""
41783,""
41784,""
41785,""
41786,""
41787,""
41788,""
41789,""
41790,""
41791,""
41792,""
41793,""
41794,""
41795,""
41796,""
41797,""
41798,""
41799,""
41800,"Je suis le seul à même de la protéger..."
41801,"Voyons un peu ce que vous valez... En garde<Indent/>!"
41802,"J'ai juré de la protéger..."
41803,"Ainsi, vous cherchez à rompre la sérénité de ces lieux..."
41804,"Place à la Lumière, porteuse de calme et de volupté<Indent/>!"
41805,"À moi, dragon sacré<Indent/>!"
41806,"Le chant des dragons va de nouveau résonner<Indent/>!"
41807,"C'était une bonne idée d'en faire un collier<Indent/>!"
41808,"Oh oui, je suis sûre qu'il t'ira à ravir<Indent/>!"
41809,"Tu veux que je le porte<Indent/>? Mais c'est pourtant toi qui..."
41810,"Un collier de glace<Indent/>? D'où il sort<Indent/>?"
41811,"Ô Ténèbres du chaos, descendez du ciel et anéantissez la Lumière<Indent/>!"
41812,"Passé... Présent... Futur..."
41813,"Ici convergent une infinité de possibilités<Indent/>!"
41814,"Éphémère douleur, éternel bonheur..."
41815,"Désormais, le temps s'écoule selon ma volonté<Indent/>!"
41816,"Puisque vous vous obstinez, je vais devoir puiser dans sa Lumière<Indent/>!"
41817,"Non... Je ne te laisserai pas faire<Indent/>!"
41818,"Aaaaaaaah<Indent/>!"
41819,"Ryne<Indent/>!"
41820,"Elle tiendra pas longtemps à ce rythme<Indent/>!"
41821,"Raaaah<Indent/>!!"
41822,"Déphasage<Indent/>!"
41823,"Ryne, est-ce que ça va<Indent/>!?"
41824,"Hmph... Tu m'as sauvée, Gaïa..."
41825,"T-tu es Mitron<Indent/>!? Ah... Aaaaaah<Indent/>!!"
41826,"Je suis Loghrif... adepte du grand Zordiarche<Indent/>!"
41827,"J'apporte les Ténèbres absolues sur cette terre<Indent/>!"
41828,"Elle ne s'est pas encore totalement éveillée... Notre lien serait-il incomplet<Indent/>?"
41829,"Ces jeunes filles troublent notre harmonie... Leurs souvenirs doivent disparaître<Indent/>!"
41830,"L'heure est venue... Tout retournera aux Ténèbres pour l'éternité<Indent/>!"
41831,"Notre harmonie est enfin accomplie."
41832,"Essor et stagnation... L'ultime utopie<Indent/>!"
41833,"Ce n'est pas fini... Personne ne m'empêchera d'accomplir notre promesse<Indent/>!"
41834,"Assez... Assez de ces jacasseries<Indent/>!"
41835,"Et dire que notre utopie allait enfin devenir réalité<Indent/>!"
41836,"Je recommencerai tout à zéro, autant de fois qu'il le faudra<Indent/>!"
41837,"Oui... Si je peux me réincarner à nouveau, j'y arriverai...<Indent/>!"
41838,"Je vais vous rayer de mon esprit<Indent/>! Vous n'existerez plus<Indent/>!"
41839,"Hors de question qu'on disparaisse<Indent/>!"
41840,"Désolée, mais on est pas du genre à se laisser gentiment évincer<Indent/>!"
41841,"Ryne... On va s'en sortir, toi et moi<Indent/>!"
41842,"Oui<Indent/>! Promis, juré<Indent/>!"
41843,"Notre <If(PlayerParameter(4))>amie<Else/>ami</If> triomphera, j'en suis certaine<Indent/>!"
41844,"Y a intérêt... Hé, nous déçois pas, d'accord<Indent/>?"
41845,"Allez... On va s'accrocher à notre avenir<Indent/>!"
41846,"Puissent nos prières être exaucées <Indent/>!"
41847,"Je ne reconnais déjà plus notre utopie..."
41848,"À ce compte-là... rien ne mérite d'exister<Indent/>!"
41849,"J-je sens tout le poids de sa volonté<Indent/>!"
41850,"Tenez bon, je vous en prie<Indent/>!"
41851,"Yaaaaah<Indent/>!!!"
41852,"Ainsi meurt notre promesse..."
41853,"Par la Lumière et les Ténèbres...<Indent/>!"
41854,"Leurs souvenirs résistent encore... Dans ce cas...<Indent/>!"
41855,"Nous ne ferons plus qu'un<Indent/>!"
41856,"Hein<Indent/>!? Qu'est-ce que...<Indent/>!?"
41857,"On va pas se laisser faire<Indent/>!"
41858,"Hein<Indent/>? Quelle est cette apparence...<Indent/>!?"
41859,"Ryne... T'es là<Indent/>? Réponds-moi<Indent/>!"
41860,"Gaïa...<Indent/>?"
41861,"Raaaaargh<Indent/>!!!"
41862,""
41863,""
41864,""
41865,""
41866,""
41867,""
41868,""
41869,""
41870,""
41871,""
41872,""
41873,""
41874,""
41875,""
41876,""
41877,""
41878,""
41879,""
41880,""
41881,""
41882,""
41883,""
41884,""
41885,""
41886,""
41887,""
41888,""
41889,""
41890,""
41891,""
41892,""
41893,""
41894,""
41895,""
41896,""
41897,""
41898,""
41899,""
41900,"Allez, l'heurrre du duel a sonné."
41901,"Vous l'attendiez tous, notre champion<Indent/>: Howling Blade<Indent/>!"
41902,"Arriveras-tu à me suivrrre<Indent/>?"
41903,"Incroyable<Indent/>! Il est tellement rapide qu'il laisse des doubles derrière lui<Indent/>!"
41904,"Pourras-tu prrrévoir ce coup<Indent/>?"
41905,"Jouons un peu ensemble."
41906,"Je vais te faire découvrirrr le pouvoir de Fenrir<Indent/>!"
41907,"Oh là là là<Indent/>! Des statues géantes ont fait leur apparition<Indent/>!"
41908,"Les statues n'ont pas résistés aux assauts<Indent/>!"
41909,"Intéressant... Mais pourras-tu rrrésister à la suite<Indent/>?"
41910,"Allez<Indent/>! Encaisse ça pour voirrr<Indent/>!"
41911,"Je ne pensais pas que tu tiendrrrais aussi longtemps. Ha ha<Indent/>! Voilà qui devient amusant<Indent/>!"
41912,"La puissance de Fenrir va s'abattrrre sur toi<Indent/>!"
41913,"Finissons-en<Indent/>! La victoirrre m'appartient<Indent/>!"
41914,"Ugh... Je ne peux pas perdrrre... Il me faut plus de puissance<Indent/>!"
41915,"J'absorberai toute l'énerrrgie de Fenrir<Indent/>!"
41916,"Je refuse de perdre<Indent/>! Peu importe le prrrix à payer..."
41917,"Tiens, c'est étrange... Qu'est-ce qu'il nous mijote<Indent/>?"
41918,"Stupéfiant<Indent/>! Howling Blade a détruit le ring<Indent/>! Le combat continue à l'étage du dessous<Indent/>!"
41919,"Les îles flottantes de la mort<Indent/>! Attention où vous mettez les pieds<Indent/>!"
41920,"Le véritable combat commence maintenant<Indent/>! En garrrde<Indent/>!"
41921,"Je vais tout rrréduire à néant<Indent/>!"
41922,"Tu disparaîtrrras avec cette arène<Indent/>!"
41923,"Une île a été détruite<Indent/>! Nous allons réparer ça au plus vite<Indent/>!"
41924,"Que les vents se déchaînent<Indent/>! À moi, tempête de crrrocs<Indent/>!"
41925,"Arriverrras-tu à esquiver ce coup<Indent/>? Secousse cosmique<Indent/>!"
41926,"Je suis prêt à tout donner pour te battrrre<Indent/>!"
41927,"Même si je dois y laisser la vie... Je..."
41928,"Ce combat prend des proportions épiques<Indent/>! Qui va réussir à l'emporter<Indent/>?"
41929,"Pas... question... de perrrdre<Indent/>!"
41930,"Ta forrrce dépasse toutes mes attentes. Mais j'emporterai la victoire<Indent/>!"
41931,"Prrrouve-moi que tu peux esquiver mes coups<Indent/>!"
41932,"Arriveras-tu à te rrrelever après avoir encaissé ça<Indent/>?"
41933,"Vaincre Howling Blade"
41934,"Grrraaaaaah<Indent/>!"
41935,"C'est parrrti<Indent/>!"
41936,""
41937,""
41938,""
41939,""
41940,""
41941,""
41942,""
41943,""
41944,""
41945,""
41946,""
41947,""
41948,""
41949,""
41950,""
41951,""
41952,""
41953,""
41954,""
41955,""
41956,""
41957,""
41958,""
41959,""
41960,""
41961,""
41962,""
41963,""
41964,""
41965,""
41966,""
41967,""
41968,""
41969,""
41970,""
41971,""
41972,""
41973,""
41974,""
41975,""
41976,""
41977,""
41978,""
41979,""
41980,""
41981,""
41982,""
41983,""
41984,""
41985,""
41986,""
41987,""
41988,""
41989,""
41990,""
41991,""
41992,""
41993,""
41994,""
41995,""
41996,""
41997,""
41998,""
41999,""
42000,"Oh là là... Brute Bombinator veut en découdre hors du ring<Indent/>!"
42001,"Notre challenger va devoir affronter une multitude d'âmes combinées en une chimère infernale<Indent/>!"
42002,"Impossible<Indent/>! La puissance combinée des créatures a permis de créer une arme<Indent/>!"
42003,"Tiens... Les graines éparpillées se sont transformées en monstres<Indent/>!"
42004,"Houlà<Indent/>! Notre caméra a été pétrifiée par la dernière attaque<Indent/>!"
42005,"Quel souffle<Indent/>! Brute Bombinator envoie valdinguer le challenger<Indent/>!"
42006,"Comment est-ce possible<Indent/>? Brute Bombinator s'accroche aux murs<Indent/>!"
42007,"Il saute de mur en mur<Indent/>!"
42008,"Incroyable dé<SoftHyphen/>mon<SoftHyphen/>stra<SoftHyphen/>tion de force<Indent/>! Le sol de l'arène n'a pas résisté<Indent/>!"
42009,"Notre caméra va s'empresser de suivre les combattants<Indent/>!"
42010,"Apparemment, la destruction du sol a causé un incendie<Indent/>!"
42011,"Un lariat<Indent/>! Est-ce la conscience de Brute Bomber qui resurgit<Indent/>?"
42012,"Hallucinant<Indent/>! La puissance cumulée de ces monstres est à couper le souffle<Indent/>!"
42013,"Notre challenger a réussi à éviter tous les coups de son adversaire<Indent/>!"
42014,"Et encore une attaque dévastatrice<Indent/>! Mais notre challenger tient bon<Indent/>!"
42015,"Quel combat acharné<Indent/>! J'en ai des palpitations<Indent/>!"
42016,"Vaincre Brute Bombinator"
42017,""
42018,""
42019,""
42020,""
42021,""
42022,""
42023,""
42024,""
42025,""
42026,""
42027,""
42028,""
42029,""
42030,""
42031,""
42032,""
42033,""
42034,""
42035,""
42036,""
42037,""
42038,""
42039,""
42040,""
42041,""
42042,""
42043,""
42044,""
42045,""
42046,""
42047,""
42048,""
42049,""
42050,""
42051,""
42052,""
42053,""
42054,""
42055,""
42056,""
42057,""
42058,""
42059,""
42060,""
42061,""
42062,""
42063,""
42064,""
42065,""
42066,""
42067,""
42068,""
42069,""
42070,""
42071,""
42072,""
42073,""
42074,""
42075,""
42076,""
42077,""
42078,""
42079,""
42080,""
42081,""
42082,""
42083,""
42084,""
42085,""
42086,""
42087,""
42088,""
42089,""
42090,""
42091,""
42092,""
42093,""
42094,""
42095,""
42096,""
42097,""
42098,""
42099,""
42100,"Je vais utiliser la plus puissante unité défensive de ce château pour mieux étalonner ta force."
42101,"Activons un autre système d'armement."
42102,"Décidément... Passons au protocole suivant."
42103,"Testons maintenant tes capacités d'adaptation."
42104,"Pourrais-tu mourir, s'il te plaît<Indent/>? Cela m'épargnerait bien des désagréments."
42105,"Encore en vie<Indent/>? Quelle corvée..."
42106,"Je vois... C'est donc ce pouvoir incommensurable qui a eu raison de la Reine Éternité."
42107,"Essayons avec ceci."
42108,"Comment vas-tu réagir à ça<Indent/>?"
42109,"Soldate S0 de la garde du château d'Alexandrie au rapport... Conformément aux ordres de la vice-capitaine, je vais éliminer la menace."
42110,"Levée des limitations... Surcadençage activé."
42111,"Activation de l'armement auxiliaire... Annihilation imminente."
42112,""
42113,"Dommages critiques... Arrêt... système... Pardon, Vice... Capitaine..."
42114,"Franchir le périmètre structurel"
42115,"Vaincre le gargant"
42116,"Franchir les alentours du château"
42117,"Vaincre la soldate S0"
42118,"Franchir le troisième étage"
42119,"Vaincre Obélisk"
42120,"Je me demande comment des monstres ont réussi à pénétrer ce périmètre et à s'y reproduire..."
42121,"正面のルートは塞がっているので、迂回して進みましょう。"
42122,"Ces machines ont des accès de maintenance qui débouchent à l'intérieur. Trouvez un moyen d'y entrer."
42123,"Mes détecteurs s'affolent... Désolée, mais l'af<SoftHyphen/>fron<SoftHyphen/>te<SoftHyphen/>ment semble inévitable<Indent/>!"
42124,"Quel talent<Indent/>! Entrez par l'accès de maintenance et suivez le couloir."
42125,"Il semble que la con<SoftHyphen/>struc<SoftHyphen/>tion de ce château ait été un combat permanent contre le niveau de l'eau."
42126,"Défier ainsi les éléments, c'est un symbole de la persévérance inflexible des Alexandrins."
42127,"Dire que Préservation aurait osé installer un terminal à cet endroit... Ça me brise le cœur."
42128,"Des interférences m'empê... maintenir la com... Il bloqu... signal<Indent/>!? Attent... c'est... ment un piège<Indent/>!"
42129,"Te voilà enfin. Je vais pouvoir évaluer tes capacités."
42130,"Il semble que tu as encore de la marge."
42131,"Dans ce cas, poursuivons cette expérience. Continue d'avancer."
42132,"Je me disais bien que ce ne serait pas suffisant pour te vaincre. Choisissons un adversaire plus adéquat."
42133,""
42134,""
42135,""
42136,""
42137,""
42138,""
42139,""
42140,""
42141,""
42142,""
42143,""
42144,""
42145,""
42146,""
42147,""
42148,""
42149,""
42150,""
42151,""
42152,""
42153,""
42154,""
42155,""
42156,""
42157,""
42158,""
42159,""
42160,""
42161,""
42162,""
42163,""
42164,""
42165,""
42166,""
42167,""
42168,""
42169,""
42170,""
42171,""
42172,""
42173,""
42174,""
42175,""
42176,""
42177,""
42178,""
42179,""
42180,""
42181,""
42182,""
42183,""
42184,""
42185,""
42186,""
42187,""
42188,""
42189,""
42190,""
42191,""
42192,""
42193,""
42194,""
42195,""
42196,""
42197,""
42198,""
42199,""
42200,"J'espère que vous saurez m'inspirer un minimum."
42201,"Sugar Riot nous accueille dans son atelier<Indent/>!"
42202,"Bien, il est temps de passer aux choses sérieuses."
42203,"Elle a le pouvoir de donner vie à ses graffitis<Indent/>!"
42204,"Je vais dessiner tout ce qui me passe par la tête<Indent/>!"
42205,"Ma vision prend forme<Indent/>! Bienvenue dans mon monde<Indent/>!"
42206,"Attention les mirettes<Indent/>! L'atelier se change en désert<Indent/>!"
42207,"Et on rajoute un p'tit soleil<Indent/>!"
42208,"Qui dit désert, dit cactus<Indent/>! Aïe aïe aïe<Indent/>!"
42209,"Quelqu'un a demandé une séance d'acupuncture improvisée<Indent/>?"
42210,"Hmmm... Il manque quelque chose... Ah, je sais<Indent/>!"
42211,"Et voici les terribles sables mouvants<Indent/>! Mieux vaut ne pas se laisser emporter<Indent/>!"
42212,"Aïe, aïe, aïe... Notre challenger a été englouti<Indent/>!"
42213,"Ma vision s'incarne<Indent/>! Que penses-tu de ça<Indent/>?"
42214,"Magnifique<Indent/>! L'atelier change à nouveau de décor<Indent/>!"
42215,"Non, c'est pas assez<Indent/>! Je veux que ça gronde<Indent/>!"
42216,"L'orage vient perturber ce cadre idyllique<Indent/>! Gare à la foudre<Indent/>!"
42217,"Voilà, mes images débordent d'énergie<Indent/>! La destruction est une forme d'art."
42218,"La tempête se déchaîne<Indent/>! Vite, à l'abri<Indent/>!"
42219,"Ouh là là... Je peux plus l'arrêter<Indent/>! Mon dessin va exploser<Indent/>!"
42220,"Sugar Riot est in<SoftHyphen/>con<SoftHyphen/>trô<SoftHyphen/>la<SoftHyphen/>ble<Indent/>! Le magma jaillit de partout<Indent/>!"
42221,"Le flan c'est excellent, mais c'est pas très marrant<Indent/>!"
42222,"Incroyable<Indent/>! Elle a transformé sa créature en une autre<Indent/>!"
42223,"C'est quoi, ta couleur préférée<Indent/>?"
42224,"Qu'est-ce que tu dis de ça<Indent/>?"
42225,"Hmmm... Ça manque de punch<Indent/>!"
42226,"Tu m'as carrément inspirée<Indent/>! Mon art s'est libéré<Indent/>!"
42227,"Vaincre Sugar Riot"
42228,""
42229,""
42230,""
42231,""
42232,""
42233,""
42234,""
42235,""
42236,""
42237,""
42238,""
42239,""
42240,""
42241,""
42242,""
42243,""
42244,""
42245,""
42246,""
42247,""
42248,""
42249,""
42250,""
42251,""
42252,""
42253,""
42254,""
42255,""
42256,""
42257,""
42258,""
42259,""
42260,""
42261,""
42262,""
42263,""
42264,""
42265,""
42266,""
42267,""
42268,""
42269,""
42270,""
42271,""
42272,""
42273,""
42274,""
42275,""
42276,""
42277,""
42278,""
42279,""
42280,""
42281,""
42282,""
42283,""
42284,""
42285,""
42286,""
42287,""
42288,""
42289,""
42290,""
42291,""
42292,""
42293,""
42294,""
42295,""
42296,""
42297,""
42298,""
42299,""
42300,"Par cette épée, je jure de protéger Sa Majesté Sphene<Indent/>!"
42301,"Je t'en prie, cesse de bafouer mes précieux souvenirs de Zelenia<Indent/>!"
42302,"Prenez ça<Indent/>!"
42303,"Pas de pitié<Indent/>!"
42304,"Vils cancrelats<Indent/>!"
42305,"Votre sang souillera mon épée<Indent/>!"
42306,"Goûtez au fil de ma lame<Indent/>!"
42307,"Je vais vous dépecer<Indent/>!"
42308,"À moi, arcanes magiques<Indent/>!"
42309,"Soyez oblitérés<Indent/>!"
42310,"Je vous transpercerai<Indent/>!"
42311,"Tremblez face à ma technique sacrée<Indent/>!"
42312,"Soyez anéantis<Indent/>!"
42313,"Cette technique...<Indent/>! Tu dois l'esquiver<Indent/>!"
42314,"Que le tonnerre gronde<Indent/>!"
42315,"Je n'en crois pas mes yeux<Indent/>! Son style de combat a été reproduit à la perfection<Indent/>!"
42316,"Reste sur tes gardes, elle n'a pas encore montré son plein potentiel<Indent/>!"
42317,"Que ma lame soit infaillible<Indent/>!"
42318,"Soyez témoins de la vaillance qui anime la garde royale d'Alexandrie<Indent/>!"
42319,"Pliez sous le poids de mon serment<Indent/>!"
42320,"C'est une attaque puissante... Prépare-toi à l'endurer<Indent/>!"
42321,"Contemplez la véritable puissance de mon épée<Indent/>!"
42322,"Je ne vous laisserai pas une seconde de répit<Indent/>!"
42323,"Vos manigances s'arrêtent ici<Indent/>!"
42324,"Évitez donc ça<Indent/>!"
42325,"Éloigne-toi à tout prix de ses cercles arcaniques<Indent/>!"
42326,"Elle utilise ces symboles pour transmettre et amplifier ses sorts."
42327,"Elle va allier escrime et magie, prends garde<Indent/>!"
42328,"Incroyable<Indent/>! C'est la première fois que je vois quelqu'un rendre coup pour coup à Zelenia<Indent/>!"
42329,"Il faut trouver où se déplacer pour éviter ses cercles arcaniques<Indent/>!"
42330,"J'accomplirai mon devoir, même si je dois y laisser la vie<Indent/>!"
42331,"Quoi qu'il advienne, je ne faillirai pas<Indent/>!"
42332,"Vous êtes trop jeunes pour m'affronter<Indent/>!"
42333,"Vous allez regretter votre insolence..."
42334,"Assez joué, je n'ai plus le temps<Indent/>!"
42335,"Je détruirai tous les ennemis d'Alexandrie<Indent/>!"
42336,"J'ai juré de défendre Sa Majesté Sphene, quoi qu'il m'en coûte<Indent/>!"
42337,"C'est vrai... Aussi loin que je m'en souvienne, Zelenia a toujours été là pour moi..."
42338,"Je... Je sais que ce n'est que le fruit de mes souvenirs, mais j'ai comme un pincement au cœur..."
42339,"Pliez sous le poids de mon serment<Indent/>!"
42340,""
42341,""
42342,""
42343,""
42344,""
42345,""
42346,""
42347,""
42348,""
42349,""
42350,""
42351,""
42352,""
42353,""
42354,""
42355,""
42356,""
42357,""
42358,""
42359,""
42360,""
42361,""
42362,""
42363,""
42364,""
42365,""
42366,""
42367,""
42368,""
42369,""
42370,""
42371,""
42372,""
42373,""
42374,""
42375,""
42376,""
42377,""
42378,""
42379,""
42380,""
42381,""
42382,""
42383,""
42384,""
42385,""
42386,""
42387,""
42388,""
42389,""
42390,""
42391,""
42392,""
42393,""
42394,""
42395,""
42396,""
42397,""
42398,""
42399,""
42400,"Vaincre Dancing Green"
42401,"Yeaaah<Indent/>! Que la fête commence<Indent/>!"
42402,"Et voici... Dancing Green<Indent/>!"
42403,"Peux-tu seulement me suivre<Indent/>?"
42404,"Dancing Green subjugue le public avec ses pas de danse endiablés<Indent/>!"
42405,"J'ai pas encore fini<Indent/>! Allez, on danse<Indent/>!"
42406,"Sur la piste, c'est moi le roi<Indent/>! Alors, t'as intérêt à te donner à fond<Indent/>!"
42407,"Tous les spots sont braqués sur moi<Indent/>!"
42408,"Dancing Green provoque son adversaire<Indent/>! Que va faire notre challenger<Indent/>?"
42409,"Laisse le groove guider tes pas<Indent/>!"
42410,"En piste, mes petits danseurs<Indent/>!"
42411,"C'est la fièvre de l'Arcadion<Indent/>! Essaye de suivre notre chorégraphie<Indent/>!"
42412,"Dancing Green est absolument frénétique<Indent/>! Attention à ne pas manquer ses mouvements<Indent/>!"
42413,"Balance-toi sur le rythme de nos pas<Indent/>!"
42414,"Et on termine en beauté<Indent/>!"
42415,"Parfait<Indent/>! T'as vraiment assuré<Indent/>!"
42416,"Wouh<Indent/>! Tu te débrouilles<Indent/>! Le public est en délire."
42417,"Hmpf<Indent/>! C'est tout<Indent/>? Va falloir t'améliorer."
42418,"Oh, hé, c'est une blague<Indent/>? T'as tué l'ambiance..."
42419,"Allez<Indent/>! Laisse le rythme t'entraîner jusqu'au bout de la nuit<Indent/>!"
42420,"On remet ça<Indent/>! Répète donc nos mouvements, si t'en es capable<Indent/>!"
42421,"Dancing Green fait encore monter la température<Indent/>! Il faut garder les yeux bien ouverts<Indent/>!"
42422,"Laisse-moi t'éblouir<Indent/>!"
42423,"À vous de jouer, mes mignons<Indent/>!"
42424,"Il est temps d'en finir<Indent/>! Allez<Indent/>!"
42425,"C'était génial<Indent/>! On se retrouve quand tu veux sur la piste de danse<Indent/>!"
42426,""
42427,""
42428,""
42429,""
42430,""
42431,""
42432,""
42433,""
42434,""
42435,""
42436,""
42437,""
42438,""
42439,""
42440,""
42441,""
42442,""
42443,""
42444,""
42445,""
42446,""
42447,""
42448,""
42449,""
42450,""
42451,""
42452,""
42453,""
42454,""
42455,""
42456,""
42457,""
42458,""
42459,""
42460,""
42461,""
42462,""
42463,""
42464,""
42465,""
42466,""
42467,""
42468,""
42469,""
42470,""
42471,""
42472,""
42473,""
42474,""
42475,""
42476,""
42477,""
42478,""
42479,""
42480,""
42481,""
42482,""
42483,""
42484,""
42485,""
42486,""
42487,""
42488,""
42489,""
42490,""
42491,""
42492,""
42493,""
42494,""
42495,""
42496,""
42497,""
42498,""
42499,""
42500,"Franchir le Ronfaure"
42501,"Franchir le Pic de Horlais"
42502,"Franchir l'armada de Jeuno"
42503,"Franchir Qufim"
42504,"Franchir l'Axe stellaire"
42505,"Franchir le Nœud céleste"
42506,"Le Château d'Oraguille... Nous voilà donc à San d'Oria<Indent/>?"
42507,"Le Ronfaure a pourtant toujours été... une terre d'accueil pour les aventuriers..."
42508,"Un cercle ardent, ici<Indent/>? Il faut dire que la topographie des lieux a bien changé..."
42509,"Nous voilà maintenant au Pic de Horlais... Mieux vaut rester prudents<Indent/>!"
42510,"Le grand Kirin nous a félicités<Indent/>! Nous sommes prêts pour la prochaine bataille<Indent/>!"
42511,"C'est... l'armada de Jeuno<Indent/>!? La Société d'Armathrwn... Cette bataille dégage une forte impression de déjà-vu<Indent/>!"
42512,"Ultima et Oméga<Indent/>!? Rattrapons-les pendant qu'ils attaquent la flotte<Indent/>!"
42513,"Ultima et Oméga ne tiennent plus en place... Il y a forcément une raison."
42514,"Navré de ne plus être à vos côtés... Je compte sur vous pour les arrêter sans moi<Indent/>!"
42515,"À ce rythme, il n'en restera bientôt plus que des miettes..."
42516,"Navré de ne plus être à vos côtés... Je compte sur vous pour les arrêter sans moi<Indent/>!"
42517,"J'ai bien peur que cette bourrasque m'ait isolé sur un autre aéronef..."
42518,"Un spectacle plutôt intéressant... Approchez donc, nous allons le poursuivre ensemble..."
42519,"Je vous attends au sommet de la tour..."
42520,"Adieu, petit frère. Retourne au cristal d'où tu viens."
42521,"Vous voici face à la Porte des Dieux, le cœur de Tu'Lia... Tâchez d'être dignes du spectacle."
42522,"Êtres faibles et enchaînés<Indent/>! Affrontez-moi si vous l'osez<Indent/>!"
42523,"Vous allez goûter à la puissance des Zilarts."
42524,"La vermine doit être intégralement exterminée<Indent/>!"
42525,"Abreuve-toi à la source des éléments, Sublime Estoc<Indent/>!"
42526,"Ahahahahaha<Indent/>! Rejouons au même jeu encore une fois<Indent/>!"
42527,"Ce champ de bataille aux mille facettes sera votre tombeau<Indent/>!"
42528,"Contemplez la sagesse des Zilarts en rendant votre dernier souffle<Indent/>!"
42529,"Voici la véritable beauté du cristal... L'éclat de la domination ultime<Indent/>!"
42530,"Rassemblez-vous, cristaux<Indent/>! Que votre union dévoile le paradis éternel<Indent/>!"
42531,"Moi seul incarne la volonté du cristal<Indent/>!"
42532,"Au revoir, misérable vermine. Votre heure est venue. C'est le début de la fin."
42533,"Vous allez regretter de ne pas avoir succombé à mon épée..."
42534,"Votre agonie n'en sera que plus jouissive<Indent/>!"
42535,"P-pourquoi<Indent/>? Je suis la volonté... du cristal... Comment de simples mortels ont-ils pu me battre<Indent/>?"
42536,"Nous voilà enfin seuls... Venez me rejoindre devant la Porte des Dieux."
42537,"Je suis Kirin, maître des quatre divinités cardinales. L'heure de votre récompense a sonné."
42538,"En temps normal, Kirin ne se montre jamais par ici... Le coupable d'une telle bizarrerie ne peut être que Sareel Ja<Indent/>!"
42539,"Vous avez repoussé vos limites, mortels..."
42540,"Que les dieux manifestent toute leur puissance..."
42541,"Transforme-les en cendres, Suzaku<Indent/>!"
42542,"Fais pleuvoir le sang, Seiryû<Indent/>!"
42543,"Amuse-toi avec tes griffes, Byakko<Indent/>!"
42544,"Fais trembler la terre, Genbu<Indent/>!"
42545,"Il a invoqué les quatre divinités cardinales<Indent/>! Préparez-vous au pire<Indent/>!"
42546,"Mon pouvoir... Je dois le libérer<Indent/>!"
42547,"Une nouvelle attaque<Indent/>!? Il va falloir s'y habituer<Indent/>!"
42548,"Cette épreuve sera votre dernière..."
42549,"Prosternez-vous devant moi<Indent/>!"
42550,"Vous servirez d'offrandes aux dieux..."
42551,"Vous ne parviendrez pas à transcender votre statut de simples mortels..."
42552,"Votre survie n'est qu'un doux rêve..."
42553,"Bravo<Indent/>! Votre sang-froid est admirable<Indent/>!"
42554,"Certains semblent très mal en point<Indent/>! Soigneurs, à vous d'y remédier<Indent/>!"
42555,"Je vois quelqu'un au sol<Indent/>! Lancez-lui un sort de résurrection<Indent/>!"
42556,"Cette attaque dépassait l'entendement<Indent/>! Votre monde est décidément plein de surprises<Indent/>!"
42557,"Quel miracle de la nature<Indent/>! Le combat est loin d'être terminé<Indent/>!"
42558,"Cette défense de fer... Que dis-je, une barrière impénétrable<Indent/>! Merci<Indent/>!"
42559,"Attention, ce qui arrive risque de faire très mal<Indent/>! Protecteurs, prêtez-moi votre force<Indent/>!"
42560,"Nous ne cèderons Vana'diel à personne. C'est notre monde."
42561,"Je vais vous montrer la sapience des Zilarts."
42562,"Saurez-vous éviter mes multiples attaques<Indent/>?"
42563,"J'ai appris une nouvelle attaque<Indent/>! Vous voulez la voir<Indent/>?"
42564,"Ce corps ridicule n'empêchera pas mon esprit de remporter la victoire<Indent/>!"
42565,"Vous vous battez bien... mais l'heure est venue pour moi de vous faire mes adieux<Indent/>!"
42566,"Je sais bien que ce monde n'est pas Vana'diel. Je l'ai toujours su."
42567,"J'ai acquis la maîtrise du phénomène qui m'a donné forme. Et je vais vous le prouver."
42568,"Lorsque vous serez retournés à l'état de poussière, ce monde redeviendra enfin le nôtre... "
42569,"Je n'ai plus le temps de jouer. Préparez-vous à être témoins de mon vrai pouvoir<Indent/>!"
42570,"Notre combat mérite un décor plus approprié..."
42571,"Vous m'avez offert un beau spectacle, mais il touche bientôt à sa fin."
42572,""
42573,""
42574,""
42575,""
42576,""
42577,""
42578,""
42579,""
42580,""
42581,""
42582,""
42583,""
42584,""
42585,""
42586,""
42587,""
42588,""
42589,""
42590,""
42591,""
42592,""
42593,""
42594,""
42595,""
42596,""
42597,""
42598,""
42599,""
42600,"Je n'ai pas le choix... Si je veux sauver mes patients, je dois mobiliser tous les moyens médicaux à ma disposition."
42601,"Activation des diffuseurs pharmaceutiques<Indent/>!"
42602,"Navré, mais je vais devoir utiliser un plus puissant produit. Aux grands maux les grands remèdes..."
42603,"Franchir l'étage inférieur"
42604,"Vaincre la mémoire d'un chef de clinique"
42605,"Franchir l'étage intermédiaire"
42606,"Vaincre les mémoires de bourreaux"
42607,"Franchir l'étage supérieur"
42608,"Vaincre Memoria populi"
42609,"Vous voilà enfin... Pour commencer, je vais vous épuiser comme il se doit."
42610,"J'ai créé des Éternels. Ils ne sont pas faits pour le combat, mais ils obéiront aux ordres."
42611,"Comme “tuez nos ennemis si vous voulez vivre”, par exemple... Tout cela dans un décor de circonstance."
42612,"Ce sont les souvenirs d'un médecin qui sauvait des vies. Son aversion de la mort doit être puissante."
42613,"Le système n'a pas supporté la charge... Peu importe, mon objectif est atteint."
42614,"Bon, passons donc à cette sordide prison. Au moins, ses résidents n'auront pas besoin d'être commandés."
42615,"Les bourreaux ont l'avantage d'être loyaux. Ils sauront punir les criminels."
42616,"Sont-ils parvenus à vous fatiguer ne serait-ce qu'un peu<Indent/>? Parfait. Avançons, alors..."
42617,"Voilà des souvenirs issus d'une époque marquée par la mort... et un sens du sacrifice qui ne demande qu'à être exploité."
42618,"Soldats<Indent/>! L'ennemi est à vos portes<Indent/>! Protégez votre patrie au péril de vos vies<Indent/>!"
42619,"Ce n'est qu'un amas de souvenirs disparates... mais on verra bien ce que ça donne."
42620,"C'était il y a bien longtemps, lors de la Guerre des fulgurations..."
42621,"D'innombrables vies furent perdues pour une cause futile."
42622,"Les combats devenaient de plus en plus sanglants..."
42623,"Et les bombardements ennemis se poursuivaient sans relâche."
42624,"À chaque éclair dans le ciel, une nuée de vies s'éteignait..."
42625,"De toute part, la mort avait assombri notre avenir."
42626,"L'heure de votre exécution a sonné. Jusqu'à quand pourrez-vous résister<Indent/>?"
42627,"Courez donc<Indent/>! Les coupables ne pourront pas échapper à leur sort<Indent/>!"
42628,""
42629,""
42630,""
42631,""
42632,""
42633,""
42634,""
42635,""
42636,""
42637,""
42638,""
42639,""
42640,""
42641,""
42642,""
42643,""
42644,""
42645,""
42646,""
42647,""
42648,""
42649,""
42650,""
42651,""
42652,""
42653,""
42654,""
42655,""
42656,""
42657,""
42658,""
42659,""
42660,""
42661,""
42662,""
42663,""
42664,""
42665,""
42666,""
42667,""
42668,""
42669,""
42670,""
42671,""
42672,""
42673,""
42674,""
42675,""
42676,""
42677,""
42678,""
42679,""
42680,""
42681,""
42682,""
42683,""
42684,""
42685,""
42686,""
42687,""
42688,""
42689,""
42690,""
42691,""
42692,""
42693,""
42694,""
42695,""
42696,""
42697,""
42698,""
42699,""
42700,"Faim... Faim...<Indent/>!"
42701,"Germes... Pousses...<Indent/>!"
42702,"Fleurs... Floraison...<Indent/>!"
42703,"Faim... Pas flétrir... Pas flétrir...<Indent/>!"
42704,"Germes... Pousses... Encore... Encore...<Indent/>!"
42705,""
42706,""
42707,""
42708,""
42709,""
42710,""
42711,""
42712,""
42713,""
42714,""
42715,""
42716,""
42717,""
42718,""
42719,""
42720,""
42721,""
42722,""
42723,""
42724,""
42725,""
42726,""
42727,""
42728,""
42729,""
42730,""
42731,""
42732,""
42733,""
42734,""
42735,""
42736,""
42737,""
42738,""
42739,""
42740,""
42741,""
42742,""
42743,""
42744,""
42745,""
42746,""
42747,""
42748,""
42749,""
42750,""
42751,""
42752,""
42753,""
42754,""
42755,""
42756,""
42757,""
42758,""
42759,""
42760,""
42761,""
42762,""
42763,""
42764,""
42765,""
42766,""
42767,""
42768,""
42769,""
42770,""
42771,""
42772,""
42773,""
42774,""
42775,""
42776,""
42777,""
42778,""
42779,""
42780,""
42781,""
42782,""
42783,""
42784,""
42785,""
42786,""
42787,""
42788,""
42789,""
42790,""
42791,""
42792,""
42793,""
42794,""
42795,""
42796,""
42797,""
42798,""
42799,""
42800,"Ma haine dévorera la Lumière... et dévastera tout sur son passage<Indent/>!"
42801,"Que la flamme vengeresse purifie les vies souillées..."
42802,"Flammes des enfers, étouffez mes ennemis<Indent/>!"
42803,"Je vous transpercerai avec vos propres rayons de Lumière<Indent/>!"
42804,"Ô flammes des abysses, émergez des Ténèbres<Indent/>!"
42805,"Montre-moi ton pouvoir, créature pâle..."
42806,"Que votre sang coule à flots<Indent/>!"
42807,"Abandonnez votre âme... Offrez votre souffrance..."
42808,"Ma haine brule à jamais dans les flammes de la destruction<Indent/>!"
42809,"Misérables, votre châtiment est votre seul avenir..."
42810,"Votre chair n'est bonne qu'à pourrir<Indent/>!"
42811,"Que les rayons de Lumière vous calcinent à jamais<Indent/>!"
42812,"La maudite Lumière consumera votre être<Indent/>!"
42813,"Flammes intérieures, manifestez-vous<Indent/>!"
42814,"Le néant aura raison des âmes de tous les mortels<Indent/>!"
42815,"C'est gentil à vous de nous aider pour la confection des gâteaux, kupo !"
42816,"Récupérez les ingrédients nécessaires dans les galeries autour et apportez-les jusqu'à la base de gâteau dans la pièce centrale, kupo !"
42817,"Si un pantin pâtissier vous surprend, immobilisez-le en utilisant le signal d'arrêt, kupo !"
42818,"Pour commencer, nous aimerions que vous fabriquiez un <Sheet(ValentionSweetsRecipe,IntegerParameter(1),0)/>, kupo !"
42819,"À vous de jouer, kupo !"
42820,"Une fois que vous avez les ingrédients, apportez-les dans la pièce centrale, kupo !"
42821,"Attention aux pantins pâtissiers, kupo !"
42822,"Une fois que vous êtes devant la base de gâteau, vous pouvez commencer à la décorer, kupo !"
42823,"Le <Sheet(ValentionSweetsRecipe,IntegerParameter(1),0)/> est à moitié terminé, kupo ! Haut les cœurs !"
42824,"Le <Sheet(ValentionSweetsRecipe,IntegerParameter(1),0)/> est presque terminé, kupo ! Encore un effort !"
42825,"Vous trouverez les ingrédients nécessaires dans les différentes galeries autour de la pièce centrale, kupo ! Faites attention à bien prendre ceux pour la recette demandée !"
42826,"Transporter les ingrédients pour décorer les gâteaux"
42827,"Attention, kupo ! Les pantins sont devenus plus rapides !"
42828,"Oh là là, c'est la kupostrophe ! Les pantins sont encore plus déchaînés qu'avant !"
42829,"Le <Sheet(ValentionSweetsRecipe,IntegerParameter(1),0)/> est enfin terminé, kupo ! Et il a l'air délicieux !"
42830,"Essayez maintenant de faire un <Sheet(ValentionSweetsRecipe,IntegerParameter(1),0)/>, s'il vous plaît !"
42831,"On vous laisse carte blanche pour le dernier gâteau, kupo !"
42832,"Choisissez les crèmes, les fruits, les garnitures et les décorations que vous préférez ! Laissez parler votre créativité, kupo !"
42833,"Zut, c'est déjà l'heure, kupo ! On arrête pour aujourd'hui !"
42834,"Mais il ne reste plus beaucoup de temps, kupo... Dépêchez-vous de terminer le gâteau !"
42835,"Zut, c'est déjà l'heure, kupo !"
42836,"Ouah, vous avez aussi terminé le dernier gâteau, kupo !"
42837,"Fabriquer un <Highlight>StringParameter(1)</Highlight>"
42838,"Étaler <Highlight>StringParameter(1)</Highlight>"
42839,"Poser <Highlight>StringParameter(1)</Highlight>"
42840,"Poser <Highlight>StringParameter(1)</Highlight>"
42841,"Poser <Highlight>StringParameter(1)</Highlight>"
42842,"Merci d'avoir accepté de mettre la main à la pâte, kupo ! On va pouvoir commencer la dégustation !"
42843,"Kupopo... Il y a des jours avec, et des jours sans, kupo. Vous ferez mieux la prochaine fois !"
42844,"Vous avez terminé les cinq gâteaux !? Incroyable, kupo ! Vous faites partie de la crème de la crème des pâtissiers, kupo !"
42845,"Vous avez terminé quatre gâteaux ! Bravo, kupo ! On a maintenant plein de beaux gâteaux prêts pour la dégustation !"
42846,"Vous avez terminé trois gâteaux ! Vous avez du talent à revendre en pâtisserie, kupo !"
42847,"Vous avez terminé deux gâteaux ! C'est pas mal ! Je vous donne la mention honorable, kupo !"
42848,"Vous avez terminé un gâteau ! C'est déjà bien, tant que vous y avez mis du cœur, kupo !"
42849,"On a bien mérité de souffler un peu, kupo ! Vous aussi, aventuri<If(PlayerParameter(4))>ère<Else/>er</If>, prenez une pause, et revenez nous voir plus tard !"
42850,"Guettez la petite lueur scintillante, kupo ! Elle vous indique quels sont les ingrédients dont vous avez besoin, kupo !"
42851,"Éliminez les monstres<Indent/>!"
42852,"Secourez la population<Indent/>!"
42853,"Trouvez la provenance du cri<Indent/>!"
42854,"Vainquez le grand béhémoth<Indent/>!"
42855,"Avant de secourir les habitants, mieux vaut éliminer les monstres pour sécuriser la zone<Indent/>!"
42856,"Une bonne chose de faite<Indent/>! Maintenant, direction la rivière<Indent/>!"
42857,"Tenez bon<Indent/>! J'arrive<Indent/>!"
42858,"Je dois vérifier qu'il n'y a pas d'autres gens en danger<Indent/>!"
42859,"Cet air brûlant... Oh non<Indent/>!!"
42860,"Il faut éteindre le feu au plus vite<Indent/>!"
42861,"Ouf, c'était moins une... J'espère que tout ira bien désormais."
42862,"Cette voix... Elle vient de là-bas<Indent/>!"
42863,"Argh<Indent/>! Au secouuurs<Indent/>!! Aidez-moiii<Indent/>!"
42864,"Mettez-vous vite à l'abri, je me charge de la situation<Indent/>!"
42865,"Ah... Ça y est, c'est fini<Indent/>?"
42866,"D-des nuages<Indent/>!?"
42867,"Cette énergie... Écartez-vous des nuages<Indent/>!"
42868,"Mais... il en reste encore combien<Indent/>!?"
42869,"Ils sont si nombreux... Impossible d'y échapper<Indent/>!"
42870,"Fais-les voler en éclats<Indent/>!"
42871,"Ouf... Tout s'est bien passé<Indent/>!"
42872,"GRRROOOOOOH<Indent/>!!"
42873,"L'énergie de foudre bouillonne... Quelque chose se prépare<Indent/>!"
42874,"Il nous envoie des amas d'éther de foudre<Indent/>!"
42875,"Y'shtola, Sphene, aidez-moi à écarter le danger<Indent/>!"
42876,"Dans ce cas, il faut éliminer les amas d'étherrr tout de suite<Indent/>!"
42877,"Réfugiez-vous derrière lui<Indent/>!"
42878,"Ça y est<Indent/>! C'est l'heure de la contre-attaque<Indent/>!"
42879,"Aah<Indent/>! À l'aiiide<Indent/>!!"
42880,"N-nos maisons... Q-qu'est-ce qu'on va devenir...<Indent/>?"
42881,"Je peux encore me battre<Indent/>!"
42882,"Je compte surrr toi, Krile<Indent/>!"
42883,"Mon expérience sur l'île de Haam a payé<Indent/>!"
42884,"L'éther s'accumule de plus en plus... Encore un petit effort<Indent/>!"
42885,""
42886,""
42887,""
42888,""
42889,""
42890,""
42891,""
42892,""
42893,""
42894,""
42895,""
42896,""
42897,""
42898,""
42899,""
42900,"Votre corps ne peut échapper à la mort. C'est votre ultime limite."
42901,"La peur du trépas vous tuera à petit feu."
42902,"Regardez donc la mort droit dans les yeux..."
42903,"Ô obscurité, emporte ces gêneurs avec toi<Indent/>!"
42904,"Il est grand temps pour vous de jeter l'éponge<Indent/>!"
42905,"Le pire pour un être vivant est d'accepter sa mortalité."
42906,"Se résigner, c'est se condamner."
42907,"Quelle obstination ! C'en est rageant... mais je n'ai pas dit mon dernier mot."
42908,"Toute résistance est futile."
42909,"Cette lutte ne rime à rien."
42910,"Je vais vous renvoyer à l'éther<Indent/>!"
42911,"J'ai encore un atout dans ma manche."
42912,"Consumez-vous<Indent/>!"
42913,"La peur de la mort, une fois instillée, ne fait que croître..."
42914,"Sombrez dans l'obscurité éternelle..."
42915,"Encore un contretemps..."
42916,"Ma victoire est assurée<Indent/>!"
42917,"L'humanité doit évoluer<Indent/>!"
42918,"Tue-les<Indent/>!"
42919,"Prenez donc ça<Indent/>!"
42920,"Disparaissez<Indent/>!"
42921,"Et voilà<Indent/>!"
42922,""
42923,""
42924,""
42925,""
42926,""
42927,""
42928,""
42929,""
42930,""
42931,""
42932,""
42933,""
42934,""
42935,""
42936,""
42937,""
42938,""
42939,""
42940,""
42941,""
42942,""
42943,""
42944,""
42945,""
42946,""
42947,""
42948,""
42949,""
42950,""
42951,""
42952,""
42953,""
42954,""
42955,""
42956,""
42957,""
42958,""
42959,""
42960,""
42961,""
42962,""
42963,""
42964,""
42965,""
42966,""
42967,""
42968,""
42969,""
42970,""
42971,""
42972,""
42973,""
42974,""
42975,""
42976,""
42977,""
42978,""
42979,""
42980,""
42981,""
42982,""
42983,""
42984,""
42985,""
42986,""
42987,""
42988,""
42989,""
42990,""
42991,""
42992,""
42993,""
42994,""
42995,""
42996,""
42997,""
42998,""
42999,""
43000,"Sacs brillants ramassés"
43100,"Franchir la grotte de Kwane"
43101,"Vaincre le catoblépas de Tréno"
43102,"Franchir la plaine de Tréno"
43103,"Vaincre Amdusias"
43104,"Franchir le centre-ville de Tréno"
43105,"Vaincre le griffon de foudre"
43106,"Nom d'une buse, ils arrivent de tous les côtés... mais nous protégerons notre cité bien-aimée jusqu'au bout<Indent/>!"
43107,"Q-qui êtes-vous<Indent/>!? Des voyageurs<Indent/>? Peu importe, on a pas le temps de discuter<Indent/>! Essayez de secourir la population réfugiée à l'hôtel de ville<Indent/>!"
43300,"Un enterrement en prévision<Indent/>? Très bien, je me ferai l'ange du sommeil<Indent/>!"
43400,"À vous de jouer, chers invités<Indent/>!"
43401,"Aaah<Indent/>! Il a fait sauter un wagon<Indent/>!"
43402,"Oh non, des tourelles<Indent/>!? Je compte sur vous<Indent/>!"
43403,"Un autre wagon en moins... Rien de cassé<Indent/>?"
43404,"Utilisez les plateformes pour vous déplacer<Indent/>!"
43405,"Mais il va en détruire combien comme ça<Indent/>!?"
43406,"Ça va<Indent/>? Vous tenez le coup<Indent/>?"
43407,"Qu'est-ce que... Des bras d'éther<Indent/>!?"
43408,"Il faut abandonner ce wagon<Indent/>! Sautez vite sur le suivant<Indent/>!"
43409,"Meeerde, il est vraiment pas content<Indent/>!"
43410,"Aaah<Indent/>! Il nous en veut, ça c'est sûr<Indent/>!"
43411,"Attention, ça risque de faire mal<Indent/>!"
43412,"Plus nulle part où fuir... C'est chaud là<Indent/>!"
43413,"Tout ça va mal finir<Indent/>!!"
43414,"Il lâche jamais l'affaire ou quoi<Indent/>!?"
43500,"Vaincre Vamp Fatale"
43501,"Hahaha... J'ai hâte de goûter à tes larmes<Indent/>!"
43502,"La première combattante de la catégorie poids lourds est Vamp Fatale<Indent/>!"
43503,"Le challenger saura-t-il résister à son charme ravageur<Indent/>?"
43504,"À moi, mes fidèles serviteurs<Indent/>!"
43505,"Le spectacle va commencer<Indent/>! Tu vas hurler de plaisir, je te le promets."
43506,"C'est parti<Indent/>! Vamp Fatale entame sa danse macabre<Indent/>!"
43507,"Bientôt tu ne seras plus qu'une tâche de plus sur mon ring<Indent/>!"
43508,"Notre challenger n'a plus aucune échappatoire<Indent/>!"
43509,"Je commence à peine à m'amuser... Allez, mes chéris, donnez-moi votre éther<Indent/>!"
43510,"Vamp Fatale aspire l'éther de son public en délire<Indent/>!"
43511,"Vous allez tous me nourrir<Indent/>!"
43512,"Admirez ce déferlement éthéré<Indent/>! Notre vampire asseoit sa domination<Indent/>!"
43513,"Tu as la peau dure... Mais je veux bien te pardonner si tu te mets à genoux<Indent/>!"
43514,"La danse macabre reprend de plus belle<Indent/>! Le challenger saura-t-il y échapper<Indent/>?"
43515,"Vamp Fatale lance une véritable pluie mortelle<Indent/>!"
43516,"Quelle insolence<Indent/>! Il me faut plus d'éther<Indent/>!"
43517,"Vamp Fatale suce à nouveau l'éther des spectateurs<Indent/>! J'espère que vous tenez le coup dans les gradins<Indent/>!"
43518,"Je vais te faire découvrir le paroxysme de la souffrance<Indent/>!"
43519,"C'est un nouveau déluge d'éther<Indent/>? Comment y échapper cette fois<Indent/>?"
43520,"Tu ne m'échapperas pas<Indent/>!"
43521,"Encore... Il m'en faut toujours plus<Indent/>! Donnez-moi tout votre éther<Indent/>!"
43522,"Vamp Fatale s'abreuve encore une fois d'éther... et votre serviteur... commence à avoir le vertige..."
43523,"Tu auras beau me supplier... Je n'aurai aucune pitié<Indent/>!"
43524,"Attention<Indent/>! Le challenger se fait siphonner son éther<Indent/>!"
43525,"Assez<Indent/>! Tu vas obéir, oui<Indent/>? Prosterne-toi<Indent/>!"
43600,""
43601,""
43602,""
43603,""
43604,""
43605,""
43606,""
43607,""
43608,""
43609,""
43610,""
43611,""
43612,""
43613,""
43614,""
43615,""
43616,""
43617,""
43618,""
43619,""
43620,""
43621,""
43622,""
43623,""
43624,""
43625,""
43626,""
43627,""
43628,""
43629,""
43630,""
43631,""
43632,""
43633,""
43634,""
43635,""
43636,""
43637,""
43638,""
43639,""
43640,""
43641,""
43642,""
43643,""
43644,""
43645,""
43646,""
43647,""
43648,""
43649,""
43650,""
43651,""
43652,""
43653,""
43654,""
43655,""
43656,""
43657,""
43658,""
43659,""
43660,""
43661,""
43662,""
43663,""
43664,""
43665,""
43666,""
43667,""
43668,""
43669,""
43670,""
43671,""
43672,""
43673,""
43674,""
43675,""
43676,""
43677,""
43678,""
43679,""
43680,""
43681,""
43682,""
43683,""
43684,""
43685,""
43686,""
43687,""
43688,""
43689,""
43690,""
43691,""
43692,""
43693,""
43694,""
43695,""
43696,""
43697,""
43698,""
43699,""
43700,""
43701,""
43702,""
43703,""
43704,""
43705,""
43706,""
43707,""
43708,""
43709,""
43710,""
43711,""
43712,""
43713,""
43714,""
43715,""
43716,""
43717,""
43718,""
43719,""
43720,""
43721,""
43722,""
43723,""
43724,""
43725,""
43726,""
43727,""
43728,""
43729,""
43730,""
43731,""
43732,""
43733,""
43734,""
43735,""
43736,""
43737,""
43738,""
43739,""
43740,""
43741,""
43742,""
43743,""
43744,""
43745,""
43746,""
43747,""
43748,""
43749,""
43750,""
43751,""
43752,""
43753,""
43754,""
43755,""
43756,""
43757,""
43758,""
43759,""
43760,""
43761,""
43762,""
43763,""
43764,""
43765,""
43766,""
43767,""
43768,""
43769,""
43900,"Le pro<SoftHyphen/>prié<SoftHyphen/>taire a dépassé les bornes<Indent/>! Alors j'ai choisi d'encourager notre challenger<Indent/>!"
43901,"Son bras s'est transformé en serpent<Indent/>! Voilà donc la force légendaire du Lindwurm<Indent/>!"
43902,"Quelle horreur<Indent/>! Son bras s'allonge pour frapper notre challenger<Indent/>!"
43903,"Les morceaux dispersés se répandent partout<Indent/>!"
43904,"Attention<Indent/>! Le serpent essaie de s'enrouler autour du challenger<Indent/>!"
43905,"Damnation<Indent/>! Ce maudit reptile a enserré sa proie<Indent/>!"
43906,"On dirait qu'il enroule ses bras autour de l'arène... Mais que va-t-il faire<Indent/>!?"
43907,"Oh non<Indent/>! Le ring a été détruit<Indent/>!"
43908,"Un morceau s'est accroché à notre challenger<Indent/>! Il faut vite s'en débarrasser<Indent/>!"
43909,"Le Lindwurm s'est entièrement soigné<Indent/>! Ses capacités curatives sont hors du commun<Indent/>!"
43910,"Que se passe-t-il<Indent/>? Le serpent aurait-il perdu le contrôle de son pouvoir<Indent/>?"
43911,"Rien n'arrête la puissance régénérante du Lindwurm<Indent/>! Il se fabrique des bras à l'infini<Indent/>!"
43912,"Mais n'y a-t-il aucune limite à ce pouvoir<Indent/>!?"
43913,"_rsv_43913_-1_3_0_0_S13095D61_E13095D61"
43914,"Popopo... Catastrophe<Indent/>! Le challenger a reçu une dose de venin<Indent/>!"
43915,"Cette attaque ne me dit rien qui vaille...<Indent/>!"
43916,"Victoire du challenger<Indent/>! Son adversaire est à terre<Indent/>!"
43917,"_rsv_43917_-1_3_0_0_S13095D61_E13095D61"
43918,"_rsv_43918_-1_3_0_0_S13095D61_E13095D61"
43919,"_rsv_43919_-1_3_0_0_S13095D61_E13095D61"
43920,"_rsv_43920_-1_3_0_0_S13095D61_E13095D61"
43921,"_rsv_43921_-1_3_0_0_S13095D61_E13095D61"
43922,"_rsv_43922_-1_3_0_0_S13095D61_E13095D61"
43923,"_rsv_43923_-1_3_0_0_S13095D61_E13095D61"
43924,"_rsv_43924_-1_3_0_0_S13095D61_E13095D61"
43925,"_rsv_43925_-1_3_0_0_S13095D61_E13095D61"
43926,"_rsv_43926_-1_3_0_0_S13095D61_E13095D61"
43927,"_rsv_43927_-1_3_0_0_S13095D61_E13095D61"
43928,"_rsv_43928_-1_3_0_0_S13095D61_E13095D61"
43929,"_rsv_43929_-1_3_0_0_S13095D61_E13095D61"
43930,"_rsv_43930_-1_3_0_0_S13095D61_E13095D61"
43931,"_rsv_43931_-1_3_0_0_S13095D61_E13095D61"
43932,"_rsv_43932_-1_3_0_0_S13095D61_E13095D61"
43933,"_rsv_43933_-1_3_0_0_S13095D61_E13095D61"
43934,"_rsv_43934_-1_3_0_0_S13095D61_E13095D61"
43935,"_rsv_43935_-1_3_0_0_S13095D61_E13095D61"
43936,"_rsv_43936_-1_3_0_0_S13095D61_E13095D61"
43937,"_rsv_43937_-1_3_0_0_S13095D61_E13095D61"
43938,"Vaincre le Lindwurm"
44000,""
44001,""
44002,""
44003,""
44004,""
44005,""
44006,""
44007,""
44008,""
44009,""
44010,""
44011,""
44012,""
44013,""
44014,""
44015,""
44016,""
44017,""
44018,""
44019,""
44020,""
44021,""
44022,""
44023,""
44024,""
44025,""
44026,""
44027,""
44028,""
44029,""
44030,""
44031,""
44032,""
44033,""
44034,""
44035,""
44036,""
44037,""
44038,""
44039,""
44040,""
44041,""
44042,""
44043,""
44044,""
44045,""
44046,""
44047,""
44100,"Enfin nous y sommes, le match pour le titre d'ultime champion<Indent/>!"
44101,"Le challenger saura-t-il détrôner son formidable adversaire<Indent/>?"
44102,"Commençons par un petit échauf<SoftHyphen/>fe<SoftHyphen/>ment<Indent/>!"
44103,"Essaie donc d'éviter mes coups<Indent/>!"
44104,"Époustouflant<Indent/>! The Tyrant nous prouve qu'il n'a pas volé son titre<Indent/>!"
44105,"Alors, que dis-tu de ça<Indent/>?"
44106,"Le challenger tient bon malgré tout<Indent/>!"
44107,"Laisse-moi te montrer à quoi ressemble un véritable maître du combat<Indent/>!"
44108,"Mais qu'est-ce que...<Indent/>!? De nouvelles armes viennent d'apparaître<Indent/>!"
44109,"Oooh<Indent/>! La tyrannie du champion n'a pas de limite<Indent/>!"
44110,"Je n'en ai pas fini avec toi<Indent/>!"
44111,"Hmpf<Indent/>! Enfin quelqu'un qui a du répondant<Indent/>!"
44112,"Fini de jouer à présent<Indent/>!"
44113,"Prépare-toi à souffrir, challenger sans régulateur<Indent/>!"
44114,"Q-quelle férocité<Indent/>! The Tyrant n'a pas de pitié pour son adversaire<Indent/>!"
44115,"Je suis le Champion céleste, le combattant ultime<Indent/>! Jamais je ne m'avouerai vaincu<Indent/>!"
44116,"Rhoooaaaaaah<Indent/>!"
44117,"Dites-moi que je rêve<Indent/>! Le champion vient d'altérer son apparence<Indent/>!"
44118,"Tu vas découvrir à quel point il est stupide de se confronter à une âme de monstre<Indent/>!"
44119,"Tu vas voler hors du ring<Indent/>!"
44120,"Quelle dé<SoftHyphen/>mon<SoftHyphen/>stra<SoftHyphen/>tion de force ahurissante<Indent/>! The Tyrant déchaîne la puissance du béhémoth<Indent/>!"
44121,"Jamais je ne céderai mon trône<Indent/>!"
44122,"Le ring a été fracturé en deux<Indent/>! Nous allons nous dépêcher de le réparer<Indent/>!"
44123,"Encaisse donc ça, si tu en es capable<Indent/>!"
44124,"The Tyrant utilise sa force monstrueuse pour lancer la moitié du ring sur le challenger<Indent/>!"
44125,"Merci de votre patience, le ring est désormais tout beau tout neuf<Indent/>!"
44126,"Des âmes de monstre qui se déchaînent... C'est ça, l'Arcadion<Indent/>!"
44127,"La force brute d'un monstre face à la détermination du challenger... Qui l'emportera<Indent/>?"
44128,"(Halète)"
44129,"Tu insultes l'Arcadion, pauvre vermine<Indent/>!"
44130,"Vaincre The Tyrant"
44200,"Vaincre les Xtrêmes"
44201,"Ce combat en équipe s'annonce extrême<Indent/>!"
44202,"Je m'occuperai de toi tout seul..."
44203,"Red Hot provoque son adversaire<Indent/>! "
44204,"Mes flammes détruisent tout sur leur passage<Indent/>!"
44205,"Quelles terribles flammes<Indent/>! Le ring est en feu<Indent/>!"
44206,"Le feu s'étend dans l'arène<Indent/>! Le challenger n'aura bientôt plus d'endroit où s'abriter<Indent/>!"
44207,"Je vais t'exploser<Indent/>!"
44208,"Hé oh<Indent/>! Laisse-moi m'amuser aussi un peu<Indent/>!"
44209,"Deep Blue n'en peut plus d'attendre<Indent/>! Red Hot passe la main à son frère<Indent/>!"
44210,"Si aucune vague ne se pointe... autant l'invoquer moi-même<Indent/>!"
44211,"Incroyable<Indent/>! Une énorme vague vient d'apparaître<Indent/>!"
44212,"Tu penses pouvoir déjouer mes tours<Indent/>?"
44213,"Bwaaah... Qu'est-ce qu'on s'ennuie<Indent/>! Réglons-lui son compte à deux<Indent/>!"
44214,"Ouh là là là là<Indent/>! Les deux frères montent ensemble sur le ring<Indent/>! Mais que fait l'arbitre<Indent/>!?"
44215,"Ils sont plusieurs contre nous, alors c'est équitable<Indent/>!"
44216,"Moi et mon frère, on est unis comme les deux doigts de la main<Indent/>!"
44217,"Rhaaaaaah<Indent/>!"
44218,"Uuuoaaaah<Indent/>!"
44219,"Oh<Indent/>!? Comme il n'y a pas d'objection, le combat continue<Indent/>! Que va faire notre challenger<Indent/>?"
44220,"Le véritable combat commence maintenant<Indent/>!"
44221,"On va te montrer ce que c'est une attaque coordonnée<Indent/>!"
44222,"Les frangins s'entrechoquent et le résultat est explosif<Indent/>! Mieux vaut les garder séparés<Indent/>!"
44223,"Admire ma figure préférée<Indent/>!"
44224,"Accrochez-vous à vos sièges<Indent/>! Voici la botte secrète du duo<Indent/>!"
44225,"J'en ai pas fini avec toi<Indent/>!"
44226,"Prends ça<Indent/>!"
44227,"Prends ça<Indent/>!"
44228,"Gnaaah<Indent/>!"
44229,"Tu vas clamser pour de bon<Indent/>!"
44230,"Humpf<Indent/>!"
44231,"Rhoooaaaaaah<Indent/>!"
44232,"Tu ne vaux rien<Indent/>!"
44233,"C'est tout ce que tu peux faire<Indent/>? Adieu, challenger sans régulateur<Indent/>!"
44300,"<If(GreaterThan(IntegerParameter(2),0))>★<Else/></If><Switch(IntegerParameter(1))><Case(1)><Gui(51)/></Case><Case(2)><Gui(52)/></Case><Case(3)><Gui(53)/></Case></Switch><Sheet(GrandCompany,IntegerParameter(1),0)/>
Score tactique"
44301,"Repoussez les forces ennemies et prenez le contrôle des points névralgiques<Indent/>!"
44302,"<Sheet(PlaceName,IntegerParameter(1),0)/>
<Switch(IntegerParameter(2))><Case(1)>Rang B</Case><Case(2)>Rang A</Case><Case(3)>Rang S</Case></Switch>
<Switch(IntegerParameter(3))><Case(1)>Temps restant avant contrôle possible<Indent/>: <Value>IntegerParameter(4)</Value>:<TwoDigitValue>IntegerParameter(5)</TwoDigitValue></Case><Case(2)>Contrôle possible</Case><Case(3)>Contrôlé par <Gui(51)/></Case><Case(4)>Contrôlé par <Gui(52)/></Case><Case(5)>Contrôlé par <Gui(53)/></Case></Switch>"
44303,"Venez, venez, amis des neiges<Indent/>! Jouons tous ensemble<Indent/>!"
44304,"On va faire plein de bonhommes de neiges<Indent/>! Ouaiiis<Indent/>!"
44305,"Merci, merci d'avoir joué avec nous<Indent/>! Au revoir amis des neiges, au revoir<Indent/>!"
44306,"Merci, merci pour ce joyeux moment<Indent/>! Voilà un cadeau pour vous, tout brillant tout glacé<Indent/>!"
44307,""
44400,""
44401,""
44402,""
44403,""
44404,""
44405,""
44406,""
44407,""
44408,""
44409,""
44410,""
44411,""
44412,""
44413,""
44414,""
44415,""
44416,""
44417,""
44418,""
44419,""
44420,""
44421,""
44422,""
44423,""
44424,""
44425,""
