key,0
#,
int32,str
0,""
100,""
101,"Nos efforts ont payé, et les réparations devraient être terminées sous peu<Indent/>! Continuez de remplir les missions qui vous sont attribuées<Indent/>!"
102,"Fé<SoftHyphen/>li<SoftHyphen/>ci<SoftHyphen/>ta<SoftHyphen/>tions à tous<Indent/>! Les réparations sont maintenant terminées et l'alerte a été levée grâce à votre aide<Indent/>!"
103,"L'alerte rouge a été levée, la situation est de retour à la normale. Vous pouvez quitter les lieux, nos équipes se chargeront du reste."
104,"Nombre de prises"
105,"Type de prise"
106,"Évaluation actuelle"
107,"<Clickable(<SheetFr(Item,12,IntegerParameter(1),1,1)/>)/> fabriqué<If(<Sheet(Item,IntegerParameter(1),6)/>)>e<Else/></If>"
108,"<Clickable(<SheetFr(Item,12,IntegerParameter(1),1,1)/>)/> récolté<If(<Sheet(Item,IntegerParameter(1),6)/>)>e<Else/></If>"
109,"<Clickable(<SheetFr(Item,12,IntegerParameter(1),1,1)/>)/> (<If(Equal(IntegerParameter(2),1))>grosse prise<Else/>petite prise</If>) pêché<If(<Sheet(Item,IntegerParameter(1),6)/>)>e<Else/></If>"
110,"Livrer <SheetFr(EObj,7,IntegerParameter(1),1,1)/>"
111,"<Sheet(WKSMechaEventData,IntegerParameter(1),1)/>"
112,""
113,"<Sheet(WKSMissionText,IntegerParameter(1),0)/>"
114,"●<Sheet(WKSMechaEventData,IntegerParameter(1),2)/>"
115,"Participer"
116,"Contribution personnelle"
117,"<Clickable(<SheetFr(Item,12,IntegerParameter(1),1,1)/>)/>"
118,""
119,"Point de récolte"
120,"Accomplissez des missions cosmiques"
121,"<Clickable(<SheetFr(Item,12,IntegerParameter(1),1,1)/>)/> <If(<Sheet(Item,IntegerParameter(1),6)/>)>obtenue<Else/>obtenu</If> par éthérolyse"
122,"<Clickable(<SheetFr(Item,12,IntegerParameter(1),1,1)/>)/> <If(<Sheet(Item,IntegerParameter(1),6)/>)>obtenue<Else/>obtenu</If>"
123,"Cumul de <Unknown2F>FF1002280CFF07537461747573E8020103</Unknown2F>"
124,"Nombre de chaînes actuel"
125,"Multiplicateur d'évaluation actuel<Indent/>: <Value>IntegerParameter(1)</Value>%"
126,"[Bonus d'objectif]"
127,"Temps imparti<Indent/>: +<Value>IntegerParameter(1)</Value>:<TwoDigitValue>IntegerParameter(2)</TwoDigitValue>"
128,"PR<Indent/>: +<Value>IntegerParameter(1)</Value>"
129,"<Sheet(Action,IntegerParameter(1),0)/><Indent/>: +<Value>IntegerParameter(2)</Value>"
130,"Multiplicateur d'évaluation<Indent/>: +<Value>IntegerParameter(1)</Value>%"
131,"Cartouches de formule"
132,"Record<Indent/>: <Format(IntegerParameter(1),FF05021D0103)/>"
133,""
134,""
135,""
136,""
137,""
138,""
139,""
140,""
141,""
142,""
143,""
144,""
145,""
146,""
147,""
148,""
149,""
1000,""
1001,"●メカミッション:壁をぶっ壊せ!"
1002,"●メカミッション:隕石を受け止めろ！"
1003,"●メカミッション:ルナテンダーを追いかけろ"
1004,"●メカミッション:邪魔なキノコを掃除せよ"
1005,"●メカミッション:鉱石を取得せよ"
1006,"Début de l'in<SoftHyphen/>ter<SoftHyphen/>ven<SoftHyphen/>tion mécanique<Indent/>! Utilisez vos mécanos cosmiques pour détruire les grands cristaux corrompus<Indent/>!"
1007,"Cette fois-ci, nous devons concasser ces immenses minéraux pour récupérer leurs fragments. Ils feront d'excellents catalyseurs pour l'altération élémentaire."
1008,"Ces cristaux sont par<SoftHyphen/>ti<SoftHyphen/>cu<SoftHyphen/>liè<SoftHyphen/>rement solides, mais l'équipement de nos machines ne devrait pas avoir trop de mal à les pulvériser<Indent/>!"
1009,"Une fois à l'objectif, nous devrons effectuer quelques pré<SoftHyphen/>pa<SoftHyphen/>ra<SoftHyphen/>tions avant de commencer l'in<SoftHyphen/>ter<SoftHyphen/>ven<SoftHyphen/>tion. Faites attention à ne pas trop vous éloigner de la zone d'opérations<Indent/>!"
1010,"Merci pour votre par<SoftHyphen/>ti<SoftHyphen/>ci<SoftHyphen/>pa<SoftHyphen/>tion à cette in<SoftHyphen/>ter<SoftHyphen/>ven<SoftHyphen/>tion mécanique<Indent/>! Utilisez la cosmoforeuse pour fragmenter les cristaux corrompus<Indent/>!"
1011,"L'analyseur de terrain a détecté un gisement caché<Indent/>! C'est le moment de pulvériser les minéraux<Indent/>!"
1012,"Nous avons récolté la moitié de l'objectif<Indent/>! Continuez comme ça<Indent/>!"
1013,"Encore un petit effort<Indent/>! Nous aurons bientôt suf<SoftHyphen/>fi<SoftHyphen/>sam<SoftHyphen/>ment de fragments de cristaux corrompus<Indent/>!"
1014,"Mission accomplie<Indent/>! Grâce aux efforts de tous, le projet va encore progresser d'un pas de géant<Indent/>!"
1015,"L'in<SoftHyphen/>ter<SoftHyphen/>ven<SoftHyphen/>tion est un échec... Ce n'est pas faute d'avoir essayé<Indent/>! Vous pouvez retourner à vos assignations respectives."
1016,"●目標に到達だ！
これよりボーナスタイムに突入するぞ！"
1017,"●メカの「●発破」が連打できるようになり、
お手伝いは「●範囲収集：大」を
いつでも使えるようになるぞ。"
1018,"●ジャンジャン石を集めて、
「●プレイヤー貢献度」を稼いでくれ！"
1019,"●目標に到達だ！
みんな、協力ありがとう。"
1020,"●残念ながら●ボーナスタイムは発生しなかったが、
作戦は成功だ！"
1021,"●報酬を受け取っておのおのの活動に戻ってくれ。
またの参加を期待している！	"
1022,"●ボーナスタイム終了！
作戦は大成功だ、みんな協力ありがとう。"
1023,"●報酬を受け取っておのおのの活動に戻ってくれ。
またの参加を期待している！"
1024,"La tempête magnétique devrait bientôt nous toucher... Nous ignorons ses effets sur nos équipements, alors gardez un œil attentif dessus."
1025,"Alerte rouge<Indent/>! Nos équipements ont été touchés par la tempête magnétique. Tout le personnel est prié d'aider aux réparations<Indent/>!"
1026,""
1027,""
1028,""
1029,"Une partie de l'éclairage du tunnel de Piercingway a été restaurée. Encore un petit effort et tout rentrera dans l'ordre."
1030,"L'éclairage du tunnel est presque entièrement restauré<Indent/>! Nous y sommes presque<Indent/>!"
1031,""
1032,""
1033,""
1034,""
1035,""
1036,""
1037,""
1038,""
1039,"Notre mission consiste à éradiquer des mycena chlorophos. Si nous laissons ces champignons proliférer, leurs spores toxiques risquent de faire des victimes<Indent/>!"
1040,"Utilisez la ruée tranchante ou l'aérobroyeur de la déblayeuse cosmique pour les réduire en charpie<Indent/>!"
1041,"Une fois à l'objectif, nous devrons effectuer quelques pré<SoftHyphen/>pa<SoftHyphen/>ra<SoftHyphen/>tions avant de commencer l'in<SoftHyphen/>ter<SoftHyphen/>ven<SoftHyphen/>tion. Faites attention à ne pas trop vous éloigner de la zone d'opérations<Indent/>!"
1042,"Début de l'in<SoftHyphen/>ter<SoftHyphen/>ven<SoftHyphen/>tion mécanique<Indent/>! Utilisez la déblayeuse cosmique pour dépecer ces grosses excroissances fongiques<Indent/>!"
1043,"Je compte sur vous pour carboniser les colonies de petits fongus avec vos cosmolance-flammes<Indent/>!"
1044,"L'analyseur de terrain a détecté des colonies cachées<Indent/>! C'est le moment de les exterminer avec la déblayeuse cosmique<Indent/>!"
1045,"Nous avons détruit la moitié de l'objectif<Indent/>! Continuez comme ça<Indent/>!"
1046,"Encore un petit effort<Indent/>! Nous aurons bientôt terminé d'empêcher leur prolifération<Indent/>!"
1047,"Mission accomplie<Indent/>! Grâce aux efforts de tous, la menace a été écartée<Indent/>!"
1048,"L'in<SoftHyphen/>ter<SoftHyphen/>ven<SoftHyphen/>tion est un échec... Ce n'est pas faute d'avoir essayé<Indent/>! Vous pouvez retourner à vos assignations respectives."
1049,""
1050,""
1051,""
1052,""
1053,""
1054,""
1055,""
1056,"Grâce à vos efforts à tous, la station sélénienne s'est agrandie ! Merci infiniment pour votre soutien !<Unknown17/>Reportingway a d'ailleurs ajouté une nouvelle entrée au registre du projet, si vous aimez la lecture !"
1057,"Grâce à vos efforts à tous, un réseau de cosmo-navettes a été construit autour de la station sélénienne ! Merci infiniment pour votre soutien !<Unknown17/>Reportingway a d'ailleurs ajouté une nouvelle entrée au registre du projet, si vous aimez la lecture !"
1058,"Grâce à vos efforts à tous, les modules d'habitation sont terminés ! Merci infiniment pour votre soutien !<Unknown17/>Un nouvel ouvrage collectif sera bientôt organisé pour la con<SoftHyphen/>struc<SoftHyphen/>tion du cosmoport ! L'horaire sera affiché dans le registre du projet !"
1059,"Grâce à vos efforts à tous, le cosmoport est également terminé ! Merci infiniment pour votre soutien !<Unknown17/>Reportingway a d'ailleurs ajouté une nouvelle entrée au registre du projet, si vous aimez la lecture !"
1060,"Grâce à vos efforts à tous, le hangar s'est agrandi ! Merci infiniment pour votre soutien !<Unknown17/>Reportingway a d'ailleurs ajouté une nouvelle entrée au registre du projet, si vous aimez la lecture !"
1061,"Grâce à vos efforts à tous, un réseau de cosmo-navettes a été construit au nord-ouest de la station sélénienne ! Merci infiniment pour votre soutien !<Unknown17/>Reportingway a d'ailleurs ajouté une nouvelle entrée au registre du projet, si vous aimez la lecture !"
1062,"Grâce à vos efforts à tous, un réseau de cosmo-navettes a été construit au sud-est de la station sélénienne ! Merci infiniment pour votre soutien !<Unknown17/>Reportingway a d'ailleurs ajouté une nouvelle entrée au registre du projet, si vous aimez la lecture !"
1063,"Le chantier pour la con<SoftHyphen/>struc<SoftHyphen/>tion du tunnel a bien avancé ! Merci infiniment pour votre soutien !<Unknown17/>Un nouvel ouvrage collectif sera bientôt organisé pour terminer les travaux ! L'horaire sera affiché dans le registre du projet !"
1064,"Grâce à vos efforts à tous, le tunnel de Piercingway est enfin terminé ! Merci infiniment pour votre soutien !<Unknown17/>Reportingway a d'ailleurs ajouté une nouvelle entrée au registre du projet, si vous aimez la lecture !"
1065,"Grâce à vos efforts à tous, un réseau de cosmo-navettes a été construit pour accéder à la région du tunnel ! Merci infiniment pour votre soutien !<Unknown17/>Reportingway a d'ailleurs ajouté une nouvelle entrée au registre du projet, si vous aimez la lecture !"
1066,"Grâce à vos efforts à tous, la station sélénienne s'est encore agrandie ! Merci infiniment pour votre soutien !<Unknown17/>Reportingway a d'ailleurs ajouté une nouvelle entrée au registre du projet, si vous aimez la lecture !"
1067,"Grâce à vos efforts à tous, la station énergétique est terminée ! Merci infiniment pour votre soutien !<Unknown17/>Un nouvel ouvrage collectif sera bientôt organisé pour la con<SoftHyphen/>struc<SoftHyphen/>tion de la station hydropurificatrice ! L'horaire sera affiché dans le registre du projet !"
1068,"Grâce à vos efforts à tous, la station sélénienne a accueilli plein de nouvelles ins<SoftHyphen/>tal<SoftHyphen/>la<SoftHyphen/>tions ! Merci infiniment pour votre soutien !<Unknown17/>Reportingway a d'ailleurs ajouté une nouvelle entrée au registre du projet, si vous aimez la lecture !"
1069,"Grâce à vos efforts à tous, le hangar s'est encore agrandi ! Merci infiniment pour votre soutien !<Unknown17/>Un nouvel ouvrage collectif sera bientôt organisé pour l'agrandissement du cosmoport ! L'horaire sera affiché dans le registre du projet !"
1070,"Grâce à vos efforts à tous, le cosmoport s'est agrandi ! Merci infiniment pour votre soutien !<Unknown17/>Reportingway a d'ailleurs ajouté une nouvelle entrée au registre du projet, si vous aimez la lecture !"
1071,"Le chantier pour la con<SoftHyphen/>struc<SoftHyphen/>tion de l'ascenseur nadiral a bien avancé ! Merci infiniment pour votre soutien !<Unknown17/>Un nouvel ouvrage collectif sera bientôt organisé pour terminer les travaux ! L'horaire sera affiché dans le registre du projet !"
1072,"Grâce à vos efforts à tous, l'ascenseur nadiral est enfin terminé ! Merci infiniment pour votre soutien !<Unknown17/>Reportingway a d'ailleurs ajouté une nouvelle entrée au registre du projet, si vous aimez la lecture !"
1073,"Grâce à vos efforts à tous, un réseau de cosmo-navettes a été construit au Nadir lunaire ! Merci infiniment pour votre soutien !<Unknown17/>Reportingway a d'ailleurs ajouté une nouvelle entrée au registre du projet, si vous aimez la lecture !"
1074,"Grâce à vos efforts à tous, la station sélénienne a accueilli sa dernière installation : Luna Hopopolis ! Encore une fois, merci infiniment pour votre soutien !<Unknown17/>Reportingway a d'ailleurs ajouté sa dernière entrée au registre du projet, je vous conseille de la lire !"
1075,"Une pluie de météorites approche<Indent/>! Il est fort probable qu'elles s'écrasent à Sinus Ardorum alors restez tous très vigilants<Indent/>!"
1076,"Un épais nuage de spores a été observé<Indent/>! Veillez à suspendre les opérations en cours en cas de visibilité réduite<Indent/>!"
1077,"Alerte rouge<Indent/>! Une tempête magnétique a causé un bon nombre d'anomalies à travers Sinus Ardorum<Indent/>! Tous sont invités à participer aux efforts de réparation au plus vite<Indent/>!"
1078,"Alerte rouge<Indent/>! Des météorites se sont écrasées dans les environs de la station sélénienne<Indent/>! Toutes les personnes disponibles sont priées d'aider aux réparations dans les plus brefs délais<Indent/>!"
1079,"Alerte rouge<Indent/>! L'impact de météorites a déclenché l'éruption d'une poche de gaz souterraine<Indent/>! Il nous faut confirmer l'importance des dégâts très rapidement<Indent/>!"
1080,"Alerte rouge<Indent/>! Un nuage de spores est apparu dans le secteur est de Sinus Ardorum. Inspectez les lieux à la recherche d'excroissances fongiques<Indent/>!"
1081,"Alerte rouge<Indent/>! Un nuage de spores recouvre une bonne partie du secteur est de Sinus Ardorum. Veuillez éradiquer toutes les excroissances fongiques<Indent/>!"
1082,"Remettez vos fragments de cristaux corrompus à l'analyseur de terrain<Indent/>! Nos machines ont besoin de ces ressources<Indent/>!"
1083,"Remettez vos cendres d'excroissances fongiques à l'analyseur de terrain<Indent/>! Nos machines ont besoin de ces ressources<Indent/>!"
1084,"Grâce aux efforts de tous les artisans et récolteurs impliqués, nous avons obtenu suf<SoftHyphen/>fi<SoftHyphen/>sam<SoftHyphen/>ment de ressources pour les réparations<Indent/>! Toutefois, nos réserves sont encore réduites, alors n'hésitez pas à nous fournir davantage de matériaux<Indent/>!"
1085,"Nous avons obtenu suf<SoftHyphen/>fi<SoftHyphen/>sam<SoftHyphen/>ment de ressources pour réparer l'éclairage du tunnel. Veuillez désormais concentrer vos efforts sur l'approvisionnement de la zone à l'ouest de la station sélénienne."
1086,"Les ressources détruites ont été suf<SoftHyphen/>fi<SoftHyphen/>sam<SoftHyphen/>ment remplacées. Les personnes disponibles sont priées de contribuer à l'approvisionnement en ressources pour les réparations du tunnel."
1087,"Grâce aux efforts continus de tous, nous avons emmagasiné suf<SoftHyphen/>fi<SoftHyphen/>sam<SoftHyphen/>ment d'éther. Nous demandons aux personnes disponibles de se concentrer sur la récupération des drones accidentés."
1088,"La récupération des drones perdus s'est déroulée sans contretemps. Merci de concentrer vos efforts à présent sur la collecte d'éther au sud de la station sélénienne."
1089,"Le déblaiement et la récupération des météorites sont un franc succès<Indent/>! Que toutes les personnes disponibles se concentrent désormais sur l'approvisionnement en pièces de rechange pour les machines."
1090,"Nous avons suf<SoftHyphen/>fi<SoftHyphen/>sam<SoftHyphen/>ment de matériaux pour réparer le rover. Tout le personnel est convié à se rendre au sud-ouest de la station pour déblayer les météorites."
1091,"Nous sommes désormais en mesure de colmater les fuites de gaz. Veuillez donner la priorité à l'approvisionnement de fournitures de secours pour aider les blessés."
1092,"Le centre d'évacuation du personnel est désormais suf<SoftHyphen/>fi<SoftHyphen/>sam<SoftHyphen/>ment ravitaillé pour traiter les blessés. Que toutes les personnes disponibles se concentrent sur le colmatage des fuites de gaz."
1093,"Nous avons obtenu assez de matériaux pour assurer l'incinération des excroissances fongiques. Veuillez à présent vous concentrer sur l'obtention d'échan<SoftHyphen/>til<SoftHyphen/>lons en provenance du nuage de spores."
1094,"Nous possédons à présent suf<SoftHyphen/>fi<SoftHyphen/>sam<SoftHyphen/>ment d'échan<SoftHyphen/>til<SoftHyphen/>lons du nuage de spores. Veuillez vous rendre au sud de la pépinière de Weddingway pour aider à l'incinération des excroissances fongiques."
1095,"Une quantité suffisante de carburant a été livrée pour assurer l'éradication des cactus mutants. Que toutes les personnes disponibles se concentrent sur la transformation des champignons dans la zone est."
1096,"Grâce à vos efforts communs, nous avons obtenu la quantité désirée de champignons mutants. Merci de porter votre attention sur l'éradication des cactus à présent."
1097,"L'alerte rouge a été déclarée pour le secteur sud ainsi que la zone à l'ouest de la station sélénienne<Indent/>! Rendez-vous sur place au plus vite pour participer à la livraison de fournitures d'urgence<Indent/>!"
1098,"L'alerte rouge a été déclarée pour la zone au nord de la station sélénienne, ainsi qu'au sud de L'Écroulement<Indent/>! Rendez-vous sur place au plus vite pour participer à la livraison de fournitures d'urgence<Indent/>!"
1099,"L'alerte rouge a été déclarée pour les zones au sud-ouest et au nord de la station sélénienne<Indent/>! Rendez-vous sur place au plus vite pour participer à la livraison de fournitures d'urgence<Indent/>!"
1100,"L'alerte rouge a été déclarée au Nadir lunaire<Indent/>! Rendez-vous sur place au plus vite pour participer à la livraison de fournitures d'urgence<Indent/>!"
1101,"L'alerte rouge a été déclarée pour le secteur sud-est ainsi que la zone au nord de la station sélénienne<Indent/>! Rendez-vous sur place au plus vite pour participer à la livraison de fournitures d'urgence<Indent/>!"
1102,"L'alerte rouge a été déclarée pour le secteur est de Sinus Ardorum<Indent/>! Rendez-vous sur place au plus vite pour participer à la livraison de fournitures d'urgence<Indent/>!"
1103,""
1104,""
1105,""
1106,""
1107,""
1108,"Les réparations des ins<SoftHyphen/>tal<SoftHyphen/>la<SoftHyphen/>tions du tunnel et de nos machines avancent bien. Continuez de nous fournir des matériaux pour alimenter notre stock !"
1109,"La récupération de l'éther et des drones se déroule à merveille. Continuez de nous fournir des matériaux pour alimenter notre stock !"
1110,"La démolition des météorites et la réparation du rover se déroulent bien. Continuez de nous fournir des matériaux pour alimenter notre stock !"
1111,"Nous sommes parvenus à limiter les dégâts causés par les fuites de gaz souterrain. Continuez de nous fournir des matériaux pour alimenter notre stock !"
1112,"L'éradication des champignons toxiques ainsi que la gestion des dégâts causés par le nuage de spores progressent bien. Continuez de nous fournir des matériaux et des échan<SoftHyphen/>til<SoftHyphen/>lons pour alimenter notre stock !"
1113,"L'éradication des espèces mutantes et la collecte de champignons comestibles avancent bien. Continuez de nous fournir des matériaux pour alimenter notre stock !"
1114,"On nous a signalé une apparition en grand nombre de cristaux corrompus géants près de La Pâte brisée !"
1115,"Nous vous demandons de détruire ces cristaux et d'en récolter les résidus, qui pourront servir à alimenter les activités de la station !"
1116,"Montez à bord des mécanos cosmiques et servez-vous de leur arsenal pour les concasser ! Nous demandons à toutes les personnes détentrices d'un bon d'inscription de postuler comme pilote !"
1117,"On nous a signalé une prolifération de mycena chlorophos, des champignons dont les spores sont toxiques !"
1118,"S'ils venaient à les libérer, ces spores s'accrocheraient à nos ins<SoftHyphen/>tal<SoftHyphen/>la<SoftHyphen/>tions et aux machines prévues pour partir dans l'espace ! Tout notre projet d'exploration s'en retrouverait chamboulé !"
1119,"Montez à bord des déblayeuses cosmiques et exterminez ces champignons nuisibles ! Nous demandons à toutes les personnes détentrices d'un bon d'inscription de postuler comme pilote !"
1120,""
1121,""
1122,""
1123,""
1124,""
1125,""
1126,""
1127,""
1128,""
1129,""
1130,""
1131,""
1132,""
1133,""
1134,""
1135,""
1136,""
1137,""
1138,""
1139,""
1140,""
1141,""
1142,""
1143,""
1144,""
1145,""
1146,""
1147,""
1148,""
1149,""
1150,""
1151,"Notre mission du jour est l'excavation de phaennite<Indent/>! Des dépôts importants ont été détectés dans le sous-sol des berges de Salpêtre."
1152,"Extraire ces gros blocs de minerai va demander une quantité importante d'énergie. Il faudra donc d'abord recharger votre mécano cosmique en aspirant des charges ioniques."
1153,"Une fois la quantité d'énergie suffisante aspirée, utilisez votre rayon extracteur dans les zones de sables mouvants<Indent/>!"
1154,"Début de l'in<SoftHyphen/>ter<SoftHyphen/>ven<SoftHyphen/>tion mécanique<Indent/>! Aspirez des charges ioniques avant d'aller extraire les blocs de phaennite<Indent/>!"
1155,"Merci pour votre par<SoftHyphen/>ti<SoftHyphen/>ci<SoftHyphen/>pa<SoftHyphen/>tion à cette in<SoftHyphen/>ter<SoftHyphen/>ven<SoftHyphen/>tion mécanique<Indent/>! Utilisez la cosmoforeuse pour obtenir des échan<SoftHyphen/>til<SoftHyphen/>lons de minerai<Indent/>!"
1156,"Remettez vos morceaux de phaennite à l'un des analyseurs de terrain<Indent/>! Nos machines ont besoin de ces ressources<Indent/>!"
1157,"Un analyseur de terrain a détecté des charges ioniques cachées<Indent/>! C'est le moment de les aspirer avec les mécanos cosmiques<Indent/>!"
1158,"Nous avons atteint 50% de notre objectif<Indent/>! Continuez comme ça, et on pourra rentrer avec une belle cargaison de minerai<Indent/>!"
1159,"Nous avons atteint 90% de notre objectif<Indent/>! Encore un petit effort et on aura terminé<Indent/>!"
1160,"Mission accomplie<Indent/>! Grâce aux efforts de tous, l'exploration de Phaenna va pouvoir progresser d'un pas de géant<Indent/>!"
1161,"L'in<SoftHyphen/>ter<SoftHyphen/>ven<SoftHyphen/>tion est un échec... Ce n'est pas faute d'avoir essayé<Indent/>! Merci d'avoir participé tout de même."
1162,"Cette fois-ci, nous devons récupérer du verre apparu dans La Craquelure. Ces ressources seront d'une aide cruciale à l'avancement de notre projet<Indent/>!"
1163,"Votre machine a été spé<SoftHyphen/>cia<SoftHyphen/>le<SoftHyphen/>ment modifiée pour briser le verre. Alors n'hésitez pas à foncer dans le tas<Indent/>!"
1164,"Une fois à l'objectif, nous devrons effectuer quelques pré<SoftHyphen/>pa<SoftHyphen/>ra<SoftHyphen/>tions avant de commencer l'in<SoftHyphen/>ter<SoftHyphen/>ven<SoftHyphen/>tion. Faites attention à ne pas trop vous éloigner de la zone d'opérations<Indent/>!"
1165,"Début de l'in<SoftHyphen/>ter<SoftHyphen/>ven<SoftHyphen/>tion mécanique<Indent/>! Détruisez les amas de verre à l'aide de votre déblayeuse cosmique<Indent/>!"
1166,"Chers assistants, je compte sur vous pour collecter un maximum d'éclats de verre à l'aide de vos cosmoaspirateurs."
1167,"Remettez vos éclats de verre à l'un des analyseurs de terrain<Indent/>! Nos machines ont besoin de ces ressources<Indent/>!"
1168,"Un analyseur de terrain a détecté des cibles cachées<Indent/>! C'est le moment de les réduire en miettes avec la déblayeuse cosmique<Indent/>!"
1169,"Nous avons atteint 50% de notre objectif<Indent/>! Continuez comme ça, et on pourra rentrer avec une belle cargaison de verre<Indent/>!"
1170,"Nous avons atteint 90% de notre objectif<Indent/>! Encore un petit effort et on aura terminé<Indent/>!"
1171,"Mission accomplie<Indent/>! Grâce aux efforts de tous, l'exploration de Phaenna va pouvoir progresser d'un pas de géant<Indent/>!"
1172,"L'in<SoftHyphen/>ter<SoftHyphen/>ven<SoftHyphen/>tion est un échec... Ce n'est pas faute d'avoir essayé<Indent/>! Merci d'avoir participé tout de même."
1173,"Nos efforts ont payé, et les réparations devraient être terminées sous peu<Indent/>! Continuez de remplir les missions qui vous sont attribuées<Indent/>!"
1174,"Grâce à vos efforts, nous avons pu éviter le pire ! L'alerte est levée, merci à tous pour votre coopération."
1175,"La situation critique semble s'être apaisée, nous allons lever l'alerte. Vous pouvez retourner à vos tâches, nous nous chargerons du reste..."
1176,"Grâce aux efforts de tous les artisans et récolteurs impliqués, nous avons obtenu suf<SoftHyphen/>fi<SoftHyphen/>sam<SoftHyphen/>ment de ressources<Indent/>! Toutefois, nos réserves sont encore réduites, alors n'hésitez pas à nous fournir davantage de matériaux<Indent/>!"
1177,"Nous prévoyons un gros orage sur les zones de travaux. Il est possible que nous demandions à chacun d'interrompre ses tâches les plus importantes afin de protéger les machines et les outils."
1178,"Nous allons bientôt subir une violente vague de froid ! Nous ne savons pas quelles anomalies peuvent survenir, alors restez bien vigilants !"
1179,"Des nuages d'éther dense approchent, des pluies de verre sont à prévoir. Restez vigilants jusqu'à la fin !"
1180,"Nous avons repéré un violent orage qui va bientôt passer au-dessus de la station ! Nous aurons sûrement besoin de votre aide pour résoudre les problèmes causés par la foudre !"
1181,"De gros éclairs ont été aperçus entre la colline Milliaflore et la région du nord-ouest ! Nous déclarons l'état d'alerte !"
1182,"Une situation critique est survenue dans la région nord de notre zone d'exploration ! L'état d'alerte est déclaré, veuillez vous rendre sur place et commencer vos tâches au plus vite !"
1183,"Toute la zone est en situation critique à cause du froid intense ! Nous déclarons l'état d'alerte et requérons votre coopération !"
1184,"La pluie de verre a causé des dégâts dans le gouffre aux Capsules. Rendez-vous sur place pour participer à la livraison des fournitures manquantes<Indent/>!"
1185,"Une épaisse pluie de verre cause des dégâts dans toute la région ! Prenez part aux missions et aidez-nous à réunir les matériaux nécessaires<Indent/>!"
1186,"L'alerte rouge est déclarée dans la région nord-est de notre zone d'exploration ! Nous avons besoin de matériaux en urgence, venez nous aider !"
1187,"L'alerte rouge est déclarée au nord-ouest de la colline Milliaflore ! Nous avons besoin de matériaux en urgence, venez nous aider !"
1188,"L'alerte rouge est déclarée dans les environs de L'Arche de Recuisson et des chutes de Slumpingway ! Nous avons besoin de matériaux en urgence, venez nous aider !"
1189,"L'alerte rouge est déclarée dans les environs des Marches iridescentes. Mais aussi du côté de la Croisée opalescente... Bref, nous avons besoin de votre aide."
1190,"L'alerte rouge est déclarée au gouffre aux Capsules ! Venez nous aider à réunir les fournitures nécessaires !"
1191,"Les pluies de verre ont causé des dégâts dans les parties ouest et sud de la région, nous avons besoin d'aide pour résoudre la situation d'urgence !"
1192,"Grâce aux efforts de tous, nous allons pouvoir résoudre la situation d'urgence. Continuez de fournir des matériaux pour nos réserves, et livrez-les aux dépôts près de la station Souffleverre."
1193,"Grâce aux efforts de tous, nous allons pouvoir résoudre la situation d'urgence. Continuez de fournir des matériaux pour nos réserves, et livrez-les aux dépôts de la colline Milliaflore et des berges de Salpêtre."
1194,"Grâce aux efforts de tous, nous allons pouvoir résoudre la situation d'urgence. Continuez de fournir des matériaux pour nos réserves, et livrez-les dans les dépôts au nord."
1195,"Vous pouvez livrer des ressources pour nos réserves aux Marches iridescentes et à l'est de la colline Milliaflore."
1196,"Nous allons pouvoir résoudre la situation d'urgence en cours au gouffre aux Capsules. Continuez de fournir des matériaux pour nos réserves, vous pourrez les livrer sur place."
1197,"Nous allons bientôt pouvoir résoudre la situation critique dans les parties ouest et sud de la région. Continuez de fournir des matériaux pour nos réserves."
1198,"Nous avons à présent assez de matériaux nécessaires pour les réparations. Nous demandons à ceux qui le peuvent d'aider à la remise en état des machines."
1199,"La remise en état des machines se passe bien. Nous demandons à ceux qui le peuvent d'aider à la collecte de matériaux pour les réparations."
1200,"La mise en place des dispositifs paratonnerres avance bien. Nous demandons à ceux qui le peuvent d'aider à l'inspection des accumulateurs électriques aux berges de Salpêtre."
1201,"L'inspection des accumulateurs électriques nous a permis d'obtenir suf<SoftHyphen/>fi<SoftHyphen/>sam<SoftHyphen/>ment de données. Nous demandons à ceux qui le peuvent d'aider à la mise en place des dispositifs paratonnerres sur les hauteurs."
1202,"Nous avons récupéré suf<SoftHyphen/>fi<SoftHyphen/>sam<SoftHyphen/>ment de ressources en verre rare provenant de la grotte. Que ceux qui le peuvent se rendent aux chutes de Slumpingway et prennent part aux missions."
1203,"L'abattage des plantes à pics qui ont surgi du sol a bien progressé. Que ceux qui le peuvent se rendent à L'Arche de Recuisson pour aider à la récolte du verre rare."
1204,"La récolte de plantes rares et d'échan<SoftHyphen/>til<SoftHyphen/>lons de recherche s'est bien déroulée. Venez maintenant nous aider au rem<SoftHyphen/>pla<SoftHyphen/>ce<SoftHyphen/>ment des pièces des générateurs électriques de la Croisée opalescente."
1205,"Le rem<SoftHyphen/>pla<SoftHyphen/>ce<SoftHyphen/>ment des pièces des générateurs électriques est sur le point d'être terminé. Venez maintenant nous aider à la récolte de plantes rares et d'échan<SoftHyphen/>til<SoftHyphen/>lons de recherche."
1206,"Le nettoyage des débris de verre près du portail de la cosmo-navette progresse doucement. S'il y a des personnes compétentes pour inspecter la qualité de l'eau, qu'elles viennent nous aider !"
1207,"L'inspection de la qualité de l'eau est en bonne voie. Que ceux qui le peuvent viennent aider à nettoyer les débris de verre."
1208,"Les réparations concernant l'accident qu'ont subi nos machines donnent des résultats prometteurs. Que ceux qui le peuvent viennent nous aider à la station des drones."
1209,"Nous avons pu limiter les dégâts causés à la station des drones par la pluie de verre. Il ne reste plus qu'à terminer les réparations de nos machines !"
1210,"Le niveau de charge est suffisant<Indent/>! Le rayon extracteur est à présent disponible<Indent/>!"
1211,"Rapprochez-vous des sables mouvants pour pouvoir extraire des blocs de phaennite<Indent/>!"
1212,"Oooh<Indent/>! Voilà un sacré bout de minerai<Indent/>! Bien joué<Indent/>!"
1213,"Grâce à vos efforts à tous, la station Souffleverre s'est agrandie ! Merci infiniment pour votre soutien !<Unknown17/>Nous allons maintenant pouvoir nous consacrer pleinement à l'exploration de cette planète<Indent/>!<Unknown17/>Reportingway a d'ailleurs ajouté une nouvelle entrée au registre du projet, si vous aimez la lecture !"
1214,"Grâce à vos efforts à tous, un réseau de cosmo-navettes a été construit à la station Souffleverre ! Merci infiniment pour votre soutien !<Unknown17/>Cela va faciliter les déplacements, en particulier ceux de nos chercheurs pour leurs études de terrain<Indent/>!<Unknown17/>Reportingway a d'ailleurs ajouté une nouvelle entrée au registre du projet, si vous aimez la lecture !"
1215,"Grâce à vos efforts à tous, les modules d'habitation sont terminés<Indent/>! Merci infiniment pour votre soutien<Indent/>!<Unknown17/>Rien de tel qu'un lit moelleux pour se reposer d'une dure journée d'exploration sur une planète à l'environnement aussi extrême<Indent/>!<Unknown17/>Un nouvel ouvrage collectif sera bientôt organisé pour la con<SoftHyphen/>struc<SoftHyphen/>tion d'une centrale électrique<Indent/>! L'horaire sera affiché dans le registre du projet<Indent/>!"
1216,"Grâce à vos efforts à tous, la station énergétique est terminée<Indent/>! Merci infiniment pour votre soutien<Indent/>!<Unknown17/>Nous pouvons désormais utiliser l'éther environnant pour subvenir à tous nos besoins en énergie<Indent/>!<Unknown17/>Un nouvel ouvrage collectif sera bientôt organisé pour la con<SoftHyphen/>struc<SoftHyphen/>tion de la station hydropurificatrice<Indent/>! L'horaire sera affiché dans le registre du projet<Indent/>!"
1217,"Grâce à vos efforts à tous, la station de purification d'eau est terminée<Indent/>! Merci infiniment pour votre soutien<Indent/>!<Unknown17/>Désormais, nous pouvons, entre autres, purifier l'eau des nappes phréatiques, ce qui représente un pas de géant dans notre effort d'exploration<Indent/>!<Unknown17/>Reportingway a d'ailleurs ajouté une nouvelle entrée au registre du projet, si vous aimez la lecture<Indent/>!"
1218,"Grâce à vos efforts à tous, le hangar a été agrandi<Indent/>! Merci infiniment pour votre soutien<Indent/>!<Unknown17/>Maintenant que les ouvriers cosmiques ont un hangar adapté à cet environnement, nous allons pouvoir les utiliser plus souvent<Indent/>!<Unknown17/>Un nouvel ouvrage collectif sera bientôt organisé pour la mise en place d'un réseau de cosmo-navettes<Indent/>! L'horaire sera affiché dans le registre du projet<Indent/>!"
1219,"Grâce à vos efforts à tous, un réseau de cosmo-navettes a été construit dans les plaines<Indent/>! Merci infiniment pour votre soutien<Indent/>!<Unknown17/>Maintenant que la partie nord-ouest est facilement accessible, nous allons pouvoir étendre nos zones d'exploration<Indent/>!<Unknown17/>Reportingway a d'ailleurs ajouté une nouvelle entrée au registre du projet, si vous aimez la lecture<Indent/>!"
1220,"Le chantier pour l'installation des grues a bien avancé<Indent/>! Merci infiniment pour votre soutien<Indent/>!<Unknown17/>Encore un petit effort et on arrivera jusqu'au fond du gouffre<Indent/>! Mais faites attention à ne pas trébucher, vous pourriez tomber dedans<Indent/>!<Unknown17/>Un nouvel ouvrage collectif sera bientôt organisé pour terminer les travaux<Indent/>! L'horaire sera affiché dans le registre du projet<Indent/>!"
1221,"Grâce à vos efforts à tous, l'installation des grues est enfin terminée<Indent/>! Merci infiniment pour votre soutien<Indent/>!<Unknown17/>C'est ce qui s'appelle “toucher le fond”<Indent/>! J'ai hâte de percer les secrets des profondeurs de cette planète<Indent/>!<Unknown17/>Reportingway a d'ailleurs ajouté une nouvelle entrée au registre du projet, si vous aimez la lecture<Indent/>!"
1222,"Grâce à vos efforts à tous, un réseau de cosmo-navettes a été construit au gouffre<Indent/>! Merci infiniment pour votre soutien<Indent/>!<Unknown17/>Cela va faciliter les déplacements, en particulier ceux de nos chercheurs pour leurs études de terrain<Indent/>!<Unknown17/>Reportingway a d'ailleurs ajouté une nouvelle entrée au registre du projet, si vous aimez la lecture<Indent/>!"
1223,"Grâce à vos efforts à tous, la station Soufleverre s'est encore agrandie<Indent/>! Merci infiniment pour votre soutien<Indent/>!<Unknown17/>Toutes ces nouvelles fonctionnalités vont nous être très utiles pour nos futures missions d'exploration<Indent/>!<Unknown17/>Reportingway a d'ailleurs ajouté une nouvelle entrée au registre du projet, si vous aimez la lecture<Indent/>!"
1224,"Grâce à vos efforts à tous, le hangar a encore été agrandi<Indent/>! Merci infiniment pour votre soutien<Indent/>!<Unknown17/>Ces parois en verre sont à la fois pratiques et esthétiques<Indent/>! J'adore<Indent/>!<Unknown17/>Reportingway a d'ailleurs ajouté une nouvelle entrée au registre du projet, si vous aimez la lecture<Indent/>!"
1225,"Grâce à vos efforts à tous, le cosmoport s'est agrandi<Indent/>! Merci infiniment pour votre soutien<Indent/>!<Unknown17/>Avec une station énergétique aussi efficace, nous allons pouvoir voyager plus loin que jamais<Indent/>!<Unknown17/>Reportingway a d'ailleurs ajouté une nouvelle entrée au registre du projet, si vous aimez la lecture<Indent/>!"
1226,"Grâce à vos efforts à tous, des méga panneaux solaires ont été construits au sud<Indent/>! Merci infiniment pour votre soutien<Indent/>!<Unknown17/>L'énergie électrique que nous pouvons désormais produire va nous aider à développer davantage nos ins<SoftHyphen/>tal<SoftHyphen/>la<SoftHyphen/>tions<Indent/>!<Unknown17/>Un nouvel ouvrage collectif sera bientôt organisé à l'ouest<Indent/>! L'horaire sera affiché dans le registre du projet<Indent/>!"
1227,"Grâce à vos efforts à tous, la seconde installation de méga panneaux solaires est terminée<Indent/>! Merci infiniment pour votre soutien<Indent/>!<Unknown17/>Tous les besoins en énergie de la station sont désormais satisfaits et nous allons pouvoir en utiliser une partie pour nos futurs projets d'exploration<Indent/>!<Unknown17/>Reportingway a d'ailleurs ajouté une nouvelle entrée au registre du projet, si vous aimez la lecture<Indent/>!"
1228,"Grâce à vos efforts à tous, la station de mobilisation est terminée<Indent/>! Merci infiniment pour votre soutien<Indent/>!<Unknown17/>Nous allons installer des réservoirs sur les drones pour qu'ils puissent répandre un agent refroidissant sur le verre<Indent/>!<Unknown17/>Un nouvel ouvrage collectif sera bientôt organisé pour l'opération de refroidissement<Indent/>! L'horaire sera affiché dans le registre du projet<Indent/>!"
1229,"L'opération de refroidissement a bien avancé, merci infiniment pour votre soutien<Indent/>!<Unknown17/>Les drones vont maintenant pouvoir prendre le relai pendant que nous étendons nos zones d'exploration<Indent/>!<Unknown17/>Un nouvel ouvrage collectif sera bientôt organisé pour terminer les travaux<Indent/>! L'horaire sera affiché dans le registre du projet<Indent/>!"
1230,"Grâce à vos efforts à tous, l'opération de refroidissement est enfin terminée<Indent/>! Les drones vont s'occuper du reste, merci infiniment pour votre soutien<Indent/>!<Unknown17/>Les drones vont maintenant pouvoir prendre le relai<Indent/>! Ces étendues de verre solidifié sont vraiment magnifiques<Indent/>!<Unknown17/>Reportingway a d'ailleurs ajouté une nouvelle entrée au registre du projet, si vous aimez la lecture<Indent/>!"
1231,"Grâce à vos efforts à tous, un réseau de cosmo-navettes a été construit au volcan<Indent/>! Merci infiniment pour votre soutien<Indent/>!<Unknown17/>Avec l'extension dans la Cheminée de Fusingway, le réseau nous permet désormais de nous déplacer facilement dans toutes les zones d'exploration<Indent/>!<Unknown17/>Reportingway a d'ailleurs ajouté une nouvelle entrée au registre du projet, si vous aimez la lecture<Indent/>!"
1232,"Grâce à vos efforts à tous, la station Souffleverre a accueilli sa dernière installation<Indent/>: le Stellascope<Indent/>! Encore une fois, merci infiniment pour votre soutien<Indent/>!<Unknown17/>Nous allons poursuivre nos observations de la voûte céleste et analyser les données ainsi récoltées pour définir la prochaine étape de notre projet d'exploration cosmique<Indent/>!<Unknown17/>Reportingway a d'ailleurs ajouté ses dernières entrées au registre du projet, je vous conseille de les lire<Indent/>!"
1233,"Une forte con<SoftHyphen/>cen<SoftHyphen/>tra<SoftHyphen/>tion de charges ioniques a été détectée aux berges de Salpêtre<Indent/>!"
1234,"Avec ces charges, nous allons pouvoir alimenter le rayon extracteur de nos mécanos cosmiques afin d'extraire de la phaennite du sous-sol."
1235,"Montez à bord des mécanos cosmiques et utilisez-les pour extirper le précieux minerai<Indent/>! Nous demandons à toutes les personnes détentrices d'un bon d'inscription de postuler comme pilote<Indent/>!"
1236,"Des fluctuations géothermiques dans La Craquelure ont entraîné l'apparition d'amas de verre en grande quantité<Indent/>!"
1237,"Les analyses d'échan<SoftHyphen/>til<SoftHyphen/>lons indiquent que cette variété de verre est d'une pureté sans pareille. Voilà qui pourrait s'avérer très utile pour notre projet<Indent/>!"
1238,"Montez à bord des déblayeuses cosmiques pour détruire ces amas et collecter des blocs de verre<Indent/>! Nous demandons à toutes les personnes détentrices d'un bon d'inscription de postuler comme pilote<Indent/>!"
1239,""
1240,""
1241,""
1242,""
1243,""
1244,""
1245,""
1246,""
1247,""
1248,""
1249,""
1250,""
1251,""
1252,""
1253,""
1254,""
1255,""
1256,""
1257,""
1258,""
1259,""
1260,""
1261,""
1262,""
1263,""
1264,""
1265,""
1266,""
1267,""
1268,""
1269,""
1270,""
1271,""
1272,""
1273,""
1274,""
1275,""
1276,""
1277,""
1278,""
1279,""
1280,""
1281,""
1282,""
1283,""
1284,""
1285,""
1286,""
1287,""
1288,""
1289,""
1290,""
1291,""
1292,""
1293,""
1294,""
1295,""
1296,""
1297,""
1298,""
1299,""
1300,""
1301,"Des véhicules magitek lourds reconditionnés sont à votre disposition pour cette mission. Utilisez-les pour dissiper les anomalies gravitationnelles."
1302,"Le diffuseur de plasma est parfait pour dissiper les sphères-Gravité communes, mais il sera moins efficace contre celles de plus grande taille."
1303,"Pour dissiper les grandes sphères-Gravité, il faut se servir de la fonction de cosmogrenadage. Elle consomme beaucoup d'énergie, mais son effet est garanti<Indent/>!"
1304,"Début de l'in<SoftHyphen/>ter<SoftHyphen/>ven<SoftHyphen/>tion mécanique<Indent/>! Dissipez toutes les sphères-Gravité présentes dans la zone<Indent/>!"
1305,"Merci pour votre par<SoftHyphen/>ti<SoftHyphen/>ci<SoftHyphen/>pa<SoftHyphen/>tion à cette in<SoftHyphen/>ter<SoftHyphen/>ven<SoftHyphen/>tion mécanique<Indent/>! Utilisez le cosmomarteau-piqueur pour dissiper les sphères-Gravité souterraines<Indent/>!"
1306,"Aucun analyseur de terrain n'a été déployé pour cette opération. Concentrez-vous sur les anomalies gravitationnelles<Indent/>!"
1307,"Mission accomplie<Indent/>! Grâce aux efforts de tous, l'équilibre gravitationnel a été rétabli<Indent/>!"
1308,"L'in<SoftHyphen/>ter<SoftHyphen/>ven<SoftHyphen/>tion est un échec... Ce n'est pas faute d'avoir essayé<Indent/>! Vous pouvez retourner à vos assignations respectives."
1309,"Des anomalies gravitationnelles d'importance ont été mesurées près de la Carotte oubliée. Si rien n'est fait, nos recherches risquent d'être entravées."
1310,"Les machines garlemaldaises que nous avons récemment reconditionnées devraient nous permettre de résoudre le problème."
1311,"Montez à bord des véhicules magitek lourds et intervenez si vous vous en sentez capable<Indent/>! Nous demandons à toutes les personnes détentrices d'un bon d'inscription de postuler comme pilote<Indent/>!"
1312,"Pour cette mission, il vous faudra récolter ce que nous appelons des “pierres-Lévitation”, qui flottent dans les airs à cause d'anomalies gravitationnelles localisées."
1313,"La machine que vous pilotez a été équipée spé<SoftHyphen/>cia<SoftHyphen/>le<SoftHyphen/>ment pour cette in<SoftHyphen/>ter<SoftHyphen/>ven<SoftHyphen/>tion. Son électroaspirateur amélioré vous permettra d'aspirer les pierres-Lévitation."
1314,"Si l'occasion se présente, nous aimerions aussi que vous rapportiez les pierres géantes qui lévitent plus haut que les autres... Restez à l'affût pour de nouvelles in<SoftHyphen/>struc<SoftHyphen/>tions<Indent/>!"
1315,"Début de l'in<SoftHyphen/>ter<SoftHyphen/>ven<SoftHyphen/>tion mécanique<Indent/>! Récoltez les pierres-Lévitation qui flottent dans la zone<Indent/>!"
1316,"Merci pour votre par<SoftHyphen/>ti<SoftHyphen/>ci<SoftHyphen/>pa<SoftHyphen/>tion à cette in<SoftHyphen/>ter<SoftHyphen/>ven<SoftHyphen/>tion mécanique<Indent/>! Utilisez le cosmoaspirateur amélioré pour récolter les petites pierres-Lévitation<Indent/>!"
1317,"Remettez vos petites pierres-Lévitation à l'un des analyseurs de terrain<Indent/>! Nos machines ont besoin de ces ressources<Indent/>!"
1318,"Un analyseur de terrain a détecté des masses anormalement volumineuses flottant dans les airs<Indent/>!"
1319,"Nous avons atteint 50% de notre objectif<Indent/>! Continuez comme ça, et on pourra rentrer avec une belle cargaison de ressources<Indent/>!"
1320,"Nous avons atteint 90% de notre objectif<Indent/>! Encore un petit effort et on aura terminé<Indent/>!"
1321,"Mission accomplie<Indent/>! Grâce aux efforts de tous, nous avons recueilli de précieuses ressources pour nos recherches<Indent/>!"
1322,"L'in<SoftHyphen/>ter<SoftHyphen/>ven<SoftHyphen/>tion est un échec... Ce n'est pas faute d'avoir essayé<Indent/>! Vous pouvez retourner à vos assignations respectives."
1323,"Nous avons constaté des anomalies gravitationnelles localisées dans les environs du cap Géras<Indent/>!"
1324,"Des pierres sont sorties de terre et lévitent dans les airs, imprégnées d'une intense énergie."
1325,"Montez à bord des mécanos cosmiques et récoltez des pierres-Lévitation<Indent/>! Nous demandons à toutes les personnes détentrices d'un bon d'inscription de postuler comme pilote<Indent/>!"
1326,"Nos efforts ont payé, et les réparations devraient être terminées sous peu<Indent/>! Continuez de remplir les missions qui vous sont attribuées<Indent/>!"
1327,"Grâce à vos efforts, nous avons pu éviter le pire ! L'alerte est levée, merci à tous pour votre coopération."
1328,"La situation critique semble s'être apaisée, l'alerte est levée. Vous pouvez retourner à vos autres occupations, nous allons nous charger du reste..."
1329,"Grâce aux efforts de tous les artisans et récolteurs impliqués, nous avons obtenu suf<SoftHyphen/>fi<SoftHyphen/>sam<SoftHyphen/>ment de ressources<Indent/>! Toutefois, n'hésitez pas à nous fournir davantage de matériaux<Indent/>!"
1330,"Nous avons observé une augmentation de l'instabilité de la gravité<Indent/>! Restez sur vos gardes et tenez-vous prêts à faire face à une situation difficile<Indent/>!"
1331,"Des phénomènes gravitationnels étranges font flotter l'eau le long de la côte méridionale. Leur influence pourrait s'étendre jusqu'à nos zones d'exploration, alors restez vigilants<Indent/>!"
1332,"Nous avons détecté une chute de la pression atmosphérique de rang maman bombo<Indent/>! Toute la zone d'exploration risque d'être balayée par des vents violents. Restez vigilants jusqu'à la fin !"
1333,"Le Mur de l'Écusson est ac<SoftHyphen/>tu<SoftHyphen/>el<SoftHyphen/>le<SoftHyphen/>ment confronté à d'importantes fluctuations gravitationnelles<Indent/>! L'état d'alerte a été déclaré et nous avons besoin de l'aide de tout le personnel disponible<Indent/>!"
1334,"La mer sur les côtes du cap Géras s'est mise à flotter, ce qui a provoqué une tempête de bulles d'eau. Cependant, c'est également l'opportunité de collecter des ressources ex<SoftHyphen/>trê<SoftHyphen/>me<SoftHyphen/>ment précieuses, nous appelons donc à la mobilisation générale<Indent/>!"
1335,"Une situation critique est survenue dans la région du Reg levant en raison de vents soudains et violents<Indent/>! L'état d'alerte a été déclaré, veuillez donc vous rendre rapidement sur place pour aider les autres travailleurs<Indent/>!"
1336,"Une situation critique est survenue au nord de la station Terra Firma en raison de vents soudains et violents<Indent/>! Nous déclarons l'état d'alerte et requérons votre coopération sur place !"
1337,"Le Mur de l'Écusson est ac<SoftHyphen/>tu<SoftHyphen/>el<SoftHyphen/>le<SoftHyphen/>ment confronté à d'importantes fluctuations gravitationnelles<Indent/>! Rendez-vous sur place pour participer à la livraison des fournitures manquantes<Indent/>!"
1338,"Une tempête de bulles d'eau fait rage sur la plage du Pôle unique et à l'Oasis des Pionniers. Nous appelons donc à la mobilisation générale, car c'est l'opportunité de collecter des ressources ex<SoftHyphen/>trê<SoftHyphen/>me<SoftHyphen/>ment précieuses<Indent/>!"
1339,"Une situation critique est survenue dans la région du Reg levant en raison de vents soudains et violents<Indent/>! Nous avons besoin de travailleurs qualifiés comme vous pour nous aider<Indent/>!"
1340,"L'alerte rouge est déclarée au sud de la Carotte oubliée et des blessés ont été signalés au Reg levant ! Nous avons urgemment besoin d'aide<Indent/>!"
1341,"Grâce aux efforts de tous, nous allons pouvoir résoudre la situation d'urgence. Continuez de fournir des matériaux pour nos réserves, et livrez-les dans les dépôts au Mur de l'Écusson."
1342,"Grâce aux efforts de tous, nous avons récolté suf<SoftHyphen/>fi<SoftHyphen/>sam<SoftHyphen/>ment de ressources précieuses. Continuez de fournir des matériaux pour nos réserves, et livrez-les dans les dépôts près du cap Géras."
1343,"Grâce aux efforts de tous, nous allons pouvoir résoudre la situation d'urgence. Continuez de fournir des matériaux pour nos réserves, et livrez-les dans les dépôts près du Reg levant."
1344,"Vous pouvez livrer des ressources pour nos réserves à la Carotte oubliée et au Reg levant. Cela devrait résoudre la situation."
1345,"Grâce aux efforts de tous, nous allons bientôt pouvoir résoudre la situation d'urgence au Mur de l'Écusson. Continuez de fournir des matériaux pour nos réserves, et livrez-les aux dépôts au nord de la station Terra Firma."
1346,"Nous avons à présent assez de matériaux pour la station Terra Firma. Désormais, nous demandons à ceux qui le peuvent d'aider au Mur de l'Écusson."
1347,"Nous avons atteint notre objectif de récolte à l'Oasis des Pionniers. Continuez de fournir des matériaux pour nos réserves, et livrez-les dans les dépôts de la plage du Pôle unique."
1348,"Grâce aux efforts de tous, nous avons récolté suf<SoftHyphen/>fi<SoftHyphen/>sam<SoftHyphen/>ment de ressources précieuses sur la plage du Pôle unique. Désormais, nous demandons à ceux qui le peuvent d'aider à l'Oasis des Pionniers."
1349,"Grâce aux efforts de tous, nous allons bientôt pouvoir résoudre la situation d'urgence de l'autre côté du Mur du Déclin. Désormais, nous demandons à ceux qui le peuvent d'aider à l'est de Mégalithopolis."
1350,"Grâce aux efforts de tous, nous allons bientôt pouvoir résoudre la situation d'urgence à l'est de Mégalithopolis. Continuez de fournir des matériaux pour nos réserves, et livrez-les aux dépôts de l'autre côté du Mur du Déclin."
1351,"Grâce aux efforts de tous, nous allons bientôt pouvoir résoudre la situation d'urgence. Désormais, nous demandons à ceux qui le peuvent d'aider au Reg levant."
1352,"Grâce aux efforts de tous, nous avons récolté suf<SoftHyphen/>fi<SoftHyphen/>sam<SoftHyphen/>ment de ressources pour résoudre la situation d'urgence. Désormais, nous demandons à ceux qui le peuvent d'aider à la Carotte oubliée."
1353,""
1354,"On va bientôt pouvoir commencer la con<SoftHyphen/>struc<SoftHyphen/>tion des modules d'habitation pour que tout le monde ait un toit digne de ce nom ! J'espère que vous serez nombreux à venir nous aider !"
1355,"Grâce à vos efforts à tous, les modules d'habitation sont à présent terminés<Indent/>! Merci infiniment pour votre soutien<Indent/>!<Unknown17/>On compte également utiliser certains vestiges de cette planète comme base d'opérations, ça va nous changer un peu<Indent/>!<Unknown17/>Au fait, Reportingway a ajouté une nouvelle entrée au registre du projet, si vous aimez la lecture<Indent/>!"
1356,"Nous avons besoin de matériaux pour construire la cosmo-navette du plateau central<Indent/>! Merci de participer aux missions cosmiques<Indent/>!"
1357,"La fin du chantier pour la con<SoftHyphen/>struc<SoftHyphen/>tion de la cosmo-navette du plateau central approche<Indent/>! Encore un peu de patience, et nous pourrons tous en profiter<Indent/>!"
1358,"Grâce à vos efforts à tous, la cosmo-navette du plateau central est à présent terminée<Indent/>! Merci infiniment pour votre soutien<Indent/>!<Unknown17/>On va pouvoir se déplacer les doigts dans le nez autour de la station et agrandir notre champ de recherches<Indent/>!<Unknown17/>Au fait, Reportingway a ajouté une nouvelle entrée au registre du projet, si vous aimez la lecture<Indent/>!"
1359,"Nous avons besoin de matériaux pour construire les ins<SoftHyphen/>tal<SoftHyphen/>la<SoftHyphen/>tions qui nous permettront de conserver l'eau et l'électricité nécessaires à nos besoins<Indent/>! Merci de participer aux missions cosmiques<Indent/>!"
1360,"On va bientôt pouvoir commencer la con<SoftHyphen/>struc<SoftHyphen/>tion de la station énergétique ! J'espère que vous serez nombreux à venir nous aider !"
1361,"Grâce à vos efforts à tous, la station énergétique est à présent terminée<Indent/>! Merci infiniment pour votre soutien !<Unknown17/>Nous allons enfin pouvoir accumuler toute l'électricité nécessaire à nos activités simplement en transformant l'éther environnant<Indent/>!<Unknown17/>Un nouvel ouvrage collectif sera bientôt organisé pour la con<SoftHyphen/>struc<SoftHyphen/>tion de la station hydropurificatrice<Indent/>! L'horaire sera affiché dans le registre du projet<Indent/>!"
1362,"Grâce à vos efforts à tous, la station hydropurificatrice est à présent terminée<Indent/>! Merci infiniment pour votre soutien !<Unknown17/>Dans la foulée, nous avons établi le labo de Dylise, où nous centraliserons les recherches menées sur la planète !<Unknown17/>Au fait, Reportingway a ajouté une nouvelle entrée au registre du projet, si vous aimez la lecture<Indent/>!"
1363,"Le Bâtiment ombré au sud-est abrite sûrement des minerais inconnus et des indices utiles pour nos recherches !<Unknown17/>En plaçant des générateurs de gravité sur L'Ancre, on pourra créer une passerelle en agglutinant les rochers flottants des environs<Indent/>!<Unknown17/>Et pour ça, on a besoin de matériaux, alors merci de participer aux missions cosmiques<Indent/>!"
1364,"On va bientôt pouvoir commencer la con<SoftHyphen/>struc<SoftHyphen/>tion des générateurs de gravité ! J'espère que vous serez nombreux à venir nous aider !"
1365,"Grâce à vos efforts à tous, les générateurs de gravité sont à présent terminés, et nous pouvons nous rendre au Bâtiment ombré ! Merci infiniment pour votre soutien<Indent/>!<Unknown17/>Lorsque nous aurons pu étudier ce gros rocher flottant, nous en apprendrons sûrement plus sur les anomalies gravitationnelles de cette planète<Indent/>!<Unknown17/>Au fait, Reportingway a ajouté une nouvelle entrée au registre du projet, si vous aimez la lecture<Indent/>!"
1366,"Nous avons besoin de matériaux pour construire la cosmo-navette qui mène au Bâtiment ombré<Indent/>! Merci de participer aux missions cosmiques<Indent/>!"
1367,"La fin du chantier pour la con<SoftHyphen/>struc<SoftHyphen/>tion de la cosmo-navette du Bâtiment ombré approche<Indent/>! Encore un peu de patience, et nous pourrons tous en profiter<Indent/>!"
1368,"Grâce à vos efforts à tous, la cosmo-navette du Bâtiment ombré est à présent terminée<Indent/>! Merci infiniment pour votre soutien<Indent/>!<Unknown17/>On va pouvoir se déplacer les doigts dans le nez vers ce grand rocher flottant et améliorer l'efficacité de nos recherches sur les anomalies gravitationnelles<Indent/>!<Unknown17/>Au fait, Reportingway a ajouté une nouvelle entrée au registre du projet, si vous aimez la lecture<Indent/>!"
1369,"Nos équipes de chercheurs estiment que l'euèdre, le grand cristal au milieu de notre base, était primordial dans le fonc<SoftHyphen/>tion<SoftHyphen/>ne<SoftHyphen/>ment des ins<SoftHyphen/>tal<SoftHyphen/>la<SoftHyphen/>tions des pionniers !<Unknown17/>Si on arrive à le remettre en marche, on pourra sûrement découvrir tout un tas de choses sur nos prédécesseurs<Indent/>!<Unknown17/>Mais d'abord, on doit effectuer la maintenance de la station ! On a besoin de matériaux, alors merci de participer aux missions cosmiques<Indent/>!"
1370,"On va bientôt pouvoir commencer les travaux de maintenance de la station, qui nous permettront d'augmenter notre production électrique ! J'espère que vous serez nombreux à venir nous aider !"
1371,"Grâce à vos efforts à tous, la maintenance de la station est à présent terminée<Indent/>! Mais nous avons encore fort à faire pour rétablir com<SoftHyphen/>plè<SoftHyphen/>te<SoftHyphen/>ment l'euèdre !<Unknown17/>Nous pourrons obtenir plein d'in<SoftHyphen/>for<SoftHyphen/>ma<SoftHyphen/>tions sur les pionniers lorsqu'il sera à nouveau opérationnel, alors on reste motivés<Indent/>!<Unknown17/>Au fait, Reportingway a ajouté une nouvelle entrée au registre du projet, si vous aimez la lecture<Indent/>!"
1372,"Il semblerait que le cristal qui compose l'euèdre soit un minerai très particulier, que l'on ne peut trouver que sur Oizys !<Unknown17/>Mais pour l'instant, il est terne, comme s'il était détérioré... Il va falloir lui insuffler de l'éther pour le réactiver<Indent/>!<Unknown17/>On va avoir besoin de matériaux, alors merci de participer aux missions cosmiques<Indent/>!"
1373,"On va bientôt pouvoir commencer notre projet de restauration de l'euèdre pour lui rendre son éclat d'antan ! J'espère que vous serez nombreux à venir nous aider !"
1374,"Grâce à vos efforts à tous, l'euèdre a retrouvé sa belle couleur<Indent/>! Les chercheurs vont pouvoir commencer leurs analyses !<Unknown17/>Sa réactivation complète n'est pas encore pour tout de suite, mais quand je pense à toutes les in<SoftHyphen/>for<SoftHyphen/>ma<SoftHyphen/>tions qu'il pourrait contenir... Je ne tiens pas en place !<Unknown17/>Au fait, Reportingway a ajouté une nouvelle entrée au registre du projet, si vous aimez la lecture<Indent/>!"
1375,"Nous aimerions améliorer le cosmoport afin que l'acheminement de ressources minières vers Ætherys pour les analyser soit plus efficace<Indent/>!<Unknown17/>On a besoin de matériaux, alors merci de participer aux missions cosmiques<Indent/>!"
1376,"On va bientôt pouvoir commencer l'aménagement du cosmoport ! J'espère que vous serez nombreux à venir nous aider !"
1377,"Grâce à vos efforts à tous, nous avons un cosmoport aux fonctionnalités avancées<Indent/>! Nous allons pouvoir acheminer plus facilement des ressources vers Ætherys pour analyse !<Unknown17/>Espérons que ça permette aux recherches de faire un bond concernant la nature des minerais de cette planète ou les traces laissées par nos prédécesseurs !<Unknown17/>Au fait, Reportingway a ajouté une nouvelle entrée au registre du projet, si vous aimez la lecture<Indent/>!"
1378,"Nous avons découvert des vestiges dans les souterrains des Échos d'Émeraude<Indent/>! Con<SoftHyphen/>trai<SoftHyphen/>re<SoftHyphen/>ment à ceux présents à la surface de la planète, ils ont bien survécu à l'épreuve du temps. Qui sait quelles découvertes incroyables nous pourrions y faire !<Unknown17/>On va poursuivre les fouilles sous la houlette de nos chercheurs et on aura besoin de matériaux, alors merci de participer aux missions cosmiques !"
1379,"On va bientôt pouvoir commencer l'excavation des Échos d'Émeraude ! J'espère que vous serez nombreux à venir nous aider !"
1380,"Les fouilles ont révélé ce qui semble être la porte d'entrée des vestiges des Échos d'Émeraude<Indent/>! Espérons que les études menées par Dylise nous permettront de comprendre comment l'ouvrir !<Unknown17/>En attendant, Reportingway a ajouté une nouvelle entrée au registre du projet, si vous aimez la lecture<Indent/>!"
1381,"Nous avons découvert comment ouvrir la porte des vestiges des Échos d'Émeraude<Indent/>! L'astuce était dans les cristaux inactifs à proximité !<Unknown17/>D'après l'enquête menée sur un échantillon, certains minerais qu'on trouve sur cette planète peuvent servir de catalyseurs pour les réactiver !<Unknown17/>On va établir un plan pour procéder à l'ouverture, et on aura besoin de matériaux, alors merci de participer aux missions cosmiques !"
1382,"On va bientôt pouvoir commencer notre plan d'ouverture des Échos d'Émeraude ! J'espère que vous serez nombreux à venir nous aider !"
1383,"Ça y est, la porte d'entrée des vestiges des Échos d'Émeraude est enfin ouverte<Indent/>! Place à l'exploration et aux découvertes fracassantes !<Unknown17/>Nos chercheurs comptent également étudier en détail ces cristaux qui ont maintenant retrouvé leur belle couleur verte !<Unknown17/>Au fait, Reportingway a ajouté une nouvelle entrée au registre du projet, si vous aimez la lecture<Indent/>!"
1384,"Une autre formation cristalline nous attendait au fond des vestiges ! Si on parvient à la remettre en marche, nous comprendrons peut-être quelle utilité cet édifice avait pour les pionniers !<Unknown17/>On va établir un plan pour procéder à sa réactivation, et on aura besoin de matériaux, alors merci de participer aux missions cosmiques !"
1385,"On va bientôt pouvoir commencer notre plan de réactivation des vestiges ! J'espère que vous serez nombreux à venir nous aider !"
1386,"La pierre-guide est à présent réactivée, et les vestiges ont repris leur fonc<SoftHyphen/>tion<SoftHyphen/>ne<SoftHyphen/>ment<Indent/>! Nous allons pouvoir mener nos in<SoftHyphen/>ves<SoftHyphen/>ti<SoftHyphen/>ga<SoftHyphen/>tions plus pro<SoftHyphen/>fon<SoftHyphen/>dé<SoftHyphen/>ment encore !<Unknown17/>De plus, certains chercheurs estiment que non seulement le cristal contrôle les ruines, mais qu'il serait également en lien direct avec d'autres points de la planète !<Unknown17/>Au fait, Reportingway a ajouté une nouvelle entrée au registre du projet, si vous aimez la lecture<Indent/>!"
1387,"Une nouvelle formation cristalline nous attendait au plus profond des vestiges... Et elle a perdu sa vitalité, comme notre euèdre.<Unknown17/>De la même façon qu'avec les autres cristaux, on pourra sûrement lui donner un coup de peps pour qu'il fonctionne à nouveau !<Unknown17/>On va établir un plan pour procéder à sa réactivation, et on aura besoin de matériaux, alors merci de participer aux missions cosmiques !"
1388,"On va bientôt pouvoir commencer notre plan de réactivation des profondeurs des vestiges ! J'espère que vous serez nombreux à venir nous aider !"
1389,"Et voilà, le métaèdre des vestiges du Terrier désertique est à nouveau opérationnel ! Des enquêtes sont en cours pour connaître son rôle dans l'utilisation des ruines !<Unknown17/>Ce qui est sûr, c'est que sa structure contient plein de données encore intactes, qui nous seront peut-être utiles pour réactiver com<SoftHyphen/>plè<SoftHyphen/>te<SoftHyphen/>ment l'euèdre ! C'est pas beau, ça !?<Unknown17/>Au fait, Reportingway a ajouté une nouvelle entrée au registre du projet, si vous aimez la lecture<Indent/>!"
1390,"Nous avons besoin de matériaux pour construire une cosmo-navette qui mène à l'intérieur des Échos d'Émeraude<Indent/>! Merci de participer aux missions cosmiques<Indent/>!"
1391,"La fin du chantier pour la con<SoftHyphen/>struc<SoftHyphen/>tion de la cosmo-navette des Échos d'Émeraude approche<Indent/>! Encore un peu de patience, et nous pourrons tous en profiter<Indent/>!"
1392,"Grâce à vos efforts à tous, la cosmo-navette des Échos d'Émeraude est à présent terminée<Indent/>! Merci infiniment pour votre soutien<Indent/>!<Unknown17/>On va pouvoir se déplacer les doigts dans le nez jusqu'au plus profond des vestiges et effectuer des recherches approfondies sur leur structure<Indent/>!<Unknown17/>Reportingway a d'ailleurs ajouté une nouvelle entrée au registre du projet, si vous aimez la lecture<Indent/>!"
1393,"J'ai une bonne nouvelle ! Il semblerait que les données éthérées accumulées dans le métaèdre puissent permettre la remise en marche complète de notre euèdre !<Unknown17/>Mais sans la sensibilité à l'éther que possédaient vraisemblablement les pionniers, impossible de synchroniser les deux cristaux...<Unknown17/>On va donc construire des antennes-relais et envoyer directement les données ! Et pour ça, on aura besoin de matériaux en vue de consolider la station, alors merci de participer aux missions cosmiques !"
1394,"On va bientôt pouvoir commencer la consolidation de la station Terra Firma ! J'espère que vous serez nombreux à venir nous aider !"
1395,"Le renforcement de la station est terminé, et celle-ci est plus solide que jamais ! On va pouvoir construire nos antennes-relais sur son toit !<Unknown17/>Quand ce sera fait, nous pourrons émettre de grandes quantités de données depuis les ruines, et apprendre encore plus de choses au sujet des pionniers !<Unknown17/>Au fait, Reportingway a ajouté une nouvelle entrée au registre du projet, si vous aimez la lecture<Indent/>!"
1396,"Il est temps de passer à la con<SoftHyphen/>struc<SoftHyphen/>tion de nos antennes-relais, que nous allons pouvoir synchroniser avec le métaèdre des ruines pour recevoir des in<SoftHyphen/>for<SoftHyphen/>ma<SoftHyphen/>tions !<Unknown17/>Nous allons bientôt connaître ce que notre cristal endormi contient... et pro<SoftHyphen/>ba<SoftHyphen/>ble<SoftHyphen/>ment résoudre les mystères de cette planète !<Unknown17/>Aaaah, j'ai tellement hâââte !! Quoi qu'il en soit, on a encore besoin de matériaux, alors merci de participer aux missions cosmiques !"
1397,"On va bientôt pouvoir commencer notre plan de réactivation de l'euèdre ! J'espère que vous serez nombreux à venir nous aider !"
1398,"Les Tours-Orthostates sont prêtes, elles se dressent à présent fièrement sur notre station, qui a d'ailleurs atteint sa forme finale !<Unknown17/>Nous allons enfin pouvoir réactiver définitivement l'euèdre en synchronisant les tours avec le métaèdre pour récupérer ses données éthérées !<Unknown17/>Encore merci à tous pour vos efforts ! Au fait, Reportingway a ajouté deux nouvelles entrées au registre du projet, si vous aimez la lecture<Indent/>!"
1399,"Notre exploration d'Oizys touche à sa fin, et elle aura donné des résultats incroyables<Indent/>! Mais le projet n'est pas terminé, nous allons à présent partir sur les traces des pionniers !<Unknown17/>Tout ça, c'est grâce à vous tous ! Fé<SoftHyphen/>li<SoftHyphen/>ci<SoftHyphen/>ta<SoftHyphen/>tions, et merci<Indent/>!"
1400,"Nos dernières mesures indiquent que les anomalies gravitationnelles ont été réduites de moitié. Continuez comme ça<Indent/>!"
1401,"Attention à tous<Indent/>! Une sphère-Gravité géante a été détectée dans le secteur de l'opération<Indent/>!"
1402,"La sphère-Gravité géante s'affaiblit<Indent/>! Ça signifie que la stabilisation des anomalies est en bonne voie<Indent/>!"
1403,"Les anomalies gravitationnelles sont sur le point de se stabiliser<Indent/>! Encore un petit effort<Indent/>!"
1404,"La sphère-Gravité géante s'est dissipée<Indent/>! Hourra<Indent/>!"
1405,"Nous comptons sur vous pour récolter des pierres-Lévitation<Indent/>!"
1406,"Tout se passe pour le mieux<Indent/>! Poursuivez vos efforts et nous aurons raison de ces anomalies<Indent/>!"
1407,"Hein...<Indent/>!? Les mesures de nos appareils s'emballent<Indent/>! Restez à l'affût de nouveaux phénomènes gravitationnels<Indent/>!"
1408,"La tempête de bulles a l'air de se calmer. N'abandonnez pas, continuez votre travail jusqu'à la dernière minute<Indent/>!"
1409,"Grâce à vos efforts conjugués, nous avons mis la main sur des matériaux rarissimes<Indent/>! Merci pour tout, l'alerte est désormais levée."
1410,"La tempête de bulles a l'air de se calmer. L'objectif n'est pas atteint, mais nous vous remercions tout de même pour votre coopération..."
1411,"Nous soupçonnons cette sphère géante d'être à l'origine du présent phénomène. Concentrez votre attention sur elle<Indent/>!"
1412,"L'analyse des pierres-Lévitation collectées a révélé la présence d'énormes amas du même type, plus en hauteur<Indent/>!"
1413,"Une autre pierre-Lévitation gigantesque a été détectée dans les airs<Indent/>!"
1414,"Utilisez les lasers extracteurs de vos mécanos cosmiques aux endroits que nous avons marqués<Indent/>!"
1415,"Les environs du Mur de l'Écusson sont ac<SoftHyphen/>tu<SoftHyphen/>el<SoftHyphen/>le<SoftHyphen/>ment confrontés à d'importantes fluctuations gravitationnelles<Indent/>! Notre matériel flotte dans les airs, ce qui nous empêche de continuer l'effort d'exploration<Indent/>!"
1416,"Nous retenons le matériel grâce aux générateurs de gravité, mais nous avons tout de même besoin de vous pour nous fournir d'autres éléments importants."
1417,"Mais ce n'est pas tout..."
1418,"On nous a signalé que la base a aussi été victime des caprices de la gravité, ce qui a causé à des conteneurs de ressources de s'envoler hors de notre portée."
1419,"Nous avons perdu le matériel de maintenance des rovers. Il nous faut des pièces de rechange en urgence, sinon le flux des mar<SoftHyphen/>chan<SoftHyphen/>di<SoftHyphen/>ses risque d'être interrompu<Indent/>!"
1420,"Grâce à votre excellent travail d'équipe, nous avons désormais tout le matériel nécessaire pour la maintenance. Bien sûr, toute livraison sup<SoftHyphen/>plé<SoftHyphen/>men<SoftHyphen/>tai<SoftHyphen/>re est la bienvenue."
1421,"Grâce à vous, notre matériel au Mur de l'Écusson n'est pas près de s'envoler<Indent/>! Merci pour votre aide durant cette situation d'urgence<Indent/>!"
1422,"Alerte rouge<Indent/>! La mer sur les côtes du cap Géras s'est mise à flotter, ce qui a provoqué une tempête de bulles d'eau dans les zones d'exploration<Indent/>!"
1423,"On nous signale que des plantes se sont mises à pousser très rapidement à l'Oasis des Pionniers<Indent/>! C'est l'occasion de prélever des échan<SoftHyphen/>til<SoftHyphen/>lons inestimables<Indent/>!"
1424,"Mais ce n'est pas tout..."
1425,"Des bulles d'eau flottent au-dessus de la plage du Pôle unique, et on dit qu'elles charrient avec elles des coraux métalliques, entre autres ressources marines précieuses."
1426,"Ces spécimens nous permettraient d'en apprendre davantage sur la faune et la flore environnantes<Indent/>! Rendez-vous aussi sur place pour en récolter le plus possible<Indent/>!"
1427,"Grâce à vos efforts, nous avons désormais suf<SoftHyphen/>fi<SoftHyphen/>sam<SoftHyphen/>ment de ressources de la plage du Pôle unique. Bien sûr, toute livraison sup<SoftHyphen/>plé<SoftHyphen/>men<SoftHyphen/>tai<SoftHyphen/>re est la bienvenue."
1428,"J'ai le plaisir de vous annoncer que nous avons atteint le quota d'échan<SoftHyphen/>til<SoftHyphen/>lons de l'Oasis des Pionniers. Merci pour votre coopération et comptez sur nous pour en faire bon usage<Indent/>!"
1429,"Alerte rouge<Indent/>! Les anomalies gravitationnelles ont perturbé la pression atmosphérique et de violentes bourrasques ont renversé un rover transportant des ressources critiques<Indent/>!"
1430,"Heu<SoftHyphen/>reu<SoftHyphen/>se<SoftHyphen/>ment, tout risque climatique semble écarté. Nous avons néanmoins besoin d'aide sur les lieux de l'incident et d'un réapprovisionnement en urgence de nouilles cosmiques<Indent/>!"
1431,"Mais ce n'est pas tout..."
1432,"Des drones transportant des trouvailles archéologiques ont aussi été soufflés par la tempête. Tout porte à croire que certains d'entre eux se sont écrasés dans un étang à l'est de Mégalithopolis."
1433,"Nous avons besoin de votre aide sur place pour repêcher la cargaison et nous fournir de quoi la nettoyer<Indent/>!"
1434,"On nous rapporte que, grâce à l'aide du personnel sur place, la situation à l'est de Mégalithopolis sera bientôt résolue. Vous avez tous fait un excellent travail<Indent/>!"
1435,"Nous allons pouvoir réparer le rover et notre stock de nouilles cosmiques a été suf<SoftHyphen/>fi<SoftHyphen/>sam<SoftHyphen/>ment réapprovisionné<Indent/>! Merci pour tout<Indent/>! Bien sûr, toute livraison sup<SoftHyphen/>plé<SoftHyphen/>men<SoftHyphen/>tai<SoftHyphen/>re est la bienvenue."
1436,"Alerte rouge<Indent/>! Les anomalies gravitationnelles ont perturbé la pression atmosphérique et des vents violents ont ainsi provoqué des chutes de pierres au sud de la Carotte oubliée<Indent/>!"
1437,"La tempête s'est calmée, mais nous avons désormais besoin de votre aide pour nous permettre de déblayer les roches, en plus de mener des fouilles archéologiques dans la région."
1438,"Mais ce n'est pas tout..."
1439,"Nous déplorons plusieurs blessés à la suite de cette catastrophe naturelle, et nous manquons de matériel médical pour tous les soigner."
1440,"Le bilan ne cesse de s'alourdir, alors aidez-nous à rassembler le nécessaire au plus vite<Indent/>!"
1441,"Grâce à votre réactivité, nous avons désormais assez de matériel médical pour traiter toutes les victimes de la tempête. Merci du fond du cœur<Indent/>!"
1442,"Vous nous avez procuré tout le nécessaire pour concasser ces rochers encombrants<Indent/>! Les autres travailleurs vont s'occuper du reste<Indent/>!"
1443,"協力可能な技術を持つ者は、至急現場に向かってくれたまえ！
続けて、乱重力に関する別件の報告だ。"
1444,"Compte tenu de ces in<SoftHyphen/>for<SoftHyphen/>ma<SoftHyphen/>tions, tout le personnel qualifié disponible doit se rendre sur les lieux de toute urgence<Indent/>!"
1445,"協力可能な技術を持つ者は、至急現場に向かってくれたまえ！
続けて、水泡嵐に関する別件の報告だ。"
1446,"協力可能な技術を持つ者は、至急現場に向かってくれたまえ！
続けて、暴風に関する別件の報告だ。"
1447,"Tout le personnel qualifié disponible doit se rendre sur place de toute urgence<Indent/>!"
1448,""
1449,""
1450,""
1451,"On va bientôt pouvoir commencer la con<SoftHyphen/>struc<SoftHyphen/>tion des modules d'habitation pour que tout le monde ait un toit digne de ce nom<Indent/>! J'espère que vous serez nombreux à venir nous aider<Indent/>!"
1452,"Grâce à vos efforts à tous, les modules d'habitation sont à présent terminés<Indent/>! Merci infiniment pour votre soutien<Indent/>!<Unknown17/>On est installés au milieu de la verdure et des vestiges de la ville ancestrale. C'est comme si on y était<Indent/>!<Unknown17/>Au fait, Reportingway a ajouté une nouvelle entrée au registre du projet, si vous aimez la lecture<Indent/>!"
1453,"Nous avons besoin de matériaux pour construire la cosmo-navette du Foyer primaire, où se trouve notre station spatiale<Indent/>! Merci de participer aux missions cosmiques<Indent/>!"
1454,"La fin du chantier pour la con<SoftHyphen/>struc<SoftHyphen/>tion de la cosmo-navette du Foyer primaire approche<Indent/>! Encore un peu de patience, et nous pourrons tous en profiter<Indent/>!"
1455,"Grâce à vos efforts à tous, la cosmo-navette du Foyer primaire est à présent terminée<Indent/>! Merci infiniment pour votre soutien<Indent/>!<Unknown17/>On va pouvoir se déplacer les doigts dans le nez autour de la station et agrandir notre champ de recherches<Indent/>!<Unknown17/>Au fait, Reportingway a ajouté une nouvelle entrée au registre du projet, si vous aimez la lecture<Indent/>!"
1456,"Nous avons besoin de matériaux pour construire les ins<SoftHyphen/>tal<SoftHyphen/>la<SoftHyphen/>tions qui nous permettront de produire l'eau et l'électricité nécessaires à nos besoins<Indent/>! Merci de participer aux missions cosmiques<Indent/>!"
1457,"On va bientôt pouvoir commencer la con<SoftHyphen/>struc<SoftHyphen/>tion de la station énergétique<Indent/>! J'espère que vous serez nombreux à venir nous aider<Indent/>!"
1458,"Grâce à vos efforts à tous, la station énergétique est terminée<Indent/>! Merci infiniment pour votre soutien<Indent/>!<Unknown17/>Nous pouvons désormais utiliser l'éther environnant pour subvenir à tous nos besoins en énergie<Indent/>!<Unknown17/>Un nouvel ouvrage collectif sera bientôt organisé pour la con<SoftHyphen/>struc<SoftHyphen/>tion de la station hydropurificatrice<Indent/>! L'horaire sera affiché dans le registre du projet<Indent/>!"
1459,"Grâce à vos efforts à tous, la station hydropurificatrice est à présent terminée<Indent/>! Merci infiniment pour votre soutien<Indent/>!<Unknown17/>Juste à côté, nous avons construit le labo de Dylise, où nous centraliserons les recherches menées sur la planète<Indent/>!<Unknown17/>Au fait, Reportingway a ajouté une nouvelle entrée au registre du projet, si vous aimez la lecture<Indent/>!"
1460,"La tour découverte dans le Répertoire racine semble être un des piliers du système informatique de la ville. Nous allons la restaurer pour pouvoir percer ses mystères<Indent/>!<Unknown17/>Les arbres là-bas sont décrépis, voilà pourquoi l'énergie circule mal. Il faut remédier à ça<Indent/>!<Unknown17/>On va avoir besoin de matériaux, alors merci de participer aux missions cosmiques<Indent/>!"
1461,"On va bientôt pouvoir commencer la restauration de la Pousse épanouie<Indent/>! J'espère que vous serez nombreux à venir nous aider<Indent/>!"
1462,"La restauration de la Pousse épanouie est terminée, et les arbres tout autour ont retrouvé des couleurs<Indent/>!<Unknown17/>Nos chercheurs vont se faire un plaisir de décortiquer le fonc<SoftHyphen/>tion<SoftHyphen/>ne<SoftHyphen/>ment de cette infrastructure. De leur travail découlera la suite du projet<Indent/>!<Unknown17/>Au fait, Reportingway a ajouté une nouvelle entrée au registre du projet, si vous aimez la lecture<Indent/>!"
1463,"Nous allons tenter de raccorder la Pousse épanouie aux circuits de la station afin d'en extraire les données<Indent/>!<Unknown17/>Mais il va d'abord falloir restructurer notre réseau informatique... ce qui requiert des matériaux, alors merci de participer aux missions cosmiques<Indent/>!"
1464,"On va bientôt pouvoir commencer la maintenance de la station du Havre forestier<Indent/>! J'espère que vous serez nombreux à venir nous aider<Indent/>!"
1465,"Le réseau informatique de la station a bien été restructuré, ce qui a permis le raccordement de la Pousse épanouie<Indent/>!<Unknown17/>Ces montagnes de données stockées par les pionniers devraient nous offrir un éclairage nouveau sur cette planète<Indent/>!<Unknown17/>Au fait, Reportingway a ajouté une nouvelle entrée au registre du projet, si vous aimez la lecture<Indent/>!"
1466,"L'analyse des données de la Pousse épanouie nous a aiguillés vers une deuxième tour située au sein des Bibliothèques sylvestres, au nord-ouest. Son nom<Indent/>: la Pousse fleurie<Indent/>!<Unknown17/>Seulement, le passage jusqu'à elle est obstrué par des arbres et des rochers. C'est le moment de déployer nos abatteurs cosmiques dernier cri<Indent/>!<Unknown17/>On va aussi avoir besoin de matériaux, alors merci de participer aux missions cosmiques<Indent/>!"
1467,"On va bientôt pouvoir commencer à ouvrir un accès aux Bibliothèques sylvestres<Indent/>! J'espère que vous serez nombreux à venir nous aider<Indent/>!"
1468,"Nous avons ouvert l'accès aux Bibliothèques sylvestres et à la Pousse fleurie<Indent/>! Une fois encore, nos scien<SoftHyphen/>ti<SoftHyphen/>fi<SoftHyphen/>ques vont s'empresser de prendre le relais<Indent/>!<Unknown17/>D'après Dylise, cette tour n'a pas tout à fait le même rôle que la première. Peut-être qu'à chacune d'elles correspond un ou plusieurs quartiers de la ville<Indent/>?<Unknown17/>Au fait, Reportingway a ajouté une nouvelle entrée au registre du projet, si vous aimez la lecture<Indent/>!"
1469,"D'après nos chercheurs, la restauration de la Pousse fleurie va nécessiter une approche différente de celle que nous avons eue précédemment.<Unknown17/>Les cristaux éparpillés au sol proviennent vraisemblablement d'Oizys. On devrait pouvoir en tirer parti pour réalimenter la tour<Indent/>!<Unknown17/>Pour l'heure, on a besoin de matériaux, alors merci de participer aux missions cosmiques<Indent/>!"
1470,"On va bientôt pouvoir commencer la restauration de la Pousse fleurie<Indent/>! J'espère que vous serez nombreux à venir nous aider<Indent/>!"
1471,"La restauration de la Pousse fleurie est un succès<Indent/>! En la connectant à la Pousse épanouie, on devrait obtenir des résultats in<SoftHyphen/>té<SoftHyphen/>res<SoftHyphen/>sants<Indent/>!<Unknown17/>Depuis que la tour fonctionne, la végétation autour pousse de façon nettement moins anarchique... De là à dire que c'est lié, il n'y a qu'un pas que je serais tenté de franchir<Indent/>!<Unknown17/>Au fait, Reportingway a ajouté une nouvelle entrée au registre du projet, si vous aimez la lecture<Indent/>!"
1472,"Nous avons besoin de matériaux pour construire la cosmo-navette des Bibliothèques sylvestres<Indent/>! Merci de participer aux missions cosmiques<Indent/>!"
1473,"La fin du chantier pour la con<SoftHyphen/>struc<SoftHyphen/>tion de la cosmo-navette des Bibliothèques sylvestres approche<Indent/>! Encore un peu de patience, et nous pourrons tous en profiter<Indent/>!"
1474,"Grâce à vos efforts à tous, la cosmo-navette des Bibliothèques sylvestres est à présent terminée<Indent/>! Merci infiniment pour votre soutien<Indent/>!<Unknown17/>On va pouvoir se déplacer les doigts dans le nez autour de la Pousse fleurie et comprendre précisément le rôle qu'elle joue<Indent/>!<Unknown17/>Au fait, Reportingway a ajouté une nouvelle entrée au registre du projet, si vous aimez la lecture<Indent/>!"
1475,"Nous aimerions améliorer le cosmoport afin de faciliter l'acheminement d'échan<SoftHyphen/>til<SoftHyphen/>lons végétaux vers Ætherys<Indent/>!<Unknown17/>On a besoin de matériaux, alors merci de participer aux missions cosmiques<Indent/>!"
1476,"On va bientôt pouvoir commencer l'agrandissement du cosmoport<Indent/>! J'espère que vous serez nombreux à venir nous aider<Indent/>!"
1477,"L'agrandissement du cosmoport est terminé<Indent/>! Nous allons pouvoir faire profiter Ætherys de toutes nos découvertes, merci de votre coopération<Indent/>!<Unknown17/>On a également bâti un toit au milieu de la station, avec à la clef moins de nuisances dues à l'atterrissage des navettes, et une meilleure transmission de nos communications<Indent/>!<Unknown17/>Au fait, Reportingway a ajouté une nouvelle entrée au registre du projet, si vous aimez la lecture<Indent/>!"
1478,"L'analyse des données des Pousses épanouie et fleurie nous a révélé l'existence d'une troisième tour située quelque part à l'ouest<Indent/>: la Pousse vivace<Indent/>!<Unknown17/>Il n'y a pour l'heure aucun chemin qui y mène... mais qu'à cela ne tienne, on va en créer un nous-mêmes<Indent/>!<Unknown17/>On va avoir besoin de matériaux, alors merci de participer aux missions cosmiques<Indent/>!"
1479,"On va bientôt pouvoir commencer à ouvrir un accès à la Pousse vivace<Indent/>! J'espère que vous serez nombreux à venir nous aider<Indent/>!"
1480,"Grâce à nos drones, on a pu ériger un pont de racines menant à la Pousse vivace. À suivre, l'entrée en scène de nos scien<SoftHyphen/>ti<SoftHyphen/>fi<SoftHyphen/>ques<Indent/>!<Unknown17/>Il y a beaucoup de cristaux d'Oizys dans les parages... La tour et ses dépendances seraient-elles par<SoftHyphen/>ti<SoftHyphen/>cu<SoftHyphen/>liè<SoftHyphen/>rement énergivores<Indent/>?<Unknown17/>Au fait, Reportingway a ajouté une nouvelle entrée au registre du projet, si vous aimez la lecture<Indent/>!"
1481,"D'après nos chercheurs, le procédé qu'on a utilisé pour restaurer la Pousse fleurie devrait aussi fonctionner sur la Pousse vivace<Indent/>!<Unknown17/>Les cristaux d'indicolite éparpillés au sol devraient fournir assez d'énergie pour réalimenter la tour<Indent/>!<Unknown17/>Pour l'heure, on a besoin de matériaux, alors merci de participer aux missions cosmiques<Indent/>!"
1482,"On va bientôt pouvoir commencer la restauration de la Pousse vivace<Indent/>! J'espère que vous serez nombreux à venir nous aider<Indent/>!"
1483,"Ça y est, la Pousse vivace est restaurée<Indent/>! Les trois tours périphériques fonctionnent à nouveau<Indent/>!<Unknown17/>On va bientôt pouvoir atteindre le cœur du système<Indent/>! Et regardez, la végétation de la Parcelle verdoyante a retrouvé fraîcheur et vitalité<Indent/>!<Unknown17/>Au fait, Reportingway a ajouté une nouvelle entrée au registre du projet, si vous aimez la lecture<Indent/>!"
1484,"Nous avons besoin de matériaux pour construire la cosmo-navette de la Parcelle verdoyante<Indent/>! Merci de participer aux missions cosmiques<Indent/>!"
1485,"La fin du chantier pour la con<SoftHyphen/>struc<SoftHyphen/>tion de la cosmo-navette de la Parcelle verdoyante approche<Indent/>! Encore un peu de patience, et nous pourrons tous en profiter<Indent/>!"
1486,"Grâce à vos efforts à tous, la cosmo-navette de la Parcelle verdoyante est à présent terminée<Indent/>! Merci infiniment pour votre soutien<Indent/>!<Unknown17/>On va pouvoir se déplacer les doigts dans le nez autour de la Pousse vivace et comprendre précisément le rôle qu'elle joue<Indent/>!<Unknown17/>Au fait, Reportingway a ajouté une nouvelle entrée au registre du projet, si vous aimez la lecture<Indent/>!"
1487,"Selon toute vraisemblance, l'immense tour située au nord-est est la clef de voûte de l'ensemble du système informatique de la planète<Indent/>!<Unknown17/>On va déployer de nouveaux mécanos cosmiques pour nous hisser jusqu'à son sommet. Seulement, on doit d'abord moderniser nos hangars pour pouvoir les entreposer<Indent/>!<Unknown17/>Ça va nécessiter des matériaux, alors merci de participer aux missions cosmiques<Indent/>!"
1488,"On va bientôt pouvoir commencer l'amélioration des hangars des machines<Indent/>! J'espère que vous serez nombreux à venir nous aider<Indent/>!"
1489,"L'amélioration des hangars est terminée ! On va pouvoir y entreposer notre fier escadron de mécanos cosmiques<Indent/>!<Unknown17/>La station aussi a eu droit à de menues améliorations çà et là – parce que vous le valez bien, chers collaborateurs<Indent/>!<Unknown17/>Au fait, Reportingway a ajouté une nouvelle entrée au registre du projet, si vous aimez la lecture<Indent/>!"
1490,"Nos chercheurs sont formels<Indent/>: le dispositif appelé Le Laurier-Mère constitue le centre névralgique de la planète, la clef de tous les mystères<Indent/>!<Unknown17/>Mais avant de procéder à sa réactivation, on va aménager l'Écosystème central, pour pouvoir notamment y construire une ligne de cosmo-navette<Indent/>!<Unknown17/>On va avoir besoin de matériaux, alors merci de participer aux missions cosmiques<Indent/>!"
1491,"On va bientôt pouvoir commencer l'aménagement de l'Écosystème central<Indent/>! J'espère que vous serez nombreux à venir nous aider<Indent/>!"
1492,"L'aménagement de l'Écosystème central est terminé, et une ligne de cosmo-navette a été ouverte dans la foulée<Indent/>! Plus que jamais, on touche au but<Indent/>!<Unknown17/>Par chance, nos travaux ont restauré l'ali<SoftHyphen/>men<SoftHyphen/>ta<SoftHyphen/>tion du sommet du grand arbre, ce qui a na<SoftHyphen/>tu<SoftHyphen/>rel<SoftHyphen/>le<SoftHyphen/>ment entraîné l'ouverture du dôme abritant Le Laurier-Mère<Indent/>!<Unknown17/>Au fait, Reportingway a ajouté une nouvelle entrée au registre du projet, si vous aimez la lecture<Indent/>!"
1493,"Enfin, nous arrivons à la dernière étape<Indent/>: la réactivation du Laurier-Mère, et de toute l'Arborescence familiale<Indent/>!<Unknown17/>Ce sont manifestement les arbres morts et autres mauvaises herbes qui empêchent la bonne circulation de l'éther à travers ses racines<Indent/>!<Unknown17/>Pour l'heure, on a besoin de matériaux, alors merci de participer aux missions cosmiques<Indent/>!"
1494,"On va bientôt pouvoir commencer la réactivation du Laurier-Mère<Indent/>! J'espère que vous serez nombreux à venir nous aider<Indent/>!"
1495,"Ça y est, Le Laurier-Mère est réactivé, et avec lui toute l'Arborescence familiale<Indent/>! Les derniers secrets d'Auxesia et des pionniers sont à portée de main<Indent/>!<Unknown17/>Encore quelques ajustements et la machine fonctionnera de nouveau comme au premier jour. C'est le sprint final pour Dylise et tous nos chercheurs<Indent/>!<Unknown17/>Au fait, Reportingway a ajouté de nouvelles entrées au registre du projet, si vous aimez la lecture<Indent/>!"
1496,"Notre exploration d'Auxesia touche à sa fin, et elle aura donné des résultats incroyables<Indent/>! Pour autant, l'aventure ne s'arrête pas là<Indent/>: l'univers compte encore d'innombrables mystères à élucider<Indent/>!<Unknown17/>Rien n'aurait été possible sans votre aide à toutes et à tous.
Fé<SoftHyphen/>li<SoftHyphen/>ci<SoftHyphen/>ta<SoftHyphen/>tions, et merci<Indent/>!"
1497,"L'objectif de cette mission consiste à éliminer les plantes nuisibles qui ont envahi la zone, car le pollen qu'elles répandent affecte l'environnement de manière néfaste."
1498,"Selon les rapports géologiques, nous avons affaire à une espèce récente, apparue au cours des cinq cents dernières années, et contre laquelle la technologie des pionniers manque d'efficacité."
1499,"Votre véhicule a été spé<SoftHyphen/>cia<SoftHyphen/>le<SoftHyphen/>ment révisé pour faucher la végétation. Utilisez les griffes magitek pour éliminer au plus vite ces saletés de mauvaises herbes<Indent/>!"
1500,"C'est parti<Indent/>! Utilisez à bon escient toute la puissance de votre véhicule magitek<Indent/>!"
1501,"Merci à tous nos assistants de participer<Indent/>! Utilisez le cosmolance-flammes pour carboniser les plantes nuisibles<Indent/>!"
1502,"Une fois les plantes brûlées, remettez les cendres à l'un des analyseurs de terrain<Indent/>! Les véhicules magitek vous en seront très re<SoftHyphen/>con<SoftHyphen/>nais<SoftHyphen/>sants<Indent/>!"
1503,"L'analyseur de terrain a détecté des cibles cachées<Indent/>! Véhicules magitek, éliminez-les promptement<Indent/>!"
1504,"Continuez comme ça<Indent/>! L'élimination des plantes nuisibles progresse à bon train<Indent/>!"
1505,"Hmm... Malgré l'éradication qui suit son cours, la quantité de pollen dans l'air augmente<Indent/>! Pourtant, la dose émise par chaque plante reste stable... Que se passe-t-il<Indent/>!?"
1506,"Le taux d'éradication a atteint les 90%<Indent/>! Nous sommes sur le point de remplir notre mission<Indent/>!"
1507,"Mission accomplie<Indent/>! Grâce aux efforts de tous, la destruction intégrale des plantes toxiques est une réalité<Indent/>!"
1508,"L'in<SoftHyphen/>ter<SoftHyphen/>ven<SoftHyphen/>tion est un échec... Ce n'est pas faute d'avoir essayé<Indent/>! Vous pouvez retourner à vos assignations respectives."
1509,"Une prolifération massive de plantes libérant du pollen toxique a été signalée à la Haute pépinière. Des effets néfastes sur le personnel et l'environnement sont à craindre."
1510,"Pour faire face à cet incident, nous avons décidé de déployer des véhicules magitek développés en col<SoftHyphen/>la<SoftHyphen/>bo<SoftHyphen/>ra<SoftHyphen/>tion avec des ingénieurs garlemaldais."
1511,"Montez à bord des mécanos cosmiques et faites-en de la chair à pâté biologique<Indent/>! Nous demandons à toutes les personnes détentrices d'un bon d'inscription de postuler comme pilote<Indent/>!"
1512,"La présence de plantes très agressives a été confirmée au sein de la zone de mission<Indent/>! Restez sur vos gardes en toutes cir<SoftHyphen/>cons<SoftHyphen/>tan<SoftHyphen/>ces<Indent/>!"
1513,"De nouvelles plantes agressives sont apparues<Indent/>! Serait-ce une réaction d'autodéfense de leur part<Indent/>? Restez très vigilants<Indent/>!"
1514,"On a réussi<Indent/>! Grâce à l'in<SoftHyphen/>ter<SoftHyphen/>ven<SoftHyphen/>tion de l'analyseur de terrain, les plantes énervées ont été mises hors d'état de nuire<Indent/>! Véhicules magitek, profitez-en pour abattre les autres nuisibles<Indent/>!"
1515,"Votre mission consiste à soutenir la croissance des épis de maïs sirène légués par les pionniers, qui sont essentiels à l'équilibre environnemental."
1516,"Mal<SoftHyphen/>heu<SoftHyphen/>reu<SoftHyphen/>se<SoftHyphen/>ment, des dizaines de milliers d'années se sont écoulées depuis la disparition de nos prédécesseurs... Et aujourd'hui, la dégradation de leurs infrastructures affecte directement le bien-être de ces végétaux ancestraux."
1517,"Vos machines ont été dotées de formules de croissance aux propriétés spéciales. Utilisez-les abondamment pour favoriser la sublimation de la flore antique<Indent/>!"
1518,"C'est parti<Indent/>! Utilisez à bon escient toute la puissance de votre véhicule magitek pour aider à la sublimation des épis de maïs sirène<Indent/>!"
1519,"Merci à tous nos assistants de participer<Indent/>! Fournissez un maximum d'énergie à ces petites plantes anciennes<Indent/>!"
1520,"Les réservoirs positionnés sur le chemin sont remplis d'agents alchimiques. N'oubliez pas d'en profiter pour vous réapprovisionner en formule de croissance<Indent/>!"
1521,"Mission accomplie<Indent/>! Grâce à vos efforts, la qualité des sols est désormais propice à la croissance favorable des végétaux ancestraux<Indent/>!"
1522,"L'in<SoftHyphen/>ter<SoftHyphen/>ven<SoftHyphen/>tion est un échec... Ce n'est pas faute d'avoir essayé<Indent/>! Vous pouvez retourner à vos assignations respectives."
1523,"La vieille flore répartie dans le parterre de Blossomingway est capable de “sublimation” une fois arrivée à maturité, dispersant alors l'éther qu'elle contient."
1524,"Cependant, suite à la dégradation des infrastructures, nous constatons en ce moment un retard de croissance chez ces végétaux."
1525,"Montez à bord des mécanos cosmiques et donnez un coup de pouce à ces petites pousses<Indent/>! Nous demandons à toutes les personnes détentrices d'un bon d'inscription de postuler comme pilote<Indent/>!"
1526,"Tout se passe pour le mieux<Indent/>! Poursuivez vos efforts et les végétaux grandiront encore plus vite<Indent/>!"
1527,"Bien, il est temps d'accélérer le rythme de largage des conteneurs de ra<SoftHyphen/>vi<SoftHyphen/>tail<SoftHyphen/>le<SoftHyphen/>ment. Camarades pilotes, utilisez en priorité les produits alchimiques récupérés dans ces caisses<Indent/>!"
1528,"Les végétaux ont atteint un taux de sublimation de 90%<Indent/>! Encore un dernier effort, on y est presque<Indent/>!"
1529,"La prochaine salve de conteneurs arrive<Indent/>! À vous d'en tirer profit, camarades pilotes<Indent/>!"
1530,""
1531,"C'est absolument fabuleux<Indent/>! Toute la végétation ancienne est parvenue à sublimation<Indent/>! Bravo à tous<Indent/>!"
1532,"Avis aux pilotes de véhicules magitek<Indent/>! Un ra<SoftHyphen/>vi<SoftHyphen/>tail<SoftHyphen/>le<SoftHyphen/>ment de produits alchimiques va être effectué par drone dans la zone de mission<Indent/>!"
1533,"Les agents alchimiques qui viennent d'être distribués permettent de disperser nettement plus d'énergie. N'oubliez pas de les utiliser pour vos activités sur le terrain<Indent/>!"
1534,"En faisant le plein de produits alchimiques à partir des réservoirs de formule, vous pourrez stimuler la sublimation de manière bien plus efficace<Indent/>!"
1535,"Des signes annonciateurs d'ondée lumineuse ont été détectés. L'ensemble du personnel est tenu de faire preuve d'une vigilance maximale<Indent/>!"
1536,"Brise de pétales en approche<Indent/>! Ce phénomène présentant un risque de dysfonc<SoftHyphen/>tion<SoftHyphen/>ne<SoftHyphen/>ments techniques, le personnel travaillant loin du cristal central est prié de faire preuve de vigilance<Indent/>!"
1537,"Des plantes originaires d'Oizys ont envahi le secteur d'exploration<Indent/>! Des graines dissimulées parmi les cargaisons de matériel auraient réagi à une ondée lumineuse et poussé à toute vitesse<Indent/>!"
1538,"Il nous est impossible de savoir quels effets ces plantes auront sur la flore locale. Rendez-vous sur l'atoll à l'ouest de la station du Havre forestier afin d'aider à l'élimination de ces espèces invasives<Indent/>!"
1539,"Ce n'est pas tout<Indent/>!"
1540,"On nous rapporte une lueur éthérée d'origine inexpliquée au point d'eau situé à l'ouest de la Nervure routière."
1541,"Nous devons étudier ce phénomène afin de déterminer s'il pourrait être utile à nos recherches. Merci de bien vouloir rejoindre l'équipe sur place et de lui prêter main-forte<Indent/>!"
1542,"Grâce au grand nombre d'échan<SoftHyphen/>til<SoftHyphen/>lons recueillis, les analyses de l'eau de la Nervure routière sont désormais bien engagées. L'équipe de recherche remercie chaleureusement toutes les personnes ayant contribué<Indent/>!"
1543,"L'éradication totale des plantes originaires d'Oizys est en bonne voie, et nous ne prévoyons aucun impact négatif sup<SoftHyphen/>plé<SoftHyphen/>men<SoftHyphen/>tai<SoftHyphen/>re sur la flore indigène. Merci à tous pour votre in<SoftHyphen/>ter<SoftHyphen/>ven<SoftHyphen/>tion rapide<Indent/>!"
1544,"La présence de champignons séléniens a été détectée dans les zones d'exploration<Indent/>! Des spores dissimulées parmi les cargaisons de matériel auraient réagi à une ondée lumineuse et poussé à toute vitesse<Indent/>!"
1545,"L'impact de ces champignons sur l'écosystème restant inconnu, nous devons procéder à leur élimination rapide par le feu. Que toutes les personnes disponibles nous rejoignent sans attendre au sud-est de L'Entrelacement<Indent/>!"
1546,"Ce n'est pas tout<Indent/>!"
1547,"Nous avons appris qu'une variété de plante, ha<SoftHyphen/>bi<SoftHyphen/>tuel<SoftHyphen/>le<SoftHyphen/>ment enfouie sous terre, ne remonterait à la surface qu'en réaction à une ondée lumineuse. Ses fruits sont riches en minéraux particuliers."
1548,"Nous souhaitons profiter de ce phénomène météorologique pour en récolter le plus possible. Les plantes encore enterrées pourront sans doute être extraites à l'aide de foreuses."
1549,"Grâce à votre aide à tous, la quantité de fruits nécessaire a pu être récoltée<Indent/>! Merci de laisser tout surplus directement sur place."
1550,"L'éradication des champignons invasifs est terminée<Indent/>! Un grand merci à tous pour votre réactivité<Indent/>!"
1551,"Une brise de pétales a provoqué une défaillance sur plusieurs de nos mécanos cosmiques qui opéraient sur un atoll forestier éloigné<Indent/>!"
1552,"Une équipe est en train d'effectuer les travaux de réparation directement sur le lieu de l'atterrissage forcé. Nous demandons à ceux qui le peuvent de contribuer à l'approvisionnement en matériel au sud de Pileus Pergola."
1553,"Ce n'est pas tout<Indent/>!"
1554,"Les Loporrites en mission dans les zones reculées en sont fortement affectés, et se trouveraient dans un état proche de l'ivresse, incapables de poursuivre cor<SoftHyphen/>rec<SoftHyphen/>te<SoftHyphen/>ment leur travail<Indent/>!"
1555,"À cause de l'éther que libèrent ces pétales, ils dansent, ils chantent... Bref, ils font la fête<Indent/>! La situation est néanmoins sérieuse, et nous demandons à tout le monde d'aller les rejoindre sur place afin de les aider<Indent/>!"
1556,"Les Loporrites qui semblaient en état d'ivresse se remettent peu à peu. Grâce à votre aide, la situation devrait pouvoir se résoudre sans encombre."
1557,"Nous avons rassemblé assez de matériaux pour réparer les mécanos cosmiques. Merci de laisser tout surplus directement sur place."
1558,"Une brise de pétales, qui perturbe fortement les appareils, a provoqué une anomalie de vol sur plusieurs drones en mission<Indent/>!"
1559,"Ils ont cependant réussi à conserver assez de contrôle pour effectuer un atterrissage d'urgence à la Pousse épanouie, mais les dégâts sont sévères. Une réparation immédiate sur place est requise, aidez-nous à rassembler le matériel nécessaire<Indent/>!"
1560,"Ce n'est pas tout<Indent/>!"
1561,"Une libération importante de spores tout à fait in<SoftHyphen/>ha<SoftHyphen/>bi<SoftHyphen/>tuelle a été confirmée dans la communauté fongique de Pileus Pergola."
1562,"Le phénomène est sans doute causé par l'éther des pétales de ladite brise. Merci de collecter des échan<SoftHyphen/>til<SoftHyphen/>lons de champignons sur le terrain pour que nous puissions l'étudier plus en profondeur."
1563,"Il semble que nous ayons rassemblé une quantité suffisante de spores<Indent/>! Merci à tous pour votre aide<Indent/>!"
1564,"La réparation des drones est en excellente voie<Indent/>! Le problème devrait bientôt être réglé, merci à tous pour votre aide<Indent/>!"
1565,"Compte tenu de ces in<SoftHyphen/>for<SoftHyphen/>ma<SoftHyphen/>tions, tout le personnel qualifié disponible doit se rendre sur les lieux de toute urgence<Indent/>!"
1566,"Tout le personnel qualifié disponible doit se rendre sur les lieux de toute urgence<Indent/>!"
1567,"L'éradication des plantes originaires d'Oizys progresse bien, et vous pouvez désormais nous laisser gérer la suite. Ceux qui ont encore des forces sont priés d'aider aux analyses de la qualité de l'eau autour de la Nervure routière<Indent/>!"
1568,"Les chercheurs nous ont raporté avoir collecté suf<SoftHyphen/>fi<SoftHyphen/>sam<SoftHyphen/>ment d'échan<SoftHyphen/>til<SoftHyphen/>lons d'eau. Il ne vous reste plus qu'à vous rendre à l'ouest de la station et à prêter main-forte aux opérations d'éradication des plantes invasives<Indent/>!"
1569,"L'éradication des champignons séléniens progresse bien, et vous pouvez désormais nous laisser gérer la suite. Ceux qui ont encore des forces sont priés d'aider à la collecte de fruits riches en minéraux, au nord de la station."
1570,"Nous avons récolté une quantité suffisante de fruits riches en minéraux rares. Ceux qui ont encore des forces sont priés de participer à l'éradication des champignons séléniens<Indent/>!"
1571,"Nous avons désormais assez de matériel pour réparer les mécanos cosmiques. Veuillez maintenant aller aider les Loporittes à dégriser, s'il vous plaît<Indent/>!"
1572,"Les Loporittes ont l'air d'avoir retrouvé leurs esprits. Ceux qui ont encore des forces sont priés d'aider à la réparation des mécanos cosmiques<Indent/>!"
1573,"La réparation des drones progresse bien, et vous pouvez désormais nous laisser gérer la suite<Indent/>! Ceux qui ont encore des forces sont priés d'aider à la récupération d'échan<SoftHyphen/>til<SoftHyphen/>lons à Pileus Pergola<Indent/>!"
1574,"Nous avons désormais assez d'échan<SoftHyphen/>til<SoftHyphen/>lons de champignons séléniens pour nos recherches. Veuillez vous rendre à la Pousse épanouie pour aider aux réparations des drones cassés<Indent/>!"
1575,"Nos efforts ont payé, et les réparations devraient être terminées sous peu<Indent/>! Continuez de remplir les missions qui vous sont attribuées<Indent/>!"
1576,"Grâce à vos efforts, nous avons pu éviter le pire<Indent/>! L'alerte est levée, merci à tous pour votre coopération."
1577,"La situation critique semble s'être apaisée, l'alerte est levée. Vous pouvez retourner à vos autres occupations, nous allons nous charger du reste..."
1578,"Grâce aux efforts de tous les artisans et récolteurs impliqués, nous avons obtenu suf<SoftHyphen/>fi<SoftHyphen/>sam<SoftHyphen/>ment de ressources<Indent/>! Toutefois, n'hésitez pas à nous fournir davantage de matériaux<Indent/>!"
1579,"Hmm, j'y pense... Le rayonnement éthéré que les analyseurs de terrain utilisent pour scanner... Si on augmentait sa puissance, on pourrait pro<SoftHyphen/>ba<SoftHyphen/>ble<SoftHyphen/>ment entraver l'activité néfaste de certaines plantes<Indent/>!"
1580,"Avis à tous les assistants<Indent/>! Nous allons tenter d'employer le rayonnement éthéré des analyseurs de terrain pour immobiliser les plantes agressives, alors continuez à nous livrer les cendres récoltées sur les petits spécimens<Indent/>!"
1581,""
1582,""
1583,""
1584,""
1585,""
1586,""
1587,""
1588,""
1589,""
1590,""
1591,""
1592,""
1593,""
1594,""
1595,""
1596,""
1597,""
1598,""
1599,""
2000,""
2001,"Désherbage de printemps"
2002,"Score<Indent/>: <Value>IntegerParameter(1)</Value> pts / Record<Indent/>: <Value>IntegerParameter(2)</Value> pts"
2003,"Prœufs d'or (<Value>IntegerParameter(1)</Value> pts)"
2004,"Prœufs d'argent (<Value>IntegerParameter(1)</Value> pts)"
2005,"Prœufs de bronze (<Value>IntegerParameter(1)</Value> pts)"
2006,"Monstres fauchés (<Value>IntegerParameter(1)</Value> pt<If(LessThanOrEqualTo(IntegerParameter(1),1))><Else/>s</If>)"
2007,"Tranchez tous les monstres végétaux<Indent/>!"
2008,"Ah<Indent/>! Les voilà<Indent/>! C'est les vilains piège-mouches qui nous empêchent de préparer la chasse aux Prœufs<Indent/>!"
2009,"Cette zone a été com<SoftHyphen/>plè<SoftHyphen/>te<SoftHyphen/>ment désherbée<Indent/>! Tu as fait un excellent travail, elle est méconnaissable<Indent/>! Passons à la zone suivante<Indent/>!"
2010,"Tiens<Indent/>? On dirait qu'un piège-mouche s'est fait tout beau pour te recevoir<Indent/>! Ce serait dommage de le décevoir... Va donc le trancher pour voir<Indent/>!"
2011,"Ouah<Indent/>! Décidément, tu as plus d'une corde à ton arc... Souviens-toi de t'occuper de ces spécimens en priorité<Indent/>!"
2012,"Utilise la faux de jardinage des Prœufs pour nous débarrasser de toutes ces mauvaise herbes<Indent/>!"
2013,"Désherbage terminé"
2014,"On aura bientôt assez d'espace pour préparer la chasse aux Prœufs<Indent/>! Encore un petit effort<Indent/>!"
2015,""
2016,""
2017,""
2018,""
2019,""
2020,""
2021,""
2022,""
2023,""
2024,""
2025,""
2026,""
2027,""
2028,""
2029,""
2030,""
2031,""
2032,""
2033,""
2034,""
2035,""
2036,""
2037,""
2038,""
2039,""
2040,""
2041,""
2042,""
2043,""
2044,""
2045,""
2046,""
2047,""
2048,""
2049,""
