key,0
#,Description
int32,str
0,""
1,"La vitalité est augmentée de 8 points."
2,"La vitalité est augmentée de 16 points."
3,"La vitalité est augmentée de 24 points."
4,"La vitalité est augmentée de 8 points."
5,"La vitalité est augmentée de 16 points."
6,"La vitalité est augmentée de 24 points."
7,"La force est augmentée de 8 points."
8,"La force est augmentée de 16 points."
9,"La force est augmentée de 24 points."
10,"Vous pouvez cumuler deux effets Vitesse de l'éclair."
11,"Vous pouvez cumuler trois effets Vitesse de l'éclair."
12,"La force est augmentée de 8 points."
13,"La force est augmentée de 16 points."
14,"La force est augmentée de 24 points."
15,"La dextérité est augmentée de 8 points."
16,"La dextérité est augmentée de 16 points."
17,"Accorde 20% de chances qu'<UIForeground>F201F4</UIForeground><UIGlow>F201F5</UIGlow>Œil de faucon<UIGlow>01</UIGlow><UIForeground>01</UIForeground> vous soit octroyé lorsque vous utilisez <UIForeground>F201F4</UIForeground><UIGlow>F201F5</UIGlow>Tir à l'arc puissant<UIGlow>01</UIGlow><UIForeground>01</UIForeground> avec succès.
<UIForeground>F201FA</UIForeground><UIGlow>F201FB</UIGlow>Durée<Indent/>:<UIGlow>01</UIGlow><UIForeground>01</UIForeground> 30s"
18,"Les dégâts de base des actions sont augmentés de 10%."
19,"La dextérité est augmentée de 24 points."
20,"Les dégâts de base des actions sont augmentés de 20%."
21,"L'esprit est augmenté de 8 points."
22,"L'esprit est augmenté de 16 points."
23,"Les soins et les dégâts de base des actions sont augmentés de 10%."
24,"L'esprit est augmenté de 24 points."
25,"Accorde 15% de chances lors du lancement de Soin que le prochain Extra Soin ne consomme pas de PM.
<UIForeground>F201FA</UIForeground><UIGlow>F201FB</UIGlow>Durée<Indent/>:<UIGlow>01</UIGlow><UIForeground>01</UIForeground> 15s"
26,"Les soins et les dégâts de base des actions sont augmentés de 30%."
27,"L'in<SoftHyphen/>tel<SoftHyphen/>li<SoftHyphen/>gence est augmentée de 8 points."
28,"L'in<SoftHyphen/>tel<SoftHyphen/>li<SoftHyphen/>gence est augmentée de 16 points."
29,"Les soins et les dégâts de base des actions sont augmentés de 10%."
30,"L'in<SoftHyphen/>tel<SoftHyphen/>li<SoftHyphen/>gence est augmentée de 24 points."
31,"Les soins et les dégâts de base des actions sont augmentés de 30%."
32,"Accorde 40% de chances lors du lancement de <UIForeground>F201F4</UIForeground><UIGlow>F201F5</UIGlow>Feu<UIGlow>01</UIGlow><UIForeground>01</UIForeground> que le prochain <UIForeground>F201F4</UIForeground><UIGlow>F201F5</UIGlow>Méga Feu<UIGlow>01</UIGlow><UIForeground>01</UIForeground> soit instantané et qu'il ne consomme aucun PM."
33,"Accorde des chances aux dégâts périodiques de foudre que le prochain sort <UIForeground>F201F4</UIForeground><UIGlow>F201F5</UIGlow>Foudre<UIGlow>01</UIGlow><UIForeground>01</UIForeground>, <UIForeground>F201F4</UIForeground><UIGlow>F201F5</UIGlow>Extra Foudre<UIGlow>01</UIGlow><UIForeground>01</UIForeground>, <UIForeground>F201F4</UIForeground><UIGlow>F201F5</UIGlow>Méga Foudre<UIGlow>01</UIGlow><UIForeground>01</UIForeground> ou <UIForeground>F201F4</UIForeground><UIGlow>F201F5</UIGlow>Giga Foudre<UIGlow>01</UIGlow><UIForeground>01</UIForeground> ajoute la totalité de ses dégâts périodiques à ses dégâts de base, soit instantané et ne consomme aucun PM.
<UIForeground>F201FA</UIForeground><UIGlow>F201FB</UIGlow>Durée<Indent/>:<UIGlow>01</UIGlow><UIForeground>01</UIForeground> 40s
<UIForeground>F201FA</UIForeground><UIGlow>F201FB</UIGlow>Dégâts périodiques de Foudre/Méga Foudre<Indent/>:<UIGlow>01</UIGlow><UIForeground>01</UIForeground> 10% de chances.
<UIForeground>F201FA</UIForeground><UIGlow>F201FB</UIGlow>Dégâts périodiques d'Extra Foudre/Giga Foudre<Indent/>:<UIGlow>01</UIGlow><UIForeground>01</UIForeground> 3% de chances."
34,"Vous bénéficiez au<SoftHyphen/>to<SoftHyphen/>ma<SoftHyphen/>ti<SoftHyphen/>que<SoftHyphen/>ment de l'effet Forestier lorsque vous devenez botaniste."
35,"Vous pouvez vous cacher d'ennemis de niveau 30 ou inférieur."
36,"Vous pouvez vous cacher d'ennemis de niveau 40 ou inférieur."
37,"Vous pouvez vous cacher d'ennemis de niveau 50 ou inférieur."
38,"Vous bénéficiez au<SoftHyphen/>to<SoftHyphen/>ma<SoftHyphen/>ti<SoftHyphen/>que<SoftHyphen/>ment de l'effet Prospecteur lorsque vous devenez mineur."
39,"Vous pouvez vous cacher d'ennemis de niveau 30 ou inférieur."
40,"Vous pouvez vous cacher d'ennemis de niveau 40 ou inférieur."
41,"Vous pouvez vous cacher d'ennemis de niveau 50 ou inférieur."
42,"Votre con<SoftHyphen/>nais<SoftHyphen/>san<SoftHyphen/>ce des arbres matures et de la végétation vous permet d'augmenter votre taux de récolte sous certaines conditions."
43,"Votre con<SoftHyphen/>nais<SoftHyphen/>san<SoftHyphen/>ce des arbres matures et de la végétation vous permet d'augmenter les tentatives de récolte sous certaines conditions."
44,"Votre con<SoftHyphen/>nais<SoftHyphen/>san<SoftHyphen/>ce des arbres matures et de la végétation vous permet d'augmenter vos chances de récolte sup<SoftHyphen/>plé<SoftHyphen/>men<SoftHyphen/>tai<SoftHyphen/>re sous certaines conditions."
45,"Votre con<SoftHyphen/>nais<SoftHyphen/>san<SoftHyphen/>ce des arbres matures et de la végétation vous permet d'augmenter le nombre d'objets récoltés sous certaines conditions."
46,"Le bonus de récolte conféré par Bénédiction des Douze comprend également les cristaux."
47,"Le bonus de récolte conféré par Bénédiction des Douze comprend également les agrégats."
48,"Votre con<SoftHyphen/>nais<SoftHyphen/>san<SoftHyphen/>ce des filons de minerai et des carrières vous permet d'augmenter votre taux de récolte sous certaines conditions."
49,"Votre con<SoftHyphen/>nais<SoftHyphen/>san<SoftHyphen/>ce des filons de minerai et des carrières vous permet d'augmenter les tentatives de récolte sous certaines conditions."
50,"Votre con<SoftHyphen/>nais<SoftHyphen/>san<SoftHyphen/>ce des filons de minerai et des carrières vous permet d'augmenter vos chances de récolte sup<SoftHyphen/>plé<SoftHyphen/>men<SoftHyphen/>tai<SoftHyphen/>re sous certaines conditions."
51,"Votre con<SoftHyphen/>nais<SoftHyphen/>san<SoftHyphen/>ce des filons de minerai et des carrières vous permet d'augmenter le nombre d'objets récoltés sous certaines conditions."
52,"Le bonus de récolte conféré par Bénédiction des Douze comprend également les cristaux."
53,"Le bonus de récolte conféré par Bénédiction des Douze comprend également les agrégats."
54,"Vous pouvez pêcher dans les creux sableux des déserts."
55,"Vous pouvez pêcher dans les nuages, en haut des montagnes enneigées."
56,"Vous pouvez vous cacher d'ennemis de niveau 30 ou inférieur."
57,"Vous pouvez vous cacher d'ennemis de niveau 40 ou inférieur."
58,"Vous pouvez vous cacher d'ennemis de niveau 50 ou inférieur."
59,"Vous pouvez localiser les bancs de poissons de niveau inférieur au vôtre."
60,"Vous pouvez localiser les bancs de poissons de niveau 35 et inférieur."
61,"Vous pouvez localiser les bancs de poissons de niveau 50 et inférieur."
62,"Vous pouvez utiliser les poissons attrapés à la pêche au vif comme appât."
63,"Flux d'éther vous fait bénéficier de l'effet <UIForeground>F201F4</UIForeground><UIGlow>F201F5</UIGlow>Flux d'éther<UIGlow>01</UIGlow><UIForeground>01</UIForeground>."
64,"L'in<SoftHyphen/>tel<SoftHyphen/>li<SoftHyphen/>gence est augmentée de 8 points."
65,"L'in<SoftHyphen/>tel<SoftHyphen/>li<SoftHyphen/>gence est augmentée de 16 points."
66,"Les soins et les dégâts de base des actions (sauf attaques automatiques) sont augmentés de 10%. Les soins et les dégâts de base des actions du familier sont également augmentés de 10%."
67,"Flux d'éther vous fait bénéficier de l'effet <UIForeground>F201F4</UIForeground><UIGlow>F201F5</UIGlow>Flux d'éther II<UIGlow>01</UIGlow><UIForeground>01</UIForeground>."
68,"L'in<SoftHyphen/>tel<SoftHyphen/>li<SoftHyphen/>gence est augmentée de 24 points."
69,"Les soins et les dégâts de base des actions (sauf attaques automatiques) sont augmentés de 30%. Les soins et les dégâts de base des actions du familier sont également augmentés de 30%."
70,"Flux d'éther vous fait bénéficier de l'effet <UIForeground>F201F4</UIForeground><UIGlow>F201F5</UIGlow>Flux d'éther III<UIGlow>01</UIGlow><UIForeground>01</UIForeground>."
71,"La force du compagnon est augmentée de 5%."
72,"Les PV maximums du compagnon sont augmentés de 10%."
73,"La précision du compagnon est augmentée de 5%."
74,"Le critique du compagnon est augmenté de 15%."
75,"La force du compagnon est augmentée de 5%."
76,"Les PV maximums du compagnon sont augmentés de 10%."
77,"La force du compagnon est augmentée de 5%."
78,"Les PV maximums du compagnon sont augmentés de 5%."
79,"La précision du compagnon est augmentée de 5%."
80,"Le critique du compagnon est augmenté de 15%."
81,"La force du compagnon est augmentée de 10%."
82,"La vitesse d'attaque du compagnon est augmentée de 10%."
83,"L'esprit du compagnon est augmenté de 10%."
84,"Les PV maximums du compagnon sont augmentés de 5%."
85,"La précision du compagnon est augmentée de 5%."
86,"Le critique du compagnon est augmenté de 15%."
87,"L'esprit du compagnon est augmenté de 15%."
88,"Les PV maximums du compagnon sont augmentés de 5%."
89,"La dextérité est augmentée de 8 points."
90,"Les dégâts reçus en tombant sont réduits."
91,"La dextérité est augmentée de 16 points."
92,"La dextérité est augmentée de 24 points."
93,"La vitesse de déplacement est augmentée."
94,"Augmente parfois le nombre de certains objets récoltés, comme les cristaux."
95,"Votre con<SoftHyphen/>nais<SoftHyphen/>san<SoftHyphen/>ce des filons de minerai et des carrières vous permet de découvrir leurs propriétés cachées sous certaines conditions."
96,"Vous pouvez vous cacher d'ennemis de niveau 54 ou inférieur."
97,"Vous pouvez vous cacher d'ennemis de niveau 57 ou inférieur."
98,"Vous pouvez vous cacher d'ennemis de niveau 60 ou inférieur."
99,"Augmente parfois le nombre d'objets récoltés, comme les cristaux."
100,"Votre con<SoftHyphen/>nais<SoftHyphen/>san<SoftHyphen/>ce des arbres matures et de la végétation vous permet de découvrir leurs propriétés cachées sous certaines conditions."
101,"Vous pouvez vous cacher d'ennemis de niveau 54 ou inférieur."
102,"Vous pouvez vous cacher d'ennemis de niveau 57 ou inférieur."
103,"Vous pouvez vous cacher d'ennemis de niveau 60 ou inférieur."
104,"Vous pouvez localiser les bancs de poissons de niveau 55 et inférieur."
105,"Vous pouvez localiser les bancs de poissons de niveau 60 et inférieur."
106,"Vous pouvez pêcher dans les cieux, depuis les îles flottantes."
107,"Vous pouvez vous cacher d'ennemis de niveau 54 ou inférieur."
108,"Vous pouvez vous cacher d'ennemis de niveau 57 ou inférieur."
109,"Vous pouvez vous cacher d'ennemis de niveau 60 ou inférieur."
110,"Vous pouvez pêcher dans la lave."
111,"Vous pouvez pêcher dans les fuites magismologiques."
112,"La vitalité est augmentée de 8 points."
113,"La vitalité est augmentée de 16 points."
114,"La vitalité est augmentée de 24 points."
115,"La dextérité est augmentée de 8 points."
116,"La dextérité est augmentée de 16 points."
117,"Les dégâts de base des actions sont augmentés de 10%."
118,"La dextérité est augmentée de 24 points."
119,"Les dégâts de base des actions sont augmentés de 20%."
120,"L'esprit est augmenté de 8 points."
121,"L'esprit est augmenté de 16 points."
122,"Les soins et les dégâts de base des actions sont augmentés de 10%."
123,"L'esprit est augmenté de 24 points."
124,"Accorde 15% de chances lors du lancement de Bienfaisance que la prochaine Bienfaisance II soit critique.
<UIForeground>F201FA</UIForeground><UIGlow>F201FB</UIGlow>Durée<Indent/>:<UIGlow>01</UIGlow><UIForeground>01</UIForeground> 15s"
125,"Les soins et les dégâts de base des actions sont augmentés de 30%."
126,"Vous pouvez vous cacher d'ennemis de niveau 64 ou inférieur."
127,"Vous pouvez vous cacher d'ennemis de niveau 67 ou inférieur."
128,"Vous pouvez vous cacher d'ennemis de niveau 70 ou inférieur."
129,"Vous pouvez vous cacher d'ennemis de niveau 64 ou inférieur."
130,"Vous pouvez vous cacher d'ennemis de niveau 67 ou inférieur."
131,"Vous pouvez vous cacher d'ennemis de niveau 70 ou inférieur."
132,"Vous pouvez vous cacher d'ennemis de niveau 64 ou inférieur."
133,"Vous pouvez vous cacher d'ennemis de niveau 67 ou inférieur."
134,"Vous pouvez vous cacher d'ennemis de niveau 70 ou inférieur."
135,"Vous pouvez pêcher dans les lacs salés."
136,"Vous pouvez localiser les bancs de poissons de niveau 65 et inférieur."
137,"Vous pouvez localiser les bancs de poissons de niveau 70 et inférieur."
138,"Les chances que l'état des matériaux devienne <UIForeground>F201F4</UIForeground><UIGlow>F201F5</UIGlow>bon<UIGlow>01</UIGlow><UIForeground>01</UIForeground> augmentent légèrement."
139,"Les chances que l'état des matériaux devienne <UIForeground>F201F4</UIForeground><UIGlow>F201F5</UIGlow>bon<UIGlow>01</UIGlow><UIForeground>01</UIForeground> augmentent légèrement."
140,"Les chances que l'état des matériaux devienne <UIForeground>F201F4</UIForeground><UIGlow>F201F5</UIGlow>bon<UIGlow>01</UIGlow><UIForeground>01</UIForeground> augmentent légèrement."
141,"Les chances que l'état des matériaux devienne <UIForeground>F201F4</UIForeground><UIGlow>F201F5</UIGlow>bon<UIGlow>01</UIGlow><UIForeground>01</UIForeground> augmentent légèrement."
142,"Les chances que l'état des matériaux devienne <UIForeground>F201F4</UIForeground><UIGlow>F201F5</UIGlow>bon<UIGlow>01</UIGlow><UIForeground>01</UIForeground> augmentent légèrement."
143,"Les chances que l'état des matériaux devienne <UIForeground>F201F4</UIForeground><UIGlow>F201F5</UIGlow>bon<UIGlow>01</UIGlow><UIForeground>01</UIForeground> augmentent légèrement."
144,"Les chances que l'état des matériaux devienne <UIForeground>F201F4</UIForeground><UIGlow>F201F5</UIGlow>bon<UIGlow>01</UIGlow><UIForeground>01</UIForeground> augmentent légèrement."
145,"Les chances que l'état des matériaux devienne <UIForeground>F201F4</UIForeground><UIGlow>F201F5</UIGlow>bon<UIGlow>01</UIGlow><UIForeground>01</UIForeground> augmentent légèrement."
146,"L'effet Coup de génie, qui augmente le nombre maximum de PS, est parfois octroyé au deuxième tour d'une synthèse.
(Spécialiste<Indent/>: l'effet est systématiquement octroyé.)"
147,"L'effet Coup de génie, qui augmente le nombre maximum de PS, est parfois octroyé au deuxième tour d'une synthèse.
(Spécialiste<Indent/>: l'effet est systématiquement octroyé.)"
148,"L'effet Coup de génie, qui augmente le nombre maximum de PS, est parfois octroyé au deuxième tour d'une synthèse.
(Spécialiste<Indent/>: l'effet est systématiquement octroyé.)"
149,"L'effet Coup de génie, qui augmente le nombre maximum de PS, est parfois octroyé au deuxième tour d'une synthèse.
(Spécialiste<Indent/>: l'effet est systématiquement octroyé.)"
150,"L'effet Coup de génie, qui augmente le nombre maximum de PS, est parfois octroyé au deuxième tour d'une synthèse.
(Spécialiste<Indent/>: l'effet est systématiquement octroyé.)"
151,"L'effet Coup de génie, qui augmente le nombre maximum de PS, est parfois octroyé au deuxième tour d'une synthèse.
(Spécialiste<Indent/>: l'effet est systématiquement octroyé.)"
152,"L'effet Coup de génie, qui augmente le nombre maximum de PS, est parfois octroyé au deuxième tour d'une synthèse.
(Spécialiste<Indent/>: l'effet est systématiquement octroyé.)"
153,"L'effet Coup de génie, qui augmente le nombre maximum de PS, est parfois octroyé au deuxième tour d'une synthèse.
(Spécialiste<Indent/>: l'effet est systématiquement octroyé.)"
154,"Vous bénéficiez au<SoftHyphen/>to<SoftHyphen/>ma<SoftHyphen/>ti<SoftHyphen/>que<SoftHyphen/>ment de l'effet Sondage lorsque vous devenez pêcheur."
155,"Votre con<SoftHyphen/>nais<SoftHyphen/>san<SoftHyphen/>ce des points de harponnage vous permet d'augmenter le nombre d'objets récoltés sous certaines conditions."
156,"Réduit de 20% les dégâts subis à la place de l'équipier couvert."
157,"Réduit de 5s le temps de recharge de <UIForeground>F201F4</UIForeground><UIGlow>F201F5</UIGlow>Cri de guerre<UIGlow>01</UIGlow><UIForeground>01</UIForeground> lorsque vous utilisez <UIForeground>F201F4</UIForeground><UIGlow>F201F5</UIGlow>Sape-fendeur<UIGlow>01</UIGlow><UIForeground>01</UIForeground> ou <UIForeground>F201F4</UIForeground><UIGlow>F201F5</UIGlow>Décimation<UIGlow>01</UIGlow><UIForeground>01</UIForeground> avec succès sur la plupart des ennemis."
158,"Permet à votre <UIForeground>F201F6</UIForeground><UIGlow>F201F7</UIGlow>Jauge de sang<UIGlow>01</UIGlow><UIForeground>01</UIForeground> de se remplir lorsque vous utilisez certaines actions avec succès."
159,"Permet à votre <UIForeground>F201F6</UIForeground><UIGlow>F201F7</UIGlow>Jauge de sang<UIGlow>01</UIGlow><UIForeground>01</UIForeground> de se remplir lorsque vous utilisez une technique d'arme ou un sort avec succès sous l'effet <UIForeground>F201F4</UIForeground><UIGlow>F201F5</UIGlow>Arme de sang<UIGlow>01</UIGlow><UIForeground>01</UIForeground>."
160,"Accorde 80% de chances qu'un chakra s'ouvre lorsque vous infligez un coup critique avec une technique d'arme."
161,"Permet de cumuler plusieurs charges pour <UIForeground>F201F4</UIForeground><UIGlow>F201F5</UIGlow>Coup d'épaule<UIGlow>01</UIGlow><UIForeground>01</UIForeground>.
<UIForeground>F201FA</UIForeground><UIGlow>F201FB</UIGlow>Maximum de charges<Indent/>:<UIGlow>01</UIGlow><UIForeground>01</UIForeground> 2"
162,"Vous permet d'utiliser <UIForeground>F201F4</UIForeground><UIGlow>F201F5</UIGlow>Percée tournante<UIGlow>01</UIGlow><UIForeground>01</UIForeground> après <UIForeground>F201F4</UIForeground><UIGlow>F201F5</UIGlow>Croc-et-griffe<UIGlow>01</UIGlow><UIForeground>01</UIForeground>, ou <UIForeground>F201F4</UIForeground><UIGlow>F201F5</UIGlow>Croc-et-griffe<UIGlow>01</UIGlow><UIForeground>01</UIForeground> après <UIForeground>F201F4</UIForeground><UIGlow>F201F5</UIGlow>Percée tournante<UIGlow>01</UIGlow><UIForeground>01</UIForeground>, avec une puissance augmentée de 100, lorsque vous avez réussi la première technique d'arme."
163,"Remplace l'effet <UIForeground>F201F4</UIForeground><UIGlow>F201F5</UIGlow>Sang du dragon<UIGlow>01</UIGlow><UIForeground>01</UIForeground> par <UIForeground>F201F4</UIForeground><UIGlow>F201F5</UIGlow>Vie du dragon<UIGlow>01</UIGlow><UIForeground>01</UIForeground> après avoir utilisé <UIForeground>F201F4</UIForeground><UIGlow>F201F5</UIGlow>Geirskögul<UIGlow>01</UIGlow><UIForeground>01</UIForeground> avec succès.
<UIForeground>F201FA</UIForeground><UIGlow>F201FB</UIGlow>Vie du dragon<Indent/>:<UIGlow>01</UIGlow><UIForeground>01</UIForeground> augmente de 15% vos dégâts infligés.
En outre, vous octroie <UIForeground>F201F4</UIForeground><UIGlow>F201F5</UIGlow>Naströnd préparé<UIGlow>01</UIGlow><UIForeground>01</UIForeground>.
<UIForeground>F201FA</UIForeground><UIGlow>F201FB</UIGlow>Durée<Indent/>:<UIGlow>01</UIGlow><UIForeground>01</UIForeground> 20s"
164,"Augmente de 5% les dégâts physiques de vos actions, sauf attaques automatiques."
165,"Permet à votre <UIForeground>F201F6</UIForeground><UIGlow>F201F7</UIGlow>Jauge de Ninki<UIGlow>01</UIGlow><UIForeground>01</UIForeground> de se remplir de 5 lorsque vous utilisez une technique d'arme ou un combo avec succès."
166,"Réinitialise le temps de recharge de <UIForeground>F201F4</UIForeground><UIGlow>F201F5</UIGlow>Shukuchi<UIGlow>01</UIGlow><UIForeground>01</UIForeground> lorsque vous utilisez <UIForeground>F201F4</UIForeground><UIGlow>F201F5</UIGlow>Katon<UIGlow>01</UIGlow><UIForeground>01</UIForeground>, <UIForeground>F201F4</UIForeground><UIGlow>F201F5</UIGlow>Raiton<UIGlow>01</UIGlow><UIForeground>01</UIForeground> ou <UIForeground>F201F4</UIForeground><UIGlow>F201F5</UIGlow>Hyôton<UIGlow>01</UIGlow><UIForeground>01</UIForeground> sur la plupart des ennemis."
167,"Permet à votre <UIForeground>F201F6</UIForeground><UIGlow>F201F7</UIGlow>Jauge de Ninki<UIGlow>01</UIGlow><UIForeground>01</UIForeground> de se remplir de 40 lorsque vous utilisez <UIForeground>F201F4</UIForeground><UIGlow>F201F5</UIGlow>Rapine<UIGlow>01</UIGlow><UIForeground>01</UIForeground> avec succès."
168,"Remplace <UIForeground>F201F4</UIForeground><UIGlow>F201F5</UIGlow>Morsure venimeuse<UIGlow>01</UIGlow><UIForeground>01</UIForeground> par <UIForeground>F201F4</UIForeground><UIGlow>F201F5</UIGlow>Morsure caustique<UIGlow>01</UIGlow><UIForeground>01</UIForeground>, et <UIForeground>F201F4</UIForeground><UIGlow>F201F5</UIGlow>Morsure du vent<UIGlow>01</UIGlow><UIForeground>01</UIForeground> par <UIForeground>F201F4</UIForeground><UIGlow>F201F5</UIGlow>Morsure de la tempête<UIGlow>01</UIGlow><UIForeground>01</UIForeground>."
169,"Permet aux effets additionnels de <UIForeground>F201F4</UIForeground><UIGlow>F201F5</UIGlow>Ballade du mage<UIGlow>01</UIGlow><UIForeground>01</UIForeground>, <UIForeground>F201F4</UIForeground><UIGlow>F201F5</UIGlow>Péan martial<UIGlow>01</UIGlow><UIForeground>01</UIForeground> et <UIForeground>F201F4</UIForeground><UIGlow>F201F5</UIGlow>Menuet du Vagabond<UIGlow>01</UIGlow><UIForeground>01</UIForeground> de se déclencher, lorsqu'ils ont été entonnés et que vous utilisez <UIForeground>F201F4</UIForeground><UIGlow>F201F5</UIGlow>Flèche empyréenne<UIGlow>01</UIGlow><UIForeground>01</UIForeground> avec succès."
170,"Remplace <UIForeground>F201F4</UIForeground><UIGlow>F201F5</UIGlow>Tir scindé<UIGlow>01</UIGlow><UIForeground>01</UIForeground> par <UIForeground>F201F4</UIForeground><UIGlow>F201F5</UIGlow>Tir scindé chauffé<UIGlow>01</UIGlow><UIForeground>01</UIForeground>, <UIForeground>F201F4</UIForeground><UIGlow>F201F5</UIGlow>Tir de balle<UIGlow>01</UIGlow><UIForeground>01</UIForeground> par <UIForeground>F201F4</UIForeground><UIGlow>F201F5</UIGlow>Tir de balle chauffé<UIGlow>01</UIGlow><UIForeground>01</UIForeground> et <UIForeground>F201F4</UIForeground><UIGlow>F201F5</UIGlow>Tir net<UIGlow>01</UIGlow><UIForeground>01</UIForeground> par <UIForeground>F201F4</UIForeground><UIGlow>F201F5</UIGlow>Tir net chauffé<UIGlow>01</UIGlow><UIForeground>01</UIForeground> lorsque votre <UIForeground>F201F6</UIForeground><UIGlow>F201F7</UIGlow>Jauge de chaleur<UIGlow>01</UIGlow><UIForeground>01</UIForeground> est supérieure ou égale à 50."
171,"Remplace <UIForeground>F201F4</UIForeground><UIGlow>F201F5</UIGlow>Foudre<UIGlow>01</UIGlow><UIForeground>01</UIForeground> par <UIForeground>F201F4</UIForeground><UIGlow>F201F5</UIGlow>Méga Foudre<UIGlow>01</UIGlow><UIForeground>01</UIForeground>."
172,"Remplace <UIForeground>F201F4</UIForeground><UIGlow>F201F5</UIGlow>Extra Foudre<UIGlow>01</UIGlow><UIForeground>01</UIForeground> par <UIForeground>F201F4</UIForeground><UIGlow>F201F5</UIGlow>Giga Foudre<UIGlow>01</UIGlow><UIForeground>01</UIForeground>."
173,"Réduit d'un tiers le coût en PM de <UIForeground>F201F4</UIForeground><UIGlow>F201F5</UIGlow>Brasier<UIGlow>01</UIGlow><UIForeground>01</UIForeground> en échange de tous les degrés restants de <UIForeground>F201F4</UIForeground><UIGlow>F201F5</UIGlow>Cœur ombral<UIGlow>01</UIGlow><UIForeground>01</UIForeground>."
174,"Permet de recevoir <UIForeground>F201F4</UIForeground><UIGlow>F201F5</UIGlow>Polyglotte<UIGlow>01</UIGlow><UIForeground>01</UIForeground> lorsque l'effet <UIForeground>F201F4</UIForeground><UIGlow>F201F5</UIGlow>Énochien<UIGlow>01</UIGlow><UIForeground>01</UIForeground> a été maintenu pendant 30s. Par ailleurs, augmente l'effet <UIForeground>F201F4</UIForeground><UIGlow>F201F5</UIGlow>Énochien<UIGlow>01</UIGlow><UIForeground>01</UIForeground> à 10%."
175,"Remplace <UIForeground>F201F4</UIForeground><UIGlow>F201F5</UIGlow>Bactérie<UIGlow>01</UIGlow><UIForeground>01</UIForeground> par <UIForeground>F201F4</UIForeground><UIGlow>F201F5</UIGlow>Extra Bactérie<UIGlow>01</UIGlow><UIForeground>01</UIForeground>."
176,"Permet d'obtenir <UIForeground>F201F4</UIForeground><UIGlow>F201F5</UIGlow>Extra Ruine renforcée<UIGlow>01</UIGlow><UIForeground>01</UIForeground> quand Frappe Egi I est utilisée par Garuda-Egi ou Ifrit-Egi.
Cet effet remplace Extra Ruine par Giga Ruine et est cumulable 4 fois."
177,"Remplace <UIForeground>F201F4</UIForeground><UIGlow>F201F5</UIGlow>Extra Bactérie<UIGlow>01</UIGlow><UIForeground>01</UIForeground> par <UIForeground>F201F4</UIForeground><UIGlow>F201F5</UIGlow>Méga Bactérie<UIGlow>01</UIGlow><UIForeground>01</UIForeground>, et <UIForeground>F201F4</UIForeground><UIGlow>F201F5</UIGlow>Miasmes<UIGlow>01</UIGlow><UIForeground>01</UIForeground> par <UIForeground>F201F4</UIForeground><UIGlow>F201F5</UIGlow>Méga Miasmes<UIGlow>01</UIGlow><UIForeground>01</UIForeground>."
178,"<UIForeground>F201F4</UIForeground><UIGlow>F201F5</UIGlow>Transe-Bahamut<UIGlow>01</UIGlow><UIForeground>01</UIForeground> devient <UIForeground>F201F4</UIForeground><UIGlow>F201F5</UIGlow>Invocation Bahamut<UIGlow>01</UIGlow><UIForeground>01</UIForeground>."
179,"Remplace <UIForeground>F201F4</UIForeground><UIGlow>F201F5</UIGlow>Terre<UIGlow>01</UIGlow><UIForeground>01</UIForeground> par <UIForeground>F201F4</UIForeground><UIGlow>F201F5</UIGlow>Extra Terre<UIGlow>01</UIGlow><UIForeground>01</UIForeground>."
180,"Remplace <UIForeground>F201F4</UIForeground><UIGlow>F201F5</UIGlow>Vent<UIGlow>01</UIGlow><UIForeground>01</UIForeground> par <UIForeground>F201F4</UIForeground><UIGlow>F201F5</UIGlow>Extra Vent<UIGlow>01</UIGlow><UIForeground>01</UIForeground>."
181,"Remplace <UIForeground>F201F4</UIForeground><UIGlow>F201F5</UIGlow>Extra Terre<UIGlow>01</UIGlow><UIForeground>01</UIForeground> par <UIForeground>F201F4</UIForeground><UIGlow>F201F5</UIGlow>Méga Terre<UIGlow>01</UIGlow><UIForeground>01</UIForeground>."
182,"Remplace <UIForeground>F201F4</UIForeground><UIGlow>F201F5</UIGlow>Méga Terre<UIGlow>01</UIGlow><UIForeground>01</UIForeground> par <UIForeground>F201F4</UIForeground><UIGlow>F201F5</UIGlow>Giga Terre<UIGlow>01</UIGlow><UIForeground>01</UIForeground>."
183,"Accorde 20% de chances de réduire de 5s le temps de recharge d'<UIForeground>F201F4</UIForeground><UIGlow>F201F5</UIGlow>Asile<UIGlow>01</UIGlow><UIForeground>01</UIForeground> et d'<UIForeground>F201F4</UIForeground><UIGlow>F201F5</UIGlow>Assises<UIGlow>01</UIGlow><UIForeground>01</UIForeground> lorsque vous faites un critique en utilisant <UIForeground>F201F4</UIForeground><UIGlow>F201F5</UIGlow>Soin<UIGlow>01</UIGlow><UIForeground>01</UIForeground> ou <UIForeground>F201F4</UIForeground><UIGlow>F201F5</UIGlow>Extra Soin<UIGlow>01</UIGlow><UIForeground>01</UIForeground>."
184,"Remplace <UIForeground>F201F4</UIForeground><UIGlow>F201F5</UIGlow>Loi de l'ébullition<UIGlow>01</UIGlow><UIForeground>01</UIForeground> par <UIForeground>F201F4</UIForeground><UIGlow>F201F5</UIGlow>Loi de l'ébullition II<UIGlow>01</UIGlow><UIForeground>01</UIForeground>.
Augmente la puissance d'<UIForeground>F201F4</UIForeground><UIGlow>F201F5</UIGlow>Extra Ruine<UIGlow>01</UIGlow><UIForeground>01</UIForeground> à 180."
185,"Réduit de 5s le temps de recharge de <UIForeground>F201F4</UIForeground><UIGlow>F201F5</UIGlow>Flux d'éther<UIGlow>01</UIGlow><UIForeground>01</UIForeground> lorsque vous utilisez une action nécessitant cet effet."
186,"Remplace <UIForeground>F201F4</UIForeground><UIGlow>F201F5</UIGlow>Conjonction supérieure<UIGlow>01</UIGlow><UIForeground>01</UIForeground> par <UIForeground>F201F4</UIForeground><UIGlow>F201F5</UIGlow>Conjonction supérieure II<UIGlow>01</UIGlow><UIForeground>01</UIForeground>."
187,"Remplace <UIForeground>F201F4</UIForeground><UIGlow>F201F5</UIGlow>Malfaisance<UIGlow>01</UIGlow><UIForeground>01</UIForeground> par <UIForeground>F201F4</UIForeground><UIGlow>F201F5</UIGlow>Malfaisance II<UIGlow>01</UIGlow><UIForeground>01</UIForeground>."
188,"Remplace <UIForeground>F201F4</UIForeground><UIGlow>F201F5</UIGlow>Malfaisance II<UIGlow>01</UIGlow><UIForeground>01</UIForeground> par <UIForeground>F201F4</UIForeground><UIGlow>F201F5</UIGlow>Malfaisance III<UIGlow>01</UIGlow><UIForeground>01</UIForeground>."
189,"Réduit à 60s le temps de recharge de <UIForeground>F201F4</UIForeground><UIGlow>F201F5</UIGlow>Vitesse de la lumière<UIGlow>01</UIGlow><UIForeground>01</UIForeground>."
190,"Toutes les barres de portée sont réduites à 0 au début de l'extraction.
Applicable aux points d'extraction de niveau 60 ou moins."
191,"Toutes les barres de portée sont réduites à 0 au début de la récolte.
Applicable aux points de récolte de niveau 60 ou moins."
192,"Le taux de récupération de PR est augmenté de 1."
193,"Le taux de récupération de PR est augmenté de 1."
194,"Le taux de récupération de PR est augmenté de 1."
195,"Remplace <UIForeground>F201F4</UIForeground><UIGlow>F201F5</UIGlow>À-coup<UIGlow>01</UIGlow><UIForeground>01</UIForeground> par <UIForeground>F201F4</UIForeground><UIGlow>F201F5</UIGlow>Extra À-coup<UIGlow>01</UIGlow><UIForeground>01</UIForeground>.
Augmente la puissance de <UIForeground>F201F4</UIForeground><UIGlow>F201F5</UIGlow>VerFoudre<UIGlow>01</UIGlow><UIForeground>01</UIForeground> et <UIForeground>F201F4</UIForeground><UIGlow>F201F5</UIGlow>VerVent<UIGlow>01</UIGlow><UIForeground>01</UIForeground> à 360.
Augmente la puissance de <UIForeground>F201F4</UIForeground><UIGlow>F201F5</UIGlow>VerFeu<UIGlow>01</UIGlow><UIForeground>01</UIForeground> et <UIForeground>F201F4</UIForeground><UIGlow>F201F5</UIGlow>VerTerre<UIGlow>01</UIGlow><UIForeground>01</UIForeground> à 300."
196,"Fait fleurir un <UIForeground>F201F4</UIForeground><UIGlow>F201F5</UIGlow>Lys<UIGlow>01</UIGlow><UIForeground>01</UIForeground> (maximum 3) sur votre <UIForeground>F201F6</UIForeground><UIGlow>F201F7</UIGlow>Canne des soins<UIGlow>01</UIGlow><UIForeground>01</UIForeground> toutes les 20 secondes lorsque vous êtes en combat."
197,"L'in<SoftHyphen/>tel<SoftHyphen/>li<SoftHyphen/>gence est augmentée de 8 points."
198,"L'in<SoftHyphen/>tel<SoftHyphen/>li<SoftHyphen/>gence est augmentée de 16 points."
199,"L'in<SoftHyphen/>tel<SoftHyphen/>li<SoftHyphen/>gence est augmentée de 24 points."
200,"Les soins et les dégâts de base des actions sont augmentés de 10%."
201,"Les soins et les dégâts de base des actions sont augmentés de 30%."
202,"La force est augmentée de 8 points."
203,"La force est augmentée de 16 points."
204,"La force est augmentée de 24 points."
205,"Augmente de 20% les dégâts physiques de vos actions, sauf attaques automatiques."
206,"Permet de recevoir <UIForeground>F201F4</UIForeground><UIGlow>F201F5</UIGlow>Impact préparé<UIGlow>01</UIGlow><UIForeground>01</UIForeground> lorsque vous utilisez <UIForeground>F201F4</UIForeground><UIGlow>F201F5</UIGlow>Extra À-coup<UIGlow>01</UIGlow><UIForeground>01</UIForeground> avec succès."
207,"Réduit de 50% le coût en PM de tous vos sorts, et vous permet de les lancer sans risque d'interruption due à des dégâts.
<UIForeground>F201F4</UIForeground><UIGlow>F201F5</UIGlow>Autorité royale<UIGlow>01</UIGlow><UIForeground>01</UIForeground> bénéficie des effets sup<SoftHyphen/>plé<SoftHyphen/>men<SoftHyphen/>tai<SoftHyphen/>res suivants<Indent/>:

<UIForeground>F201FA</UIForeground><UIGlow>F201FB</UIGlow>Bonus du combo<Indent/>:<UIGlow>01</UIGlow><UIForeground>01</UIForeground> vous octroie <UIForeground>F201F4</UIForeground><UIGlow>F201F5</UIGlow>Grâce divine<UIGlow>01</UIGlow><UIForeground>01</UIForeground>.
<UIForeground>F201FA</UIForeground><UIGlow>F201FB</UIGlow>Durée<Indent/>:<UIGlow>01</UIGlow><UIForeground>01</UIForeground> 30s
<UIForeground>F201FA</UIForeground><UIGlow>F201FB</UIGlow>Grâce divine<Indent/>:<UIGlow>01</UIGlow><UIForeground>01</UIForeground> permet de lancer instantanément le prochain Esprit saint ou Cercle sacré avec une puissance augmentée.
<UIForeground>F201FA</UIForeground><UIGlow>F201FB</UIGlow>Condition<Indent/>:<UIGlow>01</UIGlow><UIForeground>01</UIForeground> combo avec <UIForeground>F201F4</UIForeground><UIGlow>F201F5</UIGlow>Autorité royale<UIGlow>01</UIGlow><UIForeground>01</UIForeground> réussi."
208,"Permet à votre <UIForeground>F201F6</UIForeground><UIGlow>F201F7</UIGlow>Jauge de Kenki<UIGlow>01</UIGlow><UIForeground>01</UIForeground> de se remplir davantage lorsque vous utilisez une technique d'arme autre qu'<UIForeground>F201F4</UIForeground><UIGlow>F201F5</UIGlow>Iaijutsu<UIGlow>01</UIGlow><UIForeground>01</UIForeground> avec succès."
209,"Permet à votre <UIForeground>F201F6</UIForeground><UIGlow>F201F7</UIGlow>Jauge du serment<UIGlow>01</UIGlow><UIForeground>01</UIForeground> de se remplir de 5 lorsque vous réussissez une attaque automatique."
210,"L'esprit est augmenté de 8 points."
211,"L'esprit est augmenté de 16 points."
212,"L'esprit est augmenté de 24 points."
213,"Réduit à 120s le temps de recharge de <UIForeground>F201F4</UIForeground><UIGlow>F201F5</UIGlow>Galvanisation<UIGlow>01</UIGlow><UIForeground>01</UIForeground>."
214,"Remplace <UIForeground>F201F4</UIForeground><UIGlow>F201F5</UIGlow>Ruine<UIGlow>01</UIGlow><UIForeground>01</UIForeground> par <UIForeground>F201F4</UIForeground><UIGlow>F201F5</UIGlow>Loi de l'ébullition<UIGlow>01</UIGlow><UIForeground>01</UIForeground>.
Augmente la puissance d'<UIForeground>F201F4</UIForeground><UIGlow>F201F5</UIGlow>Extra Ruine<UIGlow>01</UIGlow><UIForeground>01</UIForeground> à 160 et celle de <UIForeground>F201F4</UIForeground><UIGlow>F201F5</UIGlow>Loi de la guerre<UIGlow>01</UIGlow><UIForeground>01</UIForeground> à 165."
215,"Permet à votre <UIForeground>F201F6</UIForeground><UIGlow>F201F7</UIGlow>Jauge de Kenki<UIGlow>01</UIGlow><UIForeground>01</UIForeground> de se remplir lorsque vous utilisez certaines techniques d'arme avec succès ou quand vous réduisez vos dégâts subis avec <UIForeground>F201F4</UIForeground><UIGlow>F201F5</UIGlow>Troisième œil<UIGlow>01</UIGlow><UIForeground>01</UIForeground>."
216,"Permet de recevoir <UIForeground>F201F4</UIForeground><UIGlow>F201F5</UIGlow>Chaîne de sorts<UIGlow>01</UIGlow><UIForeground>01</UIForeground> lorsque vous utilisez un sort requérant un temps de lancement.
<UIForeground>F201FA</UIForeground><UIGlow>F201FB</UIGlow>Durée<Indent/>:<UIGlow>01</UIGlow><UIForeground>01</UIForeground> 15s
<UIForeground>F201F4</UIForeground><UIGlow>F201F5</UIGlow>Chaîne de sorts<UIGlow>01</UIGlow><UIForeground>01</UIForeground> permet de lancer votre sort suivant instantanément. Utiliser une action (sauf attaque automatique ou aptitude) met im<SoftHyphen/>mé<SoftHyphen/>dia<SoftHyphen/>te<SoftHyphen/>ment fin à l'effet."
217,"Remplace <UIForeground>F201F4</UIForeground><UIGlow>F201F5</UIGlow>Ruine<UIGlow>01</UIGlow><UIForeground>01</UIForeground> par <UIForeground>F201F4</UIForeground><UIGlow>F201F5</UIGlow>Extra Ruine<UIGlow>01</UIGlow><UIForeground>01</UIForeground>."
218,"Remplace <UIForeground>F201F4</UIForeground><UIGlow>F201F5</UIGlow>Berserk<UIGlow>01</UIGlow><UIForeground>01</UIForeground> par <UIForeground>F201F4</UIForeground><UIGlow>F201F5</UIGlow>Relâchement bestial<UIGlow>01</UIGlow><UIForeground>01</UIForeground>."
219,"Vous permet d'apprendre des actions de magie bleue.
Si un ennemi utilise une action assimilable, et que vous le vainquez ensuite, vous avez une faible chance d'apprendre cette action."
220,"Les soins et les dégâts de base des actions sont augmentés de 10%."
221,"Les soins et les dégâts de base des actions sont augmentés de 20%."
222,"Les soins et les dégâts de base des actions sont augmentés de 30%."
223,"Les soins et les dégâts de base des actions sont augmentés de 40%."
224,"Les soins et les dégâts de base des actions sont augmentés de 50%."
225,"Vous pouvez vous cacher d'ennemis de niveau 74 ou inférieur."
226,"Vous pouvez vous cacher d'ennemis de niveau 77 ou inférieur."
227,"Vous pouvez vous cacher d'ennemis de niveau 80 ou inférieur."
228,"Vous pouvez vous cacher d'ennemis de niveau 74 ou inférieur."
229,"Vous pouvez vous cacher d'ennemis de niveau 77 ou inférieur."
230,"Vous pouvez vous cacher d'ennemis de niveau 80 ou inférieur."
231,"Vous pouvez vous cacher d'ennemis de niveau 74 ou inférieur."
232,"Vous pouvez vous cacher d'ennemis de niveau 77 ou inférieur."
233,"Vous pouvez vous cacher d'ennemis de niveau 80 ou inférieur."
234,"Vous pouvez localiser les bancs de poissons de niveau 75 et inférieur."
235,"Vous pouvez localiser les bancs de poissons de niveau 80 et inférieur."
236,"Le taux de récupération de PR est augmenté de 2, et la récupération de PR après réussite d'une récolte est augmentée de 1."
237,"Le taux de récupération de PR est augmenté de 2, et la récupération de PR après réussite d'une récolte est augmentée de 1."
238,"Le taux de récupération de PR est augmenté de 2."
239,"Le taux de récupération de PR est augmenté de 3, et la récupération de PR après réussite d'une récolte est augmentée de 1."
240,"Le taux de récupération de PR est augmenté de 3, et la récupération de PR après réussite d'une récolte est augmentée de 1."
241,"Le taux de récupération de PR est augmenté de 3."
242,"<UIForeground>F201F4</UIForeground><UIGlow>F201F5</UIGlow>Raison solide<UIGlow>01</UIGlow><UIForeground>01</UIForeground> a 50% de chances de vous octroyer <UIForeground>F201F4</UIForeground><UIGlow>F201F5</UIGlow>Étalage des con<SoftHyphen/>nais<SoftHyphen/>san<SoftHyphen/>ces préparé<UIForeground>F201F4</UIForeground><UIGlow>F201F5</UIGlow>."
243,"<UIForeground>F201F4</UIForeground><UIGlow>F201F5</UIGlow>Sagesse du fermier<UIGlow>01</UIGlow><UIForeground>01</UIForeground> a 50% de chances de vous octroyer <UIForeground>F201F4</UIForeground><UIGlow>F201F5</UIGlow>Étalage des con<SoftHyphen/>nais<SoftHyphen/>san<SoftHyphen/>ces préparé<UIForeground>F201F4</UIForeground><UIGlow>F201F5</UIGlow>."
244,"Pêcher un poisson énorme a une chance de vous octroyer <UIForeground>F201F4</UIForeground><UIGlow>F201F5</UIGlow>Féru de pêche<UIGlow>01</UIGlow><UIForeground>01</UIForeground>.<If(Equal(PlayerParameter(68),18))><If(GreaterThanOrEqualTo(PlayerParameter(69),61))>
Les chances varient selon s'il s'agit de pêche standard ou de pêche au harpon.<Else/></If><Else/></If> Cumulable jusqu'au 10e degré."
245,"Accorde 100% de chances qu'un chakra s'ouvre lorsque vous infligez un coup critique avec une technique d'arme."
246,"Octroie un effet de restauration des PM à <UIForeground>F201F4</UIForeground><UIGlow>F201F5</UIGlow>Lame déchaînée<UIGlow>01</UIGlow><UIForeground>01</UIForeground> et à <UIForeground>F201F4</UIForeground><UIGlow>F201F5</UIGlow>Esprits intérieurs<UIGlow>01</UIGlow><UIForeground>01</UIForeground>."
247,"Octroie <UIForeground>F201F4</UIForeground><UIGlow>F201F5</UIGlow>Feu des dragons<UIGlow>01</UIGlow><UIForeground>01</UIForeground> si <UIForeground>F201F4</UIForeground><UIGlow>F201F5</UIGlow>Fléau du dragon<UIGlow>01</UIGlow><UIForeground>01</UIForeground> est exécuté après avoir réussi <UIForeground>F201F4</UIForeground><UIGlow>F201F5</UIGlow>Croc-et-griffe<UIGlow>01</UIGlow><UIForeground>01</UIForeground> ou <UIForeground>F201F4</UIForeground><UIGlow>F201F5</UIGlow>Percée tournante<UIGlow>01</UIGlow><UIForeground>01</UIForeground>.
<UIForeground>F201FA</UIForeground><UIGlow>F201FB</UIGlow>Durée<Indent/>:<UIGlow>01</UIGlow><UIForeground>01</UIForeground> 30s
Cet effet disparaît si une technique d'arme de corps-à-corps est utilisée.
Remplace <UIForeground>F201F4</UIForeground><UIGlow>F201F5</UIGlow>Percée véritable<UIGlow>01</UIGlow><UIForeground>01</UIForeground> par <UIForeground>F201F4</UIForeground><UIGlow>F201F5</UIGlow>Percée Raiden<UIGlow>01</UIGlow><UIForeground>01</UIForeground> pendant cet effet.
En outre, augmente la puissance des actions suivantes<Indent/>:
<UIForeground>F201FA</UIForeground><UIGlow>F201FB</UIGlow>Percée véritable<Indent/>:<UIGlow>01</UIGlow><UIForeground>01</UIForeground> 230
<UIForeground>F201FA</UIForeground><UIGlow>F201FB</UIGlow>Percée vorpale<Indent/>:<UIGlow>01</UIGlow><UIForeground>01</UIForeground> 130
<UIForeground>F201FA</UIForeground><UIGlow>F201FB</UIGlow>Griffe perçante<Indent/>:<UIGlow>01</UIGlow><UIForeground>01</UIForeground> 200
<UIForeground>F201FA</UIForeground><UIGlow>F201FB</UIGlow>Griffe perçante avec Griffe perçante améliorée<Indent/>:<UIGlow>01</UIGlow><UIForeground>01</UIForeground> 350
<UIForeground>F201FA</UIForeground><UIGlow>F201FB</UIGlow>Éventration<Indent/>:<UIGlow>01</UIGlow><UIForeground>01</UIForeground> 140"
248,""
249,"Permet à votre <UIForeground>F201F6</UIForeground><UIGlow>F201F7</UIGlow>Jauge de la bête<UIGlow>01</UIGlow><UIForeground>01</UIForeground> de se remplir lorsque vous utilisez les combos de <UIForeground>F201F4</UIForeground><UIGlow>F201F5</UIGlow>Mutilation<UIGlow>01</UIGlow><UIForeground>01</UIForeground> et <UIForeground>F201F4</UIForeground><UIGlow>F201F5</UIGlow>Couperet de justice<UIGlow>01</UIGlow><UIForeground>01</UIForeground> avec succès."
250,"Sous l'effet de <UIForeground>F201F4</UIForeground><UIGlow>F201F5</UIGlow>Kassatsu<UIGlow>01</UIGlow><UIForeground>01</UIForeground>, remplace <UIForeground>F201F4</UIForeground><UIGlow>F201F5</UIGlow>Katon<UIGlow>01</UIGlow><UIForeground>01</UIForeground> par <UIForeground>F201F4</UIForeground><UIGlow>F201F5</UIGlow>Gôka Mekkyaku<UIGlow>01</UIGlow><UIForeground>01</UIForeground>, et <UIForeground>F201F4</UIForeground><UIGlow>F201F5</UIGlow>Hyôton<UIGlow>01</UIGlow><UIForeground>01</UIForeground> par <UIForeground>F201F4</UIForeground><UIGlow>F201F5</UIGlow>Hyôshô Ranryû<UIGlow>01</UIGlow><UIForeground>01</UIForeground>."
251,"Les dégâts de base des actions sont augmentés de 10%."
252,"Permet de recevoir des <UIForeground>F201F4</UIForeground><UIGlow>F201F5</UIGlow>Plumes oniriques<UIGlow>01</UIGlow><UIForeground>01</UIForeground> (maximum 4) lorsque vous utilisez certaines actions avec succès."
253,"Les dégâts de base des actions sont augmentés de 20%."
254,"Permet de cumuler plusieurs charges pour <UIForeground>F201F4</UIForeground><UIGlow>F201F5</UIGlow>En avant<UIGlow>01</UIGlow><UIForeground>01</UIForeground>.
<UIForeground>F201FA</UIForeground><UIGlow>F201FB</UIGlow>Maximum de charges<Indent/>:<UIGlow>01</UIGlow><UIForeground>01</UIForeground> 2"
255,"Permet à vous et à vos équipiers d'obtenir l'effet <UIForeground>F201F4</UIForeground><UIGlow>F201F5</UIGlow>Fascination<UIGlow>01</UIGlow><UIForeground>01</UIForeground> lorsque vous utilisez Final classique ou Final technique.
<UIForeground>F201FA</UIForeground><UIGlow>F201FB</UIGlow>Fascination (sur soi)<Indent/>:<UIGlow>01</UIGlow><UIForeground>01</UIForeground> remplit de 5 votre <UIForeground>F201F6</UIForeground><UIGlow>F201F7</UIGlow>Jauge de fascination<UIGlow>01</UIGlow><UIForeground>01</UIForeground> lorsque vous utilisez Cascade, Cascade inversée, Fontaine, Fontaine en cascade, Moulin à vent, Moulin à vent ascendant, Averse de lames ou Averse de sang.
<UIForeground>F201FA</UIForeground><UIGlow>F201FB</UIGlow>Fascination (sur les alliés)<Indent/>:<UIGlow>01</UIGlow><UIForeground>01</UIForeground> remplit de 10 votre <UIForeground>F201F6</UIForeground><UIGlow>F201F7</UIGlow>Jauge de fascination<UIGlow>01</UIGlow><UIForeground>01</UIForeground> lorsque l'allié utilise une technique d'arme ou un sort offensif.
Les chances d'activation de l'effet sur les alliés varient selon les jobs."
256,"Augmente à 3 le maximum de charges d'<UIForeground>F201F4</UIForeground><UIGlow>F201F5</UIGlow>En avant<UIGlow>01</UIGlow><UIForeground>01</UIForeground>."
257,"Permet de recevoir une <UIForeground>F201F4</UIForeground><UIGlow>F201F5</UIGlow>Cartouche d'éther<UIGlow>01</UIGlow><UIForeground>01</UIForeground> (maximum 2) lorsque vous réussissez le combo avec <UIForeground>F201F4</UIForeground><UIGlow>F201F5</UIGlow>Salve tranchante<UIGlow>01</UIGlow><UIForeground>01</UIForeground>."
258,"Permet de recevoir <UIForeground>F201F4</UIForeground><UIGlow>F201F5</UIGlow>Impact brutal<UIGlow>01</UIGlow><UIForeground>01</UIForeground>, une barrière absorbant les dégâts subis pour un certain montant, lorsque vous réussissez le combo avec <UIForeground>F201F4</UIForeground><UIGlow>F201F5</UIGlow>Impact brutal<UIGlow>01</UIGlow><UIForeground>01</UIForeground>.
<UIForeground>F201FA</UIForeground><UIGlow>F201FB</UIGlow>Durée<Indent/>:<UIGlow>01</UIGlow><UIForeground>01</UIForeground> 30s"
259,"Remplace <UIForeground>F201F4</UIForeground><UIGlow>F201F5</UIGlow>Zone de danger<UIGlow>01</UIGlow><UIForeground>01</UIForeground> par <UIForeground>F201F4</UIForeground><UIGlow>F201F5</UIGlow>Zone de destruction<UIGlow>01</UIGlow><UIForeground>01</UIForeground>."
260,"Remplace <UIForeground>F201F4</UIForeground><UIGlow>F201F5</UIGlow>Rage de Halone<UIGlow>01</UIGlow><UIForeground>01</UIForeground> par <UIForeground>F201F4</UIForeground><UIGlow>F201F5</UIGlow>Autorité royale<UIGlow>01</UIGlow><UIForeground>01</UIForeground>."
261,"<UIForeground>F201F4</UIForeground><UIGlow>F201F5</UIGlow>Évidence<UIGlow>01</UIGlow><UIForeground>01</UIForeground> bénéficie des effets sup<SoftHyphen/>plé<SoftHyphen/>men<SoftHyphen/>tai<SoftHyphen/>res suivants<Indent/>:

<UIForeground>F201FA</UIForeground><UIGlow>F201FB</UIGlow>Bonus du combo<Indent/>:<UIGlow>01</UIGlow><UIForeground>01</UIForeground> restaure vos PM.
<UIForeground>F201FA</UIForeground><UIGlow>F201FB</UIGlow>Bonus du combo<Indent/>:<UIGlow>01</UIGlow><UIForeground>01</UIForeground> vous octroie <UIForeground>F201F4</UIForeground><UIGlow>F201F5</UIGlow>Grâce divine<UIGlow>01</UIGlow><UIForeground>01</UIForeground>.
<UIForeground>F201FA</UIForeground><UIGlow>F201FB</UIGlow>Durée<Indent/>:<UIGlow>01</UIGlow><UIForeground>01</UIForeground> 30s
<UIForeground>F201FA</UIForeground><UIGlow>F201FB</UIGlow>Grâce divine<Indent/>:<UIGlow>01</UIGlow><UIForeground>01</UIForeground> permet de lancer instantanément le prochain Esprit saint ou Cercle sacré avec une puissance augmentée.
<UIForeground>F201FA</UIForeground><UIGlow>F201FB</UIGlow>Condition<Indent/>:<UIGlow>01</UIGlow><UIForeground>01</UIForeground> combo avec <UIForeground>F201F4</UIForeground><UIGlow>F201F5</UIGlow>Évidence<UIGlow>01</UIGlow><UIForeground>01</UIForeground> réussi."
262,"Allonge à 6s la durée de <UIForeground>F201F4</UIForeground><UIGlow>F201F5</UIGlow>Schiltron<UIGlow>01</UIGlow><UIForeground>01</UIForeground>."
263,"Vous octroie <UIForeground>F201F4</UIForeground><UIGlow>F201F5</UIGlow>Confiteor préparé<UIGlow>01</UIGlow><UIForeground>01</UIForeground>.
<UIForeground>F201FA</UIForeground><UIGlow>F201FB</UIGlow>Durée<Indent/>:<UIGlow>01</UIGlow><UIForeground>01</UIForeground> 30s"
264,"Permet de recevoir <UIForeground>F201F4</UIForeground><UIGlow>F201F5</UIGlow>Absolution préparée<UIGlow>01</UIGlow><UIForeground>01</UIForeground> lorsque vous réussissez le combo avec <UIForeground>F201F4</UIForeground><UIGlow>F201F5</UIGlow>Autorité royale<UIGlow>01</UIGlow><UIForeground>01</UIForeground>.
<UIForeground>F201FA</UIForeground><UIGlow>F201FB</UIGlow>Durée<Indent/>:<UIGlow>01</UIGlow><UIForeground>01</UIForeground> 30s"
265,"Remplace <UIForeground>F201F4</UIForeground><UIGlow>F201F5</UIGlow>Bête intérieure<UIGlow>01</UIGlow><UIForeground>01</UIForeground> par <UIForeground>F201F4</UIForeground><UIGlow>F201F5</UIGlow>Sape-fendeur<UIGlow>01</UIGlow><UIForeground>01</UIForeground>."
266,"Remplace <UIForeground>F201F4</UIForeground><UIGlow>F201F5</UIGlow>Cyclone de fer<UIGlow>01</UIGlow><UIForeground>01</UIForeground> par <UIForeground>F201F4</UIForeground><UIGlow>F201F5</UIGlow>Décimation<UIGlow>01</UIGlow><UIForeground>01</UIForeground>."
267,"Permet de recevoir <UIForeground>F201F4</UIForeground><UIGlow>F201F5</UIGlow>Chaos naissant<UIGlow>01</UIGlow><UIForeground>01</UIForeground> lors de l'utilisation de <UIForeground>F201F4</UIForeground><UIGlow>F201F5</UIGlow>Cri de guerre<UIGlow>01</UIGlow><UIForeground>01</UIForeground>.
<UIForeground>F201FA</UIForeground><UIGlow>F201FB</UIGlow>Chaos naissant<Indent/>:<UIGlow>01</UIGlow><UIForeground>01</UIForeground> si la <UIForeground>F201F6</UIForeground><UIGlow>F201F7</UIGlow>Jauge de la bête<UIGlow>01</UIGlow><UIForeground>01</UIForeground> est remplie à 50 ou plus, remplace <UIForeground>F201F4</UIForeground><UIGlow>F201F5</UIGlow>Décimation<UIGlow>01</UIGlow><UIForeground>01</UIForeground> par <UIForeground>F201F4</UIForeground><UIGlow>F201F5</UIGlow>Cyclone chaotique<UIGlow>01</UIGlow><UIForeground>01</UIForeground> et, à partir du niveau 80, <UIForeground>F201F4</UIForeground><UIGlow>F201F5</UIGlow>Sape-fendeur<UIGlow>01</UIGlow><UIForeground>01</UIForeground> par <UIForeground>F201F4</UIForeground><UIGlow>F201F5</UIGlow>Chaos intérieur<UIGlow>01</UIGlow><UIForeground>01</UIForeground>.
<UIForeground>F201FA</UIForeground><UIGlow>F201FB</UIGlow>Durée<Indent/>:<UIGlow>01</UIGlow><UIForeground>01</UIForeground> 30s"
268,"Permet de remplir votre <UIForeground>F201F6</UIForeground><UIGlow>F201F7</UIGlow>Jauge de la bête<UIGlow>01</UIGlow><UIForeground>01</UIForeground> lorsque vous utilisez le combo de <UIForeground>F201F4</UIForeground><UIGlow>F201F5</UIGlow>Tempête de mithril<UIGlow>01</UIGlow><UIForeground>01</UIForeground> avec succès."
269,"Octroie à <UIForeground>F201F4</UIForeground><UIGlow>F201F5</UIGlow>Frisson de la bataille<UIGlow>01</UIGlow><UIForeground>01</UIForeground> un effet augmentant de 20% les effets curatifs que vous recevez."
270,""
271,"Remplace <UIForeground>F201F4</UIForeground><UIGlow>F201F5</UIGlow>Déluge de ténèbres<UIGlow>01</UIGlow><UIForeground>01</UIForeground> par <UIForeground>F201F4</UIForeground><UIGlow>F201F5</UIGlow>Déluge d'ombre<UIGlow>01</UIGlow><UIForeground>01</UIForeground>, et <UIForeground>F201F4</UIForeground><UIGlow>F201F5</UIGlow>Tranchant de ténèbres<UIGlow>01</UIGlow><UIForeground>01</UIForeground> par <UIForeground>F201F4</UIForeground><UIGlow>F201F5</UIGlow>Tranchant d'ombre<UIGlow>01</UIGlow><UIForeground>01</UIForeground>."
272,"Permet de cumuler plusieurs charges pour <UIForeground>F201F4</UIForeground><UIGlow>F201F5</UIGlow>Coupe plongeante<UIGlow>01</UIGlow><UIForeground>01</UIForeground>.
<UIForeground>F201FA</UIForeground><UIGlow>F201FB</UIGlow>Maximum de charges<Indent/>:<UIGlow>01</UIGlow><UIForeground>01</UIForeground> 2"
273,"Permet de cumuler quatre effets <UIForeground>F201F4</UIForeground><UIGlow>F201F5</UIGlow>Vitesse de l'éclair<UIGlow>01</UIGlow><UIForeground>01</UIForeground> sous l'effet <UIForeground>F201F4</UIForeground><UIGlow>F201F5</UIGlow>Poings de vent<UIGlow>01</UIGlow><UIForeground>01</UIForeground>."
274,"Augmente l'effet sur les dégâts infligés à 10%."
275,"Remplace <UIForeground>F201F4</UIForeground><UIGlow>F201F5</UIGlow>Saut<UIGlow>01</UIGlow><UIForeground>01</UIForeground> par <UIForeground>F201F4</UIForeground><UIGlow>F201F5</UIGlow>Grand saut<UIGlow>01</UIGlow><UIForeground>01</UIForeground>."
276,"Allonge à 30s la durée de <UIForeground>F201F4</UIForeground><UIGlow>F201F5</UIGlow>Vie du dragon<UIGlow>01</UIGlow><UIForeground>01</UIForeground>."
277,"Réduit à 1,3s le temps de lancement d'<UIForeground>F201F4</UIForeground><UIGlow>F201F5</UIGlow>Iaijutsu<UIGlow>01</UIGlow><UIForeground>01</UIForeground>.
Permet également de recevoir <UIForeground>F201F4</UIForeground><UIGlow>F201F5</UIGlow>Tsubamegaeshi préparé<UIGlow>01</UIGlow><UIForeground>01</UIForeground> lorsque vous utilisez une technique d'<UIForeground>F201F4</UIForeground><UIGlow>F201F5</UIGlow>Iaijutsu<UIGlow>01</UIGlow><UIForeground>01</UIForeground>, à l'exception de <UIForeground>F201F4</UIForeground><UIGlow>F201F5</UIGlow>Higanbana<UIGlow>01</UIGlow><UIForeground>01</UIForeground>.
<UIForeground>F201FA</UIForeground><UIGlow>F201FB</UIGlow>Durée<Indent/>:<UIGlow>01</UIGlow><UIForeground>01</UIForeground> 30s"
278,"Augmente à 13% les effets de <UIForeground>F201F4</UIForeground><UIGlow>F201F5</UIGlow>Fûgetsu<UIGlow>01</UIGlow><UIForeground>01</UIForeground> et de <UIForeground>F201F4</UIForeground><UIGlow>F201F5</UIGlow>Fûka<UIGlow>01</UIGlow><UIForeground>01</UIForeground>."
279,"Permet de cumuler plusieurs charges pour <UIForeground>F201F4</UIForeground><UIGlow>F201F5</UIGlow>Shukuchi<UIGlow>01</UIGlow><UIForeground>01</UIForeground>.
<UIForeground>F201FA</UIForeground><UIGlow>F201FB</UIGlow>Maximum de charges<Indent/>:<UIGlow>01</UIGlow><UIForeground>01</UIForeground> 2"
280,"Permet à votre <UIForeground>F201F6</UIForeground><UIGlow>F201F7</UIGlow>Jauge de Ninki<UIGlow>01</UIGlow><UIForeground>01</UIForeground> de se remplir de 10 lorsque vous réussissez un combo avec <UIForeground>F201F4</UIForeground><UIGlow>F201F5</UIGlow>Lame éolienne<UIGlow>01</UIGlow><UIForeground>01</UIForeground> et <UIForeground>F201F4</UIForeground><UIGlow>F201F5</UIGlow>Perce-armure<UIGlow>01</UIGlow><UIForeground>01</UIForeground>."
281,""
282,"Remplace <UIForeground>F201F4</UIForeground><UIGlow>F201F5</UIGlow>Tir droit<UIGlow>01</UIGlow><UIForeground>01</UIForeground> par <UIForeground>F201F4</UIForeground><UIGlow>F201F5</UIGlow>Flèche rayonnante<UIGlow>01</UIGlow><UIForeground>01</UIForeground>."
283,"Accorde 20% de chances qu'<UIForeground>F201F4</UIForeground><UIGlow>F201F5</UIGlow>Œil de faucon<UIGlow>01</UIGlow><UIForeground>01</UIForeground> vous soit octroyé lorsque vous utilisez <UIForeground>F201F4</UIForeground><UIGlow>F201F5</UIGlow>Salve fulgurante<UIGlow>01</UIGlow><UIForeground>01</UIForeground> avec succès.
<UIForeground>F201FA</UIForeground><UIGlow>F201FB</UIGlow>Durée<Indent/>:<UIGlow>01</UIGlow><UIForeground>01</UIForeground> 30s"
284,"Accorde 35% de chances qu'<UIForeground>F201F4</UIForeground><UIGlow>F201F5</UIGlow>Œil de faucon<UIGlow>01</UIGlow><UIForeground>01</UIForeground> vous soit octroyé lorsque vous utilisez <UIForeground>F201F4</UIForeground><UIGlow>F201F5</UIGlow>Morsure de la tempête<UIGlow>01</UIGlow><UIForeground>01</UIForeground>, <UIForeground>F201F4</UIForeground><UIGlow>F201F5</UIGlow>Morsure caustique<UIGlow>01</UIGlow><UIForeground>01</UIForeground> ou <UIForeground>F201F4</UIForeground><UIGlow>F201F5</UIGlow>Mâchoires de fer<UIGlow>01</UIGlow><UIForeground>01</UIForeground> avec succès.
<UIForeground>F201FA</UIForeground><UIGlow>F201FB</UIGlow>Durée<Indent/>:<UIGlow>01</UIGlow><UIForeground>01</UIForeground> 30s"
285,"Remplace <UIForeground>F201F4</UIForeground><UIGlow>F201F5</UIGlow>Tir à l'arc puissant<UIGlow>01</UIGlow><UIForeground>01</UIForeground> par <UIForeground>F201F4</UIForeground><UIGlow>F201F5</UIGlow>Tir éclatant<UIGlow>01</UIGlow><UIForeground>01</UIForeground>."
286,"<UIForeground>F201F4</UIForeground><UIGlow>F201F5</UIGlow>Bénédiction martiale<UIGlow>01</UIGlow><UIForeground>01</UIForeground> vous est octroyée lorsque vous utilisez <UIForeground>F201F4</UIForeground><UIGlow>F201F5</UIGlow>Ballade du mage<UIGlow>01</UIGlow><UIForeground>01</UIForeground> ou <UIForeground>F201F4</UIForeground><UIGlow>F201F5</UIGlow>Menuet du Vagabond<UIGlow>01</UIGlow><UIForeground>01</UIForeground>, sous les effets de <UIForeground>F201F4</UIForeground><UIGlow>F201F5</UIGlow>Péan martial<UIGlow>01</UIGlow><UIForeground>01</UIForeground> et d'<UIForeground>F201F4</UIForeground><UIGlow>F201F5</UIGlow>Inspiration poétique<UIGlow>01</UIGlow><UIForeground>01</UIForeground>.
<UIForeground>F201FA</UIForeground><UIGlow>F201FB</UIGlow>Durée<Indent/>:<UIGlow>01</UIGlow><UIForeground>01</UIForeground> 10s
<UIForeground>F201FA</UIForeground><UIGlow>F201FB</UIGlow>Bénédiction martiale<Indent/>:<UIGlow>01</UIGlow><UIForeground>01</UIForeground> réduit le délai des attaques automatiques et les temps de lancement et de recharge des techniques d'arme et des sorts de magie.

Si <UIForeground>F201F4</UIForeground><UIGlow>F201F5</UIGlow>Péan martial<UIGlow>01</UIGlow><UIForeground>01</UIForeground> prend fin sans que <UIForeground>F201F4</UIForeground><UIGlow>F201F5</UIGlow>Ballade du mage<UIGlow>01</UIGlow><UIForeground>01</UIForeground> ou <UIForeground>F201F4</UIForeground><UIGlow>F201F5</UIGlow>Menuet du Vagabond<UIGlow>01</UIGlow><UIForeground>01</UIForeground> n'aient été utilisés et que vous bénéficiez d'<UIForeground>F201F4</UIForeground><UIGlow>F201F5</UIGlow>Inspiration poétique<UIGlow>01</UIGlow><UIForeground>01</UIForeground>, <UIForeground>F201F4</UIForeground><UIGlow>F201F5</UIGlow>Pacte martial<UIGlow>01</UIGlow><UIForeground>01</UIForeground> vous est octroyé.
<UIForeground>F201FA</UIForeground><UIGlow>F201FB</UIGlow>Durée<Indent/>:<UIGlow>01</UIGlow><UIForeground>01</UIForeground> 30s
<UIForeground>F201FA</UIForeground><UIGlow>F201FB</UIGlow>Pacte martial<Indent/>:<UIGlow>01</UIGlow><UIForeground>01</UIForeground> vous octroie <UIForeground>F201F4</UIForeground><UIGlow>F201F5</UIGlow>Bénédiction martiale<UIGlow>01</UIGlow><UIForeground>01</UIForeground> lorsque vous utilisez <UIForeground>F201F4</UIForeground><UIGlow>F201F5</UIGlow>Ballade du mage<UIGlow>01</UIGlow><UIForeground>01</UIForeground>, <UIForeground>F201F4</UIForeground><UIGlow>F201F5</UIGlow>Péan martial<UIGlow>01</UIGlow><UIForeground>01</UIForeground> ou <UIForeground>F201F4</UIForeground><UIGlow>F201F5</UIGlow>Menuet du Vagabond<UIGlow>01</UIGlow><UIForeground>01</UIForeground>.

Le degré d'<UIForeground>F201F4</UIForeground><UIGlow>F201F5</UIGlow>Inspiration poétique<UIGlow>01</UIGlow><UIForeground>01</UIForeground> au moment de l'activation de <UIForeground>F201F4</UIForeground><UIGlow>F201F5</UIGlow>Bénédiction martiale<UIGlow>01</UIGlow><UIForeground>01</UIForeground> et de <UIForeground>F201F4</UIForeground><UIGlow>F201F5</UIGlow>Péan martial<UIGlow>01</UIGlow><UIForeground>01</UIForeground> détermine la puissance de l'effet.
<UIForeground>F201FA</UIForeground><UIGlow>F201FB</UIGlow>1 degré<Indent/>:<UIGlow>01</UIGlow><UIForeground>01</UIForeground> 1%
<UIForeground>F201FA</UIForeground><UIGlow>F201FB</UIGlow>2 degrés<Indent/>:<UIGlow>01</UIGlow><UIForeground>01</UIForeground> 2%
<UIForeground>F201FA</UIForeground><UIGlow>F201FB</UIGlow>3 degrés<Indent/>:<UIGlow>01</UIGlow><UIForeground>01</UIForeground> 4%
<UIForeground>F201FA</UIForeground><UIGlow>F201FB</UIGlow>4 degrés<Indent/>:<UIGlow>01</UIGlow><UIForeground>01</UIForeground> 12%"
287,"Permet à votre <UIForeground>F201F6</UIForeground><UIGlow>F201F7</UIGlow>Jauge de voix de l'âme<UIGlow>01</UIGlow><UIForeground>01</UIForeground> de se remplir de 5 lorsque <UIForeground>F201F4</UIForeground><UIGlow>F201F5</UIGlow>Inspiration poétique<UIGlow>01</UIGlow><UIForeground>01</UIForeground> vous est octroyée."
288,"Remplace <UIForeground>F201F4</UIForeground><UIGlow>F201F5</UIGlow>Tir scindé<UIGlow>01</UIGlow><UIForeground>01</UIForeground> par <UIForeground>F201F4</UIForeground><UIGlow>F201F5</UIGlow>Tir scindé chauffé<UIGlow>01</UIGlow><UIForeground>01</UIForeground>."
289,"Remplace <UIForeground>F201F4</UIForeground><UIGlow>F201F5</UIGlow>Tir de balle<UIGlow>01</UIGlow><UIForeground>01</UIForeground> par <UIForeground>F201F4</UIForeground><UIGlow>F201F5</UIGlow>Tir de balle chauffé<UIGlow>01</UIGlow><UIForeground>01</UIForeground>."
290,"Remplace <UIForeground>F201F4</UIForeground><UIGlow>F201F5</UIGlow>Tir net<UIGlow>01</UIGlow><UIForeground>01</UIForeground> par <UIForeground>F201F4</UIForeground><UIGlow>F201F5</UIGlow>Tir net chauffé<UIGlow>01</UIGlow><UIForeground>01</UIForeground>."
291,"Remplace <UIForeground>F201F4</UIForeground><UIGlow>F201F5</UIGlow>Tir déchaîné<UIGlow>01</UIGlow><UIForeground>01</UIForeground> par <UIForeground>F201F4</UIForeground><UIGlow>F201F5</UIGlow>Ancre aérienne<UIGlow>01</UIGlow><UIForeground>01</UIForeground>."
292,"Augmente à 3 le nombre maximum de charges de <UIForeground>F201F4</UIForeground><UIGlow>F201F5</UIGlow>Décharge Gauss<UIGlow>01</UIGlow><UIForeground>01</UIForeground> et de <UIForeground>F201F4</UIForeground><UIGlow>F201F5</UIGlow>Ricochet<UIGlow>01</UIGlow><UIForeground>01</UIForeground>."
293,"Augmente le bonus conféré à la puissance de <UIForeground>F201F4</UIForeground><UIGlow>F201F5</UIGlow>Flambée<UIGlow>01</UIGlow><UIForeground>01</UIForeground> à 240 pour chaque technique d'arme utilisée pendant l'effet."
294,"Remplace <UIForeground>F201F4</UIForeground><UIGlow>F201F5</UIGlow>Auto-tourelle Tour<UIGlow>01</UIGlow><UIForeground>01</UIForeground> par <UIForeground>F201F4</UIForeground><UIGlow>F201F5</UIGlow>Automate Reine<UIGlow>01</UIGlow><UIForeground>01</UIForeground> et <UIForeground>F201F4</UIForeground><UIGlow>F201F5</UIGlow>Surmul<SoftHyphen/>ti<SoftHyphen/>pli<SoftHyphen/>ca<SoftHyphen/>tion de Tour<UIGlow>01</UIGlow><UIForeground>01</UIForeground> par <UIForeground>F201F4</UIForeground><UIGlow>F201F5</UIGlow>Surmul<SoftHyphen/>ti<SoftHyphen/>pli<SoftHyphen/>ca<SoftHyphen/>tion de Reine<UIGlow>01</UIGlow><UIForeground>01</UIForeground>."
295,"Vous octroie des degrés de <UIForeground>F201F4</UIForeground><UIGlow>F201F5</UIGlow>Cœur ombral<UIGlow>01</UIGlow><UIForeground>01</UIForeground> lorsque vous utilisez <UIForeground>F201F4</UIForeground><UIGlow>F201F5</UIGlow>Âme ombrale<UIGlow>01</UIGlow><UIForeground>01</UIForeground>, <UIForeground>F201F4</UIForeground><UIGlow>F201F5</UIGlow>Gel<UIGlow>01</UIGlow><UIForeground>01</UIForeground> ou <UIForeground>F201F4</UIForeground><UIGlow>F201F5</UIGlow>Vasque de mana<UIGlow>01</UIGlow><UIForeground>01</UIForeground>."
296,"Utiliser certains sorts vous octroie <UIForeground>F201F4</UIForeground><UIGlow>F201F5</UIGlow>Feu astral<UIGlow>01</UIGlow><UIForeground>01</UIForeground> ou <UIForeground>F201F4</UIForeground><UIGlow>F201F5</UIGlow>Glace ombrale<UIGlow>01</UIGlow><UIForeground>01</UIForeground> (maximum 1).
<UIForeground>F201FA</UIForeground><UIGlow>F201FB</UIGlow>Effet avec Feu astral<Indent/>:<UIGlow>01</UIGlow><UIForeground>01</UIForeground> empêche la récupération de MP avec le temps, augmente la puissance des sorts de feu de 40％, mais multiplie par deux leur coût en PM.
Réduit également la puissance des sorts de glace de 10%, mais réduit à 0 leur coût en PM.
<UIForeground>F201FA</UIForeground><UIGlow>F201FB</UIGlow>Effet avec Glace ombrale:<UIGlow>01</UIGlow><UIForeground>01</UIForeground> restaure 2500 PM quand un sort de glace est utilisé avec succès et réduit à 0 leur coût en PM.
Réduit également la puissance des sorts de feu de 10%, mais réduit à 0 leur coût en PM."
297,"Augmente le degré maximal de <UIForeground>F201F4</UIForeground><UIGlow>F201F5</UIGlow>Polyglotte<UIGlow>01</UIGlow><UIForeground>01</UIForeground> à 2."
298,"Permet à votre transe de s'approfondir de 2 degrés lorsque <UIForeground>F201F4</UIForeground><UIGlow>F201F5</UIGlow>Transe-Bahamut<UIGlow>01</UIGlow><UIForeground>01</UIForeground> prend fin."
299,"L'action Frappe Egi II vous octroie elle aussi <UIForeground>F201F4</UIForeground><UIGlow>F201F5</UIGlow>Extra ruine renforcée<UIGlow>01</UIGlow><UIForeground>01</UIForeground> lorsque votre Egi l'utilise."
300,"Allonge à 30s la durée de l'effet de <UIForeground>F201F4</UIForeground><UIGlow>F201F5</UIGlow>Ruinance<UIGlow>01</UIGlow><UIForeground>01</UIForeground>."
301,"Permet à l'effet additionnel de Fléau de toujours se déclencher."
302,"Transe-Phénix fait apparaître un Demi-Phénix à la place de votre Egi invoqué.
<UIForeground>F201FA</UIForeground><UIGlow>F201FB</UIGlow>Durée<Indent/>:<UIGlow>01</UIGlow><UIForeground>01</UIForeground> 20s
Le Demi-Phénix exécute <UIForeground>F201F4</UIForeground><UIGlow>F201F5</UIGlow>Vol éternel<UIGlow>01</UIGlow><UIForeground>01</UIForeground> dès qu'il apparaît et <UIForeground>F201F4</UIForeground><UIGlow>F201F5</UIGlow>Flamme écarlate<UIGlow>01</UIGlow><UIForeground>01</UIForeground> à chaque fois que vous utilisez un sort de magie offensive.
Votre Egi réapparaît lorsque le Demi-Phénix disparaît."
303,"Remplace <UIForeground>F201F4</UIForeground><UIGlow>F201F5</UIGlow>Éparpillement<UIGlow>01</UIGlow><UIForeground>01</UIForeground> par <UIForeground>F201F4</UIForeground><UIGlow>F201F5</UIGlow>Impact<UIGlow>01</UIGlow><UIForeground>01</UIForeground>."
304,"Augmente la puissance de <UIForeground>F201F4</UIForeground><UIGlow>F201F5</UIGlow>Déplacement<UIGlow>01</UIGlow><UIForeground>01</UIForeground> et d'<UIForeground>F201F4</UIForeground><UIGlow>F201F5</UIGlow>Engagement<UIGlow>01</UIGlow><UIForeground>01</UIForeground> à 180."
305,"Réduit à 110s le temps de recharge de <UIForeground>F201F4</UIForeground><UIGlow>F201F5</UIGlow>Manafication<UIGlow>01</UIGlow><UIForeground>01</UIForeground>.
Octroie un effet augmentant de 5% vos dégâts magiques."
306,"Réduit le temps de recharge de <UIForeground>F201F4</UIForeground><UIGlow>F201F5</UIGlow>Contre de sixte<UIGlow>01</UIGlow><UIForeground>01</UIForeground> à 35s et augmente la puissance d'<UIForeground>F201F4</UIForeground><UIGlow>F201F5</UIGlow>Extra VerFoudre<UIGlow>01</UIGlow><UIForeground>01</UIForeground> et d'<UIForeground>F201F4</UIForeground><UIGlow>F201F5</UIGlow>Extra VerVent<UIGlow>01</UIGlow><UIForeground>01</UIForeground> à 120."
307,"Remplace <UIForeground>F201F4</UIForeground><UIGlow>F201F5</UIGlow>Extra Vent<UIGlow>01</UIGlow><UIForeground>01</UIForeground> par <UIForeground>F201F4</UIForeground><UIGlow>F201F5</UIGlow>Lumen<UIGlow>01</UIGlow><UIForeground>01</UIForeground>."
308,"Remplace <UIForeground>F201F4</UIForeground><UIGlow>F201F5</UIGlow>Giga Terre<UIGlow>01</UIGlow><UIForeground>01</UIForeground> par <UIForeground>F201F4</UIForeground><UIGlow>F201F5</UIGlow>Chatoiement<UIGlow>01</UIGlow><UIForeground>01</UIForeground>."
309,"Permet de nourrir votre <UIForeground>F201F4</UIForeground><UIGlow>F201F5</UIGlow>Lys de sang<UIGlow>01</UIGlow><UIForeground>01</UIForeground> lorsque vous utilisez <UIForeground>F201F4</UIForeground><UIGlow>F201F5</UIGlow>Offrande de réconfort<UIGlow>01</UIGlow><UIForeground>01</UIForeground>."
310,"Octroie à <UIForeground>F201F4</UIForeground><UIGlow>F201F5</UIGlow>Asile<UIGlow>01</UIGlow><UIForeground>01</UIForeground> un effet augmentant de 10% les effets curatifs reçus par vous et les équipiers dans l'aire d'effet."
311,"Remplace <UIForeground>F201F4</UIForeground><UIGlow>F201F5</UIGlow>Extra Bactérie<UIGlow>01</UIGlow><UIForeground>01</UIForeground> par <UIForeground>F201F4</UIForeground><UIGlow>F201F5</UIGlow>Loi de l'infection<UIGlow>01</UIGlow><UIForeground>01</UIForeground>."
312,"Remplace <UIForeground>F201F4</UIForeground><UIGlow>F201F5</UIGlow>Loi de l'ébullition II<UIGlow>01</UIGlow><UIForeground>01</UIForeground> par <UIForeground>F201F4</UIForeground><UIGlow>F201F5</UIGlow>Loi de l'ébullition III<UIGlow>01</UIGlow><UIForeground>01</UIForeground>.
Augmente la puissance d'<UIForeground>F201F4</UIForeground><UIGlow>F201F5</UIGlow>Extra Ruine<UIGlow>01</UIGlow><UIForeground>01</UIForeground> à 200."
313,"Octroie à <UIForeground>F201F4</UIForeground><UIGlow>F201F5</UIGlow>Dogme de survie<UIGlow>01</UIGlow><UIForeground>01</UIForeground> un effet restaurant périodiquement les PV des équipiers dans l'aire d'effet."
314,"Remplace <UIForeground>F201F4</UIForeground><UIGlow>F201F5</UIGlow>Conjonction supérieure II<UIGlow>01</UIGlow><UIForeground>01</UIForeground> par <UIForeground>F201F4</UIForeground><UIGlow>F201F5</UIGlow>Conjonction supérieure III<UIGlow>01</UIGlow><UIForeground>01</UIForeground>."
315,"Remplace <UIForeground>F201F4</UIForeground><UIGlow>F201F5</UIGlow>Malfaisance III<UIGlow>01</UIGlow><UIForeground>01</UIForeground> par <UIForeground>F201F4</UIForeground><UIGlow>F201F5</UIGlow>Malfaisance IV<UIGlow>01</UIGlow><UIForeground>01</UIForeground>."
316,"Permet de cumuler plusieurs charges pour <UIForeground>F201F4</UIForeground><UIGlow>F201F5</UIGlow>Dignité essentielle<UIGlow>01</UIGlow><UIForeground>01</UIForeground>.
<UIForeground>F201FA</UIForeground><UIGlow>F201FB</UIGlow>Maximum de charges<Indent/>:<UIGlow>01</UIGlow><UIForeground>01</UIForeground> 2"
317,"Réduit de 20% les dégâts subis.
Ajoute un bonus à l'augmentation des PV maximums en fonction de la vitalité et un bonus à l'augmentation des dégâts infligés en fonction de celle de la force."
318,"Réduit de 20% les dégâts subis.
Ajoute un bonus à l'augmentation des PV maximums en fonction de la vitalité et un bonus à l'augmentation des dégâts infligés en fonction de celle de la force."
319,"Réduit de 20% les dégâts subis.
Ajoute un bonus à l'augmentation des PV maximums en fonction de la vitalité et un bonus à l'augmentation des dégâts infligés en fonction de celle de la force."
320,"Réduit de 20% les dégâts subis.
Ajoute un bonus à l'augmentation des PV maximums en fonction de la vitalité et un bonus à l'augmentation des dégâts infligés en fonction de celle de la force."
321,"Réduit à 30s le temps de recharge de <UIForeground>F201F4</UIForeground><UIGlow>F201F5</UIGlow>Dynamisation<UIGlow>01</UIGlow><UIForeground>01</UIForeground>."
322,"Augmente l'effet <UIForeground>F201F4</UIForeground><UIGlow>F201F5</UIGlow>Énochien<UIGlow>01</UIGlow><UIForeground>01</UIForeground> à 15%."
323,""
324,"Remplace <UIForeground>F201F4</UIForeground><UIGlow>F201F5</UIGlow>Bactérie<UIGlow>01</UIGlow><UIForeground>01</UIForeground> par <UIForeground>F201F4</UIForeground><UIGlow>F201F5</UIGlow>Extra Bactérie<UIGlow>01</UIGlow><UIForeground>01</UIForeground>."
325,"Vous bénéficiez au<SoftHyphen/>to<SoftHyphen/>ma<SoftHyphen/>ti<SoftHyphen/>que<SoftHyphen/>ment de l'effet Science des minéraux lorsque vous devenez mineur."
326,"Vous bénéficiez au<SoftHyphen/>to<SoftHyphen/>ma<SoftHyphen/>ti<SoftHyphen/>que<SoftHyphen/>ment de l'effet Science des végétaux lorsque vous devenez botaniste."
327,"Vous bénéficiez au<SoftHyphen/>to<SoftHyphen/>ma<SoftHyphen/>ti<SoftHyphen/>que<SoftHyphen/>ment de l'effet Science des océans lorsque vous devenez pêcheur."
328,"Vous bénéficiez au<SoftHyphen/>to<SoftHyphen/>ma<SoftHyphen/>ti<SoftHyphen/>que<SoftHyphen/>ment de l'effet Discrétion lorsque vous devenez mineur ou lorsque vous changez de zone, si l'endroit le permet."
329,"Vous bénéficiez au<SoftHyphen/>to<SoftHyphen/>ma<SoftHyphen/>ti<SoftHyphen/>que<SoftHyphen/>ment de l'effet Discrétion lorsque vous devenez botaniste ou lorsque vous changez de zone, si l'endroit le permet."
330,"Vous bénéficiez au<SoftHyphen/>to<SoftHyphen/>ma<SoftHyphen/>ti<SoftHyphen/>que<SoftHyphen/>ment de l'effet Discrétion lorsque vous devenez pêcheur ou lorsque vous changez de zone, si l'endroit le permet."
331,"L'effet de Bénédiction des Douze est amélioré de 1."
332,"L'effet de Bénédiction des Douze est amélioré de 1."
333,"Remplace <UIForeground>F201F4</UIForeground><UIGlow>F201F5</UIGlow>Extraction abondante<UIGlow>01</UIGlow><UIForeground>01</UIForeground> par <UIForeground>F201F4</UIForeground><UIGlow>F201F5</UIGlow>Extraction abondante II<UIGlow>01</UIGlow><UIForeground>01</UIForeground>."
334,"Remplace <UIForeground>F201F4</UIForeground><UIGlow>F201F5</UIGlow>Déterrage II<UIGlow>01</UIGlow><UIForeground>01</UIForeground> par <UIForeground>F201F4</UIForeground><UIGlow>F201F5</UIGlow>Déterrage III<UIGlow>01</UIGlow><UIForeground>01</UIForeground>."
335,"Remplace <UIForeground>F201F4</UIForeground><UIGlow>F201F5</UIGlow>Évaluation impulsive<UIGlow>01</UIGlow><UIForeground>01</UIForeground> par <UIForeground>F201F4</UIForeground><UIGlow>F201F5</UIGlow>Évaluation impulsive II<UIGlow>01</UIGlow><UIForeground>01</UIForeground>."
336,"Remplace <UIForeground>F201F4</UIForeground><UIGlow>F201F5</UIGlow>Récolte abondante<UIGlow>01</UIGlow><UIForeground>01</UIForeground> par <UIForeground>F201F4</UIForeground><UIGlow>F201F5</UIGlow>Récolte abondante II<UIGlow>01</UIGlow><UIForeground>01</UIForeground>."
337,"Remplace <UIForeground>F201F4</UIForeground><UIGlow>F201F5</UIGlow>Main verte II<UIGlow>01</UIGlow><UIForeground>01</UIForeground> par <UIForeground>F201F4</UIForeground><UIGlow>F201F5</UIGlow>Main verte III<UIGlow>01</UIGlow><UIForeground>01</UIForeground>."
338,"Remplace <UIForeground>F201F4</UIForeground><UIGlow>F201F5</UIGlow>Évaluation impulsive<UIGlow>01</UIGlow><UIForeground>01</UIForeground> par <UIForeground>F201F4</UIForeground><UIGlow>F201F5</UIGlow>Évaluation impulsive II<UIGlow>01</UIGlow><UIForeground>01</UIForeground>."
339,"L'efficacité de Travail de base augmente à 120."
340,"L'efficacité de Travail de base augmente à 120."
341,"L'efficacité de Travail de base augmente à 120."
342,"L'efficacité de Travail de base augmente à 120."
343,"L'efficacité de Travail de base augmente à 120."
344,"L'efficacité de Travail de base augmente à 120."
345,"L'efficacité de Travail de base augmente à 120."
346,"L'efficacité de Travail de base augmente à 120."
347,"L'efficacité de Travail rapide augmente à 500."
348,"L'efficacité de Travail rapide augmente à 500."
349,"L'efficacité de Travail rapide augmente à 500."
350,"L'efficacité de Travail rapide augmente à 500."
351,"L'efficacité de Travail rapide augmente à 500."
352,"L'efficacité de Travail rapide augmente à 500."
353,"L'efficacité de Travail rapide augmente à 500."
354,"L'efficacité de Travail rapide augmente à 500."
355,"Augmente la puissance de <UIForeground>F201F4</UIForeground><UIGlow>F201F5</UIGlow>Fracas élémentaire<UIGlow>01</UIGlow><UIForeground>01</UIForeground> à 90."
356,"Permet d'effectuer des synthèses d'essai."
357,"Permet d'effectuer des synthèses d'essai."
358,"Permet d'effectuer des synthèses d'essai."
359,"Permet d'effectuer des synthèses d'essai."
360,"Permet d'effectuer des synthèses d'essai."
361,"Permet d'effectuer des synthèses d'essai."
362,"Permet d'effectuer des synthèses d'essai."
363,"Permet d'effectuer des synthèses d'essai."
364,"Réduit de 5% le délai des attaques automatiques et les temps de lancement et de recharge des techniques d'arme et des sorts."
365,"Réduit de 10% le délai des attaques automatiques et les temps de lancement et de recharge des techniques d'arme et des sorts."
366,"Réduit de 15% le délai des attaques automatiques et les temps de lancement et de recharge des techniques d'arme et des sorts."
367,"Réduit de 20% le délai des attaques automatiques et les temps de lancement et de recharge des techniques d'arme et des sorts."
368,"Les soins et les dégâts de base des actions sont augmentés de 10%."
369,"Les soins et les dégâts de base des actions sont augmentés de 30%."
370,"Remplit une vésicule de <UIForeground>F201F4</UIForeground><UIGlow>F201F5</UIGlow>Bile de vipère<UIGlow>01</UIGlow><UIForeground>01</UIForeground> toutes les 20 secondes, jusqu'à un maximum de 3. Le remplissage a lieu même en étant K.O."
371,"Augmente la puissance de certaines actions.

<UIForeground>F201FA</UIForeground><UIGlow>F201FB</UIGlow>Puissance de Dosis<Indent/>:<UIGlow>01</UIGlow><UIForeground>01</UIForeground> 250
<UIForeground>F201FA</UIForeground><UIGlow>F201FB</UIGlow>Puissance de Phlegma<Indent/>:<UIGlow>01</UIGlow><UIForeground>01</UIForeground> 330
<UIForeground>F201FA</UIForeground><UIGlow>F201FB</UIGlow>Puissance de Dosis eucrasique<Indent/>:<UIGlow>01</UIGlow><UIForeground>01</UIForeground> 35"
372,"Augmente la puissance de certaines actions.

<UIForeground>F201FA</UIForeground><UIGlow>F201FB</UIGlow>Puissance de Dosis<Indent/>:<UIGlow>01</UIGlow><UIForeground>01</UIForeground> 300
<UIForeground>F201FA</UIForeground><UIGlow>F201FB</UIGlow>Puissance de Phlegma<Indent/>:<UIGlow>01</UIGlow><UIForeground>01</UIForeground> 400
<UIForeground>F201FA</UIForeground><UIGlow>F201FB</UIGlow>Puissance de Dosis eucrasique<Indent/>:<UIGlow>01</UIGlow><UIForeground>01</UIForeground> 40"
373,"Vous octroie un <UIForeground>F201F4</UIForeground><UIGlow>F201F5</UIGlow>Croc de vipère<UIGlow>01</UIGlow><UIForeground>01</UIForeground> lorsque la barrière de <UIForeground>F201F4</UIForeground><UIGlow>F201F5</UIGlow>Prognosis eucrasique<UIGlow>01</UIGlow><UIForeground>01</UIForeground> sur vous-même ou <UIForeground>F201F4</UIForeground><UIGlow>F201F5</UIGlow>Diagnosis eucrasique<UIGlow>01</UIGlow><UIForeground>01</UIForeground> a absorbé son montant de dégâts.
Vous pouvez en cumuler jusqu'à un maximum de trois."
374,"Remplace <UIForeground>F201F4</UIForeground><UIGlow>F201F5</UIGlow>Dosis<UIGlow>01</UIGlow><UIForeground>01</UIForeground> par <UIForeground>F201F4</UIForeground><UIGlow>F201F5</UIGlow>Dosis II<UIGlow>01</UIGlow><UIForeground>01</UIForeground>, <UIForeground>F201F4</UIForeground><UIGlow>F201F5</UIGlow>Phlegma<UIGlow>01</UIGlow><UIForeground>01</UIForeground> par <UIForeground>F201F4</UIForeground><UIGlow>F201F5</UIGlow>Phlegma II<UIGlow>01</UIGlow><UIForeground>01</UIForeground> et <UIForeground>F201F4</UIForeground><UIGlow>F201F5</UIGlow>Dosis eucrasique<UIGlow>01</UIGlow><UIForeground>01</UIForeground> par <UIForeground>F201F4</UIForeground><UIGlow>F201F5</UIGlow>Dosis eucrasique II<UIGlow>01</UIGlow><UIForeground>01</UIForeground>.
Augmente la puissance de <UIForeground>F201F4</UIForeground><UIGlow>F201F5</UIGlow>Toxikon<UIGlow>01</UIGlow><UIForeground>01</UIForeground> à 300."
375,"Ajoute un effet de restauration périodique de PV à <UIForeground>F201F4</UIForeground><UIGlow>F201F5</UIGlow>Kerachole<UIGlow>01</UIGlow><UIForeground>01</UIForeground>."
376,"Remplace <UIForeground>F201F4</UIForeground><UIGlow>F201F5</UIGlow>Dosis II<UIGlow>01</UIGlow><UIForeground>01</UIForeground> par <UIForeground>F201F4</UIForeground><UIGlow>F201F5</UIGlow>Dosis III<UIGlow>01</UIGlow><UIForeground>01</UIForeground>, <UIForeground>F201F4</UIForeground><UIGlow>F201F5</UIGlow>Phlegma II<UIGlow>01</UIGlow><UIForeground>01</UIForeground> par <UIForeground>F201F4</UIForeground><UIGlow>F201F5</UIGlow>Phlegma III<UIGlow>01</UIGlow><UIForeground>01</UIForeground>, <UIForeground>F201F4</UIForeground><UIGlow>F201F5</UIGlow>Dosis eucrasique II<UIGlow>01</UIGlow><UIForeground>01</UIForeground> par <UIForeground>F201F4</UIForeground><UIGlow>F201F5</UIGlow>Dosis eucrasique III<UIGlow>01</UIGlow><UIForeground>01</UIForeground>, <UIForeground>F201F4</UIForeground><UIGlow>F201F5</UIGlow>Dyskrasia<UIGlow>01</UIGlow><UIForeground>01</UIForeground> par <UIForeground>F201F4</UIForeground><UIGlow>F201F5</UIGlow>Dyskrasia II<UIGlow>01</UIGlow><UIForeground>01</UIForeground> et <UIForeground>F201F4</UIForeground><UIGlow>F201F5</UIGlow>Toxikon<UIGlow>01</UIGlow><UIForeground>01</UIForeground> par <UIForeground>F201F4</UIForeground><UIGlow>F201F5</UIGlow>Toxikon II<UIGlow>01</UIGlow><UIForeground>01</UIForeground>."
377,"Augmente la puissance de certaines actions curatives.

<UIForeground>F201FA</UIForeground><UIGlow>F201FB</UIGlow>Puissance de Diagnosis<Indent/>:<UIGlow>01</UIGlow><UIForeground>01</UIForeground> 450
<UIForeground>F201FA</UIForeground><UIGlow>F201FB</UIGlow>Puissance de Kardia<Indent/>:<UIGlow>01</UIGlow><UIForeground>01</UIForeground> 170
<UIForeground>F201FA</UIForeground><UIGlow>F201FB</UIGlow>Puissance de Diagnosis eucrasique (barrière)<Indent/>:<UIGlow>01</UIGlow><UIForeground>01</UIForeground> 180%
<UIForeground>F201FA</UIForeground><UIGlow>F201FB</UIGlow>Puissance de Prognosis eucrasique (barrière)<Indent/>:<UIGlow>01</UIGlow><UIForeground>01</UIForeground> 320%"
378,"Réduit à 90s le temps de recharge de <UIForeground>F201F4</UIForeground><UIGlow>F201F5</UIGlow>Zoe<UIGlow>01</UIGlow><UIForeground>01</UIForeground>."
379,"Permet à votre <UIForeground>F201F6</UIForeground><UIGlow>F201F7</UIGlow>Jauge des âmes<UIGlow>01</UIGlow><UIForeground>01</UIForeground> de se remplir lorsque vous utilisez certains sorts et techniques d'arme avec succès, ou lorsque vous abattez des ennemis subissant votre <UIForeground>F201F4</UIForeground><UIGlow>F201F5</UIGlow>Dessein de la Camarde<UIGlow>01</UIGlow><UIForeground>01</UIForeground>."
380,"Augmente la puissance de certaines actions.

<UIForeground>F201FA</UIForeground><UIGlow>F201FB</UIGlow>Puissance de Tranchage<Indent/>:<UIGlow>01</UIGlow><UIForeground>01</UIForeground> 300
<UIForeground>F201FA</UIForeground><UIGlow>F201FB</UIGlow>Puissance de Tranchage blafard<Indent/>:<UIGlow>01</UIGlow><UIForeground>01</UIForeground> 140
<UIForeground>F201FA</UIForeground><UIGlow>F201FB</UIGlow>Puissance d'Ombre de la mort<Indent/>:<UIGlow>01</UIGlow><UIForeground>01</UIForeground> 300
<UIForeground>F201FA</UIForeground><UIGlow>F201FB</UIGlow>Puissance de Harpé<Indent/>:<UIGlow>01</UIGlow><UIForeground>01</UIForeground> 300
<UIForeground>F201FA</UIForeground><UIGlow>F201FB</UIGlow>Puissance de Faux tournoyante<Indent/>:<UIGlow>01</UIGlow><UIForeground>01</UIForeground> 140
<UIForeground>F201FA</UIForeground><UIGlow>F201FB</UIGlow>Puissance de Tranchage infernal<Indent/>:<UIGlow>01</UIGlow><UIForeground>01</UIForeground> 140
<UIForeground>F201FA</UIForeground><UIGlow>F201FB</UIGlow>Puissance de Tourbillion de la mort<Indent/>:<UIGlow>01</UIGlow><UIForeground>01</UIForeground> 100
<UIForeground>F201FA</UIForeground><UIGlow>F201FB</UIGlow>Puissance de Faux cauchemardesque<Indent/>:<UIGlow>01</UIGlow><UIForeground>01</UIForeground> 120"
381,"Permet de recevoir <UIForeground>F201F4</UIForeground><UIGlow>F201F5</UIGlow>Moissonneur d'âmes<UIGlow>01</UIGlow><UIForeground>01</UIForeground> lorsque vous utilisez <UIForeground>F201F4</UIForeground><UIGlow>F201F5</UIGlow>Fétu ensanglanté<UIGlow>01</UIGlow><UIForeground>01</UIForeground> ou <UIForeground>F201F4</UIForeground><UIGlow>F201F5</UIGlow>Andain sinistre<UIGlow>01</UIGlow><UIForeground>01</UIForeground> avec succès.
<UIForeground>F201FA</UIForeground><UIGlow>F201FB</UIGlow>Durée<Indent/>:<UIGlow>01</UIGlow><UIForeground>01</UIForeground> 30s
Cet effet disparaît si une technique d'arme ou un sort est utilisé."
382,"Lorsque vous lancez <UIForeground>F201F4</UIForeground><UIGlow>F201F5</UIGlow>Intrusion de l'enfer<UIGlow>01</UIGlow><UIForeground>01</UIForeground> ou <UIForeground>F201F4</UIForeground><UIGlow>F201F5</UIGlow>Retraite de l'enfer<UIGlow>01</UIGlow><UIForeground>01</UIForeground>, un <UIForeground>F201F4</UIForeground><UIGlow>F201F5</UIGlow>Portail infernal<UIGlow>01</UIGlow><UIForeground>01</UIForeground> apparaît là où vous vous trouvez et <UIForeground>F201F4</UIForeground><UIGlow>F201F5</UIGlow>Repli préparé<UIGlow>01</UIGlow><UIForeground>01</UIForeground> vous est octroyé.
<UIForeground>F201FA</UIForeground><UIGlow>F201FB</UIGlow>Durée<Indent/>:<UIGlow>01</UIGlow><UIForeground>01</UIForeground> 10s
Après avoir lancé <UIForeground>F201F4</UIForeground><UIGlow>F201F5</UIGlow>Intrusion de l'enfer<UIGlow>01</UIGlow><UIForeground>01</UIForeground> ou <UIForeground>F201F4</UIForeground><UIGlow>F201F5</UIGlow>Retraite de l'enfer<UIGlow>01</UIGlow><UIForeground>01</UIForeground>, ces actions deviennent <UIForeground>F201F4</UIForeground><UIGlow>F201F5</UIGlow>Repli<UIGlow>01</UIGlow><UIForeground>01</UIForeground>."
383,"Permet de cumuler plusieurs charges pour <UIForeground>F201F4</UIForeground><UIGlow>F201F5</UIGlow>Tranchage animique<UIGlow>01</UIGlow><UIForeground>01</UIForeground> et <UIForeground>F201F4</UIForeground><UIGlow>F201F5</UIGlow>Faux animique<UIGlow>01</UIGlow><UIForeground>01</UIForeground>.
<UIForeground>F201FA</UIForeground><UIGlow>F201FB</UIGlow>Maximum de charges<Indent/>:<UIGlow>01</UIGlow><UIForeground>01</UIForeground> 2"
384,"Permet à votre <UIForeground>F201F6</UIForeground><UIGlow>F201F7</UIGlow>Jauge du linceul<UIGlow>01</UIGlow><UIForeground>01</UIForeground> de se remplir lorsque vous utilisez <UIForeground>F201F4</UIForeground><UIGlow>F201F5</UIGlow>Gibet<UIGlow>01</UIGlow><UIForeground>01</UIForeground>, <UIForeground>F201F4</UIForeground><UIGlow>F201F5</UIGlow>Potence<UIGlow>01</UIGlow><UIForeground>01</UIForeground> ou <UIForeground>F201F4</UIForeground><UIGlow>F201F5</UIGlow>Guillotine<UIGlow>01</UIGlow><UIForeground>01</UIForeground> avec succès."
385,"Octroie <UIForeground>F201F4</UIForeground><UIGlow>F201F5</UIGlow>Blason revigorant<UIGlow>01</UIGlow><UIForeground>01</UIForeground> à vous et à vos équipiers dans un rayon de 15 yalms quand la barrière de votre <UIForeground>F201F4</UIForeground><UIGlow>F201F5</UIGlow>Blason protecteur<UIGlow>01</UIGlow><UIForeground>01</UIForeground> a absorbé son montant de dégâts.
<UIForeground>F201FA</UIForeground><UIGlow>F201FB</UIGlow>Blason revigorant<Indent/>:<UIGlow>01</UIGlow><UIForeground>01</UIForeground> restaure périodiquement les PV.
<UIForeground>F201FA</UIForeground><UIGlow>F201FB</UIGlow>Puissance<Indent/>:<UIGlow>01</UIGlow><UIForeground>01</UIForeground> 50 <UIForeground>F201FA</UIForeground><UIGlow>F201FB</UIGlow>Durée<Indent/>:<UIGlow>01</UIGlow><UIForeground>01</UIForeground> 15s"
386,"Permet d'accumuler des <UIForeground>F201F4</UIForeground><UIGlow>F201F5</UIGlow>Âmes du néant<UIGlow>01</UIGlow><UIForeground>01</UIForeground> lorsque vous utilisez <UIForeground>F201F4</UIForeground><UIGlow>F201F5</UIGlow>Fauchage du néant<UIGlow>01</UIGlow><UIForeground>01</UIForeground>, <UIForeground>F201F4</UIForeground><UIGlow>F201F5</UIGlow>Fauchage croisé<UIGlow>01</UIGlow><UIForeground>01</UIForeground> ou <UIForeground>F201F4</UIForeground><UIGlow>F201F5</UIGlow>Fauchage sinistre<UIGlow>01</UIGlow><UIForeground>01</UIForeground> avec succès."
387,"Permet à votre <UIForeground>F201F4</UIForeground><UIGlow>F201F5</UIGlow>Cercle arcanique<UIGlow>01</UIGlow><UIForeground>01</UIForeground> d'octroyer <UIForeground>F201F4</UIForeground><UIGlow>F201F5</UIGlow>Cercle sacrificiel<UIGlow>01</UIGlow><UIForeground>01</UIForeground> à vous et à vos équipiers alentour.
<UIForeground>F201FA</UIForeground><UIGlow>F201FB</UIGlow>Durée<Indent/>:<UIGlow>01</UIGlow><UIForeground>01</UIForeground> 5s
<UIForeground>F201FA</UIForeground><UIGlow>F201FB</UIGlow>Cercle sacrificiel<Indent/>:<UIGlow>01</UIGlow><UIForeground>01</UIForeground> les personnes bénéficiant de l'effet octroient <UIForeground>F201F4</UIForeground><UIGlow>F201F5</UIGlow>Offrande à la Mort<UIGlow>01</UIGlow><UIForeground>01</UIForeground> au faucheur qui a posé le cercle quand ils utilisent une technique d'arme ou un sort avec succès. Cumulable jusqu'au 8e degré.
<UIForeground>F201FA</UIForeground><UIGlow>F201FB</UIGlow>Durée<Indent/>:<UIGlow>01</UIGlow><UIForeground>01</UIForeground> 30s
<UIForeground>F201FA</UIForeground><UIGlow>F201FB</UIGlow>Effet additionnel<Indent/>:<UIGlow>01</UIGlow><UIForeground>01</UIForeground> vous octroie <UIForeground>F201F4</UIForeground><UIGlow>F201F5</UIGlow>Guide du rite sacrificiel<UIGlow>01</UIGlow><UIForeground>01</UIForeground>.
<UIForeground>F201FA</UIForeground><UIGlow>F201FB</UIGlow>Durée<Indent/>:<UIGlow>01</UIGlow><UIForeground>01</UIForeground> 6s
<UIForeground>F201FA</UIForeground><UIGlow>F201FB</UIGlow>Guide du rite sacrificiel<Indent/>:<UIGlow>01</UIGlow><UIForeground>01</UIForeground> les personnes affectées par votre Cercle sacrificiel peuvent vous octroyer des degrés d'Offrande à la Mort."
388,"Vous octroie un degré de Calme intérieur chaque fois qu'une action augmente la qualité.
L'effet des actions qui améliorent la qualité est augmenté de 10% pour chaque degré de Calme intérieur (maximum 10)."
389,"Vous octroie un degré de Calme intérieur chaque fois qu'une action augmente la qualité.
L'effet des actions qui améliorent la qualité est augmenté de 10% pour chaque degré de Calme intérieur (maximum 10)."
390,"Vous octroie un degré de Calme intérieur chaque fois qu'une action augmente la qualité.
L'effet des actions qui améliorent la qualité est augmenté de 10% pour chaque degré de Calme intérieur (maximum 10)."
391,"Vous octroie un degré de Calme intérieur chaque fois qu'une action augmente la qualité.
L'effet des actions qui améliorent la qualité est augmenté de 10% pour chaque degré de Calme intérieur (maximum 10)."
392,"Vous octroie un degré de Calme intérieur chaque fois qu'une action augmente la qualité.
L'effet des actions qui améliorent la qualité est augmenté de 10% pour chaque degré de Calme intérieur (maximum 10)."
393,"Vous octroie un degré de Calme intérieur chaque fois qu'une action augmente la qualité.
L'effet des actions qui améliorent la qualité est augmenté de 10% pour chaque degré de Calme intérieur (maximum 10)."
394,"Vous octroie un degré de Calme intérieur chaque fois qu'une action augmente la qualité.
L'effet des actions qui améliorent la qualité est augmenté de 10% pour chaque degré de Calme intérieur (maximum 10)."
395,"Vous octroie un degré de Calme intérieur chaque fois qu'une action augmente la qualité.
L'effet des actions qui améliorent la qualité est augmenté de 10% pour chaque degré de Calme intérieur (maximum 10)."
396,"L'efficacité de Travail prudent augmente à 180."
397,"L'efficacité de Travail prudent augmente à 180."
398,"L'efficacité de Travail prudent augmente à 180."
399,"L'efficacité de Travail prudent augmente à 180."
400,"L'efficacité de Travail prudent augmente à 180."
401,"L'efficacité de Travail prudent augmente à 180."
402,"L'efficacité de Travail prudent augmente à 180."
403,"L'efficacité de Travail prudent augmente à 180."
404,"L'efficacité de Travail préparatoire augmente à 360."
405,"L'efficacité de Travail préparatoire augmente à 360."
406,"L'efficacité de Travail préparatoire augmente à 360."
407,"L'efficacité de Travail préparatoire augmente à 360."
408,"L'efficacité de Travail préparatoire augmente à 360."
409,"L'efficacité de Travail préparatoire augmente à 360."
410,"L'efficacité de Travail préparatoire augmente à 360."
411,"L'efficacité de Travail préparatoire augmente à 360."
412,"Remplace <UIForeground>F201F4</UIForeground><UIGlow>F201F5</UIGlow>Schiltron<UIGlow>01</UIGlow><UIForeground>01</UIForeground> par <UIForeground>F201F4</UIForeground><UIGlow>F201F5</UIGlow>Schiltron sacré<UIGlow>01</UIGlow><UIForeground>01</UIForeground>."
413,"Allonge à 8s la durée d'<UIForeground>F201F4</UIForeground><UIGlow>F201F5</UIGlow>Intervention<UIGlow>01</UIGlow><UIForeground>01</UIForeground>.
<UIForeground>F201F4</UIForeground><UIGlow>F201F5</UIGlow>Intervention<UIGlow>01</UIGlow><UIForeground>01</UIForeground> bénéficie des effets sup<SoftHyphen/>plé<SoftHyphen/>men<SoftHyphen/>tai<SoftHyphen/>res suivants<Indent/>:

<UIForeground>F201FA</UIForeground><UIGlow>F201FB</UIGlow>Effet additionnel<Indent/>:<UIGlow>01</UIGlow><UIForeground>01</UIForeground> octroie <UIForeground>F201F4</UIForeground><UIGlow>F201F5</UIGlow>Égide du paladin<UIGlow>01</UIGlow><UIForeground>01</UIForeground> à la cible.
<UIForeground>F201FA</UIForeground><UIGlow>F201FB</UIGlow>Durée<Indent/>:<UIGlow>01</UIGlow><UIForeground>01</UIForeground> 4s
<UIForeground>F201FA</UIForeground><UIGlow>F201FB</UIGlow>Égide du paladin<Indent/>:<UIGlow>01</UIGlow><UIForeground>01</UIForeground> réduit de 10% les dégâts subis par la cible.
<UIForeground>F201FA</UIForeground><UIGlow>F201FB</UIGlow>Effet additionnel<Indent/>:<UIGlow>01</UIGlow><UIForeground>01</UIForeground> octroie <UIForeground>F201F4</UIForeground><UIGlow>F201F5</UIGlow>Bénédiction du paladin<UIGlow>01</UIGlow><UIForeground>01</UIForeground> à la cible.
<UIForeground>F201FA</UIForeground><UIGlow>F201FB</UIGlow>Durée<Indent/>:<UIGlow>01</UIGlow><UIForeground>01</UIForeground> 12s
<UIForeground>F201FA</UIForeground><UIGlow>F201FB</UIGlow>Bénédiction du paladin<Indent/>:<UIGlow>01</UIGlow><UIForeground>01</UIForeground> restaure périodiquement les PV de la cible.
<UIForeground>F201FA</UIForeground><UIGlow>F201FB</UIGlow>Puissance<Indent/>:<UIGlow>01</UIGlow><UIForeground>01</UIForeground> 250"
414,"Ajoute un effet de restauration de PV à <UIForeground>F201F4</UIForeground><UIGlow>F201F5</UIGlow>Esprit saint<UIGlow>01</UIGlow><UIForeground>01</UIForeground>, <UIForeground>F201F4</UIForeground><UIGlow>F201F5</UIGlow>Cercle sacré<UIGlow>01</UIGlow><UIForeground>01</UIForeground> et <UIForeground>F201F4</UIForeground><UIGlow>F201F5</UIGlow>Confiteor<UIGlow>01</UIGlow><UIForeground>01</UIForeground>.
<UIForeground>F201FA</UIForeground><UIGlow>F201FB</UIGlow>Puissance<Indent/>:<UIGlow>01</UIGlow><UIForeground>01</UIForeground> 400"
415,"Remplace <UIForeground>F201F4</UIForeground><UIGlow>F201F5</UIGlow>Esprits intérieurs<UIGlow>01</UIGlow><UIForeground>01</UIForeground> par <UIForeground>F201F4</UIForeground><UIGlow>F201F5</UIGlow>Expiation<UIGlow>01</UIGlow><UIForeground>01</UIForeground>."
416,"<UIForeground>F201F4</UIForeground><UIGlow>F201F5</UIGlow>Voile divin<UIGlow>01</UIGlow><UIForeground>01</UIForeground> restaure vos PV et ceux des équipiers alentour.
<UIForeground>F201FA</UIForeground><UIGlow>F201FB</UIGlow>Puissance<Indent/>:<UIGlow>01</UIGlow><UIForeground>01</UIForeground> 400"
417,"<UIForeground>F201F4</UIForeground><UIGlow>F201F5</UIGlow>Débarrassage<UIGlow>01</UIGlow><UIForeground>01</UIForeground> restaure vos PV et ceux des équipiers alentour.
<UIForeground>F201FA</UIForeground><UIGlow>F201FB</UIGlow>Puissance<Indent/>:<UIGlow>01</UIGlow><UIForeground>01</UIForeground> 300"
418,"Remplace <UIForeground>F201F4</UIForeground><UIGlow>F201F5</UIGlow>Intuition pure<UIGlow>01</UIGlow><UIForeground>01</UIForeground> par <UIForeground>F201F4</UIForeground><UIGlow>F201F5</UIGlow>Intuition fougueuse<UIGlow>01</UIGlow><UIForeground>01</UIForeground>."
419,"Allonge à 8s la durée d'<UIForeground>F201F4</UIForeground><UIGlow>F201F5</UIGlow>Exaltation naissante<UIGlow>01</UIGlow><UIForeground>01</UIForeground> et d'<UIForeground>F201F4</UIForeground><UIGlow>F201F5</UIGlow>Exaltation communicative<UIGlow>01</UIGlow><UIForeground>01</UIForeground>. De plus, ajoute les effets suivants à <UIForeground>F201F4</UIForeground><UIGlow>F201F5</UIGlow>Exaltation communicative<UIGlow>01</UIGlow><UIForeground>01</UIForeground>.

<UIForeground>F201FA</UIForeground><UIGlow>F201FB</UIGlow>Effet additionnel<Indent/>:<UIGlow>01</UIGlow><UIForeground>01</UIForeground> octroie <UIForeground>F201F4</UIForeground><UIGlow>F201F5</UIGlow>Barrage au sang<UIGlow>01</UIGlow><UIForeground>01</UIForeground> à la cible.
<UIForeground>F201FA</UIForeground><UIGlow>F201FB</UIGlow>Durée<Indent/>:<UIGlow>01</UIGlow><UIForeground>01</UIForeground> 4s
<UIForeground>F201FA</UIForeground><UIGlow>F201FB</UIGlow>Barrage au sang<Indent/>:<UIGlow>01</UIGlow><UIForeground>01</UIForeground> réduit de 10% les dégâts subis.
<UIForeground>F201FA</UIForeground><UIGlow>F201FB</UIGlow>Effet additionnel<Indent/>:<UIGlow>01</UIGlow><UIForeground>01</UIForeground> octroie <UIForeground>F201F4</UIForeground><UIGlow>F201F5</UIGlow>Digue au sang<UIGlow>01</UIGlow><UIForeground>01</UIForeground> à la cible, une barrière annulant un certain montant de dégâts.
<UIForeground>F201FA</UIForeground><UIGlow>F201FB</UIGlow>Puissance<Indent/>:<UIGlow>01</UIGlow><UIForeground>01</UIForeground> 400
<UIForeground>F201FA</UIForeground><UIGlow>F201FB</UIGlow>Durée<Indent/>:<UIGlow>01</UIGlow><UIForeground>01</UIForeground> 20s"
420,"<UIForeground>F201F4</UIForeground><UIGlow>F201F5</UIGlow>Équilibre<UIGlow>01</UIGlow><UIForeground>01</UIForeground> restaure périodiquement vos PV.
<UIForeground>F201FA</UIForeground><UIGlow>F201FB</UIGlow>Puissance<Indent/>:<UIGlow>01</UIGlow><UIForeground>01</UIForeground> 200 <UIForeground>F201FA</UIForeground><UIGlow>F201FB</UIGlow>Durée<Indent/>:<UIGlow>01</UIGlow><UIForeground>01</UIForeground> 15s"
421,"Augmente à 3 le nombre maximum de charges d'<UIForeground>F201F4</UIForeground><UIGlow>F201F5</UIGlow>Assaut violent<UIGlow>01</UIGlow><UIForeground>01</UIForeground>."
422,"Réduit de 5s le temps de recharge de <UIForeground>F201F4</UIForeground><UIGlow>F201F5</UIGlow>Foulée ténébreuse<UIGlow>01</UIGlow><UIForeground>01</UIForeground> lorsque vous utilisez <UIForeground>F201F4</UIForeground><UIGlow>F201F5</UIGlow>Détérioration<UIGlow>01</UIGlow><UIForeground>01</UIForeground> sur la plupart des ennemis."
423,"Votre estime utilise <UIForeground>F201F4</UIForeground><UIGlow>F201F5</UIGlow>Porteur d'ombre<UIGlow>01</UIGlow><UIForeground>01</UIForeground> à la place de <UIForeground>F201F4</UIForeground><UIGlow>F201F5</UIGlow>Déluge d'ombre<UIGlow>01</UIGlow><UIForeground>01</UIForeground>.

Effectue une attaque magique neutre en ligne droite sur les ennemis devant vous.
<UIForeground>F201FA</UIForeground><UIGlow>F201FB</UIGlow>Puissance<Indent/>:<UIGlow>01</UIGlow><UIForeground>01</UIForeground> 570
La puissance est réduite de 25% au-delà du premier ennemi touché."
424,"Remplace <UIForeground>F201F4</UIForeground><UIGlow>F201F5</UIGlow>Cœur de pierre<UIGlow>01</UIGlow><UIForeground>01</UIForeground> par <UIForeground>F201F4</UIForeground><UIGlow>F201F5</UIGlow>Cœur de corindon<UIGlow>01</UIGlow><UIForeground>01</UIForeground>."
425,"Permet de cumuler plusieurs charges pour <UIForeground>F201F4</UIForeground><UIGlow>F201F5</UIGlow>Aurore<UIGlow>01</UIGlow><UIForeground>01</UIForeground>.
<UIForeground>F201FA</UIForeground><UIGlow>F201FB</UIGlow>Maximum de charges<Indent/>:<UIGlow>01</UIGlow><UIForeground>01</UIForeground> 2"
426,"Permet de recevoir <UIForeground>F201F4</UIForeground><UIGlow>F201F5</UIGlow>Hypervitesse préparée<UIGlow>01</UIGlow><UIForeground>01</UIForeground> lorsque vous utilisez <UIForeground>F201F4</UIForeground><UIGlow>F201F5</UIGlow>Frappe explosive<UIGlow>01</UIGlow><UIForeground>01</UIForeground>.
<UIForeground>F201FA</UIForeground><UIGlow>F201FB</UIGlow>Durée<Indent/>:<UIGlow>01</UIGlow><UIForeground>01</UIForeground> 10s
Remplace <UIForeground>F201F4</UIForeground><UIGlow>F201F5</UIGlow>Consécution<UIGlow>01</UIGlow><UIForeground>01</UIForeground> par <UIForeground>F201F4</UIForeground><UIGlow>F201F5</UIGlow>Hypervitesse<UIGlow>01</UIGlow><UIForeground>01</UIForeground> pendant la durée de l'effet."
427,"Augmente à 3 le nombre maximum de <UIForeground>F201F4</UIForeground><UIGlow>F201F5</UIGlow>Cartouches d'éther<UIGlow>01</UIGlow><UIForeground>01</UIForeground>, ou 6 sous l'effet de <UIForeground>F201F4</UIForeground><UIGlow>F201F5</UIGlow>Cartouche de sang<UIGlow>01</UIGlow><UIForeground>01</UIForeground>. Par ailleurs, <UIForeground>F201F4</UIForeground><UIGlow>F201F5</UIGlow>Cartouche de sang<UIGlow>01</UIGlow><UIForeground>01</UIForeground> octroie 3 <UIForeground>F201F4</UIForeground><UIGlow>F201F5</UIGlow>Cartouches d'éther<UIGlow>01</UIGlow><UIForeground>01</UIForeground> lors de son utilisation."
428,"Remplace <UIForeground>F201F4</UIForeground><UIGlow>F201F5</UIGlow>Charge d'acier<UIGlow>01</UIGlow><UIForeground>01</UIForeground> par <UIForeground>F201F4</UIForeground><UIGlow>F201F5</UIGlow>Chakra interdit<UIGlow>01</UIGlow><UIForeground>01</UIForeground> et <UIForeground>F201F4</UIForeground><UIGlow>F201F5</UIGlow>Méditation profonde<UIGlow>01</UIGlow><UIForeground>01</UIForeground> par <UIForeground>F201F4</UIForeground><UIGlow>F201F5</UIGlow>Méditation interdite<UIGlow>01</UIGlow><UIForeground>01</UIForeground>."
429,"Remplace <UIForeground>F201F4</UIForeground><UIGlow>F201F5</UIGlow>Poing hurlant<UIGlow>01</UIGlow><UIForeground>01</UIForeground> par <UIForeground>F201F4</UIForeground><UIGlow>F201F5</UIGlow>Illumination<UIGlow>01</UIGlow><UIForeground>01</UIForeground> et <UIForeground>F201F4</UIForeground><UIGlow>F201F5</UIGlow>Méditation immatérielle<UIGlow>01</UIGlow><UIForeground>01</UIForeground> par <UIForeground>F201F4</UIForeground><UIGlow>F201F5</UIGlow>Méditation illuminée<UIGlow>01</UIGlow><UIForeground>01</UIForeground>."
430,"Remplace <UIForeground>F201F4</UIForeground><UIGlow>F201F5</UIGlow>Frappe du Destructeur<UIGlow>01</UIGlow><UIForeground>01</UIForeground> par <UIForeground>F201F4</UIForeground><UIGlow>F201F5</UIGlow>Ombre du Destructeur<UIGlow>01</UIGlow><UIForeground>01</UIForeground>."
431,"Augmente à 3 le nombre maximum de charges d'<UIForeground>F201F4</UIForeground><UIGlow>F201F5</UIGlow>Élan fulgurant<UIGlow>01</UIGlow><UIForeground>01</UIForeground>."
432,"Augmente à 100% les chances d'ouverture de chakra conférées par <UIForeground>F201F4</UIForeground><UIGlow>F201F5</UIGlow>Fraternité méditative<UIGlow>01</UIGlow><UIForeground>01</UIForeground> lorsque vous lancez un sort ou utilisez une technique d'arme."
433,"Exécuter une action octroyant une posture quand <UIForeground>F201F4</UIForeground><UIGlow>F201F5</UIGlow>Équilibre parfait<UIGlow>01</UIGlow><UIForeground>01</UIForeground> est actif octroie aussi un <UIForeground>F201F4</UIForeground><UIGlow>F201F5</UIGlow>Chakra bestial<UIGlow>01</UIGlow><UIForeground>01</UIForeground>.
Les actions octroyant la posture de l'<UIForeground>F201F4</UIForeground><UIGlow>F201F5</UIGlow>opo-opo<UIGlow>01</UIGlow><UIForeground>01</UIForeground> ouvrent un <UIForeground>F201F4</UIForeground><UIGlow>F201F5</UIGlow>Chakra du coeurl<UIGlow>01</UIGlow><UIForeground>01</UIForeground>.
Les actions octroyant la posture du <UIForeground>F201F4</UIForeground><UIGlow>F201F5</UIGlow>raptor<UIGlow>01</UIGlow><UIForeground>01</UIForeground> ouvrent un <UIForeground>F201F4</UIForeground><UIGlow>F201F5</UIGlow>Chakra de l'opo-opo<UIGlow>01</UIGlow><UIForeground>01</UIForeground>.
Les actions octroyant la posture du <UIForeground>F201F4</UIForeground><UIGlow>F201F5</UIGlow>coeurl<UIGlow>01</UIGlow><UIForeground>01</UIForeground> ouvrent un <UIForeground>F201F4</UIForeground><UIGlow>F201F5</UIGlow>Chakra du raptor<UIGlow>01</UIGlow><UIForeground>01</UIForeground>."
434,"Augmente la puissance de <UIForeground>F201F4</UIForeground><UIGlow>F201F5</UIGlow>Saut<UIGlow>01</UIGlow><UIForeground>01</UIForeground> à 320."
435,"Permet de recevoir <UIForeground>F201F4</UIForeground><UIGlow>F201F5</UIGlow>Feu des dragons<UIGlow>01</UIGlow><UIForeground>01</UIForeground> lorsque vous exécutez <UIForeground>F201F4</UIForeground><UIGlow>F201F5</UIGlow>Tourment du Coerthas<UIGlow>01</UIGlow><UIForeground>01</UIForeground> en combo.
<UIForeground>F201FA</UIForeground><UIGlow>F201FB</UIGlow>Durée<Indent/>:<UIGlow>01</UIGlow><UIForeground>01</UIForeground> 30s
Cet effet disparaît si une technique d'arme de corps-à-corps est utilisée.
Remplace <UIForeground>F201F4</UIForeground><UIGlow>F201F5</UIGlow>Pointe du destin<UIGlow>01</UIGlow><UIForeground>01</UIForeground> par <UIForeground>F201F4</UIForeground><UIGlow>F201F5</UIGlow>Fureur du dragon<UIGlow>01</UIGlow><UIForeground>01</UIForeground> pendant cet effet."
436,"Permet de cumuler plusieurs charges pour <UIForeground>F201F4</UIForeground><UIGlow>F201F5</UIGlow>Piqué brise-échine<UIGlow>01</UIGlow><UIForeground>01</UIForeground>.
<UIForeground>F201FA</UIForeground><UIGlow>F201FB</UIGlow>Maximum de charges<Indent/>:<UIGlow>01</UIGlow><UIForeground>01</UIForeground> 2"
437,"Remplace <UIForeground>F201F4</UIForeground><UIGlow>F201F5</UIGlow>Percée totale<UIGlow>01</UIGlow><UIForeground>01</UIForeground> par <UIForeground>F201F4</UIForeground><UIGlow>F201F5</UIGlow>Percée céleste<UIGlow>01</UIGlow><UIForeground>01</UIForeground> et <UIForeground>F201F4</UIForeground><UIGlow>F201F5</UIGlow>Percée chaotique<UIGlow>01</UIGlow><UIForeground>01</UIForeground> par <UIForeground>F201F4</UIForeground><UIGlow>F201F5</UIGlow>Floraison chaotique<UIGlow>01</UIGlow><UIForeground>01</UIForeground>.
Augmente également la puissance de <UIForeground>F201F4</UIForeground><UIGlow>F201F5</UIGlow>Fléau du dragon<UIGlow>01</UIGlow><UIForeground>01</UIForeground> à 400."
438,"Permet de cumuler plusieurs charges pour <UIForeground>F201F4</UIForeground><UIGlow>F201F5</UIGlow>Souffle de vie<UIGlow>01</UIGlow><UIForeground>01</UIForeground>.
<UIForeground>F201FA</UIForeground><UIGlow>F201FB</UIGlow>Maximum de charges<Indent/>:<UIGlow>01</UIGlow><UIForeground>01</UIForeground> 2"
439,"Permet à votre <UIForeground>F201F6</UIForeground><UIGlow>F201F7</UIGlow>Jauge de Ninki<UIGlow>01</UIGlow><UIForeground>01</UIForeground> de se remplir de 15 lorsque vous réussissez un combo avec <UIForeground>F201F4</UIForeground><UIGlow>F201F5</UIGlow>Lame éolienne<UIGlow>01</UIGlow><UIForeground>01</UIForeground> et <UIForeground>F201F4</UIForeground><UIGlow>F201F5</UIGlow>Perce-armure<UIGlow>01</UIGlow><UIForeground>01</UIForeground>."
440,"Permet à Meisui de vous octroyer un effet lors de son utilisation.
<UIForeground>F201FA</UIForeground><UIGlow>F201FB</UIGlow>Meisui<Indent/>:<UIGlow>01</UIGlow><UIForeground>01</UIForeground> augmente à 500 la puissance du prochain Bhavacakra.
<UIForeground>F201FA</UIForeground><UIGlow>F201FB</UIGlow>Durée<Indent/>:<UIGlow>01</UIGlow><UIForeground>01</UIForeground> 30s"
441,"Permet de recevoir un degré de <UIForeground>F201F4</UIForeground><UIGlow>F201F5</UIGlow>Technique de Raijû préparée<UIGlow>01</UIGlow><UIForeground>01</UIForeground> (maximum 3) lorsque vous utilisez <UIForeground>F201F4</UIForeground><UIGlow>F201F5</UIGlow>Raiton<UIGlow>01</UIGlow><UIForeground>01</UIForeground>.
<UIForeground>F201FA</UIForeground><UIGlow>F201FB</UIGlow>Durée<Indent/>:<UIGlow>01</UIGlow><UIForeground>01</UIForeground> 30s
Cet effet disparaît si une technique d'arme de corps-à-corps est utilisée."
442,"Permet de cumuler plusieurs charges pour <UIForeground>F201F4</UIForeground><UIGlow>F201F5</UIGlow>Tsubamegaeshi<UIGlow>01</UIGlow><UIForeground>01</UIForeground>.
<UIForeground>F201FA</UIForeground><UIGlow>F201FB</UIGlow>Maximum de charges<Indent/>:<UIGlow>01</UIGlow><UIForeground>01</UIForeground> 2"
443,"Permet de cumuler plusieurs charges pour <UIForeground>F201F4</UIForeground><UIGlow>F201F5</UIGlow>Meikyô Shisui<UIGlow>01</UIGlow><UIForeground>01</UIForeground>.
<UIForeground>F201FA</UIForeground><UIGlow>F201FB</UIGlow>Maximum de charges<Indent/>:<UIGlow>01</UIGlow><UIForeground>01</UIForeground> 2"
444,"Remplace <UIForeground>F201F4</UIForeground><UIGlow>F201F5</UIGlow>Salve fulgurante<UIGlow>01</UIGlow><UIForeground>01</UIForeground> par <UIForeground>F201F4</UIForeground><UIGlow>F201F5</UIGlow>Morsure de Ladon<UIGlow>01</UIGlow><UIForeground>01</UIForeground>."
445,"Augmente à 3 le nombre de charges maximums d'<UIForeground>F201F4</UIForeground><UIGlow>F201F5</UIGlow>Hémorragie<UIGlow>01</UIGlow><UIForeground>01</UIForeground> et de <UIForeground>F201F4</UIForeground><UIGlow>F201F5</UIGlow>Pluie mortelle<UIGlow>01</UIGlow><UIForeground>01</UIForeground>."
446,"Utiliser Trait alpha avec plus de 80 de <UIForeground>F201F6</UIForeground><UIGlow>F201F7</UIGlow>Jauge de voix de l'âme<UIGlow>01</UIGlow><UIForeground>01</UIForeground> vous octroie <UIForeground>F201F4</UIForeground><UIGlow>F201F5</UIGlow>Flèche explosive préparée<UIGlow>01</UIGlow><UIForeground>01</UIForeground>.
Remplace <UIForeground>F201F4</UIForeground><UIGlow>F201F5</UIGlow>Trait alpha<UIGlow>01</UIGlow><UIForeground>01</UIForeground> par <UIForeground>F201F4</UIForeground><UIGlow>F201F5</UIGlow>Flèche explosive<UIGlow>01</UIGlow><UIForeground>01</UIForeground> pendant la durée de l'effet.
<UIForeground>F201FA</UIForeground><UIGlow>F201FB</UIGlow>Durée<Indent/>:<UIGlow>01</UIGlow><UIForeground>01</UIForeground> 10s"
447,"Réduit à 90s le temps de recharge de <UIForeground>F201F4</UIForeground><UIGlow>F201F5</UIGlow>Troubadour<UIGlow>01</UIGlow><UIForeground>01</UIForeground>."
448,"<UIForeground>F201F4</UIForeground><UIGlow>F201F5</UIGlow>Ballade du mage<UIGlow>01</UIGlow><UIForeground>01</UIForeground>, <UIForeground>F201F4</UIForeground><UIGlow>F201F5</UIGlow>Péan martial<UIGlow>01</UIGlow><UIForeground>01</UIForeground> et <UIForeground>F201F4</UIForeground><UIGlow>F201F5</UIGlow>Menuet du Vagabond<UIGlow>01</UIGlow><UIForeground>01</UIForeground> vous octroient chacun la <UIForeground>F201F4</UIForeground><UIGlow>F201F5</UIGlow>Coda<UIGlow>01</UIGlow><UIForeground>01</UIForeground> associée (<UIForeground>F201F4</UIForeground><UIGlow>F201F5</UIGlow>Coda du mage<UIGlow>01</UIGlow><UIForeground>01</UIForeground>, <UIForeground>F201F4</UIForeground><UIGlow>F201F5</UIGlow>Coda martiale<UIGlow>01</UIGlow><UIForeground>01</UIForeground>, <UIForeground>F201F4</UIForeground><UIGlow>F201F5</UIGlow>Coda du vagabond<UIGlow>01</UIGlow><UIForeground>01</UIForeground>)."
449,"Remplace <UIForeground>F201F4</UIForeground><UIGlow>F201F5</UIGlow>Tir dispersé<UIGlow>01</UIGlow><UIForeground>01</UIForeground> par <UIForeground>F201F4</UIForeground><UIGlow>F201F5</UIGlow>Fusil à pompe<UIGlow>01</UIGlow><UIForeground>01</UIForeground>."
450,"Permet de cumuler plusieurs charges pour <UIForeground>F201F4</UIForeground><UIGlow>F201F5</UIGlow>Réassemblage<UIGlow>01</UIGlow><UIForeground>01</UIForeground>.
<UIForeground>F201FA</UIForeground><UIGlow>F201FB</UIGlow>Maximum de charges<Indent/>:<UIGlow>01</UIGlow><UIForeground>01</UIForeground> 2"
451,"Après avoir exécuté <UIForeground>F201F4</UIForeground><UIGlow>F201F5</UIGlow>Marteau piqueur<UIGlow>01</UIGlow><UIForeground>01</UIForeground>, permet à l'automate Reine d'enchaîner au<SoftHyphen/>to<SoftHyphen/>ma<SoftHyphen/>ti<SoftHyphen/>que<SoftHyphen/>ment sur <UIForeground>F201F4</UIForeground><UIGlow>F201F5</UIGlow>Collisionneur royal<UIGlow>01</UIGlow><UIForeground>01</UIForeground> avant de disparaître."
452,"Réduit à 90s le temps de recharge de <UIForeground>F201F4</UIForeground><UIGlow>F201F5</UIGlow>Tacticien<UIGlow>01</UIGlow><UIForeground>01</UIForeground>."
453,"Vous permet d'obtenir l'effet <UIForeground>F201F4</UIForeground><UIGlow>F201F5</UIGlow>Tillana préparé<UIGlow>01</UIGlow><UIForeground>01</UIForeground> lorsque vous utilisez <UIForeground>F201F4</UIForeground><UIGlow>F201F5</UIGlow>Final technique<UIGlow>01</UIGlow><UIForeground>01</UIForeground>.
Remplace <UIForeground>F201F4</UIForeground><UIGlow>F201F5</UIGlow>Final technique<UIGlow>01</UIGlow><UIForeground>01</UIForeground> par <UIForeground>F201F4</UIForeground><UIGlow>F201F5</UIGlow>Tillana<UIGlow>01</UIGlow><UIForeground>01</UIForeground> pendant la durée de l'effet.
<UIForeground>F201FA</UIForeground><UIGlow>F201FB</UIGlow>Durée<Indent/>:<UIGlow>01</UIGlow><UIForeground>01</UIForeground> 30s"
454,"Permet à votre <UIForeground>F201F6</UIForeground><UIGlow>F201F7</UIGlow>Jauge de fascination<UIGlow>01</UIGlow><UIForeground>01</UIForeground> de se remplir de 10 lorsque vous utilisez avec succès <UIForeground>F201F4</UIForeground><UIGlow>F201F5</UIGlow>Cascade inversée<UIGlow>01</UIGlow><UIForeground>01</UIForeground>, <UIForeground>F201F4</UIForeground><UIGlow>F201F5</UIGlow>Fontaine en cascade<UIGlow>01</UIGlow><UIForeground>01</UIForeground>, <UIForeground>F201F4</UIForeground><UIGlow>F201F5</UIGlow>Moulin à vent ascendant<UIGlow>01</UIGlow><UIForeground>01</UIForeground> ou <UIForeground>F201F4</UIForeground><UIGlow>F201F5</UIGlow>Averse de sang<UIGlow>01</UIGlow><UIForeground>01</UIForeground>."
455,"Vous permet d'obtenir l'effet <UIForeground>F201F4</UIForeground><UIGlow>F201F5</UIGlow>Danse de l'éventail IV préparée<UIGlow>01</UIGlow><UIForeground>01</UIForeground> lorsque vous utilisez <UIForeground>F201F4</UIForeground><UIGlow>F201F5</UIGlow>Apothéose<UIGlow>01</UIGlow><UIForeground>01</UIForeground>.
<UIForeground>F201FA</UIForeground><UIGlow>F201FB</UIGlow>Durée<Indent/>:<UIGlow>01</UIGlow><UIForeground>01</UIForeground> 30s"
456,"Réduit à 90s le temps de recharge de <UIForeground>F201F4</UIForeground><UIGlow>F201F5</UIGlow>Samba protectrice<UIGlow>01</UIGlow><UIForeground>01</UIForeground>."
457,"Vous permet d'obtenir l'effet <UIForeground>F201F4</UIForeground><UIGlow>F201F5</UIGlow>Danse de la pluie étoilée préparée<UIGlow>01</UIGlow><UIForeground>01</UIForeground> lorsque vous utilisez <UIForeground>F201F4</UIForeground><UIGlow>F201F5</UIGlow>Tango endiablé<UIGlow>01</UIGlow><UIForeground>01</UIForeground>.
<UIForeground>F201FA</UIForeground><UIGlow>F201FB</UIGlow>Durée<Indent/>:<UIGlow>01</UIGlow><UIForeground>01</UIForeground> 20s"
458,"Augmente à 2 le degré maximal de <UIForeground>F201F4</UIForeground><UIGlow>F201F5</UIGlow>Feu astral<UIGlow>01</UIGlow><UIForeground>01</UIForeground> et de <UIForeground>F201F4</UIForeground><UIGlow>F201F5</UIGlow>Glace ombrale<UIGlow>01</UIGlow><UIForeground>01</UIForeground>.
Des effets additionels sont octroyés lorsque 2 degrés sont cumulés<Indent/>:
<UIForeground>F201FA</UIForeground><UIGlow>F201FB</UIGlow>Effet avec Feu astral<Indent/>:<UIGlow>01</UIGlow><UIForeground>01</UIForeground> augmente la puissance des sorts de feu de 60％, mais réduit la puissance des sorts de glace de 20％.
<UIForeground>F201FA</UIForeground><UIGlow>F201FB</UIGlow>Effet avec Glace ombrale:<UIGlow>01</UIGlow><UIForeground>01</UIForeground> restaure 5000 PM quand un sort de glace est utilisé avec succès, mais réduit la puissance des sorts de feu de 20％."
459,"<UIForeground>F201F4</UIForeground><UIGlow>F201F5</UIGlow>Extra Feu<UIGlow>01</UIGlow><UIForeground>01</UIForeground> et <UIForeground>F201F4</UIForeground><UIGlow>F201F5</UIGlow>Extra Glace<UIGlow>01</UIGlow><UIForeground>01</UIForeground> vous octroient respectivement <UIForeground>F201F4</UIForeground><UIGlow>F201F5</UIGlow>Feu astral<UIGlow>01</UIGlow><UIForeground>01</UIForeground> et <UIForeground>F201F4</UIForeground><UIGlow>F201F5</UIGlow>Glace ombrale<UIGlow>01</UIGlow><UIForeground>01</UIForeground> au degré maximal.
Augmente à 3 le degré maximal de <UIForeground>F201F4</UIForeground><UIGlow>F201F5</UIGlow>Feu astral<UIGlow>01</UIGlow><UIForeground>01</UIForeground> et de <UIForeground>F201F4</UIForeground><UIGlow>F201F5</UIGlow>Glace ombrale<UIGlow>01</UIGlow><UIForeground>01</UIForeground>.
Au degré maximal, octroie les effets additionnels suivants<Indent/>:
<UIForeground>F201FA</UIForeground><UIGlow>F201FB</UIGlow>Effet avec Feu astral<Indent/>:<UIGlow>01</UIGlow><UIForeground>01</UIForeground> augmente la puissance des sorts de feu de 80％, réduit la puissance des sorts de glace de 20％ et divise par deux leur temps de lancement.
<UIForeground>F201FA</UIForeground><UIGlow>F201FB</UIGlow>Effet avec Glace ombrale<Indent/>:<UIGlow>01</UIGlow><UIForeground>01</UIForeground> restaure 10 000 PM quand un sort de glace est utilisé avec succès, réduit la puissance des sorts de feu de 30％ et divise par deux leur temps de lancement."
460,"Augmente de 5% vos dégâts magiques infligés.
<UIForeground>F201FA</UIForeground><UIGlow>F201FB</UIGlow>Condition<Indent/>:<UIGlow>01</UIGlow><UIForeground>01</UIForeground> <UIForeground>F201F4</UIForeground><UIGlow>F201F5</UIGlow>Feu astral<UIGlow>01</UIGlow><UIForeground>01</UIForeground> ou <UIForeground>F201F4</UIForeground><UIGlow>F201F5</UIGlow>Glace ombrale<UIGlow>01</UIGlow><UIForeground>01</UIForeground>."
461,"<UIForeground>F201F4</UIForeground><UIGlow>F201F5</UIGlow>Infect<UIGlow>01</UIGlow><UIForeground>01</UIForeground> devient instantané."
462,"Remplace <UIForeground>F201F4</UIForeground><UIGlow>F201F5</UIGlow>Extra Feu<UIGlow>01</UIGlow><UIForeground>01</UIForeground> par <UIForeground>F201F4</UIForeground><UIGlow>F201F5</UIGlow>Extra Feu majeur<UIGlow>01</UIGlow><UIForeground>01</UIForeground> et <UIForeground>F201F4</UIForeground><UIGlow>F201F5</UIGlow>Extra Glace<UIGlow>01</UIGlow><UIForeground>01</UIForeground> par <UIForeground>F201F4</UIForeground><UIGlow>F201F5</UIGlow>Extra Glace majeure<UIGlow>01</UIGlow><UIForeground>01</UIForeground>."
463,"Réduit à 100s le temps de recharge de <UIForeground>F201F4</UIForeground><UIGlow>F201F5</UIGlow>Vasque de mana<UIGlow>01</UIGlow><UIForeground>01</UIForeground>."
464,"Permet de cumuler plusieurs charges pour <UIForeground>F201F4</UIForeground><UIGlow>F201F5</UIGlow>Dynamisation<UIGlow>01</UIGlow><UIForeground>01</UIForeground>.
<UIForeground>F201FA</UIForeground><UIGlow>F201FB</UIGlow>Maximum de charges<Indent/>:<UIGlow>01</UIGlow><UIForeground>01</UIForeground> 2"
465,"Permet de recevoir <UIForeground>F201F4</UIForeground><UIGlow>F201F5</UIGlow>Symbole paradoxal<UIGlow>01</UIGlow><UIForeground>01</UIForeground>.
Remplace <UIForeground>F201F4</UIForeground><UIGlow>F201F5</UIGlow>Feu<UIGlow>01</UIGlow><UIForeground>01</UIForeground> et <UIForeground>F201F4</UIForeground><UIGlow>F201F5</UIGlow>Glace<UIGlow>01</UIGlow><UIForeground>01</UIForeground> par <UIForeground>F201F4</UIForeground><UIGlow>F201F5</UIGlow>Paradoxe<UIGlow>01</UIGlow><UIForeground>01</UIForeground> pendant la durée de l'effet.
Se dissipe lorsque <UIForeground>F201F4</UIForeground><UIGlow>F201F5</UIGlow>Feu astral<UIGlow>01</UIGlow><UIForeground>01</UIForeground> ou <UIForeground>F201F4</UIForeground><UIGlow>F201F5</UIGlow>Glace ombrale<UIGlow>01</UIGlow><UIForeground>01</UIForeground> prend fin.
<UIForeground>F201FA</UIForeground><UIGlow>F201FB</UIGlow>Condition<Indent/>:<UIGlow>01</UIGlow><UIForeground>01</UIForeground> lorsque vous passez à l'élément opposé avec le degré maximal de <UIForeground>F201F4</UIForeground><UIGlow>F201F5</UIGlow>Feu astral<UIGlow>01</UIGlow><UIForeground>01</UIForeground>, ou les degrés maximaux de <UIForeground>F201F4</UIForeground><UIGlow>F201F5</UIGlow>Glace ombrale<UIGlow>01</UIGlow><UIForeground>01</UIForeground> et <UIForeground>F201F4</UIForeground><UIGlow>F201F5</UIGlow>Cœur ombral<UIGlow>01</UIGlow><UIForeground>01</UIForeground>."
466,"Permet à Infusion d'éther de vous octroyer <UIForeground>F201F4</UIForeground><UIGlow>F201F5</UIGlow>Arcane rubis<UIGlow>01</UIGlow><UIForeground>01</UIForeground> et <UIForeground>F201F4</UIForeground><UIGlow>F201F5</UIGlow>Arcane topaze<UIGlow>01</UIGlow><UIForeground>01</UIForeground>."
467,"Permet à Infusion d'éther de vous octroyer <UIForeground>F201F4</UIForeground><UIGlow>F201F5</UIGlow>Arcane rubis<UIGlow>01</UIGlow><UIForeground>01</UIForeground>, <UIForeground>F201F4</UIForeground><UIGlow>F201F5</UIGlow>Arcane topaze<UIGlow>01</UIGlow><UIForeground>01</UIForeground> et <UIForeground>F201F4</UIForeground><UIGlow>F201F5</UIGlow>Arcane émeraude<UIGlow>01</UIGlow><UIForeground>01</UIForeground>."
468,"Remplace <UIForeground>F201F4</UIForeground><UIGlow>F201F5</UIGlow>Invocation Rubis<UIGlow>01</UIGlow><UIForeground>01</UIForeground> par <UIForeground>F201F4</UIForeground><UIGlow>F201F5</UIGlow>Invocation Ifrit<UIGlow>01</UIGlow><UIForeground>01</UIForeground>."
469,"Remplace <UIForeground>F201F4</UIForeground><UIGlow>F201F5</UIGlow>Invocation Topaze<UIGlow>01</UIGlow><UIForeground>01</UIForeground> par <UIForeground>F201F4</UIForeground><UIGlow>F201F5</UIGlow>Invocation Titan<UIGlow>01</UIGlow><UIForeground>01</UIForeground>."
470,"Remplace <UIForeground>F201F4</UIForeground><UIGlow>F201F5</UIGlow>Invocation Émeraude<UIGlow>01</UIGlow><UIForeground>01</UIForeground> par <UIForeground>F201F4</UIForeground><UIGlow>F201F5</UIGlow>Invocation Garuda<UIGlow>01</UIGlow><UIForeground>01</UIForeground>."
471,"Modifie l'action qu'utilisent vos Egi.
<UIForeground>F201FA</UIForeground><UIGlow>F201FB</UIGlow>Invocation Ifrit<Indent/>:<UIGlow>01</UIGlow><UIForeground>01</UIForeground> remplace <UIForeground>F201F4</UIForeground><UIGlow>F201F5</UIGlow>Frappe ardente<UIGlow>01</UIGlow><UIForeground>01</UIForeground> par <UIForeground>F201F4</UIForeground><UIGlow>F201F5</UIGlow>Flammes de l'enfer<UIGlow>01</UIGlow><UIForeground>01</UIForeground>.
<UIForeground>F201FA</UIForeground><UIGlow>F201FB</UIGlow>Invocation Titan<Indent/>:<UIGlow>01</UIGlow><UIForeground>01</UIForeground> remplace <UIForeground>F201F4</UIForeground><UIGlow>F201F5</UIGlow>Casse-roc<UIGlow>01</UIGlow><UIForeground>01</UIForeground> par <UIForeground>F201F4</UIForeground><UIGlow>F201F5</UIGlow>Fureur  tellurique<UIGlow>01</UIGlow><UIForeground>01</UIForeground>.
<UIForeground>F201FA</UIForeground><UIGlow>F201FB</UIGlow>Invocation Garuda<Indent/>:<UIGlow>01</UIGlow><UIForeground>01</UIForeground> remplace <UIForeground>F201F4</UIForeground><UIGlow>F201F5</UIGlow>Taillade aérienne<UIGlow>01</UIGlow><UIForeground>01</UIForeground> par <UIForeground>F201F4</UIForeground><UIGlow>F201F5</UIGlow>Rafale aérienne<UIGlow>01</UIGlow><UIForeground>01</UIForeground>."
472,""
473,"Remplace <UIForeground>F201F4</UIForeground><UIGlow>F201F5</UIGlow>Extra Ruine<UIGlow>01</UIGlow><UIForeground>01</UIForeground> par <UIForeground>F201F4</UIForeground><UIGlow>F201F5</UIGlow>Méga Ruine<UIGlow>01</UIGlow><UIForeground>01</UIForeground>."
474,"Remplace <UIForeground>F201F4</UIForeground><UIGlow>F201F5</UIGlow>Infusion d'éther<UIGlow>01</UIGlow><UIForeground>01</UIForeground> par <UIForeground>F201F4</UIForeground><UIGlow>F201F5</UIGlow>Transe-Bahamut<UIGlow>01</UIGlow><UIForeground>01</UIForeground>."
475,"Permet à vos actions <UIForeground>F201F4</UIForeground><UIGlow>F201F5</UIGlow>Aspiration d'énergie<UIGlow>01</UIGlow><UIForeground>01</UIForeground> et <UIForeground>F201F4</UIForeground><UIGlow>F201F5</UIGlow>Siphon d'énergie<UIGlow>01</UIGlow><UIForeground>01</UIForeground> de vous octroyer <UIForeground>F201F4</UIForeground><UIGlow>F201F5</UIGlow>Giga Ruine préparée<UIGlow>01</UIGlow><UIForeground>01</UIForeground>."
476,"Remplace <UIForeground>F201F4</UIForeground><UIGlow>F201F5</UIGlow>Éclat des gemmes<UIGlow>01</UIGlow><UIForeground>01</UIForeground> par un sort plus puissant en fonction de vos <UIForeground>F201F4</UIForeground><UIGlow>F201F5</UIGlow>Syntonies<UIGlow>01</UIGlow><UIForeground>01</UIForeground>.
<UIForeground>F201FA</UIForeground><UIGlow>F201FB</UIGlow>Syntonie de feu<Indent/>:<UIGlow>01</UIGlow><UIForeground>01</UIForeground> <UIForeground>F201F4</UIForeground><UIGlow>F201F5</UIGlow>Rite de rubis<UIGlow>01</UIGlow><UIForeground>01</UIForeground>.
<UIForeground>F201FA</UIForeground><UIGlow>F201FB</UIGlow>Syntonie de terre<Indent/>:<UIGlow>01</UIGlow><UIForeground>01</UIForeground> <UIForeground>F201F4</UIForeground><UIGlow>F201F5</UIGlow>Rite de topaze<UIGlow>01</UIGlow><UIForeground>01</UIForeground>.
<UIForeground>F201FA</UIForeground><UIGlow>F201FB</UIGlow>Syntonie de vent<Indent/>:<UIGlow>01</UIGlow><UIForeground>01</UIForeground> <UIForeground>F201F4</UIForeground><UIGlow>F201F5</UIGlow>Rite d'émeraude<UIGlow>01</UIGlow><UIForeground>01</UIForeground>."
477,"Remplace <UIForeground>F201F4</UIForeground><UIGlow>F201F5</UIGlow>Fracas élémentaire<UIGlow>01</UIGlow><UIForeground>01</UIForeground> par <UIForeground>F201F4</UIForeground><UIGlow>F201F5</UIGlow>Tri-désastre<UIGlow>01</UIGlow><UIForeground>01</UIForeground>."
478,"Remplace <UIForeground>F201F4</UIForeground><UIGlow>F201F5</UIGlow>Resplendissement des gemmes<UIGlow>01</UIGlow><UIForeground>01</UIForeground> par un sort plus puissant en fonction de vos <UIForeground>F201F4</UIForeground><UIGlow>F201F5</UIGlow>Syntonies<UIGlow>01</UIGlow><UIForeground>01</UIForeground>.
<UIForeground>F201FA</UIForeground><UIGlow>F201FB</UIGlow>Syntonie de feu<Indent/>:<UIGlow>01</UIGlow><UIForeground>01</UIForeground> <UIForeground>F201F4</UIForeground><UIGlow>F201F5</UIGlow>Cataclysme de rubis<UIGlow>01</UIGlow><UIForeground>01</UIForeground>.
<UIForeground>F201FA</UIForeground><UIGlow>F201FB</UIGlow>Syntonie de terre<Indent/>:<UIGlow>01</UIGlow><UIForeground>01</UIForeground> <UIForeground>F201F4</UIForeground><UIGlow>F201F5</UIGlow>Cataclysme de topaze<UIGlow>01</UIGlow><UIForeground>01</UIForeground>.
<UIForeground>F201FA</UIForeground><UIGlow>F201FB</UIGlow>Syntonie de vent<Indent/>:<UIGlow>01</UIGlow><UIForeground>01</UIForeground> <UIForeground>F201F4</UIForeground><UIGlow>F201F5</UIGlow>Cataclysme d'émeraude<UIGlow>01</UIGlow><UIForeground>01</UIForeground>."
479,"Augmente la puissance des actions dérivées du sort <UIForeground>F201F4</UIForeground><UIGlow>F201F5</UIGlow>Ruine<UIGlow>01</UIGlow><UIForeground>01</UIForeground>.

<UIForeground>F201FA</UIForeground><UIGlow>F201FB</UIGlow>Puissance de Méga Ruine<Indent/>:<UIGlow>01</UIGlow><UIForeground>01</UIForeground> 310
<UIForeground>F201FA</UIForeground><UIGlow>F201FB</UIGlow>Puissance de Rite de rubis<Indent/>:<UIGlow>01</UIGlow><UIForeground>01</UIForeground> 510
<UIForeground>F201FA</UIForeground><UIGlow>F201FB</UIGlow>Puissance de Rite de topaze<Indent/>:<UIGlow>01</UIGlow><UIForeground>01</UIForeground> 330
<UIForeground>F201FA</UIForeground><UIGlow>F201FB</UIGlow>Puissance de Rite d'émeraude<Indent/>:<UIGlow>01</UIGlow><UIForeground>01</UIForeground> 230"
480,"Permet de cumuler plusieurs charges pour <UIForeground>F201F4</UIForeground><UIGlow>F201F5</UIGlow>Égide rayonnante<UIGlow>01</UIGlow><UIForeground>01</UIForeground>.
<UIForeground>F201FA</UIForeground><UIGlow>F201FB</UIGlow>Maximum de charges<Indent/>:<UIGlow>01</UIGlow><UIForeground>01</UIForeground> 2"
481,"Remplace <UIForeground>F201F4</UIForeground><UIGlow>F201F5</UIGlow>Invocation Ifrit<UIGlow>01</UIGlow><UIForeground>01</UIForeground>, <UIForeground>F201F4</UIForeground><UIGlow>F201F5</UIGlow>Invocation Titan<UIGlow>01</UIGlow><UIForeground>01</UIForeground> et <UIForeground>F201F4</UIForeground><UIGlow>F201F5</UIGlow>Invocation Garuda<UIGlow>01</UIGlow><UIForeground>01</UIForeground> par <UIForeground>F201F4</UIForeground><UIGlow>F201F5</UIGlow>Invocation Ifrit II<UIGlow>01</UIGlow><UIForeground>01</UIForeground>, <UIForeground>F201F4</UIForeground><UIGlow>F201F5</UIGlow>Invocation Titan II<UIGlow>01</UIGlow><UIForeground>01</UIForeground> et <UIForeground>F201F4</UIForeground><UIGlow>F201F5</UIGlow>Invocation Garuda II<UIGlow>01</UIGlow><UIForeground>01</UIForeground>."
482,"Permet d'accumuler un <UIForeground>F201F4</UIForeground><UIGlow>F201F5</UIGlow>Cristal de mana<UIGlow>01</UIGlow><UIForeground>01</UIForeground> (maximum 3) quand <UIForeground>F201F4</UIForeground><UIGlow>F201F5</UIGlow>Riposte enchantée<UIGlow>01</UIGlow><UIForeground>01</UIForeground>, <UIForeground>F201F4</UIForeground><UIGlow>F201F5</UIGlow>Zwerchhau enchanté<UIGlow>01</UIGlow><UIForeground>01</UIForeground>, <UIForeground>F201F4</UIForeground><UIGlow>F201F5</UIGlow>Redoublement enchanté<UIGlow>01</UIGlow><UIForeground>01</UIForeground>,  <UIForeground>F201F4</UIForeground><UIGlow>F201F5</UIGlow>Moulinet enchanté<UIGlow>01</UIGlow><UIForeground>01</UIForeground>, <UIForeground>F201F4</UIForeground><UIGlow>F201F5</UIGlow>Deuxième moulinet<UIGlow>01</UIGlow><UIForeground>01</UIForeground> ou <UIForeground>F201F4</UIForeground><UIGlow>F201F5</UIGlow>Troisième moulinet<UIGlow>01</UIGlow><UIForeground>01</UIForeground> fait mouche.
À trois cristaux, <UIForeground>F201F4</UIForeground><UIGlow>F201F5</UIGlow>VerFoudre<UIGlow>01</UIGlow><UIForeground>01</UIForeground> et <UIForeground>F201F4</UIForeground><UIGlow>F201F5</UIGlow>Extra VerFoudre<UIGlow>01</UIGlow><UIForeground>01</UIForeground> deviennent <UIForeground>F201F4</UIForeground><UIGlow>F201F5</UIGlow>VerBrasier<UIGlow>01</UIGlow><UIForeground>01</UIForeground>, et si vous possédez <UIForeground>F201F4</UIForeground><UIGlow>F201F5</UIGlow>VerMiracle<UIGlow>01</UIGlow><UIForeground>01</UIForeground>, <UIForeground>F201F4</UIForeground><UIGlow>F201F5</UIGlow>VerVent<UIGlow>01</UIGlow><UIForeground>01</UIForeground> et <UIForeground>F201F4</UIForeground><UIGlow>F201F5</UIGlow>Extra VerVent<UIGlow>01</UIGlow><UIForeground>01</UIForeground> deviennent <UIForeground>F201F4</UIForeground><UIGlow>F201F5</UIGlow>VerMiracle<UIGlow>01</UIGlow><UIForeground>01</UIForeground>."
483,"Remplace <UIForeground>F201F4</UIForeground><UIGlow>F201F5</UIGlow>VerFoudre<UIGlow>01</UIGlow><UIForeground>01</UIForeground> par <UIForeground>F201F4</UIForeground><UIGlow>F201F5</UIGlow>Méga VerFoudre<UIGlow>01</UIGlow><UIForeground>01</UIForeground> et <UIForeground>F201F4</UIForeground><UIGlow>F201F5</UIGlow>VerVent<UIGlow>01</UIGlow><UIForeground>01</UIForeground> par <UIForeground>F201F4</UIForeground><UIGlow>F201F5</UIGlow>Méga VerVent<UIGlow>01</UIGlow><UIForeground>01</UIForeground>.
À trois cristaux, <UIForeground>F201F4</UIForeground><UIGlow>F201F5</UIGlow>Méga VerFoudre<UIGlow>01</UIGlow><UIForeground>01</UIForeground> et <UIForeground>F201F4</UIForeground><UIGlow>F201F5</UIGlow>Méga VerVent<UIGlow>01</UIGlow><UIForeground>01</UIForeground> deviennent respectivement <UIForeground>F201F4</UIForeground><UIGlow>F201F5</UIGlow>VerBrasier<UIGlow>01</UIGlow><UIForeground>01</UIForeground> et <UIForeground>F201F4</UIForeground><UIGlow>F201F5</UIGlow>VerMiracle<UIGlow>01</UIGlow><UIForeground>01</UIForeground>."
484,"Remplace <UIForeground>F201F4</UIForeground><UIGlow>F201F5</UIGlow>Extra À-coup<UIGlow>01</UIGlow><UIForeground>01</UIForeground> par <UIForeground>F201F4</UIForeground><UIGlow>F201F5</UIGlow>Méga À-coup<UIGlow>01</UIGlow><UIForeground>01</UIForeground>.
Augmente également la puissance de certaines actions.

<UIForeground>F201FA</UIForeground><UIGlow>F201FB</UIGlow>Puissance de Riposte enchantée<Indent/>:<UIGlow>01</UIGlow><UIForeground>01</UIForeground> 280
<UIForeground>F201FA</UIForeground><UIGlow>F201FB</UIGlow>Puissance d'Extra VerFoudre<Indent/>:<UIGlow>01</UIGlow><UIForeground>01</UIForeground> 140
<UIForeground>F201FA</UIForeground><UIGlow>F201FB</UIGlow>Puissance d'Extra VerVent<Indent/>:<UIGlow>01</UIGlow><UIForeground>01</UIForeground> 140
<UIForeground>F201FA</UIForeground><UIGlow>F201FB</UIGlow>Puissance de VerFeu<Indent/>:<UIGlow>01</UIGlow><UIForeground>01</UIForeground> 340
<UIForeground>F201FA</UIForeground><UIGlow>F201FB</UIGlow>Puissance de VerTerre<Indent/>:<UIGlow>01</UIGlow><UIForeground>01</UIForeground> 340
<UIForeground>F201FA</UIForeground><UIGlow>F201FB</UIGlow>Puissance de Zwerchhau enchanté<Indent/>:<UIGlow>01</UIGlow><UIForeground>01</UIForeground> 150
<UIForeground>F201FA</UIForeground><UIGlow>F201FB</UIGlow>Puissance de Redoublement enchanté<Indent/>:<UIGlow>01</UIGlow><UIForeground>01</UIForeground> 130
<UIForeground>F201FA</UIForeground><UIGlow>F201FB</UIGlow>Puissance d'Impact<Indent/>:<UIGlow>01</UIGlow><UIForeground>01</UIForeground> 210
<UIForeground>F201FA</UIForeground><UIGlow>F201FB</UIGlow>Puissance de Reprise enchantée<Indent/>:<UIGlow>01</UIGlow><UIForeground>01</UIForeground> 340"
485,"Permet de cumuler plusieurs charges pour <UIForeground>F201F4</UIForeground><UIGlow>F201F5</UIGlow>Accélération<UIGlow>01</UIGlow><UIForeground>01</UIForeground>.
<UIForeground>F201FA</UIForeground><UIGlow>F201FB</UIGlow>Maximum de charges<Indent/>:<UIGlow>01</UIGlow><UIForeground>01</UIForeground> 2"
486,"Augmente le degré maximum de <UIForeground>F201F4</UIForeground><UIGlow>F201F5</UIGlow>Manafication<UIGlow>01</UIGlow><UIForeground>01</UIForeground> à 6."
487,"Remplace <UIForeground>F201F4</UIForeground><UIGlow>F201F5</UIGlow>Chatoiement<UIGlow>01</UIGlow><UIForeground>01</UIForeground> par <UIForeground>F201F4</UIForeground><UIGlow>F201F5</UIGlow>Méga Chatoiement<UIGlow>01</UIGlow><UIForeground>01</UIForeground>."
488,"Remplace <UIForeground>F201F4</UIForeground><UIGlow>F201F5</UIGlow>Miracle<UIGlow>01</UIGlow><UIForeground>01</UIForeground> par <UIForeground>F201F4</UIForeground><UIGlow>F201F5</UIGlow>Méga Miracle<UIGlow>01</UIGlow><UIForeground>01</UIForeground>."
489,"Augmente la puissance de certaines actions curatives.

<UIForeground>F201FA</UIForeground><UIGlow>F201FB</UIGlow>Puissance de Soin<Indent/>:<UIGlow>01</UIGlow><UIForeground>01</UIForeground> 500
<UIForeground>F201FA</UIForeground><UIGlow>F201FB</UIGlow>Puissance de Médica<Indent/>:<UIGlow>01</UIGlow><UIForeground>01</UIForeground> 400
<UIForeground>F201FA</UIForeground><UIGlow>F201FB</UIGlow>Puissance d'Extra Soin<Indent/>:<UIGlow>01</UIGlow><UIForeground>01</UIForeground> 800
<UIForeground>F201FA</UIForeground><UIGlow>F201FB</UIGlow>Puissance de Récup (périodique)<Indent/>:<UIGlow>01</UIGlow><UIForeground>01</UIForeground> 250
<UIForeground>F201FA</UIForeground><UIGlow>F201FB</UIGlow>Puissance de Méga Soin<Indent/>:<UIGlow>01</UIGlow><UIForeground>01</UIForeground> 600
<UIForeground>F201FA</UIForeground><UIGlow>F201FB</UIGlow>Puissance d'Extra Médica<Indent/>:<UIGlow>01</UIGlow><UIForeground>01</UIForeground> 250
<UIForeground>F201FA</UIForeground><UIGlow>F201FB</UIGlow>Puissance d'Extra Médica (périodique)<Indent/>:<UIGlow>01</UIGlow><UIForeground>01</UIForeground> 150
<UIForeground>F201FA</UIForeground><UIGlow>F201FB</UIGlow>Puissance d'Offrande de réconfort<Indent/>:<UIGlow>01</UIGlow><UIForeground>01</UIForeground> 800
<UIForeground>F201FA</UIForeground><UIGlow>F201FB</UIGlow>Puissance d'Offrande de ravissement<Indent/>:<UIGlow>01</UIGlow><UIForeground>01</UIForeground> 400"
490,"Permet de cumuler plusieurs charges pour <UIForeground>F201F4</UIForeground><UIGlow>F201F5</UIGlow>Faveur divine<UIGlow>01</UIGlow><UIForeground>01</UIForeground>.
<UIForeground>F201FA</UIForeground><UIGlow>F201FB</UIGlow>Maximum de charges<Indent/>:<UIGlow>01</UIGlow><UIForeground>01</UIForeground> 2"
491,"Remplace <UIForeground>F201F4</UIForeground><UIGlow>F201F5</UIGlow>Loi de l'ébullition III<UIGlow>01</UIGlow><UIForeground>01</UIForeground> par <UIForeground>F201F4</UIForeground><UIGlow>F201F5</UIGlow>Loi de l'ébullition IV<UIGlow>01</UIGlow><UIForeground>01</UIForeground>.
Augmente la puissance d'<UIForeground>F201F4</UIForeground><UIGlow>F201F5</UIGlow>Extra Ruine<UIGlow>01</UIGlow><UIForeground>01</UIForeground> à 220."
492,"Remplace <UIForeground>F201F4</UIForeground><UIGlow>F201F5</UIGlow>Loi de la guerre<UIGlow>01</UIGlow><UIForeground>01</UIForeground> par <UIForeground>F201F4</UIForeground><UIGlow>F201F5</UIGlow>Loi de la guerre II<UIGlow>01</UIGlow><UIForeground>01</UIForeground>."
493,"Augmente la puissance de certaines actions curatives.

<UIForeground>F201FA</UIForeground><UIGlow>F201FB</UIGlow>Puissance de Médecine<Indent/>:<UIGlow>01</UIGlow><UIForeground>01</UIForeground> 450
<UIForeground>F201FA</UIForeground><UIGlow>F201FB</UIGlow>Puissance d'Embrassement<Indent/>:<UIGlow>01</UIGlow><UIForeground>01</UIForeground> 180
<UIForeground>F201FA</UIForeground><UIGlow>F201FB</UIGlow>Puissance de Traité du réconfort (barrière)<Indent/>:<UIGlow>01</UIGlow><UIForeground>01</UIForeground> 180%
<UIForeground>F201FA</UIForeground><UIGlow>F201FB</UIGlow>Puissance de Traité du soulagement (barrière)<Indent/>:<UIGlow>01</UIGlow><UIForeground>01</UIForeground> 160%
<UIForeground>F201FA</UIForeground><UIGlow>F201FB</UIGlow>Puissance de Voile séraphique<Indent/>:<UIGlow>01</UIGlow><UIForeground>01</UIForeground> 180"
494,"Réduit à 90s le temps de recharge de <UIForeground>F201F4</UIForeground><UIGlow>F201F5</UIGlow>Stratagème du déploiement<UIGlow>01</UIGlow><UIForeground>01</UIForeground>."
495,"Vous permet d'obtenir l'effet <UIForeground>F201F4</UIForeground><UIGlow>F201F5</UIGlow>Retirage préparé<UIGlow>01</UIGlow><UIForeground>01</UIForeground> lorsque vous utilisez <UIForeground>F201F4</UIForeground><UIGlow>F201F5</UIGlow>Tirage<UIGlow>01</UIGlow><UIForeground>01</UIForeground>."
496,"Vous permet d'obtenir l'un des signes astraux <UIForeground>F201F4</UIForeground><UIGlow>F201F5</UIGlow>Soleil<UIGlow>01</UIGlow><UIForeground>01</UIForeground>, <UIForeground>F201F4</UIForeground><UIGlow>F201F5</UIGlow>Lune<UIGlow>01</UIGlow><UIForeground>01</UIForeground> ou <UIForeground>F201F4</UIForeground><UIGlow>F201F5</UIGlow>Étoile<UIGlow>01</UIGlow><UIForeground>01</UIForeground> lorsque vous utilisez en combat une carte tirée avec <UIForeground>F201F4</UIForeground><UIGlow>F201F5</UIGlow>Tirage<UIGlow>01</UIGlow><UIForeground>01</UIForeground>."
497,"Remplace <UIForeground>F201F4</UIForeground><UIGlow>F201F5</UIGlow>Malfaisance IV<UIGlow>01</UIGlow><UIForeground>01</UIForeground> par <UIForeground>F201F4</UIForeground><UIGlow>F201F5</UIGlow>Malfaisance en chute<UIGlow>01</UIGlow><UIForeground>01</UIForeground>."
498,"Remplace <UIForeground>F201F4</UIForeground><UIGlow>F201F5</UIGlow>Gravité<UIGlow>01</UIGlow><UIForeground>01</UIForeground> par <UIForeground>F201F4</UIForeground><UIGlow>F201F5</UIGlow>Extra Gravité<UIGlow>01</UIGlow><UIForeground>01</UIForeground>."
499,"Augmente la puissance de certaines actions curatives.

<UIForeground>F201FA</UIForeground><UIGlow>F201FB</UIGlow>Puissance de Bienfaisance<Indent/>:<UIGlow>01</UIGlow><UIForeground>01</UIForeground> 500
<UIForeground>F201FA</UIForeground><UIGlow>F201FB</UIGlow>Puissance d'Hélios<Indent/>:<UIGlow>01</UIGlow><UIForeground>01</UIForeground> 400
<UIForeground>F201FA</UIForeground><UIGlow>F201FB</UIGlow>Puissance de Bienfaisance II<Indent/>:<UIGlow>01</UIGlow><UIForeground>01</UIForeground> 800
<UIForeground>F201FA</UIForeground><UIGlow>F201FB</UIGlow>Puissance de Bienfaisance aspectée<Indent/>:<UIGlow>01</UIGlow><UIForeground>01</UIForeground> 250
<UIForeground>F201FA</UIForeground><UIGlow>F201FB</UIGlow>Puissance de Bienfaisance aspectée (périodique)<Indent/>:<UIGlow>01</UIGlow><UIForeground>01</UIForeground> 250
<UIForeground>F201FA</UIForeground><UIGlow>F201FB</UIGlow>Puissance d'Hélios aspecté<Indent/>:<UIGlow>01</UIGlow><UIForeground>01</UIForeground> 250
<UIForeground>F201FA</UIForeground><UIGlow>F201FB</UIGlow>Puissance d'Hélios aspecté (périodique)<Indent/>:<UIGlow>01</UIGlow><UIForeground>01</UIForeground> 150"
500,"Permet de cumuler plusieurs charges pour <UIForeground>F201F4</UIForeground><UIGlow>F201F5</UIGlow>Rencontre céleste<UIGlow>01</UIGlow><UIForeground>01</UIForeground>.
<UIForeground>F201FA</UIForeground><UIGlow>F201FB</UIGlow>Maximum de charges<Indent/>:<UIGlow>01</UIGlow><UIForeground>01</UIForeground> 2"
501,"Vous pouvez pêcher dans l'espace."
502,"Remplace <UIForeground>F201F4</UIForeground><UIGlow>F201F5</UIGlow>Invocation Bahamut<UIGlow>01</UIGlow><UIForeground>01</UIForeground> par <UIForeground>F201F4</UIForeground><UIGlow>F201F5</UIGlow>Invocation Phénix<UIGlow>01</UIGlow><UIForeground>01</UIForeground>.
<UIForeground>F201FA</UIForeground><UIGlow>F201FB</UIGlow>Condition<Indent/>:<UIGlow>01</UIGlow><UIForeground>01</UIForeground> après que l'invocation de Demi-Bahamut a pris fin."
503,"Remplace <UIForeground>F201F4</UIForeground><UIGlow>F201F5</UIGlow>Flux astral<UIGlow>01</UIGlow><UIForeground>01</UIForeground> par un sort plus puissant en fonction de la dernière action lancée.
<UIForeground>F201FA</UIForeground><UIGlow>F201FB</UIGlow>Après Invocation Ifrit<Indent/>:<UIGlow>01</UIGlow><UIForeground>01</UIForeground> devient <UIForeground>F201F4</UIForeground><UIGlow>F201F5</UIGlow>Cyclone écarlate<UIGlow>01</UIGlow><UIForeground>01</UIForeground>.
<UIForeground>F201FA</UIForeground><UIGlow>F201FB</UIGlow>Après Rite de topaze ou Cataclysme de topaze<Indent/>:<UIGlow>01</UIGlow><UIForeground>01</UIForeground> devient <UIForeground>F201F4</UIForeground><UIGlow>F201F5</UIGlow>Casse-montagnes<UIGlow>01</UIGlow><UIForeground>01</UIForeground>.
<UIForeground>F201FA</UIForeground><UIGlow>F201FB</UIGlow>Après Invocation Garuda<Indent/>:<UIGlow>01</UIGlow><UIForeground>01</UIForeground> devient <UIForeground>F201F4</UIForeground><UIGlow>F201F5</UIGlow>Sillage<UIGlow>01</UIGlow><UIForeground>01</UIForeground>."
504,"Augmente la puissance de certaines actions.

<UIForeground>F201FA</UIForeground><UIGlow>F201FB</UIGlow>Puissance de Lame rapide<Indent/>:<UIGlow>01</UIGlow><UIForeground>01</UIForeground> 200
<UIForeground>F201FA</UIForeground><UIGlow>F201FB</UIGlow>Puissance de Lame déchaînée<Indent/>:<UIGlow>01</UIGlow><UIForeground>01</UIForeground> 140
<UIForeground>F201FA</UIForeground><UIGlow>F201FB</UIGlow>Puissance d'Autorité royale<Indent/>:<UIGlow>01</UIGlow><UIForeground>01</UIForeground> 140
<UIForeground>F201FA</UIForeground><UIGlow>F201FB</UIGlow>Puissance d'Esprit saint<Indent/>:<UIGlow>01</UIGlow><UIForeground>01</UIForeground> 350
<UIForeground>F201FA</UIForeground><UIGlow>F201FB</UIGlow>Puissance d'Absolution<Indent/>:<UIGlow>01</UIGlow><UIForeground>01</UIForeground> 400
<UIForeground>F201FA</UIForeground><UIGlow>F201FB</UIGlow>Puissance d'Oraison<Indent/>:<UIGlow>01</UIGlow><UIForeground>01</UIForeground> 420
<UIForeground>F201FA</UIForeground><UIGlow>F201FB</UIGlow>Puissance de Sépulcre<Indent/>:<UIGlow>01</UIGlow><UIForeground>01</UIForeground> 440"
505,"Augmente la puissance de certaines actions.

<UIForeground>F201FA</UIForeground><UIGlow>F201FB</UIGlow>Puissance de Coup puissant<Indent/>:<UIGlow>01</UIGlow><UIForeground>01</UIForeground> 200
<UIForeground>F201FA</UIForeground><UIGlow>F201FB</UIGlow>Puissance de Mutilation<Indent/>:<UIGlow>01</UIGlow><UIForeground>01</UIForeground> 150
<UIForeground>F201FA</UIForeground><UIGlow>F201FB</UIGlow>Puissance de Couperet de justice<Indent/>:<UIGlow>01</UIGlow><UIForeground>01</UIForeground> 160
<UIForeground>F201FA</UIForeground><UIGlow>F201FB</UIGlow>Puissance d'Œil de la tempête<Indent/>:<UIGlow>01</UIGlow><UIForeground>01</UIForeground> 160"
506,"Augmente la puissance de certaines actions.

<UIForeground>F201FA</UIForeground><UIGlow>F201FB</UIGlow>Puissance de Taillade violente<Indent/>:<UIGlow>01</UIGlow><UIForeground>01</UIForeground> 180
<UIForeground>F201FA</UIForeground><UIGlow>F201FB</UIGlow>Puissance de Frappe siphon<Indent/>:<UIGlow>01</UIGlow><UIForeground>01</UIForeground> 120
<UIForeground>F201FA</UIForeground><UIGlow>F201FB</UIGlow>Puissance de Dévoreur d'âme<Indent/>:<UIGlow>01</UIGlow><UIForeground>01</UIForeground> 140"
507,"Augmente la puissance de certaines actions.

<UIForeground>F201FA</UIForeground><UIGlow>F201FB</UIGlow>Puissance de Tranchant acéré<Indent/>:<UIGlow>01</UIGlow><UIForeground>01</UIForeground> 200
<UIForeground>F201FA</UIForeground><UIGlow>F201FB</UIGlow>Puissance d'Impact brutal<Indent/>:<UIGlow>01</UIGlow><UIForeground>01</UIForeground> 160
<UIForeground>F201FA</UIForeground><UIGlow>F201FB</UIGlow>Puissance de Salve tranchante<Indent/>:<UIGlow>01</UIGlow><UIForeground>01</UIForeground> 140"
508,"Intensifie votre <UIForeground>F201F4</UIForeground><UIGlow>F201F5</UIGlow>Fougue des dragons anciens<UIGlow>01</UIGlow><UIForeground>01</UIForeground> lorsque vous utilisez <UIForeground>F201F4</UIForeground><UIGlow>F201F5</UIGlow>Percée Raiden<UIGlow>01</UIGlow><UIForeground>01</UIForeground> ou <UIForeground>F201F4</UIForeground><UIGlow>F201F5</UIGlow>Fureur du dragon<UIGlow>01</UIGlow><UIForeground>01</UIForeground> (maximum 2).
En outre, augmente la puissance des actions suivantes<Indent/>:
<UIForeground>F201FA</UIForeground><UIGlow>F201FB</UIGlow>Geirskögul<Indent/>:<UIGlow>01</UIGlow><UIForeground>01</UIForeground> 280
<UIForeground>F201FA</UIForeground><UIGlow>F201FB</UIGlow>Naströnd<Indent/>:<UIGlow>01</UIGlow><UIForeground>01</UIForeground> 720"
509,"Augmente l'effet <UIForeground>F201F4</UIForeground><UIGlow>F201F5</UIGlow>Énochien<UIGlow>01</UIGlow><UIForeground>01</UIForeground> à 22%."
510,"Remplace <UIForeground>F201F4</UIForeground><UIGlow>F201F5</UIGlow>Physis<UIGlow>01</UIGlow><UIForeground>01</UIForeground> par <UIForeground>F201F4</UIForeground><UIGlow>F201F5</UIGlow>Physis II<UIGlow>01</UIGlow><UIForeground>01</UIForeground>."
511,"Augmente la puissance des attaques de votre estime à 420."
512,"Remplace <UIForeground>F201F4</UIForeground><UIGlow>F201F5</UIGlow>Départ de flammes<UIGlow>01</UIGlow><UIForeground>01</UIForeground> par <UIForeground>F201F4</UIForeground><UIGlow>F201F5</UIGlow>Danse du Phénix<UIGlow>01</UIGlow><UIForeground>01</UIForeground>."
513,"Remplace <UIForeground>F201F4</UIForeground><UIGlow>F201F5</UIGlow>Coup de pied tornade<UIGlow>01</UIGlow><UIForeground>01</UIForeground> par <UIForeground>F201F4</UIForeground><UIGlow>F201F5</UIGlow>Rixe évanescente<UIGlow>01</UIGlow><UIForeground>01</UIForeground>."
514,"Vous octroie <UIForeground>F201F4</UIForeground><UIGlow>F201F5</UIGlow>Ôgi<Indent/>: Namikiri préparée<UIGlow>01</UIGlow><UIForeground>01</UIForeground> lorsque vous utilisez <UIForeground>F201F4</UIForeground><UIGlow>F201F5</UIGlow>Ikishôten<UIGlow>01</UIGlow><UIForeground>01</UIForeground>.
<UIForeground>F201FA</UIForeground><UIGlow>F201FB</UIGlow>Durée<Indent/>:<UIGlow>01</UIGlow><UIForeground>01</UIForeground> 30s"
515,"Remplace <UIForeground>F201F4</UIForeground><UIGlow>F201F5</UIGlow>Assassinement<UIGlow>01</UIGlow><UIForeground>01</UIForeground> par <UIForeground>F201F4</UIForeground><UIGlow>F201F5</UIGlow>Rêve dans un rêve<UIGlow>01</UIGlow><UIForeground>01</UIForeground>."
516,"Augmente la puissance de certaines actions.

<UIForeground>F201FA</UIForeground><UIGlow>F201FB</UIGlow>Puissance de Tourbillon tailladant<Indent/>:<UIGlow>01</UIGlow><UIForeground>01</UIForeground> 120
<UIForeground>F201FA</UIForeground><UIGlow>F201FB</UIGlow>Puissance de Lame éolienne<Indent/>:<UIGlow>01</UIGlow><UIForeground>01</UIForeground> 140
<UIForeground>F201FA</UIForeground><UIGlow>F201FB</UIGlow>Puissance de Perce-armure<Indent/>:<UIGlow>01</UIGlow><UIForeground>01</UIForeground> 140"
517,"Augmente la puissance de certaines actions.

<UIForeground>F201FA</UIForeground><UIGlow>F201FB</UIGlow>Puissance de Tir scindé chauffé<Indent/>:<UIGlow>01</UIGlow><UIForeground>01</UIForeground> 200
<UIForeground>F201FA</UIForeground><UIGlow>F201FB</UIGlow>Puissance de Tir de balle chauffé<Indent/>:<UIGlow>01</UIGlow><UIForeground>01</UIForeground> 120
<UIForeground>F201FA</UIForeground><UIGlow>F201FB</UIGlow>Puissance de Tir net chauffé<Indent/>:<UIGlow>01</UIGlow><UIForeground>01</UIForeground> 120"
518,"Augmente la puissance de certaines actions.

<UIForeground>F201FA</UIForeground><UIGlow>F201FB</UIGlow>Puissance de Volée de coups<Indent/>:<UIGlow>01</UIGlow><UIForeground>01</UIForeground> 220
<UIForeground>F201FA</UIForeground><UIGlow>F201FB</UIGlow>Puissance de Coup de poing direct<Indent/>:<UIGlow>01</UIGlow><UIForeground>01</UIForeground> 300
<UIForeground>F201FA</UIForeground><UIGlow>F201FB</UIGlow>Puissance de Coup de poing brusque<Indent/>:<UIGlow>01</UIGlow><UIForeground>01</UIForeground> 270
<UIForeground>F201FA</UIForeground><UIGlow>F201FB</UIGlow>Puissance de Serpents jumeaux<Indent/>:<UIGlow>01</UIGlow><UIForeground>01</UIForeground> 380
<UIForeground>F201FA</UIForeground><UIGlow>F201FB</UIGlow>Puissance de Démolition<Indent/>:<UIGlow>01</UIGlow><UIForeground>01</UIForeground> 320
<UIForeground>F201FA</UIForeground><UIGlow>F201FB</UIGlow>Puissance de Tacle du dragon<Indent/>:<UIGlow>01</UIGlow><UIForeground>01</UIForeground> 280
<UIForeground>F201FA</UIForeground><UIGlow>F201FB</UIGlow>Puissance de Chakra interdit<Indent/>:<UIGlow>01</UIGlow><UIForeground>01</UIForeground> 400"
519,"Remplace <UIForeground>F201F4</UIForeground><UIGlow>F201F5</UIGlow>Fûga<UIGlow>01</UIGlow><UIForeground>01</UIForeground> par <UIForeground>F201F4</UIForeground><UIGlow>F201F5</UIGlow>Fûkô<UIGlow>01</UIGlow><UIForeground>01</UIForeground>."
520,"Augmente la puissance de certaines actions.

<UIForeground>F201FA</UIForeground><UIGlow>F201FB</UIGlow>Puissance de Hakaze<Indent/>:<UIGlow>01</UIGlow><UIForeground>01</UIForeground> 200
<UIForeground>F201FA</UIForeground><UIGlow>F201FB</UIGlow>Puissance de Jinpû<Indent/>:<UIGlow>01</UIGlow><UIForeground>01</UIForeground> 120
<UIForeground>F201FA</UIForeground><UIGlow>F201FB</UIGlow>Puissance de Shifû<Indent/>:<UIGlow>01</UIGlow><UIForeground>01</UIForeground> 120"
521,"Augmente la puissance de certaines actions.

<UIForeground>F201FA</UIForeground><UIGlow>F201FB</UIGlow>Puissance de Gekkô<Indent/>:<UIGlow>01</UIGlow><UIForeground>01</UIForeground> 110
<UIForeground>F201FA</UIForeground><UIGlow>F201FB</UIGlow>Puissance de Kasha<Indent/>:<UIGlow>01</UIGlow><UIForeground>01</UIForeground> 110
<UIForeground>F201FA</UIForeground><UIGlow>F201FB</UIGlow>Puissance de Yukikaze<Indent/>:<UIGlow>01</UIGlow><UIForeground>01</UIForeground> 110"
522,"Augmente la puissance de certaines actions.

<UIForeground>F201FA</UIForeground><UIGlow>F201FB</UIGlow>Puissance de Lame tournoyante<Indent/>:<UIGlow>01</UIGlow><UIForeground>01</UIForeground> 220
<UIForeground>F201FA</UIForeground><UIGlow>F201FB</UIGlow>Puissance de Tourbillon tailladant<Indent/>:<UIGlow>01</UIGlow><UIForeground>01</UIForeground> 160
<UIForeground>F201FA</UIForeground><UIGlow>F201FB</UIGlow>Puissance de Dagues de jet<Indent/>:<UIGlow>01</UIGlow><UIForeground>01</UIForeground> 200"
523,"Augmente la puissance de certaines actions.

<UIForeground>F201FA</UIForeground><UIGlow>F201FB</UIGlow>Puissance de Tranchage<Indent/>:<UIGlow>01</UIGlow><UIForeground>01</UIForeground> 320
<UIForeground>F201FA</UIForeground><UIGlow>F201FB</UIGlow>Puissance de Tranchage blafard<Indent/>:<UIGlow>01</UIGlow><UIForeground>01</UIForeground> 160
<UIForeground>F201FA</UIForeground><UIGlow>F201FB</UIGlow>Puissance de Tranchage infernal<Indent/>:<UIGlow>01</UIGlow><UIForeground>01</UIForeground> 180"
524,"Permet d'utiliser <UIForeground>F201F4</UIForeground><UIGlow>F201F5</UIGlow>Cascabelle mortelle<UIGlow>01</UIGlow><UIForeground>01</UIForeground>.
<UIForeground>F201FA</UIForeground><UIGlow>F201FB</UIGlow>Condition<Indent/>:<UIGlow>01</UIGlow><UIForeground>01</UIForeground> après avoir utilisé <UIForeground>F201F4</UIForeground><UIGlow>F201F5</UIGlow>Saignée du flanc<UIGlow>01</UIGlow><UIForeground>01</UIForeground>, <UIForeground>F201F4</UIForeground><UIGlow>F201F5</UIGlow>Déchirement du flanc<UIGlow>01</UIGlow><UIForeground>01</UIForeground>, <UIForeground>F201F4</UIForeground><UIGlow>F201F5</UIGlow>Saignée de l'échine<UIGlow>01</UIGlow><UIForeground>01</UIForeground> ou <UIForeground>F201F4</UIForeground><UIGlow>F201F5</UIGlow>Déchirement de l'échine<UIGlow>01</UIGlow><UIForeground>01</UIForeground> avec succès."
525,"Permet d'utiliser <UIForeground>F201F4</UIForeground><UIGlow>F201F5</UIGlow>Spirale finale<UIGlow>01</UIGlow><UIForeground>01</UIForeground>.
<UIForeground>F201FA</UIForeground><UIGlow>F201FB</UIGlow>Condition<Indent/>:<UIGlow>01</UIGlow><UIForeground>01</UIForeground> après avoir utilisé <UIForeground>F201F4</UIForeground><UIGlow>F201F5</UIGlow>Déchiquetage vorace<UIGlow>01</UIGlow><UIForeground>01</UIForeground> ou <UIForeground>F201F4</UIForeground><UIGlow>F201F5</UIGlow>Déchiquetage sanglant<UIGlow>01</UIGlow><UIForeground>01</UIForeground> avec succès."
526,"Permet d'utiliser <UIForeground>F201F4</UIForeground><UIGlow>F201F5</UIGlow>Morsure vicieuse<UIGlow>01</UIGlow><UIForeground>01</UIForeground> et <UIForeground>F201F4</UIForeground><UIGlow>F201F5</UIGlow>Morsure frénétique<UIGlow>01</UIGlow><UIForeground>01</UIForeground>.
<UIForeground>F201FA</UIForeground><UIGlow>F201FB</UIGlow>Condition<Indent/>:<UIGlow>01</UIGlow><UIForeground>01</UIForeground> après avoir utilisé <UIForeground>F201F4</UIForeground><UIGlow>F201F5</UIGlow>Anneaux du prédateur<UIGlow>01</UIGlow><UIForeground>01</UIForeground> ou <UIForeground>F201F4</UIForeground><UIGlow>F201F5</UIGlow>Anneaux de l'écorcheur<UIGlow>01</UIGlow><UIForeground>01</UIForeground> avec succès."
527,"Permet d'utiliser <UIForeground>F201F4</UIForeground><UIGlow>F201F5</UIGlow>Vortex vicieux<UIGlow>01</UIGlow><UIForeground>01</UIForeground> et <UIForeground>F201F4</UIForeground><UIGlow>F201F5</UIGlow>Vortex frénétique<UIGlow>01</UIGlow><UIForeground>01</UIForeground>.
<UIForeground>F201FA</UIForeground><UIGlow>F201FB</UIGlow>Condition<Indent/>:<UIGlow>01</UIGlow><UIForeground>01</UIForeground> après avoir utilisé <UIForeground>F201F4</UIForeground><UIGlow>F201F5</UIGlow>Tanière du prédateur<UIGlow>01</UIGlow><UIForeground>01</UIForeground> ou <UIForeground>F201F4</UIForeground><UIGlow>F201F5</UIGlow>Tanière de l'écorcheur<UIGlow>01</UIGlow><UIForeground>01</UIForeground> avec succès."
528,"Permet de recevoir une <UIForeground>F201F4</UIForeground><UIGlow>F201F5</UIGlow>Âme ophidienne<UIGlow>01</UIGlow><UIForeground>01</UIForeground> (maximum 2) lorsque vous utilisez <UIForeground>F201F4</UIForeground><UIGlow>F201F5</UIGlow>Anneaux de l'effroi<UIGlow>01</UIGlow><UIForeground>01</UIForeground> ou <UIForeground>F201F4</UIForeground><UIGlow>F201F5</UIGlow>Fosse de l'effroi<UIGlow>01</UIGlow><UIForeground>01</UIForeground> avec succès."
529,"Augmente le maximum de charges de <UIForeground>F201F4</UIForeground><UIGlow>F201F5</UIGlow>Reptation<UIGlow>01</UIGlow><UIForeground>01</UIForeground> à 3."
530,"Augmente à 3 le nombre maximal d'<UIForeground>F201F4</UIForeground><UIGlow>F201F5</UIGlow>Âmes ophidiennes<UIGlow>01</UIGlow><UIForeground>01</UIForeground>."
531,"Permet à votre <UIForeground>F201F6</UIForeground><UIGlow>F201F7</UIGlow>Jauge ophidienne<UIGlow>01</UIGlow><UIForeground>01</UIForeground> de se remplir lorsque vous utilisez certaines actions avec succès.
Permet de recevoir <UIForeground>F201F4</UIForeground><UIGlow>F201F5</UIGlow>Réminiscence préparée<UIGlow>01</UIGlow><UIForeground>01</UIForeground> lorsque vous utilisez <UIForeground>F201F4</UIForeground><UIGlow>F201F5</UIGlow>Communion ophidienne<UIGlow>01</UIGlow><UIForeground>01</UIForeground>.
<UIForeground>F201FA</UIForeground><UIGlow>F201FB</UIGlow>Durée<Indent/>:<UIGlow>01</UIGlow><UIForeground>01</UIForeground> 30s
<UIForeground>F201FA</UIForeground><UIGlow>F201FB</UIGlow>Réminiscence préparée<Indent/>:<UIGlow>01</UIGlow><UIForeground>01</UIForeground> Réminiscence peut être utilisée sans consommer de <UIForeground>F201F6</UIForeground><UIGlow>F201F7</UIGlow>Jauge ophidienne<UIGlow>01</UIGlow><UIForeground>01</UIForeground>."
532,"Permet d'utiliser <UIForeground>F201F4</UIForeground><UIGlow>F201F5</UIGlow>Assaut vicieux<UIGlow>01</UIGlow><UIForeground>01</UIForeground> et <UIForeground>F201F4</UIForeground><UIGlow>F201F5</UIGlow>Assaut frénétique<UIGlow>01</UIGlow><UIForeground>01</UIForeground> après avoir utilisé <UIForeground>F201F4</UIForeground><UIGlow>F201F5</UIGlow>Assaut ophidien<UIGlow>01</UIGlow><UIForeground>01</UIForeground> avec succès."
533,"Augmente le degré maximal d'<UIForeground>F201F4</UIForeground><UIGlow>F201F5</UIGlow>Esprit ophidien<UIGlow>01</UIGlow><UIForeground>01</UIForeground> à 5.
Permet d'utiliser <UIForeground>F201F4</UIForeground><UIGlow>F201F5</UIGlow>Esprit du Serpent-Monde<UIGlow>01</UIGlow><UIForeground>01</UIForeground> sous l'effet <UIForeground>F201F4</UIForeground><UIGlow>F201F5</UIGlow>Réminiscence<UIGlow>01</UIGlow><UIForeground>01</UIForeground>."
534,"Permet d'utiliser <UIForeground>F201F4</UIForeground><UIGlow>F201F5</UIGlow>Premier cycle<UIGlow>01</UIGlow><UIForeground>01</UIForeground>, <UIForeground>F201F4</UIForeground><UIGlow>F201F5</UIGlow>Deuxième cycle<UIGlow>01</UIGlow><UIForeground>01</UIForeground>, <UIForeground>F201F4</UIForeground><UIGlow>F201F5</UIGlow>Troisième cycle<UIGlow>01</UIGlow><UIForeground>01</UIForeground> et <UIForeground>F201F4</UIForeground><UIGlow>F201F5</UIGlow>Quatrième cycle<UIGlow>01</UIGlow><UIForeground>01</UIForeground> après avoir utilisé respectivement <UIForeground>F201F4</UIForeground><UIGlow>F201F5</UIGlow>Première ère<UIGlow>01</UIGlow><UIForeground>01</UIForeground>, <UIForeground>F201F4</UIForeground><UIGlow>F201F5</UIGlow>Deuxième ère<UIGlow>01</UIGlow><UIForeground>01</UIForeground>, <UIForeground>F201F4</UIForeground><UIGlow>F201F5</UIGlow>Troisième ère<UIGlow>01</UIGlow><UIForeground>01</UIForeground> et <UIForeground>F201F4</UIForeground><UIGlow>F201F5</UIGlow>Quatrième ère<UIGlow>01</UIGlow><UIForeground>01</UIForeground> avec succès."
535,""
536,""
537,"Permet à votre <UIForeground>F201F6</UIForeground><UIGlow>F201F7</UIGlow>Jauge de palette<UIGlow>01</UIGlow><UIForeground>01</UIForeground> de se remplir lorsque vous utilisez <UIForeground>F201F4</UIForeground><UIGlow>F201F5</UIGlow>Eau en bleu<UIGlow>01</UIGlow><UIForeground>01</UIForeground> ou <UIForeground>F201F4</UIForeground><UIGlow>F201F5</UIGlow>Extra Eau en bleu<UIGlow>01</UIGlow><UIForeground>01</UIForeground> avec succès."
538,"Permet de recevoir <UIForeground>F201F4</UIForeground><UIGlow>F201F5</UIGlow>Peinture blanche<UIGlow>01</UIGlow><UIForeground>01</UIForeground> lorsque vous utilisez <UIForeground>F201F4</UIForeground><UIGlow>F201F5</UIGlow>Eau en bleu<UIGlow>01</UIGlow><UIForeground>01</UIForeground>, <UIForeground>F201F4</UIForeground><UIGlow>F201F5</UIGlow>Foudre en magenta<UIGlow>01</UIGlow><UIForeground>01</UIForeground>, <UIForeground>F201F4</UIForeground><UIGlow>F201F5</UIGlow>Extra Eau en bleu<UIGlow>01</UIGlow><UIForeground>01</UIForeground> ou <UIForeground>F201F4</UIForeground><UIGlow>F201F5</UIGlow>Extra Foudre en magenta<UIGlow>01</UIGlow><UIForeground>01</UIForeground> avec succès."
539,"Barbouillage augmente votre vitesse de déplacement.
<UIForeground>F201FA</UIForeground><UIGlow>F201FB</UIGlow>Durée<Indent/>:<UIGlow>01</UIGlow><UIForeground>01</UIForeground> 5s"
540,"Remplace <UIForeground>F201F4</UIForeground><UIGlow>F201F5</UIGlow>Tamponnage Marteau<UIGlow>01</UIGlow><UIForeground>01</UIForeground> par <UIForeground>F201F4</UIForeground><UIGlow>F201F5</UIGlow>Brossage Marteau<UIGlow>01</UIGlow><UIForeground>01</UIForeground>, et <UIForeground>F201F4</UIForeground><UIGlow>F201F5</UIGlow>Brossage Marteau<UIGlow>01</UIGlow><UIForeground>01</UIForeground> par <UIForeground>F201F4</UIForeground><UIGlow>F201F5</UIGlow>Finition Marteau<UIGlow>01</UIGlow><UIForeground>01</UIForeground> lorsque vous les utilisez.
Permet de cumuler plusieurs charges pour <UIForeground>F201F4</UIForeground><UIGlow>F201F5</UIGlow>Imagi Marteau<UIGlow>01</UIGlow><UIForeground>01</UIForeground>.
<UIForeground>F201FA</UIForeground><UIGlow>F201FB</UIGlow>Maximum de charges<Indent/>:<UIGlow>01</UIGlow><UIForeground>01</UIForeground> 2"
541,"Permet d'utiliser <UIForeground>F201F4</UIForeground><UIGlow>F201F5</UIGlow>Tempera grassa<UIGlow>01</UIGlow><UIForeground>01</UIForeground> lorsque vous bénéficiez de l'effet <UIForeground>F201FA</UIForeground><UIGlow>F201FB</UIGlow>Enduit a tempera<UIGlow>01</UIGlow><UIForeground>01</UIForeground>."
542,"Permet de recevoir <UIForeground>F201F4</UIForeground><UIGlow>F201F5</UIGlow>Inversion de couleur<UIGlow>01</UIGlow><UIForeground>01</UIForeground> lorsque vous utilisez <UIForeground>F201F4</UIForeground><UIGlow>F201F5</UIGlow>Palette soustractive<UIGlow>01</UIGlow><UIForeground>01</UIForeground>.
<UIForeground>F201FA</UIForeground><UIGlow>F201FB</UIGlow>Inversion de couleur<Indent/>:<UIGlow>01</UIGlow><UIForeground>01</UIForeground> convertit une <UIForeground>F201F4</UIForeground><UIGlow>F201F5</UIGlow>Peinture blanche<UIGlow>01</UIGlow><UIForeground>01</UIForeground> en <UIForeground>F201F4</UIForeground><UIGlow>F201F5</UIGlow>Peinture noire<UIGlow>01</UIGlow><UIForeground>01</UIForeground>."
543,"Permet de recevoir <UIForeground>F201F4</UIForeground><UIGlow>F201F5</UIGlow>Gouttes arc-en-ciel améliorées<UIGlow>01</UIGlow><UIForeground>01</UIForeground> lorsque vous consommez tous vos degrés d'<UIForeground>F201FA</UIForeground><UIGlow>F201FB</UIGlow>Installation<UIGlow>01</UIGlow><UIForeground>01</UIForeground> en utilisant des sorts chromatiques.
<UIForeground>F201FA</UIForeground><UIGlow>F201FB</UIGlow>Durée<Indent/>:<UIGlow>01</UIGlow><UIForeground>01</UIForeground> 30s"
544,"Permet de recevoir <UIForeground>F201F4</UIForeground><UIGlow>F201F5</UIGlow>Prisme d'étoiles préparé<UIGlow>01</UIGlow><UIForeground>01</UIForeground> lorsque vous utilisez <UIForeground>F201F4</UIForeground><UIGlow>F201F5</UIGlow>Imagi Ciel<UIGlow>01</UIGlow><UIForeground>01</UIForeground>.
<UIForeground>F201FA</UIForeground><UIGlow>F201FB</UIGlow>Durée<Indent/>:<UIGlow>01</UIGlow><UIForeground>01</UIForeground> 20s"
545,"Augmente le maximum de charges d'<UIForeground>F201F4</UIForeground><UIGlow>F201F5</UIGlow>Imagi Animal<UIGlow>01</UIGlow><UIForeground>01</UIForeground> à 3.
Ajoute <UIForeground>F201F4</UIForeground><UIGlow>F201F5</UIGlow>Picto Griffes<UIGlow>01</UIGlow><UIForeground>01</UIForeground> et <UIForeground>F201F4</UIForeground><UIGlow>F201F5</UIGlow>Picto Crocs<UIGlow>01</UIGlow><UIForeground>01</UIForeground> aux actions exécutables avec <UIForeground>F201F4</UIForeground><UIGlow>F201F5</UIGlow>Picto Animal<UIGlow>01</UIGlow><UIForeground>01</UIForeground>."
546,"Permet de recevoir 5 degrés d'<UIForeground>F201F4</UIForeground><UIGlow>F201F5</UIGlow>Installation<UIGlow>01</UIGlow><UIForeground>01</UIForeground> lorsque vous utilisez <UIForeground>F201F4</UIForeground><UIGlow>F201F5</UIGlow>Imagi Ciel<UIGlow>01</UIGlow><UIForeground>01</UIForeground>.
<UIForeground>F201FA</UIForeground><UIGlow>F201FB</UIGlow>Durée<Indent/>:<UIGlow>01</UIGlow><UIForeground>01</UIForeground> 30s"
547,""
548,"L'efficacité de Travail minutieux sur la progression augmente à 150."
549,"L'efficacité de Travail minutieux sur la progression augmente à 150."
550,"L'efficacité de Travail minutieux sur la progression augmente à 150."
551,"L'efficacité de Travail minutieux sur la progression augmente à 150."
552,"L'efficacité de Travail minutieux sur la progression augmente à 150."
553,"L'efficacité de Travail minutieux sur la progression augmente à 150."
554,"L'efficacité de Travail minutieux sur la progression augmente à 150."
555,"L'efficacité de Travail minutieux sur la progression augmente à 150."
556,"Vous octroie l'effet Opportunité experte.
<UIForeground>F201FA</UIForeground><UIGlow>F201FB</UIGlow>Opportunité experte<Indent/>:<UIGlow>01</UIGlow><UIForeground>01</UIForeground> en cas de réussite, <UIForeground>F201F4</UIForeground><UIGlow>F201F5</UIGlow>Ouvrage hâtif<UIGlow>01</UIGlow><UIForeground>01</UIForeground> devient <UIForeground>F201F4</UIForeground><UIGlow>F201F5</UIGlow>Ouvrage audacieux<UIGlow>01</UIGlow><UIForeground>01</UIForeground>.
<UIForeground>F201FA</UIForeground><UIGlow>F201FB</UIGlow>Durée<Indent/>:<UIGlow>01</UIGlow><UIForeground>01</UIForeground> 1 tour"
557,"Vous octroie l'effet Opportunité experte.
<UIForeground>F201FA</UIForeground><UIGlow>F201FB</UIGlow>Opportunité experte<Indent/>:<UIGlow>01</UIGlow><UIForeground>01</UIForeground> en cas de réussite, <UIForeground>F201F4</UIForeground><UIGlow>F201F5</UIGlow>Ouvrage hâtif<UIGlow>01</UIGlow><UIForeground>01</UIForeground> devient <UIForeground>F201F4</UIForeground><UIGlow>F201F5</UIGlow>Ouvrage audacieux<UIGlow>01</UIGlow><UIForeground>01</UIForeground>.
<UIForeground>F201FA</UIForeground><UIGlow>F201FB</UIGlow>Durée<Indent/>:<UIGlow>01</UIGlow><UIForeground>01</UIForeground> 1 tour"
558,"Vous octroie l'effet Opportunité experte.
<UIForeground>F201FA</UIForeground><UIGlow>F201FB</UIGlow>Opportunité experte<Indent/>:<UIGlow>01</UIGlow><UIForeground>01</UIForeground> en cas de réussite, <UIForeground>F201F4</UIForeground><UIGlow>F201F5</UIGlow>Ouvrage hâtif<UIGlow>01</UIGlow><UIForeground>01</UIForeground> devient <UIForeground>F201F4</UIForeground><UIGlow>F201F5</UIGlow>Ouvrage audacieux<UIGlow>01</UIGlow><UIForeground>01</UIForeground>.
<UIForeground>F201FA</UIForeground><UIGlow>F201FB</UIGlow>Durée<Indent/>:<UIGlow>01</UIGlow><UIForeground>01</UIForeground> 1 tour"
559,"Vous octroie l'effet Opportunité experte.
<UIForeground>F201FA</UIForeground><UIGlow>F201FB</UIGlow>Opportunité experte<Indent/>:<UIGlow>01</UIGlow><UIForeground>01</UIForeground> en cas de réussite, <UIForeground>F201F4</UIForeground><UIGlow>F201F5</UIGlow>Ouvrage hâtif<UIGlow>01</UIGlow><UIForeground>01</UIForeground> devient <UIForeground>F201F4</UIForeground><UIGlow>F201F5</UIGlow>Ouvrage audacieux<UIGlow>01</UIGlow><UIForeground>01</UIForeground>.
<UIForeground>F201FA</UIForeground><UIGlow>F201FB</UIGlow>Durée<Indent/>:<UIGlow>01</UIGlow><UIForeground>01</UIForeground> 1 tour"
560,"Vous octroie l'effet Opportunité experte.
<UIForeground>F201FA</UIForeground><UIGlow>F201FB</UIGlow>Opportunité experte<Indent/>:<UIGlow>01</UIGlow><UIForeground>01</UIForeground> en cas de réussite, <UIForeground>F201F4</UIForeground><UIGlow>F201F5</UIGlow>Ouvrage hâtif<UIGlow>01</UIGlow><UIForeground>01</UIForeground> devient <UIForeground>F201F4</UIForeground><UIGlow>F201F5</UIGlow>Ouvrage audacieux<UIGlow>01</UIGlow><UIForeground>01</UIForeground>.
<UIForeground>F201FA</UIForeground><UIGlow>F201FB</UIGlow>Durée<Indent/>:<UIGlow>01</UIGlow><UIForeground>01</UIForeground> 1 tour"
561,"Vous octroie l'effet Opportunité experte.
<UIForeground>F201FA</UIForeground><UIGlow>F201FB</UIGlow>Opportunité experte<Indent/>:<UIGlow>01</UIGlow><UIForeground>01</UIForeground> en cas de réussite, <UIForeground>F201F4</UIForeground><UIGlow>F201F5</UIGlow>Ouvrage hâtif<UIGlow>01</UIGlow><UIForeground>01</UIForeground> devient <UIForeground>F201F4</UIForeground><UIGlow>F201F5</UIGlow>Ouvrage audacieux<UIGlow>01</UIGlow><UIForeground>01</UIForeground>.
<UIForeground>F201FA</UIForeground><UIGlow>F201FB</UIGlow>Durée<Indent/>:<UIGlow>01</UIGlow><UIForeground>01</UIForeground> 1 tour"
562,"Vous octroie l'effet Opportunité experte.
<UIForeground>F201FA</UIForeground><UIGlow>F201FB</UIGlow>Opportunité experte<Indent/>:<UIGlow>01</UIGlow><UIForeground>01</UIForeground> en cas de réussite, <UIForeground>F201F4</UIForeground><UIGlow>F201F5</UIGlow>Ouvrage hâtif<UIGlow>01</UIGlow><UIForeground>01</UIForeground> devient <UIForeground>F201F4</UIForeground><UIGlow>F201F5</UIGlow>Ouvrage audacieux<UIGlow>01</UIGlow><UIForeground>01</UIForeground>.
<UIForeground>F201FA</UIForeground><UIGlow>F201FB</UIGlow>Durée<Indent/>:<UIGlow>01</UIGlow><UIForeground>01</UIForeground> 1 tour"
563,"Vous octroie l'effet Opportunité experte.
<UIForeground>F201FA</UIForeground><UIGlow>F201FB</UIGlow>Opportunité experte<Indent/>:<UIGlow>01</UIGlow><UIForeground>01</UIForeground> en cas de réussite, <UIForeground>F201F4</UIForeground><UIGlow>F201F5</UIGlow>Ouvrage hâtif<UIGlow>01</UIGlow><UIForeground>01</UIForeground> devient <UIForeground>F201F4</UIForeground><UIGlow>F201F5</UIGlow>Ouvrage audacieux<UIGlow>01</UIGlow><UIForeground>01</UIForeground>.
<UIForeground>F201FA</UIForeground><UIGlow>F201FB</UIGlow>Durée<Indent/>:<UIGlow>01</UIGlow><UIForeground>01</UIForeground> 1 tour"
564,"Remplace <UIForeground>F201F4</UIForeground><UIGlow>F201F5</UIGlow>Sentinelle<UIGlow>01</UIGlow><UIForeground>01</UIForeground> par <UIForeground>F201F4</UIForeground><UIGlow>F201F5</UIGlow>Garde extrême<UIGlow>01</UIGlow><UIForeground>01</UIForeground>."
565,"Remplace <UIForeground>F201F4</UIForeground><UIGlow>F201F5</UIGlow>Requiescat<UIGlow>01</UIGlow><UIForeground>01</UIForeground> par <UIForeground>F201F4</UIForeground><UIGlow>F201F5</UIGlow>Imperator<UIGlow>01</UIGlow><UIForeground>01</UIForeground>."
566,"Permet de recevoir <UIForeground>F201F4</UIForeground><UIGlow>F201F5</UIGlow>Lame d'honneur préparée<UIGlow>01</UIGlow><UIForeground>01</UIForeground> lorsque vous utilisez <UIForeground>F201F4</UIForeground><UIGlow>F201F5</UIGlow>Lame de vaillance<UIGlow>01</UIGlow><UIForeground>01</UIForeground>.
<UIForeground>F201FA</UIForeground><UIGlow>F201FB</UIGlow>Durée<Indent/>:<UIGlow>01</UIGlow><UIForeground>01</UIForeground> 30s
Remplace <UIForeground>F201F4</UIForeground><UIGlow>F201F5</UIGlow>Imperator<UIGlow>01</UIGlow><UIForeground>01</UIForeground> par <UIForeground>F201F4</UIForeground><UIGlow>F201F5</UIGlow>Lame d'honneur<UIGlow>01</UIGlow><UIForeground>01</UIForeground> pendant la durée de l'effet."
567,"Remplace <UIForeground>F201F4</UIForeground><UIGlow>F201F5</UIGlow>Représailles<UIGlow>01</UIGlow><UIForeground>01</UIForeground> par <UIForeground>F201F4</UIForeground><UIGlow>F201F5</UIGlow>Damnation<UIGlow>01</UIGlow><UIForeground>01</UIForeground>."
568,"Permet de recevoir <UIForeground>F201F4</UIForeground><UIGlow>F201F5</UIGlow>Palpitations bestiales<UIGlow>01</UIGlow><UIForeground>01</UIForeground> (maximum 3) lorsque vous utilisez <UIForeground>F201F4</UIForeground><UIGlow>F201F5</UIGlow>Sape-fendeur<UIGlow>01</UIGlow><UIForeground>01</UIForeground> ou <UIForeground>F201F4</UIForeground><UIGlow>F201F5</UIGlow>Décimation<UIGlow>01</UIGlow><UIForeground>01</UIForeground> avec succès sous l'effet <UIForeground>F201F4</UIForeground><UIGlow>F201F5</UIGlow>Relâchement bestial<UIGlow>01</UIGlow><UIForeground>01</UIForeground>.
<UIForeground>F201FA</UIForeground><UIGlow>F201FB</UIGlow>Durée<Indent/>:<UIGlow>01</UIGlow><UIForeground>01</UIForeground> 30s
Si l'effet est accumulé 3 fois, devient <UIForeground>F201F4</UIForeground><UIGlow>F201F5</UIGlow>Trépidation bestiale préparée<UIGlow>01</UIGlow><UIForeground>01</UIForeground> et remplace <UIForeground>F201F4</UIForeground><UIGlow>F201F5</UIGlow>Relâchement bestial<UIGlow>01</UIGlow><UIForeground>01</UIForeground> par <UIForeground>F201F4</UIForeground><UIGlow>F201F5</UIGlow>Trépidation bestiale<UIGlow>01</UIGlow><UIForeground>01</UIForeground>."
569,"Permet de recevoir <UIForeground>F201F4</UIForeground><UIGlow>F201F5</UIGlow>Dévastateur préparé<UIGlow>01</UIGlow><UIForeground>01</UIForeground> lorsque vous utilisez <UIForeground>F201F4</UIForeground><UIGlow>F201F5</UIGlow>Griffade primitive<UIGlow>01</UIGlow><UIForeground>01</UIForeground>.
<UIForeground>F201FA</UIForeground><UIGlow>F201FB</UIGlow>Durée<Indent/>:<UIGlow>01</UIGlow><UIForeground>01</UIForeground> 20s"
570,"Remplace <UIForeground>F201F4</UIForeground><UIGlow>F201F5</UIGlow>Arme de sang<UIGlow>01</UIGlow><UIForeground>01</UIForeground> par <UIForeground>F201F4</UIForeground><UIGlow>F201F5</UIGlow>Delirium de sang<UIGlow>01</UIGlow><UIForeground>01</UIForeground>."
571,"Remplace <UIForeground>F201F4</UIForeground><UIGlow>F201F5</UIGlow>Mur d'ombre<UIGlow>01</UIGlow><UIForeground>01</UIForeground> par <UIForeground>F201F4</UIForeground><UIGlow>F201F5</UIGlow>Vigile ténébreux<UIGlow>01</UIGlow><UIForeground>01</UIForeground>."
572,"Remplace <UIForeground>F201F4</UIForeground><UIGlow>F201F5</UIGlow>Marée de sang<UIGlow>01</UIGlow><UIForeground>01</UIForeground> par <UIForeground>F201F4</UIForeground><UIGlow>F201F5</UIGlow>Delirium écarlate<UIGlow>01</UIGlow><UIForeground>01</UIForeground> et <UIForeground>F201F4</UIForeground><UIGlow>F201F5</UIGlow>Quietus<UIGlow>01</UIGlow><UIForeground>01</UIForeground> par <UIForeground>F201F4</UIForeground><UIGlow>F201F5</UIGlow>Empalement sanglant<UIGlow>01</UIGlow><UIForeground>01</UIForeground>.
<UIForeground>F201FA</UIForeground><UIGlow>F201FB</UIGlow>Condition<Indent/>:<UIGlow>01</UIGlow><UIForeground>01</UIForeground> <UIForeground>F201F4</UIForeground><UIGlow>F201F5</UIGlow>Delirium de sang<UIGlow>01</UIGlow><UIForeground>01</UIForeground>."
573,"Permet de recevoir <UIForeground>F201F4</UIForeground><UIGlow>F201F5</UIGlow>Sillon de morgue préparé<UIGlow>01</UIGlow><UIForeground>01</UIForeground> lorsque vous utilisez <UIForeground>F201F4</UIForeground><UIGlow>F201F5</UIGlow>Ombre vivante<UIGlow>01</UIGlow><UIForeground>01</UIForeground>.
<UIForeground>F201FA</UIForeground><UIGlow>F201FB</UIGlow>Durée<Indent/>:<UIGlow>01</UIGlow><UIForeground>01</UIForeground> 30s

De plus, votre estime utilisera <UIForeground>F201F4</UIForeground><UIGlow>F201F5</UIGlow>Sillon de morgue<UIGlow>01</UIGlow><UIForeground>01</UIForeground> à la place <UIForeground>F201F4</UIForeground><UIGlow>F201F5</UIGlow>Tranchage-habillage<UIGlow>01</UIGlow><UIForeground>01</UIForeground>

Effectue une attaque physique en ligne droite sur les ennemis devant vous.
<UIForeground>F201FA</UIForeground><UIGlow>F201FB</UIGlow>Puissance<Indent/>:<UIGlow>01</UIGlow><UIForeground>01</UIForeground> 620
La puissance est réduite de 25% au-delà du premier ennemi touché."
574,"Remplace <UIForeground>F201F4</UIForeground><UIGlow>F201F5</UIGlow>Nébuleuse<UIGlow>01</UIGlow><UIForeground>01</UIForeground> par <UIForeground>F201F4</UIForeground><UIGlow>F201F5</UIGlow>Grande nébuleuse<UIGlow>01</UIGlow><UIForeground>01</UIForeground>."
575,"Permet de recevoir <UIForeground>F201F4</UIForeground><UIGlow>F201F5</UIGlow>Insigne fatidique préparé<UIGlow>01</UIGlow><UIForeground>01</UIForeground> lorsque vous utilisez <UIForeground>F201F4</UIForeground><UIGlow>F201F5</UIGlow>Tourbillon fatidique<UIGlow>01</UIGlow><UIForeground>01</UIForeground>.
<UIForeground>F201FA</UIForeground><UIGlow>F201FB</UIGlow>Durée<Indent/>:<UIGlow>01</UIGlow><UIForeground>01</UIForeground> 10s
Remplace <UIForeground>F201F4</UIForeground><UIGlow>F201F5</UIGlow>Consécution<UIGlow>01</UIGlow><UIForeground>01</UIForeground> par <UIForeground>F201F4</UIForeground><UIGlow>F201F5</UIGlow>Insigne fatidique<UIGlow>01</UIGlow><UIForeground>01</UIForeground> pendant la durée de l'effet."
576,"Permet de recevoir <UIForeground>F201F4</UIForeground><UIGlow>F201F5</UIGlow>Combo du cœur préparé<UIGlow>01</UIGlow><UIForeground>01</UIForeground> lorsque vous utilisez <UIForeground>F201F4</UIForeground><UIGlow>F201F5</UIGlow>Cartouche de sang<UIGlow>01</UIGlow><UIForeground>01</UIForeground>.
<UIForeground>F201FA</UIForeground><UIGlow>F201FB</UIGlow>Durée<Indent/>:<UIGlow>01</UIGlow><UIForeground>01</UIForeground> 30s"
577,"Remplace <UIForeground>F201F4</UIForeground><UIGlow>F201F5</UIGlow>Volée de coups<UIGlow>01</UIGlow><UIForeground>01</UIForeground> par <UIForeground>F201F4</UIForeground><UIGlow>F201F5</UIGlow>Bond de l'opo-opo<UIGlow>01</UIGlow><UIForeground>01</UIForeground>, <UIForeground>F201F4</UIForeground><UIGlow>F201F5</UIGlow>Coup de poing direct<UIGlow>01</UIGlow><UIForeground>01</UIForeground> par <UIForeground>F201F4</UIForeground><UIGlow>F201F5</UIGlow>Percée du raptor<UIGlow>01</UIGlow><UIForeground>01</UIForeground>, <UIForeground>F201F4</UIForeground><UIGlow>F201F5</UIGlow>Coup de poing brusque<UIGlow>01</UIGlow><UIForeground>01</UIForeground> par <UIForeground>F201F4</UIForeground><UIGlow>F201F5</UIGlow>Plongeon du coeurl<UIGlow>01</UIGlow><UIForeground>01</UIForeground> et <UIForeground>F201F4</UIForeground><UIGlow>F201F5</UIGlow>Champ-élixir<UIGlow>01</UIGlow><UIForeground>01</UIForeground> par <UIForeground>F201F4</UIForeground><UIGlow>F201F5</UIGlow>Onde de vide<UIGlow>01</UIGlow><UIForeground>01</UIForeground>."
578,"Permet de recevoir <UIForeground>F201F4</UIForeground><UIGlow>F201F5</UIGlow>Grondement du vent<UIGlow>01</UIGlow><UIForeground>01</UIForeground> lorsque vous utilisez <UIForeground>F201F4</UIForeground><UIGlow>F201F5</UIGlow>Énigme du vent<UIGlow>01</UIGlow><UIForeground>01</UIForeground>.
<UIForeground>F201FA</UIForeground><UIGlow>F201FB</UIGlow>Durée<Indent/>:<UIGlow>01</UIGlow><UIForeground>01</UIForeground> 15s"
579,"Permet de recevoir <UIForeground>F201F4</UIForeground><UIGlow>F201F5</UIGlow>Grondement du feu<UIGlow>01</UIGlow><UIForeground>01</UIForeground> lorsque vous utilisez <UIForeground>F201F4</UIForeground><UIGlow>F201F5</UIGlow>Énigme du feu<UIGlow>01</UIGlow><UIForeground>01</UIForeground>.
<UIForeground>F201FA</UIForeground><UIGlow>F201FB</UIGlow>Durée<Indent/>:<UIGlow>01</UIGlow><UIForeground>01</UIForeground> 20s"
580,"Permet de cumuler plusieurs charges pour <UIForeground>F201F4</UIForeground><UIGlow>F201F5</UIGlow>Glissade aérienne<UIGlow>01</UIGlow><UIForeground>01</UIForeground>.
<UIForeground>F201FA</UIForeground><UIGlow>F201FB</UIGlow>Maximum de charges<Indent/>:<UIGlow>01</UIGlow><UIForeground>01</UIForeground> 2"
581,"Permet de recevoir <UIForeground>F201F4</UIForeground><UIGlow>F201F5</UIGlow>Envol du dragon préparé<UIGlow>01</UIGlow><UIForeground>01</UIForeground> lorsque vous utilisez <UIForeground>F201F4</UIForeground><UIGlow>F201F5</UIGlow>Piqué du dragon<UIGlow>01</UIGlow><UIForeground>01</UIForeground>.
<UIForeground>F201FA</UIForeground><UIGlow>F201FB</UIGlow>Durée<Indent/>:<UIGlow>01</UIGlow><UIForeground>01</UIForeground> 30s"
582,"Remplace <UIForeground>F201F4</UIForeground><UIGlow>F201F5</UIGlow>Percée vorpale<UIGlow>01</UIGlow><UIForeground>01</UIForeground> par <UIForeground>F201F4</UIForeground><UIGlow>F201F5</UIGlow>Percée barrage<UIGlow>01</UIGlow><UIForeground>01</UIForeground> et <UIForeground>F201F4</UIForeground><UIGlow>F201F5</UIGlow>Éventration<UIGlow>01</UIGlow><UIForeground>01</UIForeground> par <UIForeground>F201F4</UIForeground><UIGlow>F201F5</UIGlow>Vrille explosive<UIGlow>01</UIGlow><UIForeground>01</UIForeground>."
583,"Permet de recevoir <UIForeground>F201F4</UIForeground><UIGlow>F201F5</UIGlow>Traversée céleste préparée<UIGlow>01</UIGlow><UIForeground>01</UIForeground> lorsque vous utilisez <UIForeground>F201F4</UIForeground><UIGlow>F201F5</UIGlow>Plongeon céleste<UIGlow>01</UIGlow><UIForeground>01</UIForeground>.
<UIForeground>F201FA</UIForeground><UIGlow>F201FB</UIGlow>Durée<Indent/>:<UIGlow>01</UIGlow><UIForeground>01</UIForeground> 20s
Cet effet disparaît lorsque <UIForeground>F201F4</UIForeground><UIGlow>F201F5</UIGlow>Vie du dragon<UIGlow>01</UIGlow><UIForeground>01</UIForeground> se dissipe."
584,"Réduit de 15% le délai des attaques automatiques et les temps de lancement et de recharge des techniques d'arme et des sorts."
585,"Remplace <UIForeground>F201F4</UIForeground><UIGlow>F201F5</UIGlow>Rapine<UIGlow>01</UIGlow><UIForeground>01</UIForeground> par <UIForeground>F201F4</UIForeground><UIGlow>F201F5</UIGlow>Dokumori<UIGlow>01</UIGlow><UIForeground>01</UIForeground>."
586,"Remplace <UIForeground>F201F4</UIForeground><UIGlow>F201F5</UIGlow>Attaque sournoise<UIGlow>01</UIGlow><UIForeground>01</UIForeground> par <UIForeground>F201F4</UIForeground><UIGlow>F201F5</UIGlow>Kunai explosifs<UIGlow>01</UIGlow><UIForeground>01</UIForeground>."
587,"Permet de recevoir <UIForeground>F201F4</UIForeground><UIGlow>F201F5</UIGlow>Technique interdite<UIGlow>01</UIGlow><UIForeground>01</UIForeground> lorsque vous utilisez <UIForeground>F201F4</UIForeground><UIGlow>F201F5</UIGlow>Dokumori<UIGlow>01</UIGlow><UIForeground>01</UIForeground>.
<UIForeground>F201FA</UIForeground><UIGlow>F201FB</UIGlow>Durée<Indent/>:<UIGlow>01</UIGlow><UIForeground>01</UIForeground> 30s"
588,"Permet de recevoir <UIForeground>F201F4</UIForeground><UIGlow>F201F5</UIGlow>Tenri Jindô préparé<UIGlow>01</UIGlow><UIForeground>01</UIForeground> lorsque vous utilisez <UIForeground>F201F4</UIForeground><UIGlow>F201F5</UIGlow>Ten Chi Jin<UIGlow>01</UIGlow><UIForeground>01</UIForeground>.
<UIForeground>F201FA</UIForeground><UIGlow>F201FB</UIGlow>Durée<Indent/>:<UIGlow>01</UIGlow><UIForeground>01</UIForeground> 30s
Remplace <UIForeground>F201F4</UIForeground><UIGlow>F201F5</UIGlow>Ten Chi Jin<UIGlow>01</UIGlow><UIForeground>01</UIForeground> par <UIForeground>F201F4</UIForeground><UIGlow>F201F5</UIGlow>Tenri Jindô<UIGlow>01</UIGlow><UIForeground>01</UIForeground> pendant la durée de l'effet."
589,"Remplace <UIForeground>F201F4</UIForeground><UIGlow>F201F5</UIGlow>Troisième œil<UIGlow>01</UIGlow><UIForeground>01</UIForeground> par <UIForeground>F201F4</UIForeground><UIGlow>F201F5</UIGlow>Tengentsû<UIGlow>01</UIGlow><UIForeground>01</UIForeground>."
590,"Remplace <UIForeground>F201F4</UIForeground><UIGlow>F201F5</UIGlow>Hakaze<UIGlow>01</UIGlow><UIForeground>01</UIForeground> par <UIForeground>F201F4</UIForeground><UIGlow>F201F5</UIGlow>Gyôfû<UIGlow>01</UIGlow><UIForeground>01</UIForeground>."
591,"Réduit à 60s le temps de recharge de <UIForeground>F201F4</UIForeground><UIGlow>F201F5</UIGlow>Hissatsu<Indent/>: Guren<UIGlow>01</UIGlow><UIForeground>01</UIForeground> et <UIForeground>F201F4</UIForeground><UIGlow>F201F5</UIGlow>Hissatsu<Indent/>: Sen'ei<UIGlow>01</UIGlow><UIForeground>01</UIForeground>."
592,"Permet de recevoir <UIForeground>F201F4</UIForeground><UIGlow>F201F5</UIGlow>Zanshin préparé<UIGlow>01</UIGlow><UIForeground>01</UIForeground> lorsque vous utilisez <UIForeground>F201F4</UIForeground><UIGlow>F201F5</UIGlow>Ikishôten<UIGlow>01</UIGlow><UIForeground>01</UIForeground>.
<UIForeground>F201FA</UIForeground><UIGlow>F201FB</UIGlow>Durée<Indent/>:<UIGlow>01</UIGlow><UIForeground>01</UIForeground> 30s"
593,"Permet de recevoir <UIForeground>F201F4</UIForeground><UIGlow>F201F5</UIGlow>Tendô<UIGlow>01</UIGlow><UIForeground>01</UIForeground> lorsque vous utilisez <UIForeground>F201F4</UIForeground><UIGlow>F201F5</UIGlow>Meikyô Shisui<UIGlow>01</UIGlow><UIForeground>01</UIForeground>.
<UIForeground>F201FA</UIForeground><UIGlow>F201FB</UIGlow>Durée<Indent/>:<UIGlow>01</UIGlow><UIForeground>01</UIForeground> 30s
Remplace <UIForeground>F201F4</UIForeground><UIGlow>F201F5</UIGlow>Tenka Goken<UIGlow>01</UIGlow><UIForeground>01</UIForeground> par <UIForeground>F201F4</UIForeground><UIGlow>F201F5</UIGlow>Tendô Goken<UIGlow>01</UIGlow><UIForeground>01</UIForeground> et <UIForeground>F201F4</UIForeground><UIGlow>F201F5</UIGlow>Midare Setsugekka<UIGlow>01</UIGlow><UIForeground>01</UIForeground> par <UIForeground>F201F4</UIForeground><UIGlow>F201F5</UIGlow>Tendô Setsugekka<UIGlow>01</UIGlow><UIForeground>01</UIForeground> pendant la durée de l'effet."
594,"Permet de recevoir <UIForeground>F201F4</UIForeground><UIGlow>F201F5</UIGlow>Sacrificium préparé<UIGlow>01</UIGlow><UIForeground>01</UIForeground> lorsque vous utilisez <UIForeground>F201F4</UIForeground><UIGlow>F201F5</UIGlow>Linceul du lémure<UIGlow>01</UIGlow><UIForeground>01</UIForeground>.
<UIForeground>F201FA</UIForeground><UIGlow>F201FB</UIGlow>Durée<Indent/>:<UIGlow>01</UIGlow><UIForeground>01</UIForeground> 30s"
595,""
596,"Permet de recevoir 2 degrés de <UIForeground>F201F4</UIForeground><UIGlow>F201F5</UIGlow>Bourreau<UIGlow>01</UIGlow><UIForeground>01</UIForeground> lorsque vous utilisez <UIForeground>F201F4</UIForeground><UIGlow>F201F5</UIGlow>Gloutonnerie<UIGlow>01</UIGlow><UIForeground>01</UIForeground> avec succès.
<UIForeground>F201FA</UIForeground><UIGlow>F201FB</UIGlow>Durée<Indent/>:<UIGlow>01</UIGlow><UIForeground>01</UIForeground> 30s
Cet effet disparaît si une technique d'arme ou un sort est utilisé.
Ne peut être cumulé avec l'effet <UIForeground>F201F4</UIForeground><UIGlow>F201F5</UIGlow>Moissonneur d'âmes<UIGlow>01</UIGlow><UIForeground>01</UIForeground>.
Remplace <UIForeground>F201F4</UIForeground><UIGlow>F201F5</UIGlow>Gibet<UIGlow>01</UIGlow><UIForeground>01</UIForeground>, <UIForeground>F201F4</UIForeground><UIGlow>F201F5</UIGlow>Potence<UIGlow>01</UIGlow><UIForeground>01</UIForeground> et <UIForeground>F201F4</UIForeground><UIGlow>F201F5</UIGlow>Guillotine<UIGlow>01</UIGlow><UIForeground>01</UIForeground> par respectivement <UIForeground>F201F4</UIForeground><UIGlow>F201F5</UIGlow>Gibet tortionnaire<UIGlow>01</UIGlow><UIForeground>01</UIForeground>, <UIForeground>F201F4</UIForeground><UIGlow>F201F5</UIGlow>Potence tortionnaire<UIGlow>01</UIGlow><UIForeground>01</UIForeground> et <UIForeground>F201F4</UIForeground><UIGlow>F201F5</UIGlow>Guillotine tortionnaire<UIGlow>01</UIGlow><UIForeground>01</UIForeground> pendant la durée de l'effet."
597,"Permet de recevoir <UIForeground>F201F4</UIForeground><UIGlow>F201F5</UIGlow>Perfectio occulta<UIGlow>01</UIGlow><UIForeground>01</UIForeground> lorsque vous utilisez <UIForeground>F201F4</UIForeground><UIGlow>F201F5</UIGlow>Moisson abondante<UIGlow>01</UIGlow><UIForeground>01</UIForeground>.
<UIForeground>F201FA</UIForeground><UIGlow>F201FB</UIGlow>Durée<Indent/>:<UIGlow>01</UIGlow><UIForeground>01</UIForeground> 30s
<UIForeground>F201FA</UIForeground><UIGlow>F201FB</UIGlow>Perfectio occulta<Indent/>:<UIGlow>01</UIGlow><UIForeground>01</UIForeground> devient <UIForeground>F201F4</UIForeground><UIGlow>F201F5</UIGlow>Perfectio parata<UIGlow>01</UIGlow><UIForeground>01</UIForeground> après utilisation de Communio pendant la durée de l'effet.
<UIForeground>F201F4</UIForeground><UIGlow>F201F5</UIGlow>Perfectio parata<UIGlow>01</UIGlow><UIForeground>01</UIForeground> se dissipe si vous devenez un lémure pendant la durée de l'effet."
598,"Remplace <UIForeground>F201F4</UIForeground><UIGlow>F201F5</UIGlow>Rafale impitoyable<UIGlow>01</UIGlow><UIForeground>01</UIForeground> par <UIForeground>F201F4</UIForeground><UIGlow>F201F5</UIGlow>Morsure de l'ombre<UIGlow>01</UIGlow><UIForeground>01</UIForeground>."
599,"Remplace <UIForeground>F201F4</UIForeground><UIGlow>F201F5</UIGlow>Hémorragie<UIGlow>01</UIGlow><UIForeground>01</UIForeground> par <UIForeground>F201F4</UIForeground><UIGlow>F201F5</UIGlow>Tir crève-cœur<UIGlow>01</UIGlow><UIForeground>01</UIForeground>."
600,"Permet de recevoir <UIForeground>F201F4</UIForeground><UIGlow>F201F5</UIGlow>Flèche résonante préparée<UIGlow>01</UIGlow><UIForeground>01</UIForeground> lorsque vous utilisez <UIForeground>F201F4</UIForeground><UIGlow>F201F5</UIGlow>Rafale de coups<UIGlow>01</UIGlow><UIForeground>01</UIForeground>.
<UIForeground>F201FA</UIForeground><UIGlow>F201FB</UIGlow>Durée<Indent/>:<UIGlow>01</UIGlow><UIForeground>01</UIForeground> 30s"
601,"Augmente l'effet <UIForeground>F201F4</UIForeground><UIGlow>F201F5</UIGlow>Troubadour<UIGlow>01</UIGlow><UIForeground>01</UIForeground> à 15%."
602,"Permet de recevoir <UIForeground>F201F4</UIForeground><UIGlow>F201F5</UIGlow>Rappel radieux préparé<UIGlow>01</UIGlow><UIForeground>01</UIForeground> lorsque vous utilisez <UIForeground>F201F4</UIForeground><UIGlow>F201F5</UIGlow>Final radieux<UIGlow>01</UIGlow><UIForeground>01</UIForeground>.
<UIForeground>F201FA</UIForeground><UIGlow>F201FB</UIGlow>Durée<Indent/>:<UIGlow>01</UIGlow><UIForeground>01</UIForeground> 30s"
603,"Remplace <UIForeground>F201F4</UIForeground><UIGlow>F201F5</UIGlow>Pyro-explosion<UIGlow>01</UIGlow><UIForeground>01</UIForeground> par <UIForeground>F201F4</UIForeground><UIGlow>F201F5</UIGlow>Tir ardent<UIGlow>01</UIGlow><UIForeground>01</UIForeground>."
604,"Remplace <UIForeground>F201F4</UIForeground><UIGlow>F201F5</UIGlow>Décharge Gauss<UIGlow>01</UIGlow><UIForeground>01</UIForeground> par <UIForeground>F201F4</UIForeground><UIGlow>F201F5</UIGlow>Double échec<UIGlow>01</UIGlow><UIForeground>01</UIForeground> et <UIForeground>F201F4</UIForeground><UIGlow>F201F5</UIGlow>Ricochet<UIGlow>01</UIGlow><UIForeground>01</UIForeground> par <UIForeground>F201F4</UIForeground><UIGlow>F201F5</UIGlow>Échec et mat<UIGlow>01</UIGlow><UIForeground>01</UIForeground>."
605,"Permet de cumuler plusieurs charges pour <UIForeground>F201F4</UIForeground><UIGlow>F201F5</UIGlow>Foreuse<UIGlow>01</UIGlow><UIForeground>01</UIForeground> et <UIForeground>F201F4</UIForeground><UIGlow>F201F5</UIGlow>Lance-toxine<UIGlow>01</UIGlow><UIForeground>01</UIForeground>.
<UIForeground>F201FA</UIForeground><UIGlow>F201FB</UIGlow>Maximum de charges<Indent/>:<UIGlow>01</UIGlow><UIForeground>01</UIForeground> 2"
606,"Permet de recevoir <UIForeground>F201F4</UIForeground><UIGlow>F201F5</UIGlow>Excavation préparée<UIGlow>01</UIGlow><UIForeground>01</UIForeground> lorsque vous utilisez <UIForeground>F201F4</UIForeground><UIGlow>F201F5</UIGlow>Tronçonneuses rotatives<UIGlow>01</UIGlow><UIForeground>01</UIForeground>.
<UIForeground>F201FA</UIForeground><UIGlow>F201FB</UIGlow>Durée<Indent/>:<UIGlow>01</UIGlow><UIForeground>01</UIForeground> 30s
Remplace <UIForeground>F201F4</UIForeground><UIGlow>F201F5</UIGlow>Tronçonneuses rotatives<UIGlow>01</UIGlow><UIForeground>01</UIForeground> par <UIForeground>F201F4</UIForeground><UIGlow>F201F5</UIGlow>Excavation<UIGlow>01</UIGlow><UIForeground>01</UIForeground> pendant la durée de l'effet."
607,"Augmente l'effet <UIForeground>F201F4</UIForeground><UIGlow>F201F5</UIGlow>Tacticien<UIGlow>01</UIGlow><UIForeground>01</UIForeground> à 15%."
608,"Permet de recevoir <UIForeground>F201F4</UIForeground><UIGlow>F201F5</UIGlow>Rafale de métal préparée<UIGlow>01</UIGlow><UIForeground>01</UIForeground> lorsque vous utilisez <UIForeground>F201F4</UIForeground><UIGlow>F201F5</UIGlow>Stabilisateur de canon<UIGlow>01</UIGlow><UIForeground>01</UIForeground>.
<UIForeground>F201FA</UIForeground><UIGlow>F201FB</UIGlow>Durée<Indent/>:<UIGlow>01</UIGlow><UIForeground>01</UIForeground> 30s"
609,"Permet de recevoir <UIForeground>F201F4</UIForeground><UIGlow>F201F5</UIGlow>Ultime danse préparée<UIGlow>01</UIGlow><UIForeground>01</UIForeground> lorsque vous exécutez <UIForeground>F201F4</UIForeground><UIGlow>F201F5</UIGlow>Final classique<UIGlow>01</UIGlow><UIForeground>01</UIForeground> avec succès.
<UIForeground>F201FA</UIForeground><UIGlow>F201FB</UIGlow>Durée<Indent/>:<UIGlow>01</UIGlow><UIForeground>01</UIForeground> 30s"
610,"Permet de recevoir <UIForeground>F201F4</UIForeground><UIGlow>F201F5</UIGlow>Mouvement final préparé<UIGlow>01</UIGlow><UIForeground>01</UIForeground> lorsque vous exécutez <UIForeground>F201F4</UIForeground><UIGlow>F201F5</UIGlow>Apothéose<UIGlow>01</UIGlow><UIForeground>01</UIForeground> avec succès.
<UIForeground>F201FA</UIForeground><UIGlow>F201FB</UIGlow>Durée<Indent/>:<UIGlow>01</UIGlow><UIForeground>01</UIForeground> 30s
Remplace <UIForeground>F201F4</UIForeground><UIGlow>F201F5</UIGlow>Pas classique<UIGlow>01</UIGlow><UIForeground>01</UIForeground> par <UIForeground>F201F4</UIForeground><UIGlow>F201F5</UIGlow>Mouvement final<UIGlow>01</UIGlow><UIForeground>01</UIForeground> pendant la durée de l'effet."
611,"Augmente l'effet <UIForeground>F201F4</UIForeground><UIGlow>F201F5</UIGlow>Samba protectrice<UIGlow>01</UIGlow><UIForeground>01</UIForeground> à 15%."
612,"Permet de recevoir <UIForeground>F201F4</UIForeground><UIGlow>F201F5</UIGlow>Danse de l'aurore préparée<UIGlow>01</UIGlow><UIForeground>01</UIForeground> lorsque vous exécutez <UIForeground>F201F4</UIForeground><UIGlow>F201F5</UIGlow>Final technique<UIGlow>01</UIGlow><UIForeground>01</UIForeground> avec succès.
<UIForeground>F201FA</UIForeground><UIGlow>F201FB</UIGlow>Durée<Indent/>:<UIGlow>01</UIGlow><UIForeground>01</UIForeground> 30s
Remplace <UIForeground>F201F4</UIForeground><UIGlow>F201F5</UIGlow>Danse du sabre<UIGlow>01</UIGlow><UIForeground>01</UIForeground> par <UIForeground>F201F4</UIForeground><UIGlow>F201F5</UIGlow>Danse de l'aurore<UIGlow>01</UIGlow><UIForeground>01</UIForeground> pendant la durée de l'effet et que votre <UIForeground>F201F6</UIForeground><UIGlow>F201F7</UIGlow>Jauge de fascination<UIGlow>01</UIGlow><UIForeground>01</UIForeground> est supérieure ou égale à 50."
613,"Remplace <UIForeground>F201F4</UIForeground><UIGlow>F201F5</UIGlow>Méga Foudre<UIGlow>01</UIGlow><UIForeground>01</UIForeground> par <UIForeground>F201F4</UIForeground><UIGlow>F201F5</UIGlow>Foudre majeure<UIGlow>01</UIGlow><UIForeground>01</UIForeground> et <UIForeground>F201F4</UIForeground><UIGlow>F201F5</UIGlow>Giga Foudre<UIGlow>01</UIGlow><UIForeground>01</UIForeground> par <UIForeground>F201F4</UIForeground><UIGlow>F201F5</UIGlow>Extra Foudre majeure<UIGlow>01</UIGlow><UIForeground>01</UIForeground>."
614,"Permet de replacer les signes magiques.
<UIForeground>F201FA</UIForeground><UIGlow>F201FB</UIGlow>Condition<Indent/>:<UIGlow>01</UIGlow><UIForeground>01</UIForeground> <UIForeground>F201F4</UIForeground><UIGlow>F201F5</UIGlow>Manalignements<UIGlow>01</UIGlow><UIForeground>01</UIForeground>."
615,"Augmente le degré maximal de <UIForeground>F201F4</UIForeground><UIGlow>F201F5</UIGlow>Polyglotte<UIGlow>01</UIGlow><UIForeground>01</UIForeground> à 3."
616,"Permet de recevoir des <UIForeground>F201F4</UIForeground><UIGlow>F201F5</UIGlow>Âmes astrales<UIGlow>01</UIGlow><UIForeground>01</UIForeground> (maximum 6) lorsque vous utilisez <UIForeground>F201F4</UIForeground><UIGlow>F201F5</UIGlow>Giga Feu<UIGlow>01</UIGlow><UIForeground>01</UIForeground> ou <UIForeground>F201F4</UIForeground><UIGlow>F201F5</UIGlow>Brasier<UIGlow>01</UIGlow><UIForeground>01</UIForeground> avec succès, et de lancer instantanément <UIForeground>F201F4</UIForeground><UIGlow>F201F5</UIGlow>Feu du désespoir<UIGlow>01</UIGlow><UIForeground>01</UIForeground>."
617,"Remplace <UIForeground>F201F4</UIForeground><UIGlow>F201F5</UIGlow>Suppuration<UIGlow>01</UIGlow><UIForeground>01</UIForeground> par <UIForeground>F201F4</UIForeground><UIGlow>F201F5</UIGlow>Nécrose<UIGlow>01</UIGlow><UIForeground>01</UIForeground>."
618,"Permet de recevoir <UIForeground>F201F4</UIForeground><UIGlow>F201F5</UIGlow>Étoile ardente préparée<UIGlow>01</UIGlow><UIForeground>01</UIForeground> lorsque vous utilisez <UIForeground>F201F4</UIForeground><UIGlow>F201F5</UIGlow>Éclat ardent<UIGlow>01</UIGlow><UIForeground>01</UIForeground>.
<UIForeground>F201FA</UIForeground><UIGlow>F201FB</UIGlow>Durée<Indent/>:<UIGlow>01</UIGlow><UIForeground>01</UIForeground> 30s"
619,"Permet de faire apparaître Sol Bahamut, puis Demi-Bahamut ou Demi-Phénix à tour de rôle."
620,"Permet de recevoir <UIForeground>F201F4</UIForeground><UIGlow>F201F5</UIGlow>Épine croisée préparée<UIGlow>01</UIGlow><UIForeground>01</UIForeground> lorsque vous utilisez <UIForeground>F201F4</UIForeground><UIGlow>F201F5</UIGlow>Enhardissement<UIGlow>01</UIGlow><UIForeground>01</UIForeground>.
<UIForeground>F201FA</UIForeground><UIGlow>F201FB</UIGlow>Durée<Indent/>:<UIGlow>01</UIGlow><UIForeground>01</UIForeground> 30s"
621,"Permet de recevoir <UIForeground>F201F4</UIForeground><UIGlow>F201F5</UIGlow>Impact majestueux préparé<UIGlow>01</UIGlow><UIForeground>01</UIForeground> lorsque vous utilisez <UIForeground>F201F4</UIForeground><UIGlow>F201F5</UIGlow>Accélération<UIGlow>01</UIGlow><UIForeground>01</UIForeground>.
<UIForeground>F201FA</UIForeground><UIGlow>F201FB</UIGlow>Durée<Indent/>:<UIGlow>01</UIGlow><UIForeground>01</UIForeground> 30s
Remplace <UIForeground>F201F4</UIForeground><UIGlow>F201F5</UIGlow>Méga À-coup<UIGlow>01</UIGlow><UIForeground>01</UIForeground> et <UIForeground>F201F4</UIForeground><UIGlow>F201F5</UIGlow>Impact<UIGlow>01</UIGlow><UIForeground>01</UIForeground> par <UIForeground>F201F4</UIForeground><UIGlow>F201F5</UIGlow>Impact majestueux<UIGlow>01</UIGlow><UIForeground>01</UIForeground> pendant la durée de l'effet."
622,"Permet de recevoir <UIForeground>F201F4</UIForeground><UIGlow>F201F5</UIGlow>Syncristallisation préparée<UIGlow>01</UIGlow><UIForeground>01</UIForeground>.
<UIForeground>F201FA</UIForeground><UIGlow>F201FB</UIGlow>Durée<Indent/>:<UIGlow>01</UIGlow><UIForeground>01</UIForeground> 30s
Remplace <UIForeground>F201F4</UIForeground><UIGlow>F201F5</UIGlow>Manafication<UIGlow>01</UIGlow><UIForeground>01</UIForeground> par <UIForeground>F201F4</UIForeground><UIGlow>F201F5</UIGlow>Syncristallisation<UIGlow>01</UIGlow><UIForeground>01</UIForeground> pendant la durée de l'effet."
623,"Permet de recevoir 3 degrés de <UIForeground>F201F4</UIForeground><UIGlow>F201F5</UIGlow>Giga Chatoiement préparé<UIGlow>01</UIGlow><UIForeground>01</UIForeground> lorsque vous utilisez <UIForeground>F201F4</UIForeground><UIGlow>F201F5</UIGlow>Présence d'esprit<UIGlow>01</UIGlow><UIForeground>01</UIForeground>.
<UIForeground>F201FA</UIForeground><UIGlow>F201FB</UIGlow>Durée<Indent/>:<UIGlow>01</UIGlow><UIForeground>01</UIForeground> 30s"
624,"Remplace <UIForeground>F201F4</UIForeground><UIGlow>F201F5</UIGlow>Extra Médica<UIGlow>01</UIGlow><UIForeground>01</UIForeground> par <UIForeground>F201F4</UIForeground><UIGlow>F201F5</UIGlow>Méga Médica<UIGlow>01</UIGlow><UIForeground>01</UIForeground>."
625,"Permet de cumuler plusieurs charges pour <UIForeground>F201F4</UIForeground><UIGlow>F201F5</UIGlow>Tétragramme<UIGlow>01</UIGlow><UIForeground>01</UIForeground>.
<UIForeground>F201FA</UIForeground><UIGlow>F201FB</UIGlow>Maximum de charges<Indent/>:<UIGlow>01</UIGlow><UIForeground>01</UIForeground> 2"
626,"Permet de recevoir <UIForeground>F201F4</UIForeground><UIGlow>F201F5</UIGlow>Caresse divine préparée<UIGlow>01</UIGlow><UIForeground>01</UIForeground> lorsque vous utilisez <UIForeground>F201F4</UIForeground><UIGlow>F201F5</UIGlow>Tempérance<UIGlow>01</UIGlow><UIForeground>01</UIForeground>.
<UIForeground>F201FA</UIForeground><UIGlow>F201FB</UIGlow>Durée<Indent/>:<UIGlow>01</UIGlow><UIForeground>01</UIForeground> 30s"
627,"Permet de recevoir <UIForeground>F201F4</UIForeground><UIGlow>F201F5</UIGlow>Impaction venimeuse préparée<UIGlow>01</UIGlow><UIForeground>01</UIForeground> lorsque vous utilisez <UIForeground>F201F4</UIForeground><UIGlow>F201F5</UIGlow>Stratagèmes entrelacés<UIGlow>01</UIGlow><UIForeground>01</UIForeground>.
<UIForeground>F201FA</UIForeground><UIGlow>F201FB</UIGlow>Durée<Indent/>:<UIGlow>01</UIGlow><UIForeground>01</UIForeground> 30s"
628,"Remplace <UIForeground>F201F4</UIForeground><UIGlow>F201F5</UIGlow>Traité du soulagement<UIGlow>01</UIGlow><UIForeground>01</UIForeground> par <UIForeground>F201F4</UIForeground><UIGlow>F201F5</UIGlow>Traité de l'exultation<UIGlow>01</UIGlow><UIForeground>01</UIForeground>."
629,"Réduit à 60s le temps de recharge de <UIForeground>F201F4</UIForeground><UIGlow>F201F5</UIGlow>Récitation<UIGlow>01</UIGlow><UIForeground>01</UIForeground>."
630,""
631,"Permet d'utiliser <UIForeground>F201F4</UIForeground><UIGlow>F201F5</UIGlow>Roi des couronnes<UIGlow>01</UIGlow><UIForeground>01</UIForeground> après <UIForeground>F201F4</UIForeground><UIGlow>F201F5</UIGlow>Tirage astral<UIGlow>01</UIGlow><UIForeground>01</UIForeground> et <UIForeground>F201F4</UIForeground><UIGlow>F201F5</UIGlow>Reine des couronnes<UIGlow>01</UIGlow><UIForeground>01</UIForeground> après <UIForeground>F201F4</UIForeground><UIGlow>F201F5</UIGlow>Tirage ombral<UIGlow>01</UIGlow><UIForeground>01</UIForeground>."
632,"Permet de recevoir <UIForeground>F201F4</UIForeground><UIGlow>F201F5</UIGlow>Oracle préparé<UIGlow>01</UIGlow><UIForeground>01</UIForeground> lorsque vous utilisez <UIForeground>F201F4</UIForeground><UIGlow>F201F5</UIGlow>Divination<UIGlow>01</UIGlow><UIForeground>01</UIForeground>.
<UIForeground>F201FA</UIForeground><UIGlow>F201FB</UIGlow>Durée<Indent/>:<UIGlow>01</UIGlow><UIForeground>01</UIForeground> 30s"
633,"Remplace <UIForeground>F201F4</UIForeground><UIGlow>F201F5</UIGlow>Hélios aspecté<UIGlow>01</UIGlow><UIForeground>01</UIForeground> par <UIForeground>F201F4</UIForeground><UIGlow>F201F5</UIGlow>Hélios combiné<UIGlow>01</UIGlow><UIForeground>01</UIForeground>."
634,"Augmente à 3 le maximum de charges de <UIForeground>F201F4</UIForeground><UIGlow>F201F5</UIGlow>Dignité essentielle<UIGlow>01</UIGlow><UIForeground>01</UIForeground>."
635,"Permet de recevoir <UIForeground>F201F4</UIForeground><UIGlow>F201F5</UIGlow>Signe solaire préparé<UIGlow>01</UIGlow><UIForeground>01</UIForeground> lorsque vous utilisez <UIForeground>F201F4</UIForeground><UIGlow>F201F5</UIGlow>Adepte de la neutralité<UIGlow>01</UIGlow><UIForeground>01</UIForeground>.
<UIForeground>F201FA</UIForeground><UIGlow>F201FB</UIGlow>Durée<Indent/>:<UIGlow>01</UIGlow><UIForeground>01</UIForeground> 30s"
636,"Réduit à 60s le temps de recharge de <UIForeground>F201F4</UIForeground><UIGlow>F201F5</UIGlow>Soteria<UIGlow>01</UIGlow><UIForeground>01</UIForeground>."
637,"Remplace <UIForeground>F201F4</UIForeground><UIGlow>F201F5</UIGlow>Prognosis eucrasique<UIGlow>01</UIGlow><UIForeground>01</UIForeground> par <UIForeground>F201F4</UIForeground><UIGlow>F201F5</UIGlow>Prognosis eucrasique II<UIGlow>01</UIGlow><UIForeground>01</UIForeground>."
638,"Allonge à 15s la durée de l'effet d'augmentation de 10% des effets curatifs reçus."
639,"Ajoute un effet additionel qui augmente de 15% les effets curatifs sur vous à <UIForeground>F201F4</UIForeground><UIGlow>F201F5</UIGlow>Rempart<UIGlow>01</UIGlow><UIForeground>01</UIForeground>."
640,"Allonge à 15s la durée de <UIForeground>F201F4</UIForeground><UIGlow>F201F5</UIGlow>Rétorsion<UIGlow>01</UIGlow><UIForeground>01</UIForeground>."
641,"Allonge à 15s la durée de <UIForeground>F201F4</UIForeground><UIGlow>F201F5</UIGlow>Restreinte<UIGlow>01</UIGlow><UIForeground>01</UIForeground>."
642,"Augmente la puissance de <UIForeground>F201F4</UIForeground><UIGlow>F201F5</UIGlow>Second souffle<UIGlow>01</UIGlow><UIForeground>01</UIForeground> à 800."
643,"Allonge à 15s la durée d'<UIForeground>F201F4</UIForeground><UIGlow>F201F5</UIGlow>Embrouillement<UIGlow>01</UIGlow><UIForeground>01</UIForeground>."
644,"Réduit à 40s le temps de recharge de <UIForeground>F201F4</UIForeground><UIGlow>F201F5</UIGlow>Magie prompte<UIGlow>01</UIGlow><UIForeground>01</UIForeground>."
645,"Change en de rares occasion l'effet <UIForeground>F201F4</UIForeground><UIGlow>F201F5</UIGlow>Œil vif<UIGlow>01</UIGlow><UIForeground>01</UIForeground> en <UIForeground>F201F4</UIForeground><UIGlow>F201F5</UIGlow>Œil vif puissant<UIGlow>01</UIGlow><UIForeground>01</UIForeground>.
<UIForeground>F201FA</UIForeground><UIGlow>F201FB</UIGlow>Œil vif puissant<Indent/>:<UIGlow>01</UIGlow><UIForeground>01</UIForeground> augmente avec efficacité maximale la valeur de collection obtenue par <UIForeground>F201F4</UIForeground><UIGlow>F201F5</UIGlow>Sélection instinctive<UIGlow>01</UIGlow><UIForeground>01</UIForeground>, et augmente de 40% les chances pour que <UIForeground>F201F4</UIForeground><UIGlow>F201F5</UIGlow>Sélection méthodique<UIGlow>01</UIGlow><UIForeground>01</UIForeground> ne coûte aucune tentative de récolte."
646,"Change en de rares occasion l'effet <UIForeground>F201F4</UIForeground><UIGlow>F201F5</UIGlow>Œil vif<UIGlow>01</UIGlow><UIForeground>01</UIForeground> en <UIForeground>F201F4</UIForeground><UIGlow>F201F5</UIGlow>Œil vif puissant<UIGlow>01</UIGlow><UIForeground>01</UIForeground>.
<UIForeground>F201FA</UIForeground><UIGlow>F201FB</UIGlow>Œil vif puissant<Indent/>:<UIGlow>01</UIGlow><UIForeground>01</UIForeground> augmente avec efficacité maximale la valeur de collection obtenue par <UIForeground>F201F4</UIForeground><UIGlow>F201F5</UIGlow>Sélection instinctive<UIGlow>01</UIGlow><UIForeground>01</UIForeground>, et augmente de 40% les chances pour que <UIForeground>F201F4</UIForeground><UIGlow>F201F5</UIGlow>Sélection méthodique<UIGlow>01</UIGlow><UIForeground>01</UIForeground> ne coûte aucune tentative de récolte."
647,"En de rares occasions, restaure au maximum vos tentatives de récolte après avoir épuisé les ressources d'un filon de minerai ou d'une carrière de pierre.
Lorsque l'effet se déclenche, tous vos PR sont restaurés, mais les effets obtenus lors de la récolte se dissipent.
Ne peut être déclenché dans des contextes spécifiques comme les mandats de guilde."
648,"En de rares occasions, restaure au maximum vos tentatives de récolte après avoir épuisé les ressources d'un arbre mature ou d'un carré de végétation.
Lorsque l'effet se déclenche, tous vos PR sont restaurés, mais les effets obtenus lors de la récolte se dissipent.
Ne peut être déclenché dans des contextes spécifiques comme les mandats de guilde."
649,"Réinitialise la durée d'<If(Equal(PlayerParameter(68),18))><If(GreaterThanOrEqualTo(PlayerParameter(69),61))>Instinct du pêcheur et d'Instinct du harponneur<Else/>Instinct du pêcheur</If><Else/></If>.
<UIForeground>F201FA</UIForeground><UIGlow>F201FB</UIGlow>Condition<Indent/>:<UIGlow>01</UIGlow><UIForeground>01</UIForeground> pêcher certaines prises en bénéficiant d'<If(Equal(PlayerParameter(68),18))><If(GreaterThanOrEqualTo(PlayerParameter(69),61))>Instinct du pêcheur ou d'Instinct du harponneur<Else/>Instinct du pêcheur</If><Else/></If>
(Les chances d'activation varient selon la prise.)"
650,"Augmente la puissance de certaines actions.

<UIForeground>F201FA</UIForeground><UIGlow>F201FB</UIGlow>Puissance de Lame rapide<Indent/>:<UIGlow>01</UIGlow><UIForeground>01</UIForeground> 220
<UIForeground>F201FA</UIForeground><UIGlow>F201FB</UIGlow>Puissance de Lame déchaînée<Indent/>:<UIGlow>01</UIGlow><UIForeground>01</UIForeground> 170
<UIForeground>F201FA</UIForeground><UIGlow>F201FB</UIGlow>Puissance d'Autorité royale<Indent/>:<UIGlow>01</UIGlow><UIForeground>01</UIForeground> 200
<UIForeground>F201FA</UIForeground><UIGlow>F201FB</UIGlow>Puissance d'Esprit saint<Indent/>:<UIGlow>01</UIGlow><UIForeground>01</UIForeground> 400
<UIForeground>F201FA</UIForeground><UIGlow>F201FB</UIGlow>Puissance d'Absolution<Indent/>:<UIGlow>01</UIGlow><UIForeground>01</UIForeground> 460
<UIForeground>F201FA</UIForeground><UIGlow>F201FB</UIGlow>Puissance d'Oraison<Indent/>:<UIGlow>01</UIGlow><UIForeground>01</UIForeground> 500
<UIForeground>F201FA</UIForeground><UIGlow>F201FB</UIGlow>Puissance de Sépulcre<Indent/>:<UIGlow>01</UIGlow><UIForeground>01</UIForeground> 540
<UIForeground>F201FA</UIForeground><UIGlow>F201FB</UIGlow>Puissance de Confiteor<Indent/>:<UIGlow>01</UIGlow><UIForeground>01</UIForeground> 500
<UIForeground>F201FA</UIForeground><UIGlow>F201FB</UIGlow>Puissance de Lame de foi<Indent/>:<UIGlow>01</UIGlow><UIForeground>01</UIForeground> 260
<UIForeground>F201FA</UIForeground><UIGlow>F201FB</UIGlow>Puissance de Lame de vérité<Indent/>:<UIGlow>01</UIGlow><UIForeground>01</UIForeground> 380
<UIForeground>F201FA</UIForeground><UIGlow>F201FB</UIGlow>Puissance de Lame de vaillance<Indent/>:<UIGlow>01</UIGlow><UIForeground>01</UIForeground> 500"
651,"Augmente la puissance de certaines actions.

<UIForeground>F201FA</UIForeground><UIGlow>F201FB</UIGlow>Puissance de Lumen<Indent/>:<UIGlow>01</UIGlow><UIForeground>01</UIForeground> 85
<UIForeground>F201FA</UIForeground><UIGlow>F201FB</UIGlow>Puissance des dégâts périodiques de Lumen<Indent/>:<UIGlow>01</UIGlow><UIForeground>01</UIForeground> 85
<UIForeground>F201FA</UIForeground><UIGlow>F201FB</UIGlow>Puissance d'Offrande de misère<Indent/>:<UIGlow>01</UIGlow><UIForeground>01</UIForeground> 1400
<UIForeground>F201FA</UIForeground><UIGlow>F201FB</UIGlow>Puissance de Méga Chatoiement<Indent/>:<UIGlow>01</UIGlow><UIForeground>01</UIForeground> 350"
652,"Augmente la puissance de certaines actions.

<UIForeground>F201FA</UIForeground><UIGlow>F201FB</UIGlow>Puissance de Riposte enchantée<Indent/>:<UIGlow>01</UIGlow><UIForeground>01</UIForeground> 340
<UIForeground>F201FA</UIForeground><UIGlow>F201FB</UIGlow>Puissance de VerFeu<Indent/>:<UIGlow>01</UIGlow><UIForeground>01</UIForeground> 380
<UIForeground>F201FA</UIForeground><UIGlow>F201FB</UIGlow>Puissance de VerTerre<Indent/>:<UIGlow>01</UIGlow><UIForeground>01</UIForeground> 380
<UIForeground>F201FA</UIForeground><UIGlow>F201FB</UIGlow>Puissance de Zwerchhau enchanté<Indent/>:<UIGlow>01</UIGlow><UIForeground>01</UIForeground> 190
<UIForeground>F201FA</UIForeground><UIGlow>F201FB</UIGlow>Puissance de Flèche<Indent/>:<UIGlow>01</UIGlow><UIForeground>01</UIForeground> 480
<UIForeground>F201FA</UIForeground><UIGlow>F201FB</UIGlow>Puissance de Redoublement enchanté<Indent/>:<UIGlow>01</UIGlow><UIForeground>01</UIForeground> 190
<UIForeground>F201FA</UIForeground><UIGlow>F201FB</UIGlow>Puissance de Contre de sixte<Indent/>:<UIGlow>01</UIGlow><UIForeground>01</UIForeground> 420
<UIForeground>F201FA</UIForeground><UIGlow>F201FB</UIGlow>Puissance de VerBrasier<Indent/>:<UIGlow>01</UIGlow><UIForeground>01</UIForeground> 650
<UIForeground>F201FA</UIForeground><UIGlow>F201FB</UIGlow>Puissance de VerMiracle<Indent/>:<UIGlow>01</UIGlow><UIForeground>01</UIForeground> 650
<UIForeground>F201FA</UIForeground><UIGlow>F201FB</UIGlow>Puissance de Reprise enchantée<Indent/>:<UIGlow>01</UIGlow><UIForeground>01</UIForeground> 420
<UIForeground>F201FA</UIForeground><UIGlow>F201FB</UIGlow>Puissance de Calcination<Indent/>:<UIGlow>01</UIGlow><UIForeground>01</UIForeground> 750
<UIForeground>F201FA</UIForeground><UIGlow>F201FB</UIGlow>Puissance de Méga VerVent<Indent/>:<UIGlow>01</UIGlow><UIForeground>01</UIForeground> 440
<UIForeground>F201FA</UIForeground><UIGlow>F201FB</UIGlow>Puissance de Méga VerFoudre<Indent/>:<UIGlow>01</UIGlow><UIForeground>01</UIForeground> 440
<UIForeground>F201FA</UIForeground><UIGlow>F201FB</UIGlow>Puissance de Résolution<Indent/>:<UIGlow>01</UIGlow><UIForeground>01</UIForeground> 850"
653,"Augmente la puissance de certaines actions.

<UIForeground>F201FA</UIForeground><UIGlow>F201FB</UIGlow>Puissance de Croc-et-griffe<Indent/>:<UIGlow>01</UIGlow><UIForeground>01</UIForeground> 140
<UIForeground>F201FA</UIForeground><UIGlow>F201FB</UIGlow>Puissance de Percée tournante<Indent/>:<UIGlow>01</UIGlow><UIForeground>01</UIForeground> 140
<UIForeground>F201FA</UIForeground><UIGlow>F201FB</UIGlow>Puissance de Fléau du dragon<Indent/>:<UIGlow>01</UIGlow><UIForeground>01</UIForeground> 460
<UIForeground>F201FA</UIForeground><UIGlow>F201FB</UIGlow>Puissance de Percée Raiden<Indent/>:<UIGlow>01</UIGlow><UIForeground>01</UIForeground> 320
<UIForeground>F201FA</UIForeground><UIGlow>F201FB</UIGlow>Puissance de Plongeon céleste<Indent/>:<UIGlow>01</UIGlow><UIForeground>01</UIForeground> 840
<UIForeground>F201FA</UIForeground><UIGlow>F201FB</UIGlow>Puissance de Percée céleste<Indent/>:<UIGlow>01</UIGlow><UIForeground>01</UIForeground> 160
<UIForeground>F201FA</UIForeground><UIGlow>F201FB</UIGlow>Puissance de Floraison chaotique<Indent/>:<UIGlow>01</UIGlow><UIForeground>01</UIForeground> 140
<UIForeground>F201FA</UIForeground><UIGlow>F201FB</UIGlow>Puissance de Percée des dragons anciens<Indent/>:<UIGlow>01</UIGlow><UIForeground>01</UIForeground> 440"
654,"Augmente la puissance de certaines actions.

<UIForeground>F201FA</UIForeground><UIGlow>F201FB</UIGlow>Puissance de Coup puissant<Indent/>:<UIGlow>01</UIGlow><UIForeground>01</UIForeground> 240
<UIForeground>F201FA</UIForeground><UIGlow>F201FB</UIGlow>Puissance de Mutilation<Indent/>:<UIGlow>01</UIGlow><UIForeground>01</UIForeground> 190
<UIForeground>F201FA</UIForeground><UIGlow>F201FB</UIGlow>Puissance de Couperet de justice<Indent/>:<UIGlow>01</UIGlow><UIForeground>01</UIForeground> 220
<UIForeground>F201FA</UIForeground><UIGlow>F201FB</UIGlow>Puissance d'Œil de la tempête<Indent/>:<UIGlow>01</UIGlow><UIForeground>01</UIForeground> 220
<UIForeground>F201FA</UIForeground><UIGlow>F201FB</UIGlow>Puissance de Sape-fendeur<Indent/>:<UIGlow>01</UIGlow><UIForeground>01</UIForeground> 580
<UIForeground>F201FA</UIForeground><UIGlow>F201FB</UIGlow>Puissance de Révolte<Indent/>:<UIGlow>01</UIGlow><UIForeground>01</UIForeground> 420"
655,"Augmente la puissance de certaines actions.

<UIForeground>F201FA</UIForeground><UIGlow>F201FB</UIGlow>Puissance de Jinpû<Indent/>:<UIGlow>01</UIGlow><UIForeground>01</UIForeground> 140
<UIForeground>F201FA</UIForeground><UIGlow>F201FB</UIGlow>Puissance d'Enpi avec Enpi amélioré<Indent/>:<UIGlow>01</UIGlow><UIForeground>01</UIForeground> 270
<UIForeground>F201FA</UIForeground><UIGlow>F201FB</UIGlow>Puissance de Shifû<Indent/>:<UIGlow>01</UIGlow><UIForeground>01</UIForeground> 140
<UIForeground>F201FA</UIForeground><UIGlow>F201FB</UIGlow>Puissance de Gekkô<Indent/>:<UIGlow>01</UIGlow><UIForeground>01</UIForeground> 160
<UIForeground>F201FA</UIForeground><UIGlow>F201FB</UIGlow>Puissance de Higanbana (dégâts périodiques)<Indent/>:<UIGlow>01</UIGlow><UIForeground>01</UIForeground> 50
<UIForeground>F201FA</UIForeground><UIGlow>F201FB</UIGlow>Puissance de Kasha<Indent/>:<UIGlow>01</UIGlow><UIForeground>01</UIForeground> 160
<UIForeground>F201FA</UIForeground><UIGlow>F201FB</UIGlow>Puissance de Yukikaze<Indent/>:<UIGlow>01</UIGlow><UIForeground>01</UIForeground> 160
<UIForeground>F201FA</UIForeground><UIGlow>F201FB</UIGlow>Puissance de Midare Setsugekka<Indent/>:<UIGlow>01</UIGlow><UIForeground>01</UIForeground> 640
<UIForeground>F201FA</UIForeground><UIGlow>F201FB</UIGlow>Puissance de Kaeshi Setsugekka<Indent/>:<UIGlow>01</UIGlow><UIForeground>01</UIForeground> 640
<UIForeground>F201FA</UIForeground><UIGlow>F201FB</UIGlow>Puissance de Shôha<Indent/>:<UIGlow>01</UIGlow><UIForeground>01</UIForeground> 640
<UIForeground>F201FA</UIForeground><UIGlow>F201FB</UIGlow>Puissance d'Ôgi<Indent/>: Namikiri<Indent/>:<UIGlow>01</UIGlow><UIForeground>01</UIForeground> 1000
<UIForeground>F201FA</UIForeground><UIGlow>F201FB</UIGlow>Puissance de Kaeshi Namikiri<Indent/>:<UIGlow>01</UIGlow><UIForeground>01</UIForeground> 1000"
656,"Augmente la puissance de certaines actions.

<UIForeground>F201FA</UIForeground><UIGlow>F201FB</UIGlow>Puissance de Loi de l'infection<Indent/>:<UIGlow>01</UIGlow><UIForeground>01</UIForeground> 85
<UIForeground>F201FA</UIForeground><UIGlow>F201FB</UIGlow>Puissance de Loi de l'ébullition IV<Indent/>:<UIGlow>01</UIGlow><UIForeground>01</UIForeground> 320"
657,"Augmente la puissance de certaines actions.

<UIForeground>F201FA</UIForeground><UIGlow>F201FB</UIGlow>Puissance de Tranchage<Indent/>:<UIGlow>01</UIGlow><UIForeground>01</UIForeground> 420
<UIForeground>F201FA</UIForeground><UIGlow>F201FB</UIGlow>Puissance de Tranchage blafard<Indent/>:<UIGlow>01</UIGlow><UIForeground>01</UIForeground> 260
<UIForeground>F201FA</UIForeground><UIGlow>F201FB</UIGlow>Puissance de Tranchage infernal<Indent/>:<UIGlow>01</UIGlow><UIForeground>01</UIForeground> 280
<UIForeground>F201FA</UIForeground><UIGlow>F201FB</UIGlow>Puissance de Tranchage animique<Indent/>:<UIGlow>01</UIGlow><UIForeground>01</UIForeground> 520
<UIForeground>F201FA</UIForeground><UIGlow>F201FB</UIGlow>Puissance de Gibet<Indent/>:<UIGlow>01</UIGlow><UIForeground>01</UIForeground> 500
<UIForeground>F201FA</UIForeground><UIGlow>F201FB</UIGlow>Puissance de Potence<Indent/>:<UIGlow>01</UIGlow><UIForeground>01</UIForeground> 500
<UIForeground>F201FA</UIForeground><UIGlow>F201FB</UIGlow>Puissance de Gibet suppliciant<Indent/>:<UIGlow>01</UIGlow><UIForeground>01</UIForeground> 440
<UIForeground>F201FA</UIForeground><UIGlow>F201FB</UIGlow>Puissance de Potence suppliciante<Indent/>:<UIGlow>01</UIGlow><UIForeground>01</UIForeground> 440
<UIForeground>F201FA</UIForeground><UIGlow>F201FB</UIGlow>Puissance de Fauchage du néant<Indent/>:<UIGlow>01</UIGlow><UIForeground>01</UIForeground> 560
<UIForeground>F201FA</UIForeground><UIGlow>F201FB</UIGlow>Puissance de Fauchage croisé<Indent/>:<UIGlow>01</UIGlow><UIForeground>01</UIForeground> 560
<UIForeground>F201FA</UIForeground><UIGlow>F201FB</UIGlow>Puissance de Lune des moissons<Indent/>:<UIGlow>01</UIGlow><UIForeground>01</UIForeground> 800
<UIForeground>F201FA</UIForeground><UIGlow>F201FB</UIGlow>Puissance de Tranchage du lémure<Indent/>:<UIGlow>01</UIGlow><UIForeground>01</UIForeground> 280"
658,"Augmente la puissance de certaines actions.

<UIForeground>F201FA</UIForeground><UIGlow>F201FB</UIGlow>Puissance d'Arbalète automatique<Indent/>:<UIGlow>01</UIGlow><UIForeground>01</UIForeground> 180
<UIForeground>F201FA</UIForeground><UIGlow>F201FB</UIGlow>Puissance de Tir scindé chauffé<Indent/>:<UIGlow>01</UIGlow><UIForeground>01</UIForeground> 220
<UIForeground>F201FA</UIForeground><UIGlow>F201FB</UIGlow>Puissance de Foreuse<Indent/>:<UIGlow>01</UIGlow><UIForeground>01</UIForeground> 660
<UIForeground>F201FA</UIForeground><UIGlow>F201FB</UIGlow>Puissance de Tir de balle chauffé<Indent/>:<UIGlow>01</UIGlow><UIForeground>01</UIForeground> 140
<UIForeground>F201FA</UIForeground><UIGlow>F201FB</UIGlow>Puissance de Tir net chauffé<Indent/>:<UIGlow>01</UIGlow><UIForeground>01</UIForeground> 160
<UIForeground>F201FA</UIForeground><UIGlow>F201FB</UIGlow>Puissance de Tir ardent<Indent/>:<UIGlow>01</UIGlow><UIForeground>01</UIForeground> 240
<UIForeground>F201FA</UIForeground><UIGlow>F201FB</UIGlow>Puissance d'Ancre aérienne<Indent/>:<UIGlow>01</UIGlow><UIForeground>01</UIForeground> 660
<UIForeground>F201FA</UIForeground><UIGlow>F201FB</UIGlow>Puissance de Tronçonneuses rotatives<Indent/>:<UIGlow>01</UIGlow><UIForeground>01</UIForeground> 660"
659,"Augmente l'effet <UIForeground>F201F4</UIForeground><UIGlow>F201F5</UIGlow>Énochien<UIGlow>01</UIGlow><UIForeground>01</UIForeground> à 27%."
660,"Augmente la puissance de certaines actions.

<UIForeground>F201FA</UIForeground><UIGlow>F201FB</UIGlow>Puissance de Serpents jumeaux<Indent/>:<UIGlow>01</UIGlow><UIForeground>01</UIForeground> 420
<UIForeground>F201FA</UIForeground><UIGlow>F201FB</UIGlow>Puissance de Démolition<Indent/>:<UIGlow>01</UIGlow><UIForeground>01</UIForeground> 360
<UIForeground>F201FA</UIForeground><UIGlow>F201FB</UIGlow>Puissance de Tacle du dragon<Indent/>:<UIGlow>01</UIGlow><UIForeground>01</UIForeground> 320
<UIForeground>F201FA</UIForeground><UIGlow>F201FB</UIGlow>Puissance d'Étoile à six branches<Indent/>:<UIGlow>01</UIGlow><UIForeground>01</UIForeground> 780
<UIForeground>F201FA</UIForeground><UIGlow>F201FB</UIGlow>Puissance de Rixe évanescente<Indent/>:<UIGlow>01</UIGlow><UIForeground>01</UIForeground>1500"
661,"Augmente la puissance de certaines actions.

<UIForeground>F201FA</UIForeground><UIGlow>F201FB</UIGlow>Puissance de Lame tournoyante<Indent/>:<UIGlow>01</UIGlow><UIForeground>01</UIForeground> 300
<UIForeground>F201FA</UIForeground><UIGlow>F201FB</UIGlow>Puissance de Tourbillon tailladant<Indent/>:<UIGlow>01</UIGlow><UIForeground>01</UIForeground> 240
<UIForeground>F201FA</UIForeground><UIGlow>F201FB</UIGlow>Puissance de Lame éolienne<Indent/>:<UIGlow>01</UIGlow><UIForeground>01</UIForeground> 220
<UIForeground>F201FA</UIForeground><UIGlow>F201FB</UIGlow>Puissance de Fûma Shuriken<Indent/>:<UIGlow>01</UIGlow><UIForeground>01</UIForeground> 500
<UIForeground>F201FA</UIForeground><UIGlow>F201FB</UIGlow>Puissance de Raiton<Indent/>:<UIGlow>01</UIGlow><UIForeground>01</UIForeground> 740
<UIForeground>F201FA</UIForeground><UIGlow>F201FB</UIGlow>Puissance de Suiton<Indent/>:<UIGlow>01</UIGlow><UIForeground>01</UIForeground> 580
<UIForeground>F201FA</UIForeground><UIGlow>F201FB</UIGlow>Puissance de Perce-armure<Indent/>:<UIGlow>01</UIGlow><UIForeground>01</UIForeground> 240
<UIForeground>F201FA</UIForeground><UIGlow>F201FB</UIGlow>Puissance de Bhavacakra<Indent/>:<UIGlow>01</UIGlow><UIForeground>01</UIForeground> 400
<UIForeground>F201FA</UIForeground><UIGlow>F201FB</UIGlow>Puissance de Bhavacakra avec Meisui<Indent/>:<UIGlow>01</UIGlow><UIForeground>01</UIForeground> 550
<UIForeground>F201FA</UIForeground><UIGlow>F201FB</UIGlow>Puissance de Griffe de Raijû<Indent/>:<UIGlow>01</UIGlow><UIForeground>01</UIForeground> 700
<UIForeground>F201FA</UIForeground><UIGlow>F201FB</UIGlow>Puissance de Croc de Raijû<Indent/>:<UIGlow>01</UIGlow><UIForeground>01</UIForeground> 700"
662,"Augmente la puissance de certaines actions.

<UIForeground>F201FA</UIForeground><UIGlow>F201FB</UIGlow>Puissance de Cascade<Indent/>:<UIGlow>01</UIGlow><UIForeground>01</UIForeground> 220
<UIForeground>F201FA</UIForeground><UIGlow>F201FB</UIGlow>Puissance de Fontaine<Indent/>:<UIGlow>01</UIGlow><UIForeground>01</UIForeground> 120
<UIForeground>F201FA</UIForeground><UIGlow>F201FB</UIGlow>Puissance de Final classique doublé<Indent/>:<UIGlow>01</UIGlow><UIForeground>01</UIForeground> 850
<UIForeground>F201FA</UIForeground><UIGlow>F201FB</UIGlow>Puissance de Cascade inversée<Indent/>:<UIGlow>01</UIGlow><UIForeground>01</UIForeground> 280
<UIForeground>F201FA</UIForeground><UIGlow>F201FB</UIGlow>Puissance de Danse de l'éventail I<Indent/>:<UIGlow>01</UIGlow><UIForeground>01</UIForeground> 180
<UIForeground>F201FA</UIForeground><UIGlow>F201FB</UIGlow>Puissance de Fontaine en cascade<Indent/>:<UIGlow>01</UIGlow><UIForeground>01</UIForeground> 340
<UIForeground>F201FA</UIForeground><UIGlow>F201FB</UIGlow>Puissance de Danse de l'éventail III<Indent/>:<UIGlow>01</UIGlow><UIForeground>01</UIForeground> 220
<UIForeground>F201FA</UIForeground><UIGlow>F201FB</UIGlow>Puissance de Final technique quadruplé<Indent/>:<UIGlow>01</UIGlow><UIForeground>01</UIForeground> 1300
<UIForeground>F201FA</UIForeground><UIGlow>F201FB</UIGlow>Puissance de Danse du sabre<Indent/>:<UIGlow>01</UIGlow><UIForeground>01</UIForeground> 540
<UIForeground>F201FA</UIForeground><UIGlow>F201FB</UIGlow>Puissance de Danse de l'éventail IV<Indent/>:<UIGlow>01</UIGlow><UIForeground>01</UIForeground> 460"
663,"Augmente la puissance de certaines actions.

<UIForeground>F201FA</UIForeground><UIGlow>F201FB</UIGlow>Puissance de Taillade violente<Indent/>:<UIGlow>01</UIGlow><UIForeground>01</UIForeground> 300
<UIForeground>F201FA</UIForeground><UIGlow>F201FB</UIGlow>Puissance de Frappe siphon<Indent/>:<UIGlow>01</UIGlow><UIForeground>01</UIForeground> 240
<UIForeground>F201FA</UIForeground><UIGlow>F201FB</UIGlow>Puissance de Dévoreur d'âme<Indent/>:<UIGlow>01</UIGlow><UIForeground>01</UIForeground> 260
<UIForeground>F201FA</UIForeground><UIGlow>F201FB</UIGlow>Puissance de Noirceur insoumise<Indent/>:<UIGlow>01</UIGlow><UIForeground>01</UIForeground> 120
<UIForeground>F201FA</UIForeground><UIGlow>F201FB</UIGlow>Puissance de Tranchage-habillage<Indent/>:<UIGlow>01</UIGlow><UIForeground>01</UIForeground> 540
<UIForeground>F201FA</UIForeground><UIGlow>F201FB</UIGlow>Puissance de Marée de sang<Indent/>:<UIGlow>01</UIGlow><UIForeground>01</UIForeground> 600
<UIForeground>F201FA</UIForeground><UIGlow>F201FB</UIGlow>Puissance de Quietus<Indent/>:<UIGlow>01</UIGlow><UIForeground>01</UIForeground> 240"
664,"Augmente la puissance de certaines actions.

<UIForeground>F201FA</UIForeground><UIGlow>F201FB</UIGlow>Puissance de Méga Ruine<Indent/>:<UIGlow>01</UIGlow><UIForeground>01</UIForeground> 400
<UIForeground>F201FA</UIForeground><UIGlow>F201FB</UIGlow>Puissance de Pulsar astral<Indent/>:<UIGlow>01</UIGlow><UIForeground>01</UIForeground> 500
<UIForeground>F201FA</UIForeground><UIGlow>F201FB</UIGlow>Puissance de Giga Ruine<Indent/>:<UIGlow>01</UIGlow><UIForeground>01</UIForeground> 520
<UIForeground>F201FA</UIForeground><UIGlow>F201FB</UIGlow>Puissance de Rite de rubis<Indent/>:<UIGlow>01</UIGlow><UIForeground>01</UIForeground> 580
<UIForeground>F201FA</UIForeground><UIGlow>F201FB</UIGlow>Puissance de Rite de topaze<Indent/>:<UIGlow>01</UIGlow><UIForeground>01</UIForeground> 340
<UIForeground>F201FA</UIForeground><UIGlow>F201FB</UIGlow>Puissance de Rite d'émeraude<Indent/>:<UIGlow>01</UIGlow><UIForeground>01</UIForeground> 280
<UIForeground>F201FA</UIForeground><UIGlow>F201FB</UIGlow>Puissance de Flamme de la vie<Indent/>:<UIGlow>01</UIGlow><UIForeground>01</UIForeground> 580
<UIForeground>F201FA</UIForeground><UIGlow>F201FB</UIGlow>Puissance d'Assaut écarlate<Indent/>:<UIGlow>01</UIGlow><UIForeground>01</UIForeground> 520
<UIForeground>F201FA</UIForeground><UIGlow>F201FB</UIGlow>Puissance de Cyclone écarlate<Indent/>:<UIGlow>01</UIGlow><UIForeground>01</UIForeground> 520
<UIForeground>F201FA</UIForeground><UIGlow>F201FB</UIGlow>Puissance de Casse-montagnes<Indent/>:<UIGlow>01</UIGlow><UIForeground>01</UIForeground> 160
<UIForeground>F201FA</UIForeground><UIGlow>F201FB</UIGlow>Puissance de Sillage<Indent/>:<UIGlow>01</UIGlow><UIForeground>01</UIForeground> 520
<UIForeground>F201FA</UIForeground><UIGlow>F201FB</UIGlow>Puissance de Flammes de l'enfer<Indent/>:<UIGlow>01</UIGlow><UIForeground>01</UIForeground> 800
<UIForeground>F201FA</UIForeground><UIGlow>F201FB</UIGlow>Puissance de Fureur tellurique<Indent/>:<UIGlow>01</UIGlow><UIForeground>01</UIForeground> 800
<UIForeground>F201FA</UIForeground><UIGlow>F201FB</UIGlow>Puissance de Rafale aérienne<Indent/>:<UIGlow>01</UIGlow><UIForeground>01</UIForeground> 800"
665,"Permet de recevoir <UIForeground>F201F4</UIForeground><UIGlow>F201F5</UIGlow>Lame étripante préparée<UIGlow>01</UIGlow><UIForeground>01</UIForeground> lorsque vous utilisez <UIForeground>F201F4</UIForeground><UIGlow>F201F5</UIGlow>Combat acharné<UIGlow>01</UIGlow><UIForeground>01</UIForeground>.
<UIForeground>F201FA</UIForeground><UIGlow>F201FB</UIGlow>Durée<Indent/>:<UIGlow>01</UIGlow><UIForeground>01</UIForeground> 30s"
666,"Permet de recevoir <UIForeground>F201F4</UIForeground><UIGlow>F201F5</UIGlow>Rupture sonique préparée<UIGlow>01</UIGlow><UIForeground>01</UIForeground> lorsque vous utilisez <UIForeground>F201F4</UIForeground><UIGlow>F201F5</UIGlow>Sans pitié<UIGlow>01</UIGlow><UIForeground>01</UIForeground>.
<UIForeground>F201FA</UIForeground><UIGlow>F201FB</UIGlow>Durée<Indent/>:<UIGlow>01</UIGlow><UIForeground>01</UIForeground> 30s"
667,"Augmente la puissance de certaines actions.

<UIForeground>F201FA</UIForeground><UIGlow>F201FB</UIGlow>Puissance de Tranchant acéré<Indent/>:<UIGlow>01</UIGlow><UIForeground>01</UIForeground> 300
<UIForeground>F201FA</UIForeground><UIGlow>F201FB</UIGlow>Puissance d'Impact brutal<Indent/>:<UIGlow>01</UIGlow><UIForeground>01</UIForeground> 240
<UIForeground>F201FA</UIForeground><UIGlow>F201FB</UIGlow>Puissance de Salve tranchante<Indent/>:<UIGlow>01</UIGlow><UIForeground>01</UIForeground> 240
<UIForeground>F201FA</UIForeground><UIGlow>F201FB</UIGlow>Puissance de Frappe explosive<Indent/>:<UIGlow>01</UIGlow><UIForeground>01</UIForeground> 420
<UIForeground>F201FA</UIForeground><UIGlow>F201FB</UIGlow>Puissance de Croc pugnace<Indent/>:<UIGlow>01</UIGlow><UIForeground>01</UIForeground> 440
<UIForeground>F201FA</UIForeground><UIGlow>F201FB</UIGlow>Puissance de Griffe sauvage<Indent/>:<UIGlow>01</UIGlow><UIForeground>01</UIForeground> 500
<UIForeground>F201FA</UIForeground><UIGlow>F201FB</UIGlow>Puissance de Serre vicieuse<Indent/>:<UIGlow>01</UIGlow><UIForeground>01</UIForeground> 560
<UIForeground>F201FA</UIForeground><UIGlow>F201FB</UIGlow>Puissance d'Arrachage de la jugulaire<Indent/>:<UIGlow>01</UIGlow><UIForeground>01</UIForeground> 220
<UIForeground>F201FA</UIForeground><UIGlow>F201FB</UIGlow>Puissance de Lacération de l'abdomen<Indent/>:<UIGlow>01</UIGlow><UIForeground>01</UIForeground> 260
<UIForeground>F201FA</UIForeground><UIGlow>F201FB</UIGlow>Puissance de Perforation des yeux<Indent/>:<UIGlow>01</UIGlow><UIForeground>01</UIForeground> 300
<UIForeground>F201FA</UIForeground><UIGlow>F201FB</UIGlow>Puissance de Zone de destruction<Indent/>:<UIGlow>01</UIGlow><UIForeground>01</UIForeground> 800
<UIForeground>F201FA</UIForeground><UIGlow>F201FB</UIGlow>Puissance de Hypervitesse<Indent/>:<UIGlow>01</UIGlow><UIForeground>01</UIForeground> 180"
668,"Augmente la puissance de certaines actions.

<UIForeground>F201FA</UIForeground><UIGlow>F201FB</UIGlow>Puissance de Flèche empyréenne<Indent/>:<UIGlow>01</UIGlow><UIForeground>01</UIForeground> 260
<UIForeground>F201FA</UIForeground><UIGlow>F201FB</UIGlow>Puissance de Vent venimeux<Indent/>:<UIGlow>01</UIGlow><UIForeground>01</UIForeground> 400
<UIForeground>F201FA</UIForeground><UIGlow>F201FB</UIGlow>Puissance de Flèche rayonnante<Indent/>:<UIGlow>01</UIGlow><UIForeground>01</UIForeground> 280
<UIForeground>F201FA</UIForeground><UIGlow>F201FB</UIGlow>Puissance de Tir éclatant<Indent/>:<UIGlow>01</UIGlow><UIForeground>01</UIForeground> 220
<UIForeground>F201FA</UIForeground><UIGlow>F201FB</UIGlow>Puissance de Trait alpha<Indent/>:<UIGlow>01</UIGlow><UIForeground>01</UIForeground> de 140 à 700
"
669,"Augmente la puissance de certaines actions.

<UIForeground>F201FA</UIForeground><UIGlow>F201FB</UIGlow>Puissance de Dosis III<Indent/>:<UIGlow>01</UIGlow><UIForeground>01</UIForeground> 380
<UIForeground>F201FA</UIForeground><UIGlow>F201FB</UIGlow>Puissance de Dosis eucrasique III<Indent/>:<UIGlow>01</UIGlow><UIForeground>01</UIForeground> 85
<UIForeground>F201FA</UIForeground><UIGlow>F201FB</UIGlow>Puissance de Toxikon II<Indent/>:<UIGlow>01</UIGlow><UIForeground>01</UIForeground> 380
<UIForeground>F201FA</UIForeground><UIGlow>F201FB</UIGlow>Puissance de Pneuma<Indent/>:<UIGlow>01</UIGlow><UIForeground>01</UIForeground> 380"
670,"Les soins et les dégâts de base des actions sont augmentés de 10%."
671,"Les soins et les dégâts de base des actions sont augmentés de 30%."
672,"Augmente la puissance de certaines actions.

<UIForeground>F201FA</UIForeground><UIGlow>F201FB</UIGlow>Puissance de Feu en rouge<Indent/>:<UIGlow>01</UIGlow><UIForeground>01</UIForeground> 310
<UIForeground>F201FA</UIForeground><UIGlow>F201FB</UIGlow>Puissance de Vent en vert<Indent/>:<UIGlow>01</UIGlow><UIForeground>01</UIForeground> 350
<UIForeground>F201FA</UIForeground><UIGlow>F201FB</UIGlow>Puissance d'Eau en bleu<Indent/>:<UIGlow>01</UIGlow><UIForeground>01</UIForeground> 390
<UIForeground>F201FA</UIForeground><UIGlow>F201FB</UIGlow>Puissance d'Imagi Pompon<Indent/>:<UIGlow>01</UIGlow><UIForeground>01</UIForeground> 700
<UIForeground>F201FA</UIForeground><UIGlow>F201FB</UIGlow>Puissance d'Imagi Ailes<Indent/>:<UIGlow>01</UIGlow><UIForeground>01</UIForeground> 700
<UIForeground>F201FA</UIForeground><UIGlow>F201FB</UIGlow>Puissance de Mognum opus<Indent/>:<UIGlow>01</UIGlow><UIForeground>01</UIForeground> 800
<UIForeground>F201FA</UIForeground><UIGlow>F201FB</UIGlow>Puissance de Tamponnage Marteau<Indent/>:<UIGlow>01</UIGlow><UIForeground>01</UIForeground> 420"
673,"Augmente la puissance de certaines actions.

<UIForeground>F201FA</UIForeground><UIGlow>F201FB</UIGlow>Puissance de Conjonction supérieure III<Indent/>:<UIGlow>01</UIGlow><UIForeground>01</UIForeground> 70
<UIForeground>F201FA</UIForeground><UIGlow>F201FB</UIGlow>Puissance de Malfaisance en chute<Indent/>:<UIGlow>01</UIGlow><UIForeground>01</UIForeground> 270
<UIForeground>F201FA</UIForeground><UIGlow>F201FB</UIGlow>Puissance d'Extra Gravité<Indent/>:<UIGlow>01</UIGlow><UIForeground>01</UIForeground> 140
<UIForeground>F201FA</UIForeground><UIGlow>F201FB</UIGlow>Puissance de Macrocosme<Indent/>:<UIGlow>01</UIGlow><UIForeground>01</UIForeground> 270"
674,"Augmente la puissance de certaines actions.

<UIForeground>F201FA</UIForeground><UIGlow>F201FB</UIGlow>Crochets d'acier<Indent/>:<UIGlow>01</UIGlow><UIForeground>01</UIForeground> 200
<UIForeground>F201FA</UIForeground><UIGlow>F201FB</UIGlow>Crochets mortels<Indent/>:<UIGlow>01</UIGlow><UIForeground>01</UIForeground> 200
<UIForeground>F201FA</UIForeground><UIGlow>F201FB</UIGlow>Ponction prédatrice<Indent/>:<UIGlow>01</UIGlow><UIForeground>01</UIForeground> 300
<UIForeground>F201FA</UIForeground><UIGlow>F201FB</UIGlow>Ponction véloce<Indent/>:<UIGlow>01</UIGlow><UIForeground>01</UIForeground> 300"
675,"Augmente la puissance de certaines actions.

<UIForeground>F201FA</UIForeground><UIGlow>F201FB</UIGlow>Saignée du flanc<Indent/>:<UIGlow>01</UIGlow><UIForeground>01</UIForeground> 340
<UIForeground>F201FA</UIForeground><UIGlow>F201FB</UIGlow>Déchirement du flanc<Indent/>:<UIGlow>01</UIGlow><UIForeground>01</UIForeground> 340
<UIForeground>F201FA</UIForeground><UIGlow>F201FB</UIGlow>Saignée de l'échine<Indent/>:<UIGlow>01</UIGlow><UIForeground>01</UIForeground> 340
<UIForeground>F201FA</UIForeground><UIGlow>F201FB</UIGlow>Déchirement de l'échine<Indent/>:<UIGlow>01</UIGlow><UIForeground>01</UIForeground> 340"
676,"Augmente la puissance de certaines actions.

<UIForeground>F201FA</UIForeground><UIGlow>F201FB</UIGlow>Puissance de Feu en rouge<Indent/>:<UIGlow>01</UIGlow><UIForeground>01</UIForeground> 380
<UIForeground>F201FA</UIForeground><UIGlow>F201FB</UIGlow>Puissance de Vent en vert<Indent/>:<UIGlow>01</UIGlow><UIForeground>01</UIForeground> 420
<UIForeground>F201FA</UIForeground><UIGlow>F201FB</UIGlow>Puissance d'Eau en bleu<Indent/>:<UIGlow>01</UIGlow><UIForeground>01</UIForeground> 460
<UIForeground>F201FA</UIForeground><UIGlow>F201FB</UIGlow>Puissance d'Extra Feu en rouge<Indent/>:<UIGlow>01</UIGlow><UIForeground>01</UIForeground> 150
<UIForeground>F201FA</UIForeground><UIGlow>F201FB</UIGlow>Puissance d'Extra Vent en vert<Indent/>:<UIGlow>01</UIGlow><UIForeground>01</UIForeground> 170
<UIForeground>F201FA</UIForeground><UIGlow>F201FB</UIGlow>Puissance d'Extra Eau en bleu<Indent/>:<UIGlow>01</UIGlow><UIForeground>01</UIForeground> 190
<UIForeground>F201FA</UIForeground><UIGlow>F201FB</UIGlow>Puissance de Tamponnage Marteau<Indent/>:<UIGlow>01</UIGlow><UIForeground>01</UIForeground> 500
<UIForeground>F201FA</UIForeground><UIGlow>F201FB</UIGlow>Puissance de Glace en cyan<Indent/>:<UIGlow>01</UIGlow><UIForeground>01</UIForeground> 680
<UIForeground>F201FA</UIForeground><UIGlow>F201FB</UIGlow>Puissance de Terre en jaune<Indent/>:<UIGlow>01</UIGlow><UIForeground>01</UIForeground> 720
<UIForeground>F201FA</UIForeground><UIGlow>F201FB</UIGlow>Puissance de Foudre en magenta<Indent/>:<UIGlow>01</UIGlow><UIForeground>01</UIForeground> 760
<UIForeground>F201FA</UIForeground><UIGlow>F201FB</UIGlow>Puissance d'Extra Glace en cyan<Indent/>:<UIGlow>01</UIGlow><UIForeground>01</UIForeground> 330
<UIForeground>F201FA</UIForeground><UIGlow>F201FB</UIGlow>Puissance d'Extra Terre en jaune<Indent/>:<UIGlow>01</UIGlow><UIForeground>01</UIForeground> 350
<UIForeground>F201FA</UIForeground><UIGlow>F201FB</UIGlow>Puissance d'Extra Foudre en magenta<Indent/>:<UIGlow>01</UIGlow><UIForeground>01</UIForeground> 370"
677,"Augmente la puissance de certaines actions.

<UIForeground>F201FA</UIForeground><UIGlow>F201FB</UIGlow>Puissance de Feu en rouge<Indent/>:<UIGlow>01</UIGlow><UIForeground>01</UIForeground> 420
<UIForeground>F201FA</UIForeground><UIGlow>F201FB</UIGlow>Puissance de Vent en vert<Indent/>:<UIGlow>01</UIGlow><UIForeground>01</UIForeground> 460
<UIForeground>F201FA</UIForeground><UIGlow>F201FB</UIGlow>Puissance d'Eau en bleu<Indent/>:<UIGlow>01</UIGlow><UIForeground>01</UIForeground> 500
<UIForeground>F201FA</UIForeground><UIGlow>F201FB</UIGlow>Puissance d'Imagi Pompon<Indent/>:<UIGlow>01</UIGlow><UIForeground>01</UIForeground> 800
<UIForeground>F201FA</UIForeground><UIGlow>F201FB</UIGlow>Puissance d'Imagi Ailes<Indent/>:<UIGlow>01</UIGlow><UIForeground>01</UIForeground> 800
<UIForeground>F201FA</UIForeground><UIGlow>F201FB</UIGlow>Puissance de Mognum opus<Indent/>:<UIGlow>01</UIGlow><UIForeground>01</UIForeground> 1000
<UIForeground>F201FA</UIForeground><UIGlow>F201FB</UIGlow>Puissance de Tamponnage Marteau<Indent/>:<UIGlow>01</UIGlow><UIForeground>01</UIForeground> 540
<UIForeground>F201FA</UIForeground><UIGlow>F201FB</UIGlow>Puissance de Glace en cyan<Indent/>:<UIGlow>01</UIGlow><UIForeground>01</UIForeground> 750
<UIForeground>F201FA</UIForeground><UIGlow>F201FB</UIGlow>Puissance de Terre en jaune<Indent/>:<UIGlow>01</UIGlow><UIForeground>01</UIForeground> 790
<UIForeground>F201FA</UIForeground><UIGlow>F201FB</UIGlow>Puissance de Foudre en magenta<Indent/>:<UIGlow>01</UIGlow><UIForeground>01</UIForeground> 830
<UIForeground>F201FA</UIForeground><UIGlow>F201FB</UIGlow>Puissance de Miracle en blanc<Indent/>:<UIGlow>01</UIGlow><UIForeground>01</UIForeground> 500"
678,"Augmente la puissance de certaines actions.

<UIForeground>F201FA</UIForeground><UIGlow>F201FB</UIGlow>Puissance de Feu en rouge<Indent/>:<UIGlow>01</UIGlow><UIForeground>01</UIForeground> 490
<UIForeground>F201FA</UIForeground><UIGlow>F201FB</UIGlow>Puissance de Vent en vert<Indent/>:<UIGlow>01</UIGlow><UIForeground>01</UIForeground> 530
<UIForeground>F201FA</UIForeground><UIGlow>F201FB</UIGlow>Puissance d'Eau en bleu<Indent/>:<UIGlow>01</UIGlow><UIForeground>01</UIForeground> 570
<UIForeground>F201FA</UIForeground><UIGlow>F201FB</UIGlow>Puissance d'Extra Feu en rouge<Indent/>:<UIGlow>01</UIGlow><UIForeground>01</UIForeground> 180
<UIForeground>F201FA</UIForeground><UIGlow>F201FB</UIGlow>Puissance d'Extra Vent en vert<Indent/>:<UIGlow>01</UIGlow><UIForeground>01</UIForeground> 200
<UIForeground>F201FA</UIForeground><UIGlow>F201FB</UIGlow>Puissance d'Extra Eau en bleu<Indent/>:<UIGlow>01</UIGlow><UIForeground>01</UIForeground> 220
<UIForeground>F201FA</UIForeground><UIGlow>F201FB</UIGlow>Puissance de Tamponnage Marteau<Indent/>:<UIGlow>01</UIGlow><UIForeground>01</UIForeground> 560
<UIForeground>F201FA</UIForeground><UIGlow>F201FB</UIGlow>Puissance de Glace en cyan<Indent/>:<UIGlow>01</UIGlow><UIForeground>01</UIForeground> 860
<UIForeground>F201FA</UIForeground><UIGlow>F201FB</UIGlow>Puissance de Terre en jaune<Indent/>:<UIGlow>01</UIGlow><UIForeground>01</UIForeground> 900
<UIForeground>F201FA</UIForeground><UIGlow>F201FB</UIGlow>Puissance de Foudre en magenta<Indent/>:<UIGlow>01</UIGlow><UIForeground>01</UIForeground> 940
<UIForeground>F201FA</UIForeground><UIGlow>F201FB</UIGlow>Puissance d'Extra Glace en cyan<Indent/>:<UIGlow>01</UIGlow><UIForeground>01</UIForeground> 360
<UIForeground>F201FA</UIForeground><UIGlow>F201FB</UIGlow>Puissance d'Extra Terre en jaune<Indent/>:<UIGlow>01</UIGlow><UIForeground>01</UIForeground> 380
<UIForeground>F201FA</UIForeground><UIGlow>F201FB</UIGlow>Puissance d'Extra Foudre en magenta<Indent/>:<UIGlow>01</UIGlow><UIForeground>01</UIForeground> 400
<UIForeground>F201FA</UIForeground><UIGlow>F201FB</UIGlow>Puissance de Miracle en blanc<Indent/>:<UIGlow>01</UIGlow><UIForeground>01</UIForeground> 570
<UIForeground>F201FA</UIForeground><UIGlow>F201FB</UIGlow>Puissance de Brossage Marteau<Indent/>:<UIGlow>01</UIGlow><UIForeground>01</UIForeground> 580
<UIForeground>F201FA</UIForeground><UIGlow>F201FB</UIGlow>Puissance de Finition Marteau<Indent/>:<UIGlow>01</UIGlow><UIForeground>01</UIForeground> 600
<UIForeground>F201FA</UIForeground><UIGlow>F201FB</UIGlow>Puissance de Comète en noir<Indent/>:<UIGlow>01</UIGlow><UIForeground>01</UIForeground> 940"
679,""
680,""
681,""
682,""
683,""
684,""
685,""
686,""
687,""
688,""
689,""
690,""
691,""
692,""
693,""
694,""
695,""
696,""
697,""
698,""
699,""
700,""
701,""
702,""
703,""
704,""
705,""
706,""
707,""
708,""
709,""
710,""
711,""
712,""
713,""
714,""
715,""
716,""
717,""
718,""
719,""
720,""
721,""
722,""
723,""
724,""
725,""
726,""
727,""
728,""
729,""
730,""
731,""
732,""
733,""
734,""
735,""
736,""
737,""
738,""
739,""
740,""
741,""
742,""
743,""
744,""
745,""
746,""
747,""
748,""
749,""
750,""
751,""
752,""
753,""
754,""
755,""
756,""
757,""
758,""
759,""
760,""
761,""
762,""
763,""
764,""
765,""
766,""
767,""
768,""
769,""
770,""
771,""
772,""
773,""
774,""
775,""
776,""
777,""
778,""
779,""
780,""
781,""
782,""
783,""
784,""
785,""
786,""
787,""
788,""
789,""
790,""
791,""
792,""
793,""
794,""
795,""
796,""
797,""
798,""
799,""
800,""
801,""
802,""
803,""
804,""
805,""
806,""
807,""
808,""
809,""
810,""
811,""
812,""
813,""
814,""
815,""
816,""
817,""
818,""
819,""
820,""
821,""
822,""
823,""
824,""
825,""
826,""
827,""
828,""
829,""
830,""
831,""
832,""
833,""
834,""
835,""
836,""
837,""
838,""
839,""
840,""
841,""
