key,0,1,2,3,4,5,6,7,8,9,10,11,12,13,14,15,16,17,18,19,20,21,22,23,24,25,26
#,,,,,,,,,,,,,,,,,,,,,,,,,,,
int32,str,str,str,str,str,byte,bit&01,uint16,byte,uint16,uint32,int32,uint32,uint32,byte,byte,byte,byte,byte,byte,byte,byte,byte,byte,byte,byte,byte
0,"","","","","",0,False,158,0,0,0,0,0,0,0,0,0,0,0,0,0,0,0,0,0,0,0
1,"Campement bêta<Indent/>: coll. matériaux
<UIForeground>F2023B</UIForeground><UIGlow>F2023C</UIGlow>Participez aux missions cosmiques<Indent/>!<UIGlow>01</UIGlow><UIForeground>01</UIForeground>","Campement bêta<Indent/>: collecte des matériaux","Nous avons besoin de matériaux pour agrandir la station<Indent/>! Merci de participer aux missions cosmiques<Indent/>!","Le moment tant attendu est enfin arrivé ! Nous sommes en train de 
réunir les matériaux nécessaires à l'agrandissement de la station !","Searchingway",0,False,158,1,0,241001,0,0,0,0,0,2,3,0,0,0,0,0,0,0,0,0
2,"Campement bêta<Indent/>: préparation
<UIForeground>F2023B</UIForeground><UIGlow>F2023C</UIGlow>Tenez-vous prêts<Indent/>!<UIGlow>01</UIGlow><UIForeground>01</UIForeground>","Campement bêta<Indent/>: préparation du chantier","Un projet d'ouvrage collectif visant à agrandir la station va bientôt commencer<Indent/>! Merci de participer<Indent/>!","Un projet d'ouvrage collectif va bientôt être lancé en vue 
d'agrandir la station ! Venez nous filer un coup de main !","Searchingway",0,False,158,2,0,241001,1451,0,0,0,0,2,3,0,0,0,0,0,0,0,0,0
3,"Campement bêta<Indent/>: en cours
<UIForeground>F2023B</UIForeground><UIGlow>F2023C</UIGlow>Participez à l'effort collectif<Indent/>!<UIGlow>01</UIGlow><UIForeground>01</UIForeground>","Campement bêta<Indent/>: chantier en cours","Un projet d'ouvrage collectif visant à agrandir la station est en cours<Indent/>! Merci de participer<Indent/>!","Un projet d'ouvrage collectif vient d'être 
lancé afin d'agrandir la station !","Searchingway",0,False,158,3,0,241001,0,0,0,0,0,2,3,0,0,0,0,0,0,0,0,0
4,"Campement bêta<Indent/>: terminé
<UIForeground>F2023B</UIForeground><UIGlow>F2023C</UIGlow>Quartier libre<Indent/>!<UIGlow>01</UIGlow><UIForeground>01</UIForeground>","Campement bêta<Indent/>: chantier terminé","L'agrandissement de la station est terminé<Indent/>! L'exploration spatiale continue, merci de votre coopération<Indent/>!","L'agrandissement de la station est terminé ! 
Un grand merci à tous les par<SoftHyphen/>ti<SoftHyphen/>ci<SoftHyphen/>pants !","Searchingway",1,False,158,4,0,241002,1406,18,0,6,0,2,3,0,0,0,0,0,0,0,0,0
5,"Cosmo-navette centrale<Indent/>: coll. matériaux
<UIForeground>F2023B</UIForeground><UIGlow>F2023C</UIGlow>Participez aux missions cosmiques<Indent/>!<UIGlow>01</UIGlow><UIForeground>01</UIForeground>","Cosmo-navette centrale<Indent/>: collecte des matériaux","Nous avons besoin de matériaux pour installer un système de navettes<Indent/>! Merci de participer aux missions cosmiques<Indent/>!","Un nouveau système de navettes pour se déplacer à travers la station 
est prévu ! Nous sommes en train de réunir les matériaux nécessaires !","Searchingway",1,False,158,5,0,241003,0,0,0,0,0,2,3,0,0,0,0,0,0,0,0,0
6,"Cosmo-navette centrale<Indent/>: préparation
<UIForeground>F2023B</UIForeground><UIGlow>F2023C</UIGlow>Tenez-vous prêts<Indent/>!<UIGlow>01</UIGlow><UIForeground>01</UIForeground>","Cosmo-navette centrale<Indent/>: préparation du chantier","Un projet d'ouvrage collectif visant à installer un système de navettes va bientôt commencer<Indent/>! Merci de participer<Indent/>!","Un projet d'ouvrage collectif va bientôt être lancé pour la con<SoftHyphen/>struc<SoftHyphen/>tion 
de la cosmo-navette centrale ! Venez nous filer un coup de main !","Searchingway",1,False,158,6,0,241003,1451,0,0,0,0,2,3,0,0,0,0,0,0,0,0,0
7,"Cosmo-navette centrale<Indent/>: en cours
<UIForeground>F2023B</UIForeground><UIGlow>F2023C</UIGlow>Participez à l'effort collectif<Indent/>!<UIGlow>01</UIGlow><UIForeground>01</UIForeground>","Cosmo-navette centrale<Indent/>: chantier en cours","Un projet d'ouvrage collectif visant à installer un système de navettes est en cours<Indent/>! Merci de participer<Indent/>!","Un projet d'ouvrage collectif vient d'être lancé pour 
la con<SoftHyphen/>struc<SoftHyphen/>tion de la cosmo-navette centrale !","Searchingway",1,False,158,7,0,241003,0,0,0,0,0,2,3,0,0,0,0,0,0,0,0,0
8,"Cosmo-navette centrale<Indent/>: terminée
<UIForeground>F2023B</UIForeground><UIGlow>F2023C</UIGlow>Quartier libre<Indent/>!<UIGlow>01</UIGlow><UIForeground>01</UIForeground>","Cosmo-navette centrale<Indent/>: chantier terminé","L'installation du système de navettes est terminée<Indent/>! L'exploration va pouvoir se poursuivre à grande vitesse, merci de votre coopération<Indent/>!","La con<SoftHyphen/>struc<SoftHyphen/>tion de la cosmo-navette centrale est terminée ! 
Un grand merci à tous les par<SoftHyphen/>ti<SoftHyphen/>ci<SoftHyphen/>pants !","Searchingway",2,False,158,8,0,241004,1405,18,1,6,0,2,3,0,0,0,0,0,0,0,0,0
9,"Modules d'habitation/cosmoport<Indent/>: coll. matériaux
<UIForeground>F2023B</UIForeground><UIGlow>F2023C</UIGlow>Participez aux missions cosmiques<Indent/>!<UIGlow>01</UIGlow><UIForeground>01</UIForeground>","Modules d'habitation et cosmoport<Indent/>: collecte des matériaux","Nous avons besoin de matériaux pour construire des modules d'habitation et un cosmoport<Indent/>! Merci de participer aux missions cosmiques<Indent/>!","Nous souhaitons maintenant agrandir la station avec des modules d'habitation 
et un cosmoport ! Nous sommes en train de réunir les matériaux nécessaires !","Searchingway",2,False,158,9,0,241005,0,0,0,0,0,2,3,0,0,0,0,0,0,0,0,0
10,"Modules d'habitation<Indent/>: préparation
<UIForeground>F2023B</UIForeground><UIGlow>F2023C</UIGlow>Tenez-vous prêts<Indent/>!<UIGlow>01</UIGlow><UIForeground>01</UIForeground>","Modules d'habitation<Indent/>: préparation du chantier","Un projet d'ouvrage collectif visant à construire des modules d'habitation va bientôt commencer<Indent/>! Merci de participer<Indent/>!","Un projet d'ouvrage collectif va bientôt être lancé pour la con<SoftHyphen/>struc<SoftHyphen/>tion 
des modules d'habitation ! Venez nous filer un coup de main !","Searchingway",2,False,158,10,0,241005,1451,0,0,0,0,2,3,0,0,0,0,0,0,0,0,0
11,"Modules d'habitation<Indent/>: en cours
<UIForeground>F2023B</UIForeground><UIGlow>F2023C</UIGlow>Participez à l'effort collectif<Indent/>!<UIGlow>01</UIGlow><UIForeground>01</UIForeground>","Modules d'habitation<Indent/>: chantier en cours","Un projet d'ouvrage collectif visant à construire des modules d'habitation est en cours<Indent/>! Merci de participer<Indent/>!","Un projet d'ouvrage collectif vient d'être lancé pour 
la con<SoftHyphen/>struc<SoftHyphen/>tion des modules d'habitation !","Searchingway",2,False,158,11,0,241005,0,0,0,0,0,2,3,0,0,0,0,0,0,0,0,0
12,"Cosmoport<Indent/>: coll. matériaux
<UIForeground>F2023B</UIForeground><UIGlow>F2023C</UIGlow>Tenez-vous prêts<Indent/>!<UIGlow>01</UIGlow><UIForeground>01</UIForeground>","Cosmoport<Indent/>: collecte des matériaux","Un projet d'ouvrage collectif visant à construire un cosmoport va bientôt commencer<Indent/>! Merci de participer<Indent/>!","Un projet d'ouvrage collectif va bientôt être lancé pour 
la con<SoftHyphen/>struc<SoftHyphen/>tion du cosmoport ! Venez nous filer un coup de main !","Searchingway",3,False,158,12,0,241006,1401,18,2,5,0,2,3,0,0,0,0,0,0,0,0,0
13,"Cosmoport<Indent/>: en cours
<UIForeground>F2023B</UIForeground><UIGlow>F2023C</UIGlow>Participez à l'effort collectif<Indent/>!<UIGlow>01</UIGlow><UIForeground>01</UIForeground>","Cosmoport<Indent/>: chantier en cours","Un projet d'ouvrage collectif visant à construire un cosmoport est en cours<Indent/>! Merci de participer<Indent/>!","Un projet d'ouvrage collectif vient d'être lancé 
pour la con<SoftHyphen/>struc<SoftHyphen/>tion du cosmoport !","Searchingway",3,False,158,12,0,241006,0,0,0,0,0,2,3,0,0,0,0,0,0,0,0,0
14,"Modules d'habitation/cosmoport<Indent/>: terminés
<UIForeground>F2023B</UIForeground><UIGlow>F2023C</UIGlow>Quartier libre<Indent/>!<UIGlow>01</UIGlow><UIForeground>01</UIForeground>","Modules d'habitation et cosmoport<Indent/>: chantiers terminés","La con<SoftHyphen/>struc<SoftHyphen/>tion des modules d'habitation et du cosmoport est terminée ! Notre base s'agrandit, merci de votre coopération<Indent/>!","La con<SoftHyphen/>struc<SoftHyphen/>tion des modules d'habitation et du cosmoport 
est terminée ! Un grand merci à tous les par<SoftHyphen/>ti<SoftHyphen/>ci<SoftHyphen/>pants !","Searchingway",4,False,158,13,0,241007,1401,18,3,5,0,2,3,0,0,0,0,0,0,0,0,0
15,"Hangar bêta<Indent/>: coll. matériaux
<UIForeground>F2023B</UIForeground><UIGlow>F2023C</UIGlow>Participez aux missions cosmiques<Indent/>!<UIGlow>01</UIGlow><UIForeground>01</UIForeground>","Hangar bêta<Indent/>: collecte des matériaux","Nous avons besoin de matériaux pour agrandir le hangar des machines<Indent/>! Merci de participer aux missions cosmiques<Indent/>!","Nous projetons d'agrandir le hangar des machines ! 
Nous sommes en train de réunir les matériaux nécessaires !","Searchingway",4,False,158,14,0,241008,0,0,0,0,0,2,3,0,0,0,0,0,0,0,0,0
16,"Hangar bêta<Indent/>: préparation
<UIForeground>F2023B</UIForeground><UIGlow>F2023C</UIGlow>Tenez-vous prêts<Indent/>!<UIGlow>01</UIGlow><UIForeground>01</UIForeground>","Hangar bêta<Indent/>: préparation du chantier","Un projet d'ouvrage collectif visant à agrandir le hangar des machines va bientôt commencer<Indent/>! Merci de participer<Indent/>!","Un projet d'ouvrage collectif va bientôt être lancé pour 
l'agrandissement du hangar ! Venez nous filer un coup de main !","Searchingway",4,False,158,15,0,241008,1451,0,0,0,0,2,3,0,0,0,0,0,0,0,0,0
17,"Hangar bêta<Indent/>: en cours
<UIForeground>F2023B</UIForeground><UIGlow>F2023C</UIGlow>Participez à l'effort collectif<Indent/>!<UIGlow>01</UIGlow><UIForeground>01</UIForeground>","Hangar bêta<Indent/>: chantier en cours","Un projet d'ouvrage collectif visant à agrandir le hangar des machines est en cours<Indent/>! Merci de participer<Indent/>!","Un projet d'ouvrage collectif vient d'être lancé 
pour l'agrandissement du hangar !","Searchingway",4,False,158,16,0,241008,0,0,0,0,0,2,3,0,0,0,0,0,0,0,0,0
18,"Hangar bêta<Indent/>: terminé
<UIForeground>F2023B</UIForeground><UIGlow>F2023C</UIGlow>Quartier libre<Indent/>!<UIGlow>01</UIGlow><UIForeground>01</UIForeground>","Hangar bêta<Indent/>: chantier terminé","L'agrandissement du hangar est terminé ! Les machines seront maintenant plus à l'aise, merci de votre coopération<Indent/>!","L'agrandissement du hangar est terminé ! 
Un grand merci à tous les par<SoftHyphen/>ti<SoftHyphen/>ci<SoftHyphen/>pants !","Searchingway",5,False,158,17,0,241009,1402,18,4,5,0,2,3,0,0,0,0,0,0,0,0,0
19,"Cosmo-navette nord-ouest<Indent/>: coll. matériaux
<UIForeground>F2023B</UIForeground><UIGlow>F2023C</UIGlow>Participez aux missions cosmiques<Indent/>!<UIGlow>01</UIGlow><UIForeground>01</UIForeground>","Cosmo-navette nord-ouest<Indent/>: collecte des matériaux","Nous avons besoin de matériaux pour construire une cosmo-navette au nord-ouest<Indent/>! Merci de participer aux missions cosmiques<Indent/>!","Nous prévoyons de construire une nouvelle cosmo-navette au nord-ouest 
de la station ! Nous sommes en train de réunir les matériaux nécessaires !","Searchingway",5,False,158,18,0,241010,0,0,0,0,0,2,3,0,0,0,0,0,0,0,0,0
20,"Cosmo-navette nord-ouest<Indent/>: en cours
<UIForeground>F2023B</UIForeground><UIGlow>F2023C</UIGlow>Encore un peu de patience<Indent/>!<UIGlow>01</UIGlow><UIForeground>01</UIForeground>","Chantier en cours : Cosmo-navette nord-ouest","La fin du chantier pour la con<SoftHyphen/>struc<SoftHyphen/>tion de la cosmo-navette nord-ouest approche<Indent/>! Encore un peu de patience, et nous pourrons tous en profiter<Indent/>!","La fin du chantier pour la con<SoftHyphen/>struc<SoftHyphen/>tion de 
la cosmo-navette nord-ouest est prévue pour bientôt !","Searchingway",5,False,158,18,0,241010,1452,0,0,0,0,2,3,0,0,0,0,0,0,0,0,0
21,"Cosmo-navette nord-ouest<Indent/>: terminée
<UIForeground>F2023B</UIForeground><UIGlow>F2023C</UIGlow>Quartier libre<Indent/>!<UIGlow>01</UIGlow><UIForeground>01</UIForeground>","Cosmo-navette nord-ouest<Indent/>: chantier terminé","La con<SoftHyphen/>struc<SoftHyphen/>tion de la cosmo-navette nord-ouest est terminée ! L'exploration dans cette direction va s'accélérer, merci de votre coopération<Indent/>!","La con<SoftHyphen/>struc<SoftHyphen/>tion de la cosmo-navette nord-ouest est terminée ! 
Un grand merci à tous les par<SoftHyphen/>ti<SoftHyphen/>ci<SoftHyphen/>pants !","Searchingway",6,False,158,19,0,241011,1407,18,5,6,0,2,3,0,0,0,0,0,0,0,0,0
22,"Cosmo-navette sud-est<Indent/>: coll. matériaux
<UIForeground>F2023B</UIForeground><UIGlow>F2023C</UIGlow>Participez aux missions cosmiques<Indent/>!<UIGlow>01</UIGlow><UIForeground>01</UIForeground>","Cosmo-navette sud-est<Indent/>: collecte des matériaux","Nous avons besoin de matériaux pour construire une cosmo-navette au sud-est<Indent/>! Merci de participer aux missions cosmiques<Indent/>!","Nous prévoyons de construire une nouvelle cosmo-navette au sud-est de la station ! 
Nous sommes en train de réunir les matériaux nécessaires !","Searchingway",6,False,158,20,0,241012,0,0,0,0,0,2,3,0,0,0,0,0,0,0,0,0
23,"Cosmo-navette sud-est<Indent/>: en cours
<UIForeground>F2023B</UIForeground><UIGlow>F2023C</UIGlow>Encore un peu de patience<Indent/>!<UIGlow>01</UIGlow><UIForeground>01</UIForeground>","Chantier en cours : Cosmo-navette sud-est","La fin du chantier pour la con<SoftHyphen/>struc<SoftHyphen/>tion de la cosmo-navette sud-est approche<Indent/>! Encore un peu de patience, et nous pourrons tous en profiter<Indent/>!","La fin du chantier pour la con<SoftHyphen/>struc<SoftHyphen/>tion de 
la cosmo-navette sud-est est prévue pour bientôt !","Searchingway",6,False,158,20,0,241012,1452,0,0,0,0,2,3,0,0,0,0,0,0,0,0,0
24,"Cosmo-navette sud-est<Indent/>: terminée
<UIForeground>F2023B</UIForeground><UIGlow>F2023C</UIGlow>Quartier libre<Indent/>!<UIGlow>01</UIGlow><UIForeground>01</UIForeground>","Cosmo-navette sud-est<Indent/>: chantier terminé","La con<SoftHyphen/>struc<SoftHyphen/>tion de la cosmo-navette sud-est est terminée ! L'exploration dans cette direction va s'accélérer, merci de votre coopération<Indent/>!","La con<SoftHyphen/>struc<SoftHyphen/>tion de la cosmo-navette sud-est est 
terminée ! Un grand merci à tous les par<SoftHyphen/>ti<SoftHyphen/>ci<SoftHyphen/>pants !","Searchingway",7,False,158,21,0,241013,1409,18,6,6,0,2,3,4,6,7,0,0,0,0,0,0
25,"Tunnel de Piercingway<Indent/>: coll. matériaux
<UIForeground>F2023B</UIForeground><UIGlow>F2023C</UIGlow>Participez aux missions cosmiques<Indent/>!<UIGlow>01</UIGlow><UIForeground>01</UIForeground>","Tunnel de Piercingway<Indent/>: collecte des matériaux","Nous avons besoin de matériaux pour creuser un tunnel à travers la montagne<Indent/>! Merci de participer aux missions cosmiques<Indent/>!","Nous comptons creuser un tunnel à travers la montagne ! 
Nous sommes en train de réunir les matériaux nécessaires !","Searchingway",7,False,158,22,0,241014,0,0,0,0,0,2,3,4,6,7,0,0,0,0,0,0
26,"Tunnel de Piercingway 1<Indent/>: préparation
<UIForeground>F2023B</UIForeground><UIGlow>F2023C</UIGlow>Tenez-vous prêts<Indent/>!<UIGlow>01</UIGlow><UIForeground>01</UIForeground>","Tunnel de Piercingway 1<Indent/>: préparation du chantier","Un premier projet d'ouvrage collectif visant à construire un tunnel à travers la montagne va bientôt commencer<Indent/>! Merci de participer<Indent/>!","Un premier projet d'ouvrage collectif va bientôt être lancé pour 
la con<SoftHyphen/>struc<SoftHyphen/>tion du tunnel de Piercingway ! Venez nous filer un coup de main !","Searchingway",7,False,158,23,0,241014,1451,0,0,0,0,2,3,4,6,7,0,0,0,0,0,0
27,"Tunnel de Piercingway 1<Indent/>: en cours
<UIForeground>F2023B</UIForeground><UIGlow>F2023C</UIGlow>Participez à l'effort collectif<Indent/>!<UIGlow>01</UIGlow><UIForeground>01</UIForeground>","Tunnel de Piercingway 1<Indent/>: chantier en cours","Un premier projet d'ouvrage collectif visant à construire un tunnel à travers la montagne est en cours<Indent/>! Merci de participer<Indent/>!","Le premier projet d'ouvrage collectif vient d'être lancé 
pour la con<SoftHyphen/>struc<SoftHyphen/>tion du tunnel de Piercingway !","Searchingway",7,False,158,24,0,241014,0,0,0,0,0,2,3,4,6,7,0,0,0,0,0,0
28,"Tunnel de Piercingway 2<Indent/>: préparation
<UIForeground>F2023B</UIForeground><UIGlow>F2023C</UIGlow>Tenez-vous prêts<Indent/>!<UIGlow>01</UIGlow><UIForeground>01</UIForeground>","Tunnel de Piercingway 2<Indent/>: préparation du chantier","Un second projet d'ouvrage collectif visant à construire un tunnel à travers la montagne va bientôt commencer<Indent/>! Merci de participer<Indent/>!","Un second projet d'ouvrage collectif va bientôt être lancé pour 
la con<SoftHyphen/>struc<SoftHyphen/>tion du tunnel de Piercingway ! Venez nous filer un coup de main !","Searchingway",8,False,158,25,0,241015,1401,18,7,5,0,2,3,4,6,7,0,0,0,0,0,0
29,"Tunnel de Piercingway 2<Indent/>: en cours
<UIForeground>F2023B</UIForeground><UIGlow>F2023C</UIGlow>Participez à l'effort collectif<Indent/>!<UIGlow>01</UIGlow><UIForeground>01</UIForeground>","Tunnel de Piercingway 2<Indent/>: chantier en cours","Un second projet d'ouvrage collectif visant à construire un tunnel à travers la montagne est en cours<Indent/>! Merci de participer<Indent/>!","Le second projet d'ouvrage collectif vient d'être lancé 
pour la con<SoftHyphen/>struc<SoftHyphen/>tion du tunnel de Piercingway !","Searchingway",8,False,158,25,0,241015,0,0,0,0,0,2,3,4,6,7,0,0,0,0,0,0
30,"Tunnel de Piercingway<Indent/>: terminé
<UIForeground>F2023B</UIForeground><UIGlow>F2023C</UIGlow>Quartier libre<Indent/>!<UIGlow>01</UIGlow><UIForeground>01</UIForeground>","Tunnel de Piercingway<Indent/>: chantier terminé","La con<SoftHyphen/>struc<SoftHyphen/>tion du tunnel est terminée<Indent/>! L'exploration peut se poursuivre de l'autre côté de la montagne, merci de votre coopération<Indent/>!","La con<SoftHyphen/>struc<SoftHyphen/>tion du tunnel de Piercingway est terminée ! 
Un grand merci à tous les par<SoftHyphen/>ti<SoftHyphen/>ci<SoftHyphen/>pants !","Searchingway",9,False,158,26,0,241016,1408,18,8,6,0,2,3,4,6,7,0,0,0,0,0,0
31,"Cosmo-navette sud-ouest<Indent/>: coll. matériaux
<UIForeground>F2023B</UIForeground><UIGlow>F2023C</UIGlow>Participez aux missions cosmiques<Indent/>!<UIGlow>01</UIGlow><UIForeground>01</UIForeground>","Cosmo-navette sud-ouest<Indent/>: collecte des matériaux","Nous avons besoin de matériaux pour construire une cosmo-navette au sud-ouest<Indent/>! Merci de participer aux missions cosmiques<Indent/>!","Nous prévoyons de construire une nouvelle cosmo-navette au sud-ouest de la station ! 
Nous sommes en train de réunir les matériaux nécessaires !","Searchingway",9,False,158,27,0,241017,0,0,0,0,0,2,3,4,6,7,0,0,0,0,0,0
32,"Cosmo-navette sud-ouest<Indent/>: en cours
<UIForeground>F2023B</UIForeground><UIGlow>F2023C</UIGlow>Encore un peu de patience<Indent/>!<UIGlow>01</UIGlow><UIForeground>01</UIForeground>","Chantier en cours : Cosmo-navette sud-ouest","La fin du chantier pour la con<SoftHyphen/>struc<SoftHyphen/>tion de la cosmo-navette sud-ouest approche<Indent/>! Encore un peu de patience, et nous pourrons tous en profiter<Indent/>!","La fin du chantier pour la con<SoftHyphen/>struc<SoftHyphen/>tion de 
la cosmo-navette sud-ouest est prévue pour bientôt !","Searchingway",9,False,158,27,0,241017,1452,0,0,0,0,2,3,4,6,7,0,0,0,0,0,0
33,"Cosmo-navette sud-ouest<Indent/>: terminée
<UIForeground>F2023B</UIForeground><UIGlow>F2023C</UIGlow>Quartier libre<Indent/>!<UIGlow>01</UIGlow><UIForeground>01</UIForeground>","Cosmo-navette sud-ouest<Indent/>: chantier terminé","La con<SoftHyphen/>struc<SoftHyphen/>tion de la cosmo-navette sud-ouest est terminée ! L'exploration dans cette direction va s'accélérer, merci de votre coopération<Indent/>!","La con<SoftHyphen/>struc<SoftHyphen/>tion de la cosmo-navette sud-ouest est terminée ! 
Un grand merci à tous les par<SoftHyphen/>ti<SoftHyphen/>ci<SoftHyphen/>pants !","Searchingway",10,False,158,28,0,241018,1412,18,9,6,0,2,3,4,6,7,8,0,0,0,0,0
34,"Campement gamma<Indent/>: coll. matériaux
<UIForeground>F2023B</UIForeground><UIGlow>F2023C</UIGlow>Participez aux missions cosmiques<Indent/>!<UIGlow>01</UIGlow><UIForeground>01</UIForeground>","Campement gamma<Indent/>: collecte des matériaux","Nous avons besoin de matériaux pour agrandir la station sélénienne<Indent/>! Merci de participer aux missions cosmiques<Indent/>!","Nous comptons effectuer un nouvel agrandissement de la station sélénienne ! 
Nous sommes en train de réunir les matériaux nécessaires !","Searchingway",10,False,158,29,0,241019,0,0,0,0,0,2,3,4,6,7,8,0,0,0,0,0
35,"Campement gamma<Indent/>: préparation
<UIForeground>F2023B</UIForeground><UIGlow>F2023C</UIGlow>Tenez-vous prêts<Indent/>!<UIGlow>01</UIGlow><UIForeground>01</UIForeground>","Campement gamma<Indent/>: préparation du chantier","Un projet d'ouvrage collectif visant à agrandir la station sélénienne va bientôt commencer<Indent/>! Merci de participer<Indent/>!","Un projet d'ouvrage collectif va bientôt être lancé en vue 
d'agrandir un peu plus la station ! Venez nous filer un coup de main !","Searchingway",10,False,158,30,0,241019,1451,0,0,0,0,2,3,4,6,7,8,0,0,0,0,0
36,"Campement gamma<Indent/>: en cours
<UIForeground>F2023B</UIForeground><UIGlow>F2023C</UIGlow>Participez à l'effort collectif<Indent/>!<UIGlow>01</UIGlow><UIForeground>01</UIForeground>","Campement gamma<Indent/>: chantier en cours","Un projet d'ouvrage collectif visant à agrandir la station sélénienne est en cours<Indent/>! Merci de participer<Indent/>!","Un projet d'ouvrage collectif vient d'être lancé 
afin d'agrandir un peu plus la station !","Searchingway",10,False,158,31,0,241019,0,0,0,0,0,2,3,4,6,7,8,0,0,0,0,0
37,"Campement gamma<Indent/>: terminé
<UIForeground>F2023B</UIForeground><UIGlow>F2023C</UIGlow>Quartier libre<Indent/>!<UIGlow>01</UIGlow><UIForeground>01</UIForeground>","Campement gamma<Indent/>: chantier terminé","L'agrandissement de la station est terminé<Indent/>! L'exploration va de l'avant, merci de votre coopération<Indent/>!","L'agrandissement de la station est terminé ! 
Un grand merci à tous les par<SoftHyphen/>ti<SoftHyphen/>ci<SoftHyphen/>pants !","Searchingway",11,False,158,32,0,241020,1410,18,10,6,1,2,3,5,6,7,8,0,0,0,0,0
38,"Stations énerg./hydro.<Indent/>: coll. matériaux
<UIForeground>F2023B</UIForeground><UIGlow>F2023C</UIGlow>Participez aux missions cosmiques<Indent/>!<UIGlow>01</UIGlow><UIForeground>01</UIForeground>","Stations énergétique et hydropurificatrice<Indent/>: collecte des matériaux","Nous avons besoin de matériaux pour construire une centrale électrique et une station de purification d'eau<Indent/>! Merci de participer aux missions cosmiques<Indent/>!","Nous prévoyons de construire une centrale électrique et une station de 
purification d'eau ! Nous sommes en train de réunir les matériaux nécessaires !","Searchingway",11,False,158,33,0,241021,0,0,0,0,1,2,3,5,6,7,8,0,0,0,0,0
39,"Station énergétique<Indent/>: préparation
<UIForeground>F2023B</UIForeground><UIGlow>F2023C</UIGlow>Tenez-vous prêts<Indent/>!<UIGlow>01</UIGlow><UIForeground>01</UIForeground>","Station énergétique<Indent/>: préparation du chantier","Un projet d'ouvrage collectif visant à construire une centrale électrique va bientôt commencer<Indent/>! Merci de participer<Indent/>!","Un projet d'ouvrage collectif va bientôt être lancé pour la con<SoftHyphen/>struc<SoftHyphen/>tion 
d'une centrale électrique ! Venez nous filer un coup de main !","Searchingway",11,False,158,34,0,241021,1451,0,0,0,1,2,3,5,6,7,8,0,0,0,0,0
40,"Station énergétique<Indent/>: en cours
<UIForeground>F2023B</UIForeground><UIGlow>F2023C</UIGlow>Participez à l'effort collectif<Indent/>!<UIGlow>01</UIGlow><UIForeground>01</UIForeground>","Station énergétique<Indent/>: chantier en cours","Un projet d'ouvrage collectif visant à construire une centrale électrique est en cours<Indent/>! Merci de participer<Indent/>!","Un projet d'ouvrage collectif vient d'être lancé 
pour la con<SoftHyphen/>struc<SoftHyphen/>tion d'une centrale électrique !","Searchingway",11,False,158,35,0,241021,0,0,0,0,1,2,3,5,6,7,8,0,0,0,0,0
41,"Station hydropurificatrice<Indent/>: préparation
<UIForeground>F2023B</UIForeground><UIGlow>F2023C</UIGlow>Tenez-vous prêts<Indent/>!<UIGlow>01</UIGlow><UIForeground>01</UIForeground>","Station hydropurificatrice<Indent/>: préparation du chantier","Un projet d'ouvrage collectif visant à construire une station de purification d'eau va bientôt commencer<Indent/>! Merci de participer<Indent/>!","Un projet d'ouvrage collectif va bientôt être lancé pour la con<SoftHyphen/>struc<SoftHyphen/>tion 
d'une station de purification d'eau ! Venez nous filer un coup de main !","Searchingway",12,False,158,36,0,241022,1401,18,11,5,1,2,3,5,6,7,8,0,0,0,0,0
42,"Station hydropurificatrice<Indent/>: en cours
<UIForeground>F2023B</UIForeground><UIGlow>F2023C</UIGlow>Participez à l'effort collectif<Indent/>!<UIGlow>01</UIGlow><UIForeground>01</UIForeground>","Station hydropurificatrice<Indent/>: chantier en cours","Un projet d'ouvrage collectif visant à construire une station de purification d'eau est en cours<Indent/>! Merci de participer<Indent/>!","Un projet d'ouvrage collectif vient d'être lancé pour 
la con<SoftHyphen/>struc<SoftHyphen/>tion d'une station de purification d'eau !","Searchingway",12,False,158,36,0,241022,0,0,0,0,1,2,3,5,6,7,8,0,0,0,0,0
43,"Stations énergétique/hydropurificatrice<Indent/>: terminées
<UIForeground>F2023B</UIForeground><UIGlow>F2023C</UIGlow>Quartier libre<Indent/>!<UIGlow>01</UIGlow><UIForeground>01</UIForeground>","Stations énergétique et hydropurificatrice<Indent/>: chantiers terminés","La con<SoftHyphen/>struc<SoftHyphen/>tion de la centrale électrique et de la station de purification d'eau est terminée ! Nos besoins sont satisfaits, merci de votre coopération<Indent/>!","La con<SoftHyphen/>struc<SoftHyphen/>tion de la centrale électrique et de la station de 
purification d'eau est terminée ! Un grand merci à tous les par<SoftHyphen/>ti<SoftHyphen/>ci<SoftHyphen/>pants !","Searchingway",13,False,158,37,0,241023,1401,18,12,5,1,2,3,5,6,7,8,0,0,0,0,0
44,"Hangar gamma/cosmoport bêta<Indent/>: coll. matériaux
<UIForeground>F2023B</UIForeground><UIGlow>F2023C</UIGlow>Participez aux missions cosmiques<Indent/>!<UIGlow>01</UIGlow><UIForeground>01</UIForeground>","Hangar gamma et cosmoport bêta<Indent/>: collecte des matériaux","Nous avons besoin de matériaux pour agrandir le hangar et le cosmoport<Indent/>! Merci de participer aux missions cosmiques<Indent/>!","Nous prévoyons d'agrandir le hangar ainsi que le cosmoport ! 
Nous sommes en train de réunir les matériaux nécessaires !","Searchingway",13,False,158,38,0,241024,0,0,0,0,1,2,3,5,6,7,8,0,0,0,0,0
45,"Hangar gamma<Indent/>: préparation
<UIForeground>F2023B</UIForeground><UIGlow>F2023C</UIGlow>Tenez-vous prêts<Indent/>!<UIGlow>01</UIGlow><UIForeground>01</UIForeground>","Hangar gamma<Indent/>: préparation du chantier","Un projet d'ouvrage collectif visant à agrandir le hangar va bientôt commencer<Indent/>! Merci de participer<Indent/>!","Un projet d'ouvrage collectif va bientôt être lancé pour 
l'agrandissement du hangar ! Venez nous filer un coup de main !","Searchingway",13,False,158,39,0,241024,1451,0,0,0,1,2,3,5,6,7,8,0,0,0,0,0
46,"Hangar gamma<Indent/>: en cours
<UIForeground>F2023B</UIForeground><UIGlow>F2023C</UIGlow>Participez à l'effort collectif<Indent/>!<UIGlow>01</UIGlow><UIForeground>01</UIForeground>","Hangar gamma<Indent/>: chantier en cours","Un projet d'ouvrage collectif visant à agrandir le hangar est en cours<Indent/>! Merci de participer<Indent/>!","Un projet d'ouvrage collectif vient d'être lancé 
pour l'agrandissement du hangar !","Searchingway",13,False,158,40,0,241024,0,0,0,0,1,2,3,5,6,7,8,0,0,0,0,0
47,"Cosmoport bêta<Indent/>: préparation
<UIForeground>F2023B</UIForeground><UIGlow>F2023C</UIGlow>Tenez-vous prêts<Indent/>!<UIGlow>01</UIGlow><UIForeground>01</UIForeground>","Cosmoport bêta<Indent/>: préparation du chantier","Un projet d'ouvrage collectif visant à agrandir le cosmoport va bientôt commencer<Indent/>! Merci de participer<Indent/>!","Un projet d'ouvrage collectif va bientôt être lancé pour 
l'agrandissement du cosmoport ! Venez nous filer un coup de main !","Searchingway",14,False,158,41,0,241025,1402,18,13,5,1,2,3,5,6,7,8,0,0,0,0,0
48,"Cosmoport bêta<Indent/>: en cours
<UIForeground>F2023B</UIForeground><UIGlow>F2023C</UIGlow>Participez à l'effort collectif<Indent/>!<UIGlow>01</UIGlow><UIForeground>01</UIForeground>","Cosmoport bêta<Indent/>: chantier en cours","Un projet d'ouvrage collectif visant à agrandir le cosmoport est en cours<Indent/>! Merci de participer<Indent/>!","Un projet d'ouvrage collectif vient d'être lancé 
pour l'agrandissement du cosmoport !","Searchingway",14,False,158,41,0,241025,0,0,0,0,1,2,3,5,6,7,8,0,0,0,0,0
49,"Hangar gamma/cosmoport bêta<Indent/>: terminés
<UIForeground>F2023B</UIForeground><UIGlow>F2023C</UIGlow>Quartier libre<Indent/>!<UIGlow>01</UIGlow><UIForeground>01</UIForeground>","Hangar gamma et cosmoport bêta<Indent/>: chantiers terminés","L'agrandissement du hangar et du cosmoport est terminé<Indent/>! L'exploration spatiale se poursuit, merci de votre coopération<Indent/>!","L'agrandissement du hangar des mécanos cosmiques et 
du cosmoport est terminé ! Un grand merci à tous les par<SoftHyphen/>ti<SoftHyphen/>ci<SoftHyphen/>pants !","Searchingway",15,False,158,42,0,241026,1402,18,14,5,1,2,3,5,6,7,8,0,0,0,0,0
50,"Ascenseur nadiral<Indent/>: coll. matériaux
<UIForeground>F2023B</UIForeground><UIGlow>F2023C</UIGlow>Participez aux missions cosmiques<Indent/>!<UIGlow>01</UIGlow><UIForeground>01</UIForeground>","Ascenseur nadiral<Indent/>: collecte des matériaux","Nous avons besoin de matériaux pour construire un ascenseur souterrain<Indent/>! Merci de participer aux missions cosmiques<Indent/>!","Nous devons construire un ascenseur pour descendre dans les profondeurs 
de la lune ! Nous sommes en train de réunir les matériaux nécessaires !","Searchingway",15,False,158,43,0,241027,0,0,0,0,1,2,3,5,6,7,8,0,0,0,0,0
51,"Ascenseur nadiral 1<Indent/>: préparation
<UIForeground>F2023B</UIForeground><UIGlow>F2023C</UIGlow>Tenez-vous prêts<Indent/>!<UIGlow>01</UIGlow><UIForeground>01</UIForeground>","Ascenseur nadiral 1<Indent/>: préparation du chantier","Un premier projet d'ouvrage collectif visant à construire un ascenseur souterrain va bientôt commencer<Indent/>! Merci de participer<Indent/>!","Un premier projet d'ouvrage collectif va bientôt être lancé pour 
la con<SoftHyphen/>struc<SoftHyphen/>tion de l'ascenseur nadiral ! Venez nous filer un coup de main !","Searchingway",15,False,158,44,0,241027,1451,0,0,0,1,2,3,5,6,7,8,0,0,0,0,0
52,"Ascenseur nadiral 1<Indent/>: en cours
<UIForeground>F2023B</UIForeground><UIGlow>F2023C</UIGlow>Participez à l'effort collectif<Indent/>!<UIGlow>01</UIGlow><UIForeground>01</UIForeground>","Ascenseur nadiral 1<Indent/>: chantier en cours","Un premier projet d'ouvrage collectif visant à construire un ascenseur souterrain est en cours<Indent/>! Merci de participer<Indent/>!","Le premier projet d'ouvrage collectif vient d'être 
lancé pour la con<SoftHyphen/>struc<SoftHyphen/>tion de l'ascenseur nadiral !","Searchingway",15,False,158,45,0,241027,0,0,0,0,1,2,3,5,6,7,8,0,0,0,0,0
53,"Ascenseur nadiral 2<Indent/>: préparation
<UIForeground>F2023B</UIForeground><UIGlow>F2023C</UIGlow>Tenez-vous prêts<Indent/>!<UIGlow>01</UIGlow><UIForeground>01</UIForeground>","Ascenseur nadiral 2<Indent/>: préparation du chantier","Un second projet d'ouvrage collectif visant à construire un ascenseur souterrain va bientôt commencer<Indent/>! Merci de participer<Indent/>!","Un second projet d'ouvrage collectif va bientôt être lancé pour 
la con<SoftHyphen/>struc<SoftHyphen/>tion de l'ascenseur nadiral ! Venez nous filer un coup de main !","Searchingway",16,False,158,46,0,241028,1401,18,15,5,1,2,3,5,6,7,8,0,0,0,0,0
54,"Ascenseur nadiral 2<Indent/>: en cours
<UIForeground>F2023B</UIForeground><UIGlow>F2023C</UIGlow>Participez à l'effort collectif<Indent/>!<UIGlow>01</UIGlow><UIForeground>01</UIForeground>","Ascenseur nadiral 2<Indent/>: chantier en cours","Un second projet d'ouvrage collectif visant à construire un ascenseur souterrain est en cours<Indent/>! Merci de participer<Indent/>!","Le second projet d'ouvrage collectif vient d'être 
lancé pour la con<SoftHyphen/>struc<SoftHyphen/>tion de l'ascenseur nadiral !","Searchingway",16,False,158,46,0,241028,0,0,0,0,1,2,3,5,6,7,8,0,0,0,0,0
55,"Ascenseur nadiral<Indent/>: terminé
<UIForeground>F2023B</UIForeground><UIGlow>F2023C</UIGlow>Quartier libre<Indent/>!<UIGlow>01</UIGlow><UIForeground>01</UIForeground>","Ascenseur nadiral<Indent/>: chantier terminé","La con<SoftHyphen/>struc<SoftHyphen/>tion de l'ascenseur nadiral est terminée<Indent/>! L'exploration souterraine peut commencer, merci de votre coopération<Indent/>!","La con<SoftHyphen/>struc<SoftHyphen/>tion de l'ascenseur nadiral est terminée ! 
Un grand merci à tous les par<SoftHyphen/>ti<SoftHyphen/>ci<SoftHyphen/>pants !","Searchingway",17,False,158,47,0,241029,1411,18,16,6,1,2,3,5,6,7,8,0,0,0,0,0
56,"Cosmo-navette souterraine<Indent/>: coll. matériaux
<UIForeground>F2023B</UIForeground><UIGlow>F2023C</UIGlow>Participez aux missions cosmiques<Indent/>!<UIGlow>01</UIGlow><UIForeground>01</UIForeground>","Cosmo-navette souterraine<Indent/>: collecte des matériaux","Nous avons besoin de matériaux pour installer une cosmo-navette souterraine<Indent/>! Merci de participer aux missions cosmiques<Indent/>!","Nous prévoyons de construire une nouvelle cosmo-navette souterraine ! 
Nous sommes en train de réunir les matériaux nécessaires !","Searchingway",17,False,158,48,0,241030,0,0,0,0,1,2,3,5,6,7,8,0,0,0,0,0
57,"Cosmo-navette souterraine<Indent/>: en cours
<UIForeground>F2023B</UIForeground><UIGlow>F2023C</UIGlow>Encore un peu de patience<Indent/>!<UIGlow>01</UIGlow><UIForeground>01</UIForeground>","Cosmo-navette souterraine<Indent/>: chantier en cours","La fin du chantier pour la con<SoftHyphen/>struc<SoftHyphen/>tion de la cosmo-navette souterraine approche<Indent/>! Encore un peu de patience, et nous pourrons tous en profiter<Indent/>!","La fin du chantier pour la con<SoftHyphen/>struc<SoftHyphen/>tion de la 
cosmo-navette souterraine est prévue pour bientôt !","Searchingway",17,False,158,48,0,241030,1452,0,0,0,1,2,3,5,6,7,8,0,0,0,0,0
58,"Cosmo-navette souterraine<Indent/>: terminée
<UIForeground>F2023B</UIForeground><UIGlow>F2023C</UIGlow>Quartier libre<Indent/>!<UIGlow>01</UIGlow><UIForeground>01</UIForeground>","Cosmo-navette souterraine<Indent/>: chantier terminé","L'installation de la cosmo-navette souterraine est terminée<Indent/>! L'exploration avance idéalement, merci de votre coopération<Indent/>!","La con<SoftHyphen/>struc<SoftHyphen/>tion de la cosmo-navette souterraine 
est terminée ! Un grand merci à tous les par<SoftHyphen/>ti<SoftHyphen/>ci<SoftHyphen/>pants !","Searchingway",18,False,158,49,0,241031,1404,18,17,6,1,2,3,5,6,7,8,9,0,0,0,0
59,"Luna Hopopolis<Indent/>: coll. matériaux
<UIForeground>F2023B</UIForeground><UIGlow>F2023C</UIGlow>Participez aux missions cosmiques<Indent/>!<UIGlow>01</UIGlow><UIForeground>01</UIForeground>","Luna Hopopolis<Indent/>: collecte des matériaux","Nous avons besoin de matériaux pour agrandir encore davantage la station sélénienne<Indent/>! Merci de participer aux missions cosmiques<Indent/>!","Nous comptons effectuer encore un gros agrandissement de la station 
sélénienne ! Nous sommes en train de réunir les matériaux nécessaires !","Searchingway",18,False,158,50,0,241032,0,0,0,0,1,2,3,5,6,7,8,9,0,0,0,0
60,"Luna Hopopolis<Indent/>: préparation
<UIForeground>F2023B</UIForeground><UIGlow>F2023C</UIGlow>Tenez-vous prêts<Indent/>!<UIGlow>01</UIGlow><UIForeground>01</UIForeground>","Luna Hopopolis<Indent/>: préparation du chantier","Un projet d'ouvrage collectif visant à agrandir encore davantage la station sélénienne va bientôt commencer<Indent/>! Merci de participer<Indent/>!","Un projet d'ouvrage collectif va bientôt être lancé en vue 
d'agrandir encore plus la station ! Venez nous filer un coup de main !","Searchingway",18,False,158,51,0,241032,1451,0,0,0,1,2,3,5,6,7,8,9,0,0,0,0
61,"Luna Hopopolis<Indent/>: en cours
<UIForeground>F2023B</UIForeground><UIGlow>F2023C</UIGlow>Participez à l'effort collectif<Indent/>!<UIGlow>01</UIGlow><UIForeground>01</UIForeground>","Luna Hopopolis<Indent/>: chantier en cours","Un projet d'ouvrage collectif visant à agrandir encore davantage la station sélénienne est en cours<Indent/>! Merci de participer<Indent/>!","Un projet d'ouvrage collectif vient d'être lancé 
afin d'agrandir encore plus la station !","Searchingway",18,False,158,52,0,241032,0,0,0,0,1,2,3,5,6,7,8,9,0,0,0,0
62,"Luna Hopopolis<Indent/>: terminée
<UIForeground>F2023B</UIForeground><UIGlow>F2023C</UIGlow>Prenez un repos bien mérité<Indent/>!<UIGlow>01</UIGlow><UIForeground>01</UIForeground>","Luna Hopopolis<Indent/>: chantier terminé","Le nouvel agrandissement de la station sélénienne est terminé<Indent/>! Notre base est plus im<SoftHyphen/>pres<SoftHyphen/>sion<SoftHyphen/>nante que jamais, merci de votre coopération<Indent/>!","L'agrandissement de la station est terminé ! 
Un grand merci à tous les par<SoftHyphen/>ti<SoftHyphen/>ci<SoftHyphen/>pants !","Searchingway",19,False,158,53,0,241033,1403,18,18,6,1,2,3,5,6,7,8,9,0,0,0,0
63,"Développement de la station sélénienne terminé
<UIForeground>F2023B</UIForeground><UIGlow>F2023C</UIGlow>Vers l'infini, et au-delà<Indent/>!<UIGlow>01</UIGlow><UIForeground>01</UIForeground>","Développement de la station sélénienne terminé","Les infrastructures de la station sont toutes achevées<Indent/>! Le jour de notre départ de Sinus Ardorum approche<Indent/>! Fé<SoftHyphen/>li<SoftHyphen/>ci<SoftHyphen/>ta<SoftHyphen/>tions et merci à toutes et à tous<Indent/>!","Grâce aux efforts communs de tous, les différentes infrastructures prévues 
pour la station sélénienne sont enfin terminées ! Merci, merci, et encore merci !!!","Searchingway",19,False,158,54,0,241034,0,0,0,0,1,2,3,5,6,7,8,9,0,0,0,0
64,"Campement bêta<Indent/>: coll. matériaux
<UIForeground>F2023B</UIForeground><UIGlow>F2023C</UIGlow>Participez aux missions cosmiques<Indent/>!<UIGlow>01</UIGlow><UIForeground>01</UIForeground>","Campement bêta<Indent/>: collecte des matériaux","Nous avons besoin de matériaux pour agrandir la station<Indent/>! Merci de participer aux missions cosmiques<Indent/>!","Première étape, l'agrandissement de la station<Indent/>! 
Nous avons besoin de matériaux, votre aide est la bienvenue<Indent/>!","Searchingway",0,False,168,1,0,241035,0,0,0,0,2,3,4,0,0,0,0,0,0,0,0,0
65,"Campement bêta<Indent/>: préparation
<UIForeground>F2023B</UIForeground><UIGlow>F2023C</UIGlow>Tenez-vous prêts<Indent/>!<UIGlow>01</UIGlow><UIForeground>01</UIForeground>","Campement bêta<Indent/>: préparation du chantier","Un projet d'ouvrage collectif visant à agrandir la station va bientôt commencer<Indent/>! Merci de participer<Indent/>!","Un projet d'ouvrage collectif va bientôt être lancé en vue 
d'agrandir la station<Indent/>! Venez nous filer un coup de main<Indent/>!","Searchingway",0,False,168,1,0,241035,1451,0,0,0,2,3,4,0,0,0,0,0,0,0,0,0
66,"Campement bêta<Indent/>: en cours
<UIForeground>F2023B</UIForeground><UIGlow>F2023C</UIGlow>Participez à l'effort collectif<Indent/>!<UIGlow>01</UIGlow><UIForeground>01</UIForeground>","Campement bêta<Indent/>: chantier en cours","Un projet d'ouvrage collectif vient d'être lancé afin d'agrandir la station<Indent/>! Merci de participer<Indent/>! ","Un projet d'ouvrage collectif vient d'être lancé 
afin d'agrandir la station<Indent/>! Merci d'avance<Indent/>!","Searchingway",0,False,168,2,0,241035,0,0,0,0,2,3,4,0,0,0,0,0,0,0,0,0
67,"Campement bêta<Indent/>: terminé
<UIForeground>F2023B</UIForeground><UIGlow>F2023C</UIGlow>Quartier libre<Indent/>!<UIGlow>01</UIGlow><UIForeground>01</UIForeground>","Campement bêta<Indent/>: chantier terminé","L'agrandissement de la station est terminé<Indent/>! L'exploration spatiale continue, merci de votre coopération<Indent/>!","L'agrandissement de la station est terminé ! 
Un grand merci à tous les par<SoftHyphen/>ti<SoftHyphen/>ci<SoftHyphen/>pants !","Searchingway",1,False,168,3,0,241036,1478,126,0,6,2,3,4,0,0,0,0,0,0,0,0,0
68,"Cosmo-navette du pourtour<Indent/>: coll. matériaux
<UIForeground>F2023B</UIForeground><UIGlow>F2023C</UIGlow>Participez aux missions cosmiques<Indent/>!<UIGlow>01</UIGlow><UIForeground>01</UIForeground>","Cosmo-navette du pourtour de la station<Indent/>: collecte des matériaux","Nous avons besoin de matériaux pour installer un système de navettes<Indent/>! Merci de participer aux missions cosmiques<Indent/>!","Nous sommes en train de réunir les matériaux nécessaires 
à l'installation d'un système de navettes<Indent/>! Votre aide est la bienvenue<Indent/>!","Searchingway",1,False,168,4,0,241037,0,0,0,0,2,3,4,0,0,0,0,0,0,0,0,0
69,"Cosmo-navette du pourtour<Indent/>: préparation
<UIForeground>F2023B</UIForeground><UIGlow>F2023C</UIGlow>Tenez-vous prêts<Indent/>!<UIGlow>01</UIGlow><UIForeground>01</UIForeground>","Cosmo-navette du pourtour de la station<Indent/>: préparation du chantier","Un projet d'ouvrage collectif visant à installer un système de navettes va bientôt commencer<Indent/>! Merci de participer<Indent/>!","Un projet d'ouvrage collectif va bientôt être lancé pour 
la con<SoftHyphen/>struc<SoftHyphen/>tion de la cosmo-navette<Indent/>! On compte sur vous<Indent/>!","Searchingway",1,False,168,4,0,241037,1451,0,0,0,2,3,4,0,0,0,0,0,0,0,0,0
70,"Cosmo-navette du pourtour<Indent/>: en cours
<UIForeground>F2023B</UIForeground><UIGlow>F2023C</UIGlow>Participez à l'effort collectif<Indent/>!<UIGlow>01</UIGlow><UIForeground>01</UIForeground>","Cosmo-navette du pourtour de la station<Indent/>: chantier en cours","Un projet d'ouvrage collectif visant à installer un système de navettes est en cours<Indent/>! Merci de participer<Indent/>!","Un projet d'ouvrage collectif vient d'être lancé pour 
la con<SoftHyphen/>struc<SoftHyphen/>tion de la cosmo-navette<Indent/>! Merci d'avance<Indent/>!","Searchingway",1,False,168,4,0,241037,0,0,0,0,2,3,4,0,0,0,0,0,0,0,0,0
71,"Cosmo-navette du pourtour<Indent/>: terminée
<UIForeground>F2023B</UIForeground><UIGlow>F2023C</UIGlow>Quartier libre<Indent/>!<UIGlow>01</UIGlow><UIForeground>01</UIForeground>","Cosmo-navette du pourtour de la station<Indent/>: chantier terminé","L'installation du système de navettes est terminée<Indent/>! L'exploration va pouvoir se poursuivre à grande vitesse, merci de votre coopération<Indent/>!","La con<SoftHyphen/>struc<SoftHyphen/>tion de la cosmo-navette du pourtour 
de la station est terminée<Indent/>! Bravo à tous<Indent/>!","Searchingway",2,False,168,5,0,241038,1479,126,1,6,2,3,4,0,0,0,0,0,0,0,0,0
72,"Modules d'habitation<Indent/>: coll. matériaux
<UIForeground>F2023B</UIForeground><UIGlow>F2023C</UIGlow>Participez aux missions cosmiques<Indent/>!<UIGlow>01</UIGlow><UIForeground>01</UIForeground>","Modules d'habitation<Indent/>: collecte des matériaux","Nous avons besoin de matériaux pour construire des modules d'habitation<Indent/>! Merci de participer aux missions cosmiques<Indent/>!","Nous sommes en train de réunir les matériaux nécessaires à 
la con<SoftHyphen/>struc<SoftHyphen/>tion de modules d'habitation<Indent/>! Votre aide est la bienvenue<Indent/>!","Searchingway",2,False,168,6,0,241039,0,0,0,0,2,3,4,0,0,0,0,0,0,0,0,0
73,"Modules d'habitation<Indent/>: préparation
<UIForeground>F2023B</UIForeground><UIGlow>F2023C</UIGlow>Tenez-vous prêts<Indent/>!<UIGlow>01</UIGlow><UIForeground>01</UIForeground>","Modules d'habitation<Indent/>: préparation du chantier","Un projet d'ouvrage collectif visant à construire des modules d'habitation va bientôt commencer<Indent/>! Merci de participer<Indent/>!","Un projet d'ouvrage collectif va bientôt être lancé pour 
la con<SoftHyphen/>struc<SoftHyphen/>tion des modules d'habitation<Indent/>! On compte sur vous<Indent/>!","Searchingway",2,False,168,6,0,241039,1451,0,0,0,2,3,4,0,0,0,0,0,0,0,0,0
74,"Modules d'habitation<Indent/>: en cours
<UIForeground>F2023B</UIForeground><UIGlow>F2023C</UIGlow>Participez à l'effort collectif<Indent/>!<UIGlow>01</UIGlow><UIForeground>01</UIForeground>","Modules d'habitation<Indent/>: chantier en cours","Un projet d'ouvrage collectif visant à construire des modules d'habitation est en cours<Indent/>! Merci de participer<Indent/>!","Un projet d'ouvrage collectif vient d'être lancé pour 
la con<SoftHyphen/>struc<SoftHyphen/>tion des modules d'habitation<Indent/>! Merci d'avance<Indent/>!","Searchingway",2,False,168,6,0,241039,0,0,0,0,2,3,4,0,0,0,0,0,0,0,0,0
75,"Modules d'habitation<Indent/>: terminés
<UIForeground>F2023B</UIForeground><UIGlow>F2023C</UIGlow>Quartier libre<Indent/>!<UIGlow>01</UIGlow><UIForeground>01</UIForeground>","Modules d'habitation<Indent/>: chantier terminé","Les modules d'habitation sont terminés<Indent/>! Les conditions de vie à la station vont s'améliorer, merci de votre coopération<Indent/>!","La con<SoftHyphen/>struc<SoftHyphen/>tion des modules d'habitation 
est terminée<Indent/>! Bravo à tous<Indent/>!","Searchingway",3,False,168,7,0,241040,1402,126,2,5,2,3,4,0,0,0,0,0,0,0,0,0
76,"Stations énerg./hydro.<Indent/>: coll. matériaux
<UIForeground>F2023B</UIForeground><UIGlow>F2023C</UIGlow>Participez aux missions cosmiques<Indent/>!<UIGlow>01</UIGlow><UIForeground>01</UIForeground>","Stations énergétique et hydropurificatrice<Indent/>: collecte des matériaux","Nous avons besoin de matériaux pour construire une centrale électrique et une station de purification d'eau<Indent/>! Merci de participer aux missions cosmiques<Indent/>!","Nous prévoyons de construire une centrale électrique et une station de 
purification d'eau<Indent/>! Nous sommes en train de réunir les matériaux nécessaires<Indent/>!","Searchingway",3,False,168,8,0,241041,0,0,0,0,2,3,4,0,0,0,0,0,0,0,0,0
77,"Station énergétique<Indent/>: préparation
<UIForeground>F2023B</UIForeground><UIGlow>F2023C</UIGlow>Tenez-vous prêts<Indent/>!<UIGlow>01</UIGlow><UIForeground>01</UIForeground>","Station énergétique<Indent/>: préparation du chantier","Un projet d'ouvrage collectif visant à construire une centrale électrique va bientôt commencer<Indent/>! Merci de participer<Indent/>!","Un projet d'ouvrage collectif va bientôt être lancé pour la con<SoftHyphen/>struc<SoftHyphen/>tion 
d'une centrale électrique<Indent/>! Venez nous filer un coup de main<Indent/>!","Searchingway",3,False,168,8,0,241041,1451,0,0,0,2,3,4,0,0,0,0,0,0,0,0,0
78,"Station énergétique<Indent/>: en cours
<UIForeground>F2023B</UIForeground><UIGlow>F2023C</UIGlow>Participez à l'effort collectif<Indent/>!<UIGlow>01</UIGlow><UIForeground>01</UIForeground>","Station énergétique<Indent/>: chantier en cours","Un projet d'ouvrage collectif visant à construire une centrale électrique est en cours<Indent/>! Merci de participer<Indent/>!","Un projet d'ouvrage collectif vient d'être lancé pour la 
con<SoftHyphen/>struc<SoftHyphen/>tion d'une centrale électrique<Indent/>! Merci d'avance<Indent/>!","Searchingway",3,False,168,8,0,241041,0,0,0,0,2,3,4,0,0,0,0,0,0,0,0,0
79,"Station hydropurificatrice<Indent/>: préparation
<UIForeground>F2023B</UIForeground><UIGlow>F2023C</UIGlow>Tenez-vous prêts<Indent/>!<UIGlow>01</UIGlow><UIForeground>01</UIForeground>","Station hydropurificatrice<Indent/>: préparation du chantier","Un projet d'ouvrage collectif visant à construire une station de purification d'eau va bientôt commencer<Indent/>! Merci de participer<Indent/>!","Un projet d'ouvrage collectif va bientôt être lancé pour la con<SoftHyphen/>struc<SoftHyphen/>tion 
d'une station de purification d'eau<Indent/>! Venez nous filer un coup de main<Indent/>!","Searchingway",4,False,168,9,0,241042,1401,126,3,5,2,3,4,0,0,0,0,0,0,0,0,0
80,"Station hydropurificatrice<Indent/>: en cours
<UIForeground>F2023B</UIForeground><UIGlow>F2023C</UIGlow>Participez à l'effort collectif<Indent/>!<UIGlow>01</UIGlow><UIForeground>01</UIForeground>","Station hydropurificatrice<Indent/>: chantier en cours","Un projet d'ouvrage collectif visant à construire une station de purification d'eau est en cours<Indent/>! Merci de participer<Indent/>!","Un projet d'ouvrage collectif vient d'être lancé pour la con<SoftHyphen/>struc<SoftHyphen/>tion 
d'une station de purification d'eau<Indent/>! Merci d'avance<Indent/>!","Searchingway",4,False,168,9,0,241042,0,0,0,0,2,3,4,0,0,0,0,0,0,0,0,0
81,"Stations énergétique/hydropurificatrice<Indent/>: terminées
<UIForeground>F2023B</UIForeground><UIGlow>F2023C</UIGlow>Quartier libre<Indent/>!<UIGlow>01</UIGlow><UIForeground>01</UIForeground>","Stations énergétique et hydropurificatrice<Indent/>: chantiers terminés","La con<SoftHyphen/>struc<SoftHyphen/>tion de la centrale électrique et de la station de purification d'eau est terminée<Indent/>! Nos besoins sont satisfaits, merci de votre coopération<Indent/>!","La con<SoftHyphen/>struc<SoftHyphen/>tion de la centrale électrique et de la station de 
purification d'eau est terminée<Indent/>! Bravo à tous les par<SoftHyphen/>ti<SoftHyphen/>ci<SoftHyphen/>pants<Indent/>!","Searchingway",5,False,168,10,0,241043,1402,126,4,5,2,3,4,0,0,0,0,0,0,0,0,0
82,"Hangar bêta<Indent/>: coll. matériaux
<UIForeground>F2023B</UIForeground><UIGlow>F2023C</UIGlow>Participez aux missions cosmiques<Indent/>!<UIGlow>01</UIGlow><UIForeground>01</UIForeground>","Hangar bêta<Indent/>: collecte des matériaux","Nous avons besoin de matériaux pour agrandir le hangar des machines<Indent/>! Merci de participer aux missions cosmiques<Indent/>!","Nous projetons d'agrandir le hangar des machines ! 
Aidez-nous à réunir les matériaux nécessaires<Indent/>!","Searchingway",5,False,168,11,0,241044,0,0,0,0,2,3,4,0,0,0,0,0,0,0,0,0
83,"Hangar bêta<Indent/>: préparation
<UIForeground>F2023B</UIForeground><UIGlow>F2023C</UIGlow>Tenez-vous prêts<Indent/>!<UIGlow>01</UIGlow><UIForeground>01</UIForeground>","Hangar bêta<Indent/>: préparation du chantier","Un projet d'ouvrage collectif visant à agrandir le hangar des machines va bientôt commencer<Indent/>! Merci de participer<Indent/>!","Un projet d'ouvrage collectif va bientôt être lancé pour 
l'agrandissement du hangar ! Venez nous filer un coup de main !","Searchingway",5,False,168,11,0,241044,1451,0,0,0,2,3,4,0,0,0,0,0,0,0,0,0
84,"Hangar bêta<Indent/>: en cours
<UIForeground>F2023B</UIForeground><UIGlow>F2023C</UIGlow>Participez à l'effort collectif<Indent/>!<UIGlow>01</UIGlow><UIForeground>01</UIForeground>","Hangar bêta<Indent/>: chantier en cours","Un projet d'ouvrage collectif visant à agrandir le hangar des machines est en cours<Indent/>! Merci de participer<Indent/>!","Un projet d'ouvrage collectif vient d'être lancé 
pour l'agrandissement du hangar ! Merci d'avance<Indent/>!","Searchingway",5,False,168,11,0,241044,0,0,0,0,2,3,4,0,0,0,0,0,0,0,0,0
85,"Hangar bêta<Indent/>: terminé
<UIForeground>F2023B</UIForeground><UIGlow>F2023C</UIGlow>Quartier libre<Indent/>!<UIGlow>01</UIGlow><UIForeground>01</UIForeground>","Hangar bêta<Indent/>: chantier terminé","L'agrandissement du hangar est terminé ! Les machines seront maintenant plus à l'aise, merci de votre coopération<Indent/>!","L'agrandissement du hangar est terminé ! 
Bravo à tous les par<SoftHyphen/>ti<SoftHyphen/>ci<SoftHyphen/>pants !","Searchingway",6,False,168,12,0,241045,1402,126,5,5,2,3,4,0,0,0,0,0,0,0,0,0
86,"Cosmo-navette des plaines<Indent/>: coll. matériaux
<UIForeground>F2023B</UIForeground><UIGlow>F2023C</UIGlow>Participez aux missions cosmiques<Indent/>!<UIGlow>01</UIGlow><UIForeground>01</UIForeground>","Cosmo-navette des plaines<Indent/>: collecte des matériaux","Nous avons besoin de matériaux pour construire la cosmo-navette des plaines<Indent/>! Merci de participer aux missions cosmiques<Indent/>!","Nous prévoyons de construire une nouvelle cosmo-navette du nord-ouest au 
sud de la station ! Nous sommes en train de réunir les matériaux nécessaires !","Searchingway",6,False,168,13,0,241046,0,0,0,0,2,3,4,0,0,0,0,0,0,0,0,0
87,"Cosmo-navette des plaines<Indent/>: en cours
<UIForeground>F2023B</UIForeground><UIGlow>F2023C</UIGlow>Encore un peu de patience<Indent/>!<UIGlow>01</UIGlow><UIForeground>01</UIForeground>","Cosmo-navette des plaines<Indent/>: chantier en cours","La fin du chantier pour la con<SoftHyphen/>struc<SoftHyphen/>tion de la cosmo-navette des plaines approche<Indent/>! Encore un peu de patience, et nous pourrons tous en profiter<Indent/>!","La fin du chantier pour la con<SoftHyphen/>struc<SoftHyphen/>tion de la cosmo-navette 
des plaines est prévue pour bientôt !","Searchingway",6,False,168,13,0,241046,1452,0,0,0,2,3,4,0,0,0,0,0,0,0,0,0
88,"Cosmo-navette des plaines<Indent/>: terminée
<UIForeground>F2023B</UIForeground><UIGlow>F2023C</UIGlow>Quartier libre<Indent/>!<UIGlow>01</UIGlow><UIForeground>01</UIForeground>","Cosmo-navette des plaines<Indent/>: chantier terminé","La con<SoftHyphen/>struc<SoftHyphen/>tion de la cosmo-navette des plaines est terminée ! L'exploration dans cette direction va s'accélérer, merci de votre coopération<Indent/>!","La con<SoftHyphen/>struc<SoftHyphen/>tion de la cosmo-navette des plaines est terminée ! 
Un grand merci à tous les par<SoftHyphen/>ti<SoftHyphen/>ci<SoftHyphen/>pants !","Searchingway",7,False,168,14,0,241047,1480,126,6,6,2,3,4,5,6,7,0,0,0,0,0,0
89,"Grues d'application<Indent/>: coll. matériaux
<UIForeground>F2023B</UIForeground><UIGlow>F2023C</UIGlow>Participez aux missions cosmiques<Indent/>!<UIGlow>01</UIGlow><UIForeground>01</UIForeground>","Grues d'application<Indent/>: collecte des matériaux","Nous avons besoin de matériaux pour construire des grues d'application<Indent/>! Merci de participer aux missions cosmiques<Indent/>!","Nous allons construire des grues pour explorer le gouffre 
aux Capsules<Indent/>! On compte sur vous pour les matériaux<Indent/>!","Searchingway",7,False,168,15,0,241048,0,0,0,0,2,3,4,5,6,7,0,0,0,0,0,0
90,"Grues supérieures<Indent/>: préparation
<UIForeground>F2023B</UIForeground><UIGlow>F2023C</UIGlow>Tenez-vous prêts<Indent/>!<UIGlow>01</UIGlow><UIForeground>01</UIForeground>","Grues supérieures<Indent/>: préparation du chantier","Un premier projet d'ouvrage collectif visant à installer des grues d'application va bientôt commencer<Indent/>! Merci de participer<Indent/>!","Un premier projet d'ouvrage collectif va bientôt être lancé 
pour installer des grues ! Venez nous filer un coup de main !","Searchingway",7,False,168,15,0,241048,1451,0,0,0,2,3,4,5,6,7,0,0,0,0,0,0
91,"Grues supérieures<Indent/>: en cours
<UIForeground>F2023B</UIForeground><UIGlow>F2023C</UIGlow>Participez à l'effort collectif<Indent/>!<UIGlow>01</UIGlow><UIForeground>01</UIForeground>","Grues supérieures<Indent/>: chantier en cours","Un premier projet d'ouvrage collectif vient d'être lancé afin d'installer des grues d'application<Indent/>! Merci de participer<Indent/>!","Un premier projet d'ouvrage collectif vient d'être 
lancé afin d'installer des grues<Indent/>! Merci d'avance<Indent/>!","Searchingway",7,False,168,15,0,241048,0,0,0,0,2,3,4,5,6,7,0,0,0,0,0,0
92,"Grues inférieures<Indent/>: préparation
<UIForeground>F2023B</UIForeground><UIGlow>F2023C</UIGlow>Tenez-vous prêts<Indent/>!<UIGlow>01</UIGlow><UIForeground>01</UIForeground>","Grues inférieures<Indent/>: préparation du chantier","Un second projet d'ouvrage collectif visant à installer des grues d'application va bientôt commencer<Indent/>! Merci de participer<Indent/>!","Un second projet d'ouvrage collectif va bientôt être lancé 
pour installer des grues ! Venez nous filer un coup de main !","Searchingway",8,False,168,16,0,241049,1401,126,7,5,2,3,4,5,6,7,0,0,0,0,0,0
93,"Grues inférieures<Indent/>: en cours
<UIForeground>F2023B</UIForeground><UIGlow>F2023C</UIGlow>Participez à l'effort collectif<Indent/>!<UIGlow>01</UIGlow><UIForeground>01</UIForeground>","Grues inférieures<Indent/>: chantier en cours","Un second projet d'ouvrage collectif vient d'être lancé afin d'installer des grues d'application<Indent/>! Merci de participer<Indent/>!","Un second projet d'ouvrage collectif vient d'être 
lancé afin d'installer des grues<Indent/>! Merci d'avance<Indent/>!","Searchingway",8,False,168,16,0,241049,0,0,0,0,2,3,4,5,6,7,0,0,0,0,0,0
94,"Grues d'application<Indent/>: terminées
<UIForeground>F2023B</UIForeground><UIGlow>F2023C</UIGlow>Quartier libre<Indent/>!<UIGlow>01</UIGlow><UIForeground>01</UIForeground>","Grues d'application<Indent/>: chantier terminé","Le chantier d'installation des grues d'application est terminé<Indent/>! L'exploration du gouffre aux Capsules va avancer, merci de votre coopération<Indent/>!","L'installation des grues d'application est terminée<Indent/>! 
Bravo et merci à tous<Indent/>!","Searchingway",9,False,168,17,0,241050,1481,126,8,6,2,3,4,5,6,7,0,0,0,0,0,0
95,"Cosmo-navette du gouffre<Indent/>: coll. matériaux
<UIForeground>F2023B</UIForeground><UIGlow>F2023C</UIGlow>Participez aux missions cosmiques<Indent/>!<UIGlow>01</UIGlow><UIForeground>01</UIForeground>","Cosmo-navette du gouffre<Indent/>: collecte des matériaux","Nous avons besoin de matériaux pour construire la cosmo-navette du gouffre<Indent/>! Merci de participer aux missions cosmiques<Indent/>!","Nous prévoyons de construire une cosmo-navette près du gouffre aux Capsules ! 
Nous sommes en train de réunir les matériaux nécessaires !","Searchingway",9,False,168,18,0,241051,0,0,0,0,2,3,4,5,6,7,0,0,0,0,0,0
96,"Cosmo-navette du gouffre<Indent/>: en cours
<UIForeground>F2023B</UIForeground><UIGlow>F2023C</UIGlow>Encore un peu de patience<Indent/>!<UIGlow>01</UIGlow><UIForeground>01</UIForeground>","Cosmo-navette du gouffre<Indent/>: chantier en cours","La fin du chantier pour la con<SoftHyphen/>struc<SoftHyphen/>tion de la cosmo-navette du gouffre approche<Indent/>! Encore un peu de patience, et nous pourrons tous en profiter<Indent/>!","La fin du chantier pour la con<SoftHyphen/>struc<SoftHyphen/>tion de la cosmo-navette 
du gouffre est prévue pour bientôt !","Searchingway",9,False,168,18,0,241051,1452,0,0,0,2,3,4,5,6,7,0,0,0,0,0,0
97,"Cosmo-navette du gouffre<Indent/>: terminée
<UIForeground>F2023B</UIForeground><UIGlow>F2023C</UIGlow>Quartier libre<Indent/>!<UIGlow>01</UIGlow><UIForeground>01</UIForeground>","Cosmo-navette du gouffre<Indent/>: chantier terminé","La con<SoftHyphen/>struc<SoftHyphen/>tion de la cosmo-navette du gouffre est terminée ! L'exploration dans cette direction va s'accélérer, merci de votre coopération<Indent/>!","La con<SoftHyphen/>struc<SoftHyphen/>tion de la cosmo-navette du gouffre est terminée ! 
Un grand merci à tous les par<SoftHyphen/>ti<SoftHyphen/>ci<SoftHyphen/>pants !","Searchingway",10,False,168,19,0,241052,1482,126,9,6,2,3,4,5,6,7,0,0,0,0,0,0
98,"Campement gamma<Indent/>: coll. matériaux
<UIForeground>F2023B</UIForeground><UIGlow>F2023C</UIGlow>Participez aux missions cosmiques<Indent/>!<UIGlow>01</UIGlow><UIForeground>01</UIForeground>","Campement gamma<Indent/>: collecte des matériaux","Nous avons besoin de matériaux pour agrandir la station Souffleverre<Indent/>! Merci de participer aux missions cosmiques<Indent/>!","Nous comptons effectuer un nouvel agrandissement de la station 
Souffleverre<Indent/>! Nous sommes en train de réunir les matériaux nécessaires<Indent/>!","Searchingway",10,False,168,20,0,241053,0,0,0,0,2,3,4,5,6,7,0,0,0,0,0,0
99,"Campement gamma<Indent/>: préparation
<UIForeground>F2023B</UIForeground><UIGlow>F2023C</UIGlow>Tenez-vous prêts<Indent/>!<UIGlow>01</UIGlow><UIForeground>01</UIForeground>","Campement gamma<Indent/>: préparation du chantier","Un projet d'ouvrage collectif visant à agrandir davantage la station Souffleverre va bientôt commencer<Indent/>! Merci de participer<Indent/>!","Un projet d'ouvrage collectif va bientôt être lancé en vue d'agrandir 
un peu plus la station<Indent/>! Venez nous filer un coup de main<Indent/>!","Searchingway",10,False,168,20,0,241053,1451,0,0,0,2,3,4,5,6,7,0,0,0,0,0,0
100,"Campement gamma<Indent/>: en cours
<UIForeground>F2023B</UIForeground><UIGlow>F2023C</UIGlow>Participez à l'effort collectif<Indent/>!<UIGlow>01</UIGlow><UIForeground>01</UIForeground>","Campement gamma<Indent/>: chantier en cours","Un projet d'ouvrage collectif visant à agrandir davantage la station Souffleverre est en cours<Indent/>! Merci de participer<Indent/>!","Un projet d'ouvrage collectif vient d'être lancé afin 
d'agrandir un peu plus la station<Indent/>! Merci d'avance<Indent/>!","Searchingway",10,False,168,20,0,241053,0,0,0,0,2,3,4,5,6,7,0,0,0,0,0,0
101,"Campement gamma<Indent/>: terminé
<UIForeground>F2023B</UIForeground><UIGlow>F2023C</UIGlow>Quartier libre<Indent/>!<UIGlow>01</UIGlow><UIForeground>01</UIForeground>","Campement gamma<Indent/>: chantier terminé","L'agrandissement de la station est terminé<Indent/>! L'exploration va de l'avant, merci de votre coopération<Indent/>!","L'agrandissement de la station est terminé<Indent/>! 
Un grand merci à tous les par<SoftHyphen/>ti<SoftHyphen/>ci<SoftHyphen/>pants<Indent/>!","Searchingway",11,False,168,21,0,241054,1483,126,10,6,1,3,4,5,6,7,0,0,0,0,0,0
102,"Hangar gamma<Indent/>: coll. matériaux
<UIForeground>F2023B</UIForeground><UIGlow>F2023C</UIGlow>Participez aux missions cosmiques<Indent/>!<UIGlow>01</UIGlow><UIForeground>01</UIForeground>","Hangar gamma<Indent/>: collecte des matériaux","Nous avons besoin de matériaux pour agrandir davantage le hangar des machines<Indent/>! Merci de participer aux missions cosmiques<Indent/>!","Nous projetons d'agrandir davantage le hangar des 
machines<Indent/>! Aidez-nous à réunir les matériaux nécessaires<Indent/>!","Searchingway",11,False,168,22,0,241055,0,0,0,0,1,3,4,5,6,7,0,0,0,0,0,0
103,"Hangar gamma<Indent/>: préparation
<UIForeground>F2023B</UIForeground><UIGlow>F2023C</UIGlow>Tenez-vous prêts<Indent/>!<UIGlow>01</UIGlow><UIForeground>01</UIForeground>","Hangar gamma<Indent/>: préparation du chantier","Un projet d'ouvrage collectif visant à agrandir davantage le hangar des machines va bientôt commencer<Indent/>! Merci de participer<Indent/>!","Un projet d'ouvrage collectif va bientôt être lancé pour 
l'agrandissement du hangar<Indent/>! Venez nous filer un coup de main<Indent/>!","Searchingway",11,False,168,22,0,241055,1451,0,0,0,1,3,4,5,6,7,0,0,0,0,0,0
104,"Hangar gamma<Indent/>: en cours
<UIForeground>F2023B</UIForeground><UIGlow>F2023C</UIGlow>Participez à l'effort collectif<Indent/>!<UIGlow>01</UIGlow><UIForeground>01</UIForeground>","Hangar gamma<Indent/>: chantier en cours","Un projet d'ouvrage collectif visant à agrandir davantage le hangar des machines est en cours<Indent/>! Merci de participer<Indent/>!","Un projet d'ouvrage collectif vient d'être lancé 
pour l'agrandissement du hangar<Indent/>! Merci d'avance<Indent/>!","Searchingway",11,False,168,22,0,241055,0,0,0,0,1,3,4,5,6,7,0,0,0,0,0,0
105,"Hangar gamma<Indent/>: terminé
<UIForeground>F2023B</UIForeground><UIGlow>F2023C</UIGlow>Quartier libre<Indent/>!<UIGlow>01</UIGlow><UIForeground>01</UIForeground>","Hangar gamma<Indent/>: chantier terminé","Le nouvel agrandissement du hangar est terminé<Indent/>! Les machines seront maintenant plus à l'aise, merci de votre coopération<Indent/>!","L'agrandissement du hangar est terminé<Indent/>! 
Bravo à tous les par<SoftHyphen/>ti<SoftHyphen/>ci<SoftHyphen/>pants<Indent/>!","Searchingway",12,False,168,23,0,241056,1402,126,11,5,1,3,4,5,6,7,0,0,0,0,0,0
106,"Cosmoport bêta<Indent/>: coll. matériaux
<UIForeground>F2023B</UIForeground><UIGlow>F2023C</UIGlow>Participez aux missions cosmiques<Indent/>!<UIGlow>01</UIGlow><UIForeground>01</UIForeground>","Cosmoport bêta<Indent/>: collecte des matériaux","Nous avons besoin de matériaux pour agrandir le cosmoport<Indent/>! Merci de participer aux missions cosmiques<Indent/>!","Nous projetons d'agrandir le cosmoport<Indent/>! 
Aidez-nous à réunir les matériaux nécessaires<Indent/>!","Searchingway",12,False,168,24,0,241057,0,0,0,0,1,3,4,5,6,7,0,0,0,0,0,0
107,"Cosmoport bêta<Indent/>: préparation
<UIForeground>F2023B</UIForeground><UIGlow>F2023C</UIGlow>Tenez-vous prêts<Indent/>!<UIGlow>01</UIGlow><UIForeground>01</UIForeground>","Cosmoport bêta<Indent/>: préparation du chantier","Un projet d'ouvrage collectif visant à agrandir le cosmoport va bientôt commencer<Indent/>! Merci de participer<Indent/>!","Un projet d'ouvrage collectif va bientôt être lancé pour 
l'agrandissement du cosmoport ! Venez nous filer un coup de main !","Searchingway",12,False,168,24,0,241057,1451,0,0,0,1,3,4,5,6,7,0,0,0,0,0,0
108,"Cosmoport bêta<Indent/>: en cours
<UIForeground>F2023B</UIForeground><UIGlow>F2023C</UIGlow>Participez à l'effort collectif<Indent/>!<UIGlow>01</UIGlow><UIForeground>01</UIForeground>","Cosmoport bêta<Indent/>: chantier en cours","Un projet d'ouvrage collectif visant à agrandir le cosmoport est en cours<Indent/>! Merci de participer<Indent/>!","Un projet d'ouvrage collectif vient d'être lancé pour 
l'agrandissement du cosmoport ! Merci d'avance<Indent/>!","Searchingway",12,False,168,24,0,241057,0,0,0,0,1,3,4,5,6,7,0,0,0,0,0,0
109,"Cosmoport bêta<Indent/>: terminé
<UIForeground>F2023B</UIForeground><UIGlow>F2023C</UIGlow>Quartier libre<Indent/>!<UIGlow>01</UIGlow><UIForeground>01</UIForeground>","Cosmoport bêta<Indent/>: chantier terminé","L'agrandissement du cosmoport est terminé<Indent/>! Nous allons pouvoir viser des planètes encore plus lointaines, merci de votre coopération<Indent/>!","L'agrandissement du cosmoport est terminé<Indent/>! 
Bravo à tous les par<SoftHyphen/>ti<SoftHyphen/>ci<SoftHyphen/>pants<Indent/>!","Searchingway",13,False,168,25,0,241058,1402,126,12,5,1,3,4,5,6,7,0,0,0,0,0,0
110,"Méga panneaux solaires<Indent/>: coll. matériaux
<UIForeground>F2023B</UIForeground><UIGlow>F2023C</UIGlow>Participez aux missions cosmiques<Indent/>!<UIGlow>01</UIGlow><UIForeground>01</UIForeground>","Méga panneaux solaires<Indent/>: collecte des matériaux","Nous avons besoin de matériaux pour installer des méga panneaux solaires<Indent/>! Merci de participer aux missions cosmiques<Indent/>!","Nous allons installer des méga panneaux solaires<Indent/>! 
On compte sur vous pour les matériaux<Indent/>!","Searchingway",13,False,168,26,0,241059,0,0,0,0,1,3,4,5,6,7,0,0,0,0,0,0
111,"Méga panneaux solaires 1<Indent/>: préparation
<UIForeground>F2023B</UIForeground><UIGlow>F2023C</UIGlow>Tenez-vous prêts<Indent/>!<UIGlow>01</UIGlow><UIForeground>01</UIForeground>","Méga panneaux solaires 1<Indent/>: préparation du chantier","Un premier projet d'ouvrage collectif visant à installer des méga panneaux solaires va bientôt commencer<Indent/>! Merci de participer<Indent/>!","Un premier projet d'ouvrage collectif va bientôt être lancé pour 
installer des panneaux solaires ! Venez nous filer un coup de main !","Searchingway",13,False,168,26,0,241059,1451,0,0,0,1,3,4,5,6,7,0,0,0,0,0,0
112,"Méga panneaux solaires 1<Indent/>: en cours
<UIForeground>F2023B</UIForeground><UIGlow>F2023C</UIGlow>Participez à l'effort collectif<Indent/>!<UIGlow>01</UIGlow><UIForeground>01</UIForeground>","Méga panneaux solaires 1<Indent/>: chantier en cours","Un premier projet d'ouvrage collectif vient d'être lancé afin d'installer des méga panneaux solaires<Indent/>! Merci de participer<Indent/>!","Un premier projet d'ouvrage collectif vient d'être lancé 
afin d'installer des panneaux solaires<Indent/>! Merci d'avance<Indent/>!","Searchingway",13,False,168,26,0,241059,0,0,0,0,1,3,4,5,6,7,0,0,0,0,0,0
113,"Méga panneaux solaires 2<Indent/>: préparation
<UIForeground>F2023B</UIForeground><UIGlow>F2023C</UIGlow>Tenez-vous prêts<Indent/>!<UIGlow>01</UIGlow><UIForeground>01</UIForeground>","Méga panneaux solaires 2<Indent/>: préparation du chantier","Un second projet d'ouvrage collectif visant à installer des méga panneaux solaires va bientôt commencer<Indent/>! Merci de participer<Indent/>!","Un second projet d'ouvrage collectif va bientôt être lancé pour 
installer des panneaux solaires ! Venez nous filer un coup de main !","Searchingway",14,False,168,27,0,241060,1401,126,13,5,1,3,4,5,6,7,0,0,0,0,0,0
114,"Méga panneaux solaires 2<Indent/>: en cours
<UIForeground>F2023B</UIForeground><UIGlow>F2023C</UIGlow>Participez à l'effort collectif<Indent/>!<UIGlow>01</UIGlow><UIForeground>01</UIForeground>","Méga panneaux solaires 2<Indent/>: chantier en cours","Un second projet d'ouvrage collectif vient d'être lancé afin d'installer des méga panneaux solaires<Indent/>! Merci de participer<Indent/>!","Un second projet d'ouvrage collectif vient d'être lancé 
afin d'installer des panneaux solaires<Indent/>! Merci d'avance<Indent/>!","Searchingway",14,False,168,27,0,241060,0,0,0,0,1,3,4,5,6,7,0,0,0,0,0,0
115,"Méga panneaux solaires<Indent/>: terminés
<UIForeground>F2023B</UIForeground><UIGlow>F2023C</UIGlow>Quartier libre<Indent/>!<UIGlow>01</UIGlow><UIForeground>01</UIForeground>","Méga panneaux solaires<Indent/>: chantier terminé","Le chantier d'installation des méga panneaux solaires est terminé<Indent/>! On va avoir toute l'énergie dont on a besoin, merci de votre coopération<Indent/>!","L'installation des méga panneaux solaires 
est terminée<Indent/>! Bravo et merci à tous<Indent/>!","Searchingway",15,False,168,28,0,241061,1402,126,14,5,1,3,4,5,6,7,0,0,0,0,0,0
116,"Station des drones<Indent/>: coll. matériaux
<UIForeground>F2023B</UIForeground><UIGlow>F2023C</UIGlow>Participez aux missions cosmiques<Indent/>!<UIGlow>01</UIGlow><UIForeground>01</UIForeground>","Station des drones<Indent/>: collecte des matériaux","Nous avons besoin de matériaux pour construire une station de drones<Indent/>! Merci de participer aux missions cosmiques<Indent/>!","Nous projetons de construire une station de drones<Indent/>! 
Aidez-nous à réunir les matériaux nécessaires<Indent/>!","Searchingway",15,False,168,29,0,241062,0,0,0,0,1,3,4,5,6,7,0,0,0,0,0,0
117,"Station des drones<Indent/>: préparation
<UIForeground>F2023B</UIForeground><UIGlow>F2023C</UIGlow>Tenez-vous prêts<Indent/>!<UIGlow>01</UIGlow><UIForeground>01</UIForeground>","Station des drones<Indent/>: préparation du chantier","Un projet d'ouvrage collectif visant à construire une station de drones va bientôt commencer<Indent/>! Merci de participer<Indent/>!","Un projet d'ouvrage collectif va bientôt être lancé pour la con<SoftHyphen/>struc<SoftHyphen/>tion 
d'une station de drones ! Venez nous filer un coup de main !","Searchingway",15,False,168,29,0,241062,1451,0,0,0,1,3,4,5,6,7,0,0,0,0,0,0
118,"Station des drones<Indent/>: en cours
<UIForeground>F2023B</UIForeground><UIGlow>F2023C</UIGlow>Participez à l'effort collectif<Indent/>!<UIGlow>01</UIGlow><UIForeground>01</UIForeground>","Station des drones<Indent/>: chantier en cours","Un projet d'ouvrage collectif visant à construire une station de drones est en cours<Indent/>! Merci de participer<Indent/>!","Un projet d'ouvrage collectif vient d'être lancé pour 
la con<SoftHyphen/>struc<SoftHyphen/>tion d'une station de drones ! Merci d'avance<Indent/>!","Searchingway",15,False,168,29,0,241062,0,0,0,0,1,3,4,5,6,7,0,0,0,0,0,0
119,"Opération de refroidissement 1<Indent/>: préparation
<UIForeground>F2023B</UIForeground><UIGlow>F2023C</UIGlow>Tenez-vous prêts<Indent/>!<UIGlow>01</UIGlow><UIForeground>01</UIForeground>","Opération de refroidissement 1<Indent/>: préparation","Un premier projet d'ouvrage collectif visant à refroidir le verre en fusion va bientôt commencer<Indent/>! Merci de participer<Indent/>!","Un premier projet d'ouvrage collectif va bientôt être lancé pour 
refroidir le verre en fusion ! Venez nous filer un coup de main !","Searchingway",16,False,168,30,0,241063,1401,126,15,5,1,3,4,5,6,7,0,0,0,0,0,0
120,"Opération de refroidissement 1<Indent/>: en cours
<UIForeground>F2023B</UIForeground><UIGlow>F2023C</UIGlow>Participez à l'effort collectif<Indent/>!<UIGlow>01</UIGlow><UIForeground>01</UIForeground>","Opération de refroidissement 1<Indent/>: en cours","Un premier projet d'ouvrage collectif vient d'être lancé afin de refroidir le verre en fusion<Indent/>! Merci de participer<Indent/>!","Un premier projet d'ouvrage collectif vient d'être lancé 
afin de refroidir le verre en fusion<Indent/>! Merci d'avance<Indent/>!","Searchingway",16,False,168,30,0,241063,0,0,0,0,1,3,4,5,6,7,0,0,0,0,0,0
121,"Opération de refroidissement 2<Indent/>: préparation
<UIForeground>F2023B</UIForeground><UIGlow>F2023C</UIGlow>Tenez-vous prêts<Indent/>!<UIGlow>01</UIGlow><UIForeground>01</UIForeground>","Opération de refroidissement 2<Indent/>: préparation","Un second projet d'ouvrage collectif visant à refroidir le verre en fusion va bientôt commencer<Indent/>! Merci de participer<Indent/>!","Un second projet d'ouvrage collectif va bientôt être lancé pour 
refroidir le verre en fusion ! Venez nous filer un coup de main !","Searchingway",17,False,168,31,0,241064,1401,126,16,5,1,3,4,5,6,7,0,0,0,0,0,0
122,"Opération de refroidissement 2<Indent/>: en cours
<UIForeground>F2023B</UIForeground><UIGlow>F2023C</UIGlow>Participez à l'effort collectif<Indent/>!<UIGlow>01</UIGlow><UIForeground>01</UIForeground>","Opération de refroidissement 2<Indent/>: en cours","Un second projet d'ouvrage collectif vient d'être lancé afin de refroidir le verre en fusion<Indent/>! Merci de participer<Indent/>!","Un second projet d'ouvrage collectif vient d'être lancé 
afin de refroidir le verre en fusion<Indent/>! Merci d'avance<Indent/>!","Searchingway",17,False,168,31,0,241064,0,0,0,0,1,3,4,5,6,7,0,0,0,0,0,0
123,"Opération de refroidissement<Indent/>: terminée
<UIForeground>F2023B</UIForeground><UIGlow>F2023C</UIGlow>Quartier libre<Indent/>!<UIGlow>01</UIGlow><UIForeground>01</UIForeground>","Opération de refroidissement<Indent/>: terminée","L'opération de refroidissement est terminée<Indent/>! L'exploration de Phaenna continue, merci de votre coopération<Indent/>!","L'opération de refroidissement est terminée<Indent/>! 
Bravo et merci à tous<Indent/>!","Searchingway",18,False,168,32,0,241065,1484,126,17,6,1,3,4,5,6,7,0,0,0,0,0,0
124,"Cosmo-navette du volcan<Indent/>: coll. matériaux
<UIForeground>F2023B</UIForeground><UIGlow>F2023C</UIGlow>Participez aux missions cosmiques<Indent/>!<UIGlow>01</UIGlow><UIForeground>01</UIForeground>","Cosmo-navette du volcan<Indent/>: collecte des matériaux","Nous avons besoin de matériaux pour construire la cosmo-navette du volcan<Indent/>! Merci de participer aux missions cosmiques<Indent/>!","Nous prévoyons de construire une cosmo-navette près de la Cheminée 
de Fusingway ! Nous sommes en train de réunir les matériaux nécessaires !","Searchingway",18,False,168,33,0,241066,0,0,0,0,1,3,4,5,6,7,0,0,0,0,0,0
125,"Cosmo-navette du volcan<Indent/>: en cours
<UIForeground>F2023B</UIForeground><UIGlow>F2023C</UIGlow>Encore un peu de patience<Indent/>!<UIGlow>01</UIGlow><UIForeground>01</UIForeground>","Cosmo-navette du volcan<Indent/>: chantier en cours","La fin du chantier pour la con<SoftHyphen/>struc<SoftHyphen/>tion de la cosmo-navette du volcan approche<Indent/>! Encore un peu de patience, et nous pourrons tous en profiter<Indent/>!","La fin du chantier pour la con<SoftHyphen/>struc<SoftHyphen/>tion de la cosmo-navette 
du volcan est prévue pour bientôt !","Searchingway",18,False,168,33,0,241066,1452,0,0,0,1,3,4,5,6,7,0,0,0,0,0,0
126,"Cosmo-navette du volcan<Indent/>: terminée
<UIForeground>F2023B</UIForeground><UIGlow>F2023C</UIGlow>Quartier libre<Indent/>!<UIGlow>01</UIGlow><UIForeground>01</UIForeground>","Cosmo-navette du volcan<Indent/>: chantier terminé","La con<SoftHyphen/>struc<SoftHyphen/>tion de la cosmo-navette du volcan est terminée ! L'exploration dans cette direction va s'accélérer, merci de votre coopération<Indent/>!","La con<SoftHyphen/>struc<SoftHyphen/>tion de la cosmo-navette du volcan est 
terminée ! Un grand merci à tous les par<SoftHyphen/>ti<SoftHyphen/>ci<SoftHyphen/>pants !","Searchingway",19,False,168,34,0,241067,1485,126,18,6,1,3,4,5,6,7,0,0,0,0,0,0
127,"Stellascope<Indent/>: coll. matériaux
<UIForeground>F2023B</UIForeground><UIGlow>F2023C</UIGlow>Participez aux missions cosmiques<Indent/>!<UIGlow>01</UIGlow><UIForeground>01</UIForeground>","Stellascope<Indent/>: collecte des matériaux","Nous avons besoin de matériaux pour équiper la station Souffleverre d'un super télescope<Indent/>! Merci de participer aux missions cosmiques<Indent/>!","Nous comptons doter la station Souffleverre d'un télescope ! 
Nous sommes en train de réunir les matériaux nécessaires !","Searchingway",19,False,168,35,0,241068,0,0,0,0,1,3,4,5,6,7,0,0,0,0,0,0
128,"Stellascope<Indent/>: préparation
<UIForeground>F2023B</UIForeground><UIGlow>F2023C</UIGlow>Tenez-vous prêts<Indent/>!<UIGlow>01</UIGlow><UIForeground>01</UIForeground>","Stellascope<Indent/>: préparation du chantier","Un projet d'ouvrage collectif visant à équiper la station Souffleverre d'un super télescope va bientôt commencer<Indent/>! Merci de participer<Indent/>!","Un projet d'ouvrage collectif va bientôt être lancé en vue d'équiper la 
station Souffleverre d'un télescope ! Venez nous filer un coup de main !","Searchingway",19,False,168,35,0,241068,1451,0,0,0,1,3,4,5,6,7,0,0,0,0,0,0
129,"Stellascope<Indent/>: en cours
<UIForeground>F2023B</UIForeground><UIGlow>F2023C</UIGlow>Participez à l'effort collectif<Indent/>!<UIGlow>01</UIGlow><UIForeground>01</UIForeground>","Stellascope<Indent/>: chantier en cours","Un projet d'ouvrage collectif visant à équiper la station Souffleverre d'un super télescope est en cours<Indent/>! Merci de participer<Indent/>!","Un projet d'ouvrage collectif vient d'être lancé afin 
d'équiper la station Souffleverre d'un télescope !","Searchingway",19,False,168,35,0,241068,0,0,0,0,1,3,4,5,6,7,0,0,0,0,0,0
130,"Stellascope<Indent/>: terminé
<UIForeground>F2023B</UIForeground><UIGlow>F2023C</UIGlow>Prenez un repos bien mérité<Indent/>!<UIGlow>01</UIGlow><UIForeground>01</UIForeground>","Stellascope<Indent/>: chantier terminé","La station Souffleverre est désormais équipée d'un super télescope<Indent/>! Nous allons pouvoir observer les profondeurs de l'univers, merci de votre coopération<Indent/>!","L'installation du télescope est terminée ! 
Un grand merci à tous les par<SoftHyphen/>ti<SoftHyphen/>ci<SoftHyphen/>pants !","Searchingway",20,False,168,36,0,241069,1486,126,19,6,1,3,4,5,6,7,0,0,0,0,0,0
131,"Développement de la station Soufleverre terminé
<UIForeground>F2023B</UIForeground><UIGlow>F2023C</UIGlow>Vers l'infini, et au-delà<Indent/>!<UIGlow>01</UIGlow><UIForeground>01</UIForeground>","Développement de la station Soufleverre terminé","Toutes les infrastructures de la station Souffleverre sont achevées<Indent/>! Maintenant, la prochaine planète nous attend<Indent/>! Fé<SoftHyphen/>li<SoftHyphen/>ci<SoftHyphen/>ta<SoftHyphen/>tions et merci à toutes et à tous<Indent/>!","Grâce à nos efforts combinés, les différentes infrastructures prévues pour 
la station Souffleverre sont enfin terminées ! Merci, merci, et encore merci !!!","Searchingway",20,False,168,37,0,241070,0,0,0,0,1,3,4,5,6,7,0,0,0,0,0,0
132,"Modules d'habitation<Indent/>: coll. matériaux
<UIForeground>F2023B</UIForeground><UIGlow>F2023C</UIGlow>Participez aux missions cosmiques<Indent/>!<UIGlow>01</UIGlow><UIForeground>01</UIForeground>","Modules d'habitation<Indent/>: collecte des matériaux","Nous avons besoin de matériaux pour construire des modules d'habitation<Indent/>! Merci de participer aux missions cosmiques<Indent/>!","Nous sommes en train de réunir les matériaux nécessaires à 
la con<SoftHyphen/>struc<SoftHyphen/>tion de modules d'habitation<Indent/>! Votre aide est la bienvenue<Indent/>!","Searchingway",0,False,170,1,0,241072,0,0,0,5,1,0,0,0,0,0,0,0,0,0,0,0
133,"Modules d'habitation<Indent/>: préparation
<UIForeground>F2023B</UIForeground><UIGlow>F2023C</UIGlow>Tenez-vous prêts<Indent/>!<UIGlow>01</UIGlow><UIForeground>01</UIForeground>","Modules d'habitation<Indent/>: préparation du chantier","Un projet d'ouvrage collectif visant à construire des modules d'habitation va bientôt commencer<Indent/>! Merci de participer<Indent/>!","Un projet d'ouvrage collectif va bientôt être lancé pour 
la con<SoftHyphen/>struc<SoftHyphen/>tion des modules d'habitation<Indent/>! On compte sur vous<Indent/>!","Searchingway",0,False,170,1,0,241072,1451,166,1,5,1,0,0,0,0,0,0,0,0,0,0,0
134,"Modules d'habitation<Indent/>: en cours
<UIForeground>F2023B</UIForeground><UIGlow>F2023C</UIGlow>Participez à l'effort collectif<Indent/>!<UIGlow>01</UIGlow><UIForeground>01</UIForeground>","Modules d'habitation<Indent/>: chantier en cours","Un projet d'ouvrage collectif visant à construire des modules d'habitation est en cours<Indent/>! Merci de participer<Indent/>!","Un projet d'ouvrage collectif vient d'être lancé pour 
la con<SoftHyphen/>struc<SoftHyphen/>tion des modules d'habitation<Indent/>! Merci d'avance<Indent/>!","Searchingway",0,False,170,2,0,241072,0,0,0,0,1,0,0,0,0,0,0,0,0,0,0,0
135,"Modules d'habitation<Indent/>: terminés
<UIForeground>F2023B</UIForeground><UIGlow>F2023C</UIGlow>Quartier libre<Indent/>!<UIGlow>01</UIGlow><UIForeground>01</UIForeground>","Modules d'habitation<Indent/>: chantier terminé","Les modules d'habitation sont terminés<Indent/>! Les conditions de vie à la station vont s'améliorer, merci de votre coopération<Indent/>!","La con<SoftHyphen/>struc<SoftHyphen/>tion des modules d'habitation 
est terminée<Indent/>! Bravo à tous<Indent/>!","Searchingway",1,False,170,3,0,241073,1575,166,3,6,1,0,0,0,0,0,0,0,0,0,0,7
136,"Cosmo-navette du plateau central<Indent/>: préparation
<UIForeground>F2023B</UIForeground><UIGlow>F2023C</UIGlow>Tenez-vous prêts<Indent/>!<UIGlow>01</UIGlow><UIForeground>01</UIForeground>","Cosmo-navette du plateau central<Indent/>: préparation du chantier","Un projet d'ouvrage collectif visant à installer un système de navettes va bientôt commencer<Indent/>! Merci de participer<Indent/>!","Un projet d'ouvrage collectif va bientôt être lancé pour 
la con<SoftHyphen/>struc<SoftHyphen/>tion de la cosmo-navette<Indent/>! On compte sur vous<Indent/>!","Searchingway",1,False,170,4,0,241074,0,166,4,5,1,0,0,0,0,0,0,0,0,0,0,0
137,"Cosmo-navette du plateau central<Indent/>: en cours
<UIForeground>F2023B</UIForeground><UIGlow>F2023C</UIGlow>Encore un peu de patience<Indent/>!<UIGlow>01</UIGlow><UIForeground>01</UIForeground>","Cosmo-navette du plateau central<Indent/>: chantier en cours","La fin du chantier pour la con<SoftHyphen/>struc<SoftHyphen/>tion de la cosmo-navette du plateau central approche<Indent/>! Encore un peu de patience, et nous pourrons tous en profiter<Indent/>!","La fin du chantier pour la con<SoftHyphen/>struc<SoftHyphen/>tion de 
la cosmo-navette du plateau central est prévue pour bientôt<Indent/>!","Searchingway",1,False,170,4,0,241074,1452,166,5,5,1,0,0,0,0,0,0,0,0,0,0,0
138,"Cosmo-navette du plateau central<Indent/>: terminée
<UIForeground>F2023B</UIForeground><UIGlow>F2023C</UIGlow>Quartier libre<Indent/>!<UIGlow>01</UIGlow><UIForeground>01</UIForeground>","Cosmo-navette du plateau central<Indent/>: chantier terminé","L'installation du système de navettes est terminée<Indent/>! L'exploration va pouvoir se poursuivre à grande vitesse, merci de votre coopération<Indent/>!","La con<SoftHyphen/>struc<SoftHyphen/>tion de la cosmo-navette du 
plateau central est terminée<Indent/>! Bravo à tous<Indent/>!","Searchingway",2,False,170,4,0,241075,1576,166,6,6,1,0,0,6,3,4,0,0,0,0,0,8
139,"Nouvelles infrastructures<Indent/>: coll. matériaux
<UIForeground>F2023B</UIForeground><UIGlow>F2023C</UIGlow>Participez aux missions cosmiques<Indent/>!<UIGlow>01</UIGlow><UIForeground>01</UIForeground>","Nouvelles infrastructures<Indent/>: collecte des matériaux","Nous avons besoin de matériaux pour construire une centrale électrique et une station de purification d'eau<Indent/>! Merci de participer aux missions cosmiques<Indent/>!","Nous sommes en train de réunir les matériaux nécessaires à la con<SoftHyphen/>struc<SoftHyphen/>tion de 
nouvelles infrastructures<Indent/>! Votre aide est la bienvenue<Indent/>!","Searchingway",3,True,170,5,0,241076,0,166,7,5,1,0,0,6,3,4,0,0,0,0,0,0
140,"Station énergétique<Indent/>: préparation
<UIForeground>F2023B</UIForeground><UIGlow>F2023C</UIGlow>Tenez-vous prêts<Indent/>!<UIGlow>01</UIGlow><UIForeground>01</UIForeground>","Station énergétique<Indent/>: préparation du chantier 1/2","Un projet d'ouvrage collectif visant à construire une centrale électrique va bientôt commencer<Indent/>! Merci de participer<Indent/>!","Un projet d'ouvrage collectif va bientôt être lancé pour la con<SoftHyphen/>struc<SoftHyphen/>tion 
d'une centrale électrique<Indent/>! Venez nous filer un coup de main<Indent/>!","Searchingway",3,False,170,5,0,241076,1451,166,8,5,1,0,0,6,3,4,0,0,0,0,0,0
141,"Station énergétique<Indent/>: en cours
<UIForeground>F2023B</UIForeground><UIGlow>F2023C</UIGlow>Participez à l'effort collectif<Indent/>!<UIGlow>01</UIGlow><UIForeground>01</UIForeground>","Station énergétique<Indent/>: chantier en cours 1/2","Un projet d'ouvrage collectif visant à construire une centrale électrique est en cours<Indent/>! Merci de participer<Indent/>!","Un projet d'ouvrage collectif vient d'être lancé pour la 
con<SoftHyphen/>struc<SoftHyphen/>tion d'une centrale électrique<Indent/>! Merci d'avance<Indent/>!","Searchingway",3,False,170,5,0,241076,0,0,0,0,1,0,0,6,3,4,0,0,0,0,0,0
142,"Station hydropurificatrice<Indent/>: préparation
<UIForeground>F2023B</UIForeground><UIGlow>F2023C</UIGlow>Tenez-vous prêts<Indent/>!<UIGlow>01</UIGlow><UIForeground>01</UIForeground>","Station hydropurificatrice<Indent/>: préparation du chantier 2/2","Un projet d'ouvrage collectif visant à construire une station de purification d'eau va bientôt commencer<Indent/>! Merci de participer<Indent/>!","Un projet d'ouvrage collectif va bientôt être lancé pour la con<SoftHyphen/>struc<SoftHyphen/>tion 
d'une station de purification d'eau<Indent/>! Venez nous filer un coup de main<Indent/>!","Searchingway",4,False,170,6,0,241077,1577,166,10,6,1,0,0,6,3,4,0,0,0,0,0,0
143,"Station hydropurificatrice<Indent/>: en cours
<UIForeground>F2023B</UIForeground><UIGlow>F2023C</UIGlow>Participez à l'effort collectif<Indent/>!<UIGlow>01</UIGlow><UIForeground>01</UIForeground>","Station hydropurificatrice<Indent/>: chantier en cours 2/2","Un projet d'ouvrage collectif visant à construire une station de purification d'eau est en cours<Indent/>! Merci de participer<Indent/>!","Un projet d'ouvrage collectif vient d'être lancé pour la con<SoftHyphen/>struc<SoftHyphen/>tion 
d'une station de purification d'eau<Indent/>! Merci d'avance<Indent/>!","Searchingway",4,False,170,6,0,241077,0,0,0,0,1,0,0,6,3,4,0,0,0,0,0,10
144,"Stations énergétique/hydropurificatrice<Indent/>: terminées
<UIForeground>F2023B</UIForeground><UIGlow>F2023C</UIGlow>Quartier libre<Indent/>!<UIGlow>01</UIGlow><UIForeground>01</UIForeground>","Stations énergétique et hydropurificatrice<Indent/>: chantiers terminés","La con<SoftHyphen/>struc<SoftHyphen/>tion de la centrale électrique et de la station de purification d'eau est terminée<Indent/>! Nos besoins sont satisfaits, merci de votre coopération<Indent/>!","La con<SoftHyphen/>struc<SoftHyphen/>tion de la centrale électrique et de la station de 
purification d'eau est terminée<Indent/>! Bravo à tous les par<SoftHyphen/>ti<SoftHyphen/>ci<SoftHyphen/>pants<Indent/>!","Searchingway",5,False,170,7,0,241078,1578,166,12,6,1,0,0,6,3,4,0,0,0,0,0,0
145,"Générateurs de gravité<Indent/>: coll. matériaux
<UIForeground>F2023B</UIForeground><UIGlow>F2023C</UIGlow>Participez aux missions cosmiques<Indent/>!<UIGlow>01</UIGlow><UIForeground>01</UIForeground>","Générateurs de gravité<Indent/>: collecte des matériaux","Nous avons besoin de matériaux pour construire des générateurs de gravité<Indent/>! Merci de participer aux missions cosmiques<Indent/>!","Nous projetons de construire des générateurs de gravité ! 
Aidez-nous à réunir les matériaux nécessaires<Indent/>!","Searchingway",6,True,170,8,0,241079,0,166,13,5,1,0,0,6,3,4,0,0,0,0,0,0
146,"Générateurs de gravité<Indent/>: préparation
<UIForeground>F2023B</UIForeground><UIGlow>F2023C</UIGlow>Tenez-vous prêts<Indent/>!<UIGlow>01</UIGlow><UIForeground>01</UIForeground>","Générateurs de gravité<Indent/>: préparation du chantier","Un projet d'ouvrage collectif visant à construire des générateurs de gravité va bientôt commencer<Indent/>! Merci de participer<Indent/>!","Un projet d'ouvrage collectif va bientôt être lancé pour 
la con<SoftHyphen/>struc<SoftHyphen/>tion de générateurs de gravité ! Venez nous filer un coup de main !","Searchingway",6,False,170,8,0,241079,1451,166,14,5,1,0,0,6,3,4,0,0,0,0,0,0
147,"Générateurs de gravité<Indent/>: en cours
<UIForeground>F2023B</UIForeground><UIGlow>F2023C</UIGlow>Participez à l'effort collectif<Indent/>!<UIGlow>01</UIGlow><UIForeground>01</UIForeground>","Générateurs de gravité<Indent/>: chantier en cours","Un projet d'ouvrage collectif visant à construire des générateurs de gravité est en cours<Indent/>! Merci de participer<Indent/>!","Un projet d'ouvrage collectif vient d'être lancé 
pour la con<SoftHyphen/>struc<SoftHyphen/>tion de générateurs de gravité ! Merci d'avance<Indent/>!","Searchingway",6,False,170,8,0,241079,0,0,0,0,1,0,0,6,3,4,0,0,0,0,0,0
148,"Générateurs de gravité<Indent/>: terminé
<UIForeground>F2023B</UIForeground><UIGlow>F2023C</UIGlow>Quartier libre<Indent/>!<UIGlow>01</UIGlow><UIForeground>01</UIForeground>","Générateurs de gravité<Indent/>: chantier terminé","La con<SoftHyphen/>struc<SoftHyphen/>tion de générateurs de gravité est terminée ! Nous allons pouvoir explorer le Bâtiment ombré, merci de votre coopération<Indent/>!","La con<SoftHyphen/>struc<SoftHyphen/>tion de générateurs de gravité est terminée ! 
Bravo à tous les par<SoftHyphen/>ti<SoftHyphen/>ci<SoftHyphen/>pants !","Searchingway",7,False,170,9,0,241080,1579,166,16,6,1,0,0,6,3,4,0,0,0,0,0,0
149,"Cosmo-navette du Bâtiment ombré<Indent/>: coll. matériaux
<UIForeground>F2023B</UIForeground><UIGlow>F2023C</UIGlow>Participez aux missions cosmiques<Indent/>!<UIGlow>01</UIGlow><UIForeground>01</UIForeground>","Cosmo-navette du Bâtiment ombré<Indent/>: collecte des matériaux","Nous avons besoin de matériaux pour construire la cosmo-navette du Bâtiment ombré<Indent/>! Merci de participer aux missions cosmiques<Indent/>!","Nous prévoyons de construire une nouvelle cosmo-navette vers le 
Bâtiment ombré ! Nous sommes en train de réunir les matériaux nécessaires !","Searchingway",7,False,170,10,0,241081,0,166,17,5,1,0,0,6,3,4,0,0,0,0,0,0
150,"Cosmo-navette du Bâtiment ombré<Indent/>: en cours
<UIForeground>F2023B</UIForeground><UIGlow>F2023C</UIGlow>Encore un peu de patience<Indent/>!<UIGlow>01</UIGlow><UIForeground>01</UIForeground>","Cosmo-navette du Bâtiment ombré<Indent/>: chantier en cours","La fin du chantier pour la con<SoftHyphen/>struc<SoftHyphen/>tion de la cosmo-navette du Bâtiment ombré approche<Indent/>! Encore un peu de patience, et nous pourrons tous en profiter<Indent/>!","La fin du chantier pour la con<SoftHyphen/>struc<SoftHyphen/>tion de 
la cosmo-navette du Bâtiment ombré est prévue pour bientôt !","Searchingway",7,False,170,10,0,241081,1452,166,18,5,1,0,0,6,3,4,0,0,0,0,0,0
151,"Cosmo-navette du Bâtiment ombré<Indent/>: terminée
<UIForeground>F2023B</UIForeground><UIGlow>F2023C</UIGlow>Quartier libre<Indent/>!<UIGlow>01</UIGlow><UIForeground>01</UIForeground>","Cosmo-navette du Bâtiment ombré<Indent/>: chantier terminé","La con<SoftHyphen/>struc<SoftHyphen/>tion de la cosmo-navette du Bâtiment ombré est terminée ! L'exploration de cette région va s'accélérer, merci de votre coopération<Indent/>!","La con<SoftHyphen/>struc<SoftHyphen/>tion de la cosmo-navette du Bâtiment ombré est terminée ! 
Un grand merci à tous les par<SoftHyphen/>ti<SoftHyphen/>ci<SoftHyphen/>pants !","Searchingway",8,False,170,10,0,241082,1580,166,19,6,1,0,0,6,3,4,5,0,0,0,0,0
152,"Maintenance de Terra Firma<Indent/>: coll. matériaux
<UIForeground>F2023B</UIForeground><UIGlow>F2023C</UIGlow>Participez aux missions cosmiques<Indent/>!<UIGlow>01</UIGlow><UIForeground>01</UIForeground>","Maintenance de Terra Firma<Indent/>: collecte des matériaux","Nous avons besoin de matériaux pour effectuer la maintenance de la station Terra Firma<Indent/>! Merci de participer aux missions cosmiques<Indent/>!","Nous projetons d'effectuer la maintenance de la station Terra Firma ! 
Aidez-nous à réunir les matériaux nécessaires<Indent/>!","Searchingway",9,True,170,11,0,241083,0,166,20,5,1,0,0,6,3,4,5,0,0,0,0,15
153,"Maintenance de Terra Firma<Indent/>: préparation
<UIForeground>F2023B</UIForeground><UIGlow>F2023C</UIGlow>Tenez-vous prêts<Indent/>!<UIGlow>01</UIGlow><UIForeground>01</UIForeground>","Maintenance de Terra Firma<Indent/>: préparation du chantier","Un projet d'ouvrage collectif visant à effectuer la maintenance de la station Terra Firma va bientôt commencer<Indent/>! Merci de participer<Indent/>!","Un projet d'ouvrage collectif va bientôt être lancé pour effectuer 
la maintenance de la station Terra Firma ! Venez nous filer un coup de main !","Searchingway",9,False,170,11,0,241083,1451,166,21,5,1,0,0,6,3,4,5,0,0,0,0,0
154,"Maintenance de Terra Firma<Indent/>: en cours
<UIForeground>F2023B</UIForeground><UIGlow>F2023C</UIGlow>Participez à l'effort collectif<Indent/>!<UIGlow>01</UIGlow><UIForeground>01</UIForeground>","Maintenance de Terra Firma<Indent/>: chantier en cours","Un projet d'ouvrage collectif visant à effectuer la maintenance de la station Terra Firma est en cours<Indent/>! Merci de participer<Indent/>!","Un projet d'ouvrage collectif vient d'être lancé pour effectuer 
la maintenance de la station Terra Firma ! Merci d'avance<Indent/>!","Searchingway",9,False,170,11,0,241083,0,0,0,0,1,0,0,6,3,4,5,0,0,0,0,0
155,"Maintenance de Terra Firma<Indent/>: terminée
<UIForeground>F2023B</UIForeground><UIGlow>F2023C</UIGlow>Quartier libre<Indent/>!<UIGlow>01</UIGlow><UIForeground>01</UIForeground>","Maintenance de Terra Firma<Indent/>: chantier terminé","La maintenance de la station Terra Firma est terminée ! Nous allons pouvoir réhabiliter les autres bâtiments, merci de votre coopération<Indent/>!","La maintenance de la station Terra Firma est terminée ! 
Bravo à tous les par<SoftHyphen/>ti<SoftHyphen/>ci<SoftHyphen/>pants !","Searchingway",10,False,170,12,0,241084,1581,166,23,6,2,0,0,6,3,4,5,0,0,0,0,16
156,"Restauration de l'euèdre<Indent/>: coll. matériaux
<UIForeground>F2023B</UIForeground><UIGlow>F2023C</UIGlow>Participez aux missions cosmiques<Indent/>!<UIGlow>01</UIGlow><UIForeground>01</UIForeground>","Restauration de l'euèdre<Indent/>: collecte des matériaux","Nous avons besoin de matériaux pour restaurer l'euèdre<Indent/>! Merci de participer aux missions cosmiques<Indent/>!","Nous projetons de restaurer l'euèdre ! 
Aidez-nous à réunir les matériaux nécessaires<Indent/>!","Searchingway",11,True,170,13,0,241085,0,166,24,5,2,0,0,6,3,4,5,0,0,0,0,17
157,"Restauration de l'euèdre<Indent/>: préparation
<UIForeground>F2023B</UIForeground><UIGlow>F2023C</UIGlow>Tenez-vous prêts<Indent/>!<UIGlow>01</UIGlow><UIForeground>01</UIForeground>","Restauration de l'euèdre<Indent/>: préparation du chantier","Un projet d'ouvrage collectif visant à restaurer l'euèdre va bientôt commencer<Indent/>! Merci de participer<Indent/>!","Un projet d'ouvrage collectif va bientôt être lancé pour restaurer 
l'euèdre ! Venez nous filer un coup de main !","Searchingway",11,False,170,13,0,241085,1451,166,25,5,2,0,0,6,3,4,5,0,0,0,0,0
158,"Restauration de l'euèdre<Indent/>: en cours
<UIForeground>F2023B</UIForeground><UIGlow>F2023C</UIGlow>Participez à l'effort collectif<Indent/>!<UIGlow>01</UIGlow><UIForeground>01</UIForeground>","Restauration de l'euèdre<Indent/>: chantier en cours","Un projet d'ouvrage collectif visant à restaurer l'euèdre est en cours<Indent/>! Merci de participer<Indent/>!","Un projet d'ouvrage collectif vient d'être lancé pour restaurer 
l'euèdre ! Merci d'avance<Indent/>!","Searchingway",11,False,170,13,0,241085,0,0,0,0,2,0,0,6,3,4,5,0,0,0,0,0
159,"Restauration de l'euèdre<Indent/>: terminée
<UIForeground>F2023B</UIForeground><UIGlow>F2023C</UIGlow>Quartier libre<Indent/>!<UIGlow>01</UIGlow><UIForeground>01</UIForeground>","Restauration de l'euèdre<Indent/>: chantier terminé","La restauration de l'euèdre est terminée ! Nous allons pouvoir commencer les analyses, merci de votre coopération<Indent/>!","La restauration de l'euèdre est terminée ! 
Bravo à tous les par<SoftHyphen/>ti<SoftHyphen/>ci<SoftHyphen/>pants !","Searchingway",12,False,170,14,0,241086,1582,166,27,6,2,0,0,6,3,4,5,0,0,0,0,18
160,"Cosmoport bêta<Indent/>: coll. matériaux
<UIForeground>F2023B</UIForeground><UIGlow>F2023C</UIGlow>Participez aux missions cosmiques<Indent/>!<UIGlow>01</UIGlow><UIForeground>01</UIForeground>","Cosmoport bêta<Indent/>: collecte des matériaux","Nous avons besoin de matériaux pour agrandir le cosmoport<Indent/>! Merci de participer aux missions cosmiques<Indent/>!","Nous projetons d'agrandir le cosmoport<Indent/>! 
Aidez-nous à réunir les matériaux nécessaires<Indent/>!","Searchingway",13,True,170,15,0,241087,0,166,28,5,2,0,0,6,3,4,5,0,0,0,0,19
161,"Cosmoport bêta<Indent/>: préparation
<UIForeground>F2023B</UIForeground><UIGlow>F2023C</UIGlow>Tenez-vous prêts<Indent/>!<UIGlow>01</UIGlow><UIForeground>01</UIForeground>","Cosmoport bêta<Indent/>: préparation du chantier","Un projet d'ouvrage collectif visant à agrandir le cosmoport va bientôt commencer<Indent/>! Merci de participer<Indent/>!","Un projet d'ouvrage collectif va bientôt être lancé pour 
l'agrandissement du cosmoport ! Venez nous filer un coup de main !","Searchingway",13,False,170,15,0,241087,1451,166,29,5,2,0,0,6,3,4,5,0,0,0,0,0
162,"Cosmoport bêta<Indent/>: en cours
<UIForeground>F2023B</UIForeground><UIGlow>F2023C</UIGlow>Participez à l'effort collectif<Indent/>!<UIGlow>01</UIGlow><UIForeground>01</UIForeground>","Cosmoport bêta<Indent/>: chantier en cours","Un projet d'ouvrage collectif visant à agrandir le cosmoport est en cours<Indent/>! Merci de participer<Indent/>!","Un projet d'ouvrage collectif vient d'être lancé pour 
l'agrandissement du cosmoport ! Merci d'avance<Indent/>!","Searchingway",13,False,170,15,0,241087,0,0,0,0,2,0,0,6,3,4,5,0,0,0,0,0
163,"Cosmoport bêta<Indent/>: terminé
<UIForeground>F2023B</UIForeground><UIGlow>F2023C</UIGlow>Quartier libre<Indent/>!<UIGlow>01</UIGlow><UIForeground>01</UIForeground>","Cosmoport bêta<Indent/>: chantier terminé","L'agrandissement du cosmoport est terminé<Indent/>! Nous allons pouvoir faire profiter Ætherys de toutes nos découvertes, merci de votre coopération<Indent/>!","L'agrandissement du cosmoport est terminé<Indent/>! 
Bravo à tous les par<SoftHyphen/>ti<SoftHyphen/>ci<SoftHyphen/>pants<Indent/>!","Searchingway",14,False,170,16,0,241088,1583,166,31,6,2,0,0,6,3,4,5,0,0,0,0,20
164,"Excavation des Échos d'Émeraude<Indent/>: coll. matériaux
<UIForeground>F2023B</UIForeground><UIGlow>F2023C</UIGlow>Participez aux missions cosmiques<Indent/>!<UIGlow>01</UIGlow><UIForeground>01</UIForeground>","Excavation des Échos d'Émeraude<Indent/>: collecte des matériaux","Nous avons besoin de matériaux pour l'excavation des Échos d'Émeraude<Indent/>! Merci de participer aux missions cosmiques<Indent/>!","Nous projetons d'effectuer l'excavation des Échos d'Émeraude ! 
Aidez-nous à réunir les matériaux nécessaires<Indent/>!","Searchingway",15,True,170,17,0,241089,0,166,32,5,2,0,0,6,3,4,5,0,0,0,0,0
165,"Excavation des Échos d'Émeraude<Indent/>: préparation
<UIForeground>F2023B</UIForeground><UIGlow>F2023C</UIGlow>Tenez-vous prêts<Indent/>!<UIGlow>01</UIGlow><UIForeground>01</UIForeground>","Excavation des Échos d'Émeraude<Indent/>: préparation du chantier","Un projet d'ouvrage collectif pour l'excavation des Échos d'Émeraude va bientôt commencer<Indent/>! Merci de participer<Indent/>!","Un projet d'ouvrage collectif va bientôt être lancé pour l'excavation 
des Échos d'Émeraude<Indent/>! Venez nous filer un coup de main !","Searchingway",15,False,170,17,0,241089,1451,166,33,5,2,0,0,6,3,4,5,0,0,0,0,0
166,"Excavation des Échos d'Émeraude<Indent/>: en cours
<UIForeground>F2023B</UIForeground><UIGlow>F2023C</UIGlow>Participez à l'effort collectif<Indent/>!<UIGlow>01</UIGlow><UIForeground>01</UIForeground>","Excavation des Échos d'Émeraude<Indent/>: chantier en cours","Un projet d'ouvrage collectif pour l'excavation des Échos d'Émeraude est en cours<Indent/>! Merci de participer<Indent/>!","Un projet d'ouvrage collectif vient d'être lancé pour l'excavation 
des Échos d'Émeraude<Indent/>! Merci d'avance<Indent/>!","Searchingway",15,False,170,17,0,241089,0,0,0,0,2,0,0,6,3,4,5,0,0,0,0,0
167,"Excavation des Échos d'Émeraude<Indent/>: terminée
<UIForeground>F2023B</UIForeground><UIGlow>F2023C</UIGlow>Quartier libre<Indent/>!<UIGlow>01</UIGlow><UIForeground>01</UIForeground>","Excavation des Échos d'Émeraude<Indent/>: chantier terminé","L'excavation des Échos d'Émeraude est terminée ! Nous avons découvert l'entrée des ruines et agrandit le réseau de cosmo-navettes, merci de votre coopération<Indent/>!","L'excavation des Échos d'Émeraude est terminée ! 
Bravo à tous les par<SoftHyphen/>ti<SoftHyphen/>ci<SoftHyphen/>pants !","Searchingway",16,False,170,18,0,241090,1584,166,35,6,2,0,0,6,3,4,5,0,0,0,0,0
168,"Ouverture des Échos d'Émeraude<Indent/>: coll. matériaux
<UIForeground>F2023B</UIForeground><UIGlow>F2023C</UIGlow>Participez aux missions cosmiques<Indent/>!<UIGlow>01</UIGlow><UIForeground>01</UIForeground>","Ouverture des Échos d'Émeraude<Indent/>: collecte des matériaux","Nous avons besoin de matériaux pour accéder aux Échos d'Émeraude<Indent/>! Merci de participer aux missions cosmiques<Indent/>!","Nous projetons d'ouvrir l'accès aux Échos d'Émeraude ! 
Aidez-nous à réunir les matériaux nécessaires<Indent/>!","Searchingway",17,True,170,19,0,241091,0,166,36,5,2,0,0,6,3,4,5,0,0,0,0,0
169,"Ouverture des Échos d'Émeraude<Indent/>: préparation
<UIForeground>F2023B</UIForeground><UIGlow>F2023C</UIGlow>Tenez-vous prêts<Indent/>!<UIGlow>01</UIGlow><UIForeground>01</UIForeground>","Ouverture des Échos d'Émeraude<Indent/>: préparation du chantier","Un projet d'ouvrage collectif pour accéder aux Échos d'Émeraude va bientôt commencer<Indent/>! Merci de participer<Indent/>!","Un projet d'ouvrage collectif va bientôt être lancé pour l'ouverture 
des Échos d'Émeraude<Indent/>! Venez nous filer un coup de main !","Searchingway",17,False,170,19,0,241091,1451,166,37,5,2,0,0,6,3,4,5,0,0,0,0,0
170,"Ouverture des Échos d'Émeraude<Indent/>: en cours
<UIForeground>F2023B</UIForeground><UIGlow>F2023C</UIGlow>Participez à l'effort collectif<Indent/>!<UIGlow>01</UIGlow><UIForeground>01</UIForeground>","Ouverture des Échos d'Émeraude<Indent/>: chantier en cours","Un projet d'ouvrage collectif pour accéder aux Échos d'Émeraude est en cours<Indent/>! Merci de participer<Indent/>!","Un projet d'ouvrage collectif vient d'être lancé pour l'ouverture 
des Échos d'Émeraude<Indent/>! Merci d'avance<Indent/>!","Searchingway",17,False,170,19,0,241091,0,0,0,0,2,0,0,6,3,4,5,0,0,0,0,0
171,"Ouverture des Échos d'Émeraude<Indent/>: terminée
<UIForeground>F2023B</UIForeground><UIGlow>F2023C</UIGlow>Quartier libre<Indent/>!<UIGlow>01</UIGlow><UIForeground>01</UIForeground>","Ouverture des Échos d'Émeraude<Indent/>: chantier terminé","L'ouverture des Échos d'Émeraude est terminée ! Nous avous tous hâte de découvrir les secrets qui s'y cachent, merci de votre coopération<Indent/>!","L'ouverture des Échos d'Émeraude est terminée ! 
Bravo à tous les par<SoftHyphen/>ti<SoftHyphen/>ci<SoftHyphen/>pants !","Searchingway",18,False,170,20,0,241092,1585,166,39,6,2,0,0,6,3,4,5,0,0,0,0,0
172,"Restauration des Échos d'Émeraude<Indent/>: coll. matériaux
<UIForeground>F2023B</UIForeground><UIGlow>F2023C</UIGlow>Participez aux missions cosmiques<Indent/>!<UIGlow>01</UIGlow><UIForeground>01</UIForeground>","Restauration des Échos d'Émeraude<Indent/>: collecte des matériaux","Nous avons besoin de matériaux pour la restauration des Échos d'Émeraude<Indent/>! Merci de participer aux missions cosmiques<Indent/>!","Nous projetons de restaurer les Échos d'Émeraude ! 
Aidez-nous à réunir les matériaux nécessaires<Indent/>!","Searchingway",19,True,170,21,0,241093,0,166,40,5,2,0,0,6,3,4,5,0,0,0,0,0
173,"Restauration des Échos d'Émeraude<Indent/>: préparation
<UIForeground>F2023B</UIForeground><UIGlow>F2023C</UIGlow>Tenez-vous prêts<Indent/>!<UIGlow>01</UIGlow><UIForeground>01</UIForeground>","Restauration des Échos d'Émeraude<Indent/>: préparation du chantier","Un projet d'ouvrage collectif pour la restauration des Échos d'Émeraude va bientôt commencer<Indent/>! Merci de participer<Indent/>!","Un projet d'ouvrage collectif va bientôt être lancé pour la restauration 
des Échos d'Émeraude<Indent/>! Venez nous filer un coup de main !","Searchingway",19,False,170,21,0,241093,1451,166,41,5,2,0,0,6,3,4,5,0,0,0,0,0
174,"Restauration des Échos d'Émeraude<Indent/>: en cours
<UIForeground>F2023B</UIForeground><UIGlow>F2023C</UIGlow>Participez à l'effort collectif<Indent/>!<UIGlow>01</UIGlow><UIForeground>01</UIForeground>","Restauration des Échos d'Émeraude<Indent/>: chantier en cours","Un projet d'ouvrage collectif pour la restauration des Échos d'Émeraude est en cours<Indent/>! Merci de participer<Indent/>!","Un projet d'ouvrage collectif vient d'être lancé pour la restauration 
des Échos d'Émeraude<Indent/>! Merci d'avance<Indent/>!","Searchingway",19,False,170,21,0,241093,0,0,0,0,2,0,0,6,3,4,5,0,0,0,0,0
175,"Restauration des Échos d'Émeraude<Indent/>: terminée
<UIForeground>F2023B</UIForeground><UIGlow>F2023C</UIGlow>Quartier libre<Indent/>!<UIGlow>01</UIGlow><UIForeground>01</UIForeground>","Restauration des Échos d'Émeraude<Indent/>: chantier terminé","La restauration des Échos d'Émeraude est terminée ! La pierre-guide va nous permettre d'explorer l'intérieur des ruines, merci de votre coopération<Indent/>!","La restauration des Échos d'Émeraude est terminée ! 
Bravo à tous les par<SoftHyphen/>ti<SoftHyphen/>ci<SoftHyphen/>pants !","Searchingway",20,False,170,22,0,241094,1586,166,43,6,2,0,0,6,3,4,5,0,0,0,0,0
176,"Réactivation des Échos d'Émeraude<Indent/>: coll. matériaux
<UIForeground>F2023B</UIForeground><UIGlow>F2023C</UIGlow>Participez aux missions cosmiques<Indent/>!<UIGlow>01</UIGlow><UIForeground>01</UIForeground>","Réactivation des Échos d'Émeraude<Indent/>: collecte des matériaux","Nous avons besoin de matériaux pour la réactivation des Échos d'Émeraude<Indent/>! Merci de participer aux missions cosmiques<Indent/>!","Nous projetons d'effectuer la réactivation des Échos d'Émeraude<Indent/>! 
Aidez-nous à réunir les matériaux nécessaires<Indent/>!","Searchingway",21,True,170,23,0,241095,0,166,44,5,2,0,0,6,3,4,5,0,0,0,0,0
177,"Réactivation des Échos d'Émeraude<Indent/>: préparation
<UIForeground>F2023B</UIForeground><UIGlow>F2023C</UIGlow>Tenez-vous prêts<Indent/>!<UIGlow>01</UIGlow><UIForeground>01</UIForeground>","Réactivation des Échos d'Émeraude<Indent/>: préparation du chantier","Un projet d'ouvrage collectif pour la réactivation des Échos d'Émeraude va bientôt commencer<Indent/>! Merci de participer<Indent/>!","Un projet d'ouvrage collectif va bientôt être lancé pour la réactivation 
des Échos d'Émeraude<Indent/>! Venez nous filer un coup de main !","Searchingway",21,False,170,23,0,241095,1451,166,45,5,2,0,0,6,3,4,5,0,0,0,0,0
178,"Réactivation des Échos d'Émeraude<Indent/>: en cours
<UIForeground>F2023B</UIForeground><UIGlow>F2023C</UIGlow>Participez à l'effort collectif<Indent/>!<UIGlow>01</UIGlow><UIForeground>01</UIForeground>","Réactivation des Échos d'Émeraude<Indent/>: chantier en cours","Un projet d'ouvrage collectif pour la réactivation des Échos d'Émeraude est en cours<Indent/>! Merci de participer<Indent/>!","Un projet d'ouvrage collectif vient d'être lancé pour la réactivation 
des Échos d'Émeraude<Indent/>! Merci d'avance<Indent/>!","Searchingway",21,False,170,23,0,241095,0,0,0,0,2,0,0,6,3,4,5,0,0,0,0,0
179,"Réactivation des Échos d'Émeraude<Indent/>: terminée
<UIForeground>F2023B</UIForeground><UIGlow>F2023C</UIGlow>Quartier libre<Indent/>!<UIGlow>01</UIGlow><UIForeground>01</UIForeground>","Réactivation des Échos d'Émeraude<Indent/>: chantier terminé","La réactivation des Échos d'Émeraude est terminée ! Le metaèdre est désormais fonctionnel, merci de votre coopération<Indent/>!","La réactivation des Échos d'Émeraude est terminée ! 
Bravo à tous les par<SoftHyphen/>ti<SoftHyphen/>ci<SoftHyphen/>pants !","Searchingway",22,False,170,24,0,241096,1587,166,47,6,2,0,0,6,3,4,5,0,0,0,0,0
180,"Cosmo-navette des Échos d'Émeraude<Indent/>: matériaux
<UIForeground>F2023B</UIForeground><UIGlow>F2023C</UIGlow>Participez aux missions cosmiques<Indent/>!<UIGlow>01</UIGlow><UIForeground>01</UIForeground>","Cosmo-navette des Échos d'Émeraude<Indent/>: collecte des matériaux","Nous avons besoin de matériaux pour construire la cosmo-navette des Échos d'Émeraude<Indent/>! Merci de participer aux missions cosmiques<Indent/>!","Nous prévoyons de construire une nouvelle cosmo-navette vers les 
Échos d'Émeraude ! Nous sommes en train de réunir les matériaux nécessaires !","Searchingway",22,False,170,25,0,241097,0,166,48,5,2,0,0,6,3,4,5,0,0,0,0,0
181,"Cosmo-navette des Échos d'Émeraude<Indent/>: en cours
<UIForeground>F2023B</UIForeground><UIGlow>F2023C</UIGlow>Encore un peu de patience<Indent/>!<UIGlow>01</UIGlow><UIForeground>01</UIForeground>","Cosmo-navette des Échos d'Émeraude<Indent/>: chantier en cours","La fin du chantier pour la con<SoftHyphen/>struc<SoftHyphen/>tion de la cosmo-navette des Échos d'Émeraude approche<Indent/>! Encore un peu de patience, et nous pourrons tous en profiter<Indent/>!","La fin du chantier pour la con<SoftHyphen/>struc<SoftHyphen/>tion de 
la cosmo-navette des Échos d'Émeraude est prévue pour bientôt !","Searchingway",22,False,170,25,0,241097,1452,166,49,5,2,0,0,6,3,4,5,0,0,0,0,0
182,"Cosmo-navette des Échos d'Émeraude<Indent/>: terminée
<UIForeground>F2023B</UIForeground><UIGlow>F2023C</UIGlow>Quartier libre<Indent/>!<UIGlow>01</UIGlow><UIForeground>01</UIForeground>","Cosmo-navette des Échos d'Émeraude<Indent/>: chantier terminé","La con<SoftHyphen/>struc<SoftHyphen/>tion de la cosmo-navette des Échos d'Émeraude est terminée ! L'exploration de cette région va s'accélérer, merci de votre coopération<Indent/>!","La con<SoftHyphen/>struc<SoftHyphen/>tion de la cosmo-navette des Échos d'Émeraude est terminée ! 
Un grand merci à tous les par<SoftHyphen/>ti<SoftHyphen/>ci<SoftHyphen/>pants !","Searchingway",23,False,170,25,0,241098,1588,166,50,6,2,0,0,6,3,4,5,0,0,0,0,0
183,"Renforcement de Terra Firma<Indent/>: coll. matériaux
<UIForeground>F2023B</UIForeground><UIGlow>F2023C</UIGlow>Participez aux missions cosmiques<Indent/>!<UIGlow>01</UIGlow><UIForeground>01</UIForeground>","Renforcement de Terra Firma<Indent/>: collecte des matériaux","Nous avons besoin de matériaux pour effectuer le renforcement de la station Terra Firma<Indent/>! Merci de participer aux missions cosmiques<Indent/>!","Nous projetons d'effectuer le renforcement de la station Terra Firma ! 
Aidez-nous à réunir les matériaux nécessaires<Indent/>!","Searchingway",24,True,170,26,0,241099,0,166,51,5,2,0,0,6,3,4,5,0,0,0,0,30
184,"Renforcement de Terra Firma<Indent/>: préparation
<UIForeground>F2023B</UIForeground><UIGlow>F2023C</UIGlow>Tenez-vous prêts<Indent/>!<UIGlow>01</UIGlow><UIForeground>01</UIForeground>","Renforcement de Terra Firma<Indent/>: préparation du chantier","Un projet d'ouvrage collectif visant à renforcer la station Terra Firma va bientôt commencer<Indent/>! Merci de participer<Indent/>!","Un projet d'ouvrage collectif va bientôt être lancé pour renforcer 
la station Terra Firma ! Venez nous filer un coup de main !","Searchingway",24,False,170,26,0,241099,1451,166,52,5,2,0,0,6,3,4,5,0,0,0,0,0
185,"Renforcement de Terra Firma<Indent/>: en cours
<UIForeground>F2023B</UIForeground><UIGlow>F2023C</UIGlow>Participez à l'effort collectif<Indent/>!<UIGlow>01</UIGlow><UIForeground>01</UIForeground>","Renforcement de Terra Firma<Indent/>: chantier en cours","Un projet d'ouvrage collectif visant à renforcer la station Terra Firma est en cours<Indent/>! Merci de participer<Indent/>!","Un projet d'ouvrage collectif vient d'être lancé pour renforcer 
la station Terra Firma ! Merci d'avance<Indent/>!","Searchingway",24,False,170,26,0,241099,0,0,0,0,2,0,0,6,3,4,5,0,0,0,0,0
186,"Renforcement de Terra Firma<Indent/>: terminé
<UIForeground>F2023B</UIForeground><UIGlow>F2023C</UIGlow>Quartier libre<Indent/>!<UIGlow>01</UIGlow><UIForeground>01</UIForeground>","Renforcement de Terra Firma<Indent/>: chantier terminé","Le renforcement de la station Terra Firma est terminé ! Nous allons pouvoir installer notre matériel de communication sur la toiture, merci de votre coopération<Indent/>!","Le renforcement de la station Terra Firma est terminée ! 
Bravo à tous les par<SoftHyphen/>ti<SoftHyphen/>ci<SoftHyphen/>pants !","Searchingway",25,False,170,27,0,241100,1589,166,54,6,2,0,0,6,3,4,5,0,0,34,35,31
187,"Réactivation de l'euèdre<Indent/>: coll. matériaux
<UIForeground>F2023B</UIForeground><UIGlow>F2023C</UIGlow>Participez aux missions cosmiques<Indent/>!<UIGlow>01</UIGlow><UIForeground>01</UIForeground>","Réactivation de l'euèdre<Indent/>: collecte des matériaux","Nous avons besoin de matériaux pour préparer la réactivation de l'euèdre<Indent/>! Merci de participer aux missions cosmiques<Indent/>!","Nous projetons de préparer la réactivation de l'euèdre ! 
Aidez-nous à réunir les matériaux nécessaires<Indent/>!","Searchingway",26,True,170,28,0,241101,0,166,55,5,2,0,0,6,3,4,5,0,0,34,35,0
188,"Réactivation de l'euèdre<Indent/>: préparation
<UIForeground>F2023B</UIForeground><UIGlow>F2023C</UIGlow>Tenez-vous prêts<Indent/>!<UIGlow>01</UIGlow><UIForeground>01</UIForeground>","Réactivation de l'euèdre<Indent/>: préparation du chantier","Un projet d'ouvrage collectif visant à préparer la réactivation de l'euèdre va bientôt commencer<Indent/>! Merci de participer<Indent/>!","Un projet d'ouvrage collectif va bientôt être lancé pour préparer 
la réactivation de l'euèdre ! Venez nous filer un coup de main !","Searchingway",26,False,170,28,203,241101,1451,166,56,5,2,0,0,6,3,4,5,0,0,34,35,0
189,"Réactivation de l'euèdre<Indent/>: en cours
<UIForeground>F2023B</UIForeground><UIGlow>F2023C</UIGlow>Participez à l'effort collectif<Indent/>!<UIGlow>01</UIGlow><UIForeground>01</UIForeground>","Réactivation de l'euèdre<Indent/>: chantier en cours","Un projet d'ouvrage collectif visant à préparer la réactivation de l'euèdre est en cours<Indent/>! Merci de participer<Indent/>!","Un projet d'ouvrage collectif vient d'être lancé pour préparer 
la réactivation de l'euèdre ! Merci d'avance<Indent/>!","Searchingway",26,False,170,28,203,241101,0,0,0,0,2,0,0,6,3,4,5,0,0,34,35,0
190,"Réactivation de l'euèdre<Indent/>: terminée
<UIForeground>F2023B</UIForeground><UIGlow>F2023C</UIGlow>Prenez un repos bien mérité<Indent/>!<UIGlow>01</UIGlow><UIForeground>01</UIForeground>","Réactivation de l'euèdre<Indent/>: chantier terminé","La préparation à la réactivation de l'euèdre est terminée ! Les Tours-Orthostates vont améliorer davantage nos communications, merci de votre coopération<Indent/>!","La préparation à la réactivation de l'euèdre est terminée ! 
Bravo à tous les par<SoftHyphen/>ti<SoftHyphen/>ci<SoftHyphen/>pants !","Searchingway",27,False,170,29,0,241102,1590,166,58,6,2,0,0,6,3,4,5,0,0,34,35,33
191,"Développement de la station Terra Firma terminé
<UIForeground>F2023B</UIForeground><UIGlow>F2023C</UIGlow>Vers l'infini, et au-delà<Indent/>!<UIGlow>01</UIGlow><UIForeground>01</UIForeground>","Développement de la station Terra Firma terminé","Les infrastructures de la station Terra Firma sont toutes achevées<Indent/>! Nos recherches vont désormais pouvoir avancer à pas de géant<Indent/>! Fé<SoftHyphen/>li<SoftHyphen/>ci<SoftHyphen/>ta<SoftHyphen/>tions et merci à toutes et à tous<Indent/>!","Grâce à nos efforts combinés, les différentes infrastructures prévues 
pour la station Terra Firma sont enfin terminées ! Merci, merci, et encore merci !!!","Searchingway",27,False,170,30,0,241103,0,166,59,5,2,0,0,6,3,4,5,0,0,34,35,0
192,"","","","","",0,False,0,0,0,0,0,0,0,0,0,0,0,0,0,0,0,0,0,0,0,0
193,"","","","","",0,False,0,0,0,0,0,0,0,0,0,0,0,0,0,0,0,0,0,0,0,0
194,"","","","","",0,False,0,0,0,0,0,0,0,0,0,0,0,0,0,0,0,0,0,0,0,0
195,"","","","","",0,False,0,0,0,0,0,0,0,0,0,0,0,0,0,0,0,0,0,0,0,0
196,"","","","","",0,False,0,0,0,0,0,0,0,0,0,0,0,0,0,0,0,0,0,0,0,0
197,"","","","","",0,False,0,0,0,0,0,0,0,0,0,0,0,0,0,0,0,0,0,0,0,0
198,"","","","","",0,False,0,0,0,0,0,0,0,0,0,0,0,0,0,0,0,0,0,0,0,0
199,"","","","","",0,False,0,0,0,0,0,0,0,0,0,0,0,0,0,0,0,0,0,0,0,0
